cancer_type,gene,event,note,count
COAD,APC,truncating,both,67
PAAD,KRAS,missense,both,44
COAD,TP53,missense,both,34
GBM,TERT,promoter,both,31
COAD,KRAS,missense,both,28
PAAD,TP53,missense,both,28
READ,APC,truncating,both,28
COAD,TP53,truncating,both,26
GBM,CDKN2A,homdel,both,25
ESCA,TP53,missense,both,20
SKCM,TERT,promoter,both,15
READ,TP53,missense,both,15
PAAD,TP53,truncating,both,15
COAD,PIK3CA,missense,both,14
COAD,MYC,hlamp,both,14
GBM,PTEN,missense,both,14
GBM,EGFR,hlamp,both,14
GBM,TP53,missense,both,13
READ,KRAS,missense,both,13
PAAD,CDKN2A,homdel,both,13
PAAD,CDKN2A,truncating,both,12
GBM,PTEN,truncating,both,10
COAD,TERT,promoter,both,10
COAD,DMD,missense,both,9
ESCA,TP53,truncating,both,9
COAD,SMAD4,missense,both,8
READ,FBXW7,missense,both,8
SKCM,CDKN2A,homdel,both,8
COAD,MYC,hlamp,tumor-only,8
COAD,SOX9,truncating,both,8
COAD,SPTA1,missense,both,8
COAD,ELF3,truncating,both,7
COAD,PGR,missense,both,7
COAD,FLNA,missense,both,7
SKCM,KMT2C,missense,both,7
SKCM,SPTA1,missense,both,7
COAD,ACVR2A,truncating,both,7
PAAD,SMAD4,missense,both,7
ESCA,ARID1A,truncating,both,7
COAD,SMARCA4,missense,both,7
READ,PIK3CA,missense,both,7
COAD,AMER1,truncating,both,7
READ,TP53,truncating,both,7
SKCM,COL5A1,missense,both,6
COAD,FGFR1,hlamp,both,6
PAAD,ARID1A,truncating,both,6
GBM,EGFR,hlamp,model-only,6
COAD,EPHA2,missense,both,6
ESCA,KRAS,hlamp,both,6
COAD,TCF7L2,truncating,both,6
COAD,ARID1A,truncating,both,6
COAD,MYH9,missense,both,6
ESCA,EGFR,hlamp,tumor-only,6
SKCM,NRAS,missense,both,6
BLCA,TERT,promoter,both,6
SKCM,ERBB4,missense,both,6
READ,SMAD4,missense,both,6
ESCA,SPTA1,missense,both,6
SKCM,NF1,truncating,both,6
SKCM,DMD,missense,both,5
SKCM,BRAF,hlamp,both,5
STAD,TP53,truncating,both,5
SKCM,ALB,missense,both,5
SKCM,BRAF,missense,both,5
READ,TP53,missense,model-only,5
PAAD,CDKN2A,homdel,tumor-only,5
PAAD,GATA6,hlamp,both,5
PAAD,CDKN2A,homdel,model-only,5
LUAD,KRAS,missense,both,5
GBM,TP53,truncating,both,5
LUAD,TP53,missense,both,5
GBM,RB1,truncating,both,5
GBM,NF1,truncating,both,5
COAD,KMT2A,missense,both,5
UCEC,PIK3CA,missense,both,5
COAD,NOTCH1,missense,both,5
TVA,APC,truncating,both,5
SKCM,TP53,missense,both,5
SKCM,TP53,truncating,both,5
PAAD,MYC,hlamp,tumor-only,5
PAAD,MYC,hlamp,both,5
COAD,ZFP36L2,truncating,both,5
SKCM,PTPRD,missense,both,5
SKCM,KMT2D,missense,both,5
ESCA,TLR4,missense,both,5
READ,BRAF,missense,both,5
SKCM,TLR4,missense,both,5
ESCA,CDK6,hlamp,both,5
COAD,ATM,missense,both,5
COAD,FBXW7,missense,both,5
READ,TCF7L2,truncating,both,5
COAD,CREBBP,missense,both,5
COAD,CHD3,missense,both,5
COAD,RNF43,truncating,both,5
SKCM,IL7R,missense,both,5
COAD,GNAS,missense,both,5
COAD,KMT2B,truncating,both,5
STAD,KMT2D,missense,both,4
ESCA,APC,truncating,both,4
ESCA,CCND1,hlamp,both,4
ESCA,EGFR,hlamp,both,4
ESCA,CDKN2A,missense,both,4
SKCM,ARID5B,missense,both,4
SKCM,CHD8,missense,both,4
SKCM,CACNA1A,missense,both,4
SKCM,EPHA3,missense,both,4
COAD,GNAS,missense,model-only,4
COAD,ZBTB7B,missense,both,4
COAD,TAF1,missense,both,4
COAD,ALK,missense,both,4
COAD,AMER1,missense,both,4
COAD,CACNA1A,missense,both,4
COAD,BRAF,missense,both,4
COAD,RNF111,truncating,both,4
COAD,ATRX,missense,both,4
COAD,SOX17,missense,model-only,4
COAD,SMARCB1,missense,both,4
ESCA,EPHA3,missense,both,4
UCEC,ARID1A,truncating,both,4
UCEC,TAF1,missense,both,4
UCEC,PTEN,truncating,both,4
PAAD,SMAD4,truncating,model-only,4
PAAD,SMAD4,truncating,both,4
LUAD,TERT,promoter,both,4
PAAD,CDKN2A,missense,both,4
PAAD,GATA6,hlamp,tumor-only,4
SKCM,NOTCH1,missense,both,4
SKCM,PLCB4,missense,both,4
STAD,CDH1,missense,both,4
SKCM,MACF1,missense,both,4
SKCM,RET,missense,both,4
OV,TP53,truncating,both,4
GBM,MDM4,hlamp,both,4
GBM,PDGFRA,hlamp,tumor-only,4
ESCA,SOX2,hlamp,tumor-only,4
GBM,EGFR,missense,both,4
GBM,EGFR,hlamp,tumor-only,4
ESCA,TERT,hlamp,tumor-only,4
STAD,ARID1A,truncating,both,4
READ,ZFP36L2,truncating,both,4
COAD,EPAS1,missense,model-only,4
COAD,EPHA2,truncating,both,4
COAD,KMT2D,truncating,both,4
COAD,RPL22,truncating,both,4
COAD,KDM5C,missense,both,4
COAD,MYC,hlamp,model-only,4
COAD,JAK2,missense,both,4
COAD,MACF1,missense,both,4
COAD,KIF1A,missense,both,4
COAD,CHD4,truncating,both,4
COAD,CHD8,missense,both,4
COAD,KMT2D,truncating,model-only,4
SKCM,MECOM,missense,both,4
SKCM,LATS2,missense,both,3
PAAD,GNAS,missense,both,3
SKCM,MET,missense,both,3
LUAD,SPTA1,missense,both,3
SKCM,MED12,missense,both,3
COAD,EP300,missense,both,3
UCEC,TERT,promoter,both,3
ESCA,PIK3CA,missense,both,3
SKCM,MYH9,missense,both,3
COAD,FGFR1,hlamp,tumor-only,3
GBM,CDK4,hlamp,both,3
GBM,CDKN2A,homdel,tumor-only,3
GBM,MACF1,missense,both,3
CHOL,CDKN2A,homdel,both,3
PAAD,CDKN2A,deletion,both,3
BRCA,PIK3CA,missense,both,3
ESCA,RARA,missense,both,3
GBM,PDGFRA,hlamp,both,3
GBM,SOX2,hlamp,tumor-only,3
ESCA,MDM2,hlamp,both,3
GBM,SPTA1,missense,both,3
GBM,PTPN11,missense,both,3
ESCA,MUC6,deletion,both,3
SKCM,PDGFRA,missense,both,3
COAD,HUWE1,missense,both,3
COAD,PMS1,missense,both,3
COAD,PLXNB2,missense,both,3
UCEC,AXIN2,missense,tumor-only,3
UCEC,CTNNB1,missense,both,3
STAD,TP53,missense,both,3
UCEC,FGFR3,missense,model-only,3
COAD,HLA-A,truncating,both,3
COAD,MACF1,truncating,both,3
COAD,ERBB3,missense,both,3
COAD,KRAS,hlamp,both,3
UCEC,PGR,missense,model-only,3
BRCA,MCL1,hlamp,both,3
UCEC,KIF1A,missense,both,3
COAD,MSH3,truncating,both,3
LUAD,PIK3CG,missense,both,3
GBM,DMD,truncating,model-only,3
LUAD,CDKN2A,homdel,both,3
LUAD,KEAP1,missense,both,3
PAAD,SPTA1,missense,both,3
COAD,ERBB2,missense,both,3
PAAD,KRAS,missense,model-only,3
PAAD,TGFBR2,missense,both,3
PAAD,MYC,hlamp,model-only,3
PAAD,PLXNB2,missense,both,3
PAAD,KMT2D,missense,model-only,3
PAAD,KMT2D,truncating,both,3
PAAD,KRAS,hlamp,both,3
PAAD,SMAD4,homdel,model-only,3
SKCM,ZFHX3,missense,both,3
BLCA,FGFR3,missense,both,3
SKCM,SF3B1,missense,both,3
PAAD,TERT,promoter,both,3
SKCM,EPHA2,missense,both,3
SKCM,APC,missense,both,3
COAD,RXRA,missense,both,3
SKCM,CHD4,missense,both,3
SKCM,ALK,missense,both,3
COAD,ARID1A,truncating,model-only,3
COAD,CREBBP,missense,model-only,3
COAD,TCF7L2,truncating,model-only,3
COAD,ZFHX3,missense,both,3
COAD,ARID2,missense,both,3
COAD,TSC1,missense,both,3
COAD,PTCH1,truncating,both,3
COAD,ZBTB20,truncating,both,3
COAD,TRAF3,missense,both,3
COAD,PTPRC,truncating,both,3
COAD,DMD,truncating,both,3
COAD,CHD4,missense,both,3
COAD,CARD11,missense,both,3
COAD,CTNNB1,missense,both,3
COAD,COL5A1,missense,both,3
COAD,SETD2,truncating,both,3
COAD,BCOR,missense,both,3
COAD,SF3B1,missense,both,3
COAD,COL5A1,truncating,both,3
SKCM,INPPL1,missense,both,3
SKCM,KMT2B,missense,both,3
BRCA,CDH1,truncating,both,3
SKCM,GRIN2D,missense,both,3
SKCM,CREB3L3,missense,both,3
SKCM,CSDE1,missense,both,3
SKCM,CREBBP,missense,both,3
COAD,TERT,promoter,model-only,3
GBM,CREBBP,missense,model-only,3
READ,KMT2C,missense,model-only,3
READ,KIF1A,missense,both,3
READ,KMT2A,missense,model-only,3
SKCM,EPAS1,missense,both,3
READ,MYC,hlamp,both,3
READ,FGFR1,hlamp,tumor-only,3
READ,ERBB2,missense,both,3
READ,MYC,hlamp,tumor-only,3
READ,TERT,promoter,both,3
SKCM,BAP1,missense,both,3
READ,SPTA1,missense,both,3
COAD,DAZAP1,truncating,both,3
COAD,PIK3CG,missense,both,3
COAD,DIAPH2,missense,both,3
SKCM,CIC,missense,both,3
SKCM,ASXL2,missense,both,3
COAD,PTEN,truncating,both,3
SKCM,ARID2,truncating,both,3
COAD,PPP2R1A,missense,both,3
SKCM,ATM,missense,both,3
SKCM,BRAF,hlamp,model-only,3
SKCM,BRAF,hlamp,tumor-only,3
CHOL,TP53,missense,both,3
COAD,NOTCH2,missense,both,3
ESCA,CHD4,missense,both,3
CHOL,KRAS,missense,both,3
ESCA,ERBB4,missense,both,3
ESCA,CACNA1A,missense,both,3
COAD,NIPBL,missense,both,3
ESCA,CDKN2A,deletion,both,3
COAD,MECOM,truncating,both,3
SKCM,ASXL1,missense,both,3
COAD,ERBB4,truncating,both,2
AMPV,CTNNB1,missense,both,2
UCEC,ZFHX3,truncating,both,2
UCEC,KMT2A,missense,both,2
UCEC,KMT2B,truncating,both,2
COAD,MAP2K1,missense,both,2
COAD,KEL,missense,both,2
COAD,GATA3,missense,both,2
UCEC,MAP2K1,missense,both,2
UCEC,MSH2,truncating,both,2
UCEC,MAP3K4,truncating,model-only,2
UCEC,MCL1,hlamp,model-only,2
UCEC,JAK3,missense,tumor-only,2
UCEC,IRF6,missense,both,2
UCEC,KMT2C,truncating,both,2
UCEC,PPP2R1A,missense,both,2
UCEC,MUC6,missense,both,2
UCEC,NSD1,missense,both,2
UCEC,MACF1,missense,both,2
COAD,INPPL1,missense,both,2
UCEC,TP53,missense,both,2
SKCM,MAP3K4,missense,both,2
COAD,IDH2,missense,both,2
COAD,IGF2,hlamp,tumor-only,2
COAD,IRF6,missense,both,2
COAD,IRF6,missense,tumor-only,2
COAD,KDM5C,truncating,model-only,2
UCEC,SOX17,missense,tumor-only,2
SKCM,KMT2C,missense,tumor-only,2
SKCM,MSH2,missense,both,2
BLCA,KMT2D,truncating,both,2
BLCA,KMT2D,truncating,model-only,2
COAD,KDM6A,missense,both,2
COAD,IL7R,missense,both,2
COAD,IL7R,truncating,both,2
COAD,PIM1,missense,model-only,2
COAD,PTPRD,missense,both,2
COAD,PIK3CB,missense,both,2
COAD,PIK3CB,missense,model-only,2
COAD,PBRM1,missense,both,2
COAD,PDGFRA,missense,both,2
UCEC,SETBP1,missense,tumor-only,2
UCEC,POLQ,missense,model-only,2
COAD,PLCG1,missense,both,2
COAD,NCOR1,truncating,both,2
COAD,NF1,missense,both,2
COAD,NUP93,missense,both,2
COAD,PAX5,missense,model-only,2
COAD,DHX9,missense,both,2
COAD,DMD,missense,model-only,2
COAD,DMD,missense,tumor-only,2
LUAD,CDKN2A,homdel,model-only,2
LUAD,KEAP1,truncating,both,2
LUAD,KIF1A,missense,both,2
LUAD,KMT2D,missense,tumor-only,2
LUAD,NIPBL,missense,both,2
BRCA,TP53,missense,both,2
BRCA,POLQ,truncating,both,2
PAAD,ACVR2A,truncating,both,2
READ,ATM,missense,both,2
PAAD,STK11,truncating,both,2
LUAD,GNAS,missense,both,2
LUAD,ERBB2,missense,both,2
LUAD,ALK,missense,both,2
LUAD,AMER1,missense,both,2
LUAD,APC,missense,both,2
LUAD,ATRX,missense,both,2
PAAD,TGFBR2,truncating,both,2
PAAD,TP53,missense,model-only,2
PAAD,TP53,truncating,model-only,2
PAAD,PDGFRA,missense,both,2
PAAD,RNF43,truncating,both,2
BRCA,KDM6A,truncating,both,2
READ,ARHGAP35,missense,model-only,2
READ,BTG2,missense,model-only,2
PAAD,KDM6A,missense,both,2
PAAD,PLXNB2,missense,tumor-only,2
PAAD,SF1,missense,both,2
PAAD,SMAD4,homdel,both,2
PAAD,RNF43,truncating,model-only,2
PAAD,MTOR,missense,both,2
PAAD,MYH9,missense,model-only,2
PAAD,PBRM1,truncating,both,2
SKCM,PLCG1,missense,both,2
SKCM,RXRA,missense,both,2
READ,CHD4,missense,both,2
READ,GNAS,missense,both,2
READ,COL5A1,missense,both,2
READ,DMD,missense,both,2
READ,DMD,missense,tumor-only,2
OV,TP53,missense,both,2
SKCM,RUNX1,missense,both,2
SKCM,MTOR,missense,both,2
SKCM,MUC6,missense,both,2
SKCM,SMARCA4,missense,tumor-only,2
SKCM,STAG2,missense,both,2
SKCM,POLRMT,missense,both,2
SKCM,TERT,hlamp,model-only,2
SKCM,PTPRC,missense,both,2
SKCM,NCOR1,missense,both,2
SKCM,NF1,missense,both,2
SKCM,NOTCH2,missense,both,2
READ,EPAS1,missense,both,2
SKCM,SETBP1,missense,both,2
SKCM,PTPRD,missense,tumor-only,2
SKCM,MYD88,missense,tumor-only,2
SKCM,RIT1,missense,both,2
OV,KRAS,missense,both,2
LUAD,TP53,truncating,both,2
LUAD,KMT2A,missense,both,2
LUAD,MACF1,missense,both,2
PAAD,ATM,missense,both,2
PAAD,GATA6,hlamp,model-only,2
SARC,CDKN2A,truncating,both,2
READ,SETBP1,missense,both,2
GBM,ZBTB20,missense,both,2
ESCA,KMT2C,truncating,both,2
ESCA,POLQ,missense,both,2
ESCA,KMT2A,missense,both,2
ESCA,MUC6,truncating,both,2
ESCA,MGA,missense,both,2
ESCA,GNAS,missense,both,2
ESCA,ZFP36L2,missense,both,2
GBM,PIK3CG,missense,both,2
GBM,MUC6,missense,both,2
GBM,MUC6,missense,model-only,2
LUAD,CDKN2A,homdel,tumor-only,2
LUAD,AR,missense,both,2
GBM,ZC3H12A,missense,model-only,2
GBM,SPTAN1,missense,model-only,2
GBM,TP53,missense,model-only,2
GBM,NIPBL,missense,both,2
GBM,NOTCH2,missense,model-only,2
GBM,KMT2A,missense,model-only,2
GBM,KMT2D,missense,both,2
GBM,PIK3CG,missense,tumor-only,2
GBM,PIK3R1,missense,both,2
GBM,SMC1A,missense,model-only,2
GBM,PIK3CA,missense,both,2
GBM,KEL,missense,both,2
GBM,KIT,missense,model-only,2
GBM,MEN1,missense,model-only,2
GBM,LZTR1,missense,tumor-only,2
GBM,FAT1,missense,both,2
GBM,FUBP1,missense,model-only,2
GBM,NF1,missense,both,2
GBM,PGR,missense,both,2
READ,SETD2,missense,model-only,2
READ,SMAD4,truncating,both,2
BRCA,FLNA,missense,both,2
SARC,TP53,truncating,both,2
SARC,CIC,missense,both,2
SARC,MUC6,missense,model-only,2
GBM,CDKN2A,homdel,model-only,2
GBM,BRCA2,missense,model-only,2
READ,RB1,missense,model-only,2
READ,MTOR,missense,both,2
READ,MYC,hlamp,model-only,2
READ,NRAS,missense,both,2
READ,SMAD2,missense,both,2
READ,SMAD2,truncating,both,2
READ,SMAD4,homdel,both,2
READ,RET,missense,model-only,2
GBM,JAK3,missense,model-only,2
SKCM,CARD11,missense,both,2
SKCM,EP300,missense,both,2
READ,KANSL1,missense,model-only,2
READ,FAT1,missense,model-only,2
READ,FBXW7,truncating,both,2
READ,PIK3CG,missense,both,2
READ,SOX9,truncating,both,2
ESCA,SMARCA4,missense,both,2
ESCA,RPL5,missense,both,2
ESCA,SMAD4,missense,both,2
ESCA,KMT2B,truncating,both,2
GBM,CHD3,missense,model-only,2
BRCA,ZNF703,hlamp,model-only,2
GBM,CIC,missense,both,2
ESCA,TERT,hlamp,both,2
STAD,PDS5B,truncating,both,2
STAD,SOX9,truncating,both,2
AMPV,TP53,missense,both,2
BLCA,BAP1,missense,both,2
STAD,IL7R,missense,both,2
STAD,GNAS,missense,both,2
ESCA,APC,missense,both,2
ESCA,ARID2,truncating,both,2
STAD,KRAS,hlamp,model-only,2
STAD,KMT2C,missense,both,2
STAD,CHD8,missense,both,2
STAD,CACNA1A,missense,both,2
STAD,CCND1,hlamp,both,2
STAD,CD44,hlamp,tumor-only,2
STAD,KRAS,missense,both,2
STAD,MYC,hlamp,both,2
STAD,CDKN2A,homdel,model-only,2
STAD,ERBB2,hlamp,both,2
SKCM,TNFAIP3,missense,both,2
SKCM,TP53,missense,tumor-only,2
STAD,EGFR,hlamp,both,2
SKCM,THRAP3,missense,both,2
SKCM,ZMYM2,missense,tumor-only,2
STAD,KRAS,hlamp,both,2
GBM,CHD8,missense,model-only,2
SKCM,ZMYM2,truncating,both,2
SKCM,ZMYM3,missense,both,2
SKCM,ZBTB20,missense,both,2
ESCA,GNAS,truncating,both,2
ESCA,FOXQ1,missense,both,2
ESCA,GABRA6,missense,both,2
COAD,APC,missense,model-only,2
SKCM,ABL1,missense,both,2
SKCM,ATR,missense,both,2
SKCM,APC,missense,tumor-only,2
SKCM,BRCA2,missense,both,2
SKCM,CDKN2A,homdel,tumor-only,2
SKCM,CDKN2A,truncating,both,2
SKCM,CDKN1B,missense,tumor-only,2
SKCM,GABRA6,truncating,both,2
ESCA,CCND1,hlamp,model-only,2
SKCM,KDM5C,truncating,both,2
SKCM,KEL,missense,both,2
SKCM,KEL,truncating,both,2
SKCM,ARID1A,missense,both,2
SKCM,BCOR,missense,both,2
BRCA,ARID1A,missense,tumor-only,2
BRCA,AXIN2,missense,tumor-only,2
ESCA,CDKN2A,homdel,model-only,2
ESCA,ALK,missense,tumor-only,2
ESCA,AMER1,missense,tumor-only,2
ESCA,CDK6,hlamp,model-only,2
ESCA,CDK6,hlamp,tumor-only,2
ESCA,CDKN2A,truncating,both,2
ESCA,DMD,missense,model-only,2
ESCA,DNMT3A,missense,both,2
ESCA,ASXL2,missense,both,2
COAD,AXIN2,missense,both,2
COAD,B2M,truncating,both,2
COAD,ACVR1B,missense,both,2
ESCA,CDK12,missense,both,2
ESCA,CDK4,hlamp,both,2
ESCA,COL5A1,missense,both,2
ESCA,COL5A1,missense,model-only,2
COAD,BRCA2,missense,both,2
COAD,CACNA1A,truncating,both,2
COAD,CDKN1A,truncating,both,2
COAD,CASP8,truncating,both,2
COAD,RNF111,missense,both,2
COAD,RB1,missense,tumor-only,2
COAD,SOX17,missense,tumor-only,2
COAD,BRAF,missense,model-only,2
COAD,ZFHX3,truncating,both,2
COAD,SPTA1,missense,model-only,2
COAD,ALK,truncating,both,2
COAD,ARHGAP35,missense,both,2
COAD,ALB,missense,both,2
COAD,ZMYM3,missense,both,2
COAD,ZMYM2,truncating,both,2
COAD,ZNF750,missense,model-only,2
COAD,ATRX,truncating,both,2
COAD,ASXL1,truncating,both,2
COAD,ZC3H12A,missense,both,2
COAD,TBL1XR1,truncating,both,2
COAD,TBX3,missense,both,2
COAD,TGFBR2,truncating,both,2
COAD,TP53,missense,model-only,2
COAD,ZFHX3,missense,tumor-only,2
SKCM,DAZAP1,missense,both,2
SKCM,EGFR,missense,both,2
ESCA,CCND1,hlamp,tumor-only,2
ESCA,EPHA2,truncating,both,2
COAD,TCF12,truncating,both,2
COAD,TCF7L2,missense,both,2
COAD,ARID2,truncating,both,2
COAD,CDK12,truncating,both,2
SKCM,IRF2,missense,tumor-only,2
SKCM,KMT2A,truncating,both,2
SKCM,KMT2B,missense,tumor-only,2
SKCM,JAK3,missense,both,2
SKCM,ESR1,missense,both,2
SKCM,KIT,missense,both,2
BLCA,PIK3CA,missense,both,2
SKCM,MGA,missense,both,2
SKCM,FGFR2,missense,both,2
SKCM,FGFR3,missense,both,2
SKCM,FLT3,truncating,both,2
SKCM,FOXA1,missense,both,2
SKCM,GABRA6,missense,both,2
SKCM,FGFR1,missense,both,2
SKCM,GNAS,missense,both,2
SKCM,GNAS,missense,tumor-only,2
COAD,BAP1,missense,both,2
COAD,BCL2L11,missense,both,2
COAD,ATM,truncating,both,2
COAD,HLA-B,truncating,both,2
COAD,GNAS,truncating,both,2
BLCA,SMARCA4,missense,both,2
BLCA,TP53,missense,both,2
BLCA,TP53,truncating,both,2
COAD,CSDE1,truncating,both,2
COAD,CASP8,missense,both,2
COAD,BCOR,truncating,both,2
COAD,TET2,truncating,both,2
COAD,SMAD4,homdel,both,2
COAD,SF1,missense,both,2
COAD,SF1,truncating,both,2
COAD,SMAD2,truncating,both,2
COAD,PTCH1,missense,both,2
COAD,NIPBL,truncating,both,2
COAD,NIPBL,truncating,model-only,2
COAD,MAP3K1,missense,both,2
COAD,MAX,missense,both,2
COAD,NUP133,missense,both,2
COAD,MED12,missense,both,2
COAD,MAP2K4,truncating,both,2
COAD,PTPDC1,missense,both,2
COAD,PPM1D,truncating,both,2
COAD,RARA,missense,model-only,2
COAD,RHOA,missense,both,2
COAD,SETBP1,missense,both,2
COAD,POLQ,missense,model-only,2
COAD,SCAF4,missense,both,2
COAD,SCAF4,missense,model-only,2
COAD,PDS5B,truncating,model-only,2
COAD,PGR,missense,model-only,2
COAD,CIC,truncating,both,2
COAD,CNBD1,missense,both,2
COAD,CHD3,missense,model-only,2
COAD,CHD8,truncating,both,2
COAD,PMS2,missense,both,2
COAD,POLE,truncating,both,2
SKCM,MGA,missense,tumor-only,2
SKCM,HRAS,missense,both,2
SKCM,HUWE1,missense,tumor-only,2
COAD,SIN3A,missense,both,2
COAD,TERT,truncating,both,2
COAD,TET2,missense,tumor-only,2
COAD,CTCF,truncating,both,2
COAD,COL5A1,missense,model-only,2
UCEC,CHD4,missense,both,2
UCEC,FOXA1,missense,both,2
UCEC,FLNA,missense,both,2
UCEC,FLNA,missense,tumor-only,2
UCEC,HUWE1,missense,both,2
COAD,MTOR,missense,both,2
COAD,ERBB4,missense,both,2
UCEC,KMT2D,truncating,both,2
UCEC,ARID5B,truncating,both,2
UCEC,GRIN2D,missense,tumor-only,2
UCEC,ELF3,missense,model-only,2
UCEC,EPHA2,truncating,both,2
UCEC,EGFR,missense,tumor-only,2
UCEC,EPAS1,missense,model-only,2
UCEC,CHD8,truncating,model-only,2
UCEC,CTCF,missense,both,2
STAD,ZFHX3,missense,model-only,2
STAD,TAF1,missense,both,2
UCEC,SMC1A,missense,both,2
UCEC,DAZAP1,truncating,model-only,2
UCEC,CARD11,missense,both,2
UCEC,CCNE1,hlamp,both,2
UCEC,ACVR1,missense,model-only,2
UCEC,ARID5B,missense,both,2
COAD,FGFR1,missense,both,2
COAD,GRIN2D,missense,both,2
COAD,HGF,missense,both,2
COAD,FUBP1,missense,both,2
COAD,PIK3R1,missense,both,2
UCEC,AMER1,missense,both,2
TVA,PLCG1,missense,model-only,2
TVA,HGF,missense,tumor-only,2
COAD,EZH2,truncating,both,2
COAD,FAT1,missense,both,2
COAD,EPHA3,truncating,both,2
COAD,ERBB2,hlamp,model-only,2
COAD,MGA,truncating,both,2
COAD,EPHA3,missense,both,2
UCEC,PIK3R1,truncating,both,2
PAAD,KMT2C,missense,model-only,2
COAD,FBXW7,truncating,both,2
COAD,KMT2B,missense,both,2
COAD,MSH6,missense,both,2
COAD,KMT2C,truncating,model-only,2
COAD,KMT2D,missense,both,2
COAD,KIT,missense,both,2
COAD,EP300,missense,model-only,2
COAD,EZH2,missense,both,2
UCEC,DNMT3A,missense,both,2
COAD,LATS1,truncating,both,2
COAD,MACF1,missense,model-only,2
UCEC,USP9X,missense,both,2
AMPV,ARID1A,truncating,both,2
AMPV,ARID2,truncating,both,2
AMPV,DMD,missense,both,2
AMPV,CDKN2A,homdel,both,2
UCEC,KMT2D,truncating,model-only,2
AMPV,KRAS,missense,both,2
UCEC,RIT1,hlamp,model-only,2
UCEC,SETD2,missense,both,2
UCEC,RPL22,truncating,model-only,2
UCEC,PLXNB2,missense,both,2
AMPV,TBL1XR1,missense,both,2
UCEC,DMD,missense,both,2
AMPV,CDK5,hlamp,tumor-only,1
AMPV,CHD3,truncating,both,1
AMPV,CHEK2,missense,both,1
AMPV,CTNND1,missense,both,1
AMPV,CTNND1,truncating,both,1
AMPV,DACH1,deletion,model-only,1
AMPV,DAZAP1,truncating,both,1
UCEC,TRAF3,missense,tumor-only,1
AMPV,MAP3K4,missense,both,1
WT,BCOR,truncating,model-only,1
UCEC,ZMYM3,truncating,model-only,1
AMPV,GABRA6,truncating,both,1
WT,ZNF703,hlamp,both,1
AMPV,ACVR1B,missense,both,1
AMPV,ACVR2A,truncating,both,1
AMPV,APC,missense,both,1
AMPV,APC,truncating,both,1
AMPV,AR,missense,both,1
AMPV,ASXL2,truncating,both,1
AMPV,ATR,truncating,tumor-only,1
AMPV,AXIN1,truncating,both,1
AMPV,AXIN2,missense,model-only,1
UCEC,SPOP,missense,tumor-only,1
UCEC,SIN3A,missense,both,1
UCEC,SIN3A,missense,tumor-only,1
UCEC,SIN3A,truncating,tumor-only,1
UCEC,SMAD4,missense,tumor-only,1
UCEC,SMARCA1,truncating,tumor-only,1
UCEC,SMARCA4,missense,tumor-only,1
UCEC,SMARCA4,truncating,both,1
UCEC,TAF1,deletion,both,1
UCEC,TAF1,missense,tumor-only,1
UCEC,TBL1XR1,missense,both,1
UCEC,SMC3,missense,tumor-only,1
UCEC,SOS1,missense,tumor-only,1
UCEC,SOX9,missense,tumor-only,1
UCEC,SOX9,truncating,both,1
UCEC,SPOP,missense,both,1
AMPV,SMARCA4,missense,model-only,1
UCEC,TERC,hlamp,model-only,1
UCEC,TET2,missense,both,1
UCEC,TET2,missense,tumor-only,1
UCEC,SPTA1,missense,both,1
UCEC,SPTA1,missense,model-only,1
UCEC,SPTAN1,missense,both,1
UCEC,STAG2,missense,both,1
AMPV,EP300,truncating,both,1
AMPV,EPHA3,truncating,both,1
AMPV,ESR1,insertion,both,1
AMPV,FLNA,missense,both,1
AMPV,BRCA2,truncating,model-only,1
AMPV,RPL22,truncating,both,1
AMPV,SETD2,missense,model-only,1
AMPV,SMARCA4,missense,both,1
COAD,GNAS,missense,tumor-only,1
COAD,GPS2,truncating,both,1
COAD,GRIN2D,truncating,model-only,1
COAD,FOXA2,missense,both,1
COAD,FUBP1,deletion,model-only,1
COAD,FUBP1,missense,tumor-only,1
COAD,GATA3,truncating,model-only,1
COAD,GNA11,missense,both,1
COAD,IGF2,hlamp,both,1
COAD,IGF2,hlamp,model-only,1
COAD,LATS2,insertion,both,1
COAD,LEMD2,missense,both,1
COAD,LEMD2,truncating,both,1
COAD,HLA-B,missense,both,1
COAD,HLA-B,truncating,model-only,1
COAD,HRAS,missense,both,1
COAD,KANSL1,missense,both,1
COAD,KDM6A,truncating,both,1
COAD,INPPL1,missense,model-only,1
COAD,IRF2,truncating,both,1
COAD,JAK1,missense,model-only,1
COAD,HUWE1,deletion,both,1
COAD,HUWE1,truncating,both,1
COAD,IDH1,missense,model-only,1
WT,PPP2R2A,hlamp,both,1
WT,RIT1,hlamp,model-only,1
WT,SF3B1,missense,both,1
COAD,KEL,truncating,tumor-only,1
COAD,KIF1A,missense,model-only,1
COAD,KIF1A,truncating,both,1
COAD,JAK2,truncating,both,1
COAD,JAK3,missense,both,1
COAD,MSH6,truncating,both,1
COAD,FBXW7,missense,tumor-only,1
COAD,FGFR1,hlamp,model-only,1
COAD,ERCC2,missense,both,1
COAD,ERCC2,missense,model-only,1
COAD,ESR1,missense,both,1
COAD,ESR1,missense,model-only,1
COAD,EZH2,missense,model-only,1
COAD,KMT2C,truncating,both,1
COAD,KMT2D,missense,tumor-only,1
COAD,KLF5,missense,both,1
COAD,KLF5,truncating,both,1
COAD,KLF5,truncating,tumor-only,1
COAD,KMT2A,missense,tumor-only,1
COAD,KMT2B,deletion,both,1
COAD,MSH3,missense,both,1
COAD,KEL,missense,model-only,1
COAD,MACF1,missense,tumor-only,1
COAD,KRAS,missense,tumor-only,1
COAD,KRT222,missense,both,1
COAD,KRT222,truncating,both,1
COAD,LATS1,missense,both,1
COAD,KMT2C,deletion,model-only,1
COAD,KMT2C,missense,both,1
COAD,GNA13,missense,both,1
COAD,FGFR1,truncating,both,1
COAD,FGFR2,missense,both,1
COAD,FGFR3,missense,both,1
COAD,FGFR3,missense,model-only,1
COAD,FOXA1,missense,both,1
COAD,KDM6A,truncating,model-only,1
COAD,KEAP1,truncating,both,1
COAD,MAP2K4,missense,tumor-only,1
COAD,MAP3K4,missense,both,1
COAD,MAP3K4,truncating,both,1
COAD,NOTCH2,truncating,tumor-only,1
COAD,NSD1,missense,both,1
COAD,NSD1,missense,model-only,1
COAD,NUP93,missense,model-only,1
COAD,PAX5,missense,both,1
COAD,MECOM,missense,both,1
COAD,MECOM,missense,model-only,1
COAD,MECOM,truncating,model-only,1
COAD,MED12,missense,model-only,1
COAD,MED12,missense,tumor-only,1
COAD,MEN1,missense,both,1
COAD,MAP2K1,missense,model-only,1
COAD,MAP2K4,missense,both,1
COAD,MUC6,missense,model-only,1
COAD,MEN1,missense,model-only,1
COAD,MET,missense,both,1
COAD,MGA,missense,both,1
COAD,MGA,truncating,model-only,1
COAD,MGMT,missense,both,1
COAD,MSH2,missense,tumor-only,1
COAD,MSH2,truncating,both,1
COAD,ERBB2,hlamp,both,1
COAD,ERBB2,missense,model-only,1
COAD,EP300,truncating,both,1
COAD,EPAS1,missense,both,1
COAD,HGF,missense,model-only,1
COAD,HLA-A,missense,both,1
COAD,HLA-A,missense,model-only,1
COAD,MUC6,missense,both,1
COAD,DACH1,insertion,model-only,1
COAD,DACH1,missense,both,1
COAD,DAZAP1,truncating,model-only,1
COAD,DDX3X,truncating,both,1
COAD,CTNNB1,truncating,both,1
COAD,CTNNB1,truncating,model-only,1
COAD,CTNND1,truncating,both,1
COAD,CTNND1,truncating,model-only,1
COAD,EGFR,truncating,model-only,1
COAD,EGR3,missense,both,1
COAD,ELF3,truncating,model-only,1
COAD,DIAPH2,truncating,both,1
COAD,DICER1,missense,both,1
COAD,DICER1,missense,model-only,1
COAD,DNMT3A,missense,both,1
COAD,CYSLTR2,missense,both,1
COAD,NFE2L2,truncating,both,1
COAD,MYC,missense,both,1
COAD,MYC,missense,tumor-only,1
COAD,MYCN,truncating,model-only,1
COAD,MYH9,missense,tumor-only,1
COAD,MYH9,truncating,both,1
COAD,PIK3R2,truncating,both,1
COAD,PLCB4,truncating,both,1
COAD,NOTCH1,missense,model-only,1
COAD,NOTCH1,truncating,both,1
COAD,NOTCH2,missense,model-only,1
COAD,NOTCH2,truncating,both,1
COAD,NCOR1,missense,model-only,1
COAD,NF1,missense,model-only,1
COAD,NF1,truncating,both,1
COAD,NFE2L2,missense,both,1
COAD,PTPRC,missense,model-only,1
COAD,CTCF,truncating,model-only,1
COAD,CTNNB1,missense,model-only,1
COAD,CNBD1,truncating,both,1
COAD,COL5A1,truncating,tumor-only,1
COAD,CREBBP,deletion,both,1
COAD,CHD8,truncating,model-only,1
COAD,CHEK2,missense,both,1
COAD,PIK3CA,deletion,both,1
COAD,PIK3CA,missense,model-only,1
COAD,PIK3CA,truncating,both,1
COAD,PIK3CA,truncating,model-only,1
COAD,PDS5B,missense,both,1
COAD,PDS5B,missense,tumor-only,1
COAD,PDS5B,truncating,both,1
COAD,PTPRC,missense,both,1
COAD,PLCG1,truncating,both,1
COAD,PIK3CB,truncating,both,1
COAD,PIK3CB,truncating,model-only,1
COAD,PIK3CG,missense,tumor-only,1
COAD,PIK3CG,truncating,both,1
COAD,PIK3CG,truncating,model-only,1
COAD,PIK3R1,truncating,both,1
COAD,PHF6,missense,model-only,1
COAD,CUL1,missense,both,1
COAD,CUL1,missense,model-only,1
COAD,CUL1,truncating,both,1
COAD,CYLD,truncating,both,1
COAD,FAT1,missense,model-only,1
COAD,FAT1,truncating,both,1
COAD,FAT1,truncating,tumor-only,1
COAD,PLCG1,missense,tumor-only,1
COAD,POLE,missense,both,1
COAD,POLE,truncating,model-only,1
COAD,POLQ,missense,both,1
COAD,POLRMT,missense,model-only,1
COAD,RXRA,truncating,both,1
COAD,SCAF4,truncating,both,1
COAD,SETBP1,missense,model-only,1
COAD,SETBP1,truncating,both,1
COAD,PTPN11,missense,both,1
COAD,PTPN11,missense,model-only,1
COAD,PTPN11,truncating,both,1
COAD,PPM1D,missense,both,1
COAD,PPP6C,missense,both,1
COAD,PSIP1,missense,both,1
COAD,PSIP1,truncating,both,1
COAD,PMS2,truncating,both,1
COAD,EGFR,missense,both,1
COAD,EGFR,truncating,both,1
COAD,RAD21,missense,both,1
COAD,RASA1,truncating,both,1
COAD,RASA1,truncating,tumor-only,1
COAD,PTEN,missense,both,1
COAD,PTEN,missense,tumor-only,1
COAD,PTMA,missense,both,1
COAD,CHEK2,missense,model-only,1
COAD,CIC,missense,both,1
COAD,CIC,missense,model-only,1
COAD,CDKN2A,truncating,model-only,1
COAD,CHD3,insertion,model-only,1
COAD,CHD3,truncating,both,1
COAD,EEF1A1,missense,both,1
COAD,EEF2,missense,both,1
COAD,CDKN2A,missense,both,1
COAD,CBFB,missense,both,1
COAD,CCND1,missense,both,1
COAD,CD79B,missense,both,1
COAD,CDH1,missense,both,1
COAD,CDH1,missense,model-only,1
COAD,CDH1,truncating,model-only,1
COAD,CDK12,deletion,both,1
COAD,RET,missense,tumor-only,1
COAD,RFC1,missense,model-only,1
COAD,SMC1A,truncating,both,1
COAD,SMC3,missense,both,1
COAD,SMC3,truncating,model-only,1
COAD,SOS1,missense,model-only,1
COAD,CDKN1A,missense,tumor-only,1
COAD,CDKN1B,truncating,both,1
COAD,RHOA,missense,tumor-only,1
COAD,RNF111,missense,model-only,1
COAD,RNF43,missense,both,1
COAD,RB1,missense,both,1
COAD,RB1,missense,model-only,1
COAD,RB1,truncating,tumor-only,1
COAD,RBM10,truncating,both,1
COAD,RET,missense,both,1
COAD,SETD2,missense,both,1
COAD,RNF43,missense,model-only,1
COAD,RPS6KA3,missense,both,1
COAD,RUNX1,insertion,both,1
COAD,RUNX1,missense,both,1
COAD,RUNX1,truncating,model-only,1
COAD,RHEB,missense,both,1
COAD,RHEB,missense,model-only,1
COAD,SF1,truncating,model-only,1
COAD,SF3B1,truncating,both,1
COAD,TGFBR2,deletion,both,1
COAD,BAP1,truncating,both,1
COAD,BCL2,missense,both,1
COAD,ATR,truncating,both,1
COAD,ATRX,missense,tumor-only,1
COAD,ATXN3,missense,both,1
COAD,SMARCA4,truncating,model-only,1
COAD,SMARCB1,truncating,both,1
COAD,SIN3A,truncating,both,1
COAD,SMAD2,insertion,both,1
COAD,SMAD3,homdel,tumor-only,1
COAD,SMAD4,homdel,model-only,1
COAD,SMAD4,homdel,tumor-only,1
COAD,SETD2,truncating,tumor-only,1
COAD,CSDE1,missense,both,1
COAD,CSDE1,truncating,model-only,1
COAD,SOS1,truncating,both,1
COAD,SOS1,truncating,model-only,1
COAD,SMAD4,truncating,both,1
COAD,SMARCA1,missense,both,1
COAD,SMARCA1,missense,tumor-only,1
COAD,SMARCA4,missense,model-only,1
COAD,BTG2,missense,both,1
COAD,CACNA1A,truncating,model-only,1
COAD,CASP8,missense,model-only,1
COAD,BCL2L11,missense,tumor-only,1
COAD,BCOR,missense,tumor-only,1
COAD,BRCA1,missense,both,1
COAD,BRCA1,truncating,both,1
COAD,CREBBP,missense,tumor-only,1
COAD,TBX3,truncating,both,1
COAD,SOX17,truncating,both,1
COAD,SOX9,missense,both,1
COAD,SPOP,missense,both,1
COAD,SPTAN1,truncating,both,1
COAD,STK11,missense,both,1
COAD,ZBTB7B,missense,model-only,1
COAD,ZFHX3,deletion,both,1
COAD,TGIF1,missense,both,1
COAD,TGIF1,truncating,both,1
COAD,TBX3,truncating,model-only,1
COAD,TCF7L2,missense,model-only,1
COAD,TAF1,missense,model-only,1
COAD,TAF1,missense,tumor-only,1
COAD,TAF1,truncating,both,1
COAD,TBL1XR1,missense,both,1
COAD,ARID1A,missense,tumor-only,1
COAD,ARID2,missense,tumor-only,1
COAD,ARID5B,missense,both,1
COAD,ARID5B,missense,model-only,1
COAD,CDK12,missense,both,1
COAD,CDK4,missense,both,1
COAD,CDKN1A,missense,both,1
COAD,TGFBR2,missense,model-only,1
COAD,ATXN3,truncating,both,1
COAD,ARID5B,truncating,model-only,1
COAD,ASXL1,missense,both,1
COAD,ASXL1,missense,model-only,1
COAD,ASXL1,truncating,model-only,1
COAD,ASXL2,missense,both,1
COAD,ASXL2,truncating,model-only,1
COAD,ATF7IP,missense,both,1
COTA,ZNF217,hlamp,both,1
DCIS,CHD4,missense,model-only,1
DCIS,FOXA1,missense,tumor-only,1
COTA,CDK6,hlamp,model-only,1
COTA,CHD4,truncating,both,1
COTA,EGFR,hlamp,model-only,1
COTA,EPHA3,missense,both,1
COTA,IDH1,hlamp,model-only,1
COAD,TP53,missense,tumor-only,1
COAD,TP53,truncating,model-only,1
COAD,TRAF3,missense,model-only,1
COTA,MYC,missense,both,1
COTA,RB1,hlamp,model-only,1
COTA,TERT,promoter,both,1
COTA,TP53,missense,both,1
COTA,XPO1,hlamp,model-only,1
COAD,TSC1,truncating,model-only,1
COAD,TSC2,deletion,both,1
COAD,TSC2,missense,both,1
COAD,TSC2,truncating,both,1
COAD,TSC2,truncating,model-only,1
COAD,UNCX,missense,both,1
COAD,USP9X,missense,both,1
COAD,TLR4,missense,both,1
COAD,ZFHX3,missense,model-only,1
COAD,ZFP36L2,deletion,both,1
COAD,USP9X,missense,model-only,1
COAD,USP9X,truncating,both,1
COAD,WT1,missense,both,1
COAD,WT1,missense,model-only,1
COAD,XPO1,hlamp,model-only,1
COAD,XPO1,missense,both,1
COAD,AMER1,missense,tumor-only,1
CHOL,ZC3H12A,missense,both,1
CHOL,ZFP36L2,truncating,both,1
COAD,ABL1,missense,model-only,1
COAD,ACVR1,missense,both,1
COAD,ACVR1B,truncating,tumor-only,1
COAD,AKT1,missense,both,1
CHOL,SMAD2,missense,model-only,1
ESCA,AXIN2,truncating,model-only,1
ESCA,BAP1,missense,tumor-only,1
ESCA,BCL2,missense,model-only,1
COAD,AR,missense,both,1
COAD,AR,missense,model-only,1
COAD,ARID1A,missense,both,1
COAD,ALB,missense,tumor-only,1
COAD,ALB,truncating,both,1
COTA,CCNE1,hlamp,model-only,1
COTA,CDK5,hlamp,model-only,1
COAD,ZFP36L2,missense,model-only,1
COAD,ZMYM2,deletion,both,1
COAD,ZMYM2,truncating,model-only,1
COAD,ZNF133,missense,both,1
COAD,ZNF133,truncating,model-only,1
ESCA,AXIN2,truncating,both,1
COTA,KRAS,hlamp,both,1
COTA,LZTR1,missense,both,1
COTA,MACF1,missense,model-only,1
COAD,ZNF750,missense,both,1
COTA,ALK,missense,both,1
COTA,APC,truncating,both,1
COTA,BRAF,hlamp,model-only,1
COTA,CCND2,hlamp,model-only,1
DCIS,MAP3K1,missense,both,1
DCIS,PIK3CA,missense,both,1
DCIS,PTPRC,missense,tumor-only,1
DEST,RPS6KA3,missense,model-only,1
ESCA,AJUBA,missense,both,1
ESCA,CHD8,missense,both,1
ESCA,CHD8,missense,model-only,1
ESCA,CIC,missense,both,1
ESCA,ATRX,missense,model-only,1
ESCA,ATXN3,missense,both,1
ESCA,AR,deletion,both,1
ESCA,AR,missense,both,1
ESCA,ARAF,truncating,both,1
ESCA,ARHGAP35,missense,model-only,1
ESCA,ARID1A,deletion,both,1
ESCA,ARID1A,missense,tumor-only,1
ESCA,BCOR,truncating,both,1
ESCA,BRCA1,missense,model-only,1
ESCA,BRCA1,truncating,both,1
ESCA,BRD7,missense,both,1
ESCA,ARID2,missense,both,1
ESCA,ATM,deletion,both,1
ESCA,ATM,missense,model-only,1
ESCA,ATRX,missense,both,1
CHOL,SMAD4,missense,both,1
CHOL,SMAD4,truncating,both,1
CHOL,TAF1,missense,both,1
CHOL,TCF7L2,deletion,both,1
CHOL,TERT,promoter,both,1
CHOL,TGFBR2,truncating,both,1
COAD,AXIN1,missense,both,1
COAD,AXIN2,truncating,both,1
ESCA,DAZAP1,truncating,model-only,1
ESCA,DHX9,missense,tumor-only,1
ESCA,DHX9,truncating,both,1
ESCA,DMD,missense,both,1
ESCA,DMD,missense,tumor-only,1
ESCA,DMD,truncating,both,1
ESCA,COL5A1,truncating,both,1
ESCA,CREB3L3,truncating,both,1
ESCA,ESR1,truncating,both,1
ESCA,EZH2,missense,both,1
ESCA,EEF2,missense,both,1
ESCA,EGR3,missense,both,1
ESCA,EGR3,missense,model-only,1
ESCA,ELF3,truncating,both,1
ESCA,EP300,missense,both,1
ESCA,EP300,missense,model-only,1
ESCA,CDKN1B,truncating,both,1
ESCA,CARD11,missense,both,1
ESCA,CBFB,missense,both,1
ESCA,CD44,hlamp,both,1
ESCA,CDH1,missense,both,1
ESCA,EP300,truncating,tumor-only,1
ESCA,ERBB4,truncating,model-only,1
ESCA,ERCC2,missense,both,1
ESCA,CIC,truncating,both,1
ESCA,CNBD1,missense,both,1
ESCA,CNBD1,missense,tumor-only,1
ESCA,CDKN1B,truncating,model-only,1
ESCA,CDKN2A,homdel,tumor-only,1
ESCA,CHD3,truncating,both,1
ESCA,CDH1,truncating,both,1
ESCA,CDK4,hlamp,model-only,1
CHOL,KMT2A,truncating,both,1
CHOL,KMT2B,truncating,both,1
CHOL,KMT2C,missense,both,1
CHOL,KMT2D,truncating,both,1
CHOL,MACF1,missense,both,1
CHOL,FLNA,missense,both,1
CHOL,FLNA,missense,tumor-only,1
CHOL,FLT3,missense,both,1
CHOL,MYH9,deletion,both,1
CHOL,NCOR1,missense,both,1
CHOL,NIPBL,missense,both,1
CHOL,NOTCH2,missense,model-only,1
CHOL,PDGFRA,missense,both,1
CHOL,PDS5B,truncating,both,1
CHOL,KDM6A,missense,both,1
CHOL,KIF1A,truncating,both,1
ESCA,KAT6A,hlamp,both,1
ESCA,KAT6A,hlamp,tumor-only,1
CHOL,RBM10,missense,both,1
CHOL,RET,missense,both,1
CHOL,SCAF4,truncating,both,1
CHOL,SETD2,truncating,both,1
CHOL,MED12,missense,both,1
CHOL,MEN1,truncating,both,1
ESCA,CREBBP,missense,model-only,1
ESCA,CREBBP,truncating,both,1
ESCA,CTNND1,truncating,both,1
ESCA,CUL1,missense,model-only,1
ESCA,CUL1,truncating,both,1
ESCA,DACH1,truncating,both,1
ESCA,JAK3,missense,both,1
ESCA,KANSL1,truncating,both,1
ESCA,FBXW7,truncating,both,1
ESCA,FGF1,hlamp,tumor-only,1
ESCA,FGFR1,missense,both,1
ESCA,FGFR2,missense,both,1
ESCA,FGFR3,missense,both,1
ESCA,FGFR3,truncating,both,1
ESCA,FLNA,truncating,both,1
ESCA,MGA,truncating,both,1
ESCA,IRF6,missense,model-only,1
ESCA,JAK1,missense,both,1
ESCA,JAK1,missense,tumor-only,1
ESCA,FUBP1,truncating,both,1
ESCA,GABRA6,truncating,both,1
ESCA,GNAQ,truncating,model-only,1
ESCA,GNAS,missense,model-only,1
ESCA,FAT1,missense,model-only,1
ESCA,KDM6A,missense,both,1
ESCA,KEAP1,missense,model-only,1
ESCA,KEL,missense,model-only,1
ESCA,GPS2,truncating,both,1
ESCA,HLA-A,missense,both,1
ESCA,HUWE1,missense,both,1
ESCA,INPPL1,missense,both,1
ESCA,INPPL1,missense,model-only,1
CHOL,HGF,missense,both,1
CHOL,INPPL1,truncating,both,1
CHOL,IRF2,truncating,both,1
CHOL,JAK1,truncating,both,1
CHOL,JAK2,missense,both,1
COAD,APC,deletion,both,1
COAD,APC,missense,both,1
ESCA,KDM5C,missense,model-only,1
ESCA,POLRMT,missense,both,1
ESCA,PPM1D,truncating,both,1
ESCA,PPP2R1A,missense,both,1
ESCA,PPP6C,missense,model-only,1
ESCA,PRKAR1A,missense,both,1
ESCA,PTCH1,missense,both,1
ESCA,PIK3CG,missense,both,1
ESCA,PLCG1,missense,both,1
ESCA,LEMD2,missense,both,1
ESCA,MACF1,missense,both,1
ESCA,KIF1A,missense,both,1
ESCA,KIF1A,missense,model-only,1
ESCA,KLF5,truncating,both,1
ESCA,KMT2B,missense,both,1
ESCA,KMT2D,truncating,both,1
ESCA,POLQ,truncating,both,1
ESCA,MDM2,hlamp,tumor-only,1
ESCA,MECOM,truncating,both,1
ESCA,MED12,missense,both,1
ESCA,KRAS,hlamp,model-only,1
ESCA,KRAS,hlamp,tumor-only,1
ESCA,KRT222,missense,both,1
ESCA,LATS1,missense,model-only,1
ESCA,LATS1,truncating,both,1
ESCA,MSH3,truncating,model-only,1
ESCA,MTOR,truncating,both,1
ESCA,MUC6,missense,both,1
ESCA,MUC6,missense,model-only,1
ESCA,MACF1,missense,model-only,1
ESCA,MAP2K1,missense,both,1
ESCA,MAP3K1,missense,model-only,1
ESCA,MAP3K4,truncating,both,1
ESCA,STK11,truncating,both,1
ESCA,TBL1XR1,missense,both,1
ESCA,TBX3,missense,both,1
ESCA,SMAD4,missense,tumor-only,1
ESCA,SMAD4,truncating,both,1
ESCA,SMARCA1,missense,both,1
ESCA,SMARCA1,missense,model-only,1
ESCA,SMARCA4,truncating,both,1
ESCA,NF1,truncating,tumor-only,1
ESCA,NIPBL,missense,both,1
ESCA,NOTCH1,missense,both,1
ESCA,NOTCH1,truncating,both,1
ESCA,NSD1,missense,both,1
ESCA,SOX17,missense,both,1
ESCA,SPTA1,missense,model-only,1
ESCA,STK11,missense,model-only,1
ESCA,PBRM1,truncating,both,1
ESCA,PDGFRA,missense,both,1
ESCA,PDGFRA,missense,model-only,1
ESCA,PGR,missense,both,1
ESCA,PIK3CA,deletion,both,1
ESCA,MYCN,truncating,both,1
ESCA,MYH9,deletion,tumor-only,1
ESCA,NCOR1,missense,model-only,1
ESCA,PLXNB2,missense,both,1
ESCA,PLXNB2,missense,tumor-only,1
ESCA,PLXNB2,truncating,model-only,1
ESCA,PMS2,missense,tumor-only,1
ESCA,POLE,truncating,both,1
ESCA,NSD1,missense,model-only,1
ESCA,NUP133,missense,both,1
ESCA,PBRM1,missense,both,1
ESCA,ZBTB7B,missense,both,1
ESCA,ZCCHC12,missense,both,1
ESCA,ZCCHC12,missense,model-only,1
ESCA,ZFHX3,deletion,model-only,1
ESCA,ZMYM2,missense,model-only,1
ESCA,ZNF133,truncating,tumor-only,1
ESCA,TP53,truncating,model-only,1
ESCA,TSC2,missense,both,1
GBAD,APC,truncating,both,1
GBAD,BCOR,truncating,both,1
GBAD,CDK12,truncating,both,1
GBAD,CDKN2A,homdel,both,1
GBAD,CTNNB1,missense,both,1
GBAD,EEF1A1,missense,both,1
GBAD,ERBB2,missense,both,1
ESCA,ZBTB20,truncating,both,1
ESCA,PTEN,truncating,both,1
ESCA,PTPDC1,missense,both,1
ESCA,PTPRC,missense,both,1
ESCA,PTPRC,missense,model-only,1
ESCA,PTPRD,missense,both,1
ESCA,RARA,missense,model-only,1
ESCA,RB1,missense,both,1
ESCA,ZNF750,missense,both,1
ESCA,SMC1A,missense,model-only,1
ESCA,RET,missense,both,1
ESCA,RHEB,truncating,both,1
ESCA,RPL22,truncating,both,1
ESCA,RPS6KA3,missense,model-only,1
ESCA,SETBP1,missense,both,1
ESCA,SETD2,missense,model-only,1
ESCA,SETD2,truncating,both,1
GBM,ATM,missense,both,1
GBM,ABL1,truncating,tumor-only,1
GBM,ACVR1,missense,model-only,1
GBM,AKT1,missense,both,1
GBM,ALK,missense,model-only,1
GBM,APC,missense,model-only,1
GBM,ARID1A,missense,both,1
GBM,ARID1A,missense,model-only,1
GBM,BRCA2,missense,both,1
GBM,ARID1A,truncating,tumor-only,1
GBM,ARID2,missense,tumor-only,1
GBM,ARID2,truncating,model-only,1
GBM,ASXL1,missense,both,1
GBM,ASXL1,missense,model-only,1
GBM,ASXL2,missense,model-only,1
GBM,ATF7IP,missense,both,1
ESCA,TNFAIP3,missense,both,1
GBM,ATM,missense,model-only,1
GBM,ATRX,truncating,both,1
GBM,ATRX,truncating,model-only,1
GBM,AXIN2,missense,model-only,1
GBM,BCOR,missense,tumor-only,1
GBM,BCOR,truncating,both,1
GBM,BRCA1,missense,model-only,1
ESCA,TSC2,missense,model-only,1
ESCA,UNCX,missense,model-only,1
ESCA,USP9X,truncating,both,1
ESCA,XPO1,missense,both,1
ESCA,TBX3,truncating,both,1
ESCA,TCF7L2,missense,both,1
ESCA,TERT,promoter,both,1
ESCA,TERT,promoter,model-only,1
CHOL,ABL1,missense,tumor-only,1
CHOL,AR,missense,both,1
CHOL,ARID1A,truncating,both,1
CHOL,ARID2,truncating,both,1
CHOL,ASXL2,missense,both,1
CHOL,ATR,missense,both,1
CHOL,BAP1,truncating,both,1
BRCA,XPO1,missense,tumor-only,1
CHOL,BCOR,missense,both,1
CHOL,BRCA1,truncating,both,1
CHOL,CACNA1A,truncating,both,1
CHOL,CDK12,missense,tumor-only,1
CHOL,CDK12,truncating,both,1
CHOL,CDKN2A,truncating,both,1
CHOL,DAZAP1,truncating,both,1
CHOL,ABL1,missense,both,1
GBAD,SPTA1,truncating,model-only,1
GBM,CIC,missense,model-only,1
GBM,CNBD1,truncating,tumor-only,1
GBM,COL5A1,missense,both,1
CHOL,EPHA2,missense,both,1
CHOL,EPHA2,truncating,both,1
CHOL,ERBB3,missense,both,1
CHOL,FGFR1,missense,both,1
GBM,ARID1A,truncating,both,1
GBAD,ERBB3,missense,both,1
GBAD,ESR1,missense,both,1
GBAD,GNAS,truncating,both,1
GBAD,KANSL1,truncating,model-only,1
GBAD,KLF5,missense,model-only,1
GBAD,LATS2,missense,tumor-only,1
GBAD,SMC3,missense,both,1
GBM,CACNA1A,missense,both,1
GBM,CACNA1A,missense,model-only,1
GBM,CACNA1A,missense,tumor-only,1
GBM,CARD11,missense,both,1
GBM,CARD11,missense,tumor-only,1
GBM,CBFB,missense,both,1
GBM,CCND2,hlamp,model-only,1
GBM,EP300,missense,both,1
GBM,CHD4,missense,model-only,1
GBM,CHD8,missense,tumor-only,1
GBM,CHEK2,missense,tumor-only,1
GBM,CDK12,missense,both,1
GBM,CDK12,missense,model-only,1
GBM,CDK4,hlamp,tumor-only,1
GBM,CDK4,missense,both,1
GBM,CDKN1B,missense,tumor-only,1
CHOL,PSIP1,truncating,both,1
CHOL,PTEN,truncating,both,1
GBM,COL5A1,missense,model-only,1
GBM,COL5A1,missense,tumor-only,1
GBM,COL5A1,truncating,model-only,1
GBM,CREB3L3,missense,model-only,1
GBM,CDKN2A,truncating,model-only,1
GBM,CHD4,missense,both,1
BRCA,ZBTB20,missense,model-only,1
BRCA,ZC3H12A,truncating,model-only,1
BRCA,ZCCHC12,missense,both,1
BRCA,ZFHX3,missense,tumor-only,1
BRCA,ZMYM2,missense,both,1
BRCA,ZMYM3,missense,both,1
CHOL,PLXNB2,deletion,both,1
CHOL,POLE,missense,both,1
GBM,CTNND1,truncating,model-only,1
GBM,IL7R,missense,both,1
GBM,INPPL1,missense,model-only,1
GBM,IRF2,missense,both,1
GBM,JAK1,missense,model-only,1
GBM,JAK2,missense,tumor-only,1
GBM,KANSL1,missense,model-only,1
GBM,KDM6A,missense,model-only,1
GBM,DICER1,missense,tumor-only,1
GBM,DICER1,truncating,model-only,1
GBM,CREB3L3,truncating,model-only,1
GBM,CREBBP,missense,both,1
GBM,CREBBP,truncating,model-only,1
GBM,CTNNB1,truncating,both,1
GBM,CTNND1,missense,both,1
GBM,CTNND1,missense,model-only,1
GBM,EEF2,missense,both,1
GBM,EEF2,missense,model-only,1
GBM,CUL1,missense,model-only,1
GBM,CUL3,missense,both,1
GBM,CYSLTR2,missense,model-only,1
GBM,DHX9,missense,model-only,1
GBM,DIAPH2,missense,model-only,1
GBM,DICER1,missense,model-only,1
GBM,EP300,missense,model-only,1
GBM,EPAS1,missense,both,1
GBM,ERBB2,missense,model-only,1
GBM,ERBB4,missense,both,1
GBM,DMD,missense,both,1
GBM,DNMT3A,missense,both,1
GBM,DNMT3A,missense,model-only,1
GBM,DNMT3A,missense,tumor-only,1
GBM,MECOM,missense,both,1
GBM,MET,missense,both,1
GBM,MGA,missense,model-only,1
GBM,MGMT,missense,both,1
GBM,LEMD2,missense,model-only,1
GBM,LZTR1,truncating,both,1
GBM,MACF1,missense,model-only,1
GBM,MACF1,truncating,model-only,1
GBM,FAT1,truncating,tumor-only,1
GBM,FBXW7,missense,model-only,1
GBM,FBXW7,truncating,model-only,1
GBM,FGFR3,missense,tumor-only,1
GBM,FGFR3,truncating,model-only,1
GBM,FLNA,missense,both,1
GBM,MAX,missense,tumor-only,1
GBM,MDM2,hlamp,both,1
GBM,FLT3,missense,tumor-only,1
GBM,FOXA1,missense,both,1
GBM,FUBP1,missense,both,1
GBM,GABRA6,missense,both,1
GBM,GNA11,missense,tumor-only,1
GBM,GNAS,missense,both,1
GBM,GNAS,missense,model-only,1
GBM,FAT1,truncating,model-only,1
GBM,GNAS,truncating,model-only,1
GBM,GPS2,missense,tumor-only,1
GBM,GRIN2D,missense,model-only,1
GBM,GTF2I,missense,both,1
GBM,GTF2I,missense,tumor-only,1
GBM,HUWE1,missense,both,1
GBM,IDH1,missense,model-only,1
GBM,IL6ST,truncating,model-only,1
GBM,PBRM1,truncating,both,1
GBM,MYH9,missense,model-only,1
GBM,NF1,missense,model-only,1
GBM,NF2,missense,both,1
GBM,NF2,missense,model-only,1
GBM,NF2,truncating,both,1
GBM,NFE2L2,missense,both,1
GBM,MSH2,truncating,both,1
GBM,PDGFRA,missense,model-only,1
GBM,PDGFRA,missense,tumor-only,1
GBM,PDS5B,missense,both,1
GBM,NFE2L2,truncating,both,1
GBM,NOTCH1,missense,model-only,1
GBM,NSD1,missense,model-only,1
GBM,NUP133,missense,tumor-only,1
GBM,PBRM1,missense,both,1
GBM,LATS2,missense,model-only,1
GBM,KEL,missense,tumor-only,1
GBM,KIF1A,missense,both,1
GBM,KMT2A,truncating,both,1
GBM,KMT2B,missense,model-only,1
GBM,KMT2B,missense,tumor-only,1
GBM,PDGFRA,hlamp,model-only,1
GBM,PDGFRA,missense,both,1
GBM,MAP3K1,missense,tumor-only,1
GBM,MAX,missense,both,1
GBM,KMT2C,missense,model-only,1
GBM,KMT2C,missense,tumor-only,1
GBM,KMT2C,truncating,both,1
GBM,KMT2C,truncating,tumor-only,1
GBM,KMT2D,missense,model-only,1
GBM,KRAS,missense,model-only,1
BRCA,SPOP,missense,both,1
BRCA,SPTA1,missense,model-only,1
BRCA,SPTA1,truncating,both,1
BRCA,RUNX1,truncating,both,1
BRCA,RXRA,missense,both,1
BRCA,SCAF4,missense,both,1
BRCA,SETD2,truncating,both,1
BRCA,SF1,missense,both,1
BRCA,TERT,promoter,both,1
BRCA,TGIF1,missense,model-only,1
BRCA,TLR4,truncating,model-only,1
BRCA,SMARCA1,missense,tumor-only,1
BRCA,SMARCA4,missense,both,1
BRCA,SMARCA4,truncating,both,1
BRCA,SMC3,missense,both,1
BRCA,SOX17,missense,model-only,1
BRCA,TXNIP,missense,both,1
BRCA,USP9X,missense,both,1
BRCA,VHL,missense,tumor-only,1
BRCA,SPTAN1,missense,both,1
BRCA,STAG2,missense,model-only,1
BRCA,STK11,missense,model-only,1
BRCA,TAF1,missense,both,1
BRCA,TCF12,truncating,model-only,1
GBM,MSH3,missense,model-only,1
GBM,MSH6,missense,model-only,1
GBM,MSH6,truncating,both,1
GBM,MTOR,missense,model-only,1
GBM,MTOR,truncating,model-only,1
GBM,PTCH1,missense,tumor-only,1
GBM,PTEN,truncating,tumor-only,1
BRCA,TSC1,missense,both,1
GBM,PMS2,missense,both,1
GBM,PMS2,truncating,both,1
GBM,PIK3CB,missense,model-only,1
GBM,PIK3CB,missense,tumor-only,1
GBM,PIK3R1,deletion,both,1
GBM,PIK3R1,truncating,both,1
GBM,SMARCB1,missense,tumor-only,1
GBM,SMC1A,missense,both,1
GBM,PSIP1,missense,model-only,1
GBM,PSIP1,missense,tumor-only,1
GBM,PIK3R2,missense,model-only,1
GBM,PLCB4,missense,model-only,1
GBM,PLCG1,missense,both,1
GBM,PLXNB2,missense,model-only,1
GBM,PMS1,missense,model-only,1
GBM,PMS1,missense,tumor-only,1
GBM,PTPRC,missense,model-only,1
GBM,PTPRC,truncating,model-only,1
GBM,PMS2,truncating,model-only,1
GBM,POLE,missense,model-only,1
GBM,POLE,truncating,both,1
GBM,POLQ,missense,model-only,1
GBM,POLRMT,missense,tumor-only,1
GBM,POLRMT,truncating,both,1
BRCA,SIN3A,missense,tumor-only,1
BRCA,SMAD2,missense,both,1
BRCA,SMARCA1,missense,both,1
CHOL,DIAPH2,truncating,both,1
CHOL,DICER1,missense,both,1
CHOL,DMD,truncating,both,1
CHOL,EP300,missense,model-only,1
GBM,PTPN11,missense,tumor-only,1
GBM,RB1,missense,both,1
GBM,RB1,truncating,model-only,1
GBM,RBM10,truncating,tumor-only,1
GBM,TRAF3,missense,tumor-only,1
GBM,TSC1,missense,tumor-only,1
GBM,TSC2,missense,both,1
GBM,USP9X,missense,both,1
GBM,USP9X,missense,model-only,1
GBM,RPL22,missense,both,1
GBM,RUNX1,missense,model-only,1
GBM,SCAF4,missense,model-only,1
GBM,SCAF4,missense,tumor-only,1
GBM,PTPRD,truncating,both,1
GBM,RAF1,missense,model-only,1
GBM,RARA,missense,model-only,1
GBM,RARA,missense,tumor-only,1
GBM,SIN3A,missense,model-only,1
GBM,SMAD4,missense,tumor-only,1
GBM,SMARCA1,missense,tumor-only,1
GBM,SMARCA4,missense,both,1
GBM,RFC1,missense,model-only,1
GBM,RHOB,missense,tumor-only,1
GBM,RNF43,missense,both,1
GBM,RNF43,truncating,tumor-only,1
GBM,SMC3,missense,model-only,1
GBM,SOX2,hlamp,both,1
GBM,SOX9,missense,tumor-only,1
GBM,SOX9,truncating,both,1
GBM,SETBP1,missense,model-only,1
GBM,SETD2,missense,both,1
GBM,SETD2,missense,model-only,1
GBM,SF1,missense,tumor-only,1
IPMN,ATM,truncating,model-only,1
IPMN,BRD4,hlamp,tumor-only,1
IPMN,CDKN2A,homdel,model-only,1
IPMN,ERBB4,missense,model-only,1
HNSC,JAK2,missense,both,1
HNSC,NOTCH1,missense,both,1
HNSC,PIK3CA,missense,both,1
HNSC,PIK3CB,missense,both,1
GBM,STAG2,truncating,both,1
GBM,STK11,missense,both,1
GBM,STK11,missense,model-only,1
GBM,TAF1,missense,both,1
HNSC,TERC,hlamp,model-only,1
HNSC,TERT,hlamp,both,1
HNSC,TP53,missense,both,1
HNSC,ZNF750,truncating,both,1
GBM,TBX3,truncating,both,1
GBM,TCF12,missense,model-only,1
GBM,TET2,missense,both,1
GBM,TGFBR2,missense,model-only,1
GBM,TGFBR2,truncating,model-only,1
GBM,TGIF1,missense,model-only,1
GBM,SPTA1,missense,model-only,1
GBM,STAG2,missense,model-only,1
GBM,WT1,missense,both,1
GBM,XPO1,missense,model-only,1
GBM,THRAP3,missense,model-only,1
GBM,THRAP3,missense,tumor-only,1
GBM,TLR4,missense,model-only,1
GBM,TP53,truncating,model-only,1
GBM,TRAF3,missense,both,1
GBM,TAF1,missense,tumor-only,1
LIHC,NOTCH1,missense,model-only,1
LIHC,RIT1,hlamp,both,1
LIHC,SAV1,homdel,tumor-only,1
KIRC,PBRM1,truncating,model-only,1
KIRC,PIK3CA,missense,tumor-only,1
KIRC,PLXNB2,missense,model-only,1
KIRC,RNF43,deletion,both,1
KIRC,SETD2,truncating,both,1
GBM,ZMYM2,missense,model-only,1
GBM,ZNF133,missense,both,1
HNSC,AJUBA,truncating,both,1
LIHC,EPHA2,missense,both,1
LIHC,FGFR1,hlamp,both,1
LIHC,KEL,truncating,both,1
LIHC,MCL1,hlamp,both,1
LIHC,MDM4,hlamp,both,1
HNSC,EGFR,hlamp,both,1
HNSC,FGF1,hlamp,model-only,1
HNSC,HLA-A,missense,both,1
HNSC,HUWE1,missense,tumor-only,1
GBM,ZBTB7B,missense,both,1
GBM,ZCCHC12,missense,tumor-only,1
GBM,ZFHX3,missense,both,1
GBM,ZFP36L2,missense,model-only,1
HNSC,PTMA,missense,both,1
HNSC,PTPRD,hlamp,both,1
HNSC,RFC1,missense,model-only,1
HNSC,SOX2,hlamp,model-only,1
HNSC,CCND1,hlamp,tumor-only,1
HNSC,CD274,hlamp,both,1
HNSC,CDKN2A,homdel,model-only,1
HNSC,DMD,missense,both,1
LUAD,COL5A1,missense,tumor-only,1
LUAD,CREBBP,missense,model-only,1
LUAD,CYSLTR2,missense,both,1
LUAD,BRCA2,missense,tumor-only,1
LUAD,CBFB,truncating,both,1
LUAD,CD70,missense,both,1
LUAD,CDKN1B,truncating,both,1
LUAD,CDKN2A,truncating,both,1
IPMN,NIPBL,truncating,model-only,1
IPMN,RBM10,truncating,model-only,1
IPMN,RIT1,hlamp,tumor-only,1
LUAD,CEBPA,missense,model-only,1
LUAD,CHD4,missense,tumor-only,1
LUAD,CHEK2,missense,both,1
LUAD,CIC,missense,tumor-only,1
LUAD,CNBD1,missense,both,1
KIRC,AMER1,missense,both,1
KIRC,ARID1A,truncating,model-only,1
KIRC,CARD11,missense,model-only,1
IPMN,ESR1,missense,model-only,1
IPMN,GNAS,missense,model-only,1
IPMN,KRAS,missense,both,1
IPMN,MCL1,hlamp,tumor-only,1
IPMN,MUC6,truncating,model-only,1
KIRC,TP53,missense,both,1
KIRC,VHL,truncating,both,1
LIHC,CACNA1A,missense,model-only,1
IPMN,RUNX1,missense,model-only,1
IPMN,TP53,missense,tumor-only,1
KICH,CDKN1A,truncating,both,1
KICH,CHD4,deletion,both,1
KICH,DACH1,missense,model-only,1
LUAD,GRIN2D,missense,both,1
LUAD,HUWE1,missense,model-only,1
LUAD,EGFR,truncating,both,1
LUAD,EGFR,truncating,model-only,1
LUAD,EPAS1,missense,model-only,1
LUAD,ERBB4,truncating,both,1
LUAD,ESR1,missense,both,1
LUAD,FBXW7,missense,both,1
LUAD,JAK3,missense,both,1
LUAD,KANSL1,missense,both,1
LUAD,KDM5C,missense,tumor-only,1
LUAD,FLNA,missense,model-only,1
LUAD,FLNA,truncating,both,1
LUAD,FUBP1,missense,both,1
LUAD,GABRA6,missense,both,1
LUAD,GABRA6,missense,tumor-only,1
LIHC,SPTAN1,missense,both,1
LIHC,ZNF703,hlamp,both,1
LUAD,AJUBA,missense,tumor-only,1
LUAD,IDH1,missense,both,1
LUAD,IL7R,truncating,both,1
LUAD,IRF6,missense,both,1
LUAD,JAK1,missense,both,1
LUAD,JAK2,missense,tumor-only,1
LUAD,ARID2,missense,both,1
LUAD,ARID5B,truncating,model-only,1
LUAD,ATM,missense,model-only,1
LUAD,ATR,missense,both,1
LUAD,BCL2L11,missense,both,1
LUAD,BCOR,truncating,model-only,1
LIHC,SCAF4,missense,both,1
LIHC,SPTA1,missense,model-only,1
BRCA,RASA1,truncating,tumor-only,1
BRCA,PIK3R1,truncating,model-only,1
BRCA,PLCB4,missense,both,1
BRCA,PLCG1,truncating,both,1
BRCA,PLXNB2,missense,both,1
BRCA,PMS1,missense,both,1
BRCA,POLE,missense,both,1
BRCA,PPM1D,missense,both,1
BRCA,RPS6KA3,missense,tumor-only,1
BRCA,PTCH1,missense,model-only,1
BRCA,PTEN,missense,both,1
BRCA,PTEN,truncating,both,1
BRCA,PTPN11,truncating,model-only,1
BRCA,PTPRC,missense,model-only,1
BRCA,PTPRD,truncating,both,1
BRCA,RAF1,missense,model-only,1
LUAD,EGFR,hlamp,model-only,1
LUAD,NF1,missense,both,1
LUAD,NF1,truncating,both,1
LUAD,NF2,truncating,both,1
LUAD,NFE2L2,missense,both,1
BRCA,RFC1,missense,both,1
BRCA,RNF111,truncating,model-only,1
BRCA,RNF43,missense,tumor-only,1
LUAD,FGFR1,missense,both,1
LUAD,DACH1,missense,both,1
LUAD,DACH1,truncating,both,1
LUAD,DDX3X,missense,both,1
LUAD,DDX3X,truncating,both,1
LUAD,DIAPH2,missense,tumor-only,1
LUAD,DMD,missense,both,1
LUAD,EEF1A1,missense,model-only,1
LUAD,MACF1,truncating,both,1
LUAD,MACF1,truncating,model-only,1
LUAD,KIF1A,missense,tumor-only,1
LUAD,KMT2A,missense,model-only,1
LUAD,KMT2A,missense,tumor-only,1
LUAD,KMT2B,missense,both,1
LUAD,SMARCB1,missense,both,1
LUAD,SOS1,truncating,both,1
LUAD,MGA,missense,model-only,1
LUAD,MGA,truncating,model-only,1
LUAD,MSH3,truncating,both,1
LUAD,MTOR,missense,both,1
LUAD,MYH9,missense,both,1
LUAD,KMT2B,missense,model-only,1
LUAD,KMT2C,missense,tumor-only,1
LUAD,KMT2D,missense,model-only,1
BRCA,TNFAIP3,missense,model-only,1
BRCA,TP53,truncating,both,1
LUAD,PAX5,missense,both,1
LUAD,PBRM1,missense,both,1
LUAD,PDGFRA,missense,both,1
LUAD,MED12,missense,both,1
LUAD,MET,missense,model-only,1
LUAD,MGA,missense,both,1
BRCA,NSD1,truncating,both,1
BRCA,NUP93,missense,both,1
BRCA,PBRM1,missense,both,1
BRCA,PHF6,missense,model-only,1
BRCA,PIK3CA,missense,model-only,1
BRCA,PIK3CB,missense,both,1
BRCA,PIK3CG,missense,model-only,1
BRCA,TMSB4X,missense,model-only,1
LUAD,PMS2,truncating,both,1
LUAD,POLE,missense,both,1
LUAD,POLRMT,missense,both,1
LUAD,PPP2R1A,truncating,both,1
LUSC,POLRMT,missense,both,1
LUSC,RFC1,missense,tumor-only,1
LUSC,SOX2,hlamp,tumor-only,1
LUSC,SPTAN1,missense,tumor-only,1
LUAD,PTPRD,missense,both,1
LUAD,PTPRD,truncating,both,1
LUAD,RAF1,missense,both,1
LUAD,RAF1,missense,tumor-only,1
LUAD,RBM10,truncating,both,1
LUAD,PGR,missense,both,1
LUAD,PGR,missense,tumor-only,1
LUAD,PLXNB2,missense,both,1
LUAD,SETBP1,missense,model-only,1
LUAD,SETD2,truncating,both,1
LUAD,SIN3A,truncating,tumor-only,1
LUAD,SMARCA1,missense,both,1
LUAD,SMARCA4,truncating,both,1
LUAD,PTCH1,missense,model-only,1
LUAD,PTPDC1,missense,both,1
LUAD,PTPRC,missense,both,1
LUAD,SOX9,missense,tumor-only,1
LUAD,STAG2,truncating,model-only,1
LUAD,STK11,missense,both,1
LUAD,STK11,missense,model-only,1
LUAD,STK11,missense,tumor-only,1
LUAD,RFC1,truncating,both,1
LUAD,RNF43,missense,both,1
LUAD,SETBP1,missense,both,1
LUAD,TLR4,truncating,model-only,1
OV,GRIN2D,missense,model-only,1
OV,HUWE1,missense,model-only,1
OV,KEAP1,missense,both,1
OV,MACF1,missense,tumor-only,1
OV,MCL1,hlamp,tumor-only,1
OV,MYC,hlamp,both,1
OV,MYC,hlamp,tumor-only,1
LUSC,ARID1A,truncating,both,1
LUSC,CCND1,hlamp,both,1
LUSC,CCND2,hlamp,both,1
LUAD,STK11,truncating,both,1
LUAD,TBX3,missense,both,1
LUAD,TBX3,missense,model-only,1
LUAD,TGFBR2,missense,tumor-only,1
LUAD,TLR4,missense,both,1
LUSC,KMT2D,missense,both,1
LUSC,KRAS,hlamp,both,1
LUSC,LATS1,missense,both,1
LUSC,NF1,missense,both,1
LUAD,UNCX,missense,both,1
LUAD,WT1,missense,both,1
LUAD,XPO1,missense,both,1
LUAD,ZFHX3,missense,both,1
LUSC,TERC,hlamp,tumor-only,1
LUSC,TERT,promoter,both,1
LUSC,TP53,missense,both,1
LUSC,USP9X,missense,both,1
LUSC,CDK6,hlamp,both,1
LUSC,CDKN2A,truncating,both,1
LUSC,CUL3,missense,both,1
LUSC,JAK2,missense,both,1
PAAD,ACVR2A,missense,both,1
PAAD,ACVR2A,missense,model-only,1
PAAD,ACVR2A,truncating,model-only,1
PAAD,ALB,missense,tumor-only,1
PAAD,AMER1,missense,both,1
PAAD,AMER1,truncating,both,1
PAAD,APC,missense,both,1
OV,TP53,truncating,model-only,1
MISC,CD44,hlamp,both,1
MISC,ERBB2,missense,both,1
MISC,ERBB4,missense,tumor-only,1
MISC,FLNA,missense,model-only,1
MISC,HGF,missense,tumor-only,1
MISC,MED12,missense,both,1
MISC,MTOR,missense,model-only,1
MISC,MYC,hlamp,both,1
MISC,NF1,missense,both,1
OV,BCOR,missense,model-only,1
OV,BRD4,hlamp,both,1
OV,CASP8,missense,both,1
OV,CCNE1,hlamp,both,1
OV,CDKN2A,missense,both,1
OV,CDKN2A,truncating,model-only,1
OV,CSDE1,truncating,both,1
OV,CTNNB1,missense,both,1
OV,EPAS1,missense,both,1
OV,EPAS1,missense,tumor-only,1
OV,FAT1,missense,tumor-only,1
OV,FGFR2,missense,tumor-only,1
OV,FLT3,missense,both,1
OV,FOXA1,missense,tumor-only,1
OV,GNAS,missense,both,1
PAAD,CIC,truncating,both,1
PAAD,CNBD1,missense,both,1
PAAD,COL5A1,missense,model-only,1
PAAD,CREBBP,missense,both,1
PAAD,CTNNB1,deletion,both,1
PAAD,CDK12,truncating,both,1
PAAD,CDKN2A,missense,model-only,1
PAAD,ATM,truncating,model-only,1
OV,NIPBL,missense,tumor-only,1
OV,NSD1,missense,tumor-only,1
OV,PIK3CG,missense,tumor-only,1
OV,PIK3R2,missense,tumor-only,1
OV,PLXNB2,missense,tumor-only,1
PAAD,CHD3,missense,both,1
PAAD,CHD4,missense,both,1
PAAD,CIC,missense,both,1
OV,RPL5,truncating,model-only,1
OV,SETBP1,missense,model-only,1
OV,SMAD4,missense,both,1
OV,SPTA1,missense,model-only,1
OV,TNFAIP3,missense,both,1
OV,NF1,homdel,both,1
OV,NF2,truncating,both,1
OV,NFE2L2,deletion,model-only,1
OV,USP9X,missense,tumor-only,1
OV,XPO1,missense,both,1
OV,ZFHX3,missense,model-only,1
OV,ZNF133,missense,tumor-only,1
PAAD,ACVR1B,missense,model-only,1
PAAD,ACVR1B,truncating,both,1
OV,PPP2R1A,missense,model-only,1
OV,RPL22,missense,tumor-only,1
PAAD,FGFR3,missense,both,1
PAAD,EEF2,missense,model-only,1
PAAD,EGFR,missense,both,1
PAAD,EGFR,truncating,model-only,1
PAAD,ELF3,truncating,model-only,1
PAAD,EP300,missense,model-only,1
PAAD,EPAS1,missense,both,1
PAAD,EPHA2,missense,tumor-only,1
PAAD,GNAS,missense,model-only,1
PAAD,ERBB2,hlamp,model-only,1
PAAD,ERBB2,hlamp,tumor-only,1
PAAD,ERBB4,missense,both,1
PAAD,ERBB4,missense,model-only,1
PAAD,ERBB4,truncating,both,1
PAAD,FBXW7,missense,model-only,1
PAAD,FGFR2,missense,both,1
PAAD,ARID1A,truncating,model-only,1
PAAD,ARID5B,missense,both,1
PAAD,ASXL2,truncating,both,1
PAAD,ATM,missense,tumor-only,1
PAAD,ATM,truncating,both,1
PAAD,FGFR3,missense,tumor-only,1
PAAD,GABRA6,missense,model-only,1
PAAD,GNA13,missense,both,1
PAAD,ATR,missense,model-only,1
PAAD,BCOR,truncating,model-only,1
PAAD,BRAF,deletion,both,1
PAAD,BRAF,missense,both,1
PAAD,BRCA2,missense,model-only,1
PAAD,CACNA1A,missense,model-only,1
PAAD,CARD11,missense,model-only,1
PAAD,APC,truncating,both,1
PAAD,KLF5,missense,model-only,1
PAAD,KMT2A,missense,both,1
PAAD,HGF,missense,model-only,1
PAAD,HLA-A,missense,both,1
PAAD,HLA-B,truncating,both,1
PAAD,HLA-B,truncating,model-only,1
PAAD,HRAS,missense,model-only,1
PAAD,INPPL1,truncating,both,1
PAAD,KMT2C,missense,tumor-only,1
PAAD,KMT2C,truncating,both,1
PAAD,KMT2D,deletion,both,1
PAAD,JAK3,missense,both,1
PAAD,KANSL1,truncating,model-only,1
PAAD,KDM5C,truncating,both,1
PAAD,KIF1A,missense,model-only,1
PAAD,KIT,missense,both,1
PAAD,DNMT3A,missense,both,1
PAAD,KMT2D,missense,both,1
PAAD,LATS1,missense,both,1
PAAD,MACF1,deletion,model-only,1
PAAD,KMT2B,missense,both,1
PAAD,KMT2B,truncating,both,1
PAAD,KMT2C,insertion,both,1
PAAD,KMT2C,missense,both,1
PAAD,ERBB2,hlamp,both,1
PAAD,CTNNB1,missense,model-only,1
PAAD,CTNND1,missense,both,1
PAAD,CTNND1,truncating,both,1
PAAD,CUL3,truncating,both,1
PAAD,DDX3X,truncating,both,1
PAAD,DICER1,truncating,both,1
PAAD,DMD,missense,both,1
BRCA,MSH6,truncating,both,1
BRCA,MTOR,missense,both,1
BRCA,MAP2K4,truncating,both,1
BRCA,MAP3K1,missense,both,1
BRCA,MAP3K4,missense,model-only,1
BRCA,MCL1,hlamp,model-only,1
BRCA,MCL1,hlamp,tumor-only,1
BRCA,MECOM,missense,both,1
BRCA,NCOR1,missense,model-only,1
BRCA,NF1,truncating,both,1
BRCA,MET,missense,tumor-only,1
BRCA,MGA,missense,model-only,1
BRCA,MGA,truncating,both,1
BRCA,MLH1,missense,model-only,1
BRCA,MSH2,truncating,both,1
BRCA,MSH3,missense,tumor-only,1
BRCA,NRAS,missense,both,1
BRCA,NSD1,missense,model-only,1
BRCA,MYC,hlamp,both,1
BRCA,MYC,hlamp,tumor-only,1
BRCA,MYC,missense,both,1
BRCA,MYCN,missense,model-only,1
BRCA,MYD88,missense,model-only,1
BRCA,MYH9,missense,both,1
PAAD,IRF6,missense,both,1
PAAD,JAK1,missense,tumor-only,1
PAAD,NIPBL,missense,both,1
PAAD,NOTCH1,missense,both,1
PAAD,NOTCH1,truncating,model-only,1
PAAD,NOTCH2,missense,both,1
BRCA,NOTCH1,truncating,model-only,1
BRCA,NOTCH2,missense,both,1
PAAD,MAP2K4,missense,both,1
PAAD,MAP3K4,missense,both,1
PAAD,MDM2,hlamp,tumor-only,1
PAAD,SCAF4,truncating,both,1
PAAD,SETD2,truncating,both,1
PAAD,SETD2,truncating,model-only,1
PAAD,SF1,missense,model-only,1
PAAD,RAC1,missense,model-only,1
PAAD,MUC6,deletion,model-only,1
PAAD,MUC6,missense,model-only,1
PAAD,MUC6,truncating,both,1
PAAD,MACF1,missense,both,1
PAAD,MACF1,missense,model-only,1
PAAD,MACF1,missense,tumor-only,1
PAAD,MAP2K1,missense,both,1
PAAD,MAP2K4,homdel,model-only,1
PAAD,MYC,missense,both,1
PAAD,MYH9,missense,both,1
PAAD,NCOR1,missense,both,1
PAAD,NFE2L2,truncating,model-only,1
PAAD,MECOM,missense,both,1
PAAD,MED12,missense,tumor-only,1
PAAD,MGMT,missense,model-only,1
PAAD,MSH6,truncating,both,1
BRCA,MED12,truncating,both,1
BRCA,RB1,missense,tumor-only,1
BRCA,RBM10,missense,both,1
BRCA,RBM10,missense,model-only,1
BRCA,RET,missense,model-only,1
PAAD,NOTCH2,missense,model-only,1
PAAD,NSD1,truncating,both,1
PAAD,PAX5,missense,both,1
PAAD,TERT,promoter,model-only,1
PAAD,TET2,missense,both,1
PAAD,TGFBR2,truncating,tumor-only,1
PAAD,TP53,deletion,both,1
PAAD,SMARCA4,missense,tumor-only,1
PAAD,SOS1,missense,model-only,1
PAAD,SOX17,missense,tumor-only,1
PAAD,SOX9,missense,both,1
PAAD,PIK3CG,missense,both,1
PAAD,PIK3R1,missense,both,1
PAAD,PIM1,truncating,model-only,1
PAAD,VHL,missense,tumor-only,1
PAAD,ZFHX3,missense,model-only,1
PAAD,ZFP36L2,truncating,both,1
PAAD,ZMYM3,truncating,both,1
PAAD,TAF1,missense,both,1
PAAD,POLE,truncating,both,1
PAAD,PPM1D,missense,both,1
PAAD,PSIP1,deletion,both,1
PAAD,PTPN11,truncating,both,1
PAAD,PTPRD,missense,both,1
PAAD,PGR,missense,model-only,1
PAAD,PGR,missense,tumor-only,1
PAAD,PIK3CA,missense,both,1
PAAD,RAF1,missense,both,1
PAAD,RBM10,truncating,both,1
PAAD,RET,missense,both,1
PAAD,RFC1,missense,tumor-only,1
PAAD,RNF111,missense,both,1
PAAD,RNF43,deletion,both,1
PAAD,PLXNB2,missense,model-only,1
PAAD,POLE,missense,both,1
READ,ARID2,truncating,both,1
READ,ASXL1,truncating,model-only,1
READ,ASXL2,missense,both,1
READ,AJUBA,missense,both,1
READ,ALK,missense,model-only,1
READ,ALK,truncating,both,1
READ,AMER1,missense,both,1
READ,AMER1,truncating,both,1
READ,ATRX,missense,model-only,1
READ,AXIN1,missense,model-only,1
READ,AXIN1,truncating,tumor-only,1
READ,B2M,truncating,both,1
READ,ARAF,missense,model-only,1
READ,ARID1A,missense,model-only,1
READ,ARID1A,truncating,both,1
READ,ARID2,missense,model-only,1
READ,BCOR,missense,both,1
READ,BCOR,missense,model-only,1
READ,BRAF,truncating,both,1
READ,BRCA1,missense,model-only,1
READ,CASP8,truncating,model-only,1
READ,ATM,truncating,both,1
READ,ATR,missense,both,1
READ,ATR,missense,model-only,1
PAAD,SOX9,truncating,both,1
PAAD,STK11,missense,model-only,1
PAAD,SMAD4,homdel,tumor-only,1
PAAD,SMAD4,missense,model-only,1
PAAD,SMAD4,truncating,tumor-only,1
PAAD,SMARCA1,missense,both,1
PAAD,SMARCA1,missense,model-only,1
READ,BCL2L11,missense,model-only,1
BRCA,KDM6A,missense,model-only,1
BRCA,GATA3,hlamp,model-only,1
BRCA,GRIN2D,missense,both,1
BRCA,GRIN2D,missense,tumor-only,1
BRCA,HGF,truncating,model-only,1
BRCA,HUWE1,missense,both,1
BRCA,IDH2,missense,tumor-only,1
BRCA,IL6ST,missense,model-only,1
BRCA,KMT2B,missense,both,1
BRCA,IL7R,missense,tumor-only,1
BRCA,IRF6,missense,both,1
BRCA,JAK1,truncating,tumor-only,1
BRCA,JAK2,truncating,both,1
BRCA,JAK3,missense,both,1
BRCA,KANSL1,missense,model-only,1
BRCA,KDM6A,missense,both,1
BRCA,LZTR1,missense,tumor-only,1
BRCA,MACF1,missense,both,1
BRCA,KEL,truncating,model-only,1
BRCA,KIF1A,missense,tumor-only,1
BRCA,KIT,missense,model-only,1
BRCA,KIT,truncating,both,1
BRCA,KLF5,missense,both,1
BRCA,KMT2A,truncating,both,1
READ,APC,missense,model-only,1
READ,ARAF,missense,both,1
READ,DNMT3A,missense,model-only,1
READ,EEF2,missense,model-only,1
READ,EIF1AX,missense,both,1
READ,ELF3,missense,both,1
BRCA,LATS2,missense,both,1
BRCA,LEMD2,missense,model-only,1
READ,CDKN1B,missense,model-only,1
READ,CDKN2A,missense,tumor-only,1
READ,CHD3,missense,model-only,1
READ,CHD4,truncating,model-only,1
READ,FUBP1,missense,model-only,1
READ,GATA3,truncating,model-only,1
READ,GNA11,missense,tumor-only,1
READ,GNAS,missense,model-only,1
READ,CIC,missense,model-only,1
READ,CNBD1,missense,model-only,1
READ,CNBD1,missense,tumor-only,1
READ,COL5A1,missense,model-only,1
READ,CREBBP,missense,model-only,1
READ,CBFB,missense,model-only,1
READ,CDH1,truncating,both,1
READ,CDK12,missense,model-only,1
READ,CUL1,truncating,both,1
READ,CYLD,missense,both,1
READ,DDX3X,truncating,both,1
READ,DIAPH2,missense,both,1
READ,DICER1,missense,both,1
READ,DMD,truncating,both,1
READ,CHD8,missense,model-only,1
READ,CHD8,missense,tumor-only,1
BRCA,IL7R,missense,model-only,1
BRCA,NF2,missense,both,1
BRCA,NFE2L2,missense,both,1
BRCA,NIPBL,missense,both,1
BRCA,NOTCH1,truncating,both,1
READ,ELF3,truncating,both,1
READ,ELF3,truncating,model-only,1
READ,EP300,insertion,model-only,1
READ,LATS1,missense,both,1
READ,LATS1,missense,model-only,1
READ,LATS1,truncating,both,1
READ,MACF1,missense,both,1
READ,MACF1,missense,model-only,1
READ,MACF1,truncating,model-only,1
READ,KMT2C,missense,tumor-only,1
READ,KMT2C,truncating,both,1
READ,EPHA2,truncating,both,1
READ,EPHA3,truncating,both,1
READ,ERBB3,missense,both,1
READ,ERBB3,missense,model-only,1
READ,ERBB4,missense,model-only,1
READ,EZH2,missense,model-only,1
READ,KRAS,missense,model-only,1
READ,KRT222,missense,model-only,1
READ,FLT3,missense,both,1
READ,FOXA2,missense,model-only,1
READ,FAT1,missense,tumor-only,1
READ,FAT1,truncating,both,1
READ,FBXW7,missense,model-only,1
READ,FBXW7,truncating,tumor-only,1
READ,FGFR1,hlamp,both,1
READ,FGFR1,hlamp,model-only,1
READ,HGF,missense,both,1
READ,HGF,missense,model-only,1
READ,HRAS,missense,both,1
READ,FGFR1,missense,model-only,1
READ,FGFR2,deletion,both,1
READ,FGFR2,missense,both,1
READ,FGFR3,missense,both,1
READ,FLNA,missense,model-only,1
READ,PDGFRA,missense,model-only,1
READ,NCOR1,missense,both,1
READ,NCOR1,missense,model-only,1
READ,NF1,missense,model-only,1
READ,NF2,missense,tumor-only,1
READ,NIPBL,missense,model-only,1
READ,NOTCH2,missense,model-only,1
READ,MGA,missense,both,1
READ,KEL,missense,both,1
READ,NRAS,missense,model-only,1
READ,NUP93,missense,both,1
READ,NUP93,missense,model-only,1
READ,PAX5,missense,both,1
READ,PBRM1,truncating,both,1
READ,PCBP1,missense,both,1
READ,PDGFRA,missense,both,1
READ,KMT2B,missense,both,1
READ,KMT2C,missense,both,1
READ,HUWE1,missense,both,1
READ,IL6ST,missense,both,1
READ,INPPL1,missense,both,1
READ,JAK1,truncating,model-only,1
READ,KANSL1,missense,both,1
READ,KDM6A,missense,model-only,1
READ,KMT2D,missense,both,1
READ,KMT2D,missense,model-only,1
READ,KRAS,hlamp,both,1
READ,KRAS,hlamp,tumor-only,1
READ,KIF1A,deletion,model-only,1
READ,KIF1A,truncating,both,1
READ,KLF5,missense,both,1
READ,KLF5,missense,model-only,1
READ,PPP2R1A,missense,model-only,1
READ,PTCH1,truncating,both,1
READ,PTEN,deletion,both,1
READ,PIK3R2,missense,model-only,1
READ,PIM1,missense,model-only,1
READ,PLCG1,missense,model-only,1
READ,PLCG1,missense,tumor-only,1
READ,PLXNB2,missense,both,1
READ,RARA,missense,model-only,1
READ,RASA1,missense,model-only,1
READ,RBM10,missense,both,1
READ,PMS2,truncating,both,1
READ,POLE,missense,both,1
READ,POLE,missense,model-only,1
READ,PPM1D,missense,both,1
READ,PPM1D,missense,model-only,1
READ,MECOM,missense,model-only,1
READ,MED12,deletion,both,1
READ,MED12,missense,model-only,1
READ,MET,missense,model-only,1
READ,PTEN,missense,model-only,1
READ,PTMA,missense,model-only,1
READ,RAC1,deletion,both,1
READ,RAF1,truncating,model-only,1
READ,MGA,missense,model-only,1
READ,MGA,truncating,both,1
READ,MSH2,missense,model-only,1
READ,MSH6,missense,model-only,1
READ,MAP3K1,missense,both,1
READ,MAPK1,truncating,model-only,1
READ,MAX,missense,model-only,1
READ,MECOM,missense,both,1
BRCA,CTNND1,truncating,model-only,1
BRCA,CUL3,truncating,model-only,1
BRCA,DAZAP1,truncating,tumor-only,1
BRCA,DHX9,truncating,model-only,1
BRCA,DIAPH2,truncating,model-only,1
BRCA,DICER1,missense,both,1
BRCA,DMD,truncating,both,1
BRCA,CHD8,truncating,both,1
BRCA,EP300,missense,both,1
BRCA,EPAS1,missense,model-only,1
BRCA,EPHA2,missense,both,1
BRCA,ERBB2,deletion,both,1
BRCA,ERBB2,missense,both,1
BRCA,ERBB3,missense,both,1
BRCA,ERBB4,missense,tumor-only,1
BRCA,CTNND1,missense,both,1
READ,PIK3R1,missense,both,1
READ,SOX17,missense,both,1
READ,SOX17,missense,model-only,1
READ,SOX9,deletion,both,1
BRCA,FGFR2,missense,both,1
BRCA,FUBP1,missense,both,1
BRCA,GABRA6,missense,both,1
BRCA,EGFR,missense,model-only,1
READ,PLXNB2,missense,tumor-only,1
READ,PMS1,missense,both,1
READ,PMS2,missense,both,1
READ,PDGFRA,truncating,both,1
READ,PGR,missense,both,1
READ,PGR,truncating,both,1
READ,PIK3CB,missense,model-only,1
READ,PIK3CG,missense,model-only,1
READ,RBM10,missense,model-only,1
READ,RET,missense,both,1
READ,RPL22,missense,both,1
READ,SCAF4,missense,model-only,1
READ,SCAF4,truncating,both,1
READ,SETBP1,missense,model-only,1
READ,ZMYM2,missense,model-only,1
SARC,ASXL1,missense,both,1
READ,SMARCA4,missense,model-only,1
READ,SMARCA4,missense,tumor-only,1
READ,SMARCB1,missense,both,1
READ,SOS1,missense,model-only,1
READ,SF1,missense,model-only,1
READ,SIN3A,missense,model-only,1
READ,SIN3A,missense,tumor-only,1
READ,SMAD3,homdel,model-only,1
BRCA,KMT2D,truncating,model-only,1
BRCA,KRT222,missense,model-only,1
BRCA,LATS1,truncating,model-only,1
READ,SPOP,missense,both,1
READ,SPTA1,missense,tumor-only,1
READ,SPTAN1,missense,both,1
READ,SMAD4,insertion,both,1
READ,SMARCA4,missense,both,1
BRCA,CIC,missense,model-only,1
BRCA,CNBD1,missense,both,1
BRCA,COL5A1,missense,both,1
BRCA,CREBBP,missense,both,1
BRCA,CREBBP,truncating,both,1
BRCA,CTNNB1,missense,both,1
BRCA,CTNNB1,missense,model-only,1
BRCA,KMT2C,truncating,both,1
SARC,RAC1,missense,both,1
SARC,RBM10,missense,tumor-only,1
SARC,RET,missense,model-only,1
SARC,SETBP1,missense,model-only,1
SARC,SETD2,missense,model-only,1
SARC,SPTA1,missense,both,1
SARC,STAG2,missense,model-only,1
SARC,MSH3,missense,model-only,1
READ,UNCX,deletion,both,1
READ,TCF12,missense,model-only,1
READ,TCF7L2,missense,both,1
READ,TCF7L2,missense,model-only,1
READ,TCF7L2,truncating,model-only,1
READ,TET2,missense,model-only,1
READ,TGFBR2,missense,model-only,1
SARC,PTEN,truncating,both,1
READ,ZFHX3,missense,both,1
READ,ZFP36L1,missense,model-only,1
READ,ZFP36L2,missense,model-only,1
READ,ZFP36L2,missense,tumor-only,1
READ,TNFAIP3,missense,model-only,1
READ,TP53,truncating,model-only,1
READ,TSC2,missense,model-only,1
READ,TSC2,truncating,both,1
SARC,ATRX,missense,tumor-only,1
SARC,BRCA1,missense,both,1
SARC,CARD11,missense,both,1
SARC,CDKN2A,homdel,both,1
SARC,CHD8,missense,both,1
READ,USP9X,missense,both,1
READ,USP9X,missense,model-only,1
READ,ZFHX3,deletion,model-only,1
SESP,GATA3,homdel,model-only,1
SESP,GATA6,hlamp,model-only,1
SESP,KRAS,missense,both,1
SESP,SIN3A,missense,model-only,1
SESP,SMAD4,hlamp,model-only,1
SCLC,NOTCH1,missense,both,1
SCLC,PGR,truncating,both,1
SCLC,POLQ,missense,both,1
SARC,DIAPH2,missense,both,1
SARC,EPAS1,missense,tumor-only,1
SARC,FAT1,missense,model-only,1
SARC,FAT1,truncating,both,1
SARC,GABRA6,missense,both,1
SCLC,TP53,truncating,both,1
SESP,APC,truncating,both,1
SESP,FGFR1,homdel,model-only,1
SARC,IL7R,missense,both,1
SARC,KIT,hlamp,tumor-only,1
SARC,KMT2A,missense,model-only,1
SARC,KMT2D,missense,both,1
SARC,KMT2D,missense,model-only,1
SARC,MACF1,missense,tumor-only,1
SARC,CHEK2,truncating,both,1
SARC,DACH1,missense,model-only,1
SARC,MYH9,missense,model-only,1
SARC,NCOR1,truncating,model-only,1
SARC,NF1,truncating,tumor-only,1
SARC,NOTCH2,missense,both,1
SARC,PBRM1,missense,both,1
SARC,PMS1,truncating,both,1
SARC,GRIN2D,missense,model-only,1
SARC,HLA-A,missense,model-only,1
SIAD,CDK12,missense,both,1
SIAD,CDK6,hlamp,tumor-only,1
SIAD,CDKN2A,hlamp,tumor-only,1
SIAD,CHD4,missense,both,1
SIAD,ASXL2,missense,both,1
SIAD,ATR,missense,both,1
SIAD,AXIN1,missense,both,1
SIAD,AXIN2,missense,model-only,1
SARC,TP53,truncating,model-only,1
SARC,USP9X,truncating,both,1
SARC,WT1,missense,both,1
SARC,ZFP36L2,missense,both,1
SIAD,CARD11,truncating,model-only,1
SIAD,CASP8,missense,both,1
SIAD,CD274,hlamp,tumor-only,1
SIAD,CD44,hlamp,tumor-only,1
SCLC,ATM,missense,both,1
SCLC,CBFB,truncating,both,1
SCLC,MACF1,missense,both,1
SCLC,MED12,missense,both,1
SCLC,NF1,missense,both,1
SARC,TERT,hlamp,both,1
SARC,TLR4,missense,both,1
SARC,TP53,missense,both,1
SCLC,PTPRD,missense,both,1
SCLC,RB1,truncating,both,1
SCLC,SETD2,missense,both,1
SCLC,SOX2,hlamp,tumor-only,1
SCLC,TERC,hlamp,tumor-only,1
SARC,ZMYM2,missense,both,1
SCLC,ALK,missense,both,1
SCLC,ARID1A,missense,both,1
SIAD,MYC,hlamp,tumor-only,1
SIAD,MYH9,missense,model-only,1
SIAD,NF1,hlamp,tumor-only,1
SIAD,NOTCH1,missense,model-only,1
SIAD,HGF,missense,both,1
SIAD,HLA-B,missense,model-only,1
SIAD,HUWE1,missense,both,1
SIAD,IL6ST,missense,both,1
SIAC,ARID2,truncating,both,1
SIAC,FGFR3,hlamp,tumor-only,1
SIAC,KIT,hlamp,tumor-only,1
SIAC,PDGFRA,hlamp,tumor-only,1
SIAD,LZTR1,missense,model-only,1
SIAD,MACF1,truncating,both,1
SIAD,MAP3K4,truncating,both,1
SIAD,MSH6,missense,both,1
SIAD,ARAF,missense,model-only,1
SIAD,ARHGAP35,missense,both,1
SIAD,ARID1A,truncating,both,1
SIAD,ASXL1,truncating,model-only,1
SESP,SMC3,truncating,both,1
SESP,TERT,homdel,model-only,1
SESP,ZFP36L2,truncating,both,1
SESP,ZNF703,homdel,model-only,1
SIAD,BAP1,missense,both,1
SIAD,BRCA1,truncating,both,1
SIAD,BRCA2,truncating,both,1
SIAD,CACNA1A,missense,model-only,1
SIAC,TAF1,missense,both,1
SIAD,ABL1,missense,both,1
SIAD,ACVR1,missense,model-only,1
SIAD,ACVR2A,truncating,both,1
SIAD,TCF12,missense,both,1
SIAD,TERC,hlamp,tumor-only,1
SIAD,TERT,promoter,model-only,1
SIAD,TRAF3,missense,both,1
SIAD,RNF43,truncating,both,1
SIAD,RPL22,truncating,both,1
SIAD,RUNX1,missense,model-only,1
SIAD,RXRA,truncating,model-only,1
SIAD,CUL1,missense,both,1
SIAD,DAZAP1,missense,model-only,1
SIAD,DHX9,truncating,both,1
SIAD,DMD,missense,both,1
SIAD,SOS1,missense,both,1
SIAD,SPTAN1,missense,model-only,1
SIAD,STK11,missense,model-only,1
SIAD,TBX3,missense,model-only,1
SIAD,FBXW7,truncating,both,1
SIAD,FGF1,hlamp,tumor-only,1
SIAD,FGFR1,missense,both,1
SIAD,GNAS,missense,model-only,1
SIAD,CIC,missense,model-only,1
SIAD,CNBD1,missense,both,1
SIAD,COL5A1,truncating,model-only,1
SIAD,CTNND1,missense,both,1
SIAD,JUN,hlamp,tumor-only,1
SIAD,KMT2B,truncating,model-only,1
SIAD,KMT2D,missense,both,1
SIAD,KRT222,missense,both,1
SIAD,DNMT3A,missense,model-only,1
SIAD,EPHA2,truncating,model-only,1
SIAD,ERBB2,missense,model-only,1
SIAD,FAT1,missense,both,1
BRCA,CDK4,missense,both,1
BRCA,CDKN2A,homdel,model-only,1
BRCA,CHD4,missense,both,1
BRCA,B2M,missense,both,1
BRCA,BCL2L11,truncating,both,1
BRCA,BCOR,missense,both,1
BRCA,BRAF,missense,both,1
BRCA,BRCA1,truncating,tumor-only,1
SIAD,PBRM1,missense,both,1
SIAD,PDS5B,truncating,both,1
SIAD,PHF6,missense,both,1
SIAD,PIK3CG,missense,both,1
SKCM,AXIN2,missense,model-only,1
SKCM,BCL2,missense,tumor-only,1
SKCM,BCL2L11,missense,both,1
BRCA,CDK12,truncating,both,1
SIAD,PTEN,hlamp,tumor-only,1
SIAD,RAC1,missense,both,1
SIAD,RASA1,truncating,both,1
SIAD,RB1,hlamp,tumor-only,1
SIAD,NOTCH2,missense,model-only,1
SIAD,NSD1,missense,both,1
SIAD,NUP133,missense,both,1
SIAD,NUP93,missense,both,1
SIAD,SCAF4,truncating,both,1
SIAD,SF3B1,missense,both,1
SIAD,SIN3A,missense,both,1
SIAD,SMAD3,hlamp,tumor-only,1
SIAD,PLCG1,truncating,both,1
SIAD,POLE,missense,both,1
SIAD,PPM1D,truncating,model-only,1
SIAD,PTCH1,deletion,model-only,1
SKCM,AXIN2,missense,both,1
SKCM,ARAF,truncating,both,1
SKCM,ARID1A,truncating,both,1
SKCM,ARID2,truncating,tumor-only,1
SIAD,YAP1,hlamp,tumor-only,1
SIAD,ZFHX3,missense,model-only,1
SIAD,ZNF217,hlamp,tumor-only,1
SKCM,AJUBA,missense,both,1
BRCA,ARID5B,missense,both,1
BRCA,ESR1,missense,both,1
BRCA,EZH2,missense,tumor-only,1
BRCA,FAT1,truncating,model-only,1
BRCA,FGFR1,missense,model-only,1
SKCM,ASXL2,truncating,both,1
SKCM,ATF7IP,missense,both,1
SKCM,ATRX,missense,both,1
BRCA,ATRX,missense,tumor-only,1
BRCA,ATRX,truncating,both,1
BRCA,AKT1,missense,tumor-only,1
BRCA,ALK,truncating,both,1
BRCA,AMER1,missense,both,1
BRCA,APC,truncating,both,1
BRCA,APC,truncating,model-only,1
BRCA,ARHGAP35,missense,both,1
BRCA,BRCA2,missense,both,1
BRCA,BTG2,truncating,both,1
BRCA,ASXL1,missense,both,1
BRCA,ASXL2,missense,both,1
BRCA,ASXL2,truncating,both,1
BRCA,ATF7IP,truncating,model-only,1
BRCA,ATM,missense,model-only,1
BRCA,ATR,missense,both,1
SKCM,ERBB2,truncating,both,1
SKCM,ERBB3,deletion,both,1
SKCM,DIAPH2,truncating,tumor-only,1
SKCM,DICER1,missense,tumor-only,1
SKCM,DMD,missense,tumor-only,1
SKCM,DNMT3A,missense,both,1
SKCM,EEF2,missense,both,1
SKCM,EGR3,missense,both,1
SKCM,CDK4,hlamp,both,1
SKCM,CDK4,hlamp,tumor-only,1
SKCM,BRCA2,missense,model-only,1
SKCM,BRCA2,truncating,both,1
SKCM,CARD11,truncating,tumor-only,1
SKCM,CASP8,truncating,both,1
SKCM,EP300,missense,tumor-only,1
SKCM,EPHA3,missense,tumor-only,1
SKCM,CDKN2A,missense,tumor-only,1
SKCM,CDKN2A,truncating,tumor-only,1
SKCM,CCND1,hlamp,both,1
SKCM,CD274,hlamp,model-only,1
SKCM,CD274,hlamp,tumor-only,1
SKCM,CDH1,missense,both,1
SKCM,CDK12,missense,both,1
SKCM,CDK12,truncating,both,1
SKCM,AMER1,missense,tumor-only,1
SKCM,CHD3,missense,both,1
SKCM,CHD4,missense,model-only,1
SKCM,CIC,missense,tumor-only,1
SKCM,CNBD1,missense,tumor-only,1
SKCM,CNBD1,truncating,both,1
SKCM,CDKN1A,missense,both,1
SKCM,CDKN2A,homdel,model-only,1
BLCA,SOX17,missense,both,1
BLCA,SOX17,truncating,both,1
BLCA,SPTAN1,truncating,both,1
BLCA,STAG2,missense,both,1
BLCA,STAG2,truncating,tumor-only,1
BLCA,TERT,missense,both,1
BLCA,RASA1,missense,both,1
BLCA,RASA1,missense,tumor-only,1
BRCA,ACVR2A,truncating,both,1
BRCA,AJUBA,truncating,model-only,1
BLCA,THRAP3,missense,model-only,1
BLCA,TSC1,truncating,both,1
BLCA,USP9X,truncating,model-only,1
BLCA,ZFHX3,missense,tumor-only,1
BLCA,ZFP36L1,truncating,both,1
BLCA,SMAD2,missense,tumor-only,1
SKCM,COL5A1,truncating,both,1
SKCM,COL5A1,truncating,tumor-only,1
SKCM,CTNNB1,missense,both,1
SKCM,GATA3,missense,both,1
SKCM,GNA11,missense,both,1
SKCM,GNA11,missense,tumor-only,1
BRCA,ACVR1,missense,both,1
BRCA,ACVR1B,truncating,both,1
SKCM,CUL1,truncating,tumor-only,1
SKCM,CUL3,truncating,both,1
SKCM,CYLD,missense,both,1
SKCM,DACH1,missense,both,1
SKCM,DACH1,truncating,both,1
SKCM,DDX3X,missense,both,1
SKCM,DIAPH2,missense,both,1
SKCM,COL5A1,missense,tumor-only,1
SKCM,ERBB4,truncating,tumor-only,1
SKCM,ERCC2,missense,both,1
SKCM,KIF1A,missense,both,1
SKCM,KIF1A,missense,tumor-only,1
SKCM,KMT2A,missense,both,1
SKCM,KMT2A,missense,tumor-only,1
SKCM,JAK3,truncating,both,1
SKCM,KANSL1,missense,both,1
SKCM,FAT1,missense,tumor-only,1
SKCM,FBXW7,missense,both,1
SKCM,FGFR3,truncating,tumor-only,1
SKCM,FLNA,missense,both,1
SKCM,ERBB3,missense,both,1
SKCM,ERBB3,missense,model-only,1
SKCM,ERBB3,missense,tumor-only,1
SKCM,ERBB4,truncating,both,1
BRCA,CBFB,missense,both,1
SKCM,HGF,missense,tumor-only,1
SKCM,FLNA,missense,tumor-only,1
SKCM,FLNA,truncating,both,1
SKCM,FLT3,missense,both,1
SKCM,FLT3,missense,tumor-only,1
SKCM,GABRA6,missense,tumor-only,1
SKCM,EZH2,missense,both,1
BLCA,RHOB,missense,both,1
BLCA,SCAF4,truncating,both,1
BLCA,SETBP1,missense,tumor-only,1
BLCA,SETD2,missense,tumor-only,1
BLCA,SF1,missense,both,1
BLCA,SF3B1,missense,tumor-only,1
BRCA,CARD11,missense,tumor-only,1
BRCA,CASP8,missense,both,1
BLCA,PMS2,missense,tumor-only,1
BLCA,POLQ,missense,both,1
BLCA,MUC6,missense,tumor-only,1
BLCA,MYC,missense,tumor-only,1
BLCA,MYC,truncating,tumor-only,1
BLCA,NF1,truncating,both,1
BLCA,NF2,truncating,both,1
BLCA,NFE2L2,missense,both,1
BLCA,PTPRD,missense,tumor-only,1
BLCA,RAC1,missense,both,1
BLCA,RARA,missense,tumor-only,1
BLCA,NSD1,missense,model-only,1
BLCA,PDGFRA,missense,model-only,1
BLCA,PIK3R2,missense,tumor-only,1
BLCA,PLCG1,missense,tumor-only,1
BLCA,PLXNB2,missense,both,1
SKCM,HLA-A,truncating,both,1
SKCM,HUWE1,missense,both,1
SKCM,IDH1,missense,both,1
SKCM,IDH2,missense,both,1
SKCM,IL6ST,missense,tumor-only,1
SKCM,MGA,truncating,both,1
SKCM,MITF,hlamp,both,1
BLCA,PTPRD,missense,both,1
SKCM,KDM5C,missense,both,1
SKCM,KDM6A,truncating,both,1
SKCM,INPPL1,missense,model-only,1
SKCM,INPPL1,truncating,both,1
SKCM,IRF6,missense,both,1
SKCM,JAK1,missense,both,1
SKCM,JAK1,truncating,tumor-only,1
SKCM,JAK2,missense,both,1
SKCM,MAP3K4,missense,tumor-only,1
SKCM,KMT2B,truncating,model-only,1
SKCM,KMT2C,missense,model-only,1
SKCM,KMT2C,truncating,both,1
SKCM,KMT2D,missense,tumor-only,1
SKCM,KMT2D,truncating,tumor-only,1
SKCM,PBRM1,truncating,both,1
SKCM,PCBP1,missense,both,1
SKCM,MDM2,hlamp,tumor-only,1
SKCM,MECOM,missense,model-only,1
SKCM,MET,missense,model-only,1
SKCM,MET,missense,tumor-only,1
SKCM,KRT222,missense,both,1
SKCM,KRT222,missense,tumor-only,1
SKCM,KRT222,truncating,both,1
SKCM,MAP2K1,deletion,both,1
BLCA,ZFP36L2,missense,both,1
BLCA,ZFP36L2,truncating,both,1
BLCA,ZMYM2,missense,both,1
BRCA,ABL1,missense,model-only,1
SKCM,MITF,hlamp,model-only,1
SKCM,MITF,hlamp,tumor-only,1
SKCM,MSH3,missense,both,1
SKCM,MDM2,hlamp,both,1
BLCA,NIPBL,missense,tumor-only,1
BLCA,NOTCH1,missense,tumor-only,1
BLCA,LZTR1,missense,model-only,1
BLCA,MACF1,missense,both,1
BLCA,MACF1,missense,model-only,1
BLCA,MET,truncating,tumor-only,1
BLCA,MGA,truncating,both,1
BLCA,MSH6,truncating,both,1
SKCM,RAD21,missense,both,1
SKCM,RBM10,truncating,both,1
SKCM,RFC1,truncating,both,1
SKCM,RHEB,truncating,both,1
SKCM,PTEN,homdel,model-only,1
SKCM,PTEN,missense,both,1
SKCM,PTEN,missense,tumor-only,1
SKCM,PTPDC1,missense,both,1
SKCM,MYCN,truncating,both,1
SKCM,MYH9,missense,tumor-only,1
SKCM,RRAS2,missense,both,1
SKCM,RUNX1,missense,model-only,1
SKCM,SETBP1,truncating,both,1
SKCM,SETBP1,truncating,tumor-only,1
SKCM,PTPRD,truncating,both,1
SKCM,RAC1,missense,both,1
SKCM,PBRM1,missense,both,1
SKCM,NF1,missense,model-only,1
SKCM,NF2,missense,both,1
SKCM,NF2,truncating,both,1
SKCM,NFE2L2,missense,both,1
SKCM,NIPBL,missense,both,1
SKCM,MSH6,missense,both,1
SKCM,MYCN,missense,both,1
SKCM,PGR,missense,both,1
SKCM,PGR,truncating,tumor-only,1
SKCM,PIK3R2,missense,both,1
SKCM,PIM1,missense,both,1
SKCM,NOTCH2,missense,tumor-only,1
SKCM,NRAS,missense,tumor-only,1
SKCM,NSD1,missense,both,1
SKCM,NUP133,truncating,both,1
SKCM,SPOP,truncating,both,1
SKCM,SPTA1,missense,tumor-only,1
SKCM,SPTAN1,missense,both,1
SKCM,SETD2,missense,both,1
SKCM,SETD2,missense,tumor-only,1
SKCM,SETD2,truncating,both,1
SKCM,SF1,missense,both,1
SKCM,SIN3A,missense,both,1
SKCM,STK11,truncating,both,1
SKCM,TAF1,missense,both,1
SKCM,TBX3,missense,both,1
SKCM,TBX3,missense,tumor-only,1
SKCM,TCF12,missense,both,1
SKCM,SMARCA4,missense,both,1
SKCM,SMC3,missense,model-only,1
SKCM,SOS1,missense,both,1
SKCM,TCF7L2,missense,both,1
SKCM,TCF7L2,truncating,both,1
SKCM,TERT,hlamp,both,1
SKCM,TERT,hlamp,tumor-only,1
SKCM,TERT,promoter,tumor-only,1
SKCM,TET2,missense,both,1
SKCM,SRSF2,missense,both,1
SKCM,STK11,missense,tumor-only,1
SKCM,PTPN11,truncating,tumor-only,1
SKCM,PTPRC,missense,tumor-only,1
SKCM,PLXNB2,missense,both,1
SKCM,PMS2,missense,both,1
SKCM,POLE,missense,both,1
SKCM,POLQ,missense,model-only,1
SKCM,POLQ,missense,tumor-only,1
SKCM,PTEN,homdel,both,1
BLCA,FAT1,truncating,model-only,1
BLCA,CIC,missense,tumor-only,1
BLCA,CNBD1,truncating,tumor-only,1
BLCA,COL5A1,missense,model-only,1
BLCA,CREBBP,missense,model-only,1
BLCA,CTCF,missense,model-only,1
BLCA,CTNNB1,truncating,tumor-only,1
BLCA,CUL3,missense,both,1
BLCA,IRF6,missense,model-only,1
BLCA,KANSL1,missense,tumor-only,1
BLCA,EEF2,missense,model-only,1
BLCA,ELF3,truncating,both,1
BLCA,EP300,truncating,both,1
BLCA,ERBB2,truncating,both,1
BLCA,ESR1,missense,model-only,1
BLCA,FAT1,missense,both,1
BLCA,KMT2B,missense,both,1
BLCA,KMT2C,truncating,both,1
BLCA,FGFR3,truncating,tumor-only,1
BLCA,FLNA,missense,model-only,1
BLCA,FLNA,missense,tumor-only,1
BLCA,FOXQ1,missense,model-only,1
BLCA,GATA3,missense,model-only,1
BLCA,GPS2,truncating,both,1
SKCM,SMAD4,missense,both,1
SKCM,SMARCA1,missense,both,1
SKCM,ZNF750,missense,both,1
SKCM,ZNF750,truncating,both,1
STAD,ACVR2A,truncating,both,1
STAD,AKT1,truncating,both,1
BLCA,KMT2A,missense,tumor-only,1
BLCA,KMT2A,truncating,both,1
STAD,EPAS1,missense,tumor-only,1
STAD,ERBB2,hlamp,tumor-only,1
STAD,ERBB2,truncating,model-only,1
STAD,CTNNB1,missense,both,1
STAD,CTNNB1,truncating,both,1
STAD,CTNND1,missense,both,1
STAD,CTNND1,missense,model-only,1
STAD,CTNND1,truncating,both,1
SKCM,XPO1,missense,both,1
SKCM,XPO1,truncating,both,1
SKCM,TET2,missense,tumor-only,1
SKCM,TET2,truncating,both,1
SKCM,TLR4,truncating,both,1
STAD,EEF2,missense,model-only,1
STAD,EGFR,hlamp,model-only,1
STAD,ELF3,truncating,both,1
SKCM,ZCCHC12,missense,tumor-only,1
SKCM,ZFHX3,missense,tumor-only,1
SKCM,ZNF133,missense,tumor-only,1
SKCM,TP53,truncating,model-only,1
SKCM,TRAF3,missense,both,1
SKCM,USP9X,missense,both,1
SKCM,WT1,missense,both,1
SKCM,WT1,missense,tumor-only,1
BLCA,DMD,missense,both,1
BLCA,PTCH1,missense,model-only,1
BLCA,PTEN,missense,model-only,1
BLCA,PTPRC,missense,both,1
BLCA,PTPRC,missense,tumor-only,1
STAD,APC,missense,both,1
STAD,AR,missense,model-only,1
STAD,ARID5B,missense,both,1
STAD,KMT2B,truncating,tumor-only,1
STAD,GATA6,hlamp,model-only,1
STAD,GATA6,hlamp,tumor-only,1
STAD,GNAQ,missense,tumor-only,1
STAD,HLA-B,truncating,model-only,1
STAD,HUWE1,deletion,both,1
STAD,HUWE1,missense,tumor-only,1
STAD,ERBB3,missense,model-only,1
STAD,KRAS,hlamp,tumor-only,1
STAD,JAK1,missense,both,1
STAD,JAK3,missense,both,1
STAD,KDM5C,missense,model-only,1
STAD,KDM6A,missense,both,1
STAD,KDM6A,truncating,both,1
STAD,KEL,missense,model-only,1
STAD,KMT2B,truncating,both,1
STAD,AXIN1,truncating,both,1
STAD,CCND1,hlamp,model-only,1
STAD,CCNE1,hlamp,both,1
STAD,CD274,hlamp,model-only,1
STAD,CD44,hlamp,model-only,1
STAD,KMT2C,missense,model-only,1
STAD,KMT2D,missense,model-only,1
STAD,KMT2D,truncating,both,1
STAD,CUL1,truncating,both,1
STAD,DACH1,missense,both,1
STAD,EEF2,missense,both,1
STAD,CDKN2A,homdel,both,1
STAD,CHD4,missense,model-only,1
STAD,CHEK2,truncating,tumor-only,1
STAD,COL5A1,missense,both,1
STAD,ATM,missense,both,1
AMPV,ZNF217,hlamp,both,1
AMPV,ZNF217,hlamp,tumor-only,1
BLCA,ALK,missense,both,1
BLCA,ALK,missense,tumor-only,1
BLCA,ARID1A,homdel,model-only,1
BLCA,ARID1A,missense,tumor-only,1
AMPV,TBX3,missense,model-only,1
AMPV,TERT,hlamp,tumor-only,1
BLCA,ARID2,missense,tumor-only,1
BLCA,ASXL1,missense,tumor-only,1
BLCA,ASXL1,truncating,tumor-only,1
BLCA,ATF7IP,missense,model-only,1
BLCA,BRCA1,missense,both,1
BLCA,BRCA2,missense,model-only,1
AMPV,ZBTB20,truncating,both,1
AMPV,ZFHX3,truncating,both,1
STAD,SF3B1,missense,model-only,1
STAD,SMARCA1,missense,model-only,1
STAD,SMARCA4,truncating,both,1
BLCA,CHD3,insertion,both,1
BLCA,CHD8,missense,tumor-only,1
BLCA,CHEK2,truncating,both,1
BLCA,CIC,missense,both,1
BLCA,ARID1A,truncating,both,1
STAD,ERCC2,missense,both,1
STAD,ERCC2,missense,tumor-only,1
STAD,FGFR2,hlamp,both,1
STAD,FGFR2,hlamp,model-only,1
STAD,FLT3,missense,both,1
STAD,FOXA2,truncating,model-only,1
STAD,GATA4,hlamp,both,1
STAD,SETBP1,missense,model-only,1
STAD,PLCB4,missense,model-only,1
STAD,POLRMT,missense,both,1
STAD,PPP2R1A,missense,model-only,1
STAD,KRAS,missense,tumor-only,1
STAD,MUC6,truncating,tumor-only,1
STAD,MYC,hlamp,model-only,1
STAD,MYH9,missense,model-only,1
STAD,MYH9,truncating,both,1
STAD,PTPRD,truncating,tumor-only,1
STAD,RHOB,deletion,both,1
STAD,RPL22,truncating,both,1
STAD,RPS6KA3,missense,both,1
STAD,PBRM1,missense,both,1
STAD,PBRM1,truncating,model-only,1
STAD,PIK3CA,missense,model-only,1
STAD,PLCB4,missense,both,1
BLCA,KIT,truncating,model-only,1
STAD,SOX9,missense,tumor-only,1
STAD,SPTA1,missense,both,1
STAD,SPTAN1,truncating,both,1
STAD,PSIP1,missense,both,1
STAD,PTPN11,missense,model-only,1
STAD,PTPRC,missense,model-only,1
STAD,PTPRD,missense,both,1
AMPV,TERT,promoter,model-only,1
AMPV,TGFBR2,truncating,both,1
AMPV,TLR4,missense,both,1
AMPV,TRAF3,truncating,both,1
AMPV,TSC1,missense,both,1
BLCA,KANSL1,truncating,both,1
BLCA,KDM6A,truncating,both,1
BLCA,KDM6A,truncating,tumor-only,1
STAD,TGFBR2,truncating,both,1
STAD,TLR4,missense,model-only,1
STAD,TNFAIP3,missense,tumor-only,1
STAD,TP53,deletion,both,1
TVA,GATA4,hlamp,model-only,1
TVA,GNAQ,missense,model-only,1
TVA,GNAS,missense,model-only,1
TVA,GNAS,missense,tumor-only,1
STAD,TP53,missense,tumor-only,1
STAD,TP53,truncating,model-only,1
STAD,TSC2,missense,both,1
STAD,ZC3H12A,missense,both,1
STAD,ZFHX3,truncating,both,1
STAD,TERT,promoter,both,1
STAD,TET2,truncating,model-only,1
STAD,TGFBR2,missense,both,1
STAD,ZFP36L1,missense,both,1
STAD,ZFP36L2,missense,model-only,1
STAD,ZMYM2,missense,model-only,1
STAD,ZMYM3,truncating,model-only,1
TVA,ACVR1B,truncating,both,1
TVA,ACVR2A,truncating,model-only,1
TVA,ALB,missense,tumor-only,1
TVA,ALK,missense,both,1
STAD,NF1,truncating,model-only,1
TVA,ARHGAP35,missense,tumor-only,1
TVA,ATM,missense,both,1
TVA,BAP1,missense,both,1
TVA,BRAF,missense,both,1
TVA,BRAF,missense,tumor-only,1
TVA,BRCA1,missense,tumor-only,1
TVA,BRCA2,missense,both,1
TVA,CREB3L3,missense,model-only,1
TVA,CTNNB1,hlamp,model-only,1
TVA,CTNNB1,missense,model-only,1
TVA,PPP2R1A,missense,both,1
TVA,PPP2R1A,missense,model-only,1
TVA,PPP2R2A,hlamp,model-only,1
TVA,RNF43,missense,model-only,1
TVA,SETBP1,missense,tumor-only,1
TVA,ERBB2,missense,both,1
TVA,FAT1,missense,both,1
TVA,FBXW7,missense,both,1
TVA,CACNA1A,missense,model-only,1
TVA,CDK4,hlamp,tumor-only,1
TVA,CIC,truncating,tumor-only,1
TVA,COL5A1,missense,both,1
TVA,COL5A1,missense,tumor-only,1
TVA,FOXA2,missense,model-only,1
TVA,GABRA6,missense,both,1
TVA,GATA3,truncating,tumor-only,1
TVA,DHX9,missense,tumor-only,1
TVA,DMD,missense,tumor-only,1
TVA,DNMT3A,missense,tumor-only,1
TVA,EPHA3,missense,tumor-only,1
TVA,ERBB2,hlamp,model-only,1
TVA,HRAS,missense,both,1
TVA,INPPL1,missense,model-only,1
TVA,JAK3,missense,tumor-only,1
TVA,FBXW7,missense,tumor-only,1
TVA,FGFR1,hlamp,model-only,1
TVA,FGFR1,missense,tumor-only,1
TVA,FGFR3,missense,model-only,1
TVA,FLNA,missense,tumor-only,1
TVA,KRAS,missense,both,1
TVA,KRAS,missense,model-only,1
UCEC,ARHGAP35,truncating,both,1
UCEC,ARID1A,missense,model-only,1
UCEC,ARID2,missense,both,1
UCEC,ASXL1,truncating,model-only,1
UCEC,ASXL2,truncating,model-only,1
UCEC,ALK,truncating,both,1
TVA,MYC,hlamp,model-only,1
TVA,NIPBL,missense,tumor-only,1
TVA,KAT6A,hlamp,model-only,1
TVA,KDM5C,missense,model-only,1
TVA,KEAP1,missense,model-only,1
TVA,KIF1A,missense,tumor-only,1
TVA,KMT2B,missense,both,1
TVA,KMT2D,missense,tumor-only,1
TVA,PLXNB2,missense,model-only,1
TVA,PMS2,missense,model-only,1
TVA,KRAS,missense,tumor-only,1
TVA,MAP3K4,missense,tumor-only,1
TVA,MEN1,missense,model-only,1
TVA,MGA,homdel,both,1
TVA,MSH2,missense,both,1
TVA,MTOR,missense,both,1
TVA,SETD2,missense,both,1
TVA,SMARCA4,deletion,both,1
TVA,SOX17,missense,both,1
TVA,NSD1,missense,both,1
TVA,PDS5B,missense,tumor-only,1
TVA,PIK3CG,missense,both,1
TVA,PIK3R1,missense,model-only,1
TVA,PLCB4,truncating,tumor-only,1
UCEC,CCND1,missense,both,1
UCEC,CCNE1,hlamp,model-only,1
UCEC,CD70,missense,tumor-only,1
UCEC,CDK12,missense,tumor-only,1
UCEC,BRCA2,missense,both,1
UCEC,BRCA2,truncating,model-only,1
UCEC,BRD7,truncating,model-only,1
UCEC,CACNA1A,missense,both,1
TVA,TCF7L2,missense,tumor-only,1
TVA,TCF7L2,truncating,both,1
TVA,TCF7L2,truncating,model-only,1
TVA,TERT,missense,tumor-only,1
TVA,ZNF703,hlamp,model-only,1
UCEC,CARD11,truncating,model-only,1
UCEC,CASP8,missense,tumor-only,1
UCEC,CASP8,truncating,both,1
UCEC,ACVR2A,truncating,both,1
UCEC,AKT1,missense,both,1
UCEC,AKT1,missense,tumor-only,1
UCEC,ALB,missense,model-only,1
UCEC,ALK,missense,tumor-only,1
TVA,SOX9,truncating,model-only,1
TVA,SPTA1,missense,both,1
TVA,SPTAN1,missense,model-only,1
UCEC,APC,missense,model-only,1
UCEC,APC,truncating,both,1
UCEC,AR,missense,both,1
UCEC,AR,missense,tumor-only,1
UCEC,ARAF,missense,both,1
UCEC,ARAF,truncating,both,1
UCEC,ABL1,truncating,tumor-only,1
UCEC,ACVR1,missense,both,1
UCEC,DDX3X,missense,both,1
UCEC,CTCF,missense,tumor-only,1
UCEC,CTCF,truncating,tumor-only,1
UCEC,CTNND1,missense,both,1
UCEC,CUL1,truncating,both,1
UCEC,CUL1,truncating,tumor-only,1
UCEC,CUL3,missense,tumor-only,1
UCEC,CUL3,truncating,both,1
UCEC,ATRX,truncating,both,1
UCEC,ATXN3,truncating,tumor-only,1
UCEC,CUL3,truncating,tumor-only,1
UCEC,CYLD,missense,model-only,1
UCEC,CYSLTR2,missense,both,1
UCEC,DACH1,missense,tumor-only,1
UCEC,DACH1,truncating,tumor-only,1
UCEC,DAZAP1,truncating,both,1
UCEC,BRAF,truncating,both,1
UCEC,BRCA1,truncating,model-only,1
UCEC,ATF7IP,missense,model-only,1
UCEC,ATF7IP,missense,tumor-only,1
UCEC,ATM,missense,both,1
UCEC,ATM,truncating,both,1
UCEC,ATR,missense,both,1
UCEC,ATRX,missense,model-only,1
UCEC,CACNA1A,missense,model-only,1
UCEC,CACNA1A,missense,tumor-only,1
UCEC,CACNA1A,truncating,model-only,1
UCEC,AXIN1,missense,tumor-only,1
UCEC,B2M,truncating,both,1
UCEC,BAP1,missense,tumor-only,1
UCEC,BCL2L11,truncating,tumor-only,1
UCEC,BCOR,missense,both,1
UCEC,EPHA3,missense,both,1
UCEC,EPHA3,missense,model-only,1
UCEC,EPHA3,truncating,both,1
UCEC,EEF1A1,missense,both,1
UCEC,EEF2,missense,tumor-only,1
UCEC,EGFR,insertion,both,1
UCEC,EGR3,missense,model-only,1
UCEC,EGR3,missense,tumor-only,1
UCEC,ERBB3,missense,model-only,1
UCEC,ERBB3,truncating,both,1
UCEC,ERBB4,missense,both,1
UCEC,ERCC2,missense,tumor-only,1
UCEC,ESR1,missense,model-only,1
UCEC,EP300,missense,model-only,1
UCEC,EPAS1,missense,tumor-only,1
UCEC,EPHA2,missense,both,1
UCEC,CHD3,missense,both,1
UCEC,CHD3,truncating,both,1
UCEC,CHD8,missense,both,1
UCEC,CHD8,missense,model-only,1
UCEC,CIC,truncating,both,1
UCEC,ERBB2,hlamp,both,1
UCEC,ERBB2,missense,tumor-only,1
UCEC,ERBB3,missense,both,1
UCEC,CIC,truncating,model-only,1
UCEC,CNBD1,missense,tumor-only,1
UCEC,COL5A1,missense,both,1
UCEC,COL5A1,truncating,both,1
UCEC,CREB3L3,missense,model-only,1
UCEC,CREBBP,missense,both,1
UCEC,CSDE1,missense,tumor-only,1
UCEC,CDK4,truncating,both,1
AMPV,NIPBL,truncating,both,1
AMPV,NOTCH1,missense,both,1
AMPV,NSD1,missense,both,1
AMPV,PAX5,missense,tumor-only,1
AMPV,PDS5B,truncating,both,1
AMPV,MCL1,hlamp,tumor-only,1
AMPV,MDM2,hlamp,tumor-only,1
AMPV,MGA,truncating,both,1
AMPV,PTEN,homdel,both,1
AMPV,PTEN,truncating,both,1
AMPV,RB1,hlamp,tumor-only,1
AMPV,RBM10,missense,both,1
AMPV,RNF43,truncating,both,1
AMPV,NCOR1,truncating,both,1
AMPV,NF1,missense,both,1
AMPV,NF1,truncating,both,1
UCEC,GTF2I,missense,both,1
UCEC,HGF,truncating,tumor-only,1
AMPV,SOX9,truncating,model-only,1
AMPV,SPTA1,missense,both,1
AMPV,SPTA1,truncating,both,1
AMPV,PIK3R2,missense,both,1
AMPV,PLXNB2,missense,both,1
AMPV,PTCH1,missense,both,1
UCEC,EP300,missense,both,1
UCEC,DDX3X,truncating,model-only,1
UCEC,DHX9,missense,tumor-only,1
UCEC,DHX9,truncating,model-only,1
UCEC,DIAPH2,missense,tumor-only,1
UCEC,DICER1,missense,tumor-only,1
UCEC,DMD,missense,tumor-only,1
UCEC,GNAS,truncating,both,1
UCEC,FAT1,missense,tumor-only,1
UCEC,FAT1,truncating,model-only,1
UCEC,FAT1,truncating,tumor-only,1
UCEC,FBXW7,missense,both,1
UCEC,FBXW7,missense,tumor-only,1
UCEC,FBXW7,truncating,both,1
UCEC,FGFR1,missense,both,1
UCEC,FGFR2,missense,tumor-only,1
UCEC,GNA13,missense,tumor-only,1
UCEC,GNAQ,missense,tumor-only,1
UCEC,GNAS,missense,both,1
UCEC,GNAS,missense,tumor-only,1
UCEC,FGFR3,missense,tumor-only,1
UCEC,FLT3,missense,both,1
UCEC,FOXA2,missense,both,1
UCEC,FOXA2,missense,model-only,1
BLCA,CDKN1A,missense,both,1
UCEC,HRAS,missense,model-only,1
UCEC,HUWE1,truncating,model-only,1
UCEC,HUWE1,truncating,tumor-only,1
UCEC,FOXA2,missense,tumor-only,1
UCEC,FOXQ1,missense,both,1
UCEC,FOXQ1,missense,tumor-only,1
UCEC,FUBP1,missense,tumor-only,1
AMPV,MSH6,truncating,model-only,1
AMPV,MUC6,missense,both,1
AMPV,MYC,hlamp,both,1
AMPV,MYCN,truncating,both,1
AMPV,MYH9,missense,both,1
BLCA,BRCA2,missense,tumor-only,1
BLCA,CACNA1A,missense,tumor-only,1
BLCA,CDK12,missense,both,1
UCEC,INPPL1,truncating,model-only,1
UCEC,IRF2,missense,both,1
UCEC,MET,missense,both,1
UCEC,MET,missense,model-only,1
UCEC,MGA,missense,both,1
UCEC,MGA,truncating,model-only,1
UCEC,MLH1,missense,both,1
UCEC,MSH3,missense,both,1
UCEC,JAK3,truncating,both,1
UCEC,KANSL1,missense,tumor-only,1
UCEC,IDH2,missense,tumor-only,1
UCEC,IL6ST,truncating,tumor-only,1
UCEC,IL7R,missense,tumor-only,1
UCEC,INPPL1,deletion,model-only,1
UCEC,INPPL1,missense,tumor-only,1
UCEC,INPPL1,truncating,both,1
UCEC,KEAP1,missense,tumor-only,1
UCEC,KEL,missense,tumor-only,1
UCEC,KIT,missense,both,1
UCEC,KLF5,missense,tumor-only,1
UCEC,IRF6,truncating,both,1
UCEC,JAK1,missense,both,1
UCEC,JAK1,missense,tumor-only,1
UCEC,JAK2,missense,both,1
UCEC,KMT2A,missense,tumor-only,1
UCEC,KMT2B,missense,model-only,1
UCEC,KMT2B,truncating,model-only,1
UCEC,KMT2C,truncating,model-only,1
UCEC,KMT2D,missense,tumor-only,1
UCEC,KANSL1,truncating,both,1
UCEC,KDM5C,missense,model-only,1
UCEC,KDM6A,missense,both,1
UCEC,PGR,truncating,tumor-only,1
UCEC,PHF6,missense,both,1
UCEC,NOTCH1,missense,tumor-only,1
UCEC,NOTCH1,truncating,both,1
UCEC,NOTCH2,missense,both,1
UCEC,NPM1,truncating,model-only,1
UCEC,NUP133,missense,both,1
UCEC,NUP93,missense,tumor-only,1
UCEC,LATS1,missense,tumor-only,1
UCEC,LATS2,missense,tumor-only,1
UCEC,LZTR1,missense,tumor-only,1
UCEC,PBRM1,missense,tumor-only,1
UCEC,PBRM1,truncating,tumor-only,1
UCEC,PDGFRA,missense,tumor-only,1
UCEC,PDS5B,truncating,model-only,1
UCEC,PDS5B,truncating,tumor-only,1
UCEC,MACF1,truncating,model-only,1
UCEC,MAP2K1,missense,tumor-only,1
UCEC,MAP2K4,missense,tumor-only,1
UCEC,MAP3K1,missense,model-only,1
UCEC,MAP3K1,truncating,model-only,1
UCEC,MAP3K4,missense,model-only,1
UCEC,KRT222,truncating,tumor-only,1
UCEC,LATS1,missense,both,1
UCEC,MSH6,missense,both,1
UCEC,MAX,missense,tumor-only,1
UCEC,MCL1,hlamp,both,1
UCEC,MED12,missense,model-only,1
UCEC,MED12,truncating,model-only,1
UCEC,MEN1,missense,both,1
UCEC,MEN1,truncating,both,1
UCEC,MACF1,missense,tumor-only,1
UCEC,PPP6C,missense,both,1
UCEC,PRKAR1A,missense,tumor-only,1
UCEC,PSIP1,missense,tumor-only,1
UCEC,PSIP1,truncating,both,1
UCEC,PTCH1,missense,tumor-only,1
UCEC,PTEN,missense,both,1
UCEC,PLXNB2,missense,model-only,1
UCEC,PLXNB2,truncating,model-only,1
UCEC,PTEN,missense,tumor-only,1
UCEC,PTPDC1,missense,model-only,1
UCEC,PTPDC1,truncating,tumor-only,1
UCEC,PTPRC,truncating,model-only,1
UCEC,PTPRD,missense,both,1
UCEC,PTPRD,missense,tumor-only,1
UCEC,RAD21,missense,both,1
UCEC,PPP2R1A,missense,tumor-only,1
UCEC,NOTCH1,missense,model-only,1
UCEC,MTOR,missense,tumor-only,1
UCEC,MYC,hlamp,both,1
UCEC,MYC,hlamp,model-only,1
UCEC,MYC,truncating,tumor-only,1
UCEC,MYCN,missense,both,1
UCEC,MYH9,deletion,both,1
UCEC,MYH9,missense,both,1
UCEC,PAX5,missense,model-only,1
UCEC,NCOR1,missense,both,1
UCEC,NF1,truncating,both,1
UCEC,NFE2L2,missense,both,1
UCEC,NFE2L2,truncating,both,1
UCEC,NIPBL,missense,both,1
UCEC,NIPBL,truncating,both,1
UCEC,NOTCH1,missense,both,1
UCEC,RFC1,missense,tumor-only,1
UCEC,RHOB,missense,model-only,1
UCEC,RIT1,hlamp,both,1
UCEC,RNF111,truncating,both,1
UCEC,RNF111,truncating,model-only,1
UCEC,RNF43,missense,both,1
UCEC,RAF1,missense,model-only,1
UCEC,RARA,missense,tumor-only,1
UCEC,RNF43,truncating,both,1
UCEC,RNF43,truncating,model-only,1
UCEC,RPL22,truncating,both,1
UCEC,RPL5,missense,model-only,1
UCEC,RPS6KA3,missense,both,1
UCEC,RRAS2,missense,both,1
UCEC,RUNX1,missense,tumor-only,1
UCEC,RET,missense,tumor-only,1
UCEC,PLCB4,missense,tumor-only,1
UCEC,PLCG1,missense,both,1
UCEC,RXRA,missense,model-only,1
UCEC,RXRA,truncating,both,1
UCEC,SCAF4,truncating,both,1
UCEC,SF1,missense,both,1
UCEC,SF1,missense,tumor-only,1
UCEC,SF3B1,missense,both,1
UCEC,PLXNB2,truncating,tumor-only,1
UCEC,PMS2,truncating,model-only,1
UCEC,POLE,missense,both,1
UCEC,PPM1D,missense,tumor-only,1
UCEC,PPM1D,truncating,both,1
UCEC,PIK3CB,truncating,model-only,1
UCEC,PIK3R2,missense,both,1
UCEC,PIK3R2,missense,tumor-only,1
AMPV,GNAS,missense,both,1
AMPV,GNAS,missense,model-only,1
AMPV,GNAS,missense,tumor-only,1
AMPV,GRIN2D,missense,both,1
AMPV,HUWE1,missense,both,1
AMPV,EGFR,hlamp,tumor-only,1
AMPV,EGFR,missense,both,1
AMPV,EGR3,missense,both,1
AMPV,KDM6A,missense,both,1
AMPV,KIF1A,missense,tumor-only,1
AMPV,KIF1A,truncating,both,1
AMPV,KLF5,missense,model-only,1
AMPV,KMT2A,missense,both,1
AMPV,GATA3,truncating,both,1
AMPV,GATA6,hlamp,tumor-only,1
AMPV,GATA6,homdel,model-only,1
UCEC,TCF7L2,missense,both,1
UCEC,TERC,hlamp,both,1
AMPV,KRAS,hlamp,tumor-only,1
AMPV,MACF1,truncating,both,1
AMPV,CDK4,hlamp,tumor-only,1
AMPV,INPPL1,missense,both,1
AMPV,INPPL1,truncating,both,1
AMPV,KDM5C,truncating,both,1
UCEC,RASA1,missense,tumor-only,1
UCEC,RB1,missense,both,1
UCEC,RB1,missense,tumor-only,1
UCEC,RBM10,missense,tumor-only,1
UCEC,RBM10,truncating,both,1
UCEC,RET,missense,both,1
UCEC,TBX3,missense,both,1
UCEC,TBX3,missense,tumor-only,1
UCEC,ZNF133,truncating,model-only,1
UCEC,ZNF750,missense,model-only,1
UCEC,ZNF750,missense,tumor-only,1
UVM,CHD4,truncating,both,1
UVM,GNAQ,missense,both,1
UVM,KANSL1,missense,tumor-only,1
WT,BAP1,hlamp,model-only,1
AMPV,B2M,truncating,both,1
WT,BRCA1,hlamp,model-only,1
WT,BRCA2,missense,tumor-only,1
WT,CDK4,hlamp,model-only,1
WT,CTNNB1,missense,both,1
WT,FGFR1,hlamp,both,1
WT,FGFR2,hlamp,both,1
WT,FGFR3,hlamp,model-only,1
WT,FGFR3,hlamp,tumor-only,1
WT,GATA4,hlamp,both,1
WT,IGF2,hlamp,model-only,1
WT,KAT6A,hlamp,both,1
WT,MACF1,missense,tumor-only,1
WT,MAP3K4,missense,model-only,1
WT,MCL1,hlamp,model-only,1
WT,MSH2,truncating,tumor-only,1
WT,MYCN,missense,both,1
UCEC,SMARCB1,missense,model-only,1
UCEC,ZCCHC12,missense,tumor-only,1
UCEC,ZFHX3,truncating,model-only,1
UCEC,ZMYM2,missense,both,1
WT,TERT,hlamp,model-only,1
WT,TP53,missense,both,1
WT,WT1,truncating,both,1
AMPV,CCND2,hlamp,tumor-only,1
UCEC,TGFBR2,missense,both,1
UCEC,THRAP3,missense,both,1
UCEC,TLR4,truncating,model-only,1
UCEC,TNFAIP3,missense,both,1
UCEC,TP53,missense,model-only,1
UCEC,TP53,truncating,both,1
AMPV,CCNE1,hlamp,tumor-only,1
WT,PIK3CA,missense,model-only,1
UCEC,TSC1,missense,both,1
UCEC,TSC1,truncating,model-only,1
UCEC,TSC2,missense,tumor-only,1
UCEC,TXNIP,missense,both,1
UCEC,TXNIP,missense,tumor-only,1
UCEC,U2AF1,missense,both,1
UCEC,UNCX,missense,model-only,1
UCEC,UNCX,missense,tumor-only,1
AMPV,BRAF,missense,both,1
UCEC,WT1,missense,both,1
UCEC,XPO1,missense,both,1
UCEC,ZBTB20,missense,both,1
UCEC,ZBTB20,truncating,both,1
UCEC,ZBTB7B,truncating,both,1
UCEC,ZC3H12A,missense,both,1
UCEC,ZC3H12A,missense,tumor-only,1
AMPV,BAP1,truncating,both,1
AMPV,KMT2B,truncating,both,1
AMPV,KMT2C,missense,tumor-only,1
AMPV,KMT2C,truncating,model-only,1
AMPV,KMT2D,missense,both,1
UCEC,ZMYM2,truncating,both,1
UCEC,ZMYM3,missense,both,1
UCEC,ZMYM3,missense,tumor-only,1
