case,tumor_id,tumor_n_wgd,tumor_fraction_diploid,model_id,model_type,model_n_wgd,model_fraction_diploid,cancer_type,loh_union,loh_match,loh_shared,loh_model,loh_tumor,cn_equal,cn_equal_wgd,cn_mean_sq_diff,cn_mean_sq_diff_wgd,cn_correlation,tumor_consensus_purity,tumor_consensus_ploidy,model_consensus_purity,model_consensus_ploidy,is_wgd_tumor,is_wgd_model,wgd_status
HCM-BROD-0001-C18,HCM-BROD-0001-C18-06A,1,0.05389017455106471,HCM-BROD-0001-C18-85M,model,1,0.3087024379742748,READ,0.2702043305885941,0.5277519585712389,0.872396534093967,0.1260606712950505,0.0015427946109825448,0.4333953142432131,0.4333953142432131,1.5263108962439569,1.5263108962439569,0.49220767068974147,0.94,3.28,0.978157014,2.50597992,True,True,Both WGD
HCM-BROD-0002-C71,HCM-BROD-0002-C71-01A,0,0.7469816837988627,HCM-BROD-0002-C71-85A,model,0,0.8097518970991874,GBM,0.15840553970902177,0.7544733861834655,0.9611072242254632,0.0013275209443338177,0.0375652548302029,0.916506019714109,0.916506019714109,0.08607645582511912,0.08607645582511912,0.9010917109346921,0.823632044,1.97368638,0.9075,1.91,False,False,Both diploid
HCM-BROD-0003-C71,HCM-BROD-0003-C71-01A,1,0.03347505516387708,HCM-BROD-0003-C71-85B,model,1,0.03309832624724181,GBM,0.1804172721238541,0.9906532763249478,0.9983136896112517,0.00044848680551818167,0.0012378235832301815,0.9966172826106618,0.9966172826106618,0.006078037662126228,0.006078037662126228,0.9895502795751879,0.878677167,2.889002164,0.9726405,2.861538526,True,True,Both WGD
HCM-BROD-0007-C49,HCM-BROD-0007-C49-06A,1,0.000609942055504727,HCM-BROD-0007-C49-85B,model,1,0.0006637604721669089,SARC,0.05408750874549271,0.9897180762852404,0.9994438763611575,0.00012557630554509087,0.0004305473332974544,0.9463914544435809,0.9463914544435809,0.06289876552135486,0.06289876552135486,0.8802585811386654,0.8420606,3.774314508,0.98545353,3.69007432,True,True,Both WGD
HCM-BROD-0011-C71,HCM-BROD-0011-C71-01A,0,0.804710905405163,HCM-BROD-0011-C71-85A,model,1,0.0006278815277254543,GBM,0.16418204976409595,0.6156031468531469,0.9368889367274815,0.06128123710600434,0.0018298261665141812,0.062203651557816333,0.677863566173131,2.9880279771096374,0.6808792805886094,0.8034983537191583,0.623553333,2.060509288,0.993665,3.585613113,False,True,Model WGD
HCM-BROD-0012-C71,HCM-BROD-0012-C71-01A,0,0.8087293471826059,HCM-BROD-0012-C71-85A,model,0,0.7778375760185136,GBM,0.17186014387456722,0.8093945720250522,0.967242523724952,0.0298692212475109,0.00288825502753709,0.9718789866958265,0.9718789866958265,0.028722434845999636,0.028722434845999636,0.8930678749760936,0.796921167,2.031103756,0.996,1.936666667,False,False,Both diploid
HCM-BROD-0014-C71,HCM-BROD-0014-C71-01A,0,0.7345316900776779,HCM-BROD-0014-C71-85B,model,0,0.7664460111583518,GBM,0.18170891412374648,0.8019547832954882,0.9640134187252211,0.0005023052221803635,0.03548427605259853,0.9611889950851484,0.9611889950851484,0.10749197482725475,0.10749197482725475,0.7999546674366561,0.784243167,1.937458622,0.994876833,1.960673428,False,False,Both diploid
HCM-BROD-0019-C25,HCM-BROD-0019-C25-01B,0,0.9934162136949931,HCM-BROD-0019-C25-85A,model,0,0.7771020576574638,PAAD,0.2089589724270312,0.0027472527472527475,0.7916150906840321,0.20825933301042282,0.00012557630554509087,0.8015664376235111,0.8015664376235111,0.20474282502674185,0.20474282502674185,0.153958050445565,0.11,1.89,0.991067,1.794384654,False,False,Both diploid
HCM-BROD-0025-C16,HCM-BROD-0025-C16-01A,0,0.7988985164056474,HCM-BROD-0025-C16-85A,model,0,0.7951671061837361,STAD,0.17656028559639775,0.9824222718959561,0.9968964713058142,0.0005740631110632725,0.0025294655831225444,0.9943970457150134,0.9943970457150134,0.008131560277237089,0.008131560277237089,0.976799003922229,0.5775,1.865,0.9994165,1.829166928,False,False,Both diploid
HCM-BROD-0027-C34,HCM-BROD-0027-C34-06A,1,0.005058931166245089,HCM-BROD-0027-C34-85A,model,1,0.004466928582961089,LUAD,0.13989200437723123,0.9562708386765837,0.993882639972732,0.0005381841666218179,0.00557917586064618,0.9228915662650602,0.9228915662650602,0.09408626873907845,0.09408626873907845,0.9544676311072281,0.483213008,3.860172696,0.985533667,3.837624061,True,True,Both WGD
HCM-BROD-0028-C71,HCM-BROD-0028-C71-01A,0,0.8224351039592415,HCM-BROD-0028-C71-85A,model,0,0.7800261916294423,GBM,0.1558043162370163,0.5382843983880253,0.9280627163948837,0.061119781856017796,0.010817501749098542,0.900062209536356,0.900062209536356,0.10218831192593406,0.10218831192593406,0.7463692229129338,0.569926,1.984321396,0.996116667,1.870017043,False,False,Both diploid
HCM-BROD-0035-C49,HCM-BROD-0035-C49-06A,0,0.9693593814469978,HCM-BROD-0035-C49-85M,model,0,0.9145901727571175,SARC,0.04090199666325817,0.1355263157894737,0.9646413002529466,0.032900992052813806,0.0024577076942396353,0.9373785517873511,0.9373785517873511,0.09807516040329972,0.09807516040329972,0.5746497158796611,0.36,2.036666667,0.821736829,2.021844316,False,False,Both diploid
HCM-BROD-0036-C41,HCM-BROD-0036-C41-06A,0,0.9927345137506055,HCM-BROD-0036-C41-85A,model,0,0.820300306764975,SARC,0.0802073802988716,0.0033549541489599644,0.9200617117844393,0.07981271191001561,0.00012557630554509087,0.8293611927304386,0.8293611927304386,0.1790728044400914,0.1790728044400914,0.09866708224595597,0.243333333,1.963333333,0.956798167,1.979599662,False,False,Both diploid
HCM-BROD-0041-C64,HCM-BROD-0041-C64-01A,0,0.7696930556303033,HCM-BROD-0041-C64-85A,model,0,0.7771379366019052,WT,0.20189082037206466,0.4512173449440199,0.8892058195647884,0.02762678721991999,0.08316739321529161,0.7915912291289479,0.7915912291289479,0.3531391159634974,0.3531391159634974,0.2556977089299215,0.8714045,1.912857301,0.986,1.9925,False,False,Both diploid
HCM-BROD-0045-C16,HCM-BROD-0045-C16-06A,0,0.9844464775846294,HCM-BROD-0045-C16-85A,model,1,0.008485370360403997,STAD,0.31112426672407295,0.0012685233235311076,0.689270401664783,0.3061370934467108,0.00459250488850618,0.07739254642254252,0.2900736453521806,3.394475671063127,1.5523030404214666,0.2524431518651134,0.240801225,1.956666667,0.986182,3.3375,False,True,Model WGD
HCM-BROD-0047-C71,HCM-BROD-0047-C71-02A,0,0.5649498591751431,HCM-BROD-0047-C71-85B,model,0,0.4384586405467951,GBM,0.46131352815600163,0.722846587594789,0.8721453814828768,0.12125289273989559,0.006601725777227634,0.8240443964175168,0.8240443964175168,0.18218282386124288,0.18218282386124288,0.7982832580525238,0.845475833,1.676132628,0.988718833,1.64,False,False,Both diploid
HCM-BROD-0048-C71,HCM-BROD-0048-C71-01A,0,0.8578296826507364,HCM-BROD-0048-C71-85A,model,0,0.8542597276788116,GBM,0.07977683296557415,0.9781875421632561,0.9982598711945895,0.0005740631110632725,0.0011660656943472724,0.9854713225981545,0.9854713225981545,0.015324769314275375,0.015324769314275375,0.9783841048911698,0.615,1.99,0.996666667,1.968570243,False,False,Both diploid
HCM-BROD-0051-C64,HCM-BROD-0051-C64-06B,0,0.9599949769477782,HCM-BROD-0051-C64-85A,model,0,0.9167787883680462,WT,0.050876343217982525,0.04548660084626234,0.9514378486984912,0.02093536408158872,0.02762678721991999,0.9268796924304523,0.9268796924304523,0.07834318668165827,0.07834318668165827,-0.013603203664466433,0.9,1.74,0.9968252,2.017712933,False,False,Both diploid
HCM-BROD-0053-C49,HCM-BROD-0053-C49-06A,0,0.9946899162226648,HCM-BROD-0053-C49-85M,model,1,0.0005023052221803635,SARC,0.11337746443499633,0.0018987341772151898,0.8868378092316525,0.11294691710169887,0.0002152736666487272,0.04926771581915765,0.6275993814245429,4.243755116892568,1.1141271718366232,-0.02714140241615177,0.52,1.996494902,0.96,3.78,False,True,Model WGD
HCM-BROD-0055-C64,HCM-BROD-0055-C64-01A,0,0.9641928134474284,HCM-BROD-0055-C64-85A,model,0,0.9643722081696356,WT,0.00046642627773890895,0.7692307692307693,0.9998923631666756,7.175788888290906e-05,3.587894444145453e-05,0.9997291734373307,0.9997291734373307,0.00043332250027082654,0.00043332250027082654,0.9927161886221211,0.97,2.1125,1.0,2.006666667,False,False,Both diploid
HCM-BROD-0095-C15,HCM-BROD-0095-C15-06A,1,0.3137075507238577,HCM-BROD-0095-C15-85A,model,1,0.31340257969610535,ESCA,0.3546454263315573,0.9897313976427741,0.9963582871391924,0.0006996394166083634,0.0029420734441992715,0.9924953095684803,0.9924953095684803,0.01686715962182246,0.01686715962182246,0.9898040367135522,0.45,2.5,0.9971855,2.52712729,True,True,Both WGD
HCM-BROD-0097-C15,HCM-BROD-0097-C15-06A,1,0.004072260194105089,HCM-BROD-0097-C15-85B,model,1,0.005328023249555998,ESCA,0.40500152485513874,0.9235914245216159,0.9690544104192454,0.02448737958129272,0.006458209999461816,0.6508654825206471,0.6508654825206471,0.6909152619074556,0.6909152619074556,0.859851071803536,0.807459333,3.742572009,0.99,3.4025,True,True,Both WGD
HCM-BROD-0098-C15,HCM-BROD-0098-C15-06A,1,0.011732414832355632,HCM-BROD-0098-C15-85A,model,1,0.01194768849900436,ESCA,0.48316380532084746,0.9795046968403074,0.9900974113341585,0.003713470749690544,0.006189117916150907,0.9507177574318978,0.9507177574318978,0.084397724275649,0.084397724275649,0.9650149456045668,0.7929192,2.839343634,0.992199667,2.825338864,True,True,Both WGD
HCM-BROD-0100-C15,HCM-BROD-0100-C15-01A,1,0.07947186193782178,HCM-BROD-0100-C15-85A,model,1,0.15232405862619522,ESCA,0.5738478373966238,0.6540577716643742,0.801481800405432,0.026891268858870172,0.17162693073569776,0.47883498075907344,0.47883498075907344,1.1143891948992681,1.1143891948992681,0.5158208400039169,0.436304,2.702797316,0.9927325,2.875,True,True,Both WGD
HCM-BROD-0101-C15,HCM-BROD-0101-C15-06A,0,0.4312649121862835,HCM-BROD-0101-C15-85A,model,1,0.1524496349317403,ESCA,0.576395242451967,0.6616868969810147,0.8049979369606947,0.07317510718834652,0.12182695585095886,0.16207701716022385,0.4720729402171899,1.438901449167933,2.087950780178644,0.6611478746852174,0.1,1.826666667,0.9930915,2.542748162,False,True,Model WGD
HCM-BROD-0103-C71,HCM-BROD-0103-C71-01A,0,0.8704590710941285,HCM-BROD-0103-C71-85B,model,0,0.8138600362377338,GBM,0.13312882335001705,0.6759196873736694,0.9568555693091509,0.01732953016522254,0.025814900525626537,0.8883888878808224,0.8883888878808224,0.13093574785433035,0.13093574785433035,0.6102732892824836,0.958645667,1.907552181,0.996176667,1.967804898,False,False,Both diploid
HCM-BROD-0104-C71,HCM-BROD-0104-C71-01A,0,0.8678937265665644,HCM-BROD-0104-C71-85B,model,0,0.8334140609583266,GBM,0.05051755377356798,0.8931107954545454,0.9946002188615611,0.0027267997775505446,0.0026729813608883627,0.9703322277400084,0.9703322277400084,0.04482234153671364,0.04482234153671364,0.854449849153049,0.8796932,2.02029544,0.986666667,2.047308925,False,False,Both diploid
HCM-BROD-0106-C71,HCM-BROD-0106-C71-02A,0,0.7734782842688768,HCM-BROD-0106-C71-85A,model,0,0.7793086127406131,GBM,0.1848662612345945,0.6061135371179039,0.9271836822560681,0.03334947885833199,0.039466838885599986,0.9341339288983268,0.9341339288983268,0.07241972686998865,0.07241972686998865,0.8191084422625164,0.527067333,1.912487419,0.991981833,1.89190287,False,False,Both diploid
HCM-BROD-0110-C25,HCM-BROD-0110-C25-01A,0,0.9965018029169582,HCM-BROD-0110-C25-85A,model,0,0.7478607179376783,PAAD,0.22998403386972355,0.00109204368174727,0.7702671187413667,0.2295534865364261,0.00017939472220727267,0.8319118821223779,0.8319118821223779,0.16928576613195906,0.16928576613195906,0.06727109186573034,0.3485365,2.000241812,0.9569865,1.842952931,False,False,Both diploid
HCM-BROD-0115-C16,HCM-BROD-0115-C16-01A,0,0.5015158854026515,HCM-BROD-0115-C16-85A,model,0,0.4906445652368907,STAD,0.4066698957716664,0.8209890158366051,0.9272016217282888,0.018154745887375992,0.054643632384335256,0.9108042271836481,0.9108042271836481,0.09181486840418322,0.09181486840418322,0.8385947822928511,0.628690667,1.995721242,0.992571333,1.989025623,False,False,Both diploid
HCM-BROD-0116-C16,HCM-BROD-0116-C16-01A,0,0.43296916204725255,HCM-BROD-0116-C16-85B,model,1,0.0648691315501498,STAD,0.39210304432843585,0.7447042137530311,0.8998977450083419,0.04560213838508871,0.054500116606569435,0.13100830892241935,0.41222203798890916,2.238526870428711,2.083863004108403,0.6005129346894985,0.3553198,2.12316571,0.9768325,3.289192701,False,True,Model WGD
HCM-BROD-0118-C16,HCM-BROD-0118-C16-06A,0,0.7050212582745815,HCM-BROD-0118-C16-85A,model,0,0.7182067703568161,STAD,0.13219597079453924,0.7391776360428823,0.9655203343917622,0.027734424053244354,0.006745241554993452,0.9060915099694234,0.9060915099694234,0.10458282219821667,0.10458282219821667,0.8864472329956274,0.331311,2.145452466,0.995,2.043327709,False,False,Both diploid
HCM-BROD-0120-C15,HCM-BROD-0120-C15-06A,2,0.0003408499721938181,HCM-BROD-0120-C15-85A,model,2,0.00048436574995963617,ESCA,0.4140788977988268,0.6327874534269128,0.8479450334571157,0.12577363973951886,0.026281326803365444,0.2849651002202232,0.2849651002202232,4.113377626814975,4.113377626814975,0.6701438514967695,0.239716,5.211314617,0.984,4.2625,True,True,Both WGD
HCM-BROD-0125-C25,HCM-BROD-0125-C25-01A,0,0.6876737886371384,HCM-BROD-0125-C25-85B,model,1,0.018746748470659994,PAAD,0.24618337728504028,0.8589958463892735,0.9652871212528927,0.030281829108587625,0.004431049638519635,0.1269518497099043,0.39661959218700443,1.8843907990224427,1.7401078297856463,0.5219078124163965,0.3509486,2.016666667,0.979971667,3.182853684,False,True,Model WGD
HCM-BROD-0195-C71,HCM-BROD-0195-C71-01A,1,0.06067129505049961,HCM-BROD-0195-C71-85A,model,2,0.0001614552499865454,GBM,0.17708053029079884,0.993009826765272,0.9987621764167698,0.00026909208331090897,0.0009687314999192723,0.06232468919090103,0.25946904576630053,8.126332362149153,3.1360140429613277,0.591912553314759,0.702005,3.236959057,0.971323833,5.341161507,True,True,Both WGD
HCM-BROD-0196-C71,HCM-BROD-0196-C71-01A,0,0.8452002942073444,HCM-BROD-0196-C71-85A,model,0,0.8446621100407226,GBM,0.0932314371311196,0.9878776217048297,0.9988698132500942,0.0007175788888290907,0.0004126078610767271,0.9987323433538573,0.9987323433538573,0.0017928286852589642,0.0017928286852589642,0.9939595814567939,0.909404,1.935713606,0.9894145,1.884809837,False,False,Both diploid
HCM-BROD-0198-C71,HCM-BROD-0198-C71-01A,0,0.8409665787632528,HCM-BROD-0198-C71-85B,model,0,0.8128374863211524,GBM,0.08863893224261342,0.6937866828577212,0.9728575785300396,0.024236226970202536,0.002906194499757817,0.9629353460034555,0.9629353460034555,0.0380649267982177,0.0380649267982177,0.8988783867339999,0.7467494,2.106959743,0.9895815,1.967275227,False,False,Both diploid
HCM-BROD-0199-C71,HCM-BROD-0199-C71-01A,0,0.8382218395134815,HCM-BROD-0199-C71-85A,model,0,0.8263817878478015,GBM,0.11135030407405413,0.902368293861769,0.9891286798342392,0.00997434655472436,0.0008969736110363633,0.9879854809437386,0.9879854809437386,0.013666061705989111,0.013666061705989111,0.9754275441512567,0.6461895,2.09191557,0.984394333,1.932257367,False,False,Both diploid
HCM-BROD-0199-C71,HCM-BROD-0199-C71-02A,0,0.8213587356259979,HCM-BROD-0199-C71-85R,model,0,0.8095545629047594,GBM,0.13687817304414904,0.7490170380078637,0.9656459106973073,0.024433561164630538,0.009920528138062178,0.9534477106327177,0.9534477106327177,0.04835537099770517,0.04835537099770517,0.9195576028238468,0.874397333,1.927887107,0.9930614,1.933439538,False,False,Both diploid
HCM-BROD-0200-C71,HCM-BROD-0200-C71-01A,0,0.8106668101824445,HCM-BROD-0200-C71-85B,model,0,0.8203541251816372,GBM,0.11608632474032614,0.9706382321125019,0.9965915002780619,0.0005202446944010907,0.00288825502753709,0.9942486762826365,0.9942486762826365,0.006992879313492788,0.006992879313492788,0.9896412914668388,0.455611667,2.079820972,0.998,1.84,False,False,Both diploid
HCM-BROD-0209-C71,HCM-BROD-0209-C71-02A,1,0.11504583535152396,HCM-BROD-0209-C71-85A,model,1,0.0006278815277254543,GBM,0.09289058715892579,0.9897643877945153,0.9990492079723015,0.00035878944441454535,0.0005920025832839998,0.40709284350277347,0.40709284350277347,1.628607802127853,1.628607802127853,0.51815237271009,0.641065833,3.18100383,0.96,3.86,True,True,Both WGD
HCM-BROD-0210-C71,HCM-BROD-0210-C71-02A,0,0.7063308397466946,HCM-BROD-0210-C71-85R,model,0,0.5748345083687638,GBM,0.41289489263225876,0.5459245742092458,0.8125145758211794,0.18570941642896865,0.0017760077498519993,0.6642228472915344,0.6642228472915344,0.3728336811541602,0.3728336811541602,0.45882220242513255,0.3375934,1.944388072,0.9926455,1.593333333,False,False,Both diploid
HCM-BROD-0213-C71,HCM-BROD-0213-C71-02A,0,0.8031142923775183,HCM-BROD-0213-C71-85A,model,0,0.7752004736020667,GBM,0.13601707837755414,0.9856238459509364,0.9980445975279407,0.00037672891663527257,0.0015786735554239994,0.9533413060810321,0.9533413060810321,0.05573675436689135,0.05573675436689135,0.8753976359478421,0.927807833,1.956942745,0.984431833,1.914660772,False,False,Both diploid
HCM-BROD-0220-C15,HCM-BROD-0220-C15-06A,1,0.36426098344186714,HCM-BROD-0220-C15-85D,model,1,0.38765405521769547,ESCA,0.18135012467933193,0.7184686912652092,0.9489442620598102,0.050302280106919256,0.0007534578332705451,0.8549156507594173,0.8549156507594173,0.20528941933361358,0.20528941933361358,0.8721028701473472,0.853132833,2.691003974,0.66416275,2.44,True,True,Both WGD
HCM-BROD-0223-C43,HCM-BROD-0223-C43-06A,0,0.7262795328561433,HCM-BROD-0223-C43-85M,model,0,0.7275891143282565,SKCM,0.2520495847012181,0.954306049822064,0.9884828588342931,0.0014889761943203631,0.010028164971386542,0.9975866769831621,0.9975866769831621,0.003187060167274603,0.003187060167274603,0.992498507097602,0.8377625,1.765493102,0.9979135,1.749135543,False,False,Both diploid
HCM-BROD-0231-C25,HCM-BROD-0231-C25-06A,0,0.9933265163338895,HCM-BROD-0231-C25-85N,model,0,0.6496600470014172,PAAD,0.33457115691656353,0.0005898123324396783,0.6656261772778644,0.33426618588881113,0.0001076368333243636,0.6867869509750318,0.6867869509750318,0.31448879168944777,0.31448879168944777,0.03492726254620146,0.356666667,1.998926644,1.0,1.7,False,False,Both diploid
HCM-BROD-0234-C49,HCM-BROD-0234-C49-06A,2,0.014979459304307267,HCM-BROD-0234-C49-85M,model,2,0.022567856053674902,SARC,0.18470480598460792,0.6851204351204351,0.9418402310604022,0.0567784295786018,0.0013813393609959995,0.7162040678727947,0.7162040678727947,0.37654043525489755,0.37654043525489755,0.9245767453216336,0.76,4.8025,0.968,4.665,True,True,Both WGD
HCM-BROD-0235-C16,HCM-BROD-0235-C16-06A,2,0.10776240962990868,HCM-BROD-0235-C16-85B,model,2,0.10770859121324651,STAD,0.44940171860143874,0.9600415153087701,0.982042588307052,0.002278312972032363,0.01567909872091563,0.9061134163208852,0.9061134163208852,0.11396957123098202,0.11396957123098202,0.9531970031123557,0.834561,3.272292756,0.989881167,3.285756826,True,True,Both WGD
HCM-BROD-0339-C43,HCM-BROD-0339-C43-06A,1,0.0016683709165276357,HCM-BROD-0339-C43-85M,model,1,0.08372351685413415,SKCM,0.7367382451608274,0.9632317132560632,0.9729113969467018,0.003426439194158908,0.023662163859139263,0.8026327885128054,0.8026327885128054,0.2193009872956923,0.2193009872956923,0.8783384559501802,0.2369376,2.103333333,0.991908167,2.539539216,True,True,Both WGD
HCM-BROD-0415-C71,HCM-BROD-0415-C71-02B,0,0.8156719229320274,HCM-BROD-0415-C71-85R,model,0,0.8184884200706816,GBM,0.09958201029725705,0.9848675914249685,0.998493084333459,0.0005202446944010907,0.0009866709721399996,0.9892959991306395,0.9892959991306395,0.012678173618531867,0.012678173618531867,0.9645421428125059,0.868570833,1.982977864,0.994,1.990947239,False,False,Both diploid
HCM-BROD-0416-C71,HCM-BROD-0416-C71-01A,0,0.78589239904562,HCM-BROD-0416-C71-85B,model,0,0.789318838239779,GBM,0.10128626015822614,0.9484590860786397,0.9947796135837683,0.0015607340832032722,0.0036596523330283625,0.9439557631943938,0.9439557631943938,0.06759617490327761,0.06759617490327761,0.8338342412397296,0.951662,2.098501515,0.99,2.086506356,False,False,Both diploid
HCM-BROD-0417-C71,HCM-BROD-0417-C71-01A,0,0.7296342141614194,HCM-BROD-0417-C71-85A,model,1,0.014279819887698903,GBM,0.21373087203774466,0.8761960718482458,0.9735392784744272,0.023608345442477082,0.002852376083095635,0.039366599153010495,0.5175105873688087,2.54520346160928,0.6518689007549254,0.8175425944000616,0.832335333,1.86748665,0.9919915,3.28485832,False,True,Model WGD
HCM-BROD-0418-C71,HCM-BROD-0418-C71-01A,0,0.7612615036865615,HCM-BROD-0418-C71-85B,model,1,0.0009149130832570906,GBM,0.11280340132393304,0.9087150127226463,0.9897027429453026,0.00597384424950218,0.004323412805195271,0.004804804804804805,0.7532441532441533,4.11982891982892,0.2693238693238693,0.9207051051511356,0.675475525,2.019434296,0.982118082,3.926388851,False,True,Model WGD
HCM-BROD-0420-C71,HCM-BROD-0420-C71-02B,0,0.8254489352923237,HCM-BROD-0420-C71-85R,model,0,0.6715820820551459,GBM,0.2514934610623755,0.4107282973107925,0.8518020199845721,0.1372369624885636,0.01096101752686436,0.8021435059037239,0.8021435059037239,0.22717529518619436,0.22717529518619436,0.5497768717542435,0.540605333,1.913467516,0.994919167,1.808373652,False,False,Both diploid
HCM-BROD-0421-C71,HCM-BROD-0421-C71-01B,2,0.00028703155553163625,HCM-BROD-0421-C71-85A,model,2,0.0003408499721938181,GBM,0.3995658647722584,0.985677726395187,0.994277308361588,0.002368010333135999,0.003354681305275999,0.5605033526223937,0.5605033526223937,0.4993478460549279,0.4993478460549279,0.9043194103251675,0.654375333,4.836039787,0.976943667,4.649550487,True,True,Both WGD
HCM-BROD-0423-C71,HCM-BROD-0423-C71-01A,0,0.6303751143641354,HCM-BROD-0423-C71-85D,model,0,0.774124105268823,GBM,0.15636043987585885,0.898577329050023,0.984141506556877,0.014943580359865812,0.0009149130832570906,0.7032887473076436,0.7032887473076436,0.29924523520787705,0.29924523520787705,0.39973668712727406,0.806855333,2.216039338,0.993665,1.915268641,False,False,Both diploid
HCM-BROD-0444-C43,HCM-BROD-0444-C43-06A,0,0.6994241429417146,HCM-BROD-0444-C43-85O,model,0,0.6931991460811223,SKCM,0.13897709129397412,0.4535949399767652,0.9240622140896615,0.07541754121593743,0.0005202446944010907,0.8634318707538751,0.8634318707538751,0.1383348815183141,0.1383348815183141,0.9075233110590938,0.655875167,2.322994376,0.964,2.184876418,False,False,Both diploid
HCM-BROD-0448-C15,HCM-BROD-0448-C15-06A,1,0.014190122526595267,HCM-BROD-0448-C15-85M,model,1,0.010978956999085087,ESCA,0.4855497551262042,0.9643094657503879,0.9826704698347775,0.0030855892219650897,0.01424394094325745,0.8736010410857037,0.8736010410857037,0.14223833426287413,0.14223833426287413,0.9355581082775246,0.1689798,3.213333333,0.987769167,3.1425,True,True,Both WGD
HCM-BROD-0455-C71,HCM-BROD-0455-C71-01A,0,0.7598622248533449,HCM-BROD-0455-C71-85A,model,2,0.00023321313886945447,GBM,0.15298781909836212,0.7314727954971857,0.9589186086145346,0.03923362574673053,0.0018477656387349084,0.0006394329143525285,7.307804735457468e-05,6.466786027477346,17.951366559485532,0.6096031145276588,0.782,2.0075,0.976,4.4,False,True,Model WGD
HCM-BROD-0472-C34,HCM-BROD-0472-C34-06B,1,0.015445885582046176,HCM-BROD-0472-C34-85M,model,1,0.01555352241537054,SCLC,0.3468058769710995,0.9903786468032278,0.9966632581669447,0.0004305473332974544,0.002906194499757817,0.8418021175067104,0.8418021175067104,0.3561922159260364,0.3561922159260364,0.8907210385461617,0.8319625,3.063898515,0.989804167,2.97486933,True,True,Both WGD
HCM-BROD-0477-C16,HCM-BROD-0477-C16-06A,1,0.0259225373589509,HCM-BROD-0477-C16-85M,model,1,0.1385644834328974,STAD,0.12449993721184723,0.8213256484149856,0.9777550544462982,0.009848770249179269,0.012396175304522541,0.5690135612112205,0.5690135612112205,0.6136169422255248,0.6136169422255248,0.6664053500356134,0.3841706,3.48,0.976,3.18456131,True,True,Both WGD
HCM-BROD-0483-C16,HCM-BROD-0483-C16-06A,1,0.1880236083454425,HCM-BROD-0483-C16-85M,model,1,0.2151480903431821,STAD,0.2000789336777712,0.9297946740787232,0.9859533932511706,0.001345460416554545,0.012701146332274904,0.8554566239753146,0.8554566239753146,0.16904288343216164,0.16904288343216164,0.9255578710688205,0.472121667,2.898781944,0.996,2.6625,True,True,Both WGD
HCM-BROD-0483-C16,HCM-BROD-0483-C16-07A,1,0.26846420178318353,HCM-BROD-0483-C16-85N,model,1,0.21202662217677556,STAD,0.2263961394255781,0.8634706814580032,0.9690902893636869,0.02703478463663599,0.0038749259996770894,0.8722963729803676,0.8722963729803676,0.14870410766443598,0.14870410766443598,0.9277508577142272,0.440446667,2.863333333,0.975099667,2.6275,True,True,Both WGD
HCM-BROD-0485-C15,HCM-BROD-0485-C15-06A,0,0.5207290601510504,HCM-BROD-0485-C15-85M,model,0,0.5593168648978347,ESCA,0.18752130312326212,0.940399885200421,0.988823708806487,0.008126580915989452,0.0030497102775236353,0.9071707424867413,0.9071707424867413,0.10500147318797878,0.10500147318797878,0.9300222504666074,0.815870667,2.199307506,0.986,2.0825,False,False,Both diploid
HCM-BROD-0489-C15,HCM-BROD-0489-C15-06A,0,0.9946002188615611,HCM-BROD-0489-C15-85M,model,1,0.03491021294153526,ESCA,0.6179968785318336,0.00026125576939824087,0.38216457671815296,0.6177098469763019,0.00012557630554509087,0.5851460183651964,0.10798961312659942,0.7914345928044558,2.9248457022429624,0.026830212128748872,0.25,1.953080465,0.958776167,2.5525,False,True,Model WGD
HCM-BROD-0557-C43,HCM-BROD-0557-C43-06A,1,0.04696553827386398,HCM-BROD-0557-C43-85M,model,1,0.0004305473332974544,SKCM,0.12839280268374503,0.9884029621349728,0.9985110238056797,0.00014351577776581812,0.001345460416554545,0.5530122924383996,0.5530122924383996,0.7801736053519102,0.7801736053519102,0.6389219014904015,0.726,3.835,0.981134833,3.532938258,True,True,Both WGD
HCM-BROD-0561-C43,HCM-BROD-0561-C43-06A,0,0.6898085858314048,HCM-BROD-0561-C43-85M,model,1,0.0564555190786287,SKCM,0.22704196042552427,0.8348609355246523,0.96250650305868,0.03609421810810326,0.0013992788332167268,0.0993947175348496,0.48741746148202497,2.1836573734409392,1.8563096111518709,0.8058655031162124,0.8873375,1.917456832,0.971529,3.256773548,False,True,Model WGD
HCM-BROD-0569-C43,HCM-BROD-0569-C43-06A,2,0.00557917586064618,HCM-BROD-0569-C43-85M,model,1,0.025904597886730173,SKCM,0.25018387959026245,0.8902194177541948,0.9725346680300666,0.017024559137470176,0.01044077283246327,0.5233310191106076,0.025596521357839734,1.1103518836554975,15.337029999634597,0.6070040535575288,0.3779155,4.290875099,0.9926945,3.755868795,True,True,Both WGD
HCM-BROD-0577-C15,HCM-BROD-0577-C15-06A,0,0.6089374450603663,HCM-BROD-0577-C15-85M,model,1,0.12048149543440433,ESCA,0.3914572233284897,0.5635855368681545,0.8291624060420143,0.01838795902624545,0.1524496349317403,0.020712464432208713,0.46151287831196186,2.1115812423783304,0.7422120394663907,0.6398127112678663,0.1618375,1.47,0.985198833,2.881985285,False,True,Model WGD
HCM-BROD-0578-C15,HCM-BROD-0578-C15-06A,0,0.98618660639004,HCM-BROD-0578-C15-85M,model,0,0.7178659203846223,ESCA,0.18276734298476938,0.0019630938358853552,0.8175914464596452,0.1822470982903683,0.0001614552499865454,0.8456769436997319,0.8456769436997319,0.3333891867739053,0.3333891867739053,0.7289967750279897,0.1,4.09,0.990442333,1.925374318,False,False,Both diploid
HCM-BROD-0579-C16,HCM-BROD-0579-C16-06A,1,0.0332239025527869,HCM-BROD-0579-C16-85M,model,1,0.06996394166083633,STAD,0.0971781210196796,0.9634484031751892,0.996447984500296,0.0007175788888290907,0.002834436610874908,0.8559318903745291,0.8559318903745291,0.23210460220137402,0.23210460220137402,0.9381201609575275,0.495256888,3.74189207,0.97515486,3.364102989,True,True,Both WGD
HCM-BROD-0594-C43,HCM-BROD-0594-C43-06A,1,0.17996878531833593,HCM-BROD-0594-C43-85M,model,1,0.1284286816281865,SKCM,0.2006709362610552,0.9712140175219024,0.9942234899449258,0.0011301867499058178,0.004646323305168362,0.7113682277318641,0.7113682277318641,0.419504132231405,0.419504132231405,0.8108542534072652,0.748472167,3.030224479,0.979537333,2.846930583,True,True,Both WGD
HCM-BROD-0595-C43,HCM-BROD-0595-C43-06A,1,0.00039466838885599985,HCM-BROD-0595-C43-85M,model,1,0.00044848680551818167,SKCM,0.4203397736038606,0.99364090307712,0.9973270186391117,0.000807276249932727,0.0018657051109556358,0.8472478862198332,0.8472478862198332,0.16102058719226534,0.16102058719226534,0.9211111862994181,0.954284333,3.053606662,0.992087667,3.179232715,True,True,Both WGD
HCM-BROD-0596-C43,HCM-BROD-0596-C43-06A,1,0.0004126078610767271,HCM-BROD-0596-C43-85O,model,1,0.00044848680551818167,SKCM,0.1870369373733025,0.9928064454248993,0.9986545395834454,0.0003229104999730908,0.0010225499165814542,0.8153459626987475,0.8153459626987475,0.29371527077334997,0.29371527077334997,0.8611951545699523,0.8870755,3.818945565,0.992,3.49,True,True,Both WGD
HCM-BROD-0597-C64,HCM-BROD-0597-C64-01B,0,0.9749026783632025,HCM-BROD-0597-C64-85A,model,0,0.9755843783075901,WT,0.017688319609637085,0.9665314401622718,0.999407997416716,0.00039466838885599985,0.00019733419442799992,0.9952824220515137,0.9952824220515137,0.005097153185720741,0.005097153185720741,0.357082437551141,0.6025,2.01,0.967759775,2.073680833,False,False,Both diploid
HCM-BROD-0613-C71,HCM-BROD-0613-C71-01A,0,0.631451482697379,HCM-BROD-0613-C71-85A,model,0,0.5729688032578082,GBM,0.20207021509427192,0.5426136363636364,0.9075758391188131,0.04861596971817089,0.043808191163015986,0.516392992476248,0.516392992476248,0.707452358723708,0.707452358723708,0.36866173251896867,0.842255,2.141726296,0.990759,2.325179739,False,False,Both diploid
HCM-BROD-0614-C71,HCM-BROD-0614-C71-01A,0,0.8221301329314892,HCM-BROD-0614-C71-85B,model,0,0.8169097465152575,GBM,0.08110435390990797,0.9617341296173413,0.9968964713058142,0.002852376083095635,0.00025115261109018175,0.9842250153946462,0.9842250153946462,0.016155322925345023,0.016155322925345023,0.9562279244770834,0.813332,2.016121285,0.9911205,1.976826342,False,False,Both diploid
HCM-BROD-0615-C16,HCM-BROD-0615-C16-06A,2,0.0025474050553432716,HCM-BROD-0615-C16-85M,model,2,0.0010584288610229087,STAD,0.36131890999766786,0.9818777617794548,0.9934520926394346,0.0019912814165007264,0.004556625944064726,0.7962875082134774,0.7962875082134774,0.33813973862889685,0.33813973862889685,0.9612355878724579,0.500777805,4.290178749,0.990845889,4.225397928,True,True,Both WGD
HCM-BROD-0642-C43,HCM-BROD-0642-C43-06A,1,0.08158871965986761,HCM-BROD-0642-C43-85N,model,0,0.9360816604775487,SKCM,0.27280555406059953,0.0009206286578549352,0.7274455985504906,8.969736110363634e-05,0.27246470408840573,0.356479217603912,0.32527392918590964,1.832581725980259,1.9229919405958527,0.25022111698923144,0.9112835,3.095139633,0.353333333,2.10351972,True,False,Tumor WGD
HCM-BROD-0643-C43,HCM-BROD-0643-C43-06A,0,0.5131944818183449,HCM-BROD-0643-C43-85N,model,1,0.0005561236388425452,SKCM,0.2300737312308272,0.9719298245614035,0.9935417900005382,0.0014710367220996357,0.00498717327736218,0.03159236610194543,0.4316145361834205,3.74173702588357,1.513865538455854,0.7261283610044896,0.342712,2.096323239,0.991475667,3.761278745,False,True,Model WGD
HCM-BROD-0644-C25,HCM-BROD-0644-C25-06B,1,0.2516010978956999,HCM-BROD-0644-C25-85M,model,1,0.32787973377823226,PAAD,0.3262113628617046,0.8016388033435987,0.9352923236998367,0.0076601546382505424,0.05704752166191271,0.8029890290320173,0.8029890290320173,0.21837450556011642,0.21837450556011642,0.8846499351772618,0.533052333,2.596666667,0.978775333,2.513353357,True,True,Both WGD
HCM-BROD-0648-C71,HCM-BROD-0648-C71-02A,0,0.8230271065425255,HCM-BROD-0648-C71-85R,model,0,0.8261665141811528,GBM,0.13980230701612759,0.6403182343128448,0.9497156593653014,0.002565344527563999,0.04771899610713453,0.9450168074861451,0.9450168074861451,0.06003452348505497,0.06003452348505497,0.7102083493961842,0.868768333,2.044668771,0.997018667,2.100886206,False,False,Both diploid
HCM-BROD-0650-C56,HCM-BROD-0650-C56-06A,1,0.1774572592074341,HCM-BROD-0650-C56-85N,model,1,0.18036345370719192,OV,0.3392892381106148,0.9602918627399143,0.9865274563622338,0.0017760077498519993,0.011696535887914177,0.9887970820306684,0.9887970820306684,0.0188514217656692,0.0188514217656692,0.986482426937277,0.873423895,2.52591916,0.979849058,2.56,True,True,Both WGD
HCM-BROD-0679-C43,HCM-BROD-0679-C43-06A,0,0.8500260122347201,HCM-BROD-0679-C43-85M,model,0,0.8483935202626339,SKCM,0.08279066429865634,0.9798483206933911,0.9983316290834724,0.00012557630554509087,0.0015427946109825448,0.9738233493497579,0.9738233493497579,0.027512383355286347,0.027512383355286347,0.8827362523752088,0.848464333,2.034552074,0.9809535,1.965548521,False,False,Both diploid
HCM-BROD-0681-C71,HCM-BROD-0681-C71-02A,0,0.7685628688803975,HCM-BROD-0681-C71-85R,model,0,0.7660692822417164,GBM,0.12575570026729813,0.9172610556348074,0.9895951061119782,0.0029420734441992715,0.007462820443822543,0.9826183499262873,0.9826183499262873,0.02003894945670968,0.02003894945670968,0.9573865234277382,0.867536833,2.029241209,0.9741885,1.973924347,False,False,Both diploid
HCM-BROD-0685-C71,HCM-BROD-0685-C71-01A,0,0.8059487289883932,HCM-BROD-0685-C71-85A,model,1,0.017634501192974904,GBM,0.19216762642843047,0.5602128454070202,0.9154871463681539,0.06886963385537198,0.015643219776474176,0.10492727272727273,0.5914545454545455,2.881490909090909,0.8930727272727272,0.5766698414499525,0.538128,2.036714709,0.979475667,3.42,False,True,Model WGD
HCM-BROD-0689-C71,HCM-BROD-0689-C71-02A,0,0.45605726279532854,HCM-BROD-0689-C71-85R,model,0,0.45638017329530167,GBM,0.41497587140986314,0.8005792841085941,0.9172452146457851,0.058895287300647615,0.023859498053567265,0.7843669724770642,0.7843669724770642,0.21961467889908257,0.21961467889908257,0.6948909181278559,0.483091333,2.260240229,0.983631,2.090444194,False,False,Both diploid
HCM-BROD-0693-C71,HCM-BROD-0693-C71-01A,1,0.0006816999443876361,HCM-BROD-0693-C71-85A,model,0,0.7431246972714063,GBM,0.12374647937857668,0.5139170774137432,0.9398489496439014,0.0030855892219650897,0.05706546113413343,0.10625891127115855,0.506982780682192,3.46420867912112,1.353434723796293,0.3514295233514254,0.709797667,3.747899346,0.998,2.07,True,False,Tumor WGD
HCM-BROD-0694-C43,HCM-BROD-0694-C43-06A,0,0.6742012449993722,HCM-BROD-0694-C43-85N,model,0,0.9927165742783848,SKCM,0.30332059630805663,0.0010054412112609416,0.6969843747196958,3.587894444145453e-05,0.3029797463358628,0.796211482797787,0.796211482797787,0.20472282270179168,0.20472282270179168,0.058640048919326615,0.656441667,1.867025314,0.53,2.003095763,False,False,Both diploid
HCM-BROD-0695-C71,HCM-BROD-0695-C71-02B,0,0.8263279694311393,HCM-BROD-0695-C71-85R,model,0,0.8225606802647866,GBM,0.06537143677233016,0.9324917672886938,0.9955868898337011,0.0019195235276178175,0.00249358663868109,0.9750571872998445,0.9750571872998445,0.233305883429408,0.233305883429408,0.6472468135188771,0.2776845,2.04,0.995,1.995612146,False,False,Both diploid
HCM-BROD-0701-C43,HCM-BROD-0701-C43-06B,2,0.004215775971870907,HCM-BROD-0701-C43-85M,model,0,0.9930215453061371,SKCM,0.02644278205335199,0.007462686567164179,0.973754552141076,0.00023321313886945447,0.026012234720054535,0.004536903839769835,0.016450887093799566,8.732802183615506,12.936188263066652,0.0430834674849273,0.54,4.75456923,0.42,1.967185454,True,False,Tumor WGD
HCM-BROD-0709-C64,HCM-BROD-0709-C64-01A,0,0.7928887932117037,HCM-BROD-0709-C64-85B,model,0,0.7949697719893081,KIRC,0.14622463807114794,0.9915347810084653,0.9987621764167698,0.0007175788888290907,0.0005202446944010907,0.9982870783752756,0.9982870783752756,0.00207737303424021,0.00207737303424021,0.994416504813294,0.8962545,1.964410528,0.857650333,1.892188617,False,False,Both diploid
HCM-BROD-0710-C43,HCM-BROD-0710-C43-06C,0,0.8086934682381645,HCM-BROD-0710-C43-85M,model,0,0.7142780259404768,SKCM,0.11373625387941087,0.5665615141955836,0.9507023303374414,0.04633765674613853,0.002960012916419999,0.8177694381694964,0.8177694381694964,0.43306857101216933,0.43306857101216933,0.37683327972006797,0.326991052,2.024569049,0.985398383,2.102284259,False,False,Both diploid
HCM-BROD-0711-C64,HCM-BROD-0711-C64-01A,0,0.6536067308899772,HCM-BROD-0711-C64-85B,model,0,0.6530147283066933,KICH,0.3133846402238846,0.9976529852882249,0.9992644816389502,0.0003049710277523635,0.0004305473332974544,0.9993870118631234,0.9993870118631234,0.0006670753254245845,0.0006670753254245845,0.9987082063039256,0.953351699,1.766468001,0.66603641,1.710922138,False,False,Both diploid
HCM-BROD-0716-C43,HCM-BROD-0716-C43-06B,0,0.8045673896273972,HCM-BROD-0716-C43-85N,model,0,0.7522738281039771,SKCM,0.10858762535206214,0.9857921691723113,0.9984572053890175,0.0006996394166083634,0.0008431551943741815,0.9281394586323728,0.9281394586323728,0.07513934933877373,0.07513934933877373,0.830812302295153,0.681961667,1.971734774,0.9733405,1.9725,False,False,Both diploid
HCM-BROD-0719-C43,HCM-BROD-0719-C43-06B,2,0.0003408499721938181,HCM-BROD-0719-C43-85N,model,0,0.8854564698706564,SKCM,0.21069910123244173,0.0006811409110259685,0.7894444145453241,5.38184166621818e-05,0.21050176703801374,0.05892180886611718,0.05866191430905176,14.932297467884458,15.83199673275414,0.21547072055155936,0.15,4.87856122,0.6,2.131601082,True,False,Tumor WGD
HCM-BROD-0724-C43,HCM-BROD-0724-C43-06A,2,0.00035878944441454535,HCM-BROD-0724-C43-85M,model,2,0.01600200922088872,SKCM,0.23547351236926609,0.9897150693280512,0.9975781712502019,0.0014530972498789086,0.0009687314999192723,0.7578966789667897,0.7578966789667897,0.3127859778597786,0.3127859778597786,0.9408012321702548,0.927579292,4.103036017,0.995094917,3.969089818,True,True,Both WGD
HCM-BROD-0745-C43,HCM-BROD-0745-C43-06B,1,0.06951545485531815,HCM-BROD-0745-C43-85M,model,1,0.08571479827063488,SKCM,0.2847711820318246,0.9302003275796901,0.9801230647794342,0.016916922304145814,0.002960012916419999,0.45781414896965433,0.45781414896965433,0.6541074966210587,0.6541074966210587,0.6420190449454496,0.4667085,3.144644652,0.972,3.0025,True,True,Both WGD
HCM-BROD-0758-C43,HCM-BROD-0758-C43-06A,1,0.0008790341388156361,HCM-BROD-0758-C43-85N,model,1,0.0006816999443876361,SKCM,0.25707263692302174,0.9848569434752268,0.9961071345281022,0.0019374629998385447,0.001955402472059272,0.9104088194763436,0.9104088194763436,0.2363803399173174,0.2363803399173174,0.9519554734216296,0.952507167,3.589257918,0.990558,3.521668614,True,True,Both WGD
HCM-BROD-0762-C49,HCM-BROD-0762-C49-01A,0,0.9942055504727051,HCM-BROD-0762-C49-85B,model,0,0.9941696715282636,DEST,0.0003408499721938181,0.8421052631578947,0.9999461815833378,1.7939472220727265e-05,3.587894444145453e-05,0.9999098059023017,0.9999098059023017,9.019409769824663e-05,9.019409769824663e-05,0.953443599682226,1.0,2.008780313,0.9,2.122865576,False,False,Both diploid
HCM-BROD-0783-C71,HCM-BROD-0783-C71-02A,0,0.8112408732935077,HCM-BROD-0783-C71-85R,model,0,0.7779093339073965,GBM,0.18696517948441957,0.8293993475340625,0.9681036183915469,0.028667276608722172,0.003229104999730908,0.8780456690904452,0.8780456690904452,0.12470613963151277,0.12470613963151277,0.7283264873656171,0.773675797,1.960139713,0.955236615,1.759070081,False,False,Both diploid
HCM-BROD-0793-C15,HCM-BROD-0793-C15-06A,0,0.4989864198195289,HCM-BROD-0793-C15-85M,model,0,0.5426869741492205,ESCA,0.4291839334086791,0.710876107674302,0.8759126706492295,0.08915917693701451,0.034928152413755985,0.650210103478277,0.650210103478277,0.7350104588956147,0.7350104588956147,0.7642355464167306,0.966657167,2.002174359,0.976,1.62,False,False,Both diploid
HCM-BROD-0794-C16,HCM-BROD-0794-C16-06B,0,0.8550490644565237,HCM-BROD-0794-C16-85M,model,0,0.8543135460954738,STAD,0.09943849451949123,0.9843045282338084,0.9984392659167968,0.00037672891663527257,0.0011840051665679995,0.9987536200007332,0.9987536200007332,0.002346127057443455,0.002346127057443455,0.9748035235646217,0.859165642,2.096497643,0.995371628,2.037533228,False,False,Both diploid
HCM-BROD-0830-C71,HCM-BROD-0830-C71-02A,1,0.12681412912832105,HCM-BROD-0830-C71-85R,model,1,0.12640152126724433,GBM,0.11782645354573669,0.9461023142509135,0.9936494268338626,0.00028703155553163625,0.006063541610605816,0.6999020532540086,0.6999020532540086,0.3142276717695712,0.3142276717695712,0.8168440903155043,0.69,3.269478502,0.99,3.175,True,True,Both WGD
HCM-BROD-0831-C71,HCM-BROD-0831-C71-01A,0,0.8055361211273164,HCM-BROD-0831-C71-85B,model,0,0.815564286098703,GBM,0.13716520459968068,0.9812974104106722,0.997434655472436,0.0004305473332974544,0.0021347971942665446,0.9878480094313956,0.9878480094313956,0.013203953931259636,0.013203953931259636,0.9598829821322764,0.837151167,1.918826006,0.9975185,1.91537609,False,False,Both diploid
HCM-BROD-0834-C43,HCM-BROD-0834-C43-06A,0,0.8823170622320291,HCM-BROD-0834-C43-85M,model,0,0.8900130958147211,SKCM,0.055145937606515615,0.933636955107352,0.9963403476669717,0.0019733419442799992,0.001686310388748363,0.9920752305304483,0.9920752305304483,0.017584223500410848,0.017584223500410848,0.9735541723268795,0.562657833,2.144793008,0.988333333,2.007507261,False,False,Both diploid
HCM-BROD-0869-C43,HCM-BROD-0869-C43-06A,0,0.9803921568627451,HCM-BROD-0869-C43-85A,model,1,0.11786233249017813,SKCM,0.18452541126240066,0.0013610733035193468,0.8157257413486895,0.18398722709577883,0.00028703155553163625,0.22242976688583382,0.24719814704124327,2.988456365809922,1.6274095935445307,0.011088452386153944,0.34596607,2.082593563,0.46,3.3,False,True,Model WGD
HCM-BROD-0870-C43,HCM-BROD-0870-C43-06B,1,0.0008431551943741815,HCM-BROD-0870-C43-85N,model,0,0.9949231293615342,SKCM,0.20978418814918465,0.0006841115101761587,0.7903593276285812,0.00014351577776581812,0.209497156593653,0.15899000602926935,0.5181517548827946,5.768786655217145,2.0281548608700417,0.027006010566650564,0.56638252,4.52858749,0.88,2.0,True,False,Tumor WGD
HCM-BROD-0871-C49,HCM-BROD-0871-C49-06B,0,0.7635398166585939,HCM-BROD-0871-C49-85M,model,0,0.7613332615754445,SARC,0.1669267890138672,0.9622783449758194,0.9937032452505248,0.003641712860807635,0.0026550418886676355,0.9798256080770996,0.9798256080770996,0.021973382285452044,0.021973382285452044,0.9687512710925883,0.908359227,1.857084065,0.987350859,1.934977897,False,False,Both diploid
HCM-BROD-0873-C43,HCM-BROD-0873-C43-01A,1,0.0007893367777119997,HCM-BROD-0873-C43-85B,model,1,0.03406705774716108,SKCM,0.16608363381949304,0.933246921581335,0.9889134061675906,0.00229625244425309,0.00879034138815636,0.4033323081932811,0.4033323081932811,0.662083687609675,0.662083687609675,0.5810825641796822,0.504590128,3.333333333,0.533295229,3.256132795,True,True,Both WGD
HCM-BROD-0874-C43,HCM-BROD-0874-C43-06A,2,0.0026191629442261807,HCM-BROD-0874-C43-85N,model,1,0.05256265360673089,SKCM,0.4766876558491649,0.7939560439560439,0.9017813895915182,0.07211667832732362,0.026101932081158172,0.2399557961377812,0.2239974526587874,2.3158890408136505,5.881979433965798,0.448653795003639,0.774793836,3.883970883,0.996438926,3.063739023,True,True,Both WGD
HCM-BROD-0954-C34,HCM-BROD-0954-C34-01A,1,0.1229033241842025,HCM-BROD-0954-C34-85A,model,1,0.06982042588307052,LUAD,0.3321313886945446,0.8680998163551906,0.9561918088369841,0.03772671008018944,0.006081481082826543,0.6335814417376208,0.6335814417376208,0.41063480043588274,0.41063480043588274,0.803665522177658,0.286912275,2.916230711,0.997122091,2.902529133,True,True,Both WGD
HCM-BROD-0955-C15,HCM-BROD-0955-C15-06A,1,0.22244945553701811,HCM-BROD-0955-C15-85B,model,1,0.22117575300934647,ESCA,0.27947903772671007,0.9812568200783105,0.9947616741115476,0.001345460416554545,0.003892865471897817,0.9464057137556813,0.9464057137556813,0.06902884704572859,0.06902884704572859,0.9668730332313451,0.6919247,2.657161151,0.992282586,2.687756218,True,True,Both WGD
HCM-BROD-0959-C18,HCM-BROD-0959-C18-06A,1,0.07279837827171125,HCM-BROD-0959-C18-85B,model,1,0.07861076727122689,COAD,0.49518325170873473,0.9631199507299931,0.9817376172792996,0.0014530972498789086,0.016809285470821448,0.9201731986232929,0.9201731986232929,0.09451907775433922,0.09451907775433922,0.9714945684664964,0.293499714,3.005288593,0.993680708,2.983391434,True,True,Both WGD
HCM-BROD-0960-C16,HCM-BROD-0960-C16-06A,1,0.0035520154997039986,HCM-BROD-0960-C16-85A,model,0,0.8562330696230916,STAD,0.03150171321959708,0.224373576309795,0.9755664388353694,0.015571461887591268,0.00886209927703927,0.03753611033454478,0.5347311527350667,3.4530053117137265,1.2669462305470134,0.20562116410997952,0.840360739,3.788987112,0.994931379,2.070922029,True,False,Tumor WGD
HCM-BROD-0962-C16,HCM-BROD-0962-C16-06A,0,0.828983011319807,HCM-BROD-0962-C16-85A,model,0,0.8051414527384604,STAD,0.15347218484832176,0.9157218001168907,0.9870656405288556,0.008341854582638178,0.00459250488850618,0.9029777274162688,0.9029777274162688,0.1729608232868315,0.1729608232868315,0.7608497732122438,0.159542653,2.007954058,0.949698656,1.68,False,False,Both diploid
HCM-BROD-1078-C49,HCM-BROD-1078-C49-06B,0,0.8079220709326732,HCM-BROD-1078-C49-85B,model,0,0.9846258723068367,SARC,0.1330391259889134,0.0296655879180151,0.8709075578996466,0.006260875805033816,0.12283156629531959,0.8345301563123345,0.8345301563123345,0.2369165487977369,0.2369165487977369,-0.18300496548372677,0.959437875,1.918962012,1.0,1.850649457,False,False,Both diploid
HCM-BROD-1119-C43,HCM-BROD-1119-C43-06A,0,0.9060689234522721,HCM-BROD-1119-C43-85B,model,0,0.9061944997578171,UVM,0.035053728719301076,0.9907881269191402,0.9996770895000269,8.969736110363634e-05,0.00023321313886945447,0.9994934968614895,0.9994934968614895,0.0008321122989815669,0.0008321122989815669,0.9968933791125162,0.986073463,2.098809163,0.999166487,2.047726928,False,False,Both diploid
HCM-BROD-1121-C71,HCM-BROD-1121-C71-01A,0,0.8034192634052706,HCM-BROD-1121-C71-85A,model,0,0.7534219543261037,GBM,0.10733186229661124,0.8873474845395287,0.9879087957232299,0.0013633998887752723,0.010727804387994906,0.9460250663251304,0.9460250663251304,0.0666178757661696,0.0666178757661696,0.8414829389879382,0.555471944,1.972893273,0.991509372,2.048568219,False,False,Both diploid
HCM-BROD-1123-C71,HCM-BROD-1123-C71-02A,0,0.8697953106219615,HCM-BROD-1123-C71-85A,model,0,0.8454155678739932,GBM,0.09070197154799706,0.7175632911392406,0.9743824336688015,0.025097321636797447,0.0005202446944010907,0.9512424324568537,0.9512424324568537,0.04955272431553266,0.04955272431553266,0.8474642098442308,0.361416251,1.959339292,0.98195006,1.842954769,False,False,Both diploid
HCM-BROD-1124-C16,HCM-BROD-1124-C16-06A,0,0.5966309671169474,HCM-BROD-1124-C16-85B,model,0,0.6912796225535045,STAD,0.24952011911809555,0.7159393198648357,0.9291211452559066,0.03582512602479235,0.035053728719301076,0.8027905268955389,0.8027905268955389,0.2052322379291353,0.2052322379291353,0.7826159335403307,0.463105956,1.910955419,0.992914966,1.727555484,False,False,Both diploid
HCM-BROD-1128-C15,HCM-BROD-1128-C15-06A,1,0.34070645641605224,HCM-BROD-1128-C15-85B,model,1,0.3418366431659581,ESCA,0.2746353802271137,0.9723038735384414,0.9923936637784116,0.0023859498053567262,0.005220386416231635,0.9636720397572023,0.9636720397572023,0.0593607305936073,0.0593607305936073,0.986584818844193,0.293993527,2.746739841,0.30061258,2.818922194,True,True,Both WGD
HCM-BROD-1186-C64,HCM-BROD-1186-C64-01A,1,0.10993308576861668,HCM-BROD-1186-C64-85B,model,1,0.04996143013472543,KIRC,0.07681682004915415,0.9878561419897244,0.9990671474445222,0.0002152736666487272,0.0007175788888290907,0.6759143637910129,0.6759143637910129,0.3269992942070688,0.3269992942070688,0.7211802997729675,0.601754104,3.172633903,0.93749683,3.280941107,True,True,Both WGD
HCM-CSHL-0056-C18,HCM-CSHL-0056-C18-01B,0,0.9851640564734585,HCM-CSHL-0056-C18-85B,model,0,0.9865992142511167,COAD,0.006063541610605816,0.8846153846153846,0.9993003605833917,0.0005920025832839998,0.0001076368333243636,0.9969033519856576,0.9969033519856576,0.0032053023306350846,0.0032053023306350846,0.8012935166736695,1.0,2.136666667,1.0,1.98,False,False,Both diploid
HCM-CSHL-0057-C18,HCM-CSHL-0057-C18-01B,1,0.36919433830256715,HCM-CSHL-0057-C18-85B,model,1,0.4227077839369966,COAD,0.15515849523707012,0.992253439704012,0.9987980553612112,0.0005740631110632725,0.0006278815277254543,0.9099035393095445,0.9099035393095445,0.12137365825355381,0.12137365825355381,0.9351717288074225,0.712273,2.713333333,0.990713833,2.574699354,True,True,Both WGD
HCM-CSHL-0058-C34,HCM-CSHL-0058-C34-01B,0,0.8267405772922161,HCM-CSHL-0058-C34-85C,model,0,0.9751717704465135,LUAD,0.11902839818452542,0.0021100226073850793,0.8812227544265647,0.00019733419442799992,0.11857991137900722,0.8277656326220889,0.8277656326220889,0.2105006413846682,0.2105006413846682,0.591732040493467,0.3480562,2.033333333,0.356666667,1.97894141,False,False,Both diploid
HCM-CSHL-0059-C25,HCM-CSHL-0059-C25-01A,0,0.7471790179932907,HCM-CSHL-0059-C25-85A,model,0,0.820892309348259,PAAD,0.1684337046804083,0.44253914154862073,0.9061048023967135,0.03885689683009526,0.05503830077319125,0.8289397028837752,0.8289397028837752,0.186152781823478,0.186152781823478,0.7515499236752565,0.2242254,2.13,0.996,1.971300134,False,False,Both diploid
HCM-CSHL-0060-C18,HCM-CSHL-0060-C18-01B,1,0.03765495219130653,HCM-CSHL-0060-C18-85A,model,1,0.02972570546974508,COAD,0.4668747645444271,0.5239193083573487,0.7777299391851892,0.13890533340509123,0.0833647274097196,0.3988176692758224,0.3988176692758224,1.6528728082179283,1.6528728082179283,0.5273535695545781,0.353408,3.289633583,0.990377167,3.19308315,True,True,Both WGD
HCM-CSHL-0061-C18,HCM-CSHL-0061-C18-01A,1,0.03395942091383671,HCM-CSHL-0061-C18-85A,model,1,0.040758480885492346,COAD,0.16538399440288468,0.9918646273999349,0.9986545395834454,0.0006458209999461816,0.0006996394166083634,0.7811054474214087,0.7811054474214087,0.8019845084985578,0.8019845084985578,0.8352426849950778,0.3700194,3.8975,0.981540833,3.619569261,True,True,Both WGD
HCM-CSHL-0062-C18,HCM-CSHL-0062-C18-01A,0,0.8874118723427157,HCM-CSHL-0062-C18-85A,model,0,0.9352923236998367,READ,0.000807276249932727,0.4888888888888889,0.9995873921389232,0.00025115261109018175,0.0001614552499865454,0.9508330020599183,0.9508330020599183,0.049600664956091216,0.049600664956091216,0.7151938717050189,0.75,2.12,0.9975,2.073333333,False,False,Both diploid
HCM-CSHL-0063-C18,HCM-CSHL-0063-C18-01A,0,0.7152288179681754,HCM-CSHL-0063-C18-85A,model,1,0.0007713973054912724,COAD,0.22725723409217302,0.872355541521945,0.970991873419084,0.00026909208331090897,0.02873903449760508,0.0006701805864985781,0.8235613758626311,4.266786212392907,0.22864025792896087,0.8956599031326768,0.323084,1.963972924,0.991483833,3.829522609,False,True,Model WGD
HCM-CSHL-0064-C18,HCM-CSHL-0064-C18-01A,2,0.01686310388748363,HCM-CSHL-0064-C18-85A,model,2,0.017293651220781085,COAD,0.24313366700751665,0.9858333948203349,0.9965556213336204,0.001955402472059272,0.0014889761943203631,0.8614693417247212,0.8614693417247212,0.20672281135747678,0.20672281135747678,0.9526900913624854,0.3135924,3.989841872,0.973175,3.944473361,True,True,Both WGD
HCM-CSHL-0065-C20,HCM-CSHL-0065-C20-06A,1,0.0784851909656818,HCM-CSHL-0065-C20-85A,model,1,0.07844931202124034,COAD,0.1007301365193836,0.9686553873552983,0.996842652889152,0.0004126078610767271,0.0027447392497712718,0.8833060853769301,0.8833060853769301,0.12225249772933697,0.12225249772933697,0.9551762158898446,0.782,3.09,0.985995833,3.347695337,True,True,Both WGD
HCM-CSHL-0073-C25,HCM-CSHL-0073-C25-01B,0,0.8016611951276393,HCM-CSHL-0073-C25-85B,model,0,0.7984500296001291,PAAD,0.15575049782035413,0.9767334715503341,0.9963762266114131,0.0010763683332436359,0.0025474050553432716,0.9672375821335615,0.9672375821335615,0.03461895487887006,0.03461895487887006,0.9315201339556923,0.4542996,1.963363286,0.989479,1.861303118,False,False,Both diploid
HCM-CSHL-0074-C25,HCM-CSHL-0074-C25-01A,0,0.8246954774590531,HCM-CSHL-0074-C25-85A,model,0,0.7808872862960372,PAAD,0.14774949320990977,0.9292132102962604,0.989541287695316,0.008198338804872361,0.0022603734998116356,0.951383283187789,0.951383283187789,0.05237763264108021,0.05237763264108021,0.836588142070171,0.347474333,1.965305263,0.994247167,1.918785387,False,False,Both diploid
HCM-CSHL-0075-C25,HCM-CSHL-0075-C25-01B,1,0.3073390380854995,HCM-CSHL-0075-C25-85A,model,2,0.0003408499721938181,PAAD,0.2504709111457941,0.831972496776966,0.9579139981701739,0.03582512602479235,0.006260875805033816,0.0007805240661587065,0.38232670507340644,9.231518305147741,1.9309793718639658,0.7413658039468033,0.5225626,2.643068611,0.97,5.37,True,True,Both WGD
HCM-CSHL-0076-C25,HCM-CSHL-0076-C25-01A,0,0.7689037188525913,HCM-CSHL-0076-C25-85A,model,1,0.08126580915989452,PAAD,0.16129379473655886,0.6765654543432321,0.9478320147821251,0.0013813393609959995,0.05078664585687889,0.004665858407729894,0.39029721885447666,2.073037216650134,1.176696425291157,0.5907636430761818,0.2937644,1.97827969,0.9708814,2.985276587,False,True,Model WGD
HCM-CSHL-0077-C25,HCM-CSHL-0077-C25-01B,1,0.00035878944441454535,HCM-CSHL-0077-C25-85A,model,1,0.00035878944441454535,PAAD,0.17638089087419048,0.9208706265256306,0.9860430906122742,0.011086593832409451,0.002870315555316363,0.9315329656091511,0.9315329656091511,0.22292970051456706,0.22292970051456706,0.9073519934134555,0.6128305,3.694146368,0.982453833,4.013059421,True,True,Both WGD
HCM-CSHL-0078-C25,HCM-CSHL-0078-C25-01A,1,0.2187001058428861,HCM-CSHL-0078-C25-85B,model,1,0.2837306926430224,PAAD,0.13504834687763487,0.9149840595111584,0.9885187377787346,0.0007355183610498179,0.010745743860215632,0.7333444834699225,0.7333444834699225,0.4685844901600045,0.4685844901600045,0.8171884249511538,0.539175833,2.991765758,0.9844966,2.695687846,True,True,Both WGD
HCM-CSHL-0078-C25,HCM-CSHL-0078-C25-06A,1,0.23647812281362682,HCM-CSHL-0078-C25-85M,model,1,0.21767755592630464,PAAD,0.13345173384999012,0.9200161312004301,0.9893260140286673,0.00879034138815636,0.001883644583176363,0.8323464851603859,0.8323464851603859,0.1797539335583716,0.1797539335583716,0.9299701830719989,0.680412667,3.0375,0.978586833,2.925,True,True,Both WGD
HCM-CSHL-0079-C25,HCM-CSHL-0079-C25-01A,0,0.6634734406113773,HCM-CSHL-0079-C25-85B,model,0,0.635200832391511,PAAD,0.32936870997255263,0.8047385620915033,0.9356869920886928,0.0607968713560447,0.0035161365552625443,0.94824016563147,0.94824016563147,0.05290594498669033,0.05290594498669033,0.9112740287523662,0.357049333,1.739455202,0.9934952,1.611023919,False,False,Both diploid
HCM-CSHL-0080-C25,HCM-CSHL-0080-C25-01A,1,0.19365660262275083,HCM-CSHL-0080-C25-85A,model,1,0.21997380837055774,PAAD,0.2465421667294548,0.9700938659681292,0.9926268769172811,0.0032111655275101807,0.004161957555208725,0.8549209398551796,0.8549209398551796,0.2593283582089552,0.2593283582089552,0.8482312754428382,0.2621422,2.668952239,0.980779333,2.615547169,True,True,Both WGD
HCM-CSHL-0081-C25,HCM-CSHL-0081-C25-01A,0,0.7237859462174623,HCM-CSHL-0081-C25-85B,model,0,0.7162334284125361,PAAD,0.21688821914859266,0.9225806451612903,0.9832086540013992,0.011893870082342177,0.004897475916258544,0.9903361344537815,0.9903361344537815,0.015509682133723054,0.015509682133723054,0.9692077603028189,0.3207472,1.890095656,0.9624586,1.822712436,False,False,Both diploid
HCM-CSHL-0082-C25,HCM-CSHL-0082-C25-01A,0,0.9931112426672407,HCM-CSHL-0082-C25-85A,model,0,0.8357641318192419,PAAD,0.12864395529483522,0.0018128573420722353,0.8715892578440342,0.1283569237393036,5.38184166621818e-05,0.8468122302551309,0.8468122302551309,0.22848870030775956,0.22848870030775956,0.0542859012766184,0.78,1.982095016,1.0,1.92,False,False,Both diploid
HCM-CSHL-0084-C25,HCM-CSHL-0084-C25-01A,1,0.17799544337405593,HCM-CSHL-0084-C25-85B,model,1,0.21825161903736792,PAAD,0.2770751484491326,0.7976691485917773,0.9439391493102273,0.02931309760866835,0.026747753081104355,0.7742006615214995,0.7742006615214995,0.28116501286291806,0.28116501286291806,0.8599632391802701,0.3410786,2.912875486,0.9839158,2.7075,True,True,Both WGD
HCM-CSHL-0085-C24,HCM-CSHL-0085-C24-01A,1,0.2779362431157275,HCM-CSHL-0085-C24-85A,model,1,0.2760884774769926,AMPV,0.536731069371939,0.9509341889769043,0.9736648547799723,0.002421828749798181,0.023913316470229446,0.5898872317206256,0.5898872317206256,0.4724081484176064,0.4724081484176064,0.3756423480619899,0.3070906,2.277344884,0.994897,2.387886691,True,True,Both WGD
HCM-CSHL-0085-C24,HCM-CSHL-0085-C24-06A,1,0.39430959941158533,HCM-CSHL-0085-C24-85M,model,1,0.4029743644941966,AMPV,0.4878101286260158,0.9116284201235657,0.9568914482535924,0.027285937247726173,0.01582261449868145,0.933574457928654,0.933574457928654,0.07325536563423725,0.07325536563423725,0.8832107682744417,0.262750833,2.155613351,0.996666667,2.111574811,True,True,Both WGD
HCM-CSHL-0088-C25,HCM-CSHL-0088-C25-01A,0,0.788924169850923,HCM-CSHL-0088-C25-85A,model,0,0.9147695674793248,PAAD,0.18023787740164685,0.3580173186025679,0.8842904041763091,0.012916419998923631,0.10279317582476724,0.8563627816150147,0.8563627816150147,0.3107076989838354,0.3107076989838354,0.2385845264668112,0.2580948,1.957616914,0.987746333,1.878067346,False,False,Both diploid
HCM-CSHL-0089-C25,HCM-CSHL-0089-C25-01A,1,0.16450496026406902,HCM-CSHL-0089-C25-85A,model,1,0.3997273200222449,PAAD,0.1128392802683745,0.5588235294117647,0.9502179645874819,0.04863390919039162,0.001148126222126545,0.3444816708791316,0.3444816708791316,0.8813848233703638,0.8813848233703638,0.6586895515349895,0.397597667,3.236666667,0.93,2.655,True,True,Both WGD
HCM-CSHL-0089-C25,HCM-CSHL-0089-C25-06A,1,0.17932296431838976,HCM-CSHL-0089-C25-85M,model,1,0.06556877096675816,PAAD,0.06481531313348761,0.9739828397453639,0.9983136896112517,0.000609942055504727,0.0010763683332436359,0.5988234647314311,0.5988234647314311,0.5046639910568659,0.5046639910568659,0.6789755652279723,0.643401833,3.148515936,0.979074,3.366084274,True,True,Both WGD
HCM-CSHL-0090-C25,HCM-CSHL-0090-C25-01A,1,0.11208582243510395,HCM-CSHL-0090-C25-85A,model,1,0.09877473404732433,PAAD,0.20838490931596793,0.3537362258953168,0.8653283820390004,0.07692445688247852,0.05774716107852107,0.44601276799881917,0.44601276799881917,0.8933539983025204,0.8933539983025204,0.6141784377099716,0.516,3.24818748,0.972,3.033733883,True,True,Both WGD
HCM-CSHL-0091-C25,HCM-CSHL-0091-C25-01A,0,0.5998241931722369,HCM-CSHL-0091-C25-85A,model,1,0.015194732970955995,PAAD,0.342697737832553,0.7505627388368319,0.9145184148682346,0.08444109574296324,0.0010404893888021813,0.19785469788215482,0.30010433636579964,1.3100437480551335,1.908623309110212,0.5492490689850472,0.461851167,1.866991183,0.993333333,2.830031246,False,True,Model WGD
HCM-CSHL-0092-C25,HCM-CSHL-0092-C25-01A,0,0.8438368943185691,HCM-CSHL-0092-C25-85A,model,0,0.8923631666756364,PAAD,0.09911558401951814,0.6526696832579185,0.9655741528084244,0.0013992788332167268,0.0330265683583589,0.920637799989116,0.920637799989116,0.08687213162334247,0.08687213162334247,0.8030300675418655,0.34629,1.979254807,0.997636333,1.947720069,False,False,Both diploid
HCM-CSHL-0093-C25,HCM-CSHL-0093-C25-01B,0,0.9934162136949931,HCM-CSHL-0093-C25-85A,model,0,0.7292754247170048,PAAD,0.18972785820641155,0.000850983358547655,0.810433597043575,0.1894946450675421,7.175788888290906e-05,0.7755782796522119,0.7755782796522119,0.23151236761998506,0.23151236761998506,0.042536970981657304,0.46,2.0,0.989304333,1.881409906,False,False,Both diploid
HCM-CSHL-0094-C25,HCM-CSHL-0094-C25-01A,1,0.005238325888452361,HCM-CSHL-0094-C25-85B,model,1,0.0004305473332974544,PAAD,0.29365122078108463,0.9151444804203067,0.9750820730854098,0.010135801804710905,0.014782125109879267,0.9864075529921752,0.9864075529921752,0.018606957863414274,0.018606957863414274,0.9822479871752152,0.292104,2.983333333,0.9885726,2.994516427,True,True,Both WGD
HCM-CSHL-0141-C18,HCM-CSHL-0141-C18-01A,1,0.05353138510665016,HCM-CSHL-0141-C18-85A,model,1,0.05340580880110507,COAD,0.04558419891286798,0.9752066115702479,0.9988698132500942,0.00026909208331090897,0.0008610946665949088,0.9339404399074652,0.9339404399074652,0.07924209598648699,0.07924209598648699,0.9458194973519297,0.5202626,3.31,0.954,3.35,True,True,Both WGD
HCM-CSHL-0142-C18,HCM-CSHL-0142-C18-01A,1,0.0026371024164469083,HCM-CSHL-0142-C18-85A,model,1,0.0030676497497443625,COAD,0.0905405162980105,0.8454527442044779,0.9860072116678328,0.010835441221319268,0.0031573471108479988,0.8623208506703652,0.8623208506703652,0.1640499306518724,0.1640499306518724,0.9517650998477352,0.695593,3.691849036,0.976,3.7170404,True,True,Both WGD
HCM-CSHL-0143-C20,HCM-CSHL-0143-C20-01A,0,0.9532138564483433,HCM-CSHL-0143-C20-85A,model,0,0.9026783632025546,READ,0.07938216457671815,0.4992090395480226,0.9602461295588683,0.03878513894121235,0.0009687314999192723,0.9474550816943202,0.9474550816943202,0.052762046067273416,0.052762046067273416,0.639541371326956,0.78,1.926434634,0.993744,1.934269081,False,False,Both diploid
HCM-CSHL-0147-C24,HCM-CSHL-0147-C24-01A,2,0.04179897027429453,HCM-CSHL-0147-C24-85A,model,1,0.19229320273397557,AMPV,0.46538578835010674,0.6184951044638038,0.8224530434314622,0.06743447607771379,0.11011248049082396,0.07480006558213251,0.3067422075674494,4.626655493414461,2.50551072085694,0.523605186238672,0.44,4.408025612,0.827166,2.465350298,True,True,Both WGD
HCM-CSHL-0153-C50,HCM-CSHL-0153-C50-01B,0,0.8986599214251116,HCM-CSHL-0153-C50-85E,model,0,0.8307052006529968,BRCA,0.04343146224638071,0.9070631970260223,0.9959636187503363,0.0035878944441454534,0.00044848680551818167,0.9255582671241674,0.9255582671241674,0.0754692746655902,0.0754692746655902,0.8511761256287146,0.45,2.156666667,0.992665167,2.156472653,False,False,Both diploid
HCM-CSHL-0158-C20,HCM-CSHL-0158-C20-01A,1,0.00039466838885599985,HCM-CSHL-0158-C20-85A,model,1,0.0005740631110632725,READ,0.1357300468220225,0.802934179222839,0.9732522469188957,0.000609942055504727,0.026137811025599627,0.7151819322459222,0.7151819322459222,0.30436601021948245,0.30436601021948245,0.9045750407325756,0.41903425,3.48,0.985364167,3.641038723,True,True,Both WGD
HCM-CSHL-0159-C18,HCM-CSHL-0159-C18-01B,0,0.6067308899772169,HCM-CSHL-0159-C18-85B,model,0,0.5191145076511849,COAD,0.1513194481818345,0.46283343212803796,0.9187162513678847,0.05195271155122616,0.02933103708088908,0.6781389071277449,0.6781389071277449,0.3227912745312614,0.3227912745312614,0.6463259020022529,0.535,2.293333333,0.916763167,2.462765749,False,False,Both diploid
HCM-CSHL-0160-C18,HCM-CSHL-0160-C18-01B,0,0.7326121665500601,HCM-CSHL-0160-C18-85A,model,2,0.0002152736666487272,COAD,0.12098380065658468,0.9739027283511269,0.996842652889152,0.00048436574995963617,0.0026729813608883627,0.0006175081729022884,0.06841627315655649,7.707373774064656,18.21750817290229,0.7035468073091433,0.4525,2.073333333,0.9739995,4.634086241,False,True,Model WGD
HCM-CSHL-0161-C18,HCM-CSHL-0161-C18-01A,0,0.8014638609332113,HCM-CSHL-0161-C18-85B,model,0,0.7989164558778681,COAD,0.14161419371042103,0.9898657208006081,0.9985648422223418,0.0007355183610498179,0.0006996394166083634,0.9994333552679682,0.9994333552679682,0.0007859910799151861,0.0007859910799151861,0.9973746462379646,0.5511315,2.024898817,0.9872444,1.943792663,False,False,Both diploid
HCM-CSHL-0162-C19,HCM-CSHL-0162-C19-01A,0,0.6269486751699765,HCM-CSHL-0162-C19-85B,model,1,0.20492259117736755,READ,0.3092585616131173,0.703057021869018,0.9081678417020971,0.012288538471198178,0.0795436198267047,0.04286110854076062,0.3714814472101416,1.5160729157027852,0.9060978995095771,0.8285756485924398,0.34,1.65,1.0,2.718630765,False,True,Model WGD
HCM-CSHL-0164-C20,HCM-CSHL-0164-C20-06A,0,0.8026837450442208,HCM-CSHL-0164-C20-85A,model,0,0.8021635003498198,COAD,0.11431031699047414,0.9857187696170747,0.9983675080279139,0.00039466838885599985,0.0012378235832301815,0.967990612023831,0.967990612023831,0.032984293193717276,0.032984293193717276,0.871171895512157,0.496853167,2.137959438,0.969544333,2.030978509,False,False,Both diploid
HCM-CSHL-0174-C22,HCM-CSHL-0174-C22-01A,0,0.723606551495255,HCM-CSHL-0174-C22-85A,model,0,0.7193548965789427,CHOL,0.23193943634178282,0.9602444117874546,0.9907791112785462,0.0009866709721399996,0.008234217749313814,0.9602244594817627,0.9602244594817627,0.04107755221800444,0.04107755221800444,0.8979915643045483,0.539992167,1.835,0.9755665,1.91,False,False,Both diploid
HCM-CSHL-0176-C25,HCM-CSHL-0176-C25-01A,0,0.6260696410311609,HCM-CSHL-0176-C25-85A,model,0,0.7411334158549056,PAAD,0.3832230055791759,0.35418032019473833,0.7525070412428466,0.0807276249932727,0.16676533376388067,0.6686945592976449,0.6686945592976449,0.45671299247736835,0.45671299247736835,0.35417400950827976,0.252955,1.945477762,0.994077,1.824807888,False,False,Both diploid
HCM-CSHL-0177-C25,HCM-CSHL-0177-C25-01B,0,0.5917514306729096,HCM-CSHL-0177-C25-85A,model,0,0.6872611807760616,PAAD,0.4129845899933624,0.399808870162026,0.7521303123262114,0.08937445060366324,0.1584952370701254,0.6835059497576025,0.6835059497576025,0.37224548259144996,0.37224548259144996,0.4288081534428277,0.2874076,1.891111579,0.986,1.7025,False,False,Both diploid
HCM-CSHL-0178-C25,HCM-CSHL-0178-C25-01A,0,0.6911540462479594,HCM-CSHL-0178-C25-85A,model,0,0.7055773819134241,PAAD,0.26957644906086864,0.2840220935649165,0.8069892183771954,0.08820838490931597,0.10480239671348869,0.7705338713576436,0.7705338713576436,0.36179035647209773,0.36179035647209773,0.5094111808579752,0.659725,1.942319252,0.992,2.004265983,False,False,Both diploid
HCM-CSHL-0179-C25,HCM-CSHL-0179-C25-01A,1,0.04913621441257198,HCM-CSHL-0179-C25-85A,model,1,0.05157598263459089,PAAD,0.10121450226934324,0.9822757887274016,0.9982060527779273,0.0004305473332974544,0.0013633998887752723,0.7956759325255405,0.7956759325255405,0.21366302977136906,0.21366302977136906,0.8750904513643862,0.4392576,3.433333333,0.984723,3.313132929,True,True,Both WGD
HCM-CSHL-0180-C25,HCM-CSHL-0180-C25-01A,0,0.7608130168810434,HCM-CSHL-0180-C25-85B,model,0,0.7391421344384048,PAAD,0.2551531133954039,0.8018702102228784,0.9494465672819906,0.027393574081050535,0.0231598586369589,0.9613639716730599,0.9613639716730599,0.042527294187075834,0.042527294187075834,0.8831359141650229,0.3249525,1.912614446,0.9875615,1.768734921,False,False,Both diploid
HCM-CSHL-0181-C25,HCM-CSHL-0181-C25-01A,0,0.738603950271783,HCM-CSHL-0181-C25-85B,model,1,0.06086862924492761,PAAD,0.1835028613458192,0.737510998142536,0.9518325170873473,0.02669393466444217,0.021473548248210537,0.06367873006626375,0.47116434864923906,2.606149421102454,0.9391611446879778,0.722879920870341,0.09,1.943333333,0.9925,3.315583271,False,True,Model WGD
HCM-CSHL-0182-C25,HCM-CSHL-0182-C25-01A,1,0.048813303912598895,HCM-CSHL-0182-C25-85A,model,1,0.37480939310765476,PAAD,0.18922555298423122,0.7283845278725825,0.9486034120876163,0.048059846079328346,0.0033367418330552713,0.27757528900670053,0.27757528900670053,1.6182534423091084,1.6182534423091084,0.5386546439433371,0.268732,3.43,0.975337667,2.53,True,True,Both WGD
HCM-CSHL-0183-C25,HCM-CSHL-0183-C25-01A,0,0.6989218377195343,HCM-CSHL-0183-C25-85A,model,1,0.03916186785784762,PAAD,0.24517876684067955,0.7984195507426648,0.9505767540318963,0.0005740631110632725,0.048849182857040346,0.0011989523001438743,0.6096026856531523,2.9836573578780388,0.3981259453277751,0.8133716539370838,0.3828024,1.776038599,0.990733167,3.404928992,False,True,Model WGD
HCM-CSHL-0184-C25,HCM-CSHL-0184-C25-01A,0,0.4074233536049369,HCM-CSHL-0184-C25-85A,model,1,0.00035878944441454535,PAAD,0.2645175178946235,0.9435740929128518,0.985074359112355,0.00028703155553163625,0.01463860933211345,0.001633387167816767,0.7606261929232124,4.213001027749229,0.40296946116576127,0.9375740971285746,0.5154974,2.156666667,0.980431833,3.964502462,False,True,Model WGD
HCM-CSHL-0186-C25,HCM-CSHL-0186-C25-01A,0,0.7251852250506791,HCM-CSHL-0186-C25-85A,model,0,0.7557899646592398,PAAD,0.17625531456864538,0.8636132315521629,0.9759611072242255,0.008682704554831997,0.01535618822094254,0.9185568917668825,0.9185568917668825,0.09158186864014801,0.09158186864014801,0.7902050426141388,0.2979746,1.946841377,0.955836667,1.882720344,False,False,Both diploid
HCM-CSHL-0187-C25,HCM-CSHL-0187-C25-01A,0,0.6068564662827619,HCM-CSHL-0187-C25-85A,model,1,0.0004126078610767271,PAAD,0.3504655293041279,0.7248157248157249,0.9035573973413702,0.08580449563173852,0.01063810702689127,0.0974867847537791,0.44158397477510897,1.9937308726699434,1.611184271538533,0.7126833479714128,0.497497167,1.982830388,0.9897005,3.074961471,False,True,Model WGD
HCM-CSHL-0189-C25,HCM-CSHL-0189-C25-01A,0,0.7587499775756598,HCM-CSHL-0189-C25-85A,model,0,0.811222933821287,PAAD,0.19162944226180867,0.44102228047182174,0.8928834113700375,0.041493999246542165,0.06562258938342035,0.8712047818377904,0.8712047818377904,0.16542672784104412,0.16542672784104412,0.6865474956293017,0.345995,2.018671463,0.995,1.959107572,False,False,Both diploid
HCM-CSHL-0191-C25,HCM-CSHL-0191-C25-01A,0,0.9945822793893404,HCM-CSHL-0191-C25-85A,model,2,0.0008610946665949088,PAAD,0.2273289919810559,0.001341540404040404,0.7729759790466965,0.22680874728665482,0.0002152736666487272,0.11350017624250969,0.00020407027438175982,5.034172495037382,17.564792312116207,0.05096673806243705,0.11,4.35,0.986564667,3.858773806,False,True,Model WGD
HCM-CSHL-0192-C25,HCM-CSHL-0192-C25-01A,0,0.6933426618588882,HCM-CSHL-0192-C25-85A,model,0,0.8009974346554725,PAAD,0.3197890318066842,0.22007180522831818,0.7505875177152288,0.061586208133756704,0.18782627415101447,0.7996176540872411,0.7996176540872411,0.2736898218782743,0.2736898218782743,0.440550170197261,0.614146833,1.72672575,0.968246667,1.924669934,False,False,Both diploid
HCM-CSHL-0193-C25,HCM-CSHL-0193-C25-01A,0,0.7860717937678273,HCM-CSHL-0193-C25-85A,model,0,0.8158333781820138,PAAD,0.19141416859515992,0.8960637300843486,0.9801051253072135,0.0020809787776043627,0.017813895915182176,0.9528255706437986,0.9528255706437986,0.049023695995068624,0.049023695995068624,0.8650149009167926,0.4385498,1.906685982,0.9946035,1.765980431,False,False,Both diploid
HCM-CSHL-0237-C18,HCM-CSHL-0237-C18-01B,1,0.001201944638788727,HCM-CSHL-0237-C18-85A,model,1,0.0005561236388425452,COAD,0.17003031770805302,0.7768516564676092,0.9620580162531618,0.033492994636097805,0.004448989110740362,0.6639342755794079,0.6639342755794079,0.5147126394530317,0.5147126394530317,0.8316119201548114,0.5372022,4.103333333,0.982,3.98019287,True,True,Both WGD
HCM-CSHL-0238-C18,HCM-CSHL-0238-C18-01B,1,0.03469493927488653,HCM-CSHL-0238-C18-85A,model,1,0.03482051558043162,COAD,0.37967099007947186,0.7695615195615195,0.9125091939795131,0.08600182982616651,0.0014889761943203631,0.7257766339217747,0.7257766339217747,0.6034364012034654,0.6034364012034654,0.8081645716421972,0.671779333,3.219520259,0.988992833,3.073513661,True,True,Both WGD
HCM-CSHL-0239-C18,HCM-CSHL-0239-C18-01A,1,0.03849810738568071,HCM-CSHL-0239-C18-85A,model,1,0.0384263494967978,COAD,0.15528407154261523,0.9768946395563771,0.9964121055558546,0.000807276249932727,0.002780618194212726,0.9194136522753792,0.9194136522753792,0.19010720536756126,0.19010720536756126,0.968095095652165,0.3600346,3.0925,0.929305,3.187095531,True,True,Both WGD
HCM-CSHL-0240-C18,HCM-CSHL-0240-C18-01A,0,0.9247618535062698,HCM-CSHL-0240-C18-85A,model,0,0.91909298028452,COAD,0.018728808998439265,0.7758620689655172,0.9958021635003498,0.0006458209999461816,0.0035520154997039986,0.9770890473578351,0.9770890473578351,0.023880051197659534,0.023880051197659534,0.8473428819578701,0.53,2.074989526,0.996,2.062066239,False,False,Both diploid
HCM-CSHL-0241-C18,HCM-CSHL-0241-C18-01A,1,0.08905154010369015,HCM-CSHL-0241-C18-85A,model,0,0.9768401413630411,COAD,0.11337746443499633,0.0018987341772151898,0.8868378092316525,0.01878262741510145,0.09437956335324615,0.11345593952874374,0.38403949438507023,3.3701694424853974,1.5231921011229859,0.03776359944427348,0.341377,3.716666667,0.978333333,2.1,True,False,Tumor WGD
HCM-CSHL-0242-C18,HCM-CSHL-0242-C18-01B,0,0.8828014279819888,HCM-CSHL-0242-C18-85A,model,0,0.8828014279819888,COAD,0.018926143192867267,0.957345971563981,0.9991927237500673,0.0004126078610767271,0.00039466838885599985,0.9985719192320902,0.9985719192320902,0.002096928722500407,0.002096928722500407,0.9879703169765658,0.772,2.097372723,0.978237167,2.162132178,False,False,Both diploid
HCM-CSHL-0243-C18,HCM-CSHL-0243-C18-01B,0,0.8440521679852179,HCM-CSHL-0243-C18-85A,model,0,0.8056616974328615,COAD,0.09021760579803742,0.7013322728176575,0.9730549127244676,0.025474050553432718,0.0014710367220996357,0.9726203130154308,0.9726203130154308,0.029927060807095993,0.029927060807095993,0.9306455750363289,0.526323667,2.173333333,0.9930605,2.063323185,False,False,Both diploid
HCM-CSHL-0244-C20,HCM-CSHL-0244-C20-01B,1,0.3368135909441544,HCM-CSHL-0244-C20-85A,model,1,0.35796422869239186,READ,0.36827942521931006,0.9369672171075064,0.9767863229463789,0.01876468794288072,0.004448989110740362,0.8534430393726876,0.8534430393726876,0.15106668875513096,0.15106668875513096,0.7597871884069668,0.564,2.063333333,0.979653667,2.225,True,True,Both WGD
HCM-CSHL-0246-C19,HCM-CSHL-0246-C19-01B,0,0.9937211847227455,HCM-CSHL-0246-C19-85A,model,1,0.329673681000305,READ,0.3094738352797661,0.0008695148107356096,0.6907952568035448,0.30906122741868935,0.00014351577776581812,0.5968023255813953,0.07837936046511627,0.6790334302325581,3.0621184593023254,0.32095820884871235,0.1,4.18,0.993622333,2.323333333,False,True,Model WGD
HCM-CSHL-0247-C18,HCM-CSHL-0247-C18-01A,1,0.0003229104999730908,HCM-CSHL-0247-C18-85A,model,0,0.561074933175466,COAD,0.3006117360027268,0.7220266157426747,0.9164379383958524,0.0703406705774716,0.013221391026675995,0.04099506881577979,0.5851733274453522,4.241609626849194,1.124310002207993,0.6985660709123211,0.860435833,3.766106704,0.99782,1.90219378,True,False,Tumor WGD
HCM-CSHL-0247-C18,HCM-CSHL-0247-C18-06A,0,0.5053908114023286,HCM-CSHL-0247-C18-85M,model,1,0.039484778357820716,COAD,0.290404176309133,0.7485174203113417,0.9269684085894193,0.00017939472220727267,0.07285219668837342,0.022338860536495888,0.47056900528504747,3.1776030221027587,0.871596956103231,0.8830315556680262,0.805007667,1.950814004,0.994,4.615362265,False,True,Model WGD
HCM-CSHL-0248-C19,HCM-CSHL-0248-C19-01A,1,0.0518450747179018,HCM-CSHL-0248-C19-85A,model,1,0.15347218484832176,COAD,0.34962237410975366,0.46934167992200726,0.8144699782932386,0.16927685987478247,0.016253161831978905,0.5123657303163413,0.5123657303163413,0.8831715329814329,0.8831715329814329,0.7274310262427469,0.2718528,3.22,0.99,2.858897462,True,True,Both WGD
HCM-CSHL-0250-C50,HCM-CSHL-0250-C50-01A,1,0.2010656046499112,HCM-CSHL-0250-C50-85C,model,1,0.14340814093249377,BRCA,0.23766212798019482,0.6302083333333334,0.9121145255906571,0.08662971135389197,0.0012557630554509086,0.6816217103463369,0.6816217103463369,0.3217705312688078,0.3217705312688078,0.8428139202222097,0.38,3.043333333,0.9905746,2.775404384,True,True,Both WGD
HCM-CSHL-0255-C18,HCM-CSHL-0255-C18-01A,0,0.5812747788960049,HCM-CSHL-0255-C18-85F,model,0,0.5981737617279299,COAD,0.34546041655454496,0.5799968842498832,0.8549055486787579,0.08117611179879088,0.06391833952245125,0.7990830194858359,0.7990830194858359,0.23554027254698615,0.23554027254698615,0.8126705616343459,0.415440887,2.032754232,0.996945986,1.969992602,False,False,Both diploid
HCM-CSHL-0258-C18,HCM-CSHL-0258-C18-01A,1,0.3922106811617602,HCM-CSHL-0258-C18-85D,model,1,0.4144735661876828,COAD,0.056688732217498164,0.9753164556962025,0.9986007211667832,0.0004305473332974544,0.0009687314999192723,0.9516658505178011,0.9516658505178011,0.12291201915229338,0.12291201915229338,0.8002050745582047,0.6075,2.74,0.992672333,2.568141739,True,True,Both WGD
HCM-CSHL-0261-C50,HCM-CSHL-0261-C50-01A,1,0.0007355183610498179,HCM-CSHL-0261-C50-85D,model,1,0.034336149830471986,BRCA,0.07430529393825233,0.6045388701110574,0.9706151445024488,0.028523760830956355,0.0008610946665949088,0.4385233041070605,0.4385233041070605,0.8026026765113059,0.8026026765113059,0.503531212139397,0.366122167,3.53,0.985176,3.371556318,True,True,Both WGD
HCM-CSHL-0322-C20,HCM-CSHL-0322-C20-01B,1,0.023249555998062537,HCM-CSHL-0322-C20-85A,model,1,0.026604237303338534,READ,0.06721920241106506,0.9778489458233254,0.9985110238056797,0.0005740631110632725,0.0009149130832570906,0.7564865551402548,0.7564865551402548,1.6500526182095294,1.6500526182095294,0.7329531333133047,0.582,3.8325,0.998333333,3.337579099,True,True,Both WGD
HCM-CSHL-0323-C20,HCM-CSHL-0323-C20-01A,0,0.4617440754892991,HCM-CSHL-0323-C20-85A,model,0,0.46197728862816856,READ,0.21459196670433955,0.9885470657080756,0.9975422923057604,0.0005740631110632725,0.001883644583176363,0.9097417308563661,0.9097417308563661,0.0939918441323063,0.0939918441323063,0.9424782015615099,0.448037,2.53817281,0.9942505,2.452294553,False,False,Both diploid
HCM-CSHL-0366-C50,HCM-CSHL-0366-C50-01A,1,0.05629406382864216,HCM-CSHL-0366-C50-85B,model,1,0.1034928152413756,BRCA,0.4659957304056115,0.5664459501077919,0.7979656638501695,0.18090163787381375,0.02113269827601672,0.6669491837712348,0.6669491837712348,0.4980469469727678,0.4980469469727678,0.7974768483649235,0.226666667,2.886666667,0.911007333,2.61501482,True,True,Both WGD
HCM-CSHL-0368-D37,HCM-CSHL-0368-D37-31A,0,0.7900722960730495,HCM-CSHL-0368-D37-85P,model,0,0.8115099653768186,GBAD,0.11298279604614032,0.5562083201016196,0.9498591751430673,0.0003408499721938181,0.04979997488473889,0.949176299262765,0.949176299262765,0.05189769727860198,0.05189769727860198,0.7807337744321894,0.784456,2.08154108,0.987507167,2.150043765,False,False,Both diploid
HCM-CSHL-0369-D37,HCM-CSHL-0369-D37-31A,0,0.848842007068152,HCM-CSHL-0369-D37-85P,model,0,0.8613099402615575,TVA,0.06709362610551997,0.10160427807486631,0.9397233733383564,0.04777281452379671,0.012503812137846905,0.9182369504006931,0.9182369504006931,0.08196159122085048,0.08196159122085048,0.6474280324721114,0.66,2.185519631,0.813333333,2.068921112,False,False,Both diploid
HCM-CSHL-0371-C25,HCM-CSHL-0371-C25-01A,0,0.6622176775559263,HCM-CSHL-0371-C25-85A,model,0,0.6630070143336383,PAAD,0.3679923936637784,0.19660702968849023,0.7043574978024146,0.24031716986886245,0.05532533232872289,0.6412246023719775,0.6412246023719775,0.6064172106279305,0.6064172106279305,0.1032381375682027,0.4626186,2.150207875,0.9912155,1.734231267,False,False,Both diploid
HCM-CSHL-0372-C25,HCM-CSHL-0372-C25-01A,0,0.774124105268823,HCM-CSHL-0372-C25-85A,model,0,0.7410257790215812,PAAD,0.21713937175968284,0.684153998678123,0.9314173977001596,0.06820587338320507,0.00037672891663527257,0.9294556492164786,0.9294556492164786,0.07107462195322642,0.07107462195322642,0.8326864279135827,0.549207167,2.035807738,0.985501833,1.830238197,False,False,Both diploid
HCM-CSHL-0373-C25,HCM-CSHL-0373-C25-01A,1,0.33851784080512354,HCM-CSHL-0373-C25-85A,model,0,0.5445526792601761,PAAD,0.4412751376854493,0.7106268802341654,0.8723068367328634,0.11255224871284286,0.015140914554293812,0.40917981245544444,0.2080172555614455,0.9287294130550021,2.0815069369550514,0.05573299295616447,0.396928667,2.119637257,0.987544167,1.68,True,False,Tumor WGD
HCM-CSHL-0374-C25,HCM-CSHL-0374-C25-01A,1,0.0005920025832839998,HCM-CSHL-0374-C25-85A,model,1,0.00044848680551818167,PAAD,0.18253412984589992,0.7888943488943488,0.9614660136698778,0.03591482338589599,0.0026191629442261807,0.6827994685954683,0.6827994685954683,0.4684847590228061,0.4684847590228061,0.7943811056394475,0.3711915,3.65,0.99,3.544672823,True,True,Both WGD
HCM-CSHL-0376-D37,HCM-CSHL-0376-D37-31A,0,0.9385034892273469,HCM-CSHL-0376-D37-85P,model,0,0.9935417900005382,TVA,0.007157849416070179,0.042606516290726815,0.9931471216116822,5.38184166621818e-05,0.006799059971655634,0.9447805124686253,0.9447805124686253,0.05538200400873978,0.05538200400873978,0.15385753768785396,0.5638602,2.072099461,1.0,1.967653288,False,False,Both diploid
HCM-CSHL-0377-C18,HCM-CSHL-0377-C18-01A,0,0.9607663742532695,HCM-CSHL-0377-C18-85A,model,0,0.9592594585867283,COAD,0.03352887358053926,0.9507758159443552,0.9983495685556931,0.0010225499165814542,0.0006278815277254543,0.9976864821877203,0.9976864821877203,0.003343756213060531,0.003343756213060531,0.732629283036566,0.15,1.98127631,0.995642333,1.9866962,False,False,Both diploid
HCM-CSHL-0379-C18,HCM-CSHL-0379-C18-01B,0,0.7854977306567641,HCM-CSHL-0379-C18-85A,model,0,0.7625352062142332,COAD,0.0925676766589527,0.4383720930232558,0.9480114095043324,0.039915325691118164,0.01207326480454945,0.7766264404319028,0.7766264404319028,0.23821794755466835,0.23821794755466835,0.7750182066638892,0.2892222,2.175789225,0.978,2.093273359,False,False,Both diploid
HCM-CSHL-0379-C18,HCM-CSHL-0379-C18-06A,1,0.0007355183610498179,HCM-CSHL-0379-C18-85C,model,1,0.0005740631110632725,COAD,0.08155284071542615,0.9824021117465904,0.9985648422223418,0.00028703155553163625,0.001148126222126545,0.6438141702468506,0.6438141702468506,0.3641957329061385,0.3641957329061385,0.8761519554046239,0.61,4.12,1.0,3.9,True,True,Both WGD
HCM-CSHL-0382-C19,HCM-CSHL-0382-C19-01A,1,0.41452738460434496,HCM-CSHL-0382-C19-85A,model,1,0.4179000053818417,COAD,0.1268500080727625,0.9524819686041578,0.9939723373338356,0.0009866709721399996,0.005040991694024362,0.8588427566704006,0.8588427566704006,0.2094680206401381,0.2094680206401381,0.9281077922393166,0.348195667,2.733391708,0.984013667,2.533333333,True,True,Both WGD
HCM-CSHL-0383-C18,HCM-CSHL-0383-C18-01A,1,0.16723176004161958,HCM-CSHL-0383-C18-85A,model,1,0.16694472848608793,COAD,0.2764652063936279,0.9312828499124002,0.9810020989182499,0.014154243582153813,0.004843657499596362,0.9513540345265016,0.9513540345265016,0.10205357307006416,0.10205357307006416,0.9462940870078027,0.619964667,2.89620971,0.99,2.765,True,True,Both WGD
HCM-CSHL-0384-D37,HCM-CSHL-0384-D37-31B,0,0.9199720144233356,HCM-CSHL-0384-D37-85P,model,0,0.9799795490016684,TVA,0.01444127513768545,0.9391304347826087,0.9991209658611844,0.0003408499721938181,0.0005381841666218179,0.9378237406825852,0.9378237406825852,0.06250112801631563,0.06250112801631563,0.4532681476660888,0.51,1.974622375,0.992,1.966168727,False,False,Both diploid
HCM-CSHL-0385-C18,HCM-CSHL-0385-C18-01A,1,0.0007893367777119997,HCM-CSHL-0385-C18-85A,model,1,0.0005023052221803635,COAD,0.12064295068439086,0.9894423791821562,0.9987262974723283,0.0006278815277254543,0.0006458209999461816,0.795402549297309,0.795402549297309,0.3334059628862984,0.3334059628862984,0.8877839428784905,0.4928964,4.23176432,0.98,4.31,True,True,Both WGD
HCM-CSHL-0403-C25,HCM-CSHL-0403-C25-01B,0,0.7556285094092532,HCM-CSHL-0403-C25-85D,model,0,0.7292933641892255,PAAD,0.16793139945822794,0.8830253178079265,0.9803562779183036,0.013921030443284358,0.005722691638411998,0.9846255701044578,0.9846255701044578,0.016864057672502576,0.016864057672502576,0.9617327765746847,0.3387555,1.975,0.985598167,1.95144809,False,False,Both diploid
HCM-CSHL-0405-C25,HCM-CSHL-0405-C25-01A,0,0.6440629316685503,HCM-CSHL-0405-C25-85A,model,0,0.6076278635882533,PAAD,0.263369391672497,0.9429194196580615,0.9849667222790306,0.009794951832517088,0.005238325888452361,0.9592074376651941,0.9592074376651941,0.0430844869970242,0.0430844869970242,0.9395013977433702,0.515615,1.871147313,0.994435333,1.880489828,False,False,Both diploid
HCM-CSHL-0433-C24,HCM-CSHL-0433-C24-01A,0,0.6969843747196958,HCM-CSHL-0433-C24-85A,model,0,0.7651184902140179,CHOL,0.2589562815061981,0.6784897817803949,0.9167429094236048,0.0007355183610498179,0.08252157221534542,0.8663300899577749,0.8663300899577749,0.13655223058564347,0.13655223058564347,0.6861046910323425,0.34734725,1.810120789,0.9894065,1.923187896,False,False,Both diploid
HCM-CSHL-0434-C24,HCM-CSHL-0434-C24-01A,1,0.05771128213407962,HCM-CSHL-0434-C24-85A,model,1,0.001004610444360727,CHOL,0.344276411387977,0.6965244124850191,0.8955205137864845,0.09999461815833378,0.004484868055181817,0.4468429077949038,0.4468429077949038,0.9347270956956258,0.9347270956956258,0.7171410634631132,0.20886625,3.395792834,0.9649855,3.235935175,True,True,Both WGD
HCM-CSHL-0434-C24,HCM-CSHL-0434-C24-06A,0,0.6380890874190481,HCM-CSHL-0434-C24-85M,model,1,0.022298763970363993,CHOL,0.2642304863390919,0.9012152895648041,0.9738980679188418,0.015445885582046176,0.010656046499111995,0.030804043943209607,0.528376948063798,2.81378882440965,0.9784481185444724,0.8058045332575094,0.13,1.893219055,0.990136667,3.371807563,False,True,Model WGD
HCM-CSHL-0459-C17,HCM-CSHL-0459-C17-01B,0,0.9925192400839568,HCM-CSHL-0459-C17-85A,model,0,0.9829754408625299,SIAD,0.010907199110202178,0.044407894736842105,0.9895771666397575,0.00997434655472436,0.00044848680551818167,0.989378612716763,0.989378612716763,0.011000722543352602,0.011000722543352602,0.26630539514306645,0.483333333,1.972368659,0.994,1.947752734,False,False,Both diploid
HCM-CSHL-0460-C50,HCM-CSHL-0460-C50-01B,0,0.8717327736218,HCM-CSHL-0460-C50-85A,model,0,0.9319376423945608,BRCA,0.06793678129989415,0.2302614206495907,0.94770643847658,0.0003049710277523635,0.05198859049566762,0.8936999945074059,0.8936999945074059,0.10736190702868965,0.10736190702868965,0.8055946875998468,0.3132758,2.1325,0.993333333,2.017550315,False,False,Both diploid
HCM-CSHL-0461-D12,HCM-CSHL-0461-D12-31A,0,0.9919631164451141,HCM-CSHL-0461-D12-85P,model,0,0.9918196006673483,SESP,0.0005202446944010907,0.7241379310344828,0.9998564842222342,8.969736110363634e-05,5.38184166621818e-05,0.9996926637017753,0.9996926637017753,0.0004700437502259826,0.0004700437502259826,0.8334841720418118,0.78,1.885807419,1.0,1.991671072,False,False,Both diploid
HCM-CSHL-0462-D05,HCM-CSHL-0462-D05-31B,0,0.940010404893888,HCM-CSHL-0462-D05-85T,model,0,0.9423963546992448,DCIS,0.01555352241537054,0.9826989619377162,0.9997309079166891,5.38184166621818e-05,0.0002152736666487272,0.9977267806884607,0.9977267806884607,0.0023814678501840225,0.0023814678501840225,0.9781251211300238,0.64,1.858325086,0.6774364,2.032432069,False,False,Both diploid
HCM-CSHL-0467-C56,HCM-CSHL-0467-C56-06A,1,0.17311590693001813,HCM-CSHL-0467-C56-85M,model,1,0.17894623540175447,OV,0.5407853900938234,0.9827500414662464,0.9906714744452219,0.002816497138654181,0.006512028416123998,0.9367782055078472,0.9367782055078472,0.0846720461948475,0.0846720461948475,0.9635828743208729,0.830635573,2.726128324,0.96,2.77,True,True,Both WGD
HCM-CSHL-0507-C20,HCM-CSHL-0507-C20-06A,1,0.001004610444360727,HCM-CSHL-0507-C20-85A,model,1,0.00048436574995963617,READ,0.10492797301903378,0.982903060352197,0.9982060527779273,0.0004126078610767271,0.0013813393609959995,0.691101564341001,0.691101564341001,1.8961879384414595,1.8961879384414595,0.6760798539906676,0.887392333,3.855023898,0.995463333,3.572537515,True,True,Both WGD
HCM-CSHL-0509-C24,HCM-CSHL-0509-C24-06A,0,0.9799436700572269,HCM-CSHL-0509-C24-85A,model,0,0.9116122203684768,AMPV,0.011786233249017813,0.8873668188736682,0.9986724790556661,0.0006996394166083634,0.0006278815277254543,0.9236060825488777,0.9236060825488777,0.07661115133960898,0.07661115133960898,0.21571546396288763,0.832,2.085799404,0.9939145,2.130329326,False,False,Both diploid
HCM-CSHL-0510-D13,HCM-CSHL-0510-D13-01A,0,0.9369786340885851,HCM-CSHL-0510-D13-85A,model,0,0.9369786340885851,TVA,0.0059559047772814525,0.9518072289156626,0.9997129684444683,0.0001076368333243636,0.00017939472220727267,0.9992242328023236,0.9992242328023236,0.0014072056143895795,0.0014072056143895795,0.9876010891845315,0.91,1.78,0.9954778,2.134346604,False,False,Both diploid
HCM-CSHL-0512-C24,HCM-CSHL-0512-C24-06A,0,0.7533860753816622,HCM-CSHL-0512-C24-85O,model,0,0.7599339827422277,AMPV,0.21016091706581994,0.9715749039692702,0.9940261557504978,0.0007534578332705451,0.005220386416231635,0.9825562199640485,0.9825562199640485,0.026963571664404416,0.026963571664404416,0.9533714131628442,0.4280055,1.96232934,0.995887,1.83284866,False,False,Both diploid
HCM-CSHL-0582-C18,HCM-CSHL-0582-C18-06A,1,0.18305437454030102,HCM-CSHL-0582-C18-85M,model,1,0.1898175555675152,COAD,0.27703926950469115,0.9415916596516221,0.983818596056904,0.001219884111009454,0.01496151983208654,0.8142258016627079,0.8142258016627079,0.3050957541567696,0.3050957541567696,0.8980259690652441,0.874886333,2.7925,0.998,2.85,True,True,Both WGD
HCM-CSHL-0584-C19,HCM-CSHL-0584-C19-06A,1,0.23759037009131193,HCM-CSHL-0584-C19-85M,model,1,0.3050786645856879,COAD,0.47749493209909766,0.9194875455535936,0.9615557110309815,0.03390560249717453,0.004538686471843998,0.7346969023269602,0.7346969023269602,0.3581036016007114,0.3581036016007114,0.8190911494176778,0.777191333,2.41,0.992619667,2.166666667,True,True,Both WGD
HCM-CSHL-0586-C32,HCM-CSHL-0586-C32-01A,0,0.6254776384478768,HCM-CSHL-0586-C32-85D,model,1,0.0284878818865149,HNSC,0.18233679565147193,0.9726485635576545,0.9950128267226378,0.0010584288610229087,0.003928744416339272,0.03601558029203818,0.5250779937604991,3.430691698510273,1.1899355743848183,0.8676418814623147,0.552507774,2.176323319,0.970970443,3.876998298,False,True,Model WGD
HCM-CSHL-0603-C18,HCM-CSHL-0603-C18-06A,1,0.0752740254381716,HCM-CSHL-0603-C18-85M,model,1,0.08097877760436288,COAD,0.47297418509947436,0.8741134079271762,0.9404588916994062,0.003892865471897817,0.05564824282869598,0.606309912954053,0.606309912954053,0.47923017592830647,0.47923017592830647,0.8151517605499576,0.7551051,2.985846729,0.996107214,3.046073948,True,True,Both WGD
HCM-CSHL-0608-C17,HCM-CSHL-0608-C17-06A,0,0.9247439140340491,HCM-CSHL-0608-C17-85A,model,0,0.9201872880899844,SIAC,0.008341854582638178,0.13763440860215054,0.9928062716394883,0.007068152054966543,0.00012557630554509087,0.9963496394817211,0.9963496394817211,0.003867213618374686,0.003867213618374686,0.9719978793104938,0.823333333,2.083488441,0.95,2.085933928,False,False,Both diploid
HCM-CSHL-0617-C22,HCM-CSHL-0617-C22-01B,0,0.6671151534721849,HCM-CSHL-0617-C22-85A,model,0,0.6507364153346609,LIHC,0.19121683440073192,0.9487756825218125,0.9902050481674829,0.002960012916419999,0.006834938916097088,0.9076427289705936,0.9076427289705936,0.09697147251620464,0.09697147251620464,0.9255375201251993,0.73,2.006666667,0.995873667,1.952460047,False,False,Both diploid
HCM-CSHL-0618-C18,HCM-CSHL-0618-C18-06A,1,0.0376370127190858,HCM-CSHL-0618-C18-85M,model,1,0.03394148144161599,COAD,0.1301508709613763,0.9853893866299104,0.9980984159446029,0.0006816999443876361,0.001219884111009454,0.9180271243137113,0.9180271243137113,0.08824491873613788,0.08824491873613788,0.9506597017839886,0.418599697,3.156260351,0.994885168,3.411374878,True,True,Both WGD
HCM-CSHL-0621-C18,HCM-CSHL-0621-C18-06A,0,0.7184041045512441,HCM-CSHL-0621-C18-85M,model,0,0.6910105304701936,COAD,0.28618840033726206,0.7290164859274118,0.9224476615897961,0.05747806899521016,0.020074269414993812,0.9267152634800512,0.9267152634800512,0.0748428022925825,0.0748428022925825,0.8112735205093082,0.653505464,1.926415184,0.994917075,1.84637033,False,False,Both diploid
HCM-CSHL-0622-C18,HCM-CSHL-0622-C18-06A,1,0.04172721238541162,HCM-CSHL-0622-C18-85A,model,1,0.09611969215865669,COAD,0.24071183825771847,0.988299299448502,0.9971835028613458,0.0009687314999192723,0.0018477656387349084,0.8770729760133541,0.8770729760133541,0.17955510396632435,0.17955510396632435,0.8673942378732706,0.5714312,2.89911334,0.969961667,2.824711883,True,True,Both WGD
HCM-CSHL-0625-C18,HCM-CSHL-0625-C18-06A,1,0.005794449527294907,HCM-CSHL-0625-C18-85M,model,1,0.014459214609906177,COAD,0.3090253484742479,0.9887960060373854,0.9965376818613997,0.0010225499165814542,0.002439768222018908,0.7330893465159046,0.7330893465159046,0.5567451430236158,0.5567451430236158,0.8276835633078563,0.773336776,3.287439697,0.986079559,3.006883755,True,True,Both WGD
HCM-CSHL-0654-C26,HCM-CSHL-0654-C26-06A,1,0.26819510969987265,HCM-CSHL-0654-C26-85M,model,1,0.37231580646897366,MISC,0.1610605815976894,0.9244820672755625,0.987837037834347,0.010799562276877814,0.0013633998887752723,0.7792807594012413,0.7792807594012413,0.31511500547645127,0.31511500547645127,0.6893596869542222,0.745317167,2.825158164,0.979939,2.57630392,True,True,Both WGD
HCM-CSHL-0655-C50,HCM-CSHL-0655-C50-06A,0,0.9517786986706851,HCM-CSHL-0655-C50-85N,model,0,0.9521016091706582,BRCA,0.03151965269181781,0.9880478087649402,0.9996232710833647,0.0001614552499865454,0.0002152736666487272,0.9991334019390131,0.9991334019390131,0.0009749228186101933,0.0009749228186101933,0.9865114511926206,0.471537167,2.037887189,0.987911833,1.980973183,False,False,Both diploid
HCM-CSHL-0658-C20,HCM-CSHL-0658-C20-06A,1,0.030012737025276716,HCM-CSHL-0658-C20-85O,model,1,0.019446387887268355,READ,0.1401252175161007,0.8365126104212008,0.9770912939741313,0.021096819331575267,0.0018118866942934539,0.7434126839905506,0.7434126839905506,0.2802653098310013,0.2802653098310013,0.856862502150091,0.4725,3.4,0.99,3.091699732,True,True,Both WGD
HCM-CSHL-0664-C18,HCM-CSHL-0664-C18-06A,1,0.0038031681107941803,HCM-CSHL-0664-C18-85M,model,1,0.08110435390990797,COAD,0.2713883357551621,0.8147805393971443,0.9497335988375222,0.047916330301562525,0.002350070860915272,0.32315712456557527,0.32315712456557527,0.9202121821840131,0.9202121821840131,0.8102237668154274,0.7933785,3.789238378,0.993333333,3.717695705,True,True,Both WGD
HCM-CSHL-0666-C24,HCM-CSHL-0666-C24-31A,0,0.9814326462515472,HCM-CSHL-0666-C24-85P,model,0,0.9808227041960426,AMPV,0.014979459304307267,0.9676646706586827,0.9995156342500404,8.969736110363634e-05,0.00039466838885599985,0.9996935832732516,0.9996935832732516,0.0005767844268204759,0.0005767844268204759,0.9296147694831526,0.881524,2.094677753,0.999063833,2.094670862,False,False,Both diploid
HCM-CSHL-0727-C18,HCM-CSHL-0727-C18-06A,1,0.0725113467161796,HCM-CSHL-0727-C18-85M,model,1,0.07360565452164397,COAD,0.3283640995281919,0.815777972027972,0.9395080996717077,0.058088011050714886,0.002403889277577454,0.7394200058072009,0.7394200058072009,0.43922401277584205,0.43922401277584205,0.8127752844543134,0.527313,3.028881756,0.988655167,2.91,True,True,Both WGD
HCM-CSHL-0729-C18,HCM-CSHL-0729-C18-01A,0,0.9901691692230414,HCM-CSHL-0729-C18-85A,model,0,0.9900794718619378,COAD,0.004897475916258544,0.9560439560439561,0.9997847263333512,8.969736110363634e-05,0.00012557630554509087,0.9997295152914022,0.9997295152914022,0.00043277553375649163,0.00043277553375649163,0.8680978420371905,0.47,1.966666667,1.0,1.996666667,False,False,Both diploid
HCM-CSHL-0731-C19,HCM-CSHL-0731-C19-06A,1,0.00037672891663527257,HCM-CSHL-0731-C19-85M,model,1,0.00039466838885599985,READ,0.12035591912885923,0.9898643613057088,0.9987801158889905,0.00026909208331090897,0.0009507920276985451,0.9307657371241711,0.9307657371241711,0.07361249886456536,0.07361249886456536,0.9764794439072221,0.834912333,3.59872708,0.988211,3.5475,True,True,Both WGD
HCM-CSHL-0740-C18,HCM-CSHL-0740-C18-06A,1,0.027393574081050535,HCM-CSHL-0740-C18-85N,model,1,0.12848250004484868,COAD,0.4026693934664442,0.9617749264902432,0.984607932834616,0.0015248551387618177,0.013867212026622177,0.6590875343381097,0.6590875343381097,0.375120647412577,0.375120647412577,0.8223712768535286,0.4986456,2.970576902,0.990655333,2.823412331,True,True,Both WGD
HCM-CSHL-0802-C67,HCM-CSHL-0802-C67-01A,1,0.22998403386972355,HCM-CSHL-0802-C67-85B,model,2,0.009310586082557451,BLCA,0.5002242434027591,0.9022737053507388,0.9511149381985182,0.00249358663868109,0.04639147516280071,0.011073175232998063,0.28183076497185566,4.59796991787395,1.3631816923502815,0.8480436153026228,0.329845544,2.44,0.987912794,4.44,True,True,Both WGD
HCM-CSHL-0806-C54,HCM-CSHL-0806-C54-01A,0,0.9289417505336993,HCM-CSHL-0806-C54-85A,model,0,0.9290673268392444,UCEC,0.06639398668891161,0.990272899216428,0.9993541790000539,0.00025115261109018175,0.00039466838885599985,0.9995671698317373,0.9995671698317373,0.0007033490234269328,0.0007033490234269328,0.6290981222936859,0.768928567,2.007931096,0.993413876,2.105585126,False,False,Both diploid
HCM-CSHL-0807-C54,HCM-CSHL-0807-C54-01A,0,0.9476526200599178,HCM-CSHL-0807-C54-85B,model,0,0.9479217121432287,UCEC,0.00039466838885599985,0.7272727272727273,0.9998923631666756,5.38184166621818e-05,5.38184166621818e-05,0.9999271402550091,0.9999271402550091,7.285974499089253e-05,7.285974499089253e-05,0.9997493947227045,0.8725,2.06,0.9975,2.07,False,False,Both diploid
HCM-CSHL-0808-C55,HCM-CSHL-0808-C55-01A,0,0.6605493066393987,HCM-CSHL-0808-C55-85A,model,1,0.06203469493927489,UCEC,0.2661858888111512,0.8067798894729747,0.9485675331431749,0.015410006637604721,0.03602246021922035,0.019715469922706397,0.4439714723124603,3.4600276315298157,0.8439378663978193,0.7149153978009302,0.270482602,1.820189486,0.991677099,3.281608034,False,True,Model WGD
HCM-CSHL-0811-C55,HCM-CSHL-0811-C55-01A,1,0.010279317582476723,HCM-CSHL-0811-C55-85A,model,1,0.005920025832839998,UCEC,0.29097823942019624,0.9565351418002466,0.9873526720843873,0.009400283443661088,0.003247044471951635,0.786605772608768,0.786605772608768,0.3630345949743912,0.3630345949743912,0.8794987794989779,0.976,3.22,0.987523333,3.079038094,True,True,Both WGD
HCM-CSHL-0817-C22,HCM-CSHL-0817-C22-01A,1,0.005453599555101089,HCM-CSHL-0817-C22-85A,model,1,0.0004305473332974544,CHOL,0.12532515293400068,0.8863441168050387,0.9857560590567426,0.0006996394166083634,0.013544301526649085,0.5420936709321587,0.5420936709321587,0.4848280757959117,0.4848280757959117,0.7305644473714153,0.3082536,3.7,0.98,3.517205397,True,True,Both WGD
HCM-CSHL-0818-C56,HCM-CSHL-0818-C56-06A,1,0.11474086432377159,HCM-CSHL-0818-C56-85P,model,1,0.09308792135335378,OV,0.4712161168218431,0.8911562036014772,0.9487110489209407,0.03526900238594981,0.016019948693109447,0.7405152835176291,0.7405152835176291,0.4067910197699095,0.4067910197699095,0.886863167865457,0.491914129,2.929484614,0.992652177,2.813119164,True,True,Both WGD
HCM-CSHL-0835-C20,HCM-CSHL-0835-C20-06A,0,0.7743752578799131,HCM-CSHL-0835-C20-85N,model,0,0.7322354376334248,READ,0.08449491415962543,0.7598726114649682,0.9797104569183575,0.000807276249932727,0.01948226683170981,0.8924117177869625,0.8924117177869625,0.10940105866144587,0.10940105866144587,0.7848955725434636,0.781839,2.110379311,0.990469833,2.112268322,False,False,Both diploid
HCM-CSHL-0838-C18,HCM-CSHL-0838-C18-06A,1,0.014584790915451267,HCM-CSHL-0838-C18-85M,model,1,0.13327233912778286,COAD,0.2272392946199523,0.9639220020525776,0.9918016611951277,0.004018441777442908,0.004179897027429453,0.5214368903770563,0.5214368903770563,0.4873707963313437,0.4873707963313437,0.7431594563885113,0.3005625,3.42,0.992,2.909995898,True,True,Both WGD
HCM-CSHL-0839-C34,HCM-CSHL-0839-C34-06A,0,0.5175358340957609,HCM-CSHL-0839-C34-85M,model,0,0.507794700679906,LUAD,0.2905656315591195,0.9731431746619744,0.9921963295839836,0.0014889761943203631,0.0063146942216959975,0.893565911526664,0.893565911526664,0.13313500129346983,0.13313500129346983,0.8971078812817291,0.2521256,2.176595561,0.986500333,2.04502261,False,False,Both diploid
HCM-CSHL-0853-C56,HCM-CSHL-0853-C56-06A,0,0.5118310819295696,HCM-CSHL-0853-C56-85B,model,0,0.5187557182067704,OV,0.4021312092998224,0.9785421127765882,0.9913711138618302,0.0007713973054912724,0.007857488832678543,0.9618492083620158,0.9618492083620158,0.041828194630629326,0.041828194630629326,0.9647918304261442,0.631384858,1.706619255,0.908955575,1.704640623,False,False,Both diploid
HCM-CSHL-0853-C56,HCM-CSHL-0853-C56-07A,0,0.5001704249860969,HCM-CSHL-0853-C56-85D,model,0,0.5578637676479558,OV,0.3729975064133613,0.9156406310119277,0.9685341657248444,0.0007355183610498179,0.030730315914105806,0.8720623784510806,0.8720623784510806,0.13239062869190643,0.13239062869190643,0.8873017256063789,0.669726732,1.874187045,0.963996896,1.763452788,False,False,Both diploid
HCM-CSHL-0853-C56,HCM-CSHL-0853-C56-07B,0,0.5737581400355202,HCM-CSHL-0853-C56-85F,model,0,0.5390811402328544,OV,0.40397897493855733,0.720058617167725,0.8869095671205354,0.07990240927111925,0.03318802360834544,0.8233447643931558,0.8233447643931558,0.20111407471921325,0.20111407471921325,0.849216114270105,0.532911306,1.76,0.939632287,1.792535335,False,False,Both diploid
HCM-CSHL-0857-C19,HCM-CSHL-0857-C19-06A,1,0.09041493999246542,HCM-CSHL-0857-C19-85M,model,1,0.0684929049387367,READ,0.18578117431785157,0.9707415990730012,0.9945643399171197,0.002565344527563999,0.002870315555316363,0.8206720902961009,0.8206720902961009,0.3156698915274113,0.3156698915274113,0.8621830032530079,0.828458219,3.106164845,0.991914249,3.06417798,True,True,Both WGD
HCM-CSHL-0859-C22,HCM-CSHL-0859-C22-01A,1,0.023267495470283263,HCM-CSHL-0859-C22-85A,model,1,0.030228010691925444,CHOL,0.20980212762140538,0.9225309961522018,0.9837468381680211,0.002906194499757817,0.013346967332221085,0.8832069539485852,0.8832069539485852,0.3787867579064176,0.3787867579064176,0.8136993367026573,0.3746782,3.296666667,0.990327167,3.077808697,True,True,Both WGD
HCM-CSHL-0860-C18,HCM-CSHL-0860-C18-06A,0,0.5148449132626518,HCM-CSHL-0860-C18-85M,model,0,0.6007032273110525,COAD,0.3174030820013275,0.7374667947775957,0.9166711515347219,0.0029420734441992715,0.08038677502107888,0.8684700810988529,0.8684700810988529,0.13476291371374297,0.13476291371374297,0.8336203784797649,0.867367342,2.012779878,0.997374307,2.069406392,False,False,Both diploid
HCM-CSHL-0868-C56,HCM-CSHL-0868-C56-06A,0,0.4080512351326624,HCM-CSHL-0868-C56-85A,model,1,0.04161957555208726,OV,0.5993218879500565,0.5480723180076629,0.7291498484114597,0.08890802432592433,0.18194212726261594,0.1271045158926445,0.49938627828157917,3.7158560043968123,1.5748282495190986,0.5377597701746549,0.352909833,1.703926206,0.993511268,3.152295866,False,True,Model WGD
HCM-CSHL-0878-C18,HCM-CSHL-0878-C18-06A,0,0.730782340383546,HCM-CSHL-0878-C18-85A,model,0,0.7286654826615001,COAD,0.2555298423120392,0.9595619208087616,0.9896668640008611,0.002368010333135999,0.007965125666002906,0.9957580431908329,0.9957580431908329,0.005931394153077714,0.005931394153077714,0.985604245696157,0.727199112,1.752906897,0.996348647,1.817350867,False,False,Both diploid
HCM-CSHL-0907-C50,HCM-CSHL-0907-C50-06A,1,0.2953554706420537,HCM-CSHL-0907-C50-85B,model,2,0.01982311680390363,BRCA,0.5300396462336078,0.907060177350572,0.9507382092818829,0.01673752758193854,0.03252426313617853,0.018405249110320286,0.3253262158956109,3.3842118920521944,3.050081553973903,0.8634568908611573,0.1,2.48,0.99159217,3.910592425,True,True,Both WGD
HCM-CSHL-1262-C19,HCM-CSHL-1262-C19-06A,1,0.09626320793642251,HCM-CSHL-1262-C19-85M,model,1,0.1204635559621836,COAD,0.1982311680390363,0.5804524886877828,0.9168326067847083,0.08153490124320542,0.0016324919720861813,0.6470748596041656,0.6470748596041656,0.4695127492139651,0.4695127492139651,0.8072518188153349,0.806666667,3.25,0.943394534,3.05748681,True,True,Both WGD
HCM-CSHL-1264-C25,HCM-CSHL-1264-C25-01A,0,0.7763665392964139,HCM-CSHL-1264-C25-85A,model,0,0.9434189046158262,IPMN,0.14880792207093269,0.0019288728149487644,0.8514791094845989,0.012754964748937087,0.13576592576646396,0.7243804724181063,0.7243804724181063,0.6684190490002356,0.6684190490002356,-0.001198170947227933,0.443040386,1.962773146,0.996656781,2.012418923,False,False,Both diploid
HCM-CSHL-1265-C25,HCM-CSHL-1265-C25-01A,1,0.006099420555047271,HCM-CSHL-1265-C25-85A,model,1,0.0005381841666218179,PAAD,0.21301329314891557,0.8672730335186121,0.9717273917801338,0.000609942055504727,0.027662666164361444,0.6582648576342442,0.6582648576342442,0.9063634626409326,0.9063634626409326,0.791813123634195,0.857264919,3.645593931,0.993162613,3.963196829,True,True,Both WGD
HCM-CSHL-1266-C20,HCM-CSHL-1266-C20-06A,2,0.0016504314443069085,HCM-CSHL-1266-C20-85N,model,2,0.0019374629998385447,READ,0.48761279443158784,0.9768220448107133,0.9886981325009419,0.005220386416231635,0.006081481082826543,0.8136085910016664,0.8136085910016664,0.2213664136271061,0.2213664136271061,0.9406340810540806,0.836712452,3.803452678,0.995030334,3.759648315,True,True,Both WGD
HCM-CSHL-1268-C24,HCM-CSHL-1268-C24-06A,0,0.7896955671564143,HCM-CSHL-1268-C24-85M,model,0,0.7891573829897924,AMPV,0.0719731625495578,0.9703389830508474,0.9978652028057334,0.00046642627773890895,0.0016683709165276357,0.9985897667691195,0.9985897667691195,0.0025311878502983186,0.0025311878502983186,0.9894087932241865,0.368053788,2.137697375,0.993113887,2.083360454,False,False,Both diploid
HCM-CSHL-1269-C18,HCM-CSHL-1269-C18-06A,1,0.23665751753583408,HCM-CSHL-1269-C18-85M,model,1,0.2553145686453904,COAD,0.20381034389968247,0.612270046650823,0.9209766248676964,0.07644009113251889,0.0025832839997847264,0.7353577584626105,0.7353577584626105,0.27003337367513847,0.27003337367513847,0.8739493746303891,0.861624,2.90185542,0.975926809,2.740101927,True,True,Both WGD
HCM-SANG-0265-C18,HCM-SANG-0265-C18-06A,1,0.1767934987352672,HCM-SANG-0265-C18-85A,model,1,0.17688319609637085,COAD,0.25287480042337157,0.9809875141884222,0.9951922214448451,0.00048436574995963617,0.004323412805195271,0.9254976820289065,0.9254976820289065,0.07821107172075266,0.07821107172075266,0.9495475498806676,0.580502,2.93239657,0.990402833,2.765,True,True,Both WGD
HCM-SANG-0271-D12,HCM-SANG-0271-D12-31B,1,0.3307859282779901,HCM-SANG-0271-D12-85B,model,2,0.0005381841666218179,COTA,0.24259548284089483,0.837018413074022,0.9604614032255171,0.003713470749690544,0.03582512602479235,0.0024242199933380212,0.5200044413190718,6.127373329878974,0.6350531107738998,0.8827851160099721,0.559086,2.45,1.0,4.81,True,True,Both WGD
HCM-SANG-0272-C20,HCM-SANG-0272-C20-01B,0,0.6724611161939615,HCM-SANG-0272-C20-85A,model,1,0.06431300791130724,READ,0.1796279353461421,0.9867172675521821,0.9976140501946432,0.0005561236388425452,0.0018298261665141812,0.08208982384626583,0.33674843499781626,2.9881896928228273,1.0006733148929976,0.765143693333471,0.4787962,2.092054143,0.991620333,3.303401513,False,True,Model WGD
HCM-SANG-0277-C18,HCM-SANG-0277-C18-01B,0,0.8729347182605888,HCM-SANG-0277-C18-85A,model,0,0.8675169976499292,COAD,0.055953213856448344,0.987495992305226,0.9993003605833917,0.00026909208331090897,0.0004305473332974544,0.9975030759209669,0.9975030759209669,0.0029130780922052542,0.0029130780922052542,0.9851924125066258,0.466666667,2.055169551,0.986347667,2.058902467,False,False,Both diploid
HCM-SANG-0284-C18,HCM-SANG-0284-C18-01A,1,0.0724395888272967,HCM-SANG-0284-C18-85A,model,1,0.07032273110525088,COAD,0.30441490411352096,0.8470151452648949,0.953429130114992,0.045189530524011985,0.0013813393609959995,0.7489457612330959,0.7489457612330959,0.2748109640831758,0.2748109640831758,0.9421702428847669,0.2130802,3.374002669,0.9712088,3.106777798,True,True,Both WGD
HCM-SANG-0287-C20,HCM-SANG-0287-C20-01A,0,0.9943490662504709,HCM-SANG-0287-C20-85A,model,1,0.2315806468973683,READ,0.29899718350286136,0.0008399832003359933,0.7012539691082288,0.29858457564178464,0.0001614552499865454,0.4464025633556656,0.025487911447713372,0.7198150305854938,2.3685551995339353,0.0318905770411373,0.26935,1.951250165,0.996666667,2.585365747,False,True,Model WGD
HCM-SANG-0294-C15,HCM-SANG-0294-C15-01A,1,0.1320524550167734,HCM-SANG-0294-C15-85A,model,1,0.17878478015176794,ESCA,0.25000448486805515,0.8094144661308841,0.9523527617817484,0.03849810738568071,0.009149130832570906,0.7385277421717634,0.7385277421717634,0.3284013916865043,0.3284013916865043,0.8088304567986335,0.1843082,2.817859081,0.991736167,2.751040238,True,True,Both WGD
HCM-SANG-0297-C15,HCM-SANG-0297-C15-01A,1,0.12575570026729813,HCM-SANG-0297-C15-85A,model,1,0.011301867499058177,ESCA,0.4444145453240766,0.6603963993056957,0.8490752202070215,0.060276626661643615,0.09064815313133488,0.4967551622418879,0.4967551622418879,0.771589233038348,0.771589233038348,0.7397383905472978,0.4436626,3.119570914,0.986804333,3.094932123,True,True,Both WGD
HCM-SANG-0310-C15,HCM-SANG-0310-C15-01A,1,0.2043485280663043,HCM-SANG-0310-C15-85A,model,1,0.21602712448199773,ESCA,0.4582996968229195,0.9282890358946256,0.9671348868916276,0.02820085033098326,0.0046642627773890895,0.8683563175549758,0.8683563175549758,0.1701639955273947,0.1701639955273947,0.883465506787206,0.5887082,2.51,0.985189333,2.460470595,True,True,Both WGD
HCM-SANG-0311-C15,HCM-SANG-0311-C15-08A,0,0.993685305778304,HCM-SANG-0311-C15-85B,model,0,0.7800620705738838,ESCA,0.023680103331359992,0.013636363636363636,0.9766428071686131,0.0231598586369589,0.00019733419442799992,0.7982772037134223,0.7982772037134223,0.20250095007148156,0.20250095007148156,0.056677037853529254,0.23,2.01,0.98,2.1,False,False,Both diploid
HCM-SANG-0314-C15,HCM-SANG-0314-C15-01A,0,0.7610641694921335,HCM-SANG-0314-C15-85A,model,1,0.0006458209999461816,ESCA,0.0715246757440396,0.9673940305994482,0.9976678686113054,0.00039466838885599985,0.0019374629998385447,0.0006709218829331979,0.6053891346921012,3.551298324508595,0.4854029157902372,0.8867982259879348,0.5446324,2.085,0.939698167,3.889557903,False,True,Model WGD
HCM-SANG-0517-C20,HCM-SANG-0517-C20-01A,1,0.17638089087419048,HCM-SANG-0517-C20-85A,model,1,0.10306226790807814,READ,0.15009956407082503,0.99151428229951,0.9987262974723283,8.969736110363634e-05,0.0011840051665679995,0.8100593111203817,0.8100593111203817,0.2393122086590608,0.2393122086590608,0.8658312196559955,0.458968293,2.872357487,0.974979762,2.999653728,True,True,Both WGD
HCM-SANG-0518-C18,HCM-SANG-0518-C18-01A,0,0.7049136214412572,HCM-SANG-0518-C18-85A,model,1,0.04707317510718834,COAD,0.23217264948065228,0.794004017926132,0.9521733670595411,0.030030676497497445,0.017795956442961447,0.11116433308769344,0.5103352984524687,2.3729918938835666,1.3322218128224024,0.3786038189339827,0.356483337,1.884313769,0.993014041,3.340525707,False,True,Model WGD
HCM-SANG-0519-C20,HCM-SANG-0519-C20-01A,0,0.7061155660800459,HCM-SANG-0519-C20-85A,model,0,0.6974687404696553,READ,0.21093231437131119,0.9789930260248342,0.9955689503614804,0.0032111655275101807,0.001219884111009454,0.9677720776841334,0.9677720776841334,0.03730304140710883,0.03730304140710883,0.936201491995473,0.485872562,1.853387859,0.998925962,1.842963351,False,False,Both diploid
HCM-SANG-0522-C18,HCM-SANG-0522-C18-01A,0,0.8506000753457833,HCM-SANG-0522-C18-85A,model,0,0.7919200617117844,COAD,0.15061980876522613,0.4340161981896141,0.9147516280071041,0.08517661410401306,7.175788888290906e-05,0.8283459150238056,0.8283459150238056,0.3629500896106012,0.3629500896106012,0.6715473633699685,0.262901243,2.129141861,0.994770055,3.885421128,False,False,Both diploid
HCM-SANG-0523-C15,HCM-SANG-0523-C15-01A,1,0.00025115261109018175,HCM-SANG-0523-C15-85A,model,1,0.00044848680551818167,ESCA,0.21826955850958865,0.8472096654886168,0.966650521141668,0.03076619485854726,0.0025832839997847264,0.9975892695305419,0.9975892695305419,0.005981511691136488,0.005981511691136488,0.9973838549634805,0.585148486,3.872212272,0.981610813,3.521242306,True,True,Both WGD
HCM-SANG-0527-C18,HCM-SANG-0527-C18-01A,1,0.0003049710277523635,HCM-SANG-0527-C18-85A,model,1,0.0005202446944010907,COAD,0.12545072923954578,0.15672815672815674,0.8942109323143713,0.054553935023231616,0.05123513266239707,0.39943025179195,0.39943025179195,1.7883661091711083,1.7883661091711083,0.6265056255949805,0.425400726,2.243417482,0.986022961,3.866385406,True,True,Both WGD
HCM-SANG-0529-C18,HCM-SANG-0529-C18-01A,1,0.1681107941804352,HCM-SANG-0529-C18-85A,model,1,0.05577381913424107,COAD,0.2959474732253377,0.6897011577862642,0.9081678417020971,0.08614534560393233,0.005686812693970544,0.5349722674769811,0.5349722674769811,0.5966245034688535,0.5966245034688535,0.6272537247357359,0.365885263,2.946092537,0.981949317,2.913716931,True,True,Both WGD
HCM-SANG-0530-C15,HCM-SANG-0530-C15-08A,1,0.26604237303338535,HCM-SANG-0530-C15-85A,model,1,0.14581203021007122,ESCA,0.3513983818596057,0.9777414743720645,0.9921783901117629,0.0009866709721399996,0.006834938916097088,0.7043255601280293,0.7043255601280293,0.3826245999085505,0.3826245999085505,0.704152445605685,0.500533224,2.194834199,0.989621755,2.559605998,True,True,Both WGD
HCM-SANG-0533-C20,HCM-SANG-0533-C20-01A,1,0.02992303966417308,HCM-SANG-0533-C20-85A,model,1,0.03727822327467126,READ,0.010978956999085087,0.8218954248366013,0.9980445975279407,0.001004610444360727,0.0009507920276985451,0.8396012603416189,0.8396012603416189,0.2637135855244974,0.2637135855244974,0.845134189066172,0.522323961,3.779469956,1.0,3.696764391,True,True,Both WGD
HCM-SANG-0535-C20,HCM-SANG-0535-C20-08A,0,0.7656925533250811,HCM-SANG-0535-C20-85A,model,0,0.6885707622481747,READ,0.22036847675941373,0.6532888309996744,0.9235957878119225,0.07565075435480688,0.0007534578332705451,0.8107336412905103,0.8107336412905103,0.19863237915105664,0.19863237915105664,0.6528861188320291,0.247352057,2.222628536,0.988221863,1.884839049,False,False,Both diploid
HCM-SANG-0536-C18,HCM-SANG-0536-C18-08A,1,0.07114794682740434,HCM-SANG-0536-C18-85A,model,1,0.1484311931542974,COAD,0.20450998331629083,0.8567543859649123,0.9707048418635523,0.028129092442100354,0.0011660656943472724,0.7779195217961802,0.7779195217961802,0.22845895903192887,0.22845895903192887,0.8454588446896955,0.284464576,2.952379404,0.994042076,2.903703484,True,True,Both WGD
HCM-SANG-0537-C18,HCM-SANG-0537-C18-01A,0,0.7049853793301402,HCM-SANG-0537-C18-85A,model,0,0.6523868467789677,COAD,0.23681897278582065,0.7779713658056208,0.9474194069210484,0.051683619467915255,0.0008969736110363633,0.9090809146877749,0.9090809146877749,0.0928246848431545,0.0928246848431545,0.8292546530994683,0.667802992,1.936565211,0.982018126,1.83831041,False,False,Both diploid
HCM-SANG-0539-C18,HCM-SANG-0539-C18-01A,0,0.7053441687745546,HCM-SANG-0539-C18-85A,model,1,0.0006278815277254543,COAD,0.16617333118059666,0.768541509230271,0.9615377715587607,0.03745761799687853,0.001004610444360727,0.04717838702639808,0.570794851283543,3.3235401061740966,1.0994473129226965,0.7450376034985674,0.593281064,2.19055268,0.983255086,4.001587144,False,True,Model WGD
HCM-SANG-0541-C20,HCM-SANG-0541-C20-08A,0,0.8790161993434153,HCM-SANG-0541-C20-85A,model,0,0.7858206411567372,READ,0.16010978956999086,0.4927731092436975,0.9187880092567676,0.08078144340993489,0.0004305473332974544,0.9403876165934744,0.9403876165934744,0.06396762602983341,0.06396762602983341,0.7886775670903216,0.139444027,1.956322257,0.998699835,1.898768181,False,False,Both diploid
HCM-SANG-0542-C18,HCM-SANG-0542-C18-01A,0,0.7273200222449455,HCM-SANG-0542-C18-85A,model,1,0.0005381841666218179,COAD,0.19092980284520028,0.6913464248802029,0.9410688337549109,0.05801625316183198,0.0009149130832570906,0.0016529526093037618,0.40095907579968393,3.1182678509799646,0.9754600112618749,0.7824359978660251,0.437650649,2.065285848,0.989404377,3.645972355,False,True,Model WGD
HCM-SANG-0544-C15,HCM-SANG-0544-C15-08A,1,0.19471503148377375,HCM-SANG-0544-C15-85A,model,1,0.1922573237895341,ESCA,0.3539816658593904,0.9612811676464627,0.9862942432233643,0.001219884111009454,0.012485872665626178,0.9294813300726357,0.9294813300726357,0.07679672956893091,0.07679672956893091,0.9308501791600133,0.335001311,2.745205894,0.987436865,2.61328997,True,True,Both WGD
HCM-SANG-0546-C15,HCM-SANG-0546-C15-08A,1,0.09561738693647633,HCM-SANG-0546-C15-85A,model,1,0.17315178587445956,ESCA,0.4169671528263639,0.8916232844297208,0.954810469475988,0.02506144269235599,0.020128087831655993,0.5353751629119344,0.5353751629119344,2.403630608825172,2.403630608825172,0.9350077760878343,0.145787676,3.170887029,0.974793093,2.65695226,True,True,Both WGD
HCM-SANG-0547-C25,HCM-SANG-0547-C25-08A,0,0.9905100191952353,HCM-SANG-0547-C25-85A,model,1,0.012449993721184723,PAAD,0.19792619701128392,0.0013595576905646696,0.8023428950720269,0.19740595231688285,0.00025115261109018175,0.20343959731543623,0.37430697402976365,2.343193755471258,1.4022103880945433,0.09432470646669383,0.219932897,1.836670099,0.971057925,3.13704067,False,True,Model WGD
HCM-SANG-0548-C25,HCM-SANG-0548-C25-01A,1,0.10322372315806469,HCM-SANG-0548-C25-85A,model,1,0.1312451787668407,PAAD,0.23141919164738173,0.6748837209302325,0.9247618535062698,0.06429506843908653,0.010943078054643632,0.6760485345448501,0.6760485345448501,0.4011671930116165,0.4011671930116165,0.7950050313269592,0.214044159,3.121809569,0.980249286,2.904821923,True,True,Both WGD
HCM-SANG-0552-C25,HCM-SANG-0552-C25-08A,0,0.6788655077767612,HCM-SANG-0552-C25-85A,model,0,0.6564052885564107,PAAD,0.24200348025761081,0.9205337286879169,0.9807688857793804,0.014459214609906177,0.0047718996107134525,0.9023965381300768,0.9023965381300768,0.1049929405724554,0.1049929405724554,0.867839741662092,0.258182834,1.95885848,0.992284521,1.85886205,False,False,Both diploid
HCM-SANG-0778-C25,HCM-SANG-0778-C25-01A,1,0.03254220260839926,HCM-SANG-0778-C25-85A,model,1,0.07391062554939634,PAAD,0.47261539565505983,0.8622888593661037,0.9349155947832015,0.060420142439409436,0.0046642627773890895,0.577887230757921,0.577887230757921,0.6558112181136514,0.6558112181136514,0.802550556561899,0.599265376,3.051797619,0.987998251,2.601165377,True,True,Both WGD
HCM-SANG-0780-C25,HCM-SANG-0780-C25-01A,1,0.03166316846958363,HCM-SANG-0780-C25-85A,model,1,0.03195020002511526,PAAD,0.25874100783954934,0.9947999722665187,0.9986545395834454,0.0005561236388425452,0.0007893367777119997,0.9161415948711354,0.9161415948711354,0.09947278505428293,0.09947278505428293,0.964355408726948,0.210899511,3.307204825,0.989844771,3.242656567,True,True,Both WGD
HCM-SANG-1081-C20,HCM-SANG-1081-C20-08A,0,0.38951976032865115,HCM-SANG-1081-C20-85A,model,1,0.20569398848285883,READ,0.6061388873939328,0.6528945187640582,0.7896058697953107,0.03656064438584217,0.17383348581884722,0.08761780009460393,0.4436560783029509,2.3260561074118544,0.9315031110140815,0.6006824868279884,0.1820551,2.92,0.957378819,5.616095584,False,True,Model WGD
HCM-SANG-1082-C15,HCM-SANG-1082-C15-08A,1,0.0009507920276985451,HCM-SANG-1082-C15-85A,model,1,0.08775989810379779,ESCA,0.23864879895233482,0.6481244831992784,0.9160253305347756,0.012162962165653086,0.07181170729957125,0.6489778722157092,0.6489778722157092,0.3613166764361079,0.3613166764361079,0.5613322287073949,0.46586509,2.921742774,0.984824414,2.833426551,True,True,Both WGD
HCM-SANG-1083-C16,HCM-SANG-1083-C16-08A,0,0.9652333028362305,HCM-SANG-1083-C16-85A,model,1,0.21826955850958865,ESCA,0.31309760866835296,0.0014324184953876124,0.6873508781371652,0.3124517876684068,0.00019733419442799992,0.48279032139442524,0.10259616091784952,0.9773295579907333,2.6126351401044348,0.5190330918627367,0.1,1.38,0.99407938,2.59543634,False,True,Model WGD
HCM-SANG-1085-C20,HCM-SANG-1085-C20-08A,0,0.6901673752758194,HCM-SANG-1085-C20-85A,model,0,0.6846778967762769,READ,0.18615790323448683,0.9238700973306351,0.9858278169456255,0.010835441221319268,0.0033367418330552713,0.9277691854470467,0.9277691854470467,0.07768080718809839,0.07768080718809839,0.8675530299900189,0.196243573,5.21,0.996259808,1.907124557,False,False,Both diploid
HCM-SANG-1086-C18,HCM-SANG-1086-C18-01A,0,0.8985881635362287,HCM-SANG-1086-C18-85A,model,0,0.8997183502861346,COAD,0.048813303912598895,0.9893421536199927,0.999479755305599,0.00023321313886945447,0.00028703155553163625,0.9992519340242301,0.9992519340242301,0.001678587067581375,0.001678587067581375,0.994216794287427,0.603015349,2.027940757,0.997670615,2.04888235,False,False,Both diploid
HCM-SANG-1087-C18,HCM-SANG-1087-C18-01A,0,0.8108462049046518,HCM-SANG-1087-C18-85A,model,0,0.721112964856574,COAD,0.04090199666325817,0.04254385964912281,0.9608381321421524,0.0389465941911989,0.0002152736666487272,0.8868078323401019,0.8868078323401019,0.11473182748564494,0.11473182748564494,0.8030668780768745,0.25,2.096666667,0.98004923,2.228769778,False,False,Both diploid
HCM-SANG-1088-C18,HCM-SANG-1088-C18-01A,1,0.15322103223723157,HCM-SANG-1088-C18-85A,model,1,0.18838239778985702,COAD,0.07882604093787561,0.9908966772872099,0.9992824211111709,0.00014351577776581812,0.0005740631110632725,0.9393591635244185,0.9393591635244185,0.0659781044501521,0.0659781044501521,0.9830044621909898,0.708459894,2.976978115,0.992502788,3.076655734,True,True,Both WGD
HCM-SANG-1089-C18,HCM-SANG-1089-C18-01A,0,0.720843872773263,HCM-SANG-1089-C18-85A,model,0,0.6825969179986725,COAD,0.13352349173887304,0.8620180034932151,0.9815761620293131,0.01731159069300181,0.0011122472776850904,0.8932743459900184,0.8932743459900184,0.10753002687336612,0.10753002687336612,0.7605894979730036,0.203077097,2.017637909,0.994450793,2.043987428,False,False,Both diploid
HCM-SANG-1090-C18,HCM-SANG-1090-C18-08A,0,0.9723911522523008,HCM-SANG-1090-C18-85A,model,0,0.9090648153131334,COAD,0.019392569470606174,0.46438482886216464,0.9896130455841989,0.010117862332490178,0.00026909208331090897,0.9414197976878613,0.9414197976878613,0.06219291907514451,0.06219291907514451,0.4369218049382354,0.172766518,2.032449337,0.991964112,2.039858744,False,False,Both diploid
HCM-SANG-1091-C18,HCM-SANG-1091-C18-01A,1,0.00035878944441454535,HCM-SANG-1091-C18-85A,model,1,0.00044848680551818167,COAD,0.2209246003982563,0.9917986195696306,0.9981881133057066,0.0008969736110363633,0.0009149130832570906,0.6878283632635876,0.6878283632635876,0.37410071942446044,0.37410071942446044,0.8742596413973329,0.279713898,4.065235097,0.962011621,3.76367887,True,True,Both WGD
HCM-SANG-1092-C18,HCM-SANG-1092-C18-01A,0,0.7040884057191037,HCM-SANG-1092-C18-85A,model,0,0.7074789659688212,COAD,0.1633030156252803,0.7548061078765242,0.9599590980033368,0.03909010996896471,0.0009507920276985451,0.915862749397062,0.915862749397062,0.0860374186947307,0.0860374186947307,0.9290850055629939,0.728813855,2.110483227,0.995279185,2.087710965,False,False,Both diploid
HCM-SANG-1093-C18,HCM-SANG-1093-C18-01A,0,0.9892721956120051,HCM-SANG-1093-C18-85A,model,0,0.9832445329458407,COAD,0.013813393609959994,0.21948051948051947,0.9892183771953429,0.010404893888021814,0.00037672891663527257,0.9849838468063602,0.9849838468063602,0.015720035374591657,0.015720035374591657,0.39345895879666476,0.311157831,1.923784758,1.0,1.973365662,False,False,Both diploid
HCM-SANG-1094-C16,HCM-SANG-1094-C16-01A,1,0.15128356923739303,HCM-SANG-1094-C16-85A,model,1,0.10738568071327341,ESCA,0.42209784188149185,0.40413957244251775,0.7484885994654037,0.216206519204205,0.03530488133039126,0.500193018254012,0.500193018254012,0.8580120958105848,0.8580120958105848,0.5760963400971272,0.229371971,5.73,0.963190234,2.722328431,True,True,Both WGD
HCM-SANG-1299-C15,HCM-SANG-1299-C15-08A,1,0.12161168218431014,HCM-SANG-1299-C15-85A,model,1,0.14717543009884648,ESCA,0.1901404660674883,0.5899613171053874,0.9220350537287193,0.07030479163303016,0.0076601546382505424,0.4759877068908061,0.4759877068908061,1.599196504609916,1.599196504609916,0.3957158007165025,0.175278318,3.23,0.98777784,2.887954751,True,True,Both WGD
HCM-SANG-1300-C18,HCM-SANG-1300-C18-01A,1,0.02873903449760508,HCM-SANG-1300-C18-85A,model,1,0.014333638304361086,COAD,0.267513409755485,0.7965396995708155,0.9455716412823135,0.0009687314999192723,0.05345962721776725,0.8114018761167362,0.8114018761167362,0.2245011911852293,0.2245011911852293,0.9013331124968398,0.368552064,2.804738353,0.995820628,2.972999416,True,True,Both WGD
HCM-SANG-1301-C20,HCM-SANG-1301-C20-08A,0,0.7340293848554975,HCM-SANG-1301-C20-85A,model,0,0.7541395332149328,READ,0.16699854690275012,0.8247932108711999,0.9707407208079938,0.02841612399763199,0.0008431551943741815,0.9211472123390345,0.9211472123390345,0.09899040979609529,0.09899040979609529,0.730164502434246,0.291699563,2.091222967,0.998483879,2.019232373,False,False,Both diploid
HCM-SANG-1302-C15,HCM-SANG-1302-C15-08A,0,0.6843908652207452,HCM-SANG-1302-C15-85A,model,0,0.7583194302423623,ESCA,0.231598586369589,0.37676219984508136,0.8556590065120284,0.06201675546705416,0.08232423802091743,0.7860348946644465,0.7860348946644465,0.2154854122927677,0.2154854122927677,0.4381471798792234,0.14,2.006149608,0.9743915,2.009570784,False,False,Both diploid
HCM-SANG-1304-C20,HCM-SANG-1304-C20-01A,0,0.9701128392802684,HCM-SANG-1304-C20-85A,model,1,0.17117844393017959,READ,0.267316075561057,0.002751493188376619,0.7334194427999928,0.26552212833898425,0.0010584288610229087,0.32202172712207694,0.14476155404161295,1.5226661756582582,2.0285030381145277,0.46573037352391133,0.126170463,4.09,0.995474207,2.838819238,False,True,Model WGD
HCM-SANG-1305-C15,HCM-SANG-1305-C15-08A,1,0.1977826812335181,HCM-SANG-1305-C15-85A,model,1,0.21258274581561812,ESCA,0.4669285829610893,0.9866682034731827,0.9937750031394076,0.0012916419998923632,0.004933354860699998,0.8062916674404353,0.8062916674404353,0.2085461197051013,0.2085461197051013,0.875395715186717,0.399652335,2.219706003,0.992599409,2.390604512,True,True,Both WGD
HCM-SANG-1306-C25,HCM-SANG-1306-C25-01A,1,0.1025061442692356,HCM-SANG-1306-C25-85A,model,1,0.14572233284896757,PAAD,0.25759288161742283,0.7262344174385403,0.9294799347003211,0.04045350985773999,0.030066555441938897,0.3674401473296501,0.3674401473296501,0.7704788213627992,0.7704788213627992,0.3060791812126829,0.187769595,2.846655951,0.99249775,2.764253908,True,True,Both WGD
HCM-SANG-1309-C25,HCM-SANG-1309-C25-01A,0,0.6547548571121038,HCM-SANG-1309-C25-85A,model,0,0.5814900525626536,PAAD,0.3686920330803868,0.6885461268976255,0.8851694383151247,0.07391062554939634,0.040919936135478896,0.8533323535895363,0.8533323535895363,0.15838783158204128,0.15838783158204128,0.7556799327542683,0.301949383,1.820542707,0.996917485,1.739457188,False,False,Both diploid
HCM-SANG-1310-C15,HCM-SANG-1310-C15-01A,1,0.1588899054589814,HCM-SANG-1310-C15-85A,model,1,0.14376693037690833,ESCA,0.464775846294602,0.7467963563378107,0.8823170622320291,0.0995461313528156,0.018136806415155266,0.6339900570797274,0.6339900570797274,0.40928005892100905,0.40928005892100905,0.8052147081967824,0.557603021,2.757550802,0.990869916,2.781655735,True,True,Both WGD
HCM-SANG-1311-C18,HCM-SANG-1311-C18-01A,2,0.00025115261109018175,HCM-SANG-1311-C18-85A,model,1,0.029492492330875624,COAD,0.1710708070968552,0.9757760067114094,0.995855981917012,0.0019912814165007264,0.0021527366664872718,0.0003445836884963456,0.14084404867698,4.885924663124104,1.2044650791635685,0.9375297311605315,0.416098333,4.534386824,0.984160915,2.965189784,True,True,Both WGD
HCM-SANG-1312-C20,HCM-SANG-1312-C20-08A,0,0.9857201801123011,HCM-SANG-1312-C20-85A,model,1,0.07583014907701416,READ,0.11083005937965305,0.02120427322758174,0.8915200114812623,0.10830059379653051,0.00017939472220727267,0.16212780070754718,0.15689489976415094,1.3199439858490567,1.3700250589622642,0.15772094630542022,0.132446886,1.930905405,0.986024294,2.954658319,False,True,Model WGD
HCM-SANG-1313-C18,HCM-SANG-1313-C18-06A,0,0.5946576251726674,HCM-SANG-1313-C18-85A,model,1,0.0007534578332705451,COAD,0.2666523150888901,0.9844590958019376,0.995855981917012,0.0009866709721399996,0.0031573471108479988,0.002963099291432778,0.428195454127174,2.2695316094598326,0.827054384834821,0.8415690277094631,0.589291708,2.009595208,0.987347763,3.410225368,False,True,Model WGD
HCM-SANG-1314-C18,HCM-SANG-1314-C18-01A,0,0.7337244138277452,HCM-SANG-1314-C18-85A,model,1,0.0005920025832839998,COAD,0.23495326767486502,0.9830495533328243,0.9960174371669985,0.00028703155553163625,0.003695531277469817,0.01402560403236116,0.506327958069288,2.7170590061544644,0.6343663823803349,0.7717806419172288,0.570008927,1.777492835,0.980372395,3.32906367,False,True,Model WGD
HCM-SANG-1315-C18,HCM-SANG-1315-C18-06A,1,0.24019159356331737,HCM-SANG-1315-C18-85A,model,1,0.24038892775774537,COAD,0.3306065335557828,0.9620706495197786,0.9874603089177116,0.000609942055504727,0.011929749026783633,0.955355499097905,0.955355499097905,0.04965204904451563,0.04965204904451563,0.961194407853501,0.46622724,2.551731739,0.994790726,2.51,True,True,Both WGD
HCM-SANG-1316-C18,HCM-SANG-1316-C18-06A,1,0.0017760077498519993,HCM-SANG-1316-C18-85A,model,1,0.0005381841666218179,COAD,0.286062824031717,0.6614197917973159,0.9031447894802935,0.09606587374199452,0.0007893367777119997,0.5038718535469108,0.5038718535469108,1.5035057208237985,1.5035057208237985,0.6588092099947064,0.644756719,3.746832671,0.980373013,3.133496618,True,True,Both WGD
HCM-SANG-1317-C20,HCM-SANG-1317-C20-06A,1,0.03245250524729563,HCM-SANG-1317-C20-85A,model,1,0.0219758534703909,READ,0.37262077749672606,0.9668768956718502,0.9876576431121397,0.008413612471521089,0.003928744416339272,0.6890379484138749,0.6890379484138749,0.39584568633264156,0.39584568633264156,0.8636238684443954,0.844933329,3.245353182,0.991667208,3.135382903,True,True,Both WGD
HCM-SANG-1318-C20,HCM-SANG-1318-C20-06A,1,0.28394596630967117,HCM-SANG-1318-C20-85A,model,1,0.29887160719731626,READ,0.2086360619270581,0.9713671539122958,0.9940261557504978,0.0007355183610498179,0.005238325888452361,0.7446719522839685,0.7446719522839685,0.6721159441373291,0.6721159441373291,0.7799915052908905,0.36050025,3.00981958,0.998697,2.633333333,True,True,Both WGD
HCM-SANG-1320-C25,HCM-SANG-1320-C25-01A,0,0.8857255619539673,HCM-SANG-1320-C25-85A,model,1,0.0005920025832839998,PAAD,0.10761889385214286,0.941656942823804,0.9937211847227455,0.00023321313886945447,0.006045602138385089,0.009416740470294793,0.547707267699315,2.5629258770582175,0.48426627144070705,0.6300935035190881,0.409459643,1.866342848,0.989531,3.397438401,False,True,Model WGD
HCM-SANG-1321-C18,HCM-SANG-1321-C18-01A,0,0.6849469888595877,HCM-SANG-1321-C18-85A,model,0,0.6251726674201245,COAD,0.24392300378522863,0.6955946164595131,0.9257485244784098,0.07315716771612579,0.0010943078054643633,0.8815556972401858,0.8815556972401858,0.25883960287822205,0.25883960287822205,0.882645402829944,0.26218175,2.045714724,0.95976275,1.991791054,False,False,Both diploid
HCM-SANG-1322-C15,HCM-SANG-1322-C15-08A,1,0.06199881599483343,HCM-SANG-1322-C15-85A,model,1,0.058034192634052705,ESCA,0.05039197746802289,0.9558561765752936,0.9977755054446298,0.0008969736110363633,0.0013275209443338177,0.7709288724680196,0.7709288724680196,0.3583112084810902,0.3583112084810902,0.8960571406854634,0.322501481,3.65,0.978785749,3.386591236,True,True,Both WGD
HCM-SANG-1323-C15,HCM-SANG-1323-C15-08A,2,0.00028703155553163625,HCM-SANG-1323-C15-85A,model,1,0.11036363310191415,ESCA,0.6000215273666649,0.9087212605016892,0.9452307913101197,0.042929157024200346,0.011840051665679996,0.07440140519552556,0.0822594064897846,2.7440325413700655,2.181196265138208,0.8924859077145748,0.183630034,2.69,0.991825326,2.67210107,True,True,Both WGD
HCM-SANG-1325-C15,HCM-SANG-1325-C15-08A,0,0.6742012449993722,HCM-SANG-1325-C15-85A,model,0,0.6739859713327234,ESCA,0.10186032326928941,0.8770693906305037,0.9874782483899324,0.0056509337495290884,0.006870817860538543,0.9607491349797704,0.9607491349797704,0.0443769108251103,0.0443769108251103,0.9650853619452403,0.785706334,2.222048889,0.990356769,2.223041715,False,False,Both diploid
HCM-SANG-1326-C15,HCM-SANG-1326-C15-01A,1,0.14306729096029994,HCM-SANG-1326-C15-85A,model,1,0.11570959582369086,ESCA,0.3151606479737366,0.8241120218579235,0.9445670308379528,0.0013095814721130904,0.05412338768993416,0.8825726754937495,0.8825726754937495,0.28043864191138396,0.28043864191138396,0.8258258110100508,0.741763955,2.764654093,0.990842855,2.810499395,True,True,Both WGD
HCM-SANG-1327-C18,HCM-SANG-1327-C18-01A,1,0.2600685287838832,HCM-SANG-1327-C18-85A,model,1,0.22097841881491848,COAD,0.5709775218413075,0.6983473670981526,0.8277631272087975,0.16785964156934502,0.004377231221857453,0.6346851967291262,0.6346851967291262,0.7662168604011588,0.7662168604011588,0.6084127829780724,0.483315063,2.418689425,0.993815286,2.347783015,True,True,Both WGD
HCM-SANG-1329-C15,HCM-SANG-1329-C15-01A,1,0.19155768437292575,HCM-SANG-1329-C15-85A,model,1,0.2859910661428341,ESCA,0.2992483361139515,0.7430609675678916,0.923111422061963,0.06483325260570834,0.012055325332328722,0.7017115363426011,0.7017115363426011,0.6302016380798472,0.6302016380798472,0.6663565808351511,0.252587297,2.974164966,0.992825192,2.630136959,True,True,Both WGD
HCM-SANG-1330-C19,HCM-SANG-1330-C19-01A,1,0.059038803078413436,HCM-SANG-1330-C19-85A,model,1,0.03535869974705344,COAD,0.22026083992608939,0.9881088125101808,0.9973808370557739,0.0012378235832301815,0.0013813393609959995,0.688216231873563,0.688216231873563,0.45880478664663177,0.45880478664663177,0.7955386991697474,0.4732255,3.27,0.988331543,3.090403189,True,True,Both WGD
HCM-SANG-1332-C18,HCM-SANG-1332-C18-08A,0,0.7811025599626858,HCM-SANG-1332-C18-85A,model,0,0.6072331951993972,COAD,0.28220583750426065,0.5672239527048503,0.8778680731212888,0.09909764454729741,0.02303428233141381,0.7093831530167303,0.7093831530167303,0.2942657495758151,0.2942657495758151,0.6892979885617752,0.351747936,1.933470491,0.923688103,3.83482746,False,False,Both diploid
HCM-SANG-1333-C20,HCM-SANG-1333-C20-01A,0,0.5534865364260984,HCM-SANG-1333-C20-85A,model,2,0.0007534578332705451,READ,0.2653965520334392,0.5715830742192781,0.8862996250650306,0.09346465026998906,0.020235724664980356,0.044173426979546654,0.00014518792762381808,3.1671838986588265,34.91384911344622,0.7301649277549196,0.284476523,2.315236927,0.95834214,3.96575448,False,True,Model WGD
HCM-SANG-1334-C18,HCM-SANG-1334-C18-01A,0,0.9856125432789767,HCM-SANG-1334-C18-85A,model,0,0.9837827171124626,COAD,0.013418725221103996,0.7352941176470589,0.996447984500296,0.0031573471108479988,0.00039466838885599985,0.9957284213182416,0.9957284213182416,0.0053349674675125715,0.0053349674675125715,0.8045038631225591,0.1754968,2.002300946,0.994809996,1.975438236,False,False,Both diploid
HCM-SANG-1336-C15,HCM-SANG-1336-C15-01A,1,0.00046642627773890895,HCM-SANG-1336-C15-85A,model,1,0.032147534219543264,ESCA,0.4200886209927704,0.9355169321433147,0.9729113969467018,0.01994869310944872,0.0071399099438494516,0.752919231486663,0.752919231486663,0.33294161537026673,0.33294161537026673,0.8045004106509972,0.322350874,2.902885458,0.992992289,2.71716031,True,True,Both WGD
HCM-SANG-1337-C18,HCM-SANG-1337-C18-01A,1,0.025904597886730173,HCM-SANG-1337-C18-85A,model,1,0.016432556554186177,COAD,0.14423335665464723,0.9902985074626866,0.9986007211667832,0.00046642627773890895,0.0009328525554778179,0.8701039168665068,0.8701039168665068,0.14195915994477146,0.14195915994477146,0.9282914049290859,0.492407681,3.266639009,0.990460803,3.143197714,True,True,Both WGD
HCM-SANG-1338-C20,HCM-SANG-1338-C20-08A,0,0.8537394829844106,HCM-SANG-1338-C20-85A,model,0,0.8398902104300091,READ,0.10241644690813197,0.7623051322473288,0.9756561361964731,0.022531977109233447,0.0018118866942934539,0.9666117139803257,0.9666117139803257,0.03449337850323375,0.03449337850323375,0.7781378895357551,0.723854375,2.080538512,0.998058974,2.00089349,False,False,Both diploid
HCM-SANG-1339-C18,HCM-SANG-1339-C18-01A,1,0.0005381841666218179,HCM-SANG-1339-C18-85A,model,1,0.0013275209443338177,COAD,0.24239814864646683,0.6176731793960923,0.9073246865077229,0.09177833988124069,0.0008969736110363633,0.5481318924501162,0.5481318924501162,1.1991295688415151,1.1991295688415151,0.646738361120445,0.368816908,4.378230949,0.99694641,3.645420035,True,True,Both WGD
HCM-STAN-0627-C34,HCM-STAN-0627-C34-01A,0,0.5077588217354645,HCM-STAN-0627-C34-85A,model,0,0.42672622571443947,LUSC,0.44375078485190966,0.7267949547218628,0.8787650467323251,0.11945894551782286,0.0017760077498519993,0.7713241941733242,0.7713241941733242,0.3456521338032067,0.3456521338032067,0.856184482866208,0.533715833,2.123207614,0.992199167,1.859275371,False,False,Both diploid
HCM-STAN-0840-C49,HCM-STAN-0840-C49-06A,0,0.06181942127262616,HCM-STAN-0840-C49-85A,model,1,0.0003408499721938181,SARC,0.9173349120068888,0.9768260486946319,0.9787417254184382,0.004969233805141453,0.016289040776420356,0.05536664695446481,0.8545054701360142,1.331128030751035,0.3532303370786517,0.6734955254049162,0.671269187,1.141075798,0.993033968,2.18,False,True,Model WGD
HCM-STAN-0841-C18,HCM-STAN-0841-C18-01A,1,0.0008969736110363633,HCM-STAN-0841-C18-85A,model,1,0.012360296360081086,COAD,0.19263405270616937,0.6700502886943565,0.9364404499219633,0.061801481800405435,0.0017580682776312721,0.6611113132709873,0.6611113132709873,0.47725701393690184,0.47725701393690184,0.8713005027421734,0.762300788,3.805716582,0.994741268,3.734128122,True,True,Both WGD
HCM-STAN-0846-C20,HCM-STAN-0846-C20-01D,1,0.1942127262615934,HCM-STAN-0846-C20-85A,model,0,0.7356798162998045,READ,0.40559352743842275,0.3796718121102216,0.7483989021043,0.04384407010745744,0.20775702778824248,0.34205360513401284,0.18963759909399774,1.0144960362400905,2.0841827104567763,0.414807635246982,0.7637618,2.616666667,0.9925,1.989396271,True,False,Tumor WGD
HCM-STAN-0848-C20,HCM-STAN-0848-C20-01A,0,0.6639398668891161,HCM-STAN-0848-C20-85A,model,0,0.6484939813070699,READ,0.14977665357085196,0.9736495388669302,0.99605331611144,0.0008431551943741815,0.0031035286941858173,0.9556862601833924,0.9556862601833924,0.04761991743689037,0.04761991743689037,0.9651336845183147,0.604041905,2.13977198,0.992981721,2.136443784,False,False,Both diploid
HCM-STAN-1109-D13,HCM-STAN-1109-D13-01A,0,0.9843926591679673,HCM-STAN-1109-D13-85B,model,0,0.9845720538901745,TVA,0.009794951832517088,0.9487179487179487,0.9994976947778197,0.00025115261109018175,0.00025115261109018175,0.9993862151135502,0.9993862151135502,0.000613784886449796,0.000613784886449796,0.9696784636595795,0.25,1.923938248,0.991197067,2.088300171,False,False,Both diploid
HCM-STAN-1111-C19,HCM-STAN-1111-C19-01A,1,0.00028703155553163625,HCM-STAN-1111-C19-85B,model,1,0.00035878944441454535,READ,0.0701971547997058,0.9933554817275747,0.999533573722261,3.587894444145453e-05,0.0004305473332974544,0.9794574901706165,0.9794574901706165,0.021931248421887962,0.021931248421887962,0.9735214895326044,0.694136263,3.431134967,0.975279117,3.419023941,True,True,Both WGD
HCM-STAN-1113-C18,HCM-STAN-1113-C18-01A,1,0.008090701971547997,HCM-STAN-1113-C18-85B,model,1,0.007857488832678543,COAD,0.1394076386272716,0.9857161240509587,0.9980087185834993,0.0008431551943741815,0.001148126222126545,0.9961504619445667,0.9961504619445667,0.010577064085643056,0.010577064085643056,0.9899866078590256,0.62261153,3.32,0.990345184,3.256837212,True,True,Both WGD
HCM-WCMC-0502-C15,HCM-WCMC-0502-C15-01A,1,0.25574511597868793,HCM-WCMC-0502-C15-85A,model,1,0.18063254579050284,ESCA,0.5606802647866099,0.6881679145069431,0.8251619037367921,0.06741653660549307,0.10742155965771487,0.5785875309508851,0.5785875309508851,0.550833364130234,0.550833364130234,0.5349820658000115,0.25853775,2.127448894,0.9719665,2.4225,True,True,Both WGD
HCM-WCMC-0504-C18,HCM-WCMC-0504-C18-01A,0,0.9206895933121647,HCM-WCMC-0504-C18-85A,model,0,0.9198105591733491,COAD,0.021868216637066538,0.9499589827727646,0.9989056921945356,0.000807276249932727,0.00028703155553163625,0.9991329949605332,0.9991329949605332,0.0014991962140779944,0.0014991962140779944,0.9855641054949876,0.299464,2.043651631,0.967366333,2.05289417,False,False,Both diploid
HCM-WCMC-0505-C16,HCM-WCMC-0505-C16-01A,2,0.032147534219543264,HCM-WCMC-0505-C16-85A,model,1,0.021635003498197084,STAD,0.4646143910446155,0.9370245955442295,0.9707407208079938,0.022854887609206537,0.006404391582799634,0.6729457860829597,0.002354669781109897,0.589967222996647,10.680970500696983,0.9062814841247755,0.512537667,3.608459317,0.9788895,3.225955746,True,True,Both WGD
HCM-WCMC-0671-C18,HCM-WCMC-0671-C18-01A,1,0.1477674326821305,HCM-WCMC-0671-C18-85A,model,1,0.14222413576592577,COAD,0.05765746371741744,0.9782202862476664,0.9987442369445491,0.0006637604721669089,0.0005920025832839998,0.7980562941230402,0.7980562941230402,0.3146419730448336,0.3146419730448336,0.8390124128106923,0.4338248,3.138602608,0.992,3.124755955,True,True,Both WGD
HCM-WCMC-0673-C56,HCM-WCMC-0673-C56-01A,0,0.9924295427228531,HCM-WCMC-0673-C56-85A,model,0,0.8998798055361211,OV,0.08869275065927561,0.0040453074433656954,0.911666038785139,0.08828014279819887,5.38184166621818e-05,0.9130411108086033,0.9130411108086033,0.08788456302749796,0.08788456302749796,0.18485187931491165,0.426666667,2.145909293,0.992110667,1.904753514,False,False,Both diploid
HCM-WCMC-0673-C56,HCM-WCMC-0673-C56-05A,0,0.9925909979728397,HCM-WCMC-0673-C56-85B,model,0,0.9336239527833091,OV,0.052311500995640706,0.0054869684499314125,0.9479755305598909,0.05188095366234326,0.00014351577776581812,0.9456494096276112,0.9456494096276112,0.055222524977293366,0.055222524977293366,0.11390410024614325,0.536666667,1.996666667,0.987364,1.938746263,False,False,Both diploid
HCM-WCMC-0675-C67,HCM-WCMC-0675-C67-02A,1,0.05207828785677125,HCM-WCMC-0675-C67-85R,model,1,0.05250883519006871,BLCA,0.13486895215542757,0.9720670391061452,0.9962327108336473,0.0008969736110363633,0.002870315555316363,0.7203374084946677,0.7203374084946677,0.3516591728289547,0.3516591728289547,0.888387135867717,0.37164275,4.668251043,0.9975,3.59,True,True,Both WGD
HCM-WCMC-0747-C50,HCM-WCMC-0747-C50-01A,0,0.9298387241447357,HCM-WCMC-0747-C50-85A,model,0,0.9271478033116266,BRCA,0.016289040776420356,0.9801762114537445,0.9996770895000269,0.00014351577776581812,0.00017939472220727267,0.9984805491990847,0.9984805491990847,0.001665903890160183,0.001665903890160183,0.9848011705961478,0.45,2.163333333,0.996666667,2.014420908,False,False,Both diploid
HCM-WCMC-0747-C50,HCM-WCMC-0747-C50-05A,0,0.9426833862547764,HCM-WCMC-0747-C50-85P,model,0,0.929031447894803,BRCA,0.01632491972086181,0.9560439560439561,0.9992824211111709,0.0005920025832839998,0.00012557630554509087,0.9985579731308412,0.9985579731308412,0.0016610689252336448,0.0016610689252336448,0.9847590246519009,0.61,2.016666667,0.996,2.01,False,False,Both diploid
HCM-WCMC-0749-C34,HCM-WCMC-0749-C34-01A,0,0.7435193656602622,HCM-WCMC-0749-C34-85A,model,0,0.7706259081857811,LUAD,0.18639111637335629,0.8893166506256015,0.9793696069461636,0.01627110130419963,0.0043592917496367255,0.9419410585920982,0.9419410585920982,0.06326181677789422,0.06326181677789422,0.8552581795140562,0.280851667,1.904139355,0.998245167,1.877829546,False,False,Both diploid
HCM-WCMC-0751-C54,HCM-WCMC-0751-C54-01A,0,0.5617386936476328,HCM-WCMC-0751-C54-85A,model,1,0.0012378235832301815,UCEC,0.2151480903431821,0.015342282998415743,0.7881527725454317,0.00035878944441454535,0.21148843801015374,0.07325624082232012,0.47116372980910426,3.409563142437592,1.5000917767988253,0.3409030529786071,0.22,2.11,0.94,3.708747644,False,True,Model WGD
HCM-WCMC-0753-C54,HCM-WCMC-0753-C54-01A,0,0.9683547710026371,HCM-WCMC-0753-C54-85A,model,0,0.9688929551692589,UCEC,0.026550418886676353,0.9918918918918919,0.9997847263333512,0.00012557630554509087,8.969736110363634e-05,0.9978909418657053,0.9978909418657053,0.002217214961694457,0.002217214961694457,0.5226359709509738,0.385,2.05,0.996,2.13,False,False,Both diploid
HCM-WCMC-0786-C34,HCM-WCMC-0786-C34-01A,0,0.911666038785139,HCM-WCMC-0786-C34-85A,model,0,0.9455178228656513,LUAD,0.06626841038336652,0.00568489442338928,0.9341083185332687,0.028523760830956355,0.0373679206357749,0.8866161616161616,0.8866161616161616,0.20795454545454545,0.20795454545454545,0.014204887164544398,0.322,2.024622051,0.998329333,1.993995431,False,False,Both diploid
HCM-WCMC-0788-C34,HCM-WCMC-0788-C34-01A,1,0.22749044723104248,HCM-WCMC-0788-C34-85A,model,2,0.0006816999443876361,LUAD,0.3434511956658235,0.6440846173935754,0.8777604362879644,0.08076350393771416,0.04147605977432144,0.1617174587256486,0.15183761398035173,2.6030976656081117,7.041116496740766,0.6435365050409623,0.260276333,5.38,0.97451,4.333953554,True,True,Both WGD
HCM-WCMC-0789-C34,HCM-WCMC-0789-C34-01A,0,0.7337782322444074,HCM-WCMC-0789-C34-85A,model,0,0.730782340383546,LUAD,0.013311088387779632,0.8409703504043127,0.9978831422779542,0.0015607340832032722,0.0005561236388425452,0.9277918021175744,0.9277918021175744,0.21442711076403392,0.21442711076403392,0.9128186367332486,0.4297485,2.265406666,0.993333333,2.287721552,False,False,Both diploid
HCM-WCMC-0945-C54,HCM-WCMC-0945-C54-01A,0,0.993290637389448,HCM-WCMC-0945-C54-85A,model,0,0.9933265163338895,UCEC,0.0003229104999730908,0.7777777777777778,0.9999282421111171,3.587894444145453e-05,3.587894444145453e-05,0.9998916654629496,0.9998916654629496,0.0001625018055756175,0.0001625018055756175,0.932320852330074,0.44,1.996666667,0.94,1.996666667,False,False,Both diploid
HCM-WCMC-0946-C34,HCM-WCMC-0946-C34-01A,0,0.9931650610839029,HCM-WCMC-0946-C34-85A,model,0,0.9624168056975764,LUAD,0.02210142977593599,0.015422077922077922,0.9782394201962579,0.021670882442638536,8.969736110363634e-05,0.9700499168053245,0.9700499168053245,0.03054691456268538,0.03054691456268538,0.20588786746913762,0.356063167,1.865,0.9925,1.97,False,False,Both diploid
HCM-WCMC-0948-C67,HCM-WCMC-0948-C67-01A,1,0.2084925461492923,HCM-WCMC-0948-C67-85A,model,2,0.0013275209443338177,BLCA,0.4618875912670649,0.3039189031731852,0.6784887788601259,0.10150153382487487,0.2200096873149992,0.16639450419505603,0.26105073483867336,4.569795596598907,6.953957617733732,0.3413699615961908,0.3745662,3.002899908,0.95037825,4.48,True,True,Both WGD
HCM-WCMC-0949-C67,HCM-WCMC-0949-C67-01A,0,0.8781730441490412,HCM-WCMC-0949-C67-85A,model,0,0.8742622392049226,BLCA,0.025097321636797447,0.9049320943531094,0.9976140501946432,0.0020809787776043627,0.0003049710277523635,0.9975240765351636,0.9975240765351636,0.003968759671576035,0.003968759671576035,0.982594000374442,0.696666667,2.112638868,1.0,4.06,False,False,Both diploid
HCM-WCMC-0950-C67,HCM-WCMC-0950-C67-01A,0,0.7748416841576521,HCM-WCMC-0950-C67-85A,model,0,0.9942414294171465,BLCA,0.09728575785300396,0.002028397565922921,0.902911576341424,0.00012557630554509087,0.09696284735303087,0.8025292006049672,0.8025292006049672,0.19829078518194573,0.19829078518194573,0.05673752314095749,0.835,1.936666667,0.98,1.913333333,False,False,Both diploid
HCM-WCMC-0951-C67,HCM-WCMC-0951-C67-01A,0,0.6896471305814182,HCM-WCMC-0951-C67-85A,model,0,0.7072816317743932,BLCA,0.2891842921981235,0.3088089330024814,0.8001184005166568,0.14378486984912903,0.05609672963421416,0.6544430584091576,0.6544430584091576,0.4223840622248312,0.4223840622248312,0.2903876203814333,0.874973333,1.991891575,0.9932705,1.892000884,False,False,Both diploid
HCM-WCMC-0952-C34,HCM-WCMC-0952-C34-01A,2,0.0003049710277523635,HCM-WCMC-0952-C34-85A,model,2,0.016898982831925084,LUAD,0.3547530631648817,0.7603539823008849,0.9149848411459734,0.08209102488204797,0.0029241339719785443,0.2148751073442109,0.2148751073442109,3.080741515140201,3.080741515140201,0.7715625954018958,0.3992382,4.536657452,0.976984,3.745974024,True,True,Both WGD
HCM-WCMC-1074-C56,HCM-WCMC-1074-C56-01A,0,0.9218915379509535,HCM-WCMC-1074-C56-85A,model,0,0.9538417379760687,OV,0.03446172613601708,0.9318063508589276,0.9976499291390847,0.00048436574995963617,0.0018657051109556358,0.9627626755707183,0.9627626755707183,0.04034043479838856,0.04034043479838856,0.693324436504687,0.2925,1.950666,0.997503667,1.971181953,False,False,Both diploid
HCM-WCMC-1284-C67,HCM-WCMC-1284-C67-01B,0,0.9810738568071328,HCM-WCMC-1284-C67-85A,model,0,0.9801589437238757,BLCA,0.01338284627666254,0.9584450402144772,0.9994438763611575,0.00026909208331090897,0.00028703155553163625,0.9527637283236994,0.9527637283236994,0.04832008670520231,0.04832008670520231,0.12516723029128762,0.8675,1.98,1.0,1.98,False,False,Both diploid
HCM-WCMC-1285-C54,HCM-WCMC-1285-C54-01A,0,0.9866530326677789,HCM-WCMC-1285-C54-85A,model,0,0.9044364314801858,UCEC,0.005399781138438907,0.036544850498338874,0.994797553055989,0.003247044471951635,0.001955402472059272,0.9028462998102467,0.9028462998102467,0.1023945061895726,0.1023945061895726,0.1941051975788711,0.239018,1.892634766,0.8875,2.062286946,False,False,Both diploid
HCM-WCMC-1287-C67,HCM-WCMC-1287-C67-01A,1,0.015445885582046176,HCM-WCMC-1287-C67-85A,model,1,0.031071165886299625,BLCA,0.020235724664980356,0.44769503546099293,0.988823708806487,0.010333135999138906,0.0008431551943741815,0.725723579639966,0.725723579639966,0.616179351643071,0.616179351643071,0.5800222208061954,0.826666667,3.84,0.992,3.965081015,True,True,Both WGD
HCM-WCMC-1340-C54,HCM-WCMC-1340-C54-01A,0,0.9876755825843604,HCM-WCMC-1340-C54-85A,model,0,0.6761566474714313,UCEC,0.2133182641766679,0.006054999579513918,0.7879733778232244,0.21123728539906356,0.0007893367777119997,0.7483119733635907,0.7483119733635907,0.355387734603151,0.355387734603151,0.03765518599507434,0.96,1.99,0.9875,1.95,False,False,Both diploid
HCM-WCMC-1359-C34,HCM-WCMC-1359-C34-01A,1,0.061640026550418885,HCM-WCMC-1359-C34-85A,model,1,0.001004610444360727,LUAD,0.05216798521787489,0.7441540577716643,0.9866530326677789,0.01115835172129236,0.0021886156109287265,0.7205253792673307,0.7205253792673307,0.3401390494010603,0.3401390494010603,0.7724462576791501,0.666,3.57,0.970360333,3.436666667,True,True,Both WGD
