,case_id3,cell_type,Diagnosis_TCGA_HCMI_Code,umap1,umap2
HCM-BROD-0001-C18-85M,HCM-BROD-0001-C18,HCMI Model,READ,-5.845162425,-2.734559606
HCM-BROD-0002-C71-85A,HCM-BROD-0002-C71,HCMI Model,GBM,1.065666166,0.631373693
HCM-BROD-0003-C71-85B,HCM-BROD-0003-C71,HCMI Model,GBM,1.125340965,0.633399714
HCM-BROD-0004-C64-85R,HCM-BROD-0004-C64,HCMI Model,WT,1.281006005,7.750379015
HCM-BROD-0007-C49-85B,HCM-BROD-0007-C49,HCMI Model,SARC,-3.964494738,6.74645846
HCM-BROD-0008-C25-85A,HCM-BROD-0008-C25,HCMI Model,PAAD,-2.926064524,-3.061590504
HCM-BROD-0009-C25-85A,HCM-BROD-0009-C25,HCMI Model,PAAD,-2.760902915,-2.765075754
HCM-BROD-0010-C25-85A,HCM-BROD-0010-C25,HCMI Model,PAAD,-2.954799447,-3.077097248
HCM-BROD-0011-C71-85A,HCM-BROD-0011-C71,HCMI Model,GBM,1.658112612,-9.208097051
HCM-BROD-0012-C71-85A,HCM-BROD-0012-C71,HCMI Model,GBM,1.433905091,-9.047007154
HCM-BROD-0013-C71-85A,HCM-BROD-0013-C71,HCMI Model,GBM,1.3497664,-9.029159139
HCM-BROD-0014-C71-85B,HCM-BROD-0014-C71,HCMI Model,GBM,1.471756664,-9.175643514
HCM-BROD-0015-C25-85C,HCM-BROD-0015-C25,HCMI Model,PAAD,-6.192582164,1.083992053
HCM-BROD-0016-C25-85A,HCM-BROD-0016-C25,HCMI Model,PAAD,-2.930218253,-3.003421615
HCM-BROD-0019-C25-85A,HCM-BROD-0019-C25,HCMI Model,PAAD,-2.833891425,-2.955688309
HCM-BROD-0020-C15-85A,HCM-BROD-0020-C15,HCMI Model,ESCA,-2.805290494,-2.792963337
HCM-BROD-0025-C16-85A,HCM-BROD-0025-C16,HCMI Model,STAD,-2.307732615,-2.464181017
HCM-BROD-0027-C34-85A,HCM-BROD-0027-C34,HCMI Model,LUAD,-1.42488018,-2.051594805
HCM-BROD-0028-C71-85A,HCM-BROD-0028-C71,HCMI Model,GBM,1.606165138,-9.233069013
HCM-BROD-0029-C71-85C,HCM-BROD-0029-C71,HCMI Model,GBM,1.883162346,-9.379021238
HCM-BROD-0035-C49-85M,HCM-BROD-0035-C49,HCMI Model,SARC,0.060159024,0.322141547
HCM-BROD-0036-C41-85A,HCM-BROD-0036-C41,HCMI Model,SARC,-0.342361781,0.598336745
HCM-BROD-0041-C64-85A,HCM-BROD-0041-C64,HCMI Model,WT,-3.994261775,6.803311278
HCM-BROD-0043-C16-85B,HCM-BROD-0043-C16,HCMI Model,STAD,-0.557556066,-1.186949443
HCM-BROD-0044-C15-85B,HCM-BROD-0044-C15,HCMI Model,ESCA,-2.796175513,-2.85522468
HCM-BROD-0045-C16-85B,HCM-BROD-0045-C16,HCMI Model,STAD,-2.852396521,-2.968295883
HCM-BROD-0046-C71-85A,HCM-BROD-0046-C71,HCMI Model,GBM,1.208254185,0.678792585
HCM-BROD-0047-C71-85B,HCM-BROD-0047-C71,HCMI Model,GBM,1.159068253,0.685813476
HCM-BROD-0048-C71-85A,HCM-BROD-0048-C71,HCMI Model,GBM,1.477210369,-9.227389883
HCM-BROD-0050-C49-85A,HCM-BROD-0050-C49,HCMI Model,SARC,0.928917852,1.070498396
HCM-BROD-0051-C64-85B,HCM-BROD-0051-C64,HCMI Model,WT,1.663844075,1.218802978
HCM-BROD-0052-C49-85A,HCM-BROD-0052-C49,HCMI Model,SARC,0.988788631,0.919536282
HCM-BROD-0053-C49-85M,HCM-BROD-0053-C49,HCMI Model,SARC,-0.019945267,0.363700379
HCM-BROD-0055-C64-85A,HCM-BROD-0055-C64,HCMI Model,WT,1.117629793,0.632189919
HCM-BROD-0095-C15-85A,HCM-BROD-0095-C15,HCMI Model,ESCA,-1.915637765,-2.177306961
HCM-BROD-0096-C15-85C,HCM-BROD-0096-C15,HCMI Model,ESCA,-3.061634812,-2.92648394
HCM-BROD-0097-C15-85B,HCM-BROD-0097-C15,HCMI Model,ESCA,-2.39335135,-2.622259926
HCM-BROD-0098-C15-85A,HCM-BROD-0098-C15,HCMI Model,ESCA,-2.633745227,-2.942706894
HCM-BROD-0099-C15-85B,HCM-BROD-0099-C15,HCMI Model,ESCA,-2.947830949,-3.180739473
HCM-BROD-0100-C15-85A,HCM-BROD-0100-C15,HCMI Model,ESCA,-2.469489369,-2.644169639
HCM-BROD-0101-C15-85A,HCM-BROD-0101-C15,HCMI Model,ESCA,-0.148554179,-2.148513626
HCM-BROD-0102-C71-85B,HCM-BROD-0102-C71,HCMI Model,GBM,1.634698715,-9.201223921
HCM-BROD-0103-C71-85B,HCM-BROD-0103-C71,HCMI Model,GBM,1.492369261,-9.129874777
HCM-BROD-0104-C71-85B,HCM-BROD-0104-C71,HCMI Model,GBM,1.648396101,-9.213830541
HCM-BROD-0106-C71-85A,HCM-BROD-0106-C71,HCMI Model,GBM,1.458565679,-9.134575437
HCM-BROD-0108-C25-85E,HCM-BROD-0108-C25,HCMI Model,PAAD,-2.233083758,-3.082950186
HCM-BROD-0110-C25-85A,HCM-BROD-0110-C25,HCMI Model,PAAD,-2.827384743,-3.120964836
HCM-BROD-0111-C25-85A,HCM-BROD-0111-C25,HCMI Model,PAAD,-2.877589497,-2.937142919
HCM-BROD-0112-C25-85B,HCM-BROD-0112-C25,HCMI Model,PAAD,-2.869040522,-3.089312862
HCM-BROD-0115-C16-85A,HCM-BROD-0115-C16,HCMI Model,STAD,-1.992098603,-2.3796602
HCM-BROD-0116-C16-85B,HCM-BROD-0116-C16,HCMI Model,STAD,-2.918180499,-3.115393471
HCM-BROD-0118-C16-85A,HCM-BROD-0118-C16,HCMI Model,STAD,-6.348652873,1.579376627
HCM-BROD-0120-C15-85A,HCM-BROD-0120-C15,HCMI Model,ESCA,-2.404305968,-2.668018888
HCM-BROD-0121-C41-85B,HCM-BROD-0121-C41,HCMI Model,SARC,-0.353337858,0.596105207
HCM-BROD-0122-C25-85B,HCM-BROD-0122-C25,HCMI Model,PAAD,-0.778472338,-1.607733678
HCM-BROD-0124-C25-85A,HCM-BROD-0124-C25,HCMI Model,PAAD,-2.640461478,-2.683472942
HCM-BROD-0125-C25-85B,HCM-BROD-0125-C25,HCMI Model,PAAD,-2.847655806,-3.048599075
HCM-BROD-0129-C25-85C,HCM-BROD-0129-C25,HCMI Model,PAAD,-2.962786231,-3.081051182
HCM-BROD-0130-C25-85M,HCM-BROD-0130-C25,HCMI Model,PAAD,-3.245006833,-2.548012565
HCM-BROD-0131-C25-85M,HCM-BROD-0131-C25,HCMI Model,PAAD,0.957485643,-1.353134941
HCM-BROD-0132-C25-85A,HCM-BROD-0132-C25,HCMI Model,PAAD,-2.390088591,-2.559021305
HCM-BROD-0134-C25-85A,HCM-BROD-0134-C25,HCMI Model,PAAD,-2.676553521,-2.700982641
HCM-BROD-0138-C25-85B,HCM-BROD-0138-C25,HCMI Model,PAAD,-2.873941455,-3.013540577
HCM-BROD-0140-C16-85A,HCM-BROD-0140-C16,HCMI Model,STAD,-0.328886244,-2.384464096
HCM-BROD-0194-C15-85B,HCM-BROD-0194-C15,HCMI Model,ESCA,0.728476163,-1.66784222
HCM-BROD-0195-C71-85A,HCM-BROD-0195-C71,HCMI Model,GBM,1.375559356,-9.07103021
HCM-BROD-0196-C71-85A,HCM-BROD-0196-C71,HCMI Model,GBM,1.544663396,-9.153131079
HCM-BROD-0198-C71-85B,HCM-BROD-0198-C71,HCMI Model,GBM,1.451667276,-9.118857931
HCM-BROD-0199-C71-85A,HCM-BROD-0199-C71,HCMI Model,GBM,1.6467832,-9.256256651
HCM-BROD-0199-C71-85S,HCM-BROD-0199-C71,HCMI Model,GBM,1.661165443,-9.197985243
HCM-BROD-0200-C71-85B,HCM-BROD-0200-C71,HCMI Model,GBM,1.439310041,-9.207431387
HCM-BROD-0204-C25-85A,HCM-BROD-0204-C25,HCMI Model,PAAD,-2.875330958,-3.034465622
HCM-BROD-0206-C25-85A,HCM-BROD-0206-C25,HCMI Model,PAAD,-2.778909716,-2.856063675
HCM-BROD-0208-C16-85B,HCM-BROD-0208-C16,HCMI Model,STAD,-2.929893765,-3.060335707
HCM-BROD-0209-C71-85A,HCM-BROD-0209-C71,HCMI Model,GBM,1.514601674,-9.136342596
HCM-BROD-0210-C71-85R,HCM-BROD-0210-C71,HCMI Model,GBM,1.301161018,-9.046344351
HCM-BROD-0213-C71-85A,HCM-BROD-0213-C71,HCMI Model,GBM,1.433108416,-9.156606268
HCM-BROD-0214-C71-85A,HCM-BROD-0214-C71,HCMI Model,GBM,1.382912781,-9.134652685
HCM-BROD-0219-C15-85B,HCM-BROD-0219-C15,HCMI Model,ESCA,0.807217386,-1.425733756
HCM-BROD-0221-C43-85N,HCM-BROD-0221-C43,HCMI Model,SKCM,1.958696451,1.225669552
HCM-BROD-0223-C43-85M,HCM-BROD-0223-C43,HCMI Model,SKCM,6.015509095,3.533557106
HCM-BROD-0225-C43-85N,HCM-BROD-0225-C43,HCMI Model,SKCM,1.920448866,1.185409952
HCM-BROD-0226-C43-85M,HCM-BROD-0226-C43,HCMI Model,SKCM,6.041942563,3.610664059
HCM-BROD-0227-C43-85M,HCM-BROD-0227-C43,HCMI Model,SKCM,1.926132765,1.351995279
HCM-BROD-0229-C25-85A,HCM-BROD-0229-C25,HCMI Model,PAAD,1.025779095,-1.397845577
HCM-BROD-0230-C25-85D,HCM-BROD-0230-C25,HCMI Model,PAAD,1.775367704,8.440802981
HCM-BROD-0231-C25-85M,HCM-BROD-0231-C25,HCMI Model,PAAD,-2.90672234,-3.076919626
HCM-BROD-0231-C25-85N,HCM-BROD-0231-C25,HCMI Model,PAAD,-2.880856309,-3.032505583
HCM-BROD-0232-C25-85B,HCM-BROD-0232-C25,HCMI Model,PAAD,-2.887663159,-2.986820291
HCM-BROD-0234-C49-85M,HCM-BROD-0234-C49,HCMI Model,SARC,1.130593386,1.132501055
HCM-BROD-0235-C16-85B,HCM-BROD-0235-C16,HCMI Model,STAD,-2.860907111,-3.015032362
HCM-BROD-0236-C34-85A,HCM-BROD-0236-C34,HCMI Model,LUAD,0.50979903,0.429976661
HCM-BROD-0253-C15-85B,HCM-BROD-0253-C15,HCMI Model,ESCA,-0.000880543,0.382896323
HCM-BROD-0254-C49-85M,HCM-BROD-0254-C49,HCMI Model,SARC,-3.955510649,6.730156351
HCM-BROD-0254-C49-85N,HCM-BROD-0254-C49,HCMI Model,SARC,-3.947793517,6.777738024
HCM-BROD-0328-C15-85A,HCM-BROD-0328-C15,HCMI Model,ESCA,-4.845767531,-1.855200242
HCM-BROD-0332-C43-85M,HCM-BROD-0332-C43,HCMI Model,SKCM,1.408247199,1.617281963
HCM-BROD-0334-C43-85M,HCM-BROD-0334-C43,HCMI Model,SKCM,5.699121919,3.54344647
HCM-BROD-0335-C43-85M,HCM-BROD-0335-C43,HCMI Model,SKCM,4.984438386,3.410118748
HCM-BROD-0339-C43-85M,HCM-BROD-0339-C43,HCMI Model,SKCM,5.270781961,3.480543066
HCM-BROD-0344-C25-85A,HCM-BROD-0344-C25,HCMI Model,PAAD,-3.83103374,-3.69805653
HCM-BROD-0348-C25-85M,HCM-BROD-0348-C25,HCMI Model,PAAD,-2.966485534,-3.03846557
HCM-BROD-0351-C49-85M,HCM-BROD-0351-C49,HCMI Model,SARC,1.905678477,1.165742565
HCM-BROD-0353-C64-85A,HCM-BROD-0353-C64,HCMI Model,KIRC,-0.654252324,7.516739775
HCM-BROD-0356-C16-85A,HCM-BROD-0356-C16,HCMI Model,STAD,0.510293376,0.253833864
HCM-BROD-0408-C71-85R,HCM-BROD-0408-C71,HCMI Model,GBM,0.98109534,0.730324973
HCM-BROD-0411-C25-85M,HCM-BROD-0411-C25,HCMI Model,PAAD,-2.583276782,-3.105656456
HCM-BROD-0413-C25-85N,HCM-BROD-0413-C25,HCMI Model,PAAD,-2.742098365,-2.862067293
HCM-BROD-0414-C25-85M,HCM-BROD-0414-C25,HCMI Model,PAAD,-2.859096083,-2.963550161
HCM-BROD-0415-C71-85R,HCM-BROD-0415-C71,HCMI Model,GBM,1.810741511,-9.285921644
HCM-BROD-0416-C71-85B,HCM-BROD-0416-C71,HCMI Model,GBM,1.771496144,-9.241158079
HCM-BROD-0417-C71-85A,HCM-BROD-0417-C71,HCMI Model,GBM,1.397218671,-9.000300955
HCM-BROD-0418-C71-85B,HCM-BROD-0418-C71,HCMI Model,GBM,1.572941389,-9.181432318
HCM-BROD-0419-C71-85A,HCM-BROD-0419-C71,HCMI Model,GBM,1.387249198,-9.120191168
HCM-BROD-0420-C71-85R,HCM-BROD-0420-C71,HCMI Model,GBM,1.37657794,-9.191726278
HCM-BROD-0421-C71-85A,HCM-BROD-0421-C71,HCMI Model,GBM,1.640265312,-9.21669824
HCM-BROD-0423-C71-85D,HCM-BROD-0423-C71,HCMI Model,GBM,1.515939799,-9.160113882
HCM-BROD-0444-C43-85M,HCM-BROD-0444-C43,HCMI Model,SKCM,6.719063249,4.432814528
HCM-BROD-0445-C15-85M,HCM-BROD-0445-C15,HCMI Model,ESCA,-5.533332381,-2.522216152
HCM-BROD-0448-C15-85M,HCM-BROD-0448-C15,HCMI Model,ESCA,-4.876396689,-1.890457224
HCM-BROD-0449-C34-85M,HCM-BROD-0449-C34,HCMI Model,LUAD,-5.735526118,2.322211434
HCM-BROD-0450-C15-85M,HCM-BROD-0450-C15,HCMI Model,ESCA,-4.875694308,-1.887228798
HCM-BROD-0451-C15-85C,HCM-BROD-0451-C15,HCMI Model,ESCA,-3.058484111,-2.905264925
HCM-BROD-0453-C16-85A,HCM-BROD-0453-C16,HCMI Model,STAD,-2.876039538,-3.07366259
HCM-BROD-0455-C71-85A,HCM-BROD-0455-C71,HCMI Model,GBM,1.364336517,-8.98900659
HCM-BROD-0457-C71-85A,HCM-BROD-0457-C71,HCMI Model,GBM,1.716969218,-9.224552702
HCM-BROD-0458-C15-85N,HCM-BROD-0458-C15,HCMI Model,ESCA,-4.426520381,-3.443771671
HCM-BROD-0472-C34-85M,HCM-BROD-0472-C34,HCMI Model,SCLC,-1.233028087,-2.202659439
HCM-BROD-0475-C16-85M,HCM-BROD-0475-C16,HCMI Model,STAD,-2.706676516,-2.751257728
HCM-BROD-0477-C16-85M,HCM-BROD-0477-C16,HCMI Model,STAD,-3.202954325,-3.141950916
HCM-BROD-0478-C16-85M,HCM-BROD-0478-C16,HCMI Model,STAD,-5.874148879,-2.762214969
HCM-BROD-0481-C43-85M,HCM-BROD-0481-C43,HCMI Model,SKCM,0.985439446,0.638788153
HCM-BROD-0482-C34-85M,HCM-BROD-0482-C34,HCMI Model,LUSC,2.601680722,12.85376303
HCM-BROD-0483-C16-85M,HCM-BROD-0483-C16,HCMI Model,STAD,-2.867639575,-3.09425361
HCM-BROD-0483-C16-85N,HCM-BROD-0483-C16,HCMI Model,STAD,-2.919402871,-3.1131397
HCM-BROD-0485-C15-85M,HCM-BROD-0485-C15,HCMI Model,ESCA,-2.92475513,-3.039117884
HCM-BROD-0488-C16-85M,HCM-BROD-0488-C16,HCMI Model,STAD,-2.937558207,-3.037791084
HCM-BROD-0489-C15-85M,HCM-BROD-0489-C15,HCMI Model,ESCA,11.50323531,0.901749362
HCM-BROD-0555-C15-85M,HCM-BROD-0555-C15,HCMI Model,ESCA,-3.161362204,-2.559107612
HCM-BROD-0557-C43-85M,HCM-BROD-0557-C43,HCMI Model,SKCM,0.712459471,0.712321747
HCM-BROD-0559-C16-85M,HCM-BROD-0559-C16,HCMI Model,STAD,-2.86974338,-3.023644041
HCM-BROD-0561-C43-85M,HCM-BROD-0561-C43,HCMI Model,SKCM,1.115241792,1.185924817
HCM-BROD-0564-C71-85R,HCM-BROD-0564-C71,HCMI Model,GBM,1.5465624,-9.222704481
HCM-BROD-0568-C15-85M,HCM-BROD-0568-C15,HCMI Model,ESCA,-2.815937791,-2.830066513
HCM-BROD-0569-C43-85M,HCM-BROD-0569-C43,HCMI Model,SKCM,4.973812547,3.390620638
HCM-BROD-0574-C71-85B,HCM-BROD-0574-C71,HCMI Model,GBM,1.270377782,-9.235081266
HCM-BROD-0577-C15-85M,HCM-BROD-0577-C15,HCMI Model,ESCA,-5.597898516,-2.689632725
HCM-BROD-0578-C15-85A,HCM-BROD-0578-C15,HCMI Model,ESCA,-2.615052972,-2.817830156
HCM-BROD-0578-C15-85M,HCM-BROD-0578-C15,HCMI Model,ESCA,-2.880044255,-3.113546919
HCM-BROD-0579-C16-85M,HCM-BROD-0579-C16,HCMI Model,STAD,-5.356533561,-2.746224712
HCM-BROD-0594-C43-85M,HCM-BROD-0594-C43,HCMI Model,SKCM,5.460133996,3.467656304
HCM-BROD-0595-C43-85M,HCM-BROD-0595-C43,HCMI Model,SKCM,5.146419492,3.453666378
HCM-BROD-0596-C43-85O,HCM-BROD-0596-C43,HCMI Model,SKCM,4.907613721,3.342194964
HCM-BROD-0597-C64-85A,HCM-BROD-0597-C64,HCMI Model,WT,1.961142745,1.175377299
HCM-BROD-0611-C71-85R,HCM-BROD-0611-C71,HCMI Model,GBM,1.345667925,-9.044302534
HCM-BROD-0613-C71-85A,HCM-BROD-0613-C71,HCMI Model,GBM,1.077814009,0.664027442
HCM-BROD-0614-C71-85B,HCM-BROD-0614-C71,HCMI Model,GBM,1.444340315,-9.034431051
HCM-BROD-0615-C16-85M,HCM-BROD-0615-C16,HCMI Model,STAD,-2.951233182,-3.133877348
HCM-BROD-0643-C43-85N,HCM-BROD-0643-C43,HCMI Model,SKCM,5.688778844,3.483073164
HCM-BROD-0644-C25-85M,HCM-BROD-0644-C25,HCMI Model,PAAD,-0.757320914,-1.914299439
HCM-BROD-0648-C71-85R,HCM-BROD-0648-C71,HCMI Model,GBM,1.397044029,-9.096229147
HCM-BROD-0649-C49-85B,HCM-BROD-0649-C49,HCMI Model,SARC,1.894527998,1.183509279
HCM-BROD-0650-C56-85N,HCM-BROD-0650-C56,HCMI Model,OV,1.73981401,8.114166666
HCM-BROD-0676-C71-85R,HCM-BROD-0676-C71,HCMI Model,GBM,1.44334158,-9.243897985
HCM-BROD-0677-C43-85M,HCM-BROD-0677-C43,HCMI Model,SKCM,5.12232348,3.311647822
HCM-BROD-0678-C71-85A,HCM-BROD-0678-C71,HCMI Model,MB,2.760884252,13.01947348
HCM-BROD-0679-C43-85M,HCM-BROD-0679-C43,HCMI Model,SKCM,1.061441627,1.12410741
HCM-BROD-0681-C71-85R,HCM-BROD-0681-C71,HCMI Model,GBM,1.454801049,-9.193768095
HCM-BROD-0682-C64-85A,HCM-BROD-0682-C64,HCMI Model,KIRC,6.112251725,-5.344645571
HCM-BROD-0683-C43-85A,HCM-BROD-0683-C43,HCMI Model,SKCM,5.258532968,3.482566286
HCM-BROD-0685-C71-85A,HCM-BROD-0685-C71,HCMI Model,GBM,1.379653003,-9.031662535
HCM-BROD-0689-C71-85R,HCM-BROD-0689-C71,HCMI Model,GBM,1.025578287,0.782030274
HCM-BROD-0690-C43-85A,HCM-BROD-0690-C43,HCMI Model,SKCM,4.995285478,3.416921307
HCM-BROD-0693-C71-85A,HCM-BROD-0693-C71,HCMI Model,GBM,1.5329034,-9.18238027
HCM-BROD-0695-C71-85R,HCM-BROD-0695-C71,HCMI Model,GBM,1.395587113,-9.106960844
HCM-BROD-0702-C43-85M,HCM-BROD-0702-C43,HCMI Model,SKCM,0.847772655,0.716849793
HCM-BROD-0703-C16-85N,HCM-BROD-0703-C16,HCMI Model,STAD,-5.276139293,1.291413118
HCM-BROD-0709-C64-85B,HCM-BROD-0709-C64,HCMI Model,KIRC,-0.01991621,3.265407492
HCM-BROD-0710-C43-85M,HCM-BROD-0710-C43,HCMI Model,SKCM,5.220872846,3.496390749
HCM-BROD-0715-C43-85B,HCM-BROD-0715-C43,HCMI Model,SKCM,5.152144876,3.448948551
HCM-BROD-0716-C43-85N,HCM-BROD-0716-C43,HCMI Model,SKCM,1.161686685,0.778678347
HCM-BROD-0721-C43-85M,HCM-BROD-0721-C43,HCMI Model,SKCM,0.941646543,0.669665862
HCM-BROD-0724-C43-85M,HCM-BROD-0724-C43,HCMI Model,SKCM,6.536156621,4.253525187
HCM-BROD-0745-C43-85M,HCM-BROD-0745-C43,HCMI Model,SKCM,0.812401798,0.93382125
HCM-BROD-0755-C43-85M,HCM-BROD-0755-C43,HCMI Model,SKCM,4.925648656,3.354482103
HCM-BROD-0758-C43-85N,HCM-BROD-0758-C43,HCMI Model,SKCM,5.437980619,3.663764406
HCM-BROD-0759-C15-85A,HCM-BROD-0759-C15,HCMI Model,ESCA,-2.938535008,-3.078332495
HCM-BROD-0761-C71-85B,HCM-BROD-0761-C71,HCMI Model,GBM,1.438706722,-9.170317243
HCM-BROD-0762-C49-85B,HCM-BROD-0762-C49,HCMI Model,DEST,1.823190417,1.147148658
HCM-BROD-0781-C71-85A,HCM-BROD-0781-C71,HCMI Model,GBM,1.329499927,0.938262094
HCM-BROD-0782-C71-85B,HCM-BROD-0782-C71,HCMI Model,GBM,1.372813609,-9.193066191
HCM-BROD-0783-C71-85R,HCM-BROD-0783-C71,HCMI Model,GBM,1.468997088,-9.115515303
HCM-BROD-0791-C43-85O,HCM-BROD-0791-C43,HCMI Model,SKCM,1.127865937,0.73773532
HCM-BROD-0793-C15-85M,HCM-BROD-0793-C15,HCMI Model,ESCA,-2.882616792,-3.080656599
HCM-BROD-0794-C16-85M,HCM-BROD-0794-C16,HCMI Model,STAD,-5.26802114,-3.070889067
HCM-BROD-0796-C71-85A,HCM-BROD-0796-C71,HCMI Model,GBM,1.352793124,-9.206940245
HCM-BROD-0829-C71-85A,HCM-BROD-0829-C71,HCMI Model,GBM,1.311858978,-9.025604795
HCM-BROD-0830-C71-85R,HCM-BROD-0830-C71,HCMI Model,GBM,1.413333264,-9.093872618
HCM-BROD-0831-C71-85B,HCM-BROD-0831-C71,HCMI Model,GBM,1.355968204,-9.149621557
HCM-BROD-0834-C43-85M,HCM-BROD-0834-C43,HCMI Model,SKCM,6.689013925,4.402160097
HCM-BROD-0871-C49-85M,HCM-BROD-0871-C49,HCMI Model,SARC,1.347099867,1.651121188
HCM-BROD-0874-C43-85N,HCM-BROD-0874-C43,HCMI Model,SKCM,1.259376195,1.081957866
HCM-BROD-0922-C71-85A,HCM-BROD-0922-C71,HCMI Model,GBM,1.521376815,-9.185173582
HCM-BROD-0923-C64-85B,HCM-BROD-0923-C64,HCMI Model,WT,1.404450622,7.638617445
HCM-BROD-0924-C34-85A,HCM-BROD-0924-C34,HCMI Model,SCLC,-5.356515918,2.308853317
HCM-BROD-0925-C71-85A,HCM-BROD-0925-C71,HCMI Model,GBM,1.942451563,-9.38712747
HCM-BROD-0926-C16-85B,HCM-BROD-0926-C16,HCMI Model,STAD,-2.985741887,-3.080322813
HCM-BROD-0926-C16-85N,HCM-BROD-0926-C16,HCMI Model,STAD,-2.77512649,-2.873630117
HCM-BROD-0953-C34-85B,HCM-BROD-0953-C34,HCMI Model,LUAD,-1.472213421,-0.847806465
HCM-BROD-0954-C34-85A,HCM-BROD-0954-C34,HCMI Model,LUAD,-1.083302769,-1.984789442
HCM-BROD-0955-C15-85B,HCM-BROD-0955-C15,HCMI Model,ESCA,-2.721760068,-2.912837337
HCM-BROD-0957-C34-85A,HCM-BROD-0957-C34,HCMI Model,LUAD,-0.046774808,-2.889943193
HCM-BROD-0959-C18-85B,HCM-BROD-0959-C18,HCMI Model,COAD,-4.407907996,-3.432024072
HCM-BROD-0960-C16-85A,HCM-BROD-0960-C16,HCMI Model,STAD,-2.858275685,-3.062813114
HCM-BROD-0962-C16-85A,HCM-BROD-0962-C16,HCMI Model,STAD,-2.770046029,-2.897450994
HCM-BROD-1098-C91-85B,HCM-BROD-1098-C91,HCMI Model,TPLL,-9.803379569,6.389326502
HCM-BROD-1099-C84-85B,HCM-BROD-1099-C84,HCMI Model,CTCL,-9.815372977,6.397458006
HCM-BROD-1100-C84-85B,HCM-BROD-1100-C84,HCMI Model,CTCL,-9.81525186,6.394395281
HCM-BROD-1102-C85-85A,HCM-BROD-1102-C85,HCMI Model,NHL,-8.776950393,7.168636252
HCM-BROD-1103-C86-85A,HCM-BROD-1103-C86,HCMI Model,CTCL,-9.761583838,6.427117277
HCM-BROD-1104-C85-85A,HCM-BROD-1104-C85,HCMI Model,NHL,-8.784787688,7.181554724
HCM-BROD-1105-C73-85A,HCM-BROD-1105-C73,HCMI Model,THCA,-0.341167066,-3.049062084
HCM-BROD-1117-C56-85A,HCM-BROD-1117-C56,HCMI Model,OV,1.394027021,7.782810618
HCM-BROD-1119-C43-85B,HCM-BROD-1119-C43,HCMI Model,SKCM,6.646357026,4.370049883
HCM-BROD-1121-C71-85A,HCM-BROD-1121-C71,HCMI Model,GBM,1.346913543,-9.240225386
HCM-BROD-1122-C49-85B,HCM-BROD-1122-C49,HCMI Model,SARC,1.78251585,1.112867881
HCM-BROD-1123-C71-85A,HCM-BROD-1123-C71,HCMI Model,GBM,1.307381418,-9.09242494
HCM-BROD-1124-C16-85B,HCM-BROD-1124-C16,HCMI Model,STAD,-2.709089789,-2.923745941
HCM-BROD-1127-C15-85B,HCM-BROD-1127-C15,HCMI Model,ESCA,-2.794426236,-2.957657169
HCM-BROD-1129-C56-85B,HCM-BROD-1129-C56,HCMI Model,OV,1.51551148,8.034781386
HCM-BROD-1130-C06-85B,HCM-BROD-1130-C06,HCMI Model,HNSC,-0.133577142,-3.209764789
HCM-BROD-1131-C06-85B,HCM-BROD-1131-C06,HCMI Model,HNSC,-6.474812541,0.571613659
HCM-BROD-1181-C73-85B,HCM-BROD-1181-C73,HCMI Model,THCA,0.76516464,0.725268711
HCM-BROD-1186-C64-85B,HCM-BROD-1186-C64,HCMI Model,KIRC,6.212787118,-5.687773298
HCM-CSHL-0056-C18-85B,HCM-CSHL-0056-C18,HCMI Model,COAD,-4.64235929,-3.406329464
HCM-CSHL-0057-C18-85B,HCM-CSHL-0057-C18,HCMI Model,COAD,-5.952426467,-2.717846464
HCM-CSHL-0059-C25-85A,HCM-CSHL-0059-C25,HCMI Model,PAAD,-2.828329835,-2.973375868
HCM-CSHL-0060-C18-85A,HCM-CSHL-0060-C18,HCMI Model,COAD,-5.906662974,-2.751579594
HCM-CSHL-0061-C18-85A,HCM-CSHL-0061-C18,HCMI Model,COAD,-5.916902098,-2.653657984
HCM-CSHL-0062-C18-85A,HCM-CSHL-0062-C18,HCMI Model,READ,-5.912541423,-2.770092558
HCM-CSHL-0063-C18-85A,HCM-CSHL-0063-C18,HCMI Model,COAD,-5.867475543,-2.662852596
HCM-CSHL-0064-C18-85A,HCM-CSHL-0064-C18,HCMI Model,COAD,-5.97584394,-2.681966614
HCM-CSHL-0065-C20-85A,HCM-CSHL-0065-C20,HCMI Model,COAD,-5.926171336,-2.764755796
HCM-CSHL-0073-C25-85B,HCM-CSHL-0073-C25,HCMI Model,PAAD,-2.692034755,-2.837107729
HCM-CSHL-0074-C25-85A,HCM-CSHL-0074-C25,HCMI Model,PAAD,-2.809448514,-2.901769708
HCM-CSHL-0075-C25-85A,HCM-CSHL-0075-C25,HCMI Model,PAAD,-2.872597728,-2.912601541
HCM-CSHL-0076-C25-85A,HCM-CSHL-0076-C25,HCMI Model,PAAD,-2.772327218,-2.97165377
HCM-CSHL-0077-C25-85A,HCM-CSHL-0077-C25,HCMI Model,PAAD,-2.955518279,-3.030790876
HCM-CSHL-0078-C25-85A,HCM-CSHL-0078-C25,HCMI Model,PAAD,-1.883110556,-2.526019644
HCM-CSHL-0078-C25-85M,HCM-CSHL-0078-C25,HCMI Model,PAAD,-2.69802526,-2.899452041
HCM-CSHL-0078-C25-85P,HCM-CSHL-0078-C25,HCMI Model,PAAD,-2.703609738,-2.843073915
HCM-CSHL-0079-C25-85A,HCM-CSHL-0079-C25,HCMI Model,PAAD,-2.750667367,-2.878225159
HCM-CSHL-0080-C25-85A,HCM-CSHL-0080-C25,HCMI Model,PAAD,-2.881836924,-3.042806696
HCM-CSHL-0081-C25-85A,HCM-CSHL-0081-C25,HCMI Model,PAAD,-3.02394012,-2.669063877
HCM-CSHL-0082-C25-85A,HCM-CSHL-0082-C25,HCMI Model,PAAD,-2.933460746,-3.07721455
HCM-CSHL-0084-C25-85A,HCM-CSHL-0084-C25,HCMI Model,PAAD,-3.194856677,-2.981978725
HCM-CSHL-0085-C24-85A,HCM-CSHL-0085-C24,HCMI Model,AMPV,-3.520701442,-2.288140129
HCM-CSHL-0085-C24-85M,HCM-CSHL-0085-C24,HCMI Model,AMPV,-1.484593544,-0.813471924
HCM-CSHL-0088-C25-85A,HCM-CSHL-0088-C25,HCMI Model,PAAD,-2.758886609,-2.858059954
HCM-CSHL-0089-C25-85A,HCM-CSHL-0089-C25,HCMI Model,PAAD,-2.982041392,-3.001342605
HCM-CSHL-0089-C25-85M,HCM-CSHL-0089-C25,HCMI Model,PAAD,-2.844800505,-2.948144745
HCM-CSHL-0090-C25-85A,HCM-CSHL-0090-C25,HCMI Model,PAAD,-2.840009246,-2.891739677
HCM-CSHL-0091-C25-85A,HCM-CSHL-0091-C25,HCMI Model,PAAD,-2.817356381,-2.783075641
HCM-CSHL-0092-C25-85A,HCM-CSHL-0092-C25,HCMI Model,PAAD,-2.795264754,-2.874815058
HCM-CSHL-0093-C25-85A,HCM-CSHL-0093-C25,HCMI Model,PAAD,-2.726991448,-2.824016641
HCM-CSHL-0094-C25-85A,HCM-CSHL-0094-C25,HCMI Model,PAAD,-2.908818755,-2.860157083
HCM-CSHL-0141-C18-85A,HCM-CSHL-0141-C18,HCMI Model,COAD,-5.977898631,-2.823925089
HCM-CSHL-0142-C18-85A,HCM-CSHL-0142-C18,HCMI Model,COAD,-5.755133185,-2.876151155
HCM-CSHL-0143-C20-85A,HCM-CSHL-0143-C20,HCMI Model,READ,-5.92654756,-2.889141153
HCM-CSHL-0147-C24-85A,HCM-CSHL-0147-C24,HCMI Model,AMPV,-4.74459413,-3.467795442
HCM-CSHL-0151-C50-85A,HCM-CSHL-0151-C50,HCMI Model,BRCA,4.296512094,-1.477533411
HCM-CSHL-0153-C50-85E,HCM-CSHL-0153-C50,HCMI Model,BRCA,4.435030427,-1.213710736
HCM-CSHL-0155-C50-85D,HCM-CSHL-0155-C50,HCMI Model,BRCA,4.22478148,-1.751151751
HCM-CSHL-0158-C20-85A,HCM-CSHL-0158-C20,HCMI Model,READ,-5.922758612,-2.658609938
HCM-CSHL-0159-C18-85B,HCM-CSHL-0159-C18,HCMI Model,COAD,-5.527619872,-2.796741318
HCM-CSHL-0160-C18-85A,HCM-CSHL-0160-C18,HCMI Model,COAD,-5.688293013,-3.041688513
HCM-CSHL-0161-C18-85A,HCM-CSHL-0161-C18,HCMI Model,COAD,-5.783596072,-2.621781181
HCM-CSHL-0162-C19-85A,HCM-CSHL-0162-C19,HCMI Model,READ,-5.962217364,-2.701391052
HCM-CSHL-0164-C20-85A,HCM-CSHL-0164-C20,HCMI Model,COAD,-5.795703921,-2.629336189
HCM-CSHL-0174-C22-85A,HCM-CSHL-0174-C22,HCMI Model,CHOL,-1.839944634,-2.282058548
HCM-CSHL-0176-C25-85A,HCM-CSHL-0176-C25,HCMI Model,PAAD,-2.896410498,-2.799927543
HCM-CSHL-0177-C25-85A,HCM-CSHL-0177-C25,HCMI Model,PAAD,-2.767328057,-2.870878052
HCM-CSHL-0178-C25-85A,HCM-CSHL-0178-C25,HCMI Model,PAAD,-2.891204629,-3.006916593
HCM-CSHL-0179-C25-85A,HCM-CSHL-0179-C25,HCMI Model,PAAD,-2.749339137,-2.834900926
HCM-CSHL-0180-C25-85B,HCM-CSHL-0180-C25,HCMI Model,PAAD,-2.772177968,-2.839985918
HCM-CSHL-0181-C25-85B,HCM-CSHL-0181-C25,HCMI Model,PAAD,-2.785854611,-3.029221128
HCM-CSHL-0182-C25-85A,HCM-CSHL-0182-C25,HCMI Model,PAAD,-2.869198594,-2.922754835
HCM-CSHL-0183-C25-85A,HCM-CSHL-0183-C25,HCMI Model,PAAD,-2.987222466,-2.975385736
HCM-CSHL-0184-C25-85A,HCM-CSHL-0184-C25,HCMI Model,PAAD,-2.766703877,-2.841032814
HCM-CSHL-0186-C25-85A,HCM-CSHL-0186-C25,HCMI Model,PAAD,-2.7757583,-2.820122789
HCM-CSHL-0187-C25-85A,HCM-CSHL-0187-C25,HCMI Model,PAAD,-3.121614013,-3.053849529
HCM-CSHL-0189-C25-85A,HCM-CSHL-0189-C25,HCMI Model,PAAD,-3.213361296,-3.015368294
HCM-CSHL-0191-C25-85A,HCM-CSHL-0191-C25,HCMI Model,PAAD,-2.816959414,-2.73453338
HCM-CSHL-0192-C25-85A,HCM-CSHL-0192-C25,HCMI Model,PAAD,-2.984036717,-2.994001697
HCM-CSHL-0193-C25-85A,HCM-CSHL-0193-C25,HCMI Model,PAAD,-2.697090659,-2.783952068
HCM-CSHL-0237-C18-85A,HCM-CSHL-0237-C18,HCMI Model,COAD,-5.961782012,-2.752876352
HCM-CSHL-0238-C18-85A,HCM-CSHL-0238-C18,HCMI Model,COAD,-5.851781878,-2.746091436
HCM-CSHL-0239-C18-85A,HCM-CSHL-0239-C18,HCMI Model,COAD,-5.909026179,-2.720103096
HCM-CSHL-0240-C18-85A,HCM-CSHL-0240-C18,HCMI Model,COAD,-4.409072909,-3.401549887
HCM-CSHL-0242-C18-85A,HCM-CSHL-0242-C18,HCMI Model,COAD,-4.492918048,-3.439107727
HCM-CSHL-0243-C18-85A,HCM-CSHL-0243-C18,HCMI Model,COAD,-5.986255202,-2.663935732
HCM-CSHL-0244-C20-85A,HCM-CSHL-0244-C20,HCMI Model,READ,-5.969921622,-2.728319239
HCM-CSHL-0245-C18-85A,HCM-CSHL-0245-C18,HCMI Model,COAD,-5.982826266,-2.685063671
HCM-CSHL-0245-C18-85M,HCM-CSHL-0245-C18,HCMI Model,COAD,-5.960691962,-2.710277866
HCM-CSHL-0246-C19-85A,HCM-CSHL-0246-C19,HCMI Model,READ,-5.643593344,-2.808736872
HCM-CSHL-0247-C18-85A,HCM-CSHL-0247-C18,HCMI Model,COAD,-5.957376513,-2.752198767
HCM-CSHL-0247-C18-85M,HCM-CSHL-0247-C18,HCMI Model,COAD,-5.8163977,-2.696130108
HCM-CSHL-0248-C19-85A,HCM-CSHL-0248-C19,HCMI Model,COAD,-5.960190806,-2.712793421
HCM-CSHL-0250-C50-85C,HCM-CSHL-0250-C50,HCMI Model,BRCA,4.0445151,-1.681123923
HCM-CSHL-0255-C18-85F,HCM-CSHL-0255-C18,HCMI Model,COAD,-5.865880523,-2.832526277
HCM-CSHL-0257-C18-85A,HCM-CSHL-0257-C18,HCMI Model,COAD,-5.852660212,-2.638277124
HCM-CSHL-0258-C18-85D,HCM-CSHL-0258-C18,HCMI Model,COAD,-5.908183131,-2.688665937
HCM-CSHL-0261-C50-85D,HCM-CSHL-0261-C50,HCMI Model,BRCA,4.124850002,-1.678878378
HCM-CSHL-0317-C18-85A,HCM-CSHL-0317-C18,HCMI Model,COAD,-5.312986407,-3.041974377
HCM-CSHL-0322-C20-85A,HCM-CSHL-0322-C20,HCMI Model,READ,-5.947160754,-2.719818662
HCM-CSHL-0323-C20-85A,HCM-CSHL-0323-C20,HCMI Model,READ,-5.948067221,-2.742292236
HCM-CSHL-0366-C50-85B,HCM-CSHL-0366-C50,HCMI Model,BRCA,-5.17349628,0.691910852
HCM-CSHL-0368-D37-85P,HCM-CSHL-0368-D37,HCMI Model,GBAD,-2.943334374,-3.051547836
HCM-CSHL-0369-D37-85P,HCM-CSHL-0369-D37,HCMI Model,TVA,-5.787572894,-2.668029856
HCM-CSHL-0371-C25-85A,HCM-CSHL-0371-C25,HCMI Model,PAAD,-2.87942985,-2.923587393
HCM-CSHL-0372-C25-85A,HCM-CSHL-0372-C25,HCMI Model,PAAD,-2.758457455,-2.906705927
HCM-CSHL-0373-C25-85A,HCM-CSHL-0373-C25,HCMI Model,PAAD,-2.809771571,-2.868416141
HCM-CSHL-0374-C25-85A,HCM-CSHL-0374-C25,HCMI Model,PAAD,-2.727984462,-2.730470013
HCM-CSHL-0376-D37-85P,HCM-CSHL-0376-D37,HCMI Model,TVA,-5.881916556,-2.728300642
HCM-CSHL-0377-C18-85A,HCM-CSHL-0377-C18,HCMI Model,COAD,-4.45876554,-3.399095844
HCM-CSHL-0378-C18-85A,HCM-CSHL-0378-C18,HCMI Model,COAD,-5.72883657,-2.831186603
HCM-CSHL-0379-C18-85A,HCM-CSHL-0379-C18,HCMI Model,COAD,-5.962566886,-2.716288637
HCM-CSHL-0379-C18-85C,HCM-CSHL-0379-C18,HCMI Model,COAD,-5.984301123,-2.699511122
HCM-CSHL-0380-C18-85A,HCM-CSHL-0380-C18,HCMI Model,COAD,-4.506324801,-3.544542383
HCM-CSHL-0381-C20-85A,HCM-CSHL-0381-C20,HCMI Model,READ,-5.937350783,-2.745253633
HCM-CSHL-0382-C19-85A,HCM-CSHL-0382-C19,HCMI Model,COAD,-5.842621836,-2.692380976
HCM-CSHL-0382-C19-85N,HCM-CSHL-0382-C19,HCMI Model,COAD,-4.945042167,-1.965475391
HCM-CSHL-0383-C18-85A,HCM-CSHL-0383-C18,HCMI Model,COAD,-5.950117144,-2.62553842
HCM-CSHL-0384-D37-85P,HCM-CSHL-0384-D37,HCMI Model,TVA,-5.867587123,-2.669650863
HCM-CSHL-0385-C18-85A,HCM-CSHL-0385-C18,HCMI Model,COAD,-5.940547976,-2.702184271
HCM-CSHL-0393-C18-85A,HCM-CSHL-0393-C18,HCMI Model,COAD,-4.078688178,6.954760004
HCM-CSHL-0403-C25-85D,HCM-CSHL-0403-C25,HCMI Model,PAAD,-2.859486613,-2.952452492
HCM-CSHL-0405-C25-85A,HCM-CSHL-0405-C25,HCMI Model,PAAD,-2.974364075,-2.832231354
HCM-CSHL-0426-C18-85A,HCM-CSHL-0426-C18,HCMI Model,COAD,-4.406076464,-3.414155554
HCM-CSHL-0429-C06-85C,HCM-CSHL-0429-C06,HCMI Model,HNSC,-6.822336707,0.748119105
HCM-CSHL-0432-C20-85A,HCM-CSHL-0432-C20,HCMI Model,READ,-5.837852511,-2.742956947
HCM-CSHL-0433-C24-85A,HCM-CSHL-0433-C24,HCMI Model,CHOL,-2.990961823,-3.066760372
HCM-CSHL-0434-C24-85A,HCM-CSHL-0434-C24,HCMI Model,CHOL,-2.908867631,-3.031523775
HCM-CSHL-0434-C24-85M,HCM-CSHL-0434-C24,HCMI Model,CHOL,-2.736173425,-2.846626591
HCM-CSHL-0438-C18-85A,HCM-CSHL-0438-C18,HCMI Model,COAD,-5.758093867,-2.638791393
HCM-CSHL-0438-C18-85B,HCM-CSHL-0438-C18,HCMI Model,COAD,-4.576640162,-3.389899801
HCM-CSHL-0459-C17-85A,HCM-CSHL-0459-C17,HCMI Model,SIAD,-2.916809115,-2.873189758
HCM-CSHL-0460-C50-85A,HCM-CSHL-0460-C50,HCMI Model,BRCA,4.660456624,-1.510101866
HCM-CSHL-0461-D12-85P,HCM-CSHL-0461-D12,HCMI Model,SESP,-4.069722686,-2.253062557
HCM-CSHL-0464-C50-85D,HCM-CSHL-0464-C50,HCMI Model,BRCA,4.903449979,-1.246132444
HCM-CSHL-0467-C56-85M,HCM-CSHL-0467-C56,HCMI Model,OV,1.349228707,7.928212095
HCM-CSHL-0507-C20-85A,HCM-CSHL-0507-C20,HCMI Model,READ,-5.92570642,-2.721482347
HCM-CSHL-0509-C24-85A,HCM-CSHL-0509-C24,HCMI Model,AMPV,-1.437208447,-0.75534458
HCM-CSHL-0510-D13-85A,HCM-CSHL-0510-D13,HCMI Model,TVA,-2.941949401,-3.055491995
HCM-CSHL-0511-C24-85A,HCM-CSHL-0511-C24,HCMI Model,AMPV,-2.143532786,-2.762749266
HCM-CSHL-0512-C24-85N,HCM-CSHL-0512-C24,HCMI Model,AMPV,-2.797360453,-2.677929233
HCM-CSHL-0512-C24-85O,HCM-CSHL-0512-C24,HCMI Model,AMPV,-2.753788981,-2.737332653
HCM-CSHL-0514-C50-85B,HCM-CSHL-0514-C50,HCMI Model,BRCA,1.328146603,-1.310471486
HCM-CSHL-0516-C56-85B,HCM-CSHL-0516-C56,HCMI Model,OV,-2.793528352,-2.900286268
HCM-CSHL-0582-C18-85M,HCM-CSHL-0582-C18,HCMI Model,COAD,-6.023132834,-2.792620252
HCM-CSHL-0584-C19-85M,HCM-CSHL-0584-C19,HCMI Model,COAD,-5.922016177,-2.705680679
HCM-CSHL-0586-C32-85D,HCM-CSHL-0586-C32,HCMI Model,HNSC,-0.614217195,-1.320539545
HCM-CSHL-0598-C25-85B,HCM-CSHL-0598-C25,HCMI Model,PAAD,-2.840061936,-2.896648716
HCM-CSHL-0600-C25-85A,HCM-CSHL-0600-C25,HCMI Model,PAAD,-2.942879233,-3.071566652
HCM-CSHL-0601-C25-85A,HCM-CSHL-0601-C25,HCMI Model,PAAD,-2.521442685,-2.730222534
HCM-CSHL-0603-C18-85M,HCM-CSHL-0603-C18,HCMI Model,COAD,-6.002468142,-2.941519569
HCM-CSHL-0606-C17-85A,HCM-CSHL-0606-C17,HCMI Model,SIAD,-4.438204798,-3.408939194
HCM-CSHL-0607-C19-85A,HCM-CSHL-0607-C19,HCMI Model,READ,-5.896594558,-2.704980682
HCM-CSHL-0608-C17-85A,HCM-CSHL-0608-C17,HCMI Model,SIAC,-2.265121493,-2.392872166
HCM-CSHL-0617-C22-85A,HCM-CSHL-0617-C22,HCMI Model,LIHC,0.04339188,3.213541437
HCM-CSHL-0618-C18-85M,HCM-CSHL-0618-C18,HCMI Model,COAD,-5.979249511,-2.635166
HCM-CSHL-0621-C18-85M,HCM-CSHL-0621-C18,HCMI Model,COAD,-5.830659423,-2.812601398
HCM-CSHL-0622-C18-85A,HCM-CSHL-0622-C18,HCMI Model,COAD,-5.746399436,-2.519539665
HCM-CSHL-0623-C18-85A,HCM-CSHL-0623-C18,HCMI Model,COAD,-5.922008071,-2.793840002
HCM-CSHL-0625-C18-85M,HCM-CSHL-0625-C18,HCMI Model,COAD,-5.983868155,-2.786157678
HCM-CSHL-0634-C30-85A,HCM-CSHL-0634-C30,HCMI Model,HNSC,-5.866154704,1.821808625
HCM-CSHL-0636-C02-85A,HCM-CSHL-0636-C02,HCMI Model,HNSC,-5.719101462,1.088076402
HCM-CSHL-0639-C56-85A,HCM-CSHL-0639-C56,HCMI Model,OV,1.864036646,8.304815699
HCM-CSHL-0653-C18-85O,HCM-CSHL-0653-C18,HCMI Model,COAD,-4.908540282,-1.951451134
HCM-CSHL-0654-C26-85M,HCM-CSHL-0654-C26,HCMI Model,MISC,-3.426702771,-3.209607195
HCM-CSHL-0655-C50-85N,HCM-CSHL-0655-C50,HCMI Model,BRCA,1.068935719,-1.405061792
HCM-CSHL-0657-C25-85A,HCM-CSHL-0657-C25,HCMI Model,PAAD,-5.739332709,-2.824935745
HCM-CSHL-0658-C20-85O,HCM-CSHL-0658-C20,HCMI Model,READ,-5.84478477,-2.72022612
HCM-CSHL-0659-C18-85N,HCM-CSHL-0659-C18,HCMI Model,COAD,-5.928470168,-2.662252258
HCM-CSHL-0664-C18-85M,HCM-CSHL-0664-C18,HCMI Model,COAD,-5.951568637,-2.77846248
HCM-CSHL-0665-C24-85M,HCM-CSHL-0665-C24,HCMI Model,CHOL,-2.67601541,-2.883466553
HCM-CSHL-0666-C24-85P,HCM-CSHL-0666-C24,HCMI Model,AMPV,-2.933896098,-3.045068573
HCM-CSHL-0668-C18-85A,HCM-CSHL-0668-C18,HCMI Model,COAD,-5.949000869,-2.818979811
HCM-CSHL-0669-C18-85M,HCM-CSHL-0669-C18,HCMI Model,COAD,-4.710970912,-3.063345503
HCM-CSHL-0670-C18-85M,HCM-CSHL-0670-C18,HCMI Model,COAD,-5.913591418,-2.67548592
HCM-CSHL-0698-C06-85A,HCM-CSHL-0698-C06,HCMI Model,HNSC,-5.229151759,2.412224461
HCM-CSHL-0699-C56-85B,HCM-CSHL-0699-C56,HCMI Model,OV,1.731212106,8.022089411
HCM-CSHL-0725-C02-85A,HCM-CSHL-0725-C02,HCMI Model,HNSC,-6.573802981,1.231069375
HCM-CSHL-0726-C18-85M,HCM-CSHL-0726-C18,HCMI Model,READ,-5.933971438,-2.698062729
HCM-CSHL-0727-C18-85M,HCM-CSHL-0727-C18,HCMI Model,COAD,-5.935428176,-2.754240583
HCM-CSHL-0728-C25-85A,HCM-CSHL-0728-C25,HCMI Model,PAAD,-2.718498263,-2.53066523
HCM-CSHL-0729-C18-85A,HCM-CSHL-0729-C18,HCMI Model,COAD,-5.980213198,-2.624083589
HCM-CSHL-0730-C25-85A,HCM-CSHL-0730-C25,HCMI Model,PAAD,-2.729361329,-2.834781717
HCM-CSHL-0731-C19-85M,HCM-CSHL-0731-C19,HCMI Model,READ,-5.877500567,-2.771647524
HCM-CSHL-0736-C18-85N,HCM-CSHL-0736-C18,HCMI Model,COAD,-4.154243026,-2.192409824
HCM-CSHL-0737-C18-85M,HCM-CSHL-0737-C18,HCMI Model,COAD,-5.962650332,-2.621361326
HCM-CSHL-0740-C18-85N,HCM-CSHL-0740-C18,HCMI Model,COAD,-5.916856799,-2.633241724
HCM-CSHL-0765-C56-85P,HCM-CSHL-0765-C56,HCMI Model,OV,1.430601921,7.975492407
HCM-CSHL-0768-C56-85B,HCM-CSHL-0768-C56,HCMI Model,OV,1.666762676,8.365447451
HCM-CSHL-0768-C56-85N,HCM-CSHL-0768-C56,HCMI Model,OV,1.630510059,8.119142939
HCM-CSHL-0768-C56-85O,HCM-CSHL-0768-C56,HCMI Model,OV,1.680218187,8.461430956
HCM-CSHL-0773-C50-85N,HCM-CSHL-0773-C50,HCMI Model,BRCA,4.731568303,-1.596192907
HCM-CSHL-0800-C67-85A,HCM-CSHL-0800-C67,HCMI Model,BLCA,-3.66204885,0.019503374
HCM-CSHL-0801-C56-85B,HCM-CSHL-0801-C56,HCMI Model,OV,1.088885095,6.609684874
HCM-CSHL-0802-C67-85B,HCM-CSHL-0802-C67,HCMI Model,BLCA,-3.500071559,-0.752532076
HCM-CSHL-0803-C54-85A,HCM-CSHL-0803-C54,HCMI Model,UCEC,-6.643434558,0.287484739
HCM-CSHL-0806-C54-85A,HCM-CSHL-0806-C54,HCMI Model,UCEC,1.455989328,7.031016279
HCM-CSHL-0807-C54-85B,HCM-CSHL-0807-C54,HCMI Model,UCEC,0.042062875,0.588694919
HCM-CSHL-0808-C55-85A,HCM-CSHL-0808-C55,HCMI Model,UCEC,1.626821008,7.998376776
HCM-CSHL-0809-C54-85A,HCM-CSHL-0809-C54,HCMI Model,UCEC,1.676916566,8.351870943
HCM-CSHL-0810-C54-85B,HCM-CSHL-0810-C54,HCMI Model,UCEC,-3.086467299,-3.086458038
HCM-CSHL-0811-C55-85A,HCM-CSHL-0811-C55,HCMI Model,UCEC,0.130367425,0.605979611
HCM-CSHL-0812-C54-85B,HCM-CSHL-0812-C54,HCMI Model,UCEC,1.502685037,7.807871748
HCM-CSHL-0814-C54-85A,HCM-CSHL-0814-C54,HCMI Model,UCEC,1.42551848,7.775223662
HCM-CSHL-0817-C22-85A,HCM-CSHL-0817-C22,HCMI Model,CHOL,-2.420591149,-2.457457136
HCM-CSHL-0818-C56-85P,HCM-CSHL-0818-C56,HCMI Model,OV,1.398959782,6.913717199
HCM-CSHL-0820-C34-85B,HCM-CSHL-0820-C34,HCMI Model,LUAD,-0.814622197,-2.177035164
HCM-CSHL-0821-C19-85M,HCM-CSHL-0821-C19,HCMI Model,COAD,-5.777990851,-2.861113619
HCM-CSHL-0823-C34-85M,HCM-CSHL-0823-C34,HCMI Model,LUSC,-5.516058955,2.413776566
HCM-CSHL-0835-C20-85N,HCM-CSHL-0835-C20,HCMI Model,READ,-5.849755797,-2.679673981
HCM-CSHL-0837-D01-85P,HCM-CSHL-0837-D01,HCMI Model,PAAD,-2.806942019,-3.030882429
HCM-CSHL-0838-C18-85M,HCM-CSHL-0838-C18,HCMI Model,COAD,-4.964798484,-2.000166248
HCM-CSHL-0839-C34-85M,HCM-CSHL-0839-C34,HCMI Model,LUAD,-0.238386009,-2.897908996
HCM-CSHL-0852-C76-85A,HCM-CSHL-0852-C76,HCMI Model,HNSC,-5.251174483,2.031627227
HCM-CSHL-0853-C56-85B,HCM-CSHL-0853-C56,HCMI Model,OV,1.607784953,8.137073923
HCM-CSHL-0853-C56-85D,HCM-CSHL-0853-C56,HCMI Model,OV,1.736226406,8.455911089
HCM-CSHL-0853-C56-85F,HCM-CSHL-0853-C56,HCMI Model,OV,1.723525372,8.44845431
HCM-CSHL-0853-C56-85G,HCM-CSHL-0853-C56,HCMI Model,OV,1.910153833,8.348401476
HCM-CSHL-0857-C19-85M,HCM-CSHL-0857-C19,HCMI Model,READ,-5.864985022,-2.605530571
HCM-CSHL-0858-C25-85M,HCM-CSHL-0858-C25,HCMI Model,PAAD,-2.711387906,-2.845299076
HCM-CSHL-0859-C22-85A,HCM-CSHL-0859-C22,HCMI Model,CHOL,-2.756624017,-2.903395723
HCM-CSHL-0860-C18-85M,HCM-CSHL-0860-C18,HCMI Model,COAD,-5.936062846,-2.709967922
HCM-CSHL-0861-C25-85M,HCM-CSHL-0861-C25,HCMI Model,PAAD,-3.23492125,-3.25445969
HCM-CSHL-0863-C18-85A,HCM-CSHL-0863-C18,HCMI Model,COAD,-4.509644542,-3.487047266
HCM-CSHL-0864-C44-85B,HCM-CSHL-0864-C44,HCMI Model,SSCC,-6.754667315,0.600755144
HCM-CSHL-0867-C18-85B,HCM-CSHL-0867-C18,HCMI Model,COAD,-4.390648875,-3.45515592
HCM-CSHL-0868-C56-85A,HCM-CSHL-0868-C56,HCMI Model,OV,1.591065135,7.972896506
HCM-CSHL-0875-C67-85B,HCM-CSHL-0875-C67,HCMI Model,BLCA,-3.697022948,0.154216987
HCM-CSHL-0878-C18-85A,HCM-CSHL-0878-C18,HCMI Model,COAD,-5.926030192,-2.714414905
HCM-CSHL-0880-C18-85M,HCM-CSHL-0880-C18,HCMI Model,COAD,-5.572132621,-2.720604967
HCM-CSHL-0881-C20-85B,HCM-CSHL-0881-C20,HCMI Model,READ,-5.973334822,-2.69590218
HCM-CSHL-0900-C54-85B,HCM-CSHL-0900-C54,HCMI Model,UCEC,1.787107315,7.964682032
HCM-CSHL-0907-C50-85B,HCM-CSHL-0907-C50,HCMI Model,BRCA,0.904510882,-1.511837434
HCM-CSHL-1096-C44-85B,HCM-CSHL-1096-C44,HCMI Model,SSCC,-5.347707782,1.137574364
HCM-CSHL-1097-C18-85A,HCM-CSHL-1097-C18,HCMI Model,COAD,-4.334281478,-3.364377807
HCM-CSHL-1262-C19-85M,HCM-CSHL-1262-C19,HCMI Model,COAD,-5.940999064,-2.740237306
HCM-CSHL-1263-C24-85M,HCM-CSHL-1263-C24,HCMI Model,AMPV,-2.527916226,-2.468941521
HCM-CSHL-1265-C25-85A,HCM-CSHL-1265-C25,HCMI Model,PAAD,-4.898838076,-1.933148216
HCM-CSHL-1266-C20-85M,HCM-CSHL-1266-C20,HCMI Model,READ,-4.864545378,-1.875359963
HCM-CSHL-1266-C20-85N,HCM-CSHL-1266-C20,HCMI Model,READ,-4.838034186,-1.837779592
HCM-CSHL-1267-C22-85A,HCM-CSHL-1267-C22,HCMI Model,CHOL,-0.142379794,2.971392084
HCM-CSHL-1268-C24-85M,HCM-CSHL-1268-C24,HCMI Model,AMPV,-4.283414874,-3.367049288
HCM-CSHL-1269-C18-85M,HCM-CSHL-1269-C18,HCMI Model,COAD,-5.991097007,-2.746857714
HCM-CSHL-1270-C18-85N,HCM-CSHL-1270-C18,HCMI Model,COAD,-5.931363139,-2.702040027
HCM-SANG-0265-C18-85A,HCM-SANG-0265-C18,HCMI Model,COAD,-5.906971488,-2.722229551
HCM-SANG-0266-C20-85B,HCM-SANG-0266-C20,HCMI Model,READ,-4.840143714,-3.038676094
HCM-SANG-0267-D12-85A,HCM-SANG-0267-D12,HCMI Model,TVA,-5.711710486,-2.631501507
HCM-SANG-0268-C18-85A,HCM-SANG-0268-C18,HCMI Model,COAD,-5.386724505,-2.698021005
HCM-SANG-0269-C18-85A,HCM-SANG-0269-C18,HCMI Model,COAD,-5.855695758,-2.645675491
HCM-SANG-0270-C20-85A,HCM-SANG-0270-C20,HCMI Model,READ,-5.842879329,-2.759092878
HCM-SANG-0271-D12-85B,HCM-SANG-0271-D12,HCMI Model,COTA,-5.899598155,-2.639881681
HCM-SANG-0272-C20-85A,HCM-SANG-0272-C20,HCMI Model,READ,-5.87700418,-2.609894823
HCM-SANG-0273-C18-85A,HCM-SANG-0273-C18,HCMI Model,COAD,-4.318183932,-3.33299477
HCM-SANG-0274-C18-85A,HCM-SANG-0274-C18,HCMI Model,COAD,-4.898289714,-1.909633826
HCM-SANG-0275-C18-85A,HCM-SANG-0275-C18,HCMI Model,COAD,-5.888754878,-2.661381553
HCM-SANG-0276-C18-85A,HCM-SANG-0276-C18,HCMI Model,COAD,-5.896389041,-2.696144651
HCM-SANG-0277-C18-85A,HCM-SANG-0277-C18,HCMI Model,COAD,-5.883192096,-2.675587486
HCM-SANG-0278-C20-85A,HCM-SANG-0278-C20,HCMI Model,READ,-5.873774085,-2.669004272
HCM-SANG-0280-C18-85A,HCM-SANG-0280-C18,HCMI Model,COAD,-5.932963881,-2.818832945
HCM-SANG-0281-C18-85A,HCM-SANG-0281-C18,HCMI Model,COAD,-5.888783965,-2.701621841
HCM-SANG-0282-C18-85B,HCM-SANG-0282-C18,HCMI Model,COAD,-4.42726377,-3.458996605
HCM-SANG-0283-C18-85A,HCM-SANG-0283-C18,HCMI Model,COAD,-5.982214484,-2.714214157
HCM-SANG-0284-C18-85A,HCM-SANG-0284-C18,HCMI Model,COAD,-5.860403571,-2.717750381
HCM-SANG-0285-C18-85A,HCM-SANG-0285-C18,HCMI Model,COAD,-5.68924478,-2.783800911
HCM-SANG-0286-C20-85A,HCM-SANG-0286-C20,HCMI Model,READ,-5.780283007,-2.670921396
HCM-SANG-0287-C20-85A,HCM-SANG-0287-C20,HCMI Model,READ,-5.795519862,-2.754052471
HCM-SANG-0288-C18-85A,HCM-SANG-0288-C18,HCMI Model,COAD,-4.377382312,-3.373977493
HCM-SANG-0289-C15-85A,HCM-SANG-0289-C15,HCMI Model,ESCA,-3.05184463,-2.960449051
HCM-SANG-0291-C15-85A,HCM-SANG-0291-C15,HCMI Model,ESCA,-3.062573943,-3.14539678
HCM-SANG-0292-C15-85A,HCM-SANG-0292-C15,HCMI Model,ESCA,-2.965230975,-2.959936451
HCM-SANG-0293-C15-85A,HCM-SANG-0293-C15,HCMI Model,ESCA,-2.847855363,-3.027115892
HCM-SANG-0294-C15-85A,HCM-SANG-0294-C15,HCMI Model,ESCA,-3.024037394,-3.136660408
HCM-SANG-0295-C15-85A,HCM-SANG-0295-C15,HCMI Model,ESCA,-2.84921411,-2.978319239
HCM-SANG-0296-C15-85A,HCM-SANG-0296-C15,HCMI Model,ESCA,-2.833935294,-2.997249674
HCM-SANG-0297-C15-85A,HCM-SANG-0297-C15,HCMI Model,ESCA,-2.772475514,-2.862584423
HCM-SANG-0298-C15-85A,HCM-SANG-0298-C15,HCMI Model,ESCA,-5.923074279,-2.662797998
HCM-SANG-0299-C15-85A,HCM-SANG-0299-C15,HCMI Model,ESCA,-4.291742835,-3.353012155
HCM-SANG-0299-C15-85X,HCM-SANG-0299-C15,HCMI Model,ESCA,-2.693689618,-2.894238542
HCM-SANG-0300-C15-85A,HCM-SANG-0300-C15,HCMI Model,ESCA,-2.851586852,-2.904229235
HCM-SANG-0302-C15-85A,HCM-SANG-0302-C15,HCMI Model,ESCA,-2.086410317,-2.423243831
HCM-SANG-0303-C15-85A,HCM-SANG-0303-C15,HCMI Model,ESCA,-5.895955596,-2.564913343
HCM-SANG-0304-C15-85A,HCM-SANG-0304-C15,HCMI Model,ESCA,-4.412571463,-3.396726917
HCM-SANG-0306-C15-85A,HCM-SANG-0306-C15,HCMI Model,ESCA,-2.91234735,-3.076443027
HCM-SANG-0307-C15-85A,HCM-SANG-0307-C15,HCMI Model,ESCA,-4.427887473,-3.481129955
HCM-SANG-0308-C15-85A,HCM-SANG-0308-C15,HCMI Model,ESCA,-3.48798779,-2.290436577
HCM-SANG-0309-C15-85A,HCM-SANG-0309-C15,HCMI Model,ESCA,-2.930764708,-3.105685543
HCM-SANG-0310-C15-85A,HCM-SANG-0310-C15,HCMI Model,ESCA,-2.796254191,-2.914749931
HCM-SANG-0311-C15-85A,HCM-SANG-0311-C15,HCMI Model,ESCA,-2.960299525,-3.079961609
HCM-SANG-0311-C15-85B,HCM-SANG-0311-C15,HCMI Model,ESCA,9.537991014,4.221935679
HCM-SANG-0312-C15-85A,HCM-SANG-0312-C15,HCMI Model,ESCA,-2.843956027,-3.045990537
HCM-SANG-0313-C15-85A,HCM-SANG-0313-C15,HCMI Model,ESCA,-2.452998671,-2.715605091
HCM-SANG-0314-C15-85A,HCM-SANG-0314-C15,HCMI Model,ESCA,-5.929370913,-2.702961277
HCM-SANG-0315-C25-85A,HCM-SANG-0315-C25,HCMI Model,PAAD,-2.972597394,-3.116394352
HCM-SANG-0517-C20-85A,HCM-SANG-0517-C20,HCMI Model,READ,9.537764039,4.189097811
HCM-SANG-0518-C18-85A,HCM-SANG-0518-C18,HCMI Model,COAD,9.538286653,4.201428343
HCM-SANG-0519-C20-85A,HCM-SANG-0519-C20,HCMI Model,READ,0.952450302,1.217091728
HCM-SANG-0522-C18-85A,HCM-SANG-0522-C18,HCMI Model,COAD,9.529195276,4.17599814
HCM-SANG-0523-C15-85A,HCM-SANG-0523-C15,HCMI Model,ESCA,9.51390883,4.173641134
HCM-SANG-0525-C18-85A,HCM-SANG-0525-C18,HCMI Model,COAD,9.55377337,4.216203619
HCM-SANG-0526-C15-85A,HCM-SANG-0526-C15,HCMI Model,ESCA,9.540976968,4.219811369
HCM-SANG-0527-C18-85A,HCM-SANG-0527-C18,HCMI Model,COAD,9.494760003,4.147768427
HCM-SANG-0528-C25-85A,HCM-SANG-0528-C25,HCMI Model,PAAD,9.545939889,4.225419928
HCM-SANG-0529-C18-85A,HCM-SANG-0529-C18,HCMI Model,COAD,9.528752771,4.18734162
HCM-SANG-0530-C15-85A,HCM-SANG-0530-C15,HCMI Model,ESCA,9.533611741,4.224276472
HCM-SANG-0532-C20-85A,HCM-SANG-0532-C20,HCMI Model,READ,9.535697427,4.189447809
HCM-SANG-0533-C20-85A,HCM-SANG-0533-C20,HCMI Model,READ,9.526648965,4.182536532
HCM-SANG-0534-C18-85A,HCM-SANG-0534-C18,HCMI Model,COAD,9.509269204,4.156160761
HCM-SANG-0535-C20-85A,HCM-SANG-0535-C20,HCMI Model,READ,9.533060518,4.1914634
HCM-SANG-0536-C18-85A,HCM-SANG-0536-C18,HCMI Model,COAD,9.605895486,4.268510271
HCM-SANG-0537-C18-85A,HCM-SANG-0537-C18,HCMI Model,COAD,9.484590974,4.141160895
HCM-SANG-0539-C18-85A,HCM-SANG-0539-C18,HCMI Model,COAD,9.563374009,4.221376825
HCM-SANG-0541-C20-85A,HCM-SANG-0541-C20,HCMI Model,READ,9.547412362,4.194257189
HCM-SANG-0542-C18-85A,HCM-SANG-0542-C18,HCMI Model,COAD,9.579445329,4.174235274
HCM-SANG-0543-C15-85A,HCM-SANG-0543-C15,HCMI Model,ESCA,9.541262117,4.214508463
HCM-SANG-0544-C15-85A,HCM-SANG-0544-C15,HCMI Model,ESCA,9.54682776,4.214954306
HCM-SANG-0545-C15-85A,HCM-SANG-0545-C15,HCMI Model,ESCA,9.538333383,4.225189615
HCM-SANG-0546-C15-85A,HCM-SANG-0546-C15,HCMI Model,ESCA,9.541383233,4.213134695
HCM-SANG-0547-C25-85A,HCM-SANG-0547-C25,HCMI Model,PAAD,9.545196977,4.224087645
HCM-SANG-0548-C25-85A,HCM-SANG-0548-C25,HCMI Model,PAAD,9.542632547,4.21316712
HCM-SANG-0549-C15-85A,HCM-SANG-0549-C15,HCMI Model,ESCA,9.541758027,4.216204573
HCM-SANG-0551-C18-85A,HCM-SANG-0551-C18,HCMI Model,COAD,9.530786958,4.190054346
HCM-SANG-0552-C25-85A,HCM-SANG-0552-C25,HCMI Model,PAAD,9.547851052,4.225736548
HCM-SANG-0778-C25-85A,HCM-SANG-0778-C25,HCMI Model,PAAD,9.543548074,4.209985186
HCM-SANG-0779-C25-85A,HCM-SANG-0779-C25,HCMI Model,PAAD,9.548957315,4.235110689
HCM-SANG-0780-C25-85A,HCM-SANG-0780-C25,HCMI Model,PAAD,9.539048639,4.194339205
HCM-SANG-1081-C20-85A,HCM-SANG-1081-C20,HCMI Model,READ,9.532263246,4.195131231
HCM-SANG-1082-C15-85A,HCM-SANG-1082-C15,HCMI Model,ESCA,9.532402482,4.223858763
HCM-SANG-1083-C16-85A,HCM-SANG-1083-C16,HCMI Model,ESCA,9.544857469,4.211008478
HCM-SANG-1084-C15-85A,HCM-SANG-1084-C15,HCMI Model,ESCA,9.545445886,4.219027449
HCM-SANG-1086-C18-85A,HCM-SANG-1086-C18,HCMI Model,COAD,9.535604921,4.198915888
HCM-SANG-1087-C18-85A,HCM-SANG-1087-C18,HCMI Model,COAD,0.9568769,1.276622821
HCM-SANG-1088-C18-85A,HCM-SANG-1088-C18,HCMI Model,COAD,9.608844247,4.123451162
HCM-SANG-1089-C18-85A,HCM-SANG-1089-C18,HCMI Model,COAD,9.543900933,4.201499392
HCM-SANG-1090-C18-85A,HCM-SANG-1090-C18,HCMI Model,COAD,9.576742616,4.245806624
HCM-SANG-1091-C18-85A,HCM-SANG-1091-C18,HCMI Model,COAD,9.588978257,4.232284952
HCM-SANG-1093-C18-85A,HCM-SANG-1093-C18,HCMI Model,COAD,9.54064795,4.201587607
HCM-SANG-1094-C16-85A,HCM-SANG-1094-C16,HCMI Model,ESCA,9.550068345,4.215717245
HCM-SANG-1095-C25-85A,HCM-SANG-1095-C25,HCMI Model,PAAD,9.497992959,4.271887709
HCM-SANG-1299-C15-85A,HCM-SANG-1299-C15,HCMI Model,ESCA,9.539579835,4.222747255
HCM-SANG-1300-C18-85A,HCM-SANG-1300-C18,HCMI Model,COAD,9.509758439,4.164167334
HCM-SANG-1301-C20-85A,HCM-SANG-1301-C20,HCMI Model,READ,9.543864694,4.202953268
HCM-SANG-1302-C15-85A,HCM-SANG-1302-C15,HCMI Model,ESCA,9.48872706,4.275805403
HCM-SANG-1304-C20-85A,HCM-SANG-1304-C20,HCMI Model,READ,9.534582582,4.197221686
HCM-SANG-1305-C15-85A,HCM-SANG-1305-C15,HCMI Model,ESCA,9.539931741,4.212905813
HCM-SANG-1306-C25-85A,HCM-SANG-1306-C25,HCMI Model,PAAD,9.541528192,4.231173445
HCM-SANG-1307-C25-85A,HCM-SANG-1307-C25,HCMI Model,PAAD,9.520448175,4.251861979
HCM-SANG-1308-C25-85A,HCM-SANG-1308-C25,HCMI Model,PAAD,9.543793168,4.217379023
HCM-SANG-1309-C25-85A,HCM-SANG-1309-C25,HCMI Model,PAAD,9.545107331,4.227090765
HCM-SANG-1310-C15-85A,HCM-SANG-1310-C15,HCMI Model,ESCA,9.525064912,4.163698126
HCM-SANG-1311-C18-85A,HCM-SANG-1311-C18,HCMI Model,COAD,9.540098634,4.199124743
HCM-SANG-1312-C20-85A,HCM-SANG-1312-C20,HCMI Model,READ,9.532571283,4.192248751
HCM-SANG-1313-C18-85A,HCM-SANG-1313-C18,HCMI Model,COAD,9.533882585,4.193566729
HCM-SANG-1314-C18-85A,HCM-SANG-1314-C18,HCMI Model,COAD,9.545904603,4.197695662
HCM-SANG-1315-C18-85A,HCM-SANG-1315-C18,HCMI Model,COAD,9.528963533,4.185209204
HCM-SANG-1316-C18-85A,HCM-SANG-1316-C18,HCMI Model,COAD,9.569552865,4.222965647
HCM-SANG-1317-C20-85A,HCM-SANG-1317-C20,HCMI Model,READ,9.523715463,4.178656984
HCM-SANG-1318-C20-85A,HCM-SANG-1318-C20,HCMI Model,READ,9.512283769,4.168832709
HCM-SANG-1320-C25-85A,HCM-SANG-1320-C25,HCMI Model,PAAD,9.567438569,4.189536978
HCM-SANG-1321-C18-85A,HCM-SANG-1321-C18,HCMI Model,COAD,9.544282403,4.17925923
HCM-SANG-1322-C15-85A,HCM-SANG-1322-C15,HCMI Model,ESCA,9.540962663,4.217124392
HCM-SANG-1323-C15-85A,HCM-SANG-1323-C15,HCMI Model,ESCA,9.535934892,4.227099825
HCM-SANG-1325-C15-85A,HCM-SANG-1325-C15,HCMI Model,ESCA,9.526916948,4.218880583
HCM-SANG-1326-C15-85A,HCM-SANG-1326-C15,HCMI Model,ESCA,9.541713205,4.223520685
HCM-SANG-1327-C18-85A,HCM-SANG-1327-C18,HCMI Model,COAD,9.533146348,4.19502442
HCM-SANG-1328-C15-85A,HCM-SANG-1328-C15,HCMI Model,ESCA,9.534150567,4.225253988
HCM-SANG-1329-C15-85A,HCM-SANG-1329-C15,HCMI Model,ESCA,9.598405328,4.266397883
HCM-SANG-1330-C19-85A,HCM-SANG-1330-C19,HCMI Model,COAD,9.535991159,4.188816954
HCM-SANG-1332-C18-85A,HCM-SANG-1332-C18,HCMI Model,COAD,9.528032747,4.188103129
HCM-SANG-1333-C20-85A,HCM-SANG-1333-C20,HCMI Model,READ,9.541999307,4.183895518
HCM-SANG-1334-C18-85A,HCM-SANG-1334-C18,HCMI Model,COAD,9.526208368,4.187998224
HCM-SANG-1335-C18-85A,HCM-SANG-1335-C18,HCMI Model,COAD,9.559550729,4.22180884
HCM-SANG-1336-C15-85A,HCM-SANG-1336-C15,HCMI Model,ESCA,9.53940722,4.221626211
HCM-SANG-1337-C18-85A,HCM-SANG-1337-C18,HCMI Model,COAD,9.527883973,4.18593352
HCM-SANG-1338-C20-85A,HCM-SANG-1338-C20,HCMI Model,READ,9.543527093,4.182916094
HCM-SANG-1339-C18-85A,HCM-SANG-1339-C18,HCMI Model,COAD,9.528067079,4.187874247
HCM-STAN-0627-C34-85A,HCM-STAN-0627-C34,HCMI Model,LUSC,-5.874841246,2.310758997
HCM-STAN-0777-C25-85A,HCM-STAN-0777-C25,HCMI Model,PAAD,-2.537766728,-2.779819082
HCM-STAN-0777-C25-85S,HCM-STAN-0777-C25,HCMI Model,PAAD,-2.61482862,-2.806366752
HCM-STAN-0840-C49-85A,HCM-STAN-0840-C49,HCMI Model,SARC,1.441739168,0.959469308
HCM-STAN-0841-C18-85A,HCM-STAN-0841-C18,HCMI Model,COAD,-5.73084167,-2.753391336
HCM-STAN-0846-C20-85A,HCM-STAN-0846-C20,HCMI Model,READ,-5.895620856,-2.73755772
HCM-STAN-0848-C20-85A,HCM-STAN-0848-C20,HCMI Model,READ,-6.008542571,-3.486263346
HCM-STAN-0909-C16-85A,HCM-STAN-0909-C16,HCMI Model,STAD,-4.483730826,-3.40970857
HCM-STAN-0914-C34-85B,HCM-STAN-0914-C34,HCMI Model,LUAD,0.665774491,-1.225111555
HCM-STAN-1109-D13-85B,HCM-STAN-1109-D13,HCMI Model,TVA,-2.843876395,-3.010361503
HCM-STAN-1111-C19-85B,HCM-STAN-1111-C19,HCMI Model,READ,-5.882819209,-2.729399036
HCM-STAN-1113-C18-85B,HCM-STAN-1113-C18,HCMI Model,COAD,-5.614318404,-2.66192634
HCM-STAN-1277-C55-85B,HCM-STAN-1277-C55,HCMI Model,UCEC,-2.761629138,-2.050612282
HCM-WCMC-0491-C16-85A,HCM-WCMC-0491-C16,HCMI Model,STAD,-2.739887986,-2.784911941
HCM-WCMC-0494-C16-85A,HCM-WCMC-0494-C16,HCMI Model,STAD,-2.700649295,-2.82600839
HCM-WCMC-0502-C15-85A,HCM-WCMC-0502-C15,HCMI Model,ESCA,-2.974140916,-2.898945879
HCM-WCMC-0504-C18-85A,HCM-WCMC-0504-C18,HCMI Model,COAD,-4.403162513,-3.404625486
HCM-WCMC-0505-C16-85A,HCM-WCMC-0505-C16,HCMI Model,STAD,-4.987982783,-1.837746095
HCM-WCMC-0671-C18-85A,HCM-WCMC-0671-C18,HCMI Model,COAD,-5.832425627,-2.658049892
HCM-WCMC-0673-C56-85A,HCM-WCMC-0673-C56,HCMI Model,OV,-2.926514897,-2.761977028
HCM-WCMC-0673-C56-85B,HCM-WCMC-0673-C56,HCMI Model,OV,-2.880632434,-2.943253111
HCM-WCMC-0675-C67-85R,HCM-WCMC-0675-C67,HCMI Model,BLCA,-3.556990657,0.166623723
HCM-WCMC-0747-C50-85A,HCM-WCMC-0747-C50,HCMI Model,BRCA,4.778902498,-1.578095268
HCM-WCMC-0747-C50-85P,HCM-WCMC-0747-C50,HCMI Model,BRCA,4.749564138,-1.696130823
HCM-WCMC-0749-C34-85A,HCM-WCMC-0749-C34,HCMI Model,LUAD,-2.812230143,-2.899323772
HCM-WCMC-0751-C54-85A,HCM-WCMC-0751-C54,HCMI Model,UCEC,1.535668817,6.470612456
HCM-WCMC-0753-C54-85A,HCM-WCMC-0753-C54,HCMI Model,UCEC,1.23350617,6.720498015
HCM-WCMC-0785-C67-85A,HCM-WCMC-0785-C67,HCMI Model,BLCA,-3.000791583,-3.025569509
HCM-WCMC-0786-C34-85A,HCM-WCMC-0786-C34,HCMI Model,LUAD,-1.681326661,-2.486264299
HCM-WCMC-0788-C34-85A,HCM-WCMC-0788-C34,HCMI Model,LUAD,0.073750075,-2.863824676
HCM-WCMC-0789-C34-85A,HCM-WCMC-0789-C34,HCMI Model,LUAD,-0.205828879,-3.160096477
HCM-WCMC-0790-C67-85B,HCM-WCMC-0790-C67,HCMI Model,BLCA,-4.837332282,-1.84908111
HCM-WCMC-0946-C34-85A,HCM-WCMC-0946-C34,HCMI Model,LUAD,-0.776418242,-1.920904468
HCM-WCMC-0948-C67-85A,HCM-WCMC-0948-C67,HCMI Model,BLCA,-3.813782248,-0.015575256
HCM-WCMC-0949-C67-85A,HCM-WCMC-0949-C67,HCMI Model,BLCA,-3.612795863,0.081733274
HCM-WCMC-0951-C67-85A,HCM-WCMC-0951-C67,HCMI Model,BLCA,-3.630420718,0.070915942
HCM-WCMC-0952-C34-85A,HCM-WCMC-0952-C34,HCMI Model,LUAD,-1.057479296,-1.344179462
HCM-WCMC-1074-C56-85A,HCM-WCMC-1074-C56,HCMI Model,OV,-2.757873568,-2.896322798
HCM-WCMC-1280-C54-85A,HCM-WCMC-1280-C54,HCMI Model,UCEC,1.496604767,7.924745012
HCM-WCMC-1281-C67-85A,HCM-WCMC-1281-C67,HCMI Model,BLCA,0.59335908,0.282726992
HCM-WCMC-1284-C67-85A,HCM-WCMC-1284-C67,HCMI Model,BLCA,-6.597882304,0.528648783
HCM-WCMC-1285-C54-85A,HCM-WCMC-1285-C54,HCMI Model,UCEC,1.300530818,7.600038458
HCM-WCMC-1287-C67-85A,HCM-WCMC-1287-C67,HCMI Model,BLCA,-3.894000087,-0.039518859
HCM-WCMC-1292-C67-85A,HCM-WCMC-1292-C67,HCMI Model,BLCA,-3.636652026,0.065255576
HCM-WCMC-1294-C18-85A,HCM-WCMC-1294-C18,HCMI Model,COAD,-5.38642219,-2.551096748
HCM-WCMC-1340-C54-85A,HCM-WCMC-1340-C54,HCMI Model,UCEC,0.29511365,3.531104494
HCM-WCMC-1344-C18-85A,HCM-WCMC-1344-C18,HCMI Model,COAD,-5.873394999,-2.732058357
HCM-WCMC-1359-C34-85A,HCM-WCMC-1359-C34,HCMI Model,LUAD,-0.053357754,0.371352602
HCM-BROD-0001-C18-06A,HCM-BROD-0001-C18,HCMI Tumor,READ,-5.624419722,-2.925158333
HCM-BROD-0002-C71-01A,HCM-BROD-0002-C71,HCMI Tumor,GBM,1.784954992,-9.29876573
HCM-BROD-0003-C71-01A,HCM-BROD-0003-C71,HCMI Tumor,GBM,1.917980519,-9.392823767
HCM-BROD-0004-C64-02A,HCM-BROD-0004-C64,HCMI Tumor,WT,-4.649413619,7.786531855
HCM-BROD-0008-C25-06A,HCM-BROD-0008-C25,HCMI Tumor,PAAD,9.555000749,4.225953985
HCM-BROD-0011-C71-01A,HCM-BROD-0011-C71,HCMI Tumor,GBM,1.648683992,-9.210937094
HCM-BROD-0012-C71-01A,HCM-BROD-0012-C71,HCMI Tumor,GBM,1.673580375,-9.237017225
HCM-BROD-0013-C71-02A,HCM-BROD-0013-C71,HCMI Tumor,GBM,2.251562681,-10.95241887
HCM-BROD-0014-C71-01A,HCM-BROD-0014-C71,HCMI Tumor,GBM,2.691600528,-9.693335127
HCM-BROD-0019-C25-01B,HCM-BROD-0019-C25,HCMI Tumor,PAAD,-2.254019532,-2.629803728
HCM-BROD-0027-C34-06A,HCM-BROD-0027-C34,HCMI Tumor,LUAD,-1.346631799,-2.136904548
HCM-BROD-0028-C71-01A,HCM-BROD-0028-C71,HCMI Tumor,GBM,1.696532812,-9.173703741
HCM-BROD-0035-C49-06A,HCM-BROD-0035-C49,HCMI Tumor,SARC,0.097934571,0.32218026
HCM-BROD-0036-C41-06A,HCM-BROD-0036-C41,HCMI Tumor,SARC,-3.895661864,-12.34554155
HCM-BROD-0041-C64-01A,HCM-BROD-0041-C64,HCMI Tumor,WT,-4.490510974,7.619556833
HCM-BROD-0046-C71-02A,HCM-BROD-0046-C71,HCMI Tumor,GBM,2.785253015,-9.769071173
HCM-BROD-0047-C71-02A,HCM-BROD-0047-C71,HCMI Tumor,GBM,1.61902627,-9.182871412
HCM-BROD-0052-C49-01A,HCM-BROD-0052-C49,HCMI Tumor,SARC,-3.905254397,6.697877813
HCM-BROD-0053-C49-06A,HCM-BROD-0053-C49,HCMI Tumor,SARC,-3.983664069,-12.26279409
HCM-BROD-0055-C64-01A,HCM-BROD-0055-C64,HCMI Tumor,WT,-3.958330664,6.786270071
HCM-BROD-0095-C15-06A,HCM-BROD-0095-C15,HCMI Tumor,ESCA,0.328305904,-1.465781759
HCM-BROD-0097-C15-06A,HCM-BROD-0097-C15,HCMI Tumor,ESCA,-4.899925742,-1.929762672
HCM-BROD-0100-C15-01A,HCM-BROD-0100-C15,HCMI Tumor,ESCA,-2.654380832,-2.64552338
HCM-BROD-0103-C71-01A,HCM-BROD-0103-C71,HCMI Tumor,GBM,1.772994604,-9.277031492
HCM-BROD-0106-C71-02A,HCM-BROD-0106-C71,HCMI Tumor,GBM,1.556019273,-9.19005258
HCM-BROD-0110-C25-01A,HCM-BROD-0110-C25,HCMI Tumor,PAAD,-2.291323218,-1.820635628
HCM-BROD-0115-C16-01A,HCM-BROD-0115-C16,HCMI Tumor,STAD,-2.556570086,-2.658275436
HCM-BROD-0116-C16-01A,HCM-BROD-0116-C16,HCMI Tumor,STAD,4.321826425,-1.164605211
HCM-BROD-0120-C15-06A,HCM-BROD-0120-C15,HCMI Tumor,ESCA,-1.820912871,-2.27960689
HCM-BROD-0124-C25-01A,HCM-BROD-0124-C25,HCMI Tumor,PAAD,0.586444583,0.46146806
HCM-BROD-0130-C25-06A,HCM-BROD-0130-C25,HCMI Tumor,PAAD,0.599117529,0.492148269
HCM-BROD-0140-C16-01A,HCM-BROD-0140-C16,HCMI Tumor,STAD,-0.679961357,-2.150264095
HCM-BROD-0195-C71-01A,HCM-BROD-0195-C71,HCMI Tumor,GBM,2.255367604,-10.97216279
HCM-BROD-0196-C71-01A,HCM-BROD-0196-C71,HCMI Tumor,GBM,1.942141857,-9.409668516
HCM-BROD-0199-C71-01A,HCM-BROD-0199-C71,HCMI Tumor,GBM,2.057528343,-9.415676664
HCM-BROD-0199-C71-02A,HCM-BROD-0199-C71,HCMI Tumor,GBM,1.50466713,-9.176988195
HCM-BROD-0200-C71-01A,HCM-BROD-0200-C71,HCMI Tumor,GBM,1.399458792,-9.222084593
HCM-BROD-0209-C71-02A,HCM-BROD-0209-C71,HCMI Tumor,GBM,1.469972816,-9.297300886
HCM-BROD-0210-C71-02A,HCM-BROD-0210-C71,HCMI Tumor,GBM,1.742582765,-9.249240469
HCM-BROD-0213-C71-02A,HCM-BROD-0213-C71,HCMI Tumor,GBM,1.686896053,-9.219399999
HCM-BROD-0220-C15-06A,HCM-BROD-0220-C15,HCMI Tumor,ESCA,-5.122692141,-2.167672705
HCM-BROD-0223-C43-06A,HCM-BROD-0223-C43,HCMI Tumor,SKCM,6.017395463,3.577274014
HCM-BROD-0231-C25-06A,HCM-BROD-0231-C25,HCMI Tumor,PAAD,-3.930664096,-12.3201576
HCM-BROD-0234-C49-06A,HCM-BROD-0234-C49,HCMI Tumor,SARC,1.135624316,1.103722144
HCM-BROD-0235-C16-06A,HCM-BROD-0235-C16,HCMI Tumor,STAD,-4.502315554,-3.466924499
HCM-BROD-0351-C49-06B,HCM-BROD-0351-C49,HCMI Tumor,SARC,1.918749538,1.178134967
HCM-BROD-0415-C71-02B,HCM-BROD-0415-C71,HCMI Tumor,GBM,1.706508007,-9.238333296
HCM-BROD-0416-C71-01A,HCM-BROD-0416-C71,HCMI Tumor,GBM,1.685369816,-9.234034132
HCM-BROD-0417-C71-01A,HCM-BROD-0417-C71,HCMI Tumor,GBM,1.451305595,-9.094696592
HCM-BROD-0418-C71-01A,HCM-BROD-0418-C71,HCMI Tumor,GBM,2.783049073,-9.744559835
HCM-BROD-0420-C71-02B,HCM-BROD-0420-C71,HCMI Tumor,GBM,1.536620822,-9.123781751
HCM-BROD-0421-C71-01B,HCM-BROD-0421-C71,HCMI Tumor,GBM,1.762582865,-9.270568441
HCM-BROD-0423-C71-01A,HCM-BROD-0423-C71,HCMI Tumor,GBM,1.909529891,-9.370344709
HCM-BROD-0444-C43-06A,HCM-BROD-0444-C43,HCMI Tumor,SKCM,6.646687951,4.359362055
HCM-BROD-0448-C15-06A,HCM-BROD-0448-C15,HCMI Tumor,ESCA,-3.766993556,-12.42059953
HCM-BROD-0455-C71-01A,HCM-BROD-0455-C71,HCMI Tumor,GBM,1.513758626,-9.222426962
HCM-BROD-0457-C71-01A,HCM-BROD-0457-C71,HCMI Tumor,GBM,1.643705693,-9.240546774
HCM-BROD-0472-C34-06B,HCM-BROD-0472-C34,HCMI Tumor,SCLC,-1.065259371,-2.209834169
HCM-BROD-0477-C16-06A,HCM-BROD-0477-C16,HCMI Tumor,STAD,-3.902614627,-12.37137754
HCM-BROD-0483-C16-06A,HCM-BROD-0483-C16,HCMI Tumor,STAD,-3.879830394,-12.33408315
HCM-BROD-0483-C16-07A,HCM-BROD-0483-C16,HCMI Tumor,STAD,-3.877234492,-12.31961019
HCM-BROD-0485-C15-06A,HCM-BROD-0485-C15,HCMI Tumor,ESCA,-2.807673011,-2.962886165
HCM-BROD-0489-C15-06A,HCM-BROD-0489-C15,HCMI Tumor,ESCA,-3.943756614,-12.27753694
HCM-BROD-0557-C43-06A,HCM-BROD-0557-C43,HCMI Tumor,SKCM,5.532574144,3.481348921
HCM-BROD-0561-C43-06A,HCM-BROD-0561-C43,HCMI Tumor,SKCM,6.620595422,4.385402132
HCM-BROD-0569-C43-06A,HCM-BROD-0569-C43,HCMI Tumor,SKCM,5.126884904,3.444105316
HCM-BROD-0577-C15-06A,HCM-BROD-0577-C15,HCMI Tumor,ESCA,-0.01542348,3.685299565
HCM-BROD-0578-C15-06A,HCM-BROD-0578-C15,HCMI Tumor,ESCA,-3.917443785,-12.42288644
HCM-BROD-0579-C16-06A,HCM-BROD-0579-C16,HCMI Tumor,STAD,-5.645916972,-2.716187548
HCM-BROD-0594-C43-06A,HCM-BROD-0594-C43,HCMI Tumor,SKCM,5.94499394,3.574179817
HCM-BROD-0595-C43-06A,HCM-BROD-0595-C43,HCMI Tumor,SKCM,5.958771196,3.376472403
HCM-BROD-0596-C43-06A,HCM-BROD-0596-C43,HCMI Tumor,SKCM,6.727062192,4.442806173
HCM-BROD-0597-C64-01B,HCM-BROD-0597-C64,HCMI Tumor,WT,-3.94547275,6.741309572
HCM-BROD-0613-C71-01A,HCM-BROD-0613-C71,HCMI Tumor,GBM,0.9862214,0.812663008
HCM-BROD-0614-C71-01A,HCM-BROD-0614-C71,HCMI Tumor,GBM,1.511196461,-9.150129865
HCM-BROD-0615-C16-06A,HCM-BROD-0615-C16,HCMI Tumor,STAD,-5.579484019,-2.760054659
HCM-BROD-0642-C43-06A,HCM-BROD-0642-C43,HCMI Tumor,SKCM,5.723829236,3.80816095
HCM-BROD-0643-C43-06A,HCM-BROD-0643-C43,HCMI Tumor,SKCM,5.94389626,3.562336374
HCM-BROD-0644-C25-06B,HCM-BROD-0644-C25,HCMI Tumor,PAAD,-5.053805861,1.913781811
HCM-BROD-0648-C71-02A,HCM-BROD-0648-C71,HCMI Tumor,GBM,2.173593726,-10.96022851
HCM-BROD-0649-C49-06A,HCM-BROD-0649-C49,HCMI Tumor,SARC,1.91671988,1.622826983
HCM-BROD-0650-C56-06A,HCM-BROD-0650-C56,HCMI Tumor,OV,1.820922461,8.105274607
HCM-BROD-0679-C43-06A,HCM-BROD-0679-C43,HCMI Tumor,SKCM,4.964302507,3.375096966
HCM-BROD-0681-C71-02A,HCM-BROD-0681-C71,HCMI Tumor,GBM,1.270000603,-9.937514852
HCM-BROD-0683-C43-06A,HCM-BROD-0683-C43,HCMI Tumor,SKCM,5.417255845,3.434993197
HCM-BROD-0685-C71-01A,HCM-BROD-0685-C71,HCMI Tumor,GBM,1.427442637,-9.249453138
HCM-BROD-0689-C71-02A,HCM-BROD-0689-C71,HCMI Tumor,GBM,1.56377944,-9.179005216
HCM-BROD-0693-C71-01A,HCM-BROD-0693-C71,HCMI Tumor,GBM,1.97838625,-9.484520506
HCM-BROD-0694-C43-06A,HCM-BROD-0694-C43,HCMI Tumor,SKCM,6.166166749,3.807369877
HCM-BROD-0695-C71-02B,HCM-BROD-0695-C71,HCMI Tumor,GBM,2.158267346,-9.410684179
HCM-BROD-0701-C43-06B,HCM-BROD-0701-C43,HCMI Tumor,SKCM,6.020831075,3.509825159
HCM-BROD-0709-C64-01A,HCM-BROD-0709-C64,HCMI Tumor,KIRC,-0.025837246,3.26290815
HCM-BROD-0710-C43-06C,HCM-BROD-0710-C43,HCMI Tumor,SKCM,5.870108094,3.297123123
HCM-BROD-0711-C64-01A,HCM-BROD-0711-C64,HCMI Tumor,KICH,-3.565233025,5.104261805
HCM-BROD-0715-C43-06A,HCM-BROD-0715-C43,HCMI Tumor,SKCM,5.319098439,3.473536183
HCM-BROD-0716-C43-06B,HCM-BROD-0716-C43,HCMI Tumor,SKCM,6.721300092,4.433829714
HCM-BROD-0719-C43-06B,HCM-BROD-0719-C43,HCMI Tumor,SKCM,5.347700086,3.457313229
HCM-BROD-0724-C43-06A,HCM-BROD-0724-C43,HCMI Tumor,SKCM,5.993974176,3.632832934
HCM-BROD-0745-C43-06B,HCM-BROD-0745-C43,HCMI Tumor,SKCM,0.869419899,0.727192987
HCM-BROD-0758-C43-06A,HCM-BROD-0758-C43,HCMI Tumor,SKCM,5.917055097,3.486067701
HCM-BROD-0762-C49-01A,HCM-BROD-0762-C49,HCMI Tumor,DEST,1.81220695,1.125067998
HCM-BROD-0793-C15-06A,HCM-BROD-0793-C15,HCMI Tumor,ESCA,-2.842687878,-3.007348846
HCM-BROD-0794-C16-06B,HCM-BROD-0794-C16,HCMI Tumor,STAD,-5.595119033,-2.886014055
HCM-BROD-0796-C71-01B,HCM-BROD-0796-C71,HCMI Tumor,GBM,1.747027722,-9.264637541
HCM-BROD-0830-C71-02A,HCM-BROD-0830-C71,HCMI Tumor,GBM,1.698652353,-9.24868543
HCM-BROD-0831-C71-01A,HCM-BROD-0831-C71,HCMI Tumor,GBM,1.962058749,-9.54583795
HCM-BROD-0834-C43-06A,HCM-BROD-0834-C43,HCMI Tumor,SKCM,6.486053434,4.241714884
HCM-BROD-0869-C43-06A,HCM-BROD-0869-C43,HCMI Tumor,SKCM,5.930179086,3.543830324
HCM-BROD-0870-C43-06B,HCM-BROD-0870-C43,HCMI Tumor,SKCM,6.674463716,4.386858393
HCM-BROD-0871-C49-06B,HCM-BROD-0871-C49,HCMI Tumor,SARC,1.327579227,1.667313386
HCM-BROD-0873-C43-01A,HCM-BROD-0873-C43,HCMI Tumor,SKCM,6.444819417,4.16733544
HCM-BROD-0874-C43-06A,HCM-BROD-0874-C43,HCMI Tumor,SKCM,5.929396596,3.974868704
HCM-BROD-0954-C34-01A,HCM-BROD-0954-C34,HCMI Tumor,LUAD,-1.304290924,-0.860046696
HCM-BROD-0955-C15-06A,HCM-BROD-0955-C15,HCMI Tumor,ESCA,-2.925999436,-2.90440781
HCM-BROD-0959-C18-06A,HCM-BROD-0959-C18,HCMI Tumor,COAD,-3.822649512,-12.39571531
HCM-BROD-0960-C16-06A,HCM-BROD-0960-C16,HCMI Tumor,STAD,-1.348836455,-2.125116657
HCM-BROD-0962-C16-06A,HCM-BROD-0962-C16,HCMI Tumor,STAD,-3.90035871,-12.33099801
HCM-BROD-1119-C43-06A,HCM-BROD-1119-C43,HCMI Tumor,SKCM,6.690295663,4.404759337
HCM-BROD-1121-C71-01A,HCM-BROD-1121-C71,HCMI Tumor,GBM,1.353202191,-9.181920599
HCM-BROD-1123-C71-02A,HCM-BROD-1123-C71,HCMI Tumor,GBM,1.355481293,-9.057669233
HCM-BROD-1124-C16-06A,HCM-BROD-1124-C16,HCMI Tumor,STAD,-4.01678947,-3.339227747
HCM-BROD-1186-C64-01A,HCM-BROD-1186-C64,HCMI Tumor,KIRC,6.288925138,-5.896648001
HCM-CSHL-0056-C18-01B,HCM-CSHL-0056-C18,HCMI Tumor,COAD,-5.71397737,-2.849128555
HCM-CSHL-0057-C18-01B,HCM-CSHL-0057-C18,HCMI Tumor,COAD,-5.660440001,-2.894877504
HCM-CSHL-0058-C34-01B,HCM-CSHL-0058-C34,HCMI Tumor,LUAD,-8.483679328,6.89648955
HCM-CSHL-0059-C25-01A,HCM-CSHL-0059-C25,HCMI Tumor,PAAD,-0.928575549,-1.895237635
HCM-CSHL-0060-C18-01B,HCM-CSHL-0060-C18,HCMI Tumor,COAD,-5.743365798,-2.824683498
HCM-CSHL-0061-C18-01A,HCM-CSHL-0061-C18,HCMI Tumor,COAD,-5.908157859,-2.685373377
HCM-CSHL-0062-C18-01A,HCM-CSHL-0062-C18,HCMI Tumor,READ,-5.947056327,-2.7482558
HCM-CSHL-0063-C18-01A,HCM-CSHL-0063-C18,HCMI Tumor,COAD,-6.004533801,-2.712308477
HCM-CSHL-0064-C18-01A,HCM-CSHL-0064-C18,HCMI Tumor,COAD,-5.90448955,-2.70251758
HCM-CSHL-0065-C20-06A,HCM-CSHL-0065-C20,HCMI Tumor,COAD,-5.899016413,-2.765278648
HCM-CSHL-0073-C25-01B,HCM-CSHL-0073-C25,HCMI Tumor,PAAD,-2.577954087,-2.663403343
HCM-CSHL-0074-C25-01A,HCM-CSHL-0074-C25,HCMI Tumor,PAAD,-2.717065844,-2.733082126
HCM-CSHL-0075-C25-01B,HCM-CSHL-0075-C25,HCMI Tumor,PAAD,0.194432345,-0.788857113
HCM-CSHL-0076-C25-01A,HCM-CSHL-0076-C25,HCMI Tumor,PAAD,-2.209002528,-2.580030273
HCM-CSHL-0077-C25-01B,HCM-CSHL-0077-C25,HCMI Tumor,PAAD,-2.425794635,-2.564796041
HCM-CSHL-0078-C25-01A,HCM-CSHL-0078-C25,HCMI Tumor,PAAD,-1.354064617,-2.144425701
HCM-CSHL-0078-C25-06A,HCM-CSHL-0078-C25,HCMI Tumor,PAAD,-1.372120533,-2.128631424
HCM-CSHL-0079-C25-01A,HCM-CSHL-0079-C25,HCMI Tumor,PAAD,-2.431983027,-2.592458795
HCM-CSHL-0080-C25-01A,HCM-CSHL-0080-C25,HCMI Tumor,PAAD,0.34714995,-0.806209158
HCM-CSHL-0081-C25-01A,HCM-CSHL-0081-C25,HCMI Tumor,PAAD,-0.921270523,-1.939780544
HCM-CSHL-0082-C25-01A,HCM-CSHL-0082-C25,HCMI Tumor,PAAD,-2.205117736,-1.816016506
HCM-CSHL-0084-C25-01A,HCM-CSHL-0084-C25,HCMI Tumor,PAAD,-0.862785849,-1.863667201
HCM-CSHL-0085-C24-06A,HCM-CSHL-0085-C24,HCMI Tumor,AMPV,4.301100221,-1.164652656
HCM-CSHL-0088-C25-01A,HCM-CSHL-0088-C25,HCMI Tumor,PAAD,-2.159298453,-2.040210079
HCM-CSHL-0089-C25-01A,HCM-CSHL-0089-C25,HCMI Tumor,PAAD,-2.673913274,-2.83477218
HCM-CSHL-0089-C25-06A,HCM-CSHL-0089-C25,HCMI Tumor,PAAD,-2.73500422,-2.785219025
HCM-CSHL-0090-C25-01A,HCM-CSHL-0090-C25,HCMI Tumor,PAAD,-4.622563395,0.371268947
HCM-CSHL-0091-C25-01A,HCM-CSHL-0091-C25,HCMI Tumor,PAAD,1.696406331,7.728391577
HCM-CSHL-0092-C25-01A,HCM-CSHL-0092-C25,HCMI Tumor,PAAD,-2.074440989,-2.385720323
HCM-CSHL-0094-C25-01A,HCM-CSHL-0094-C25,HCMI Tumor,PAAD,-2.180836711,-2.409417461
HCM-CSHL-0141-C18-01A,HCM-CSHL-0141-C18,HCMI Tumor,COAD,-6.035919223,-3.696527075
HCM-CSHL-0142-C18-01A,HCM-CSHL-0142-C18,HCMI Tumor,COAD,-5.940129313,-2.751932215
HCM-CSHL-0143-C20-01A,HCM-CSHL-0143-C20,HCMI Tumor,READ,-5.956857714,-2.83335359
HCM-CSHL-0147-C24-01A,HCM-CSHL-0147-C24,HCMI Tumor,AMPV,-4.880797419,-1.91464753
HCM-CSHL-0153-C50-01B,HCM-CSHL-0153-C50,HCMI Tumor,BRCA,3.96158835,-1.647066902
HCM-CSHL-0158-C20-01A,HCM-CSHL-0158-C20,HCMI Tumor,READ,-5.97386888,-2.705738615
HCM-CSHL-0159-C18-01B,HCM-CSHL-0159-C18,HCMI Tumor,COAD,-5.67990354,-2.91269214
HCM-CSHL-0160-C18-01B,HCM-CSHL-0160-C18,HCMI Tumor,COAD,-5.797479186,-2.839279722
HCM-CSHL-0161-C18-01A,HCM-CSHL-0161-C18,HCMI Tumor,COAD,-5.482208285,-2.946031641
HCM-CSHL-0162-C19-01A,HCM-CSHL-0162-C19,HCMI Tumor,READ,-5.909156356,-2.763501238
HCM-CSHL-0164-C20-06A,HCM-CSHL-0164-C20,HCMI Tumor,COAD,-5.915940795,-2.877623152
HCM-CSHL-0174-C22-01A,HCM-CSHL-0174-C22,HCMI Tumor,CHOL,-2.083761964,-2.304812263
HCM-CSHL-0176-C25-01A,HCM-CSHL-0176-C25,HCMI Tumor,PAAD,-0.705615196,-2.045261692
HCM-CSHL-0177-C25-01B,HCM-CSHL-0177-C25,HCMI Tumor,PAAD,-2.48542026,-2.664476942
HCM-CSHL-0178-C25-01A,HCM-CSHL-0178-C25,HCMI Tumor,PAAD,-2.814073119,-2.905557941
HCM-CSHL-0179-C25-01A,HCM-CSHL-0179-C25,HCMI Tumor,PAAD,-2.628344092,-2.741754602
HCM-CSHL-0180-C25-01A,HCM-CSHL-0180-C25,HCMI Tumor,PAAD,-2.500008616,-2.6395231
HCM-CSHL-0181-C25-01A,HCM-CSHL-0181-C25,HCMI Tumor,PAAD,-2.49202374,-2.494372438
HCM-CSHL-0182-C25-01A,HCM-CSHL-0182-C25,HCMI Tumor,PAAD,-2.297398124,-2.507604431
HCM-CSHL-0183-C25-01A,HCM-CSHL-0183-C25,HCMI Tumor,PAAD,-2.264443431,-2.509696792
HCM-CSHL-0184-C25-01A,HCM-CSHL-0184-C25,HCMI Tumor,PAAD,-1.306337747,-2.228092502
HCM-CSHL-0186-C25-01A,HCM-CSHL-0186-C25,HCMI Tumor,PAAD,-1.939764771,-2.325932812
HCM-CSHL-0187-C25-01A,HCM-CSHL-0187-C25,HCMI Tumor,PAAD,-2.372126851,-2.533760856
HCM-CSHL-0189-C25-01A,HCM-CSHL-0189-C25,HCMI Tumor,PAAD,-2.51761106,-2.721405577
HCM-CSHL-0191-C25-01A,HCM-CSHL-0191-C25,HCMI Tumor,PAAD,-2.330556903,-2.520274948
HCM-CSHL-0192-C25-01A,HCM-CSHL-0192-C25,HCMI Tumor,PAAD,-2.488299165,-2.600188087
HCM-CSHL-0193-C25-01A,HCM-CSHL-0193-C25,HCMI Tumor,PAAD,-8.368731055,-8.413589071
HCM-CSHL-0237-C18-01B,HCM-CSHL-0237-C18,HCMI Tumor,COAD,-5.816992316,-2.942184042
HCM-CSHL-0238-C18-01B,HCM-CSHL-0238-C18,HCMI Tumor,COAD,-5.709520373,-2.855310034
HCM-CSHL-0239-C18-01A,HCM-CSHL-0239-C18,HCMI Tumor,COAD,-5.833255801,-2.672920536
HCM-CSHL-0240-C18-01A,HCM-CSHL-0240-C18,HCMI Tumor,COAD,-4.455573115,-3.422371219
HCM-CSHL-0241-C18-01A,HCM-CSHL-0241-C18,HCMI Tumor,COAD,-5.991260562,-2.684816669
HCM-CSHL-0242-C18-01B,HCM-CSHL-0242-C18,HCMI Tumor,COAD,-5.658165011,-2.862105202
HCM-CSHL-0243-C18-01B,HCM-CSHL-0243-C18,HCMI Tumor,COAD,-0.761574898,-1.576517891
HCM-CSHL-0244-C20-01B,HCM-CSHL-0244-C20,HCMI Tumor,READ,-5.807535682,-2.819183897
HCM-CSHL-0246-C19-01B,HCM-CSHL-0246-C19,HCMI Tumor,READ,-5.564524207,-2.910763811
HCM-CSHL-0247-C18-01A,HCM-CSHL-0247-C18,HCMI Tumor,COAD,-5.934734378,-2.737952303
HCM-CSHL-0247-C18-06A,HCM-CSHL-0247-C18,HCMI Tumor,COAD,-5.931846175,-2.780527424
HCM-CSHL-0248-C19-01A,HCM-CSHL-0248-C19,HCMI Tumor,COAD,-5.97781137,-2.708412479
HCM-CSHL-0250-C50-01A,HCM-CSHL-0250-C50,HCMI Tumor,BRCA,3.761194196,-1.593166422
HCM-CSHL-0255-C18-01A,HCM-CSHL-0255-C18,HCMI Tumor,COAD,-5.979783568,-2.655639719
HCM-CSHL-0258-C18-01A,HCM-CSHL-0258-C18,HCMI Tumor,COAD,-0.700699363,-1.557403635
HCM-CSHL-0261-C50-01A,HCM-CSHL-0261-C50,HCMI Tumor,BRCA,0.309803378,0.913178672
HCM-CSHL-0322-C20-01B,HCM-CSHL-0322-C20,HCMI Tumor,READ,-5.857526336,-2.844266723
HCM-CSHL-0323-C20-01A,HCM-CSHL-0323-C20,HCMI Tumor,READ,-5.948593173,-2.717488121
HCM-CSHL-0368-D37-31A,HCM-CSHL-0368-D37,HCMI Tumor,GBAD,-2.730441127,-2.885576319
HCM-CSHL-0369-D37-31A,HCM-CSHL-0369-D37,HCMI Tumor,TVA,-5.908991847,-2.72389872
HCM-CSHL-0371-C25-01A,HCM-CSHL-0371-C25,HCMI Tumor,PAAD,-2.686700139,-2.767780851
HCM-CSHL-0372-C25-01A,HCM-CSHL-0372-C25,HCMI Tumor,PAAD,-2.363079343,-2.441796612
HCM-CSHL-0373-C25-01A,HCM-CSHL-0373-C25,HCMI Tumor,PAAD,0.553757977,0.356588651
HCM-CSHL-0374-C25-01A,HCM-CSHL-0374-C25,HCMI Tumor,PAAD,-4.090617213,-0.528539966
HCM-CSHL-0376-D37-31A,HCM-CSHL-0376-D37,HCMI Tumor,TVA,-5.943373713,-2.79048736
HCM-CSHL-0377-C18-01A,HCM-CSHL-0377-C18,HCMI Tumor,COAD,-5.410019431,-2.991789411
HCM-CSHL-0379-C18-01B,HCM-CSHL-0379-C18,HCMI Tumor,COAD,-5.739927802,-2.83910973
HCM-CSHL-0379-C18-06A,HCM-CSHL-0379-C18,HCMI Tumor,COAD,-5.928433928,-2.695300173
HCM-CSHL-0382-C19-01A,HCM-CSHL-0382-C19,HCMI Tumor,COAD,-0.884413276,-1.834725927
HCM-CSHL-0383-C18-01A,HCM-CSHL-0383-C18,HCMI Tumor,COAD,-5.941461596,-2.695610594
HCM-CSHL-0384-D37-31B,HCM-CSHL-0384-D37,HCMI Tumor,TVA,-5.714373622,-2.906110119
HCM-CSHL-0385-C18-01A,HCM-CSHL-0385-C18,HCMI Tumor,COAD,-6.017254386,-2.789848875
HCM-CSHL-0403-C25-01B,HCM-CSHL-0403-C25,HCMI Tumor,PAAD,0.977765527,-0.415453624
HCM-CSHL-0405-C25-01A,HCM-CSHL-0405-C25,HCMI Tumor,PAAD,0.191646587,-0.72215135
HCM-CSHL-0433-C24-01A,HCM-CSHL-0433-C24,HCMI Tumor,CHOL,-2.032535825,-2.342778992
HCM-CSHL-0434-C24-01A,HCM-CSHL-0434-C24,HCMI Tumor,CHOL,-1.912898812,-2.295775484
HCM-CSHL-0434-C24-06A,HCM-CSHL-0434-C24,HCMI Tumor,CHOL,-2.041265521,-2.243033003
HCM-CSHL-0459-C17-01B,HCM-CSHL-0459-C17,HCMI Tumor,SIAD,-5.755887542,-2.860797714
HCM-CSHL-0460-C50-01B,HCM-CSHL-0460-C50,HCMI Tumor,BRCA,3.879016128,-1.688592862
HCM-CSHL-0462-D05-31B,HCM-CSHL-0462-D05,HCMI Tumor,BRCA,3.754459586,-1.660232734
HCM-CSHL-0467-C56-06A,HCM-CSHL-0467-C56,HCMI Tumor,OV,1.358620014,7.917917658
HCM-CSHL-0507-C20-06A,HCM-CSHL-0507-C20,HCMI Tumor,READ,-5.905327353,-2.69026811
HCM-CSHL-0509-C24-06A,HCM-CSHL-0509-C24,HCMI Tumor,AMPV,-1.467655453,-0.783190321
HCM-CSHL-0510-D13-01A,HCM-CSHL-0510-D13,HCMI Tumor,TVA,-5.836662326,-2.74732859
HCM-CSHL-0512-C24-06A,HCM-CSHL-0512-C24,HCMI Tumor,AMPV,-2.649210486,-2.604985069
HCM-CSHL-0582-C18-06A,HCM-CSHL-0582-C18,HCMI Tumor,COAD,-5.974216018,-2.757650923
HCM-CSHL-0584-C19-06A,HCM-CSHL-0584-C19,HCMI Tumor,COAD,-5.840920958,-2.648269724
HCM-CSHL-0603-C18-06A,HCM-CSHL-0603-C18,HCMI Tumor,COAD,-5.945004973,-2.703617166
HCM-CSHL-0608-C17-06A,HCM-CSHL-0608-C17,HCMI Tumor,SIAC,-1.303839597,-0.737245392
HCM-CSHL-0617-C22-01B,HCM-CSHL-0617-C22,HCMI Tumor,LIHC,0.011417505,3.172953058
HCM-CSHL-0618-C18-06A,HCM-CSHL-0618-C18,HCMI Tumor,COAD,-5.93877891,-2.787179302
HCM-CSHL-0621-C18-06A,HCM-CSHL-0621-C18,HCMI Tumor,COAD,-5.811855826,-2.806404899
HCM-CSHL-0622-C18-06A,HCM-CSHL-0622-C18,HCMI Tumor,COAD,-5.879733596,-2.67634828
HCM-CSHL-0625-C18-06A,HCM-CSHL-0625-C18,HCMI Tumor,COAD,-5.952755008,-2.791510891
HCM-CSHL-0654-C26-06A,HCM-CSHL-0654-C26,HCMI Tumor,MISC,-5.789326224,-2.653640102
HCM-CSHL-0655-C50-06A,HCM-CSHL-0655-C50,HCMI Tumor,BRCA,-8.553356681,6.919562746
HCM-CSHL-0658-C20-06A,HCM-CSHL-0658-C20,HCMI Tumor,READ,-5.875325236,-2.699735235
HCM-CSHL-0664-C18-06A,HCM-CSHL-0664-C18,HCMI Tumor,COAD,-5.936771903,-2.697397541
HCM-CSHL-0666-C24-31A,HCM-CSHL-0666-C24,HCMI Tumor,AMPV,-5.914376769,-2.782281946
HCM-CSHL-0727-C18-06A,HCM-CSHL-0727-C18,HCMI Tumor,COAD,-5.913771186,-2.75816686
HCM-CSHL-0729-C18-01A,HCM-CSHL-0729-C18,HCMI Tumor,COAD,-5.849384341,-2.755537342
HCM-CSHL-0731-C19-06A,HCM-CSHL-0731-C19,HCMI Tumor,READ,-5.941386733,-2.747651171
HCM-CSHL-0740-C18-06A,HCM-CSHL-0740-C18,HCMI Tumor,COAD,-5.991597686,-2.687096189
HCM-CSHL-0802-C67-01A,HCM-CSHL-0802-C67,HCMI Tumor,BLCA,1.420180407,1.343210984
HCM-CSHL-0806-C54-01A,HCM-CSHL-0806-C54,HCMI Tumor,UCEC,1.262996998,7.475000788
HCM-CSHL-0807-C54-01A,HCM-CSHL-0807-C54,HCMI Tumor,UCEC,-0.02603561,0.356830377
HCM-CSHL-0808-C55-01A,HCM-CSHL-0808-C55,HCMI Tumor,UCEC,1.4885672,7.905099798
HCM-CSHL-0811-C55-01A,HCM-CSHL-0811-C55,HCMI Tumor,UCEC,2.666772332,12.95893996
HCM-CSHL-0817-C22-01A,HCM-CSHL-0817-C22,HCMI Tumor,CHOL,0.722293791,-0.787610482
HCM-CSHL-0818-C56-06A,HCM-CSHL-0818-C56,HCMI Tumor,OV,1.579772201,8.211717058
HCM-CSHL-0835-C20-06A,HCM-CSHL-0835-C20,HCMI Tumor,READ,-5.96781877,-2.725607704
HCM-CSHL-0838-C18-06A,HCM-CSHL-0838-C18,HCMI Tumor,COAD,-5.99750236,-2.622705053
HCM-CSHL-0839-C34-06A,HCM-CSHL-0839-C34,HCMI Tumor,LUAD,0.101390507,-2.669975113
HCM-CSHL-0853-C56-06A,HCM-CSHL-0853-C56,HCMI Tumor,OV,1.749749985,8.361733843
HCM-CSHL-0853-C56-07A,HCM-CSHL-0853-C56,HCMI Tumor,OV,1.694319692,8.460549761
HCM-CSHL-0853-C56-07B,HCM-CSHL-0853-C56,HCMI Tumor,OV,1.763468828,8.599399019
HCM-CSHL-0859-C22-01A,HCM-CSHL-0859-C22,HCMI Tumor,CHOL,-5.125110659,0.617927958
HCM-CSHL-0860-C18-06A,HCM-CSHL-0860-C18,HCMI Tumor,COAD,-5.858627829,-2.832147907
HCM-CSHL-0868-C56-06A,HCM-CSHL-0868-C56,HCMI Tumor,OV,1.780011859,8.040769507
HCM-CSHL-0878-C18-06A,HCM-CSHL-0878-C18,HCMI Tumor,COAD,-5.956042323,-2.777909349
HCM-CSHL-0907-C50-06A,HCM-CSHL-0907-C50,HCMI Tumor,BRCA,-8.571931395,6.947415758
HCM-CSHL-1262-C19-06A,HCM-CSHL-1262-C19,HCMI Tumor,COAD,-5.983814273,-2.645657133
HCM-CSHL-1264-C25-01A,HCM-CSHL-1264-C25,HCMI Tumor,PAAD,-1.3200039,-2.225851368
HCM-CSHL-1265-C25-01A,HCM-CSHL-1265-C25,HCMI Tumor,PAAD,2.604979482,12.88613742
HCM-CSHL-1266-C20-06A,HCM-CSHL-1266-C20,HCMI Tumor,READ,-4.865596804,-1.896764468
HCM-CSHL-1267-C22-01A,HCM-CSHL-1267-C22,HCMI Tumor,CHOL,-2.853092704,-2.263709616
HCM-CSHL-1268-C24-06A,HCM-CSHL-1268-C24,HCMI Tumor,AMPV,-2.09086636,-2.307010721
HCM-CSHL-1269-C18-06A,HCM-CSHL-1269-C18,HCMI Tumor,COAD,-5.964511428,-2.745213102
HCM-SANG-0265-C18-06A,HCM-SANG-0265-C18,HCMI Tumor,COAD,-5.891972575,-2.724496673
HCM-SANG-0267-D12-31A,HCM-SANG-0267-D12,HCMI Tumor,TVA,-5.986044917,-2.688464235
HCM-SANG-0270-C20-01A,HCM-SANG-0270-C20,HCMI Tumor,READ,-5.826018843,-2.802401852
HCM-SANG-0284-C18-01A,HCM-SANG-0284-C18,HCMI Tumor,COAD,-5.943188224,-2.762887787
HCM-SANG-0287-C20-01A,HCM-SANG-0287-C20,HCMI Tumor,READ,-5.434423957,-2.987637829
HCM-SANG-0289-C15-01A,HCM-SANG-0289-C15,HCMI Tumor,ESCA,-0.735640917,-1.543467592
HCM-SANG-0294-C15-01A,HCM-SANG-0294-C15,HCMI Tumor,ESCA,-6.478501353,1.27245896
HCM-SANG-0307-C15-01A,HCM-SANG-0307-C15,HCMI Tumor,ESCA,-2.797304902,-2.873619627
HCM-SANG-0310-C15-01A,HCM-SANG-0310-C15,HCMI Tumor,ESCA,-2.61270741,-2.798842024
HCM-STAN-0627-C34-01A,HCM-STAN-0627-C34,HCMI Tumor,LUSC,-5.317483935,2.391230036
HCM-STAN-0840-C49-06A,HCM-STAN-0840-C49,HCMI Tumor,SARC,0.943937328,0.778663922
HCM-STAN-0841-C18-01A,HCM-STAN-0841-C18,HCMI Tumor,COAD,-5.965003524,-2.709222149
HCM-STAN-0846-C20-01D,HCM-STAN-0846-C20,HCMI Tumor,READ,-5.88158134,-2.641295265
HCM-STAN-0848-C20-01A,HCM-STAN-0848-C20,HCMI Tumor,READ,-5.974535498,-2.716461252
HCM-STAN-1109-D13-01A,HCM-STAN-1109-D13,HCMI Tumor,TVA,-5.480848822,-3.073454927
HCM-STAN-1111-C19-01A,HCM-STAN-1111-C19,HCMI Tumor,READ,-5.989476714,-2.845885109
HCM-STAN-1113-C18-01A,HCM-STAN-1113-C18,HCMI Tumor,COAD,0.3562705,-0.663054417
HCM-WCMC-0502-C15-01A,HCM-WCMC-0502-C15,HCMI Tumor,ESCA,-0.92543355,-1.775278281
HCM-WCMC-0504-C18-01A,HCM-WCMC-0504-C18,HCMI Tumor,COAD,-4.605596576,-3.195020269
HCM-WCMC-0505-C16-01A,HCM-WCMC-0505-C16,HCMI Tumor,STAD,-4.894632849,-1.914791654
HCM-WCMC-0671-C18-01A,HCM-WCMC-0671-C18,HCMI Tumor,COAD,-5.871013675,-2.740133833
HCM-WCMC-0673-C56-01A,HCM-WCMC-0673-C56,HCMI Tumor,OV,0.257804808,-0.740362536
HCM-WCMC-0673-C56-05A,HCM-WCMC-0673-C56,HCMI Tumor,OV,-2.313455853,-1.81982715
HCM-WCMC-0675-C67-02A,HCM-WCMC-0675-C67,HCMI Tumor,BLCA,-4.00231174,-0.577134322
HCM-WCMC-0747-C50-01A,HCM-WCMC-0747-C50,HCMI Tumor,BRCA,4.164034095,-1.773507665
HCM-WCMC-0747-C50-05A,HCM-WCMC-0747-C50,HCMI Tumor,BRCA,5.292171445,2.451067139
HCM-WCMC-0749-C34-01A,HCM-WCMC-0749-C34,HCMI Tumor,LUAD,-8.478157553,6.916159083
HCM-WCMC-0751-C54-01A,HCM-WCMC-0751-C54,HCMI Tumor,UCEC,1.045789089,1.135980774
HCM-WCMC-0753-C54-01A,HCM-WCMC-0753-C54,HCMI Tumor,UCEC,1.128067758,1.161122728
HCM-WCMC-0786-C34-01A,HCM-WCMC-0786-C34,HCMI Tumor,LUAD,-0.960430536,-1.625034999
HCM-WCMC-0788-C34-01A,HCM-WCMC-0788-C34,HCMI Tumor,LUAD,-4.955633197,0.879962553
HCM-WCMC-0789-C34-01A,HCM-WCMC-0789-C34,HCMI Tumor,LUAD,-8.490941558,6.899719168
HCM-WCMC-0946-C34-01A,HCM-WCMC-0946-C34,HCMI Tumor,LUAD,-0.662993226,-2.109991382
HCM-WCMC-0948-C67-01A,HCM-WCMC-0948-C67,HCMI Tumor,BLCA,-5.992764029,0.439943452
HCM-WCMC-0949-C67-01A,HCM-WCMC-0949-C67,HCMI Tumor,BLCA,-3.686013255,0.054432193
HCM-WCMC-0950-C67-01A,HCM-WCMC-0950-C67,HCMI Tumor,BLCA,-3.590326581,0.025598722
HCM-WCMC-0951-C67-01A,HCM-WCMC-0951-C67,HCMI Tumor,BLCA,-3.756233725,0.200558354
HCM-WCMC-1074-C56-01A,HCM-WCMC-1074-C56,HCMI Tumor,OV,1.074133899,1.021440257
HCM-WCMC-1284-C67-01B,HCM-WCMC-1284-C67,HCMI Tumor,BLCA,-3.649255786,0.130060513
HCM-WCMC-1285-C54-01A,HCM-WCMC-1285-C54,HCMI Tumor,UCEC,1.987222638,8.022271563
HCM-WCMC-1287-C67-01A,HCM-WCMC-1287-C67,HCMI Tumor,BLCA,-1.252918873,-0.642959248
HCM-WCMC-1340-C54-01A,HCM-WCMC-1340-C54,HCMI Tumor,UCEC,1.186722543,1.238692809
HCM-WCMC-1344-C18-01A,HCM-WCMC-1344-C18,HCMI Tumor,COAD,-5.605382952,-2.80449469
HCM-WCMC-1359-C34-01A,HCM-WCMC-1359-C34,HCMI Tumor,LUAD,0.371890054,-1.489085506
TARGET-40-0A4I65-01A-01R,,TCGA Tumor,None,9.91000792,-4.491260122
TARGET-40-PAMYYJ-01A-01R,,TCGA Tumor,None,9.903231111,-4.484247278
TARGET-40-PALKGN-01A-01R,,TCGA Tumor,None,9.948158708,-4.52960832
TARGET-40-PAMJXS-01A-01R,,TCGA Tumor,None,9.895476785,-4.476987909
TARGET-40-PASYUK-01A-01R,,TCGA Tumor,None,-3.966270957,6.765675474
TARGET-40-0A4I5B-01A-01R,,TCGA Tumor,None,9.895234552,-4.476432871
TARGET-40-PASNZV-01A-01R,,TCGA Tumor,None,9.878435579,-4.459933351
TARGET-40-PAKZZK-01A-01R,,TCGA Tumor,None,9.892495599,-4.473646711
TARGET-40-0A4I3S-01A-01R,,TCGA Tumor,None,9.891949144,-4.473677229
TARGET-40-PAPIJR-01A-01R,,TCGA Tumor,None,9.914931741,-4.497014593
TARGET-40-PANSEN-01A-01R,,TCGA Tumor,None,9.91713759,-4.498831819
TARGET-40-0A4I4E-01A-01R,,TCGA Tumor,None,9.958819833,-4.539354395
TARGET-40-PALZGU-01A-01R,,TCGA Tumor,None,9.883544412,-4.465044569
TARGET-40-PANXSC-01A-01R,,TCGA Tumor,None,9.89131495,-4.473399233
TARGET-40-0A4HY5-01A-01R,,TCGA Tumor,None,9.915611711,-4.49677379
TARGET-40-0A4HX8-01A-01R,,TCGA Tumor,None,9.911117997,-4.492926191
TARGET-40-PAMHLF-01A-01R,,TCGA Tumor,None,9.882190194,-4.463839125
TARGET-40-PANMIG-01A-01R,,TCGA Tumor,None,9.894788232,-4.476320337
TARGET-40-PAMTCM-01A-01R,,TCGA Tumor,None,9.874666658,-4.456229757
TARGET-40-PATAWV-01A-01R,,TCGA Tumor,None,-3.955044303,6.758603979
TARGET-40-PASFCV-01A-01R,,TCGA Tumor,None,1.261731353,1.211855818
TARGET-40-PANPUM-01A-01R,,TCGA Tumor,None,9.910747972,-4.492320131
TARGET-40-PAMLKS-01A-01R,,TCGA Tumor,None,9.879238572,-4.460850309
TARGET-40-PAUTWB-01A-01R,,TCGA Tumor,None,9.891600099,-4.473436426
TARGET-40-0A4I0Q-01A-01R,,TCGA Tumor,None,9.916491952,-4.497585844
TARGET-40-0A4I8U-01A-01R,,TCGA Tumor,None,9.8684096,-4.449574541
TARGET-40-PALKDP-01A-01R,,TCGA Tumor,None,9.898297754,-4.479945253
TARGET-40-PANGRW-01A-01R,,TCGA Tumor,None,9.910609689,-4.491471361
TARGET-40-PARFTG-01A-01R,,TCGA Tumor,None,9.855156388,-4.436508249
TARGET-40-PAPXGT-01A-01R,,TCGA Tumor,None,9.893373933,-4.474478315
TARGET-40-PAUTYB-01A-01R,,TCGA Tumor,None,9.90045115,-4.481806349
TARGET-40-PAUUML-01A-01R,,TCGA Tumor,None,9.916204896,-4.497247766
TARGET-40-PAMRHD-01A-01R,,TCGA Tumor,None,9.897210565,-4.478181909
TARGET-40-PAUBIT-01A-01R,,TCGA Tumor,None,9.912081208,-4.493890356
TARGET-40-0A4I6O-01A-01R,,TCGA Tumor,None,9.913095918,-4.495455335
TARGET-40-0A4I48-01A-01R,,TCGA Tumor,None,9.878348794,-4.45938785
TARGET-40-PATJVI-01A-01R,,TCGA Tumor,None,1.145485964,1.195480157
TARGET-40-PASRNE-01A-01R,,TCGA Tumor,None,9.9133248,-4.494816851
TARGET-40-PALHRL-01A-01R,,TCGA Tumor,None,9.903513398,-4.485924791
TARGET-40-PASUUH-01A-01R,,TCGA Tumor,None,9.892296281,-4.473645281
TARGET-40-PANVJJ-01A-01R,,TCGA Tumor,None,1.249027577,1.211279322
TARGET-40-PATEEM-01A-01R,,TCGA Tumor,None,9.908845391,-4.490259718
TARGET-40-PARBGW-01A-01R,,TCGA Tumor,None,9.879728761,-4.461042475
TARGET-40-PARDAX-01A-01R,,TCGA Tumor,None,9.894278016,-4.475389074
TARGET-40-PATUXZ-01A-01R,,TCGA Tumor,None,9.894188371,-4.475343775
TARGET-40-PAVCLP-01A-01R,,TCGA Tumor,None,9.913524118,-4.495175909
TARGET-40-PALECC-01A-01R,,TCGA Tumor,None,9.899957147,-4.481233667
TARGET-40-0A4I0W-01A-01R,,TCGA Tumor,None,1.289739158,1.241056729
TARGET-40-PATMXR-01A-01R,,TCGA Tumor,None,9.895568338,-4.476994585
TARGET-40-PAPKWD-01A-01R,,TCGA Tumor,None,9.890696969,-4.471843313
TARGET-40-0A4I4O-01A-01R,,TCGA Tumor,None,9.910861459,-4.491948675
TARGET-40-PATMIF-01A-01R,,TCGA Tumor,None,9.912941423,-4.494322847
TARGET-40-0A4HXS-01A-01R,,TCGA Tumor,None,9.913374391,-4.495162557
TARGET-40-0A4I42-01A-01R,,TCGA Tumor,None,9.897396531,-4.478652548
TARGET-40-PATKSS-01A-01R,,TCGA Tumor,None,9.920659509,-4.502137731
TARGET-40-PAMHYN-01A-01R,,TCGA Tumor,None,9.902622667,-4.48513944
TARGET-40-PALWWX-01A-01R,,TCGA Tumor,None,1.262994375,1.22975247
TARGET-40-PAPFLB-01A-01R,,TCGA Tumor,None,9.901702371,-4.482982706
TARGET-40-PANZHX-01A-01R,,TCGA Tumor,None,9.904911485,-4.487784933
TARGET-40-PARKAF-01A-01R,,TCGA Tumor,None,9.912292924,-4.49377067
TARGET-40-PATPBS-01A-01R,,TCGA Tumor,None,9.896016565,-4.477240156
TARGET-40-PATMPU-01A-01R,,TCGA Tumor,None,9.894439187,-4.475853514
TARGET-40-0A4I4M-01A-01R,,TCGA Tumor,None,9.889643159,-4.470788072
TARGET-40-PANGPE-01A-01R,,TCGA Tumor,None,9.914151635,-4.495707582
TARGET-40-0A4HMC-01A-01R,,TCGA Tumor,None,9.880823579,-4.461977075
TARGET-40-PASEFS-01A-01R,,TCGA Tumor,None,-3.977483783,6.774347235
TARGET-40-PASEBY-01A-01R,,TCGA Tumor,None,9.899409738,-4.480809759
TARGET-40-0A4I9K-01A-01R,,TCGA Tumor,None,9.911212411,-4.492487024
TARGET-40-PASSLM-01A-01R,,TCGA Tumor,None,9.905653444,-4.487042974
TARGET-40-PANZZJ-01A-01R,,TCGA Tumor,None,9.897540536,-4.478567194
TARGET-40-PARGTM-01A-01R,,TCGA Tumor,None,9.893598047,-4.475142073
TARGET-40-PAVALD-01A-01R,,TCGA Tumor,None,9.912240472,-4.493784975
TARGET-40-PAKFVX-01A-01R,,TCGA Tumor,None,9.895819154,-4.47728784
TARGET-40-PARJXU-01A-01R,,TCGA Tumor,None,1.565880504,1.381502916
TCGA-19-1787-01,,TCGA Tumor,GBM,1.261220899,-9.910667967
TCGA-S9-A7J2-01,,TCGA Tumor,LGG,3.087425199,-10.51646669
TARGET-20-PANGDN-09,,TCGA Tumor,LAML,-3.872665915,-12.34915597
TCGA-F4-6854-01,,TCGA Tumor,COAD,-6.143769297,-3.640988659
TCGA-AB-2863-03,,TCGA Tumor,LAML,-4.780687365,-11.48678262
TCGA-HU-8243-01,,TCGA Tumor,STAD,-4.814543757,-2.09134252
TCGA-ZN-A9VQ-01,,TCGA Tumor,MESO,-0.135956023,1.510808278
TCGA-EE-A17X-06,,TCGA Tumor,SKCM,6.037219968,3.701516796
TCGA-05-4420-01,,TCGA Tumor,LUAD,0.011884567,-3.079869818
TCGA-2G-AAFZ-01,,TCGA Tumor,TGCT,-4.866882357,-1.877151321
TCGA-DX-A3U8-01,,TCGA Tumor,SARC,-3.769572768,6.601433684
TCGA-GL-8500-01,,TCGA Tumor,KIRP,-0.912902865,7.737098623
TCGA-CC-A3MA-01,,TCGA Tumor,LIHC,0.217878949,3.440584351
TCGA-EJ-7125-01,,TCGA Tumor,PRAD,8.676913705,8.168981959
TCGA-IN-7808-01,,TCGA Tumor,STAD,-4.368680987,-3.279570888
TCGA-CC-A9FW-01,,TCGA Tumor,LIHC,0.383307418,3.536965777
TCGA-RP-A695-06,,TCGA Tumor,SKCM,6.126868215,3.7389354
TCGA-AX-A3G6-01,,TCGA Tumor,UCEC,1.475939241,6.569035937
TARGET-20-PARXMP-09,,TCGA Tumor,LAML,-5.516247782,-12.45490796
TCGA-B9-A8YH-01,,TCGA Tumor,KIRP,-0.886315379,7.764243532
TCGA-E1-A7YI-01,,TCGA Tumor,LGG,1.727456298,-9.256138395
TCGA-PC-A5DM-01,,TCGA Tumor,SARC,1.918316212,1.568621803
TCGA-BR-A4QL-01,,TCGA Tumor,STAD,-4.414312873,-3.473529171
TCGA-CH-5751-01,,TCGA Tumor,PRAD,9.296814409,8.066437174
TCGA-A2-A3XX-01,,TCGA Tumor,BRCA,1.062575128,-1.655888866
TCGA-DQ-5624-01,,TCGA Tumor,HNSC,-6.542038951,0.500918258
TCGA-KK-A7B3-01,,TCGA Tumor,PRAD,7.766323533,9.149563242
TCGA-HG-A2PA-01,,TCGA Tumor,CESC,-6.287989173,1.811938692
TCGA-06-5412-01,,TCGA Tumor,GBM,1.300691095,-9.031351637
TCGA-EK-A2RE-01,,TCGA Tumor,CESC,-6.586454425,1.076687266
TCGA-BP-4989-01,,TCGA Tumor,KIRC,6.214151826,-5.809781145
TCGA-24-1426-01,,TCGA Tumor,OV,1.315920201,7.880011488
TCGA-CZ-5459-01,,TCGA Tumor,KIRC,6.190415349,-5.981685709
TCGA-44-6778-01,,TCGA Tumor,LUAD,-1.245350036,-0.775977205
TCGA-KP-A3W3-01,,TCGA Tumor,UCEC,1.417651739,6.570926596
TCGA-IQ-A61O-01,,TCGA Tumor,HNSC,0.166508314,1.280278493
TCGA-BH-A18K-01,,TCGA Tumor,BRCA,4.305699077,-1.360991668
TCGA-4X-A9FA-01,,TCGA Tumor,THYM,-11.0568786,5.896991182
TCGA-DD-AAW0-01,,TCGA Tumor,LIHC,0.915842679,3.888098646
TARGET-50-PAJMSE-01,,TCGA Tumor,WT,-4.637149367,7.772781302
TCGA-AA-3511-01,,TCGA Tumor,COAD,-6.10632566,-3.668485235
TCGA-Z7-A8R5-01,,TCGA Tumor,BRCA,1.090336111,-1.366165708
TCGA-39-5031-01,,TCGA Tumor,LUSC,-5.73877624,2.161369969
TCGA-ZG-A8QW-01,,TCGA Tumor,PRAD,9.318609681,7.994646002
TCGA-DU-7302-01,,TCGA Tumor,LGG,2.828977552,-9.723787855
TCGA-DJ-A3UX-01,,TCGA Tumor,THCA,11.07756087,-0.102106567
TARGET-30-PATGLU-01,,TCGA Tumor,NB,2.628636804,12.88908618
TCGA-C8-A1HL-01,,TCGA Tumor,BRCA,4.955391374,-1.28582878
TCGA-EI-6512-01,,TCGA Tumor,READ,-5.679698024,-3.632826637
TCGA-J4-A83K-01,,TCGA Tumor,PRAD,7.789319959,9.106124331
TCGA-DK-A1AA-01,,TCGA Tumor,BLCA,-3.697227034,0.136453946
TCGA-2H-A9GF-01,,TCGA Tumor,ESCA,4.891693559,-1.476798247
TCGA-HZ-7922-01,,TCGA Tumor,PAAD,-2.869648728,-2.527726959
TCGA-DD-AACA-02,,TCGA Tumor,LIHC,1.297089246,3.871815373
TCGA-BJ-A192-01,,TCGA Tumor,THCA,11.50236556,0.86397915
TCGA-D3-A8GD-06,,TCGA Tumor,SKCM,5.672334161,3.591467549
TARGET-30-PASFIC-01,,TCGA Tumor,NB,2.729582038,12.97997706
TCGA-13-1485-01,,TCGA Tumor,OV,1.895871129,8.170824457
TCGA-ZG-A9MC-01,,TCGA Tumor,PRAD,9.143483606,8.128818918
TCGA-B9-A5W8-01,,TCGA Tumor,KIRP,-0.629850302,7.362013746
TCGA-DU-A7TI-01,,TCGA Tumor,LGG,2.346634116,-10.47301443
TCGA-BR-8372-01,,TCGA Tumor,STAD,-4.424142871,-3.553220104
TCGA-HC-7742-01,,TCGA Tumor,PRAD,8.63465735,8.181377817
TCGA-64-1679-01,,TCGA Tumor,LUAD,-0.376445029,-2.861543011
TCGA-CV-5976-01,,TCGA Tumor,HNSC,-6.601817164,0.592651952
TCGA-25-1315-01,,TCGA Tumor,OV,1.485244956,7.776026179
TCGA-SP-A6QF-01,,TCGA Tumor,PCPG,-0.006276581,13.05029433
TCGA-A2-A0EM-01,,TCGA Tumor,BRCA,3.957447257,-1.731637906
TCGA-R6-A8WC-01,,TCGA Tumor,ESCA,-5.005949054,-3.621901106
TCGA-LN-A4MQ-01,,TCGA Tumor,ESCA,-5.942965541,2.28071015
TCGA-CV-6948-01,,TCGA Tumor,HNSC,-5.344848189,2.458443333
TCGA-K7-AAU7-01,,TCGA Tumor,LIHC,0.251724225,3.441081215
TCGA-CJ-6028-01,,TCGA Tumor,KIRC,6.145122495,-5.60660417
TCGA-24-2297-01,,TCGA Tumor,OV,1.629928794,8.175553728
TCGA-EL-A3D0-01,,TCGA Tumor,THCA,11.1579909,-0.215182732
TCGA-EM-A22Q-01,,TCGA Tumor,THCA,11.50975176,0.657412518
TCGA-49-6744-01,,TCGA Tumor,LUAD,-0.179367695,-2.997869562
TCGA-5P-A9KA-01,,TCGA Tumor,KIRP,-0.941236768,7.768382956
TCGA-IB-7891-01,,TCGA Tumor,PAAD,-2.119611296,-2.240573477
TCGA-ZN-A9VU-01,,TCGA Tumor,MESO,-0.156447086,1.547520209
TCGA-Q3-A5QY-01,,TCGA Tumor,PAAD,-2.782953534,-2.138816665
TCGA-41-2571-01,,TCGA Tumor,GBM,1.537762966,-9.155483793
TCGA-AJ-A3BI-01,,TCGA Tumor,UCEC,1.415876475,6.586191584
TCGA-W2-A7UY-01,,TCGA Tumor,PCPG,0.252372008,12.76532786
TARGET-30-PAPTFZ-01,,TCGA Tumor,NB,2.636608091,12.85867064
TCGA-E3-A3E2-01,,TCGA Tumor,THCA,11.37703749,-0.1133801
TCGA-FB-A545-01,,TCGA Tumor,PAAD,-3.105637345,-2.673717569
TCGA-G4-6320-01,,TCGA Tumor,COAD,-4.979040656,-3.715389322
TCGA-EB-A41A-01,,TCGA Tumor,SKCM,5.851886239,3.513516594
TCGA-PZ-A5RE-01,,TCGA Tumor,PAAD,-3.186542544,-2.69439752
TCGA-55-6982-01,,TCGA Tumor,LUAD,-0.096860323,-2.939496588
TCGA-CD-8528-01,,TCGA Tumor,STAD,-4.442901644,-3.488020967
TCGA-13-0897-01,,TCGA Tumor,OV,2.018207159,8.223414827
TCGA-CM-6164-01,,TCGA Tumor,COAD,-5.791497741,-3.563467811
TCGA-C5-A1ME-01,,TCGA Tumor,CESC,-3.336359057,-2.727558683
TCGA-09-0369-01,,TCGA Tumor,OV,1.303809014,7.708991457
TCGA-E2-A2P6-01,,TCGA Tumor,BRCA,4.480592218,-1.645058702
TARGET-50-PAJMIZ-01,,TCGA Tumor,WT,-4.589873347,7.722428728
TCGA-EL-A4JZ-01,,TCGA Tumor,THCA,11.13965651,-0.047959577
TCGA-M7-A722-01,,TCGA Tumor,PRAD,8.689079728,8.204904963
TCGA-CV-A6K0-01,,TCGA Tumor,HNSC,-6.580515418,0.431549598
TCGA-13-1512-01,,TCGA Tumor,OV,1.523772922,7.834243227
TCGA-S6-A8JY-01,,TCGA Tumor,TGCT,-1.930599484,5.467189718
TARGET-50-PAJLTI-01,,TCGA Tumor,WT,-4.540328059,7.667377402
TCGA-AO-A1KT-01,,TCGA Tumor,BRCA,5.66162869,-1.765318345
TCGA-D3-A3CE-06,,TCGA Tumor,SKCM,5.360332456,3.637422968
TCGA-12-5299-01,,TCGA Tumor,GBM,1.297447767,-9.708310675
TARGET-50-PAJPAR-01,,TCGA Tumor,WT,-4.570942912,7.704493929
TCGA-29-1761-01,,TCGA Tumor,OV,0.515747656,-1.032157134
TCGA-BJ-A0ZJ-01,,TCGA Tumor,THCA,11.45222136,-0.073507156
TCGA-P5-A5EX-01,,TCGA Tumor,LGG,1.505205121,-10.08105619
TCGA-J8-A3O2-06,,TCGA Tumor,THCA,11.28241774,-0.232154142
TCGA-DJ-A4V2-01,,TCGA Tumor,THCA,11.04853865,-0.393526923
TCGA-HT-8563-01,,TCGA Tumor,LGG,1.322895434,-9.077316831
TCGA-J8-A3O2-01,,TCGA Tumor,THCA,11.35429045,-0.139898758
TCGA-E9-A3HO-01,,TCGA Tumor,BRCA,4.380963769,-1.707467626
TCGA-A6-A567-01,,TCGA Tumor,COAD,-5.716179881,-3.462391208
TCGA-58-A46N-01,,TCGA Tumor,LUSC,-5.339436087,2.462020804
TCGA-BH-A18V-06,,TCGA Tumor,BRCA,0.421597869,-1.176502656
TCGA-WC-A87W-01,,TCGA Tumor,UVM,6.679202523,4.392522741
TCGA-CG-4466-01,,TCGA Tumor,STAD,-4.342183146,-3.422006916
TCGA-A3-3383-01,,TCGA Tumor,KIRC,6.243102041,-6.851228308
TCGA-YT-A95H-01,,TCGA Tumor,THYM,-10.88015417,6.066029955
TCGA-NJ-A4YI-01,,TCGA Tumor,LUAD,-0.324559424,-3.013544153
TCGA-D8-A1XJ-01,,TCGA Tumor,BRCA,4.698499646,-1.05299754
TCGA-Q1-A73Q-01,,TCGA Tumor,CESC,-5.627152476,2.462183882
TCGA-BQ-5880-01,,TCGA Tumor,KIRP,5.589261022,-5.204473089
TCGA-EE-A2GB-06,,TCGA Tumor,SKCM,5.620088067,3.641632248
TCGA-75-7027-01,,TCGA Tumor,LUAD,-1.221915517,-2.202875208
TARGET-10-PANIEU-03,,TCGA Tumor,Target-ALL,-8.400504622,-8.323130201
TCGA-A2-A04P-01,,TCGA Tumor,BRCA,0.733761575,-1.353925418
TCGA-BA-6870-01,,TCGA Tumor,HNSC,-6.641150031,0.667337407
TCGA-73-4666-01,,TCGA Tumor,LUAD,-0.006344173,-3.018637728
TCGA-MV-A51V-01,,TCGA Tumor,BLCA,-3.528487716,-0.46906222
TCGA-77-A5G6-01,,TCGA Tumor,LUSC,-5.214764151,1.789432098
TCGA-5P-A9K4-01,,TCGA Tumor,KIRP,-0.819279108,7.674174238
TCGA-VD-A8KE-01,,TCGA Tumor,UVM,6.697808233,4.412858416
TCGA-56-A4BX-01,,TCGA Tumor,LUSC,-5.974359069,2.436771561
TCGA-34-7107-01,,TCGA Tumor,LUSC,-5.280739817,2.15847056
TARGET-20-PASMHY-03,,TCGA Tumor,LAML,-4.646625552,-11.65686471
TCGA-BR-A4J9-01,,TCGA Tumor,STAD,-2.301251921,-1.765850734
TCGA-BJ-A290-01,,TCGA Tumor,THCA,11.46884295,-0.068144563
TCGA-CV-6955-01,,TCGA Tumor,HNSC,-6.512570414,1.63326471
TARGET-10-PAPBZK-09,,TCGA Tumor,Target-ALL,-8.367217574,-8.333913397
TCGA-P3-A5Q6-01,,TCGA Tumor,HNSC,-5.783400569,0.702955414
TCGA-D7-A4Z0-01,,TCGA Tumor,STAD,-4.048310313,-3.6495517
TCGA-24-2293-01,,TCGA Tumor,OV,1.551058378,7.769329001
TCGA-QK-A64Z-01,,TCGA Tumor,HNSC,-6.683606181,0.679723848
TCGA-2J-AABI-01,,TCGA Tumor,PAAD,-5.147392306,0.871343483
TCGA-AC-A2FK-01,,TCGA Tumor,BRCA,3.407151189,-1.605811786
TARGET-20-PAEFGT-04,,TCGA Tumor,LAML,-4.838779483,-11.49548108
TCGA-VP-A879-01,,TCGA Tumor,PRAD,7.923943486,8.998140741
TCGA-29-A5NZ-01,,TCGA Tumor,OV,1.508669105,7.759084631
TCGA-CG-4462-01,,TCGA Tumor,STAD,-2.724128279,-2.086703132
TCGA-DV-A4W0-01,,TCGA Tumor,None,6.255237069,-6.066666674
TCGA-37-4129-01,,TCGA Tumor,LUSC,-1.203849468,-0.575841795
TCGA-DD-AAVZ-01,,TCGA Tumor,LIHC,0.472263147,3.603599478
TCGA-D5-6534-01,,TCGA Tumor,COAD,-5.7050176,-3.474862408
TCGA-B0-5117-01,,TCGA Tumor,KIRC,-3.520150218,5.068861891
TCGA-DJ-A13R-01,,TCGA Tumor,THCA,11.100059,0.369218458
TARGET-50-PAJMJT-01,,TCGA Tumor,WT,-4.541241202,7.6737489
TCGA-61-2113-01,,TCGA Tumor,OV,1.57586309,7.699100424
TCGA-3U-A98F-01,,TCGA Tumor,MESO,0.011877295,1.384370018
TCGA-C5-A1MF-01,,TCGA Tumor,CESC,-5.203186068,0.866651822
TCGA-77-8145-01,,TCGA Tumor,LUSC,-5.606500659,1.698888231
TCGA-LL-A740-01,,TCGA Tumor,BRCA,-4.564311061,-1.442218613
TCGA-F5-6863-01,,TCGA Tumor,READ,-6.174683604,-3.62992103
TCGA-06-2565-01,,TCGA Tumor,GBM,1.319882777,-9.123022627
TCGA-33-AASD-01,,TCGA Tumor,LUSC,-5.256086383,2.369018723
TCGA-ET-A3BS-01,,TCGA Tumor,THCA,11.01588866,-0.416791599
TCGA-BH-A0BZ-01,,TCGA Tumor,BRCA,5.606145826,-1.690576028
TCGA-22-5478-01,,TCGA Tumor,LUSC,-5.544424567,1.689898301
TCGA-29-1768-01,,TCGA Tumor,OV,1.12830576,-0.576126348
TCGA-EL-A3T1-01,,TCGA Tumor,THCA,10.9448218,-0.460746538
TCGA-ED-A627-01,,TCGA Tumor,LIHC,0.553590771,3.659268786
TCGA-N6-A4VC-01,,TCGA Tumor,UCS,1.253670421,6.928546835
TCGA-16-0846-01,,TCGA Tumor,GBM,1.211170938,-9.837341856
TCGA-C8-A3M8-01,,TCGA Tumor,BRCA,5.637565103,-1.713071059
TCGA-BJ-A0ZF-01,,TCGA Tumor,THCA,11.58451029,0.825606991
TCGA-BH-A0BM-01,,TCGA Tumor,BRCA,4.098872152,-0.943093489
TCGA-AB-2914-03,,TCGA Tumor,LAML,-4.698925051,-11.55189664
TCGA-DM-A0X9-01,,TCGA Tumor,COAD,-6.077657733,-3.659061264
TCGA-AY-A69D-01,,TCGA Tumor,COAD,-5.952051673,-3.747568439
TCGA-55-A4DG-01,,TCGA Tumor,LUAD,-0.194434438,-3.130911659
TARGET-50-PAJNTJ-02,,TCGA Tumor,WT,-4.623096976,7.759065081
TARGET-50-PAJNTJ-01,,TCGA Tumor,WT,-4.58992866,7.722776343
TCGA-ET-A2N4-01,,TCGA Tumor,THCA,11.60063502,0.187784393
TCGA-58-A46J-01,,TCGA Tumor,LUSC,-5.743494067,1.853471566
TCGA-EE-A3AB-06,,TCGA Tumor,SKCM,4.968811002,3.397469689
TCGA-EJ-8468-01,,TCGA Tumor,PRAD,8.720085588,8.203624178
TCGA-24-1551-01,,TCGA Tumor,OV,1.83698484,8.57774489
TCGA-78-7146-01,,TCGA Tumor,LUAD,-0.044127438,-2.996922325
TCGA-06-2561-01,,TCGA Tumor,GBM,1.515138712,-10.04494531
TCGA-IN-8663-01,,TCGA Tumor,STAD,-5.200835738,-3.350562881
TCGA-DD-AAVV-01,,TCGA Tumor,LIHC,0.399056252,3.555953909
TCGA-ZJ-A8QQ-01,,TCGA Tumor,CESC,-5.532342467,1.240897704
TCGA-37-4133-01,,TCGA Tumor,LUSC,-5.205750022,1.817445089
TCGA-77-8146-01,,TCGA Tumor,LUSC,-5.190084491,1.396119643
TCGA-RL-AAAS-01,,TCGA Tumor,PAAD,-2.429394517,-2.408693861
TCGA-2G-AAHN-01,,TCGA Tumor,TGCT,-1.955310378,5.506267954
TCGA-L9-A5IP-01,,TCGA Tumor,LUAD,-1.323509249,-2.199667286
TCGA-CJ-5672-01,,TCGA Tumor,KIRC,5.990090337,-6.415517401
TCGA-73-4662-01,,TCGA Tumor,LUAD,-0.409882638,-3.016302894
TCGA-3U-A98I-01,,TCGA Tumor,MESO,-0.072388235,1.441088248
TCGA-SQ-A6I6-01,,TCGA Tumor,PCPG,-0.06798229,13.10940974
TCGA-CQ-5327-01,,TCGA Tumor,HNSC,-6.55842689,0.432534892
TCGA-E2-A1LL-01,,TCGA Tumor,BRCA,-3.839377436,0.290179927
TCGA-FD-A3SR-01,,TCGA Tumor,BLCA,-3.677523169,-0.877029132
TCGA-KK-A8II-01,,TCGA Tumor,PRAD,7.769375768,9.11924975
TCGA-24-1435-01,,TCGA Tumor,OV,1.560703483,7.787018706
TARGET-30-PAPTCR-01,,TCGA Tumor,NB,0.348003146,12.78724139
TCGA-BH-A28O-01,,TCGA Tumor,BRCA,1.348871794,-1.259124826
TCGA-XV-AAZW-01,,TCGA Tumor,SKCM,5.258990255,3.916743685
TCGA-F2-7276-01,,TCGA Tumor,PAAD,-2.439149413,-2.452419113
TCGA-BJ-A0Z2-01,,TCGA Tumor,THCA,11.56350943,0.802080978
TCGA-DK-A6B0-01,,TCGA Tumor,BLCA,-3.731722865,0.053285246
TCGA-B0-4846-01,,TCGA Tumor,KIRC,6.313868013,-6.82180364
TCGA-ET-A2N0-01,,TCGA Tumor,THCA,11.06721541,-0.417007368
TCGA-FB-A7DR-01,,TCGA Tumor,PAAD,-2.476550135,-1.830553483
TCGA-YB-A89D-01,,TCGA Tumor,PAAD,-3.044075761,-2.555068325
TARGET-10-PARXMC-04,,TCGA Tumor,Target-ALL,-8.365616355,-8.348611425
TARGET-10-PARXMC-09,,TCGA Tumor,Target-ALL,-8.309772048,-8.264083456
TCGA-77-7142-01,,TCGA Tumor,LUSC,-5.088616404,1.016530801
TCGA-CR-7374-01,,TCGA Tumor,HNSC,-6.033119235,2.390720297
TCGA-KS-A4I1-01,,TCGA Tumor,THCA,11.41515967,-0.140895839
TCGA-60-2719-01,,TCGA Tumor,LUSC,-5.780995879,2.162909199
TCGA-VR-A8Q7-01,,TCGA Tumor,ESCA,-5.028088126,0.686508466
TARGET-30-PANXJL-01,,TCGA Tumor,NB,0.314450462,12.73291247
TCGA-A7-A4SC-01,,TCGA Tumor,BRCA,4.34808847,-1.146440219
TCGA-YU-A90Y-01,,TCGA Tumor,TGCT,-1.70908669,5.207393099
TCGA-FD-A5BS-01,,TCGA Tumor,BLCA,0.634729173,0.132304039
TCGA-85-8351-01,,TCGA Tumor,LUSC,-4.982396159,0.745155622
TCGA-CN-6013-01,,TCGA Tumor,HNSC,-6.535032782,1.574086953
TCGA-J7-6720-01,,TCGA Tumor,KIRP,-0.843642745,7.665339876
TCGA-E9-A24A-01,,TCGA Tumor,BRCA,4.023453918,-1.525660347
TARGET-30-PARYNK-01,,TCGA Tumor,NB,2.685477939,12.94772284
TCGA-BC-4073-01,,TCGA Tumor,LIHC,0.157892149,3.344684292
TCGA-AC-A6IV-01,,TCGA Tumor,BRCA,3.631420102,-1.563990663
TCGA-DK-A1AD-01,,TCGA Tumor,BLCA,-3.661131892,0.081975531
TCGA-B6-A400-01,,TCGA Tumor,BRCA,1.030560162,-1.571721505
TCGA-EM-A2OW-01,,TCGA Tumor,THCA,11.40890643,0.958940197
TCGA-XF-AAMQ-01,,TCGA Tumor,BLCA,-3.734379802,0.100631036
TCGA-A8-A096-01,,TCGA Tumor,BRCA,4.040375438,-1.790940355
TCGA-AG-3742-01,,TCGA Tumor,READ,-5.700941596,-3.427118133
TCGA-WB-A816-01,,TCGA Tumor,PCPG,0.195289221,12.84011405
TCGA-EA-A410-01,,TCGA Tumor,CESC,-1.442890081,-0.772894632
TCGA-CN-4722-01,,TCGA Tumor,HNSC,-6.351132426,0.143255871
TCGA-B0-5075-01,,TCGA Tumor,KIRC,5.981931653,-5.877257894
TCGA-W3-AA1R-06,,TCGA Tumor,SKCM,5.859627214,3.643936087
TCGA-13-0899-01,,TCGA Tumor,OV,1.390248206,7.842315127
TCGA-AY-A8YK-01,,TCGA Tumor,COAD,-5.861555133,-3.759381126
TCGA-QA-A7B7-01,,TCGA Tumor,LIHC,0.821282383,4.105472017
TARGET-20-PATDHA-09,,TCGA Tumor,LAML,-4.221145186,-12.03215845
TCGA-DA-A1IC-06,,TCGA Tumor,SKCM,6.059110131,3.670169998
TCGA-A5-AB3J-01,,TCGA Tumor,UCEC,1.091950741,6.612192084
TCGA-50-8460-01,,TCGA Tumor,LUAD,-0.202462408,-3.093051504
TCGA-PG-A917-01,,TCGA Tumor,UCEC,1.250435975,6.633715082
TCGA-IB-7889-01,,TCGA Tumor,PAAD,-2.951152358,-2.089257549
TCGA-EM-A3SY-01,,TCGA Tumor,THCA,11.29893157,1.02970611
TCGA-ZG-A9L1-01,,TCGA Tumor,PRAD,7.668146577,9.254239489
TCGA-CN-5361-01,,TCGA Tumor,HNSC,-6.709393058,0.667457749
TCGA-AB-2967-03,,TCGA Tumor,LAML,-3.944282565,-12.25858266
TARGET-20-PASHBI-09,,TCGA Tumor,LAML,-4.713140998,-11.50063379
TCGA-EX-A3L1-01,,TCGA Tumor,CESC,-5.830131087,0.967030395
TCGA-V4-A9ES-01,,TCGA Tumor,UVM,6.704380479,4.41513436
TCGA-50-5933-01,,TCGA Tumor,LUAD,0.07111704,-2.561763119
TCGA-EM-A3O7-01,,TCGA Tumor,THCA,11.539103,0.039449689
TCGA-IE-A4EH-01,,TCGA Tumor,SARC,1.977926936,1.589549829
TCGA-A2-A04Y-01,,TCGA Tumor,BRCA,5.368897405,-1.603378009
TCGA-43-3394-01,,TCGA Tumor,LUSC,-5.422708068,2.471502472
TCGA-ZF-AA4T-01,,TCGA Tumor,BLCA,-3.56689671,-0.522166859
TCGA-MQ-A6BQ-01,,TCGA Tumor,MESO,-0.150930199,1.538968254
TARGET-10-PAPRCS-09,,TCGA Tumor,Target-ALL,-8.470819983,-8.424188207
TCGA-ET-A39P-01,,TCGA Tumor,THCA,11.00120207,-0.578674268
TCGA-29-1769-01,,TCGA Tumor,OV,1.68044087,7.613396097
TCGA-78-7155-01,,TCGA Tumor,LUAD,-0.372990701,0.001621064
TCGA-2G-AAM4-01,,TCGA Tumor,TGCT,-1.717998299,5.217805792
TCGA-CJ-4899-01,,TCGA Tumor,KIRC,6.221167054,-5.912118505
TCGA-E7-A3X6-01,,TCGA Tumor,BLCA,-3.778560195,0.121586237
TCGA-5M-AAT4-01,,TCGA Tumor,COAD,-6.054780516,-3.564661096
TCGA-EL-A4K7-01,,TCGA Tumor,THCA,11.17224642,-0.317103367
TCGA-E2-A1IH-01,,TCGA Tumor,BRCA,3.892109361,-1.705680441
TCGA-24-1474-01,,TCGA Tumor,OV,1.753321614,8.56054442
TARGET-10-PANYYV-04,,TCGA Tumor,Target-ALL,-8.368938956,-8.338475775
TCGA-3H-AB3U-01,,TCGA Tumor,MESO,-0.154778991,1.533355762
TCGA-CM-6167-01,,TCGA Tumor,COAD,-5.285425219,-3.11820371
TCGA-14-0736-02,,TCGA Tumor,GBM,1.262127426,-9.426258634
TARGET-20-PANLLX-09,,TCGA Tumor,LAML,-5.49294189,-12.43714578
TCGA-CR-7370-01,,TCGA Tumor,HNSC,-5.519754443,2.191608597
TARGET-10-PANCVR-03,,TCGA Tumor,Target-ALL,-8.16752294,-8.136769842
TARGET-30-PAITEG-01,,TCGA Tumor,NB,0.371640977,12.75262587
TCGA-BQ-5888-01,,TCGA Tumor,KIRP,-0.757193241,7.573920656
TCGA-B6-A0RH-01,,TCGA Tumor,BRCA,3.957502094,-1.428226303
TCGA-EL-A3ZG-01,,TCGA Tumor,THCA,11.53740641,0.65791874
TCGA-EL-A3CR-01,,TCGA Tumor,THCA,10.97064539,-0.234650831
TARGET-10-PARBRK-09,,TCGA Tumor,Target-ALL,-8.368369612,-8.335776876
TCGA-QR-A6GY-01,,TCGA Tumor,PCPG,0.154907029,12.86236708
TCGA-VD-A8KA-01,,TCGA Tumor,UVM,6.704275575,4.420076777
TCGA-YL-A8HJ-01,,TCGA Tumor,PRAD,7.978983846,8.996280123
TCGA-A4-A5XZ-01,,TCGA Tumor,KIRP,-0.880196247,7.707612921
TCGA-44-6774-01,,TCGA Tumor,LUAD,-0.852620277,-2.010592769
TCGA-GU-A762-01,,TCGA Tumor,BLCA,-5.372528109,0.759212364
TCGA-2Z-A9JK-01,,TCGA Tumor,KIRP,6.038293805,-5.80893762
TCGA-AX-A3G8-01,,TCGA Tumor,UCEC,1.416178313,6.504023482
TCGA-OR-A5K3-01,,TCGA Tumor,ACC,-3.481618676,-8.627535414
TCGA-AB-2892-03,,TCGA Tumor,LAML,-3.929967913,-12.29026372
TCGA-AR-A1AS-01,,TCGA Tumor,BRCA,3.827615466,-1.669427346
TARGET-30-PASGAP-01,,TCGA Tumor,NB,0.238214013,12.8393759
TARGET-30-PASGAP-02,,TCGA Tumor,NB,2.632490363,12.88046591
TCGA-09-2048-01,,TCGA Tumor,OV,1.232662466,7.680148531
TCGA-HU-A4GQ-01,,TCGA Tumor,STAD,-4.477797065,-3.493610453
TCGA-73-4670-01,,TCGA Tumor,LUAD,-1.288641009,-2.187395166
TCGA-ZG-A9L5-01,,TCGA Tumor,PRAD,9.043570962,8.041315485
TCGA-MT-A7BN-01,,TCGA Tumor,HNSC,3.888385024,-0.81690849
TCGA-D3-A51G-06,,TCGA Tumor,SKCM,5.038958993,3.431140352
TCGA-AB-2976-03,,TCGA Tumor,LAML,-4.939569983,-11.49305494
TCGA-DU-6395-01,,TCGA Tumor,LGG,2.211190548,-10.85692174
TCGA-BR-4371-01,,TCGA Tumor,STAD,-5.648945365,-3.24159963
TCGA-B0-5700-01,,TCGA Tumor,KIRC,6.413206544,-6.765397142
TCGA-B0-4847-01,,TCGA Tumor,KIRC,6.051839795,-6.539149832
TCGA-BF-A5ER-01,,TCGA Tumor,SKCM,6.109019246,3.764635969
TCGA-JW-A5VI-01,,TCGA Tumor,CESC,-6.286174331,1.473649312
TCGA-XK-AAJT-01,,TCGA Tumor,PRAD,9.070055452,8.339939524
TCGA-56-A4BW-01,,TCGA Tumor,LUSC,-5.882113013,1.635952641
TCGA-56-8308-01,,TCGA Tumor,LUSC,-5.312366042,2.471349407
TCGA-59-2348-01,,TCGA Tumor,OV,1.715588536,8.067855288
TCGA-CV-6956-01,,TCGA Tumor,HNSC,-6.630057368,0.689011086
TCGA-AA-3489-01,,TCGA Tumor,COAD,-6.149261508,-3.649654936
TCGA-24-1470-01,,TCGA Tumor,OV,1.823186841,8.508789469
TCGA-36-1580-01,,TCGA Tumor,OV,1.404825297,7.93556111
TCGA-QG-A5YX-01,,TCGA Tumor,COAD,-5.708089862,-3.747320722
TCGA-BR-7716-01,,TCGA Tumor,STAD,-4.938907656,-1.973448824
TCGA-HP-A5N0-01,,TCGA Tumor,LIHC,1.097806242,4.167750765
TCGA-CR-7369-01,,TCGA Tumor,HNSC,-6.542132888,0.958095242
TCGA-AY-A54L-01,,TCGA Tumor,COAD,-5.993735823,-3.778821539
TCGA-HT-8558-01,,TCGA Tumor,LGG,2.793704715,-9.708316397
TCGA-FD-A43S-01,,TCGA Tumor,BLCA,-3.87499145,0.107558672
TCGA-5B-A90C-01,,TCGA Tumor,UCEC,1.355380085,6.626912047
TCGA-DC-6681-01,,TCGA Tumor,READ,-5.812264476,-3.678350519
TCGA-EW-A1P0-01,,TCGA Tumor,BRCA,5.680677381,-1.634235929
TCGA-DE-A7U5-01,,TCGA Tumor,THCA,10.956346,-0.323671143
TCGA-D3-A5GU-06,,TCGA Tumor,SKCM,5.990709272,3.620634724
TCGA-XF-A8HE-01,,TCGA Tumor,BLCA,-6.472865615,1.727083136
TCGA-QK-A6IG-01,,TCGA Tumor,HNSC,-5.755097899,0.676214803
TCGA-AO-A126-01,,TCGA Tumor,BRCA,3.728131023,-1.574430178
TCGA-22-4604-01,,TCGA Tumor,LUSC,-5.338536773,2.280424763
TCGA-BT-A42F-01,,TCGA Tumor,BLCA,-5.718548331,0.844139327
TCGA-61-1900-01,,TCGA Tumor,OV,1.426720348,7.800957609
TCGA-Y8-A894-01,,TCGA Tumor,KIRP,-0.907276664,7.722356726
TARGET-30-PASNZU-01,,TCGA Tumor,NB,2.672113862,12.88931601
TARGET-21-PARLSL-09,,TCGA Tumor,LAML,-5.23555902,-12.30835588
TCGA-S9-A6U8-01,,TCGA Tumor,LGG,2.487705674,-10.64837987
TCGA-DC-5337-01,,TCGA Tumor,READ,-6.072135482,-3.810216736
TCGA-CV-7261-01,,TCGA Tumor,HNSC,-5.411341224,2.476560045
TCGA-FR-A8YD-06,,TCGA Tumor,SKCM,6.385751691,4.079049517
TCGA-KL-8345-01,,TCGA Tumor,KICH,-3.561045203,5.110409189
TCGA-BP-4998-01,,TCGA Tumor,KIRC,6.118117776,-5.590081285
TCGA-ZH-A8Y5-01,,TCGA Tumor,CHOL,-0.112459037,3.025578667
TCGA-EL-A3T9-01,,TCGA Tumor,THCA,10.86148116,-0.239479702
TCGA-OR-A5J2-01,,TCGA Tumor,ACC,-3.508101735,-8.647448133
TCGA-BR-8363-01,,TCGA Tumor,STAD,-4.42505363,-3.354896139
TCGA-T2-A6X2-01,,TCGA Tumor,HNSC,-6.833509002,0.613546063
TCGA-CR-6492-01,,TCGA Tumor,HNSC,-6.587357077,1.208724667
TCGA-G2-A3IB-01,,TCGA Tumor,BLCA,-6.580058608,1.417930413
TCGA-EW-A1PC-01,,TCGA Tumor,BRCA,5.014156785,-1.472204994
TCGA-FK-A3SB-01,,TCGA Tumor,THCA,11.56980082,0.087690328
TCGA-CJ-5675-01,,TCGA Tumor,KIRC,6.103305307,-6.767866682
TCGA-CU-A3KJ-01,,TCGA Tumor,BLCA,-6.093048129,1.160465528
TCGA-A7-A0CH-01,,TCGA Tumor,BRCA,4.247384515,-1.452816914
TCGA-CM-6168-01,,TCGA Tumor,COAD,-5.697738681,-3.564207386
TCGA-E9-A2JS-01,,TCGA Tumor,BRCA,5.708540406,-1.780547212
TCGA-EA-A1QT-01,,TCGA Tumor,CESC,-6.129119429,2.290666033
TCGA-L6-A4EP-01,,TCGA Tumor,THCA,11.43871352,-0.102521564
TCGA-W4-A7U4-01,,TCGA Tumor,TGCT,-1.724453721,5.222862173
TCGA-G4-6314-01,,TCGA Tumor,COAD,-5.572801146,-3.273877453
TCGA-4E-A92E-01,,TCGA Tumor,UCEC,1.466008511,6.547106196
TCGA-EL-A3ZL-01,,TCGA Tumor,THCA,11.35537669,0.451010485
TCGA-XY-A8S3-01,,TCGA Tumor,TGCT,-1.688882146,5.18572991
TCGA-HT-7854-01,,TCGA Tumor,LGG,1.561263528,-10.06714017
TCGA-44-A47A-01,,TCGA Tumor,LUAD,-0.285441253,-2.982440304
TCGA-B6-A0WV-01,,TCGA Tumor,BRCA,5.539927449,-1.532026361
TCGA-WB-A81J-01,,TCGA Tumor,PCPG,-0.102602277,13.14463275
TCGA-2G-AAL5-01,,TCGA Tumor,TGCT,-3.954662356,6.750914026
TCGA-HE-7129-01,,TCGA Tumor,KIRP,-0.923327956,7.732112814
TCGA-05-4398-01,,TCGA Tumor,LUAD,-0.041831616,-3.010860514
TCGA-HD-7753-01,,TCGA Tumor,HNSC,-6.682207141,0.55656128
TCGA-BA-5559-01,,TCGA Tumor,HNSC,-5.486086402,1.57583325
TCGA-KK-A59X-01,,TCGA Tumor,PRAD,8.860300508,8.108285357
TCGA-UL-AAZ6-01,,TCGA Tumor,BRCA,5.419664827,-1.645076226
TCGA-B6-A0RG-01,,TCGA Tumor,BRCA,4.034633365,-1.856424044
TCGA-SP-A6QC-01,,TCGA Tumor,PCPG,0.030248966,13.01110404
TCGA-SJ-A6ZI-01,,TCGA Tumor,UCEC,1.390296247,6.529997278
TCGA-MH-A562-01,,TCGA Tumor,KIRP,-1.01322535,7.829856802
TCGA-24-1562-01,,TCGA Tumor,OV,1.844997254,8.326983858
TCGA-A8-A07S-01,,TCGA Tumor,BRCA,4.606614557,-1.462542962
TCGA-VS-AA62-01,,TCGA Tumor,CESC,-5.24168447,0.965946306
TCGA-EM-A3SU-01,,TCGA Tumor,THCA,10.89060732,-0.345039468
TCGA-HT-7874-01,,TCGA Tumor,LGG,2.815748897,-9.717893194
TCGA-EM-A3SU-06,,TCGA Tumor,THCA,11.05994078,-0.389220964
TCGA-77-8007-01,,TCGA Tumor,LUSC,-0.007073912,-2.598053049
TCGA-FS-A1ZB-06,,TCGA Tumor,SKCM,5.924807039,3.715075184
TCGA-A7-A0DC-01,,TCGA Tumor,BRCA,3.95117661,-1.680778812
TCGA-FK-A3SG-01,,TCGA Tumor,THCA,11.58356425,0.194575984
TCGA-77-7463-01,,TCGA Tumor,LUSC,-5.353768382,2.52200215
TARGET-20-PAKVGI-09,,TCGA Tumor,LAML,-5.572724376,-12.50567205
TCGA-S9-A6TV-01,,TCGA Tumor,LGG,2.168952074,-10.86808641
TCGA-BH-A6R9-01,,TCGA Tumor,BRCA,2.892273393,-1.134921025
TCGA-CZ-5456-01,,TCGA Tumor,KIRC,6.057815042,-5.663398336
TCGA-D3-A2J8-06,,TCGA Tumor,SKCM,0.761990693,0.984028925
TARGET-50-PAJNAA-01,,TCGA Tumor,WT,-4.600681815,7.73463719
TCGA-39-5039-01,,TCGA Tumor,LUSC,-5.869672332,0.941215147
TCGA-UC-A7PG-01,,TCGA Tumor,CESC,-6.569363627,1.62127762
TCGA-AB-2943-03,,TCGA Tumor,LAML,-4.995118651,-11.54428632
TCGA-BR-4363-01,,TCGA Tumor,STAD,-3.786241565,-3.344543527
TCGA-SP-A6QH-01,,TCGA Tumor,PCPG,0.293615464,12.72698634
TCGA-64-5781-01,,TCGA Tumor,LUAD,-1.209648762,-2.14387257
TCGA-L5-A4OX-01,,TCGA Tumor,ESCA,-4.963580165,-3.754444193
TCGA-HN-A2OB-01,,TCGA Tumor,BRCA,3.407688108,-1.347719382
TCGA-CQ-7068-01,,TCGA Tumor,HNSC,-6.429737124,0.834368039
TCGA-D8-A141-01,,TCGA Tumor,BRCA,3.765502897,-1.500931691
TCGA-UU-A93S-01,,TCGA Tumor,BRCA,4.104190078,-0.888163756
TCGA-QC-AA9N-01,,TCGA Tumor,SARC,1.091130402,1.104422022
TARGET-20-PARBFJ-09,,TCGA Tumor,LAML,-3.880821738,-12.3391052
TCGA-CV-5444-01,,TCGA Tumor,HNSC,-6.289771113,0.61351328
TCGA-AR-A24P-01,,TCGA Tumor,BRCA,4.309913364,-1.546412538
TCGA-18-5595-01,,TCGA Tumor,LUSC,-5.287031684,2.265136648
TCGA-EA-A97N-01,,TCGA Tumor,CESC,-6.293169532,1.919409443
TARGET-30-PASPER-01,,TCGA Tumor,NB,2.721014705,12.97409098
TCGA-SX-A7SM-01,,TCGA Tumor,KIRP,-0.790539775,7.54314797
TCGA-DJ-A4V5-01,,TCGA Tumor,THCA,11.26288649,-0.071339074
TCGA-DD-AAEI-01,,TCGA Tumor,LIHC,0.965823319,4.181483198
TCGA-AZ-4615-01,,TCGA Tumor,COAD,-4.927287135,-3.690283369
TCGA-06-0132-01,,TCGA Tumor,GBM,2.7938728,-9.717134069
TCGA-VR-A8EO-01,,TCGA Tumor,ESCA,-5.280525718,0.762200464
TCGA-HE-A5NK-01,,TCGA Tumor,KIRP,6.126327958,-5.314968656
TCGA-5U-AB0F-01,,TCGA Tumor,THYM,-10.880878,6.051078726
TCGA-ET-A25G-01,,TCGA Tumor,THCA,11.14807269,-0.294520389
TARGET-10-PASKHT-03,,TCGA Tumor,Target-ALL,-8.28915647,-8.221535276
TCGA-HT-7616-01,,TCGA Tumor,LGG,3.080619064,-10.51391561
TCGA-CR-7395-01,,TCGA Tumor,HNSC,-6.638696704,0.423764903
TCGA-VQ-A91D-01,,TCGA Tumor,STAD,-4.53326324,-3.545107435
TCGA-BR-7196-01,,TCGA Tumor,STAD,-2.662786279,-1.963495087
TARGET-20-PANWHP-09,,TCGA Tumor,LAML,-4.01999906,-12.27834375
TCGA-23-1113-01,,TCGA Tumor,OV,1.547746864,7.942621637
TCGA-VS-A94X-01,,TCGA Tumor,CESC,-5.018573317,0.712619294
TCGA-GM-A3XG-01,,TCGA Tumor,BRCA,1.330749359,-1.307870935
TCGA-24-2290-01,,TCGA Tumor,OV,1.731957522,8.479652811
TCGA-ET-A39J-01,,TCGA Tumor,THCA,11.57420393,0.167018574
TCGA-E9-A1N9-01,,TCGA Tumor,BRCA,5.421764817,-1.719399403
TCGA-B6-A0I9-01,,TCGA Tumor,BRCA,5.290407624,-1.628177117
TCGA-CN-6022-01,,TCGA Tumor,HNSC,-6.01799253,0.765109767
TCGA-E8-A242-01,,TCGA Tumor,THCA,10.93817374,-0.326315712
TCGA-DJ-A2Q5-01,,TCGA Tumor,THCA,11.06072756,-0.421554338
TCGA-DW-7963-01,,TCGA Tumor,KIRP,-0.870449338,7.672381807
TCGA-AB-2927-03,,TCGA Tumor,LAML,-4.864496264,-11.46093042
TCGA-E2-A1L9-01,,TCGA Tumor,BRCA,3.856683459,-1.716289948
TCGA-AC-A23H-01,,TCGA Tumor,BRCA,5.068014589,-1.260372709
TCGA-EA-A3QD-01,,TCGA Tumor,CESC,-5.359152827,1.373550941
TCGA-E5-A4U1-01,,TCGA Tumor,BLCA,-3.555856499,0.016909145
TCGA-OE-A75W-01,,TCGA Tumor,PAAD,-3.204152379,-2.711402725
TCGA-DX-AB3C-01,,TCGA Tumor,SARC,0.177471888,0.949904193
TCGA-BP-4762-01,,TCGA Tumor,KIRC,6.292608705,-5.740102838
TCGA-AR-A1AP-01,,TCGA Tumor,BRCA,5.390162435,-1.679951977
TCGA-KT-A7W1-01,,TCGA Tumor,LGG,1.194092658,-9.960570883
TCGA-44-3919-01,,TCGA Tumor,LUAD,-0.165774617,-3.154607843
TCGA-AZ-6598-01,,TCGA Tumor,COAD,-4.769703421,-3.711911033
TCGA-A6-6653-01,,TCGA Tumor,COAD,-4.89778665,-3.739314388
TCGA-CV-6952-01,,TCGA Tumor,HNSC,-6.906646762,0.78958105
TCGA-NH-A50V-01,,TCGA Tumor,COAD,-6.00993875,-3.611218523
TCGA-B0-5109-01,,TCGA Tumor,KIRC,0.878148225,6.736266543
TCGA-BH-A0H5-01,,TCGA Tumor,BRCA,4.17263433,-1.788233827
TCGA-OK-A5Q2-01,,TCGA Tumor,BRCA,4.795964208,-1.509711455
TCGA-B5-A0K9-01,,TCGA Tumor,UCEC,1.361590114,6.536409308
TCGA-CV-A45P-01,,TCGA Tumor,HNSC,-6.643737826,0.79285257
TCGA-BH-A0E6-01,,TCGA Tumor,BRCA,0.951083269,-1.424232076
TCGA-D8-A1JA-01,,TCGA Tumor,BRCA,4.160067287,-0.93848605
TCGA-56-7221-01,,TCGA Tumor,LUSC,-5.812814746,2.338116337
TCGA-AD-6899-01,,TCGA Tumor,COAD,-6.018200907,-3.725754093
TCGA-4G-AAZT-01,,TCGA Tumor,CHOL,-0.105977747,3.041933466
TCGA-VR-A8EX-01,,TCGA Tumor,ESCA,-6.371650252,1.802377511
TCGA-B0-4844-01,,TCGA Tumor,KIRC,6.040706601,-5.594679903
TCGA-P5-A5F2-01,,TCGA Tumor,LGG,2.729804244,-9.849548887
TCGA-BP-4352-01,,TCGA Tumor,KIRC,6.142495122,-5.384168695
TCGA-2A-A8W1-01,,TCGA Tumor,PRAD,8.371138063,8.277627398
TCGA-99-8032-01,,TCGA Tumor,LUAD,-0.872872147,-1.869770955
TCGA-BH-A0BW-01,,TCGA Tumor,BRCA,1.00357863,-1.577042292
TCGA-DW-7841-01,,TCGA Tumor,KIRP,-0.953919802,7.826874186
TCGA-13-0762-01,,TCGA Tumor,OV,1.312693503,7.897453715
TCGA-CV-A6JN-01,,TCGA Tumor,HNSC,-6.290830645,0.178082589
TCGA-OR-A5LN-01,,TCGA Tumor,ACC,-3.473549161,-8.627983641
TCGA-BH-A0HB-01,,TCGA Tumor,BRCA,4.002472129,-1.866560768
TARGET-30-PALUYS-01,,TCGA Tumor,NB,2.701869931,12.96383422
TCGA-29-1695-01,,TCGA Tumor,OV,1.719401207,7.819286276
TCGA-H2-A2K9-01,,TCGA Tumor,THCA,11.60772177,0.787355651
TCGA-G9-7509-01,,TCGA Tumor,PRAD,7.759343114,9.192205835
TCGA-FV-A2QR-01,,TCGA Tumor,LIHC,1.188439455,3.923174311
TCGA-19-2629-01,,TCGA Tumor,GBM,1.366828706,-9.973579954
TCGA-GS-A9TT-01,,TCGA Tumor,DLBC,-8.58260015,6.935639311
TCGA-B2-4098-01,,TCGA Tumor,KIRC,5.625268903,-5.185488294
TCGA-D7-8575-01,,TCGA Tumor,STAD,-3.742882285,-3.669859718
TCGA-HT-7607-01,,TCGA Tumor,LGG,2.803180185,-9.725035261
TCGA-CR-7380-01,,TCGA Tumor,HNSC,-6.628954444,0.517939616
TCGA-43-2576-01,,TCGA Tumor,LUSC,-0.256620381,-2.741877149
TCGA-DJ-A2PW-01,,TCGA Tumor,THCA,11.51063677,-0.015847232
TCGA-N8-A56S-01,,TCGA Tumor,UCS,-3.956829581,6.751797129
TCGA-B7-A5TJ-01,,TCGA Tumor,STAD,-5.146911177,-3.314125847
TCGA-BR-8367-01,,TCGA Tumor,STAD,-2.813675198,-2.04690988
TCGA-ET-A3BW-01,,TCGA Tumor,THCA,11.60288474,0.128151965
TCGA-06-0238-01,,TCGA Tumor,GBM,1.526184764,-9.197005819
TCGA-QU-A6IL-01,,TCGA Tumor,PRAD,8.686221566,8.201598574
TCGA-FB-AAQ3-01,,TCGA Tumor,PAAD,-2.918729815,-2.570065807
TCGA-AB-2955-03,,TCGA Tumor,LAML,-4.958540473,-11.48659952
TCGA-3B-A9HX-01,,TCGA Tumor,SARC,1.895324435,1.627285172
TCGA-CJ-5679-01,,TCGA Tumor,KIRC,6.116239038,-5.36115558
TCGA-C5-A8YR-01,,TCGA Tumor,CESC,-1.270839724,-2.195125412
TCGA-AQ-A54O-01,,TCGA Tumor,BRCA,5.47281548,-1.52483363
TCGA-VD-A8KF-01,,TCGA Tumor,UVM,6.726806607,4.438505102
TCGA-V1-A9Z7-01,,TCGA Tumor,PRAD,9.361849275,8.028601576
TCGA-KL-8346-01,,TCGA Tumor,KICH,-3.55760673,5.102162768
TCGA-FE-A239-01,,TCGA Tumor,THCA,11.58520171,0.781825651
TCGA-DQ-7594-01,,TCGA Tumor,HNSC,-6.340078864,1.925544072
TCGA-XF-A8HF-01,,TCGA Tumor,BLCA,-3.868412051,0.01534506
TCGA-KQ-A41P-01,,TCGA Tumor,BLCA,-3.641675505,-0.138394456
TCGA-BP-4766-01,,TCGA Tumor,KIRC,6.363941159,-6.742309164
TCGA-DD-AACT-01,,TCGA Tumor,LIHC,1.027873125,4.198442866
TCGA-DX-A7EU-01,,TCGA Tumor,SARC,1.255276885,1.712140847
TARGET-10-PASUBW-09,,TCGA Tumor,Target-ALL,-8.368567977,-8.32962377
TCGA-B6-A0WZ-01,,TCGA Tumor,BRCA,4.036806789,-1.718240928
TCGA-C8-A135-01,,TCGA Tumor,BRCA,4.098929134,-0.910210322
TCGA-XU-A92W-01,,TCGA Tumor,THYM,-10.84041456,6.062403608
TCGA-24-1546-01,,TCGA Tumor,OV,1.355964449,7.876439024
TCGA-39-5027-01,,TCGA Tumor,LUSC,-5.333873782,2.434768845
TCGA-HD-7917-01,,TCGA Tumor,HNSC,-6.432574305,1.143057157
TCGA-22-5485-01,,TCGA Tumor,LUSC,-5.372425589,2.502876927
TCGA-EL-A4K1-01,,TCGA Tumor,THCA,10.85971877,-0.083719652
TCGA-BP-4341-01,,TCGA Tumor,KIRC,6.391610112,-6.662833284
TCGA-H4-A2HQ-01,,TCGA Tumor,BLCA,-3.667438063,-0.051457394
TCGA-AK-3427-01,,TCGA Tumor,KIRC,-3.513420615,5.071770121
TCGA-DJ-A2PX-01,,TCGA Tumor,THCA,11.45958373,0.469923098
TCGA-BH-A0BJ-01,,TCGA Tumor,BRCA,3.951963392,-1.838088583
TCGA-BH-A203-01,,TCGA Tumor,BRCA,4.164791074,-0.977336
TCGA-A3-3352-01,,TCGA Tumor,KIRC,6.259446111,-6.824337553
TCGA-24-1419-01,,TCGA Tumor,OV,1.406520572,6.815271784
TCGA-V4-A9F7-01,,TCGA Tumor,UVM,6.692481008,4.406220366
TCGA-GL-A9DD-01,,TCGA Tumor,KIRP,-0.938432131,7.757231642
TCGA-13-A5FT-01,,TCGA Tumor,OV,1.703198281,8.515138079
TCGA-IB-AAUW-01,,TCGA Tumor,PAAD,-2.400522742,-2.430336069
TCGA-WB-A81M-01,,TCGA Tumor,PCPG,-0.082602236,13.12631648
TCGA-F7-A50J-01,,TCGA Tumor,HNSC,-6.695276294,0.552400161
TCGA-AH-6643-01,,TCGA Tumor,READ,-6.055661235,-3.607309889
TCGA-55-A491-01,,TCGA Tumor,LUAD,-0.296298179,-2.760035585
TCGA-FY-A3NM-01,,TCGA Tumor,THCA,11.36183211,1.013284434
TCGA-06-0749-01,,TCGA Tumor,GBM,1.609885421,-10.05346734
TCGA-N9-A4Q1-01,,TCGA Tumor,UCS,-3.945690665,6.747060228
TCGA-46-6025-01,,TCGA Tumor,LUSC,-5.329308543,2.088228155
TCGA-FE-A236-01,,TCGA Tumor,THCA,10.9792256,-0.650202822
TCGA-ZF-AA4W-01,,TCGA Tumor,BLCA,-6.131026778,1.118486811
TCGA-UY-A9PA-01,,TCGA Tumor,BLCA,-3.713954959,0.176558305
TCGA-ET-A3DP-01,,TCGA Tumor,THCA,11.24934241,-0.304912071
TCGA-HT-7603-01,,TCGA Tumor,LGG,2.783687797,-9.705018591
TCGA-AJ-A3NF-01,,TCGA Tumor,UCEC,1.331977453,6.640873839
TCGA-4V-A9QT-01,,TCGA Tumor,THYM,-10.80171255,6.068884302
TCGA-HC-7752-01,,TCGA Tumor,PRAD,9.283110109,8.079605509
TCGA-AB-3007-03,,TCGA Tumor,LAML,-4.265993628,-11.92912443
TCGA-FU-A40J-01,,TCGA Tumor,CESC,-3.234358105,-2.42175753
TCGA-B9-4116-01,,TCGA Tumor,KIRP,-0.744144711,7.618979384
TCGA-BH-A0C7-01,,TCGA Tumor,BRCA,5.247884717,-1.561352323
TCGA-50-6595-01,,TCGA Tumor,LUAD,-0.690253172,-1.735712003
TCGA-DB-A64P-01,,TCGA Tumor,LGG,3.145761695,-10.52406938
TCGA-BP-4981-01,,TCGA Tumor,KIRC,6.256439653,-5.671985697
TCGA-VS-A9V5-01,,TCGA Tumor,CESC,-3.174523864,-2.692508768
TCGA-AK-3428-01,,TCGA Tumor,KIRC,6.328274217,-6.10236318
TCGA-CR-7373-01,,TCGA Tumor,HNSC,-6.835734401,0.616939474
TCGA-G4-6311-01,,TCGA Tumor,COAD,-5.766921077,-3.575894665
TCGA-BH-A8FZ-01,,TCGA Tumor,BRCA,4.750264135,-1.436809491
TCGA-S3-AA17-01,,TCGA Tumor,BRCA,5.523994889,-1.606869768
TCGA-DF-A2L0-01,,TCGA Tumor,UCEC,1.375582364,6.563162733
TCGA-CI-6619-01,,TCGA Tumor,READ,-6.055931601,-3.687617849
TCGA-B7-A5TI-01,,TCGA Tumor,STAD,-3.780484233,-3.7172652
TCGA-D8-A13Z-01,,TCGA Tumor,BRCA,0.692471948,-1.577482056
TCGA-BA-5152-01,,TCGA Tumor,HNSC,-6.784722838,0.526797939
TCGA-DD-AAEE-01,,TCGA Tumor,LIHC,1.310295727,3.872448612
TCGA-ER-A19M-06,,TCGA Tumor,SKCM,5.673768487,3.519881893
TCGA-A4-7997-01,,TCGA Tumor,KIRP,-0.903315697,7.717057158
TCGA-L5-A88T-01,,TCGA Tumor,ESCA,-6.552454028,1.409132529
TCGA-QK-A6II-01,,TCGA Tumor,HNSC,-6.386697325,0.243495707
TCGA-UF-A71D-01,,TCGA Tumor,HNSC,-6.484872374,1.486097742
TCGA-23-2078-01,,TCGA Tumor,OV,1.540204969,7.811860491
TCGA-A7-A6VX-01,,TCGA Tumor,BRCA,4.595314946,-1.575158547
TCGA-VS-A8Q9-01,,TCGA Tumor,CESC,-5.138092074,1.201471616
TCGA-60-2713-01,,TCGA Tumor,LUSC,-5.267213378,2.405220677
TARGET-10-PAPZNK-04,,TCGA Tumor,Target-ALL,-8.382777724,-8.324681829
TCGA-95-A4VP-01,,TCGA Tumor,LUAD,-0.926391754,-1.902944635
TCGA-BP-4340-01,,TCGA Tumor,KIRC,6.319559541,-6.804423403
TARGET-50-PAKKNS-01,,TCGA Tumor,WT,-4.62365869,7.75936215
TCGA-EE-A3AF-06,,TCGA Tumor,SKCM,6.146350827,3.71855085
TARGET-50-PADXAY-01,,TCGA Tumor,WT,-4.572337661,7.705893446
TCGA-HC-8261-01,,TCGA Tumor,PRAD,9.296951738,8.049774576
TCGA-85-A512-01,,TCGA Tumor,LUSC,-6.063733611,2.410121609
TCGA-ET-A25P-01,,TCGA Tumor,THCA,11.55722949,0.809192468
TCGA-DJ-A3VI-01,,TCGA Tumor,THCA,10.95812747,-0.456951808
TCGA-55-8302-01,,TCGA Tumor,LUAD,-0.067976121,-3.021922897
TCGA-44-4112-01,,TCGA Tumor,LUAD,-0.045577738,-1.977653574
TCGA-60-2710-01,,TCGA Tumor,LUSC,-5.422709498,2.482051064
TCGA-AF-3911-01,,TCGA Tumor,READ,-6.047884021,-3.702661108
TCGA-UF-A7JJ-01,,TCGA Tumor,HNSC,-6.574998412,0.540110458
TCGA-05-4430-01,,TCGA Tumor,LUAD,-0.228802953,-2.895725321
TCGA-AR-A255-01,,TCGA Tumor,BRCA,4.319807735,-1.748422693
TCGA-WB-A81F-01,,TCGA Tumor,PCPG,0.10122129,12.93179934
TCGA-V4-A9EQ-01,,TCGA Tumor,UVM,6.672835317,4.390044142
TCGA-HZ-7919-01,,TCGA Tumor,PAAD,-2.872530494,-2.49610145
TCGA-CN-5366-01,,TCGA Tumor,HNSC,-6.852661643,0.643983771
TARGET-50-PAJLSP-01,,TCGA Tumor,WT,-4.613773856,7.747778822
TCGA-AR-A1AT-01,,TCGA Tumor,BRCA,4.463891473,-1.103552412
TCGA-E5-A2PC-01,,TCGA Tumor,BLCA,-4.027204547,0.354106326
TCGA-2G-AAHL-01,,TCGA Tumor,TGCT,-1.886339459,5.416523863
TCGA-YL-A8HM-01,,TCGA Tumor,PRAD,8.732391801,8.137962748
TCGA-CD-A486-01,,TCGA Tumor,STAD,-3.427370581,-2.663458656
TCGA-DA-A95Y-06,,TCGA Tumor,SKCM,6.067844835,3.674887348
TCGA-UY-A9PE-01,,TCGA Tumor,BLCA,-3.673065219,-0.097008314
TCGA-CQ-7071-01,,TCGA Tumor,HNSC,-6.591874156,0.470419247
TCGA-D1-A3DG-01,,TCGA Tumor,UCEC,1.423871126,6.585824419
TCGA-VQ-A8PX-01,,TCGA Tumor,STAD,-3.767038379,-3.726906132
TARGET-30-PAPBJE-01,,TCGA Tumor,NB,2.648590532,12.9246258
TCGA-24-1924-01,,TCGA Tumor,OV,1.764592972,8.569671084
TCGA-DX-A6BG-01,,TCGA Tumor,SARC,1.469855991,1.300007869
TCGA-EE-A184-06,,TCGA Tumor,SKCM,6.104485955,3.757033516
TCGA-E7-A6MF-01,,TCGA Tumor,BLCA,-3.711172614,0.107308757
TCGA-MM-A84U-01,,TCGA Tumor,KIRC,6.0343084,-5.685123514
TCGA-CV-6933-01,,TCGA Tumor,HNSC,-5.941442046,2.491016556
TCGA-E2-A1B0-01,,TCGA Tumor,BRCA,4.075288978,-0.95828576
TCGA-DS-A0VL-01,,TCGA Tumor,CESC,-6.09669641,1.537169505
TARGET-30-PASZPI-01,,TCGA Tumor,NB,2.583161798,12.81375353
TCGA-2G-AAHP-05,,TCGA Tumor,TGCT,-1.967356238,5.506386686
TCGA-63-6202-01,,TCGA Tumor,LUSC,-0.067970965,-3.035983871
TCGA-BF-AAP2-01,,TCGA Tumor,SKCM,5.812040296,3.613459517
TCGA-FS-A1YY-06,,TCGA Tumor,SKCM,6.071273771,3.681727816
TCGA-46-3767-01,,TCGA Tumor,LUSC,-5.443985972,0.755593408
TCGA-2G-AALO-01,,TCGA Tumor,TGCT,-4.872011695,-1.989929031
TARGET-30-PAPVXS-01,,TCGA Tumor,NB,2.687655177,12.95325511
TCGA-13-1496-01,,TCGA Tumor,OV,2.030350533,8.152890612
TARGET-30-PASUYG-01,,TCGA Tumor,NB,2.694669452,12.93781512
TCGA-CI-6622-01,,TCGA Tumor,READ,-5.989695105,-3.747497391
TCGA-58-A46L-01,,TCGA Tumor,LUSC,-6.102315459,2.362644125
TCGA-BP-4167-01,,TCGA Tumor,KIRC,6.040584054,-5.480157923
TCGA-HW-7486-01,,TCGA Tumor,LGG,2.886483636,-10.39033086
TCGA-ZP-A9D2-01,,TCGA Tumor,LIHC,0.182934743,3.363053967
TCGA-BH-A18R-01,,TCGA Tumor,BRCA,5.441851583,-1.686781238
TARGET-10-PAPDUV-04,,TCGA Tumor,Target-ALL,-8.392361197,-8.36011083
TCGA-BA-7269-01,,TCGA Tumor,HNSC,-5.824666533,0.973775197
TCGA-HU-A4G3-01,,TCGA Tumor,STAD,-3.758770022,-3.769086193
TCGA-ER-A19A-06,,TCGA Tumor,SKCM,5.033682313,3.40498655
TCGA-NH-A6GC-01,,TCGA Tumor,COAD,-5.890368972,-3.628761839
TCGA-DX-A48K-01,,TCGA Tumor,SARC,-3.961977992,6.746040274
TCGA-DD-A73B-01,,TCGA Tumor,LIHC,0.820722338,4.076767851
TCGA-AC-A4ZE-01,,TCGA Tumor,BRCA,4.874688592,-1.611868571
TCGA-P5-A5F1-01,,TCGA Tumor,LGG,2.204102841,-10.75276239
TCGA-DK-AA6X-01,,TCGA Tumor,BLCA,-3.007231269,-1.55121858
TCGA-BR-7722-01,,TCGA Tumor,STAD,-3.78537086,-3.669932197
TCGA-B6-A0RS-01,,TCGA Tumor,BRCA,4.112247672,-0.917120587
TCGA-33-AAS8-01,,TCGA Tumor,LUSC,-5.30441669,2.337475229
TCGA-AR-A24H-01,,TCGA Tumor,BRCA,5.050995794,-1.285554003
TCGA-E8-A432-01,,TCGA Tumor,THCA,11.46796366,0.470608164
TCGA-MZ-A5BI-01,,TCGA Tumor,HNSC,-6.295982871,1.161098887
TARGET-20-PASPKE-09,,TCGA Tumor,LAML,-4.676379237,-11.46250303
TCGA-DU-7011-01,,TCGA Tumor,LGG,2.539163556,-9.958116125
TCGA-06-0174-01,,TCGA Tumor,GBM,1.660477605,-9.202244352
TCGA-J9-A8CP-01,,TCGA Tumor,PRAD,8.92069861,8.078325678
TARGET-50-PAKZER-01,,TCGA Tumor,WT,-4.510175738,7.627943922
TCGA-ZF-A9R9-01,,TCGA Tumor,BLCA,-3.842999015,-0.4908172
TCGA-P8-A6RX-01,,TCGA Tumor,PCPG,0.265150126,12.75177138
TCGA-A8-A099-01,,TCGA Tumor,BRCA,4.628320184,-1.224162649
TCGA-CM-6679-01,,TCGA Tumor,COAD,-5.906098876,-3.606050562
TCGA-KL-8342-01,,TCGA Tumor,KICH,-3.576316867,5.101123263
TCGA-G8-6907-01,,TCGA Tumor,DLBC,-8.613597426,6.977580477
TCGA-SC-A6LM-01,,TCGA Tumor,MESO,-0.121295485,1.608603169
TCGA-06-0210-02,,TCGA Tumor,GBM,1.268732157,-9.768903326
TCGA-DC-6157-01,,TCGA Tumor,READ,-6.227461371,-3.589731525
TCGA-NQ-A638-01,,TCGA Tumor,MESO,-0.140991602,1.523794938
TCGA-VS-A9UU-01,,TCGA Tumor,CESC,-6.812673125,0.770752598
TCGA-66-2790-01,,TCGA Tumor,LUSC,-5.16312984,1.466701556
TCGA-24-1845-01,,TCGA Tumor,OV,1.687939253,8.431530405
TCGA-V1-A8WS-01,,TCGA Tumor,PRAD,7.913686719,8.861723353
TCGA-BH-A42T-01,,TCGA Tumor,BRCA,4.840714421,-1.601595234
TCGA-HU-A4GD-01,,TCGA Tumor,STAD,-5.707969699,-3.475296091
TCGA-VQ-A94U-01,,TCGA Tumor,STAD,-3.859260592,-3.526686024
TCGA-LK-A4O0-01,,TCGA Tumor,MESO,-0.002705548,1.359095026
TCGA-XF-AAN1-01,,TCGA Tumor,BLCA,-3.678554091,0.088318482
TCGA-FV-A4ZP-01,,TCGA Tumor,LIHC,0.338495516,3.490685631
TCGA-KN-8435-01,,TCGA Tumor,KICH,-3.559387717,5.115686823
TCGA-NC-A5HI-01,,TCGA Tumor,LUSC,-5.909056697,2.330254007
TCGA-ZJ-AAXN-01,,TCGA Tumor,CESC,-5.35301784,0.831099797
TCGA-CV-6937-01,,TCGA Tumor,HNSC,-5.723956618,1.049029399
TCGA-AJ-A3QS-01,,TCGA Tumor,UCEC,1.267604676,6.694516588
TCGA-DD-AACS-01,,TCGA Tumor,LIHC,0.804823842,3.980654408
TCGA-VS-A9U6-01,,TCGA Tumor,CESC,-6.164533648,1.547433664
TCGA-EB-A6QZ-01,,TCGA Tumor,SKCM,5.037348237,3.39495318
TCGA-5P-A9KF-01,,TCGA Tumor,KIRP,-0.955729279,7.811533381
TCGA-38-4627-01,,TCGA Tumor,LUAD,-0.39608309,-2.787031244
TCGA-RP-A694-06,,TCGA Tumor,SKCM,6.057632413,3.696602036
TCGA-A8-A09R-01,,TCGA Tumor,BRCA,5.435484376,-1.475531291
TCGA-DK-AA6S-01,,TCGA Tumor,BLCA,-5.250817809,0.904342521
TCGA-V1-A9Z8-01,,TCGA Tumor,PRAD,9.33289763,8.188791681
TCGA-DD-A4NK-01,,TCGA Tumor,LIHC,0.971490708,4.218372751
TCGA-3S-A8YW-01,,TCGA Tumor,THYM,-5.183777842,1.295608212
TCGA-VQ-A8PJ-01,,TCGA Tumor,STAD,-3.758519206,-3.391118358
TCGA-KQ-A41S-01,,TCGA Tumor,BLCA,-3.595109496,-0.584312867
TCGA-44-2668-01,,TCGA Tumor,LUAD,-0.033494208,-1.979686331
TCGA-B6-A0RN-01,,TCGA Tumor,BRCA,4.272130933,-1.424925517
TARGET-10-PASKAY-04,,TCGA Tumor,Target-ALL,-8.522023711,-8.337570738
TCGA-55-8507-01,,TCGA Tumor,LUAD,-0.641017232,-2.416692566
TCGA-DJ-A3UN-01,,TCGA Tumor,THCA,11.58381506,0.10148754
TCGA-B0-4841-01,,TCGA Tumor,KIRC,6.238160577,-5.368796419
TCGA-HW-7493-01,,TCGA Tumor,LGG,2.311299052,-10.13118036
TCGA-CC-5261-01,,TCGA Tumor,LIHC,0.355443202,3.516496111
TCGA-C5-A2LX-01,,TCGA Tumor,CESC,-5.047807727,1.137412597
TCGA-CR-6471-01,,TCGA Tumor,HNSC,-6.673309359,0.408451636
TCGA-VM-A8CA-01,,TCGA Tumor,LGG,2.784112182,-9.687857221
TCGA-D8-A27G-01,,TCGA Tumor,BRCA,4.227091279,-1.531425904
TCGA-B0-5699-01,,TCGA Tumor,KIRC,6.036962953,-6.636138986
TCGA-DK-A3IK-01,,TCGA Tumor,BLCA,-3.626496348,-0.06477097
TCGA-37-5819-01,,TCGA Tumor,LUSC,-1.321489248,-0.731453966
TCGA-DU-7015-01,,TCGA Tumor,LGG,2.302781668,-10.92021234
TCGA-MQ-A4LJ-01,,TCGA Tumor,MESO,-0.15410373,1.528295089
TCGA-C5-A1M8-01,,TCGA Tumor,CESC,-6.399582419,1.458457519
TCGA-C5-A7CJ-01,,TCGA Tumor,CESC,-6.415664229,1.615624834
TCGA-22-A5C4-01,,TCGA Tumor,LUSC,-5.190327201,1.349912454
TCGA-HB-A2OT-01,,TCGA Tumor,SARC,1.176626291,1.135311175
TCGA-85-A4CL-01,,TCGA Tumor,LUSC,-5.360322032,2.517035414
TCGA-06-0184-01,,TCGA Tumor,GBM,1.301628616,-9.060743879
TCGA-BP-4801-01,,TCGA Tumor,KIRC,6.16062304,-5.683016847
TCGA-D8-A1XC-01,,TCGA Tumor,BRCA,5.644662824,-1.585176896
TCGA-DU-8162-01,,TCGA Tumor,LGG,2.767372575,-9.688720297
TCGA-TM-A84O-01,,TCGA Tumor,LGG,3.086288419,-10.45324952
TCGA-DC-6158-01,,TCGA Tumor,READ,-5.867332969,-3.696217607
TCGA-FW-A3TU-06,,TCGA Tumor,SKCM,6.116058316,3.74382465
TCGA-3T-AA9L-01,,TCGA Tumor,THYM,-10.87551549,6.066083838
TCGA-D5-5538-01,,TCGA Tumor,COAD,-5.733094249,-3.614775251
TCGA-EM-A3FM-01,,TCGA Tumor,THCA,10.93469473,-0.266011458
TCGA-GH-A9DA-01,,TCGA Tumor,CESC,-5.198740039,0.718122173
TCGA-TN-A7HL-01,,TCGA Tumor,HNSC,-5.887986216,1.802473355
TCGA-3B-A9HT-01,,TCGA Tumor,SARC,-3.916253123,6.720021177
TCGA-AB-2896-03,,TCGA Tumor,LAML,-4.960086856,-11.52034528
TCGA-CN-4742-01,,TCGA Tumor,HNSC,-6.552852187,0.323816676
TARGET-30-PARGKK-01,,TCGA Tumor,NB,2.681697812,12.94673674
TCGA-FG-A60K-01,,TCGA Tumor,LGG,2.968596187,-10.558724
TCGA-BH-A1FJ-01,,TCGA Tumor,BRCA,4.111830201,-1.587800454
TCGA-FR-A3YO-06,,TCGA Tumor,SKCM,6.159331765,3.463928152
TCGA-DD-AACX-01,,TCGA Tumor,LIHC,1.302108612,3.842296768
TCGA-78-8640-01,,TCGA Tumor,LUAD,-0.073432419,-2.886796306
TCGA-DJ-A3UY-01,,TCGA Tumor,THCA,10.96423861,-0.227548908
TCGA-EW-A1PE-01,,TCGA Tumor,BRCA,5.064302888,-1.227568578
TCGA-69-7979-01,,TCGA Tumor,LUAD,-0.355577919,-2.790374826
TCGA-E2-A1II-01,,TCGA Tumor,BRCA,0.278449554,-1.446502041
TCGA-S3-AA14-01,,TCGA Tumor,BRCA,4.261966434,-1.896536659
TCGA-CR-7392-01,,TCGA Tumor,HNSC,-6.420679126,0.39438032
TCGA-CV-7100-01,,TCGA Tumor,HNSC,-5.430661235,1.138397862
TCGA-A8-A09B-01,,TCGA Tumor,BRCA,5.379441705,-1.595526766
TCGA-60-2714-01,,TCGA Tumor,LUSC,-0.077154103,-3.071954559
TCGA-GN-A9SD-06,,TCGA Tumor,SKCM,5.535729852,3.728817631
TCGA-2G-AAFO-01,,TCGA Tumor,TGCT,-1.706692014,5.204875399
TCGA-AR-A5QP-01,,TCGA Tumor,BRCA,4.69952723,-1.46735866
TCGA-AJ-A3EL-01,,TCGA Tumor,UCEC,1.349827376,6.587994028
TCGA-NF-A4WX-01,,TCGA Tumor,UCS,0.870415446,7.008145739
TCGA-DD-AAE0-01,,TCGA Tumor,LIHC,0.306636554,3.490541626
TCGA-D9-A6EG-06,,TCGA Tumor,SKCM,6.047670331,3.631580521
TCGA-E9-A6HE-01,,TCGA Tumor,BRCA,4.209504571,-1.624365639
TCGA-BR-8291-01,,TCGA Tumor,STAD,-2.671158347,-1.982968878
TCGA-DD-AADA-01,,TCGA Tumor,LIHC,0.924906638,4.091628958
TCGA-TQ-A7RN-01,,TCGA Tumor,LGG,2.954210248,-10.56918771
TCGA-ZM-AA0B-01,,TCGA Tumor,TGCT,-1.912194762,5.445293356
TCGA-GL-A9DE-01,,TCGA Tumor,KIRP,5.599602666,-5.252117704
TARGET-21-PASTZK-41,,TCGA Tumor,LAML,-5.146125827,-12.15757902
TCGA-ER-A1A1-06,,TCGA Tumor,SKCM,-8.609606299,6.970725943
TCGA-BH-A0HI-01,,TCGA Tumor,BRCA,3.900675025,-1.588728856
TCGA-AB-2985-03,,TCGA Tumor,LAML,-3.855241809,-12.36675699
TCGA-XE-AANI-01,,TCGA Tumor,TGCT,-0.059108767,0.861035992
TCGA-ET-A3DT-01,,TCGA Tumor,THCA,10.9310126,-0.349854331
TARGET-30-PATEKG-01,,TCGA Tumor,NB,0.280158367,12.82676451
TCGA-DD-A1EI-01,,TCGA Tumor,LIHC,0.432427071,3.570455242
TCGA-NH-A50U-01,,TCGA Tumor,COAD,-5.698360476,-3.544120382
TARGET-50-CAAAAJ-01,,TCGA Tumor,WT,-4.556032214,7.688374926
TCGA-BP-4790-01,,TCGA Tumor,KIRC,6.165182557,-5.535001825
TCGA-BP-5008-01,,TCGA Tumor,KIRC,6.283225503,-5.751091074
TCGA-BP-4170-01,,TCGA Tumor,KIRC,6.29638907,-6.81396396
TCGA-AJ-A3BK-01,,TCGA Tumor,UCEC,1.416208234,6.551094938
TCGA-04-1530-01,,TCGA Tumor,OV,1.513321605,7.872779776
TCGA-FS-A4FC-06,,TCGA Tumor,SKCM,5.274103132,3.892741133
TCGA-CR-6480-01,,TCGA Tumor,HNSC,-6.333531413,1.890648652
TCGA-EL-A3D1-01,,TCGA Tumor,THCA,11.48086974,-0.035096075
TCGA-AO-A03V-01,,TCGA Tumor,BRCA,4.034339633,-1.844611596
TCGA-A2-A0CS-01,,TCGA Tumor,BRCA,4.178732124,-1.56028087
TCGA-28-2513-01,,TCGA Tumor,GBM,1.255838123,-9.141419004
TCGA-D3-A1Q6-06,,TCGA Tumor,SKCM,5.021231141,3.429720331
TCGA-V4-A9EF-01,,TCGA Tumor,UVM,6.760129895,4.468315054
TCGA-JU-AAVI-01,,TCGA Tumor,UCEC,0.964096692,6.680204798
TCGA-QR-A70R-01,,TCGA Tumor,PCPG,0.198344928,12.82699435
TCGA-OL-A66P-01,,TCGA Tumor,BRCA,4.099370923,-0.923730027
TCGA-NG-A4VW-01,,TCGA Tumor,UCS,1.490730491,6.489370276
TCGA-EE-A3JA-06,,TCGA Tumor,SKCM,6.403612581,4.101851393
TCGA-A2-A1G4-01,,TCGA Tumor,BRCA,5.529018846,-1.547910761
TCGA-33-4583-01,,TCGA Tumor,LUSC,-5.226504359,2.239525009
TCGA-55-7573-01,,TCGA Tumor,LUAD,-0.240160498,-2.974067043
TCGA-N5-A4RA-01,,TCGA Tumor,UCS,-3.958968196,6.743481089
TCGA-WB-A80M-01,,TCGA Tumor,PCPG,-0.10241488,13.14601081
TCGA-L5-A4OR-01,,TCGA Tumor,ESCA,-3.814646277,-3.645733427
TCGA-25-2042-01,,TCGA Tumor,OV,1.822101917,7.97274058
TCGA-CV-A45W-01,,TCGA Tumor,HNSC,-6.025739226,2.383435417
TCGA-E2-A573-01,,TCGA Tumor,BRCA,1.055792775,-1.52831788
TCGA-DD-A4NI-01,,TCGA Tumor,LIHC,1.06868979,4.166715552
TCGA-2L-AAQL-01,,TCGA Tumor,PAAD,-3.038938079,-2.569274734
TCGA-HC-8265-01,,TCGA Tumor,PRAD,8.175902333,8.732379366
TCGA-AD-6965-01,,TCGA Tumor,COAD,-5.944458995,-3.630080294
TCGA-BJ-A3PR-01,,TCGA Tumor,THCA,10.95675131,-0.030176576
TCGA-SH-A7BD-01,,TCGA Tumor,MESO,-0.173854623,1.558386732
TCGA-H2-A422-01,,TCGA Tumor,THCA,10.99085661,-0.535093974
TCGA-EY-A549-01,,TCGA Tumor,UCEC,1.429576721,6.521234919
TCGA-DX-A6YU-01,,TCGA Tumor,SARC,0.927857008,1.004259337
TCGA-P5-A735-01,,TCGA Tumor,LGG,2.34500238,-10.93819005
TCGA-AB-2994-03,,TCGA Tumor,LAML,-3.98004106,-12.19979341
TCGA-DV-A4W0-05,,TCGA Tumor,KIRC,0.925938573,6.577891756
TCGA-VQ-A928-01,,TCGA Tumor,STAD,-2.704262051,-2.0924762
TCGA-D5-6931-01,,TCGA Tumor,COAD,-5.847190413,-3.632971834
TCGA-DX-A6Z2-01,,TCGA Tumor,SARC,1.973057595,1.555254508
TCGA-C4-A0F6-01,,TCGA Tumor,BLCA,-3.763041529,0.077965021
TCGA-43-5668-01,,TCGA Tumor,LUSC,-0.216441247,-2.651030372
TCGA-FB-AAQ0-01,,TCGA Tumor,PAAD,-3.385870967,-2.816964935
TCGA-BF-AAP1-01,,TCGA Tumor,SKCM,5.627049413,3.570680786
TCGA-A2-A0EV-01,,TCGA Tumor,BRCA,5.316952195,-1.645149659
TCGA-HT-7691-01,,TCGA Tumor,LGG,1.545145598,-10.09573419
TCGA-24-1413-01,,TCGA Tumor,OV,1.751644101,8.524970461
TCGA-18-4083-01,,TCGA Tumor,LUSC,-5.263530288,2.229305674
TCGA-FG-A6J1-01,,TCGA Tumor,LGG,3.05163261,-10.44586332
TARGET-30-PAPUWY-01,,TCGA Tumor,NB,2.658776012,13.01352923
TCGA-YD-A9TB-06,,TCGA Tumor,SKCM,5.303527322,3.460092951
TCGA-CV-7104-01,,TCGA Tumor,HNSC,-6.619241271,0.492985089
TCGA-UF-A7JC-01,,TCGA Tumor,HNSC,-6.933943305,0.621223916
TCGA-AB-2870-03,,TCGA Tumor,LAML,-4.721721206,-11.65310819
TCGA-A8-A08A-01,,TCGA Tumor,BRCA,4.183294263,-1.399698447
TCGA-CD-8526-01,,TCGA Tumor,STAD,-1.34067503,-0.609813939
TCGA-BR-7703-01,,TCGA Tumor,STAD,-4.915370021,-3.591519665
TCGA-W8-A86G-01,,TCGA Tumor,BRCA,4.73702189,-1.483511757
TCGA-AL-3471-01,,TCGA Tumor,KIRP,-1.051769051,7.89319842
TCGA-MH-A854-01,,TCGA Tumor,KIRP,-0.838175211,7.6657223
TCGA-YT-A95D-01,,TCGA Tumor,THYM,-11.04333356,5.907141615
TCGA-YF-AA3M-01,,TCGA Tumor,BLCA,-3.889711413,0.242034082
TCGA-BQ-5885-01,,TCGA Tumor,KIRP,5.591345754,-5.221185755
TCGA-76-4929-01,,TCGA Tumor,GBM,1.374175515,-9.991538595
TCGA-2Y-A9H6-01,,TCGA Tumor,LIHC,1.065714267,4.101007868
TCGA-EE-A2MU-06,,TCGA Tumor,SKCM,5.931902852,3.639762331
TCGA-AB-2981-03,,TCGA Tumor,LAML,-3.855808768,-12.36159856
TCGA-SN-A84W-01,,TCGA Tumor,TGCT,-4.873690638,-1.909394215
TCGA-A6-5656-01,,TCGA Tumor,COAD,-4.748382602,-3.375857185
TCGA-43-8115-01,,TCGA Tumor,LUSC,-5.294172797,1.228669573
TCGA-3A-A9IX-01,,TCGA Tumor,PAAD,-2.471422705,-2.447012972
TCGA-EI-6884-01,,TCGA Tumor,READ,-5.951471362,-3.78194363
TCGA-DU-6402-01,,TCGA Tumor,LGG,1.43600544,-9.36349542
TCGA-67-3771-01,,TCGA Tumor,LUAD,-1.119813356,-2.039206098
TCGA-Q1-A73P-01,,TCGA Tumor,CESC,-3.26002315,-2.657876324
TCGA-V4-A9EI-01,,TCGA Tumor,UVM,6.765194383,4.475364138
TCGA-HT-7684-01,,TCGA Tumor,LGG,2.274547186,-10.77604444
TARGET-50-PAJMLI-01,,TCGA Tumor,WT,-4.559043917,7.691963125
TARGET-50-PAJNEC-01,,TCGA Tumor,WT,-4.318007026,7.318391253
TCGA-ER-A3EV-06,,TCGA Tumor,SKCM,6.586350885,4.285462309
TCGA-E8-A413-01,,TCGA Tumor,THCA,11.00091979,-0.206507783
TCGA-D3-A1Q9-06,,TCGA Tumor,SKCM,5.960625138,3.628757168
TCGA-BA-6871-01,,TCGA Tumor,HNSC,-5.253446135,0.768826116
TCGA-HT-8104-01,,TCGA Tumor,LGG,1.398179081,-9.984825682
TCGA-CN-6017-01,,TCGA Tumor,HNSC,-6.074302707,0.318743963
TCGA-CC-A7IH-01,,TCGA Tumor,LIHC,1.338023868,3.867586542
TCGA-D7-A747-01,,TCGA Tumor,STAD,-2.569061789,-1.86026461
TCGA-A4-7585-01,,TCGA Tumor,KIRP,5.58850905,-5.214975427
TCGA-3A-A9IO-01,,TCGA Tumor,PAAD,-1.264385614,-0.680819165
TARGET-20-PASMYS-04,,TCGA Tumor,LAML,-4.564013991,-11.67467172
TCGA-DD-A4NG-01,,TCGA Tumor,LIHC,0.867140469,3.905459572
TCGA-BP-5170-01,,TCGA Tumor,KIRC,6.349092927,-5.368542265
TCGA-EE-A2GT-06,,TCGA Tumor,SKCM,6.08269259,3.644909788
TCGA-KN-8436-01,,TCGA Tumor,KICH,-3.554216895,5.098191191
TCGA-C5-A8XK-01,,TCGA Tumor,CESC,-5.128654513,0.647633065
TCGA-43-A474-01,,TCGA Tumor,LUSC,-5.430027995,2.077425648
TARGET-10-PAPHZT-09,,TCGA Tumor,Target-ALL,-8.400139365,-8.357709478
TCGA-HT-7473-01,,TCGA Tumor,LGG,2.16074213,-10.57184751
TCGA-06-0645-01,,TCGA Tumor,GBM,1.392560568,-9.127677511
TCGA-AB-2884-03,,TCGA Tumor,LAML,-3.920186076,-12.22573621
TCGA-33-AASI-01,,TCGA Tumor,LUSC,-5.187084708,1.270779658
TCGA-A4-8630-01,,TCGA Tumor,KIRP,-0.897907409,7.723212172
TCGA-DM-A1DA-01,,TCGA Tumor,COAD,-6.052625689,-3.653748821
TCGA-IB-7647-01,,TCGA Tumor,PAAD,-2.911508593,-2.438062977
TCGA-BJ-A2N9-01,,TCGA Tumor,THCA,11.41171023,0.961166311
TCGA-EE-A29R-06,,TCGA Tumor,SKCM,5.138318029,3.489137818
TCGA-EM-A1CS-01,,TCGA Tumor,THCA,11.57091567,0.066157736
TCGA-HF-7131-01,,TCGA Tumor,STAD,-3.774839434,-3.633606027
TCGA-CF-A7I0-01,,TCGA Tumor,BLCA,-3.627906356,0.099008013
TCGA-EE-A29H-06,,TCGA Tumor,SKCM,5.973182645,3.636398007
TCGA-25-1625-01,,TCGA Tumor,OV,1.956048694,8.106319834
TCGA-WJ-A86L-01,,TCGA Tumor,LIHC,0.851797309,4.201928545
TCGA-AB-2998-03,,TCGA Tumor,LAML,-4.236143145,-11.95443399
TCGA-DX-AB2X-01,,TCGA Tumor,SARC,1.228409674,1.062410165
TCGA-MJ-A850-01,,TCGA Tumor,SARC,0.480520744,1.003239919
TCGA-C5-A907-01,,TCGA Tumor,CESC,-1.224969182,-2.114265035
TCGA-49-4506-01,,TCGA Tumor,LUAD,-1.262751255,-2.153820347
TCGA-B0-5713-01,,TCGA Tumor,KIRC,6.345524755,-6.723598551
TCGA-BQ-5877-01,,TCGA Tumor,KIRP,-0.773622427,7.557850767
TCGA-AO-A03R-01,,TCGA Tumor,BRCA,3.998988357,-1.89023311
TCGA-BR-6564-01,,TCGA Tumor,STAD,-2.489948783,-1.881437372
TARGET-50-PAJMKJ-01,,TCGA Tumor,WT,-4.498431239,7.628929545
TCGA-B2-5633-01,,TCGA Tumor,KIRC,6.305587259,-5.602670263
TCGA-DM-A1D4-01,,TCGA Tumor,COAD,-6.117343459,-3.804471802
TCGA-A2-A0ER-01,,TCGA Tumor,BRCA,5.571407762,-1.584595751
TCGA-IG-A8O2-01,,TCGA Tumor,ESCA,-6.04067615,2.38294809
TCGA-AX-A1C7-01,,TCGA Tumor,UCEC,1.337991324,7.847231795
TCGA-TQ-A7RU-01,,TCGA Tumor,LGG,3.110743013,-10.52311284
TARGET-10-PARNSH-03,,TCGA Tumor,Target-ALL,-8.392096076,-8.350776266
TCGA-BP-4982-01,,TCGA Tumor,KIRC,6.349782911,-6.76045854
TCGA-XF-AAMG-01,,TCGA Tumor,BLCA,-3.702019248,-0.730558287
TCGA-2G-AAG0-01,,TCGA Tumor,TGCT,-1.751011166,5.253283907
TCGA-CU-A0YR-01,,TCGA Tumor,BLCA,-3.545260939,0.042553595
TCGA-EO-A22X-01,,TCGA Tumor,UCEC,1.376444247,6.597309996
TCGA-91-6830-01,,TCGA Tumor,LUAD,-1.192300234,-2.277409624
TCGA-B0-5088-01,,TCGA Tumor,KIRC,6.25144383,-6.113241266
TCGA-B8-5162-01,,TCGA Tumor,KIRC,6.32115027,-5.449336122
TCGA-66-2785-01,,TCGA Tumor,LUSC,-1.028792653,-1.771292518
TCGA-25-1630-01,,TCGA Tumor,OV,1.741383877,8.464746882
TCGA-OL-A66K-01,,TCGA Tumor,BRCA,4.6604633,-1.567316245
TCGA-P4-A5E8-01,,TCGA Tumor,KIRP,0.727902051,6.771394659
TCGA-C5-A2M2-01,,TCGA Tumor,CESC,-3.308653149,-2.697384428
TCGA-Q9-A6FW-01,,TCGA Tumor,ESCA,-4.221769843,-2.728850435
TCGA-IN-7806-01,,TCGA Tumor,STAD,-4.111160788,-2.567669462
TCGA-BP-4325-01,,TCGA Tumor,KIRC,6.242413488,-6.755831312
TCGA-QK-A8Z8-01,,TCGA Tumor,HNSC,-6.225949321,2.187014986
TCGA-CQ-5326-01,,TCGA Tumor,HNSC,-6.688754115,0.461607207
TCGA-DB-A4XF-01,,TCGA Tumor,LGG,2.227622357,-10.1786762
TCGA-2Y-A9H2-01,,TCGA Tumor,LIHC,0.166673761,3.380167891
TCGA-C5-A7CM-01,,TCGA Tumor,CESC,0.782418516,-1.255674313
TCGA-4K-AAAL-01,,TCGA Tumor,TGCT,-1.742901597,5.249700476
TCGA-A4-A5Y1-01,,TCGA Tumor,KIRP,-0.840667043,7.675937582
TCGA-AB-2866-03,,TCGA Tumor,LAML,-3.845625434,-12.34879739
TCGA-KU-A66T-01,,TCGA Tumor,HNSC,-6.595012698,0.641103197
TARGET-20-PADYIR-09,,TCGA Tumor,LAML,-5.300287757,-12.40665395
TCGA-CJ-4905-01,,TCGA Tumor,KIRC,6.269759145,-5.816866468
TCGA-EP-A2KC-01,,TCGA Tumor,LIHC,1.31650367,3.88742416
TCGA-LN-A7HY-01,,TCGA Tumor,ESCA,-5.882088694,1.267659832
TCGA-KK-A7AQ-01,,TCGA Tumor,PRAD,9.302892175,8.033038069
TCGA-86-8669-01,,TCGA Tumor,LUAD,-0.580646786,-2.521696638
TCGA-IE-A3OV-01,,TCGA Tumor,SARC,1.977793303,1.58430152
TCGA-G7-6790-01,,TCGA Tumor,KIRP,-0.793507013,7.563313414
TCGA-XY-A89B-01,,TCGA Tumor,TGCT,-1.939615283,5.479712893
TCGA-CC-A7IL-01,,TCGA Tumor,LIHC,1.18546727,3.95544355
TCGA-EW-A1OX-01,,TCGA Tumor,BRCA,5.664487329,-1.665408801
TCGA-55-7911-01,,TCGA Tumor,LUAD,-0.107579801,-3.012886118
TCGA-AB-2978-03,,TCGA Tumor,LAML,-4.820496115,-11.43859346
TCGA-22-4605-01,,TCGA Tumor,LUSC,-5.853799853,1.988722135
TCGA-YZ-A984-01,,TCGA Tumor,UVM,6.734335866,4.441851545
TCGA-EJ-A65M-01,,TCGA Tumor,PRAD,8.881507364,8.199289728
TCGA-BP-5174-01,,TCGA Tumor,KIRC,5.952458348,-6.284690451
TARGET-10-PAPJHR-09,,TCGA Tumor,Target-ALL,-8.18112329,-8.144744467
TCGA-61-2009-01,,TCGA Tumor,OV,1.404103723,7.873928953
TCGA-20-1684-01,,TCGA Tumor,OV,1.628355589,8.411297251
TCGA-N8-A4PI-01,,TCGA Tumor,UCS,1.004321542,1.101434041
TCGA-05-4402-01,,TCGA Tumor,LUAD,-0.370494697,-2.931339096
TCGA-2G-AAH4-01,,TCGA Tumor,TGCT,-4.875749621,-1.887834381
TCGA-CX-7086-01,,TCGA Tumor,HNSC,-6.152367148,1.939038802
TCGA-ET-A25L-01,,TCGA Tumor,THCA,10.97876975,-0.306564133
TCGA-EJ-7123-01,,TCGA Tumor,PRAD,8.396285501,8.239545275
TCGA-UZ-A9PZ-01,,TCGA Tumor,KIRP,-0.944546613,7.782622267
TCGA-A8-A0A9-01,,TCGA Tumor,BRCA,5.31304976,-1.580790471
TCGA-RW-A68A-01,,TCGA Tumor,PCPG,0.014854607,13.01945822
TCGA-G7-A4TM-01,,TCGA Tumor,KIRP,-0.943766985,7.788460661
TCGA-BL-A13I-01,,TCGA Tumor,BLCA,1.159486141,1.201303888
TARGET-20-PARBRA-09,,TCGA Tumor,LAML,-3.818264518,-12.38635499
TCGA-DU-6406-01,,TCGA Tumor,LGG,1.285574582,-9.969212126
TCGA-BQ-7060-01,,TCGA Tumor,KIRP,-0.865973983,7.639561106
TARGET-20-PASFLM-09,,TCGA Tumor,LAML,-5.477592025,-12.44795663
TCGA-DD-A4NS-01,,TCGA Tumor,LIHC,0.523951453,3.634882141
TCGA-AN-A04D-01,,TCGA Tumor,BRCA,0.962338772,-1.549033116
TCGA-QR-A6GO-01,,TCGA Tumor,PCPG,0.024108049,13.01767485
TCGA-AX-A3FS-01,,TCGA Tumor,UCEC,-5.154471907,0.610583295
TCGA-BH-A1FB-01,,TCGA Tumor,BRCA,4.073329416,-1.756200265
TCGA-44-8119-01,,TCGA Tumor,LUAD,-0.900843057,-1.783589076
TCGA-13-0886-01,,TCGA Tumor,OV,1.723566737,7.77745812
TCGA-B8-A54E-01,,TCGA Tumor,KIRC,5.765167203,-5.362350057
TCGA-BP-4759-01,,TCGA Tumor,KIRC,6.332120385,-5.541780065
TCGA-GN-A262-06,,TCGA Tumor,SKCM,5.459288087,3.71486776
TCGA-FG-A713-01,,TCGA Tumor,LGG,2.797627177,-9.735454153
TCGA-24-2288-01,,TCGA Tumor,OV,1.471123901,7.853701521
TCGA-V4-A9EZ-01,,TCGA Tumor,UVM,6.641578164,4.357898165
TCGA-VS-A9V2-01,,TCGA Tumor,CESC,-6.370165381,1.765111257
TCGA-VS-A94Y-01,,TCGA Tumor,CESC,-5.106130156,0.710539271
TCGA-F4-6461-01,,TCGA Tumor,COAD,-5.22937921,-3.725992512
TCGA-90-A4EE-01,,TCGA Tumor,LUSC,-5.094498191,1.106970359
TCGA-C5-A8ZZ-01,,TCGA Tumor,CESC,-5.44375709,2.451106001
TCGA-MQ-A6BS-01,,TCGA Tumor,MESO,-0.12742934,1.5071656
TCGA-CD-8533-01,,TCGA Tumor,STAD,-1.351955924,-0.711983274
TCGA-IS-A3K8-01,,TCGA Tumor,SARC,1.932802048,1.244715382
TCGA-E1-A7YL-01,,TCGA Tumor,LGG,1.166560617,-9.930735182
TCGA-55-6972-01,,TCGA Tumor,LUAD,-0.666119132,-2.763989281
TCGA-ZB-A96H-01,,TCGA Tumor,THYM,-11.05164102,5.901253153
TCGA-DK-A1A6-01,,TCGA Tumor,BLCA,-3.634536299,0.097385709
TCGA-A3-3319-01,,TCGA Tumor,KIRC,6.120304074,-5.425036978
TCGA-DD-AADI-01,,TCGA Tumor,LIHC,0.422598018,3.55855887
TARGET-30-PAPTDH-01,,TCGA Tumor,NB,2.673936095,12.92576258
TCGA-FC-7961-01,,TCGA Tumor,PRAD,9.356442895,8.016138006
TCGA-CC-A7IG-01,,TCGA Tumor,LIHC,0.302714538,3.482905079
TCGA-MR-A8JO-01,,TCGA Tumor,LIHC,1.019176331,4.165646959
TCGA-GC-A3YS-01,,TCGA Tumor,BLCA,-5.231394324,0.764555443
TCGA-OR-A5LG-01,,TCGA Tumor,ACC,-3.477274451,-8.613114904
TCGA-VD-A8KH-01,,TCGA Tumor,UVM,6.714916196,4.430073191
TCGA-CR-7379-01,,TCGA Tumor,HNSC,-6.396584544,0.545116235
TCGA-AN-A0XW-01,,TCGA Tumor,BRCA,4.136292186,-1.798140239
TCGA-CJ-4918-01,,TCGA Tumor,KIRC,6.272095647,-5.401113104
TARGET-30-PANKFE-01,,TCGA Tumor,NB,0.25093038,12.79389804
TCGA-A8-A07J-01,,TCGA Tumor,BRCA,3.295852151,-1.279873561
TCGA-L5-A4OU-01,,TCGA Tumor,ESCA,-3.061805281,-2.605080198
TCGA-X9-A971-01,,TCGA Tumor,SARC,1.956239548,1.570141722
TCGA-D6-6826-01,,TCGA Tumor,HNSC,-6.435696635,0.616321195
TCGA-A2-A0SX-01,,TCGA Tumor,BRCA,0.840666112,-1.339590143
TCGA-57-1994-01,,TCGA Tumor,OV,1.74597713,8.471392084
TCGA-RW-A684-01,,TCGA Tumor,PCPG,-0.031316761,13.07131903
TCGA-KK-A8I4-01,,TCGA Tumor,PRAD,8.507393327,8.225551058
TCGA-UZ-A9PM-01,,TCGA Tumor,KIRP,-0.96630517,7.681810309
TCGA-B8-5545-01,,TCGA Tumor,KIRC,6.095273938,-5.585917066
TCGA-US-A776-01,,TCGA Tumor,PAAD,-4.822298083,-3.715962242
TCGA-BR-8484-01,,TCGA Tumor,STAD,-4.042777095,-3.658179115
TCGA-55-7724-01,,TCGA Tumor,LUAD,-5.688652072,-2.841935467
TCGA-F4-6703-01,,TCGA Tumor,COAD,-6.308915171,1.214731504
TCGA-HU-A4G8-01,,TCGA Tumor,STAD,-4.354543242,-3.520780395
TCGA-BC-A10W-01,,TCGA Tumor,LIHC,0.196519357,3.380144764
TCGA-DX-AB2Q-01,,TCGA Tumor,SARC,1.210085299,1.23850422
TCGA-44-6776-01,,TCGA Tumor,LUAD,-0.565794918,-2.926134657
TCGA-49-4514-01,,TCGA Tumor,LUAD,-1.230863127,-2.256205868
TARGET-20-PATDNN-09,,TCGA Tumor,LAML,-3.87457088,-12.34587819
TCGA-05-4396-01,,TCGA Tumor,LUAD,-1.185809645,-2.261952232
TARGET-20-PATDNN-04,,TCGA Tumor,LAML,-3.8115764,-12.42728956
TCGA-XM-A8RL-01,,TCGA Tumor,THYM,-10.88338331,6.017146994
TCGA-EJ-7789-01,,TCGA Tumor,PRAD,8.530196634,8.143220354
TCGA-85-A50Z-01,,TCGA Tumor,LUSC,-5.294294867,2.003047396
TCGA-FS-A1ZT-06,,TCGA Tumor,SKCM,5.605612722,3.765510489
TCGA-B2-3923-01,,TCGA Tumor,KIRC,-3.534377608,5.081475187
TCGA-55-8204-01,,TCGA Tumor,LUAD,-5.770135436,1.063017536
TCGA-77-7337-01,,TCGA Tumor,LUSC,-6.055626426,0.851483871
TCGA-V4-A9EA-01,,TCGA Tumor,UVM,6.661073652,4.381524492
TCGA-QS-A5YR-01,,TCGA Tumor,UCEC,1.500694003,6.471077849
TCGA-L4-A4E6-01,,TCGA Tumor,LUAD,-0.587948415,-2.503212046
TCGA-L5-A8NJ-01,,TCGA Tumor,ESCA,-3.918048892,-3.412644457
TCGA-DX-A1L0-01,,TCGA Tumor,SARC,1.254761722,1.711638142
TCGA-BH-A0AW-01,,TCGA Tumor,BRCA,4.82553145,-1.205885838
TCGA-VS-A9UJ-01,,TCGA Tumor,CESC,1.382275131,6.568109919
TCGA-25-2392-01,,TCGA Tumor,OV,1.753126588,8.494716097
TCGA-XD-AAUH-01,,TCGA Tumor,PAAD,-2.213482413,-1.849147271
TCGA-AX-A3FW-01,,TCGA Tumor,UCEC,1.38940486,6.563072134
TCGA-BH-A2L8-01,,TCGA Tumor,BRCA,4.581624952,-1.569994997
TCGA-HU-A4GC-01,,TCGA Tumor,STAD,-3.888868365,-3.722989391
TCGA-EB-A5SE-01,,TCGA Tumor,SKCM,5.242565122,3.814163614
TCGA-BH-A0B6-01,,TCGA Tumor,BRCA,4.26292893,-1.398450326
TCGA-AA-3492-01,,TCGA Tumor,COAD,-5.213601146,-3.743814062
TCGA-FV-A3I0-01,,TCGA Tumor,LIHC,-0.122278425,3.020581175
TCGA-A3-3362-01,,TCGA Tumor,KIRC,6.427934137,-6.609086584
TCGA-CS-5396-01,,TCGA Tumor,LGG,3.248239722,-10.55059392
TCGA-CZ-5457-01,,TCGA Tumor,KIRC,6.299429383,-6.8733402
TCGA-AB-2869-03,,TCGA Tumor,LAML,-4.983518157,-11.50666864
TCGA-BB-7866-01,,TCGA Tumor,HNSC,-5.969734225,1.789393831
TCGA-31-1959-01,,TCGA Tumor,OV,1.400157061,7.110516478
TCGA-HD-7832-01,,TCGA Tumor,HNSC,-6.898963008,0.683794011
TCGA-Y8-A895-01,,TCGA Tumor,KIRP,-0.967443619,7.803264071
TCGA-A8-A08I-01,,TCGA Tumor,BRCA,5.145761934,-1.524358105
TCGA-14-0790-01,,TCGA Tumor,GBM,1.239185479,-9.947477888
TCGA-BH-A0BS-01,,TCGA Tumor,BRCA,4.010900464,-1.857957791
TCGA-2J-AABV-01,,TCGA Tumor,PAAD,-0.97256628,-1.625838946
TCGA-DJ-A4UL-01,,TCGA Tumor,THCA,11.48375651,-0.039863627
TCGA-AB-2956-03,,TCGA Tumor,LAML,-3.81740335,-12.36066587
TCGA-CD-A48C-01,,TCGA Tumor,STAD,-3.807664428,-3.681780409
TARGET-20-PARFAL-04,,TCGA Tumor,LAML,-5.437746081,-12.44447477
TCGA-FF-8046-01,,TCGA Tumor,DLBC,-8.55791429,6.921357561
TCGA-TS-A7P1-01,,TCGA Tumor,MESO,-0.153832052,1.54137509
TCGA-75-6205-01,,TCGA Tumor,LUAD,-0.043701056,-2.667559694
TCGA-FP-8099-01,,TCGA Tumor,STAD,-3.412836346,-3.045997213
TCGA-ZJ-AAXI-01,,TCGA Tumor,CESC,-5.842905555,1.583242942
TCGA-B6-A0IG-01,,TCGA Tumor,BRCA,4.886418786,-1.282909583
TCGA-XN-A8T5-01,,TCGA Tumor,PAAD,-2.522192988,-1.962773155
TCGA-ZG-A9M4-01,,TCGA Tumor,PRAD,8.368361917,8.268902231
TCGA-EJ-7793-01,,TCGA Tumor,PRAD,7.805057016,9.120841433
TCGA-AA-3496-01,,TCGA Tumor,COAD,-6.086220298,-3.721245359
TCGA-23-1022-01,,TCGA Tumor,OV,1.942713824,8.203713823
TCGA-QR-A7IN-01,,TCGA Tumor,PCPG,0.22225174,12.80676501
TCGA-ZF-AA4N-01,,TCGA Tumor,BLCA,-5.290818248,2.105447937
TCGA-GC-A3RC-01,,TCGA Tumor,BLCA,-6.709844622,0.455421914
TCGA-DJ-A13T-01,,TCGA Tumor,THCA,11.55761763,0.08810059
TCGA-AX-A3FX-01,,TCGA Tumor,UCEC,1.432269063,6.540786196
TCGA-CJ-4923-01,,TCGA Tumor,KIRC,6.044253316,-5.663799356
TCGA-06-5416-01,,TCGA Tumor,GBM,1.366572228,-9.051936697
TCGA-CZ-5987-01,,TCGA Tumor,KIRC,6.095649209,-5.793858122
TCGA-98-A538-01,,TCGA Tumor,LUSC,-5.742956672,2.229151179
TCGA-ET-A3BO-01,,TCGA Tumor,THCA,11.04383894,-0.514113139
TCGA-BJ-A28W-01,,TCGA Tumor,THCA,-8.712084327,7.038461615
TCGA-EB-A5VV-06,,TCGA Tumor,SKCM,-8.592885527,6.933560778
TCGA-2G-AAGY-05,,TCGA Tumor,TGCT,-1.935727391,5.473019529
TCGA-KP-A3W0-01,,TCGA Tumor,UCEC,1.663955655,8.005487848
TCGA-CV-6436-01,,TCGA Tumor,HNSC,-6.545689139,0.236077462
TCGA-XM-A8RC-01,,TCGA Tumor,THYM,-10.90823415,6.026931215
TCGA-EJ-7782-01,,TCGA Tumor,PRAD,8.428225007,8.158085276
TCGA-HW-8322-01,,TCGA Tumor,LGG,3.134914842,-10.51790483
TCGA-BP-4159-01,,TCGA Tumor,KIRC,6.302913633,-5.340276312
TCGA-Q1-A6DT-01,,TCGA Tumor,CESC,-5.90265325,1.00825416
TCGA-85-6561-01,,TCGA Tumor,LUSC,-5.412119422,2.244419027
TCGA-EE-A29A-06,,TCGA Tumor,SKCM,4.975941148,3.393354584
TCGA-ZF-A9RL-01,,TCGA Tumor,BLCA,-3.627429042,0.120424215
TCGA-25-1633-01,,TCGA Tumor,OV,1.450385418,7.676150728
TCGA-25-2396-01,,TCGA Tumor,OV,1.73997685,8.52105086
TCGA-BR-7715-01,,TCGA Tumor,STAD,-3.929778132,-2.211890053
TCGA-BH-A0DO-01,,TCGA Tumor,BRCA,4.674118962,-1.251569342
TCGA-HC-A8CY-01,,TCGA Tumor,PRAD,8.352592912,8.296103884
TARGET-20-PASLSD-03,,TCGA Tumor,LAML,-3.872825656,-12.34968526
TCGA-DY-A0XA-01,,TCGA Tumor,READ,-6.217357192,-3.610229801
TCGA-DM-A28E-01,,TCGA Tumor,COAD,-5.888761077,-3.499673199
TCGA-S9-A6U9-01,,TCGA Tumor,LGG,2.29868814,-10.79250963
TCGA-5R-AA1C-01,,TCGA Tumor,LIHC,1.345187571,3.852311302
TCGA-CK-6747-01,,TCGA Tumor,COAD,-5.465914759,-3.725377392
TCGA-WB-A819-01,,TCGA Tumor,PCPG,-0.069230053,13.10883944
TCGA-Y8-A8S1-01,,TCGA Tumor,KIRP,6.154899087,-5.289657663
TCGA-CJ-5680-01,,TCGA Tumor,KIRC,5.987053838,-5.751433443
TCGA-34-5234-01,,TCGA Tumor,LUSC,-5.619897399,0.625577916
TCGA-A6-5667-01,,TCGA Tumor,COAD,-5.7623525,-3.543297123
TCGA-HT-7676-01,,TCGA Tumor,LGG,2.315896836,-10.98646314
TCGA-IB-8126-01,,TCGA Tumor,PAAD,-0.917012605,-1.635068249
TCGA-XF-A9T0-01,,TCGA Tumor,BLCA,-3.923396621,0.070011372
TARGET-20-PANLJN-09,,TCGA Tumor,LAML,-4.11467031,-12.1347738
TCGA-FW-A5DX-01,,TCGA Tumor,SKCM,5.083115068,3.478349854
TCGA-HZ-7920-01,,TCGA Tumor,PAAD,-2.168092522,-1.918507766
TCGA-04-1517-01,,TCGA Tumor,OV,1.701867547,8.102572848
TCGA-CN-6989-01,,TCGA Tumor,HNSC,-5.490109954,2.305020739
TCGA-HT-7469-01,,TCGA Tumor,LGG,1.244355347,-9.984873365
TARGET-50-PAJNJJ-01,,TCGA Tumor,WT,-4.595982108,7.729341913
TCGA-56-7822-01,,TCGA Tumor,LUSC,-6.197535071,1.394678284
TCGA-13-1487-01,,TCGA Tumor,OV,1.649130192,7.986809183
TARGET-20-PANBZH-09,,TCGA Tumor,LAML,-4.037166152,-12.22968919
TCGA-LL-A73Y-01,,TCGA Tumor,BRCA,1.050900426,-1.477933
TARGET-30-PASTKC-01,,TCGA Tumor,NB,2.611041751,12.89572661
TCGA-BC-A10X-01,,TCGA Tumor,LIHC,1.044457164,4.17612641
TCGA-UY-A78M-01,,TCGA Tumor,BLCA,-3.772995505,0.046725634
TCGA-BH-A0DK-01,,TCGA Tumor,BRCA,4.856574502,-1.259034466
TCGA-GC-A4ZW-01,,TCGA Tumor,BLCA,-3.553377185,-0.509791921
TARGET-50-PAKZHF-01,,TCGA Tumor,WT,-4.572547469,7.704711367
TCGA-K4-A4AC-01,,TCGA Tumor,BLCA,-6.769707713,0.700179983
TCGA-25-1628-01,,TCGA Tumor,OV,1.540670362,7.787648607
TCGA-85-A4JB-01,,TCGA Tumor,LUSC,-5.864118609,1.005148877
TCGA-62-A472-01,,TCGA Tumor,LUAD,-0.011331174,-3.153452705
TCGA-30-1714-01,,TCGA Tumor,OV,2.008464184,8.183758188
TCGA-NJ-A55R-01,,TCGA Tumor,LUAD,-1.347957644,-0.747261773
TCGA-23-1026-01,,TCGA Tumor,OV,2.022426095,8.138152529
TCGA-VQ-A8E3-01,,TCGA Tumor,STAD,-4.519883189,-3.577811788
TCGA-F5-6702-01,,TCGA Tumor,READ,-5.712780509,-3.407190393
TCGA-VS-A9UQ-01,,TCGA Tumor,CESC,-3.235228333,-2.454156708
TCGA-BH-A0BG-01,,TCGA Tumor,BRCA,0.988939669,-1.511288952
TARGET-10-PASYGM-03,,TCGA Tumor,Target-ALL,-8.7705932,7.155057837
TARGET-30-PASFGG-01,,TCGA Tumor,NB,2.673763719,12.96590464
TCGA-AJ-A23N-01,,TCGA Tumor,UCEC,1.590652552,7.410444189
TCGA-W5-AA34-01,,TCGA Tumor,CHOL,-0.101031992,3.038416554
TCGA-CA-5255-01,,TCGA Tumor,COAD,-5.77232984,-3.643390726
TCGA-93-A4JP-01,,TCGA Tumor,LUAD,-0.34956548,-2.836754631
TCGA-CK-4947-01,,TCGA Tumor,COAD,-5.749383483,-3.751875471
TCGA-IE-A6BZ-01,,TCGA Tumor,SARC,1.278019991,1.658453513
TARGET-20-PARZUU-09,,TCGA Tumor,LAML,-4.755990538,-11.4508043
TCGA-2G-AAGS-01,,TCGA Tumor,TGCT,-1.706779036,5.206738878
TCGA-V1-A8MU-01,,TCGA Tumor,PRAD,9.185368982,8.278987337
TCGA-A8-A06Z-01,,TCGA Tumor,BRCA,5.573829141,-1.752872537
TCGA-KP-A3W1-01,,TCGA Tumor,UCEC,1.114200499,6.617299963
TCGA-G5-6233-01,,TCGA Tumor,READ,-5.682615313,-3.543944429
TCGA-CH-5789-01,,TCGA Tumor,PRAD,8.71246573,8.269362856
TCGA-62-8395-01,,TCGA Tumor,LUAD,-0.433399353,-2.905366491
TCGA-TK-A8OK-01,,TCGA Tumor,PRAD,9.276399102,8.073147226
TCGA-24-2261-01,,TCGA Tumor,OV,1.760505405,8.489977289
TCGA-AN-A0AT-01,,TCGA Tumor,BRCA,0.93929812,-1.497022938
TCGA-13-0800-01,,TCGA Tumor,OV,1.541651216,7.803788592
TCGA-3U-A98H-01,,TCGA Tumor,MESO,-0.136378798,1.529303123
TCGA-77-8136-01,,TCGA Tumor,LUSC,-5.74934772,1.136481215
TCGA-D1-A2G0-01,,TCGA Tumor,UCEC,1.216247227,6.544000555
TCGA-ET-A40P-01,,TCGA Tumor,THCA,11.5930123,0.721981455
TCGA-13-0765-01,,TCGA Tumor,OV,1.927650538,8.025781084
TCGA-CW-5589-01,,TCGA Tumor,KIRC,5.982465234,-5.50314958
TCGA-VQ-A8E0-01,,TCGA Tumor,STAD,-3.784012351,-3.660568308
TCGA-66-2756-01,,TCGA Tumor,LUSC,-0.95013884,-1.575187277
TCGA-2G-AAHG-01,,TCGA Tumor,TGCT,-1.966616187,5.503250052
TCGA-61-1998-01,,TCGA Tumor,OV,1.75040504,8.163932253
TCGA-23-1029-01,,TCGA Tumor,OV,1.968661752,8.312766482
TCGA-EE-A3J4-06,,TCGA Tumor,SKCM,6.582929578,4.332344938
TCGA-95-7567-01,,TCGA Tumor,LUAD,-0.05122501,-3.054954838
TCGA-E2-A14U-01,,TCGA Tumor,BRCA,4.864517656,-1.529139232
TCGA-AD-6888-01,,TCGA Tumor,COAD,-5.746655974,-3.592610906
TCGA-F4-6809-01,,TCGA Tumor,COAD,-5.916222129,-3.530373405
TCGA-A3-3385-01,,TCGA Tumor,KIRC,6.354062524,-6.77108581
TCGA-50-5051-01,,TCGA Tumor,LUAD,-0.82680038,-2.061087679
TCGA-BP-5000-01,,TCGA Tumor,KIRC,6.308237043,-5.559509348
TCGA-B0-5108-01,,TCGA Tumor,KIRC,6.21366736,-5.384859156
TCGA-CK-5914-01,,TCGA Tumor,COAD,-5.964178595,-3.762358736
TCGA-HT-7478-01,,TCGA Tumor,LGG,2.254823652,-10.58369214
TARGET-50-PAKWPM-01,,TCGA Tumor,WT,-4.570754084,7.70379727
TCGA-23-1030-01,,TCGA Tumor,OV,1.375023213,8.023808409
TCGA-5P-A9K6-01,,TCGA Tumor,KIRP,-0.852161917,7.751600195
TCGA-H2-A26U-01,,TCGA Tumor,THCA,11.04055926,-0.512825977
TCGA-D1-A3JP-01,,TCGA Tumor,UCEC,-2.551368985,-2.510519337
TCGA-IZ-8195-01,,TCGA Tumor,KIRP,5.574688878,-5.198073934
TCGA-43-8116-01,,TCGA Tumor,LUSC,-5.153948817,1.073906709
TCGA-18-3410-01,,TCGA Tumor,LUSC,-5.25753406,1.084022809
TCGA-BR-7704-01,,TCGA Tumor,STAD,-3.877370868,-3.435878586
TCGA-61-2003-01,,TCGA Tumor,OV,1.709303346,8.048947264
TCGA-MW-A4EC-01,,TCGA Tumor,KIRC,6.290098157,-6.793957781
TCGA-A3-3343-01,,TCGA Tumor,KIRC,6.237824407,-6.837751936
TCGA-L5-A4OM-01,,TCGA Tumor,ESCA,-6.092094455,2.29463451
TCGA-WB-A80Q-01,,TCGA Tumor,PCPG,0.160958466,12.86620181
TCGA-BK-A13B-01,,TCGA Tumor,UCEC,1.488877263,6.514779497
TCGA-EX-A69L-01,,TCGA Tumor,CESC,-5.248143229,1.323577453
TARGET-30-PAKYZS-01,,TCGA Tumor,NB,0.402484151,12.7901644
TCGA-WB-A817-01,,TCGA Tumor,PCPG,0.177694958,12.87134879
TCGA-55-A48Y-01,,TCGA Tumor,LUAD,-1.009003076,-2.040935825
TARGET-50-PAKNXS-01,,TCGA Tumor,WT,-4.560587439,7.697453428
TCGA-BJ-A45F-01,,TCGA Tumor,THCA,11.41351935,0.952293326
TCGA-AK-3447-01,,TCGA Tumor,KIRC,-3.516130719,5.071377684
TCGA-Q1-A73O-01,,TCGA Tumor,CESC,-5.568408999,1.29656725
TCGA-D5-6532-01,,TCGA Tumor,COAD,-6.126685176,-3.718763899
TCGA-QR-A70J-01,,TCGA Tumor,PCPG,0.208159175,12.81992571
TCGA-CH-5752-01,,TCGA Tumor,PRAD,7.71130177,9.20857184
TCGA-5P-A9KE-01,,TCGA Tumor,KIRP,-0.772843632,7.531492163
TCGA-VS-A8QC-01,,TCGA Tumor,CESC,-6.316265139,1.469985534
TCGA-86-A456-01,,TCGA Tumor,LUAD,-0.138903591,-3.121637892
TCGA-33-AASB-01,,TCGA Tumor,LUSC,-1.277969513,-2.229929041
TCGA-EA-A5ZE-01,,TCGA Tumor,CESC,-5.148489508,1.193774391
TCGA-XT-AASU-01,,TCGA Tumor,MESO,-0.118818435,1.502290655
TCGA-FE-A22Z-01,,TCGA Tumor,THCA,10.95676848,-0.308554958
TCGA-XQ-A8TB-01,,TCGA Tumor,PRAD,7.72079226,9.20026343
TCGA-RW-A8AZ-01,,TCGA Tumor,PCPG,0.340812892,12.68048041
TCGA-50-5068-01,,TCGA Tumor,LUAD,0.005284425,-2.473239254
TCGA-NK-A5CR-01,,TCGA Tumor,LUSC,-5.306147609,2.406436611
TCGA-NJ-A55A-01,,TCGA Tumor,LUAD,-0.423383925,-2.695119213
TCGA-ZS-A9CF-02,,TCGA Tumor,None,0.785368856,4.278067518
TCGA-ZS-A9CF-01,,TCGA Tumor,LIHC,0.897137042,4.214886118
TCGA-69-7973-01,,TCGA Tumor,LUAD,-0.840980801,-2.14842112
TCGA-D3-A2J7-06,,TCGA Tumor,SKCM,5.544284787,3.515441347
TCGA-DK-AA6T-01,,TCGA Tumor,BLCA,-8.604213271,6.906087328
TARGET-21-PASFJJ-41,,TCGA Tumor,LAML,-5.031705889,-11.90431459
TCGA-56-7580-01,,TCGA Tumor,LUSC,-5.225934062,1.741044928
TCGA-AR-A0U0-01,,TCGA Tumor,BRCA,0.880992767,-1.498814057
TCGA-S4-A8RM-01,,TCGA Tumor,PAAD,-3.404790673,-3.169514488
TCGA-DU-A5TW-01,,TCGA Tumor,LGG,2.279078927,-10.9941221
TCGA-DX-AB2S-01,,TCGA Tumor,SARC,1.144396212,1.247012545
TCGA-G9-6329-01,,TCGA Tumor,PRAD,7.972531285,9.024321009
TARGET-20-PAPAWN-09,,TCGA Tumor,LAML,-4.041033778,-12.22483022
TCGA-GD-A3OP-01,,TCGA Tumor,BLCA,-3.579304728,-0.054479342
TCGA-90-7769-01,,TCGA Tumor,LUSC,-5.702484641,2.352319647
TCGA-CR-6467-01,,TCGA Tumor,HNSC,-5.889449153,1.810790945
TCGA-S9-A6TX-01,,TCGA Tumor,LGG,3.170149055,-10.56179864
TCGA-22-4613-01,,TCGA Tumor,LUSC,-5.42165235,2.505406548
TCGA-GS-A9TV-01,,TCGA Tumor,DLBC,-8.629143271,6.982316424
TCGA-IG-A97H-01,,TCGA Tumor,ESCA,-6.59365848,0.700473298
TARGET-30-PANZPV-01,,TCGA Tumor,NB,2.634751287,12.91115229
TCGA-37-4135-01,,TCGA Tumor,LUSC,-0.611133966,-1.596005987
TCGA-RY-A83Z-01,,TCGA Tumor,LGG,2.220048514,-10.93430765
TCGA-IG-A5B8-01,,TCGA Tumor,ESCA,-6.51933578,0.640030373
TCGA-BP-5196-01,,TCGA Tumor,KIRC,6.152330842,-5.29171903
TCGA-BD-A3EP-01,,TCGA Tumor,LIHC,0.965410736,4.168082167
TCGA-DX-A8BQ-01,,TCGA Tumor,SARC,1.134914544,1.158011485
TCGA-EW-A1P5-01,,TCGA Tumor,BRCA,5.615731206,-1.622896265
TCGA-37-3792-01,,TCGA Tumor,LUSC,-0.849960956,-1.771868299
TCGA-QR-A6GS-01,,TCGA Tumor,PCPG,0.0795477,12.95171492
TCGA-FD-A3SL-01,,TCGA Tumor,BLCA,-3.646930251,-0.907138478
TCGA-ET-A39L-01,,TCGA Tumor,THCA,11.63435408,0.773572494
TCGA-BH-A1FN-01,,TCGA Tumor,BRCA,4.955308881,-1.523576688
TCGA-TS-A8AF-01,,TCGA Tumor,MESO,-0.15475491,1.541544605
TCGA-J8-A3YH-06,,TCGA Tumor,THCA,11.39501997,-0.15936638
TCGA-EK-A2GZ-01,,TCGA Tumor,CESC,-5.63726953,1.127208639
TCGA-N5-A4RM-01,,TCGA Tumor,UCS,0.606555771,1.047349204
TCGA-AZ-6600-01,,TCGA Tumor,COAD,-5.795866523,-3.601473402
TCGA-MM-A564-01,,TCGA Tumor,KIRC,6.295142617,-5.328899454
TCGA-XJ-A9DX-01,,TCGA Tumor,PRAD,8.441760507,8.197535921
TCGA-E9-A3X8-01,,TCGA Tumor,BRCA,3.96425077,-1.702099632
TARGET-30-PAMEZH-01,,TCGA Tumor,NB,2.647449222,12.92121832
TCGA-51-4079-01,,TCGA Tumor,LUSC,-5.375881705,2.30805843
TCGA-HZ-8002-01,,TCGA Tumor,PAAD,-2.224446807,-2.304682564
TCGA-3A-A9IH-01,,TCGA Tumor,PAAD,-3.15432981,-2.674337458
TCGA-B5-A3FC-01,,TCGA Tumor,UCEC,1.168667283,6.743162085
TARGET-30-PARBAJ-01,,TCGA Tumor,NB,2.611139503,12.85274737
TARGET-30-PARBAJ-02,,TCGA Tumor,NB,2.626675334,12.87901824
TCGA-98-8020-01,,TCGA Tumor,LUSC,-6.492451224,0.606804539
TCGA-CV-5970-01,,TCGA Tumor,HNSC,-6.499733481,0.49230345
TCGA-DX-AB2G-01,,TCGA Tumor,SARC,1.272332754,1.450806428
TARGET-50-PALEZT-01,,TCGA Tumor,WT,-4.647388491,7.780893732
TCGA-A1-A0SJ-01,,TCGA Tumor,BRCA,3.930763927,-1.824550222
TCGA-J2-A4AG-01,,TCGA Tumor,LUAD,-0.178762708,-3.17865951
TCGA-EI-6510-01,,TCGA Tumor,READ,-5.958654437,-3.834600519
TCGA-G4-6588-01,,TCGA Tumor,COAD,-4.893058333,-3.727708887
TCGA-GS-A9TZ-01,,TCGA Tumor,DLBC,-8.587228331,6.929222513
TCGA-22-5471-01,,TCGA Tumor,LUSC,-5.206262145,2.353976656
TARGET-10-PANKMB-09,,TCGA Tumor,Target-ALL,-8.418341193,-8.392716955
TCGA-VQ-A91V-01,,TCGA Tumor,STAD,-3.720032725,-3.439153265
TCGA-CV-7425-01,,TCGA Tumor,HNSC,-6.903479609,0.604560364
TCGA-EK-A2R9-01,,TCGA Tumor,CESC,-5.172732386,1.06663232
TCGA-QR-A6H4-01,,TCGA Tumor,PCPG,0.005204436,13.03504508
TCGA-BH-A201-01,,TCGA Tumor,BRCA,3.051022735,-1.272102546
TCGA-66-2744-01,,TCGA Tumor,LUSC,-5.162677798,1.073117901
TCGA-61-2016-01,,TCGA Tumor,OV,1.949944463,8.296716143
TCGA-CN-4733-01,,TCGA Tumor,HNSC,-6.095340762,0.182963748
TCGA-IR-A3LL-01,,TCGA Tumor,CESC,-6.308198008,1.629084755
TCGA-05-4405-01,,TCGA Tumor,LUAD,-0.273875747,-2.916534733
TCGA-99-8033-01,,TCGA Tumor,LUAD,-1.202300463,-2.096682381
TARGET-30-PATHKB-01,,TCGA Tumor,NB,2.715482679,12.97179263
TARGET-10-PANZPJ-09,,TCGA Tumor,Target-ALL,-8.344220671,-8.283979963
TCGA-DD-AA3A-01,,TCGA Tumor,LIHC,-0.090694818,3.033111025
TARGET-10-PANUHA-09,,TCGA Tumor,Target-ALL,-8.183411155,-8.146037649
TARGET-10-PANZPJ-04,,TCGA Tumor,Target-ALL,-8.414337668,-8.373529028
TCGA-13-0885-01,,TCGA Tumor,OV,1.704037037,8.241478373
TCGA-DU-8165-01,,TCGA Tumor,LGG,1.283725288,-9.98448522
TCGA-E9-A22H-01,,TCGA Tumor,BRCA,5.352230039,-1.409431409
TCGA-FP-A4BF-01,,TCGA Tumor,STAD,-4.226126704,-3.074204754
TCGA-ZB-A964-01,,TCGA Tumor,THYM,-11.05328134,5.899700571
TCGA-49-AARE-01,,TCGA Tumor,LUAD,-0.352145109,-2.862692188
TCGA-Y8-A8RZ-01,,TCGA Tumor,KIRP,5.597764459,-5.20841844
TCGA-76-4925-01,,TCGA Tumor,GBM,1.253801432,-9.686493467
TCGA-CZ-5469-01,,TCGA Tumor,KIRC,6.07121655,-5.349198889
TCGA-B6-A0RP-01,,TCGA Tumor,BRCA,4.281435456,-1.285565685
TARGET-10-PARMSP-04,,TCGA Tumor,Target-ALL,-8.399488005,-8.369133543
TCGA-ZB-A96C-01,,TCGA Tumor,THYM,-11.06965021,5.885013033
TCGA-D8-A27V-01,,TCGA Tumor,BRCA,4.244697299,-1.561729621
TCGA-ZF-AA4V-01,,TCGA Tumor,BLCA,0.820986566,-1.424681376
TCGA-TM-A7C5-01,,TCGA Tumor,LGG,3.196422544,-10.57847173
TCGA-RD-A8N1-01,,TCGA Tumor,STAD,-3.71620563,-3.634651493
TCGA-BR-8687-01,,TCGA Tumor,STAD,-3.850684676,-3.700102638
TARGET-10-PARMSP-09,,TCGA Tumor,Target-ALL,-8.16679338,-8.137240003
TCGA-OR-A5JV-01,,TCGA Tumor,ACC,-3.475309405,-8.620283674
TCGA-EM-A2CO-01,,TCGA Tumor,THCA,11.32882353,0.986295034
TARGET-10-PAPHJF-04,,TCGA Tumor,Target-ALL,-8.347109351,-8.293311666
TCGA-BR-A4IY-01,,TCGA Tumor,STAD,-5.502752814,0.707849849
TARGET-10-PAPHJF-09,,TCGA Tumor,Target-ALL,-8.417731795,-8.340982984
TCGA-50-6673-01,,TCGA Tumor,LUAD,-0.342860255,-2.97597773
TCGA-V1-A9OQ-01,,TCGA Tumor,PRAD,8.976435151,8.228216578
TCGA-FG-A6IZ-01,,TCGA Tumor,LGG,3.066698041,-10.46922929
TARGET-30-PARKGJ-01,,TCGA Tumor,NB,2.581667867,12.84721701
TCGA-C5-A1M5-01,,TCGA Tumor,CESC,-6.040022883,2.343654801
TCGA-CR-7372-01,,TCGA Tumor,HNSC,-6.632566485,0.52352785
TCGA-EM-A3AN-01,,TCGA Tumor,THCA,11.54401728,0.067289856
TCGA-F2-A44H-01,,TCGA Tumor,PAAD,-0.95225409,-1.884084176
TCGA-EM-A2OZ-01,,TCGA Tumor,THCA,10.99191805,-0.616705369
TCGA-55-7727-01,,TCGA Tumor,LUAD,-0.175926897,-3.176682304
TCGA-TQ-A7RP-01,,TCGA Tumor,LGG,1.609041658,-10.09070737
TARGET-10-PAPJHB-09,,TCGA Tumor,Target-ALL,-8.481609854,-8.432555746
TCGA-24-2020-01,,TCGA Tumor,OV,-4.872997794,-1.929256986
TCGA-A1-A0SE-01,,TCGA Tumor,BRCA,4.570449319,-1.355608653
TCGA-OU-A5PI-01,,TCGA Tumor,ACC,-3.46439198,-8.615531515
TCGA-XU-A92Q-01,,TCGA Tumor,THYM,-11.06512884,5.888311793
TARGET-10-PAPGYC-09,,TCGA Tumor,Target-ALL,-8.42925981,-8.380524229
TCGA-77-8153-01,,TCGA Tumor,LUSC,-5.318026576,2.478049685
TARGET-10-PANGIF-03,,TCGA Tumor,Target-ALL,-8.381667647,-8.336269926
TCGA-L5-A88Y-01,,TCGA Tumor,ESCA,-4.138640437,-2.770520042
TCGA-A8-A06Y-01,,TCGA Tumor,BRCA,4.228020396,-1.499919723
TCGA-QS-A8F1-01,,TCGA Tumor,UCEC,1.364360657,7.915757586
TCGA-G3-A25S-01,,TCGA Tumor,LIHC,0.486158681,3.762856175
TCGA-ER-A19K-01,,TCGA Tumor,SKCM,6.001016107,3.696978975
TARGET-20-PAKIYW-09,,TCGA Tumor,LAML,-3.835823092,-12.38873346
TCGA-EL-A3ZM-01,,TCGA Tumor,THCA,10.91381785,-0.271393221
TCGA-DJ-A13X-01,,TCGA Tumor,THCA,11.59971663,0.110062901
TCGA-DX-A1L3-01,,TCGA Tumor,SARC,1.25880101,1.447345782
TCGA-2Z-A9JN-01,,TCGA Tumor,KIRP,0.979364064,6.529574801
TCGA-AR-A1AM-01,,TCGA Tumor,BRCA,4.762838807,-1.530714344
TCGA-HT-8113-01,,TCGA Tumor,LGG,2.819490638,-9.731889318
TCGA-13-0890-01,,TCGA Tumor,OV,1.383737829,7.505084444
TCGA-VF-A8AE-01,,TCGA Tumor,TGCT,-1.882731232,5.416212965
TARGET-30-PAPTLV-01,,TCGA Tumor,NB,2.75487968,13.02601187
TCGA-DH-A7UT-01,,TCGA Tumor,LGG,2.374500241,-10.78389413
TCGA-A6-6138-01,,TCGA Tumor,COAD,-6.191370997,-3.653605055
TCGA-CV-7238-01,,TCGA Tumor,HNSC,-6.716236625,0.599521388
TCGA-AB-2841-03,,TCGA Tumor,LAML,-4.242190394,-12.00038965
TCGA-EL-A3T7-01,,TCGA Tumor,THCA,11.17879626,-0.44318987
TCGA-SN-A6IS-01,,TCGA Tumor,TGCT,-1.924449477,5.460861136
TCGA-AN-A041-01,,TCGA Tumor,BRCA,3.649248567,-1.385925244
TCGA-CN-5367-01,,TCGA Tumor,HNSC,-6.869751487,0.652065028
TCGA-MP-A4T8-01,,TCGA Tumor,LUAD,-1.106623087,-2.157604526
TCGA-D6-A74Q-01,,TCGA Tumor,HNSC,-6.062319312,1.188533951
TCGA-86-8279-01,,TCGA Tumor,LUAD,-0.231422994,-3.115109276
TCGA-W2-A7HB-01,,TCGA Tumor,PCPG,-0.06495044,13.10526888
TCGA-E7-A6MD-01,,TCGA Tumor,BLCA,-3.840519938,0.142313432
TCGA-CR-5250-01,,TCGA Tumor,HNSC,-5.99251512,1.908995796
TCGA-B0-5100-01,,TCGA Tumor,KIRC,6.259881463,-5.316051554
TCGA-EJ-7218-01,,TCGA Tumor,PRAD,8.370736089,8.28262179
TCGA-XK-AAJR-01,,TCGA Tumor,PRAD,9.314012017,8.170213152
TCGA-BH-A28Q-01,,TCGA Tumor,BRCA,4.266211238,-1.340200971
TCGA-2A-AAYF-01,,TCGA Tumor,PRAD,8.463293519,8.245503832
TCGA-BP-4775-01,,TCGA Tumor,KIRC,6.336753812,-6.73883016
TCGA-44-3917-01,,TCGA Tumor,LUAD,-4.526933703,-3.281698059
TCGA-2G-AALF-01,,TCGA Tumor,TGCT,-4.911040816,-1.930689167
TCGA-61-2000-01,,TCGA Tumor,OV,1.753508177,8.569176127
TCGA-A4-7288-01,,TCGA Tumor,KIRP,-0.716955457,7.465900828
TCGA-75-5125-01,,TCGA Tumor,LUAD,-0.078122351,-3.198614906
TCGA-BR-4369-01,,TCGA Tumor,STAD,-4.966822181,-2.0094393
TCGA-B0-5400-01,,TCGA Tumor,KIRC,6.110632386,-5.293944429
TCGA-G4-6317-02,,TCGA Tumor,COAD,-5.788320098,-3.591950964
TCGA-G4-6317-01,,TCGA Tumor,COAD,-6.033933673,-3.627500843
TCGA-HU-8244-01,,TCGA Tumor,STAD,-3.836279902,-3.717052292
TCGA-25-2404-01,,TCGA Tumor,OV,1.984763708,8.153842379
TCGA-CV-7437-01,,TCGA Tumor,HNSC,-5.400201354,2.081961085
TCGA-55-7913-01,,TCGA Tumor,LUAD,-1.211032781,-2.249371122
TARGET-30-PALTEG-01,,TCGA Tumor,NB,2.596271482,12.82945101
TCGA-K7-A5RG-01,,TCGA Tumor,LIHC,0.408670141,3.584502865
TCGA-ZG-A9LU-01,,TCGA Tumor,PRAD,9.038980928,8.184574534
TCGA-13-0768-01,,TCGA Tumor,OV,1.671231356,7.88776343
TCGA-B6-A409-01,,TCGA Tumor,BRCA,0.990253356,-1.552626084
TCGA-B8-5552-01,,TCGA Tumor,KIRC,6.279727426,-5.910285543
TCGA-C5-A7X8-01,,TCGA Tumor,CESC,-3.200080905,-2.477275204
TCGA-BP-4330-01,,TCGA Tumor,KIRC,6.09401032,-6.673003267
TCGA-21-1078-01,,TCGA Tumor,LUSC,-3.819471869,0.243509878
TCGA-34-2600-01,,TCGA Tumor,LUSC,-6.028136287,2.301172186
TCGA-AB-2950-03,,TCGA Tumor,LAML,-4.651877436,-11.42254693
TCGA-SG-A6Z4-01,,TCGA Tumor,SARC,1.340177562,1.242293645
TCGA-VD-AA8R-01,,TCGA Tumor,UVM,6.672763314,4.390307833
TCGA-3B-A9HZ-01,,TCGA Tumor,SARC,1.944596138,1.624414731
TARGET-30-PAIXIF-01,,TCGA Tumor,NB,0.350310818,12.68039363
TCGA-CJ-4873-01,,TCGA Tumor,KIRC,6.091356721,-5.679011415
TCGA-SX-A7SL-01,,TCGA Tumor,KIRP,-0.741469178,7.506241728
TARGET-30-PANUIF-01,,TCGA Tumor,NB,2.727721896,12.94062464
TCGA-BH-A1EX-01,,TCGA Tumor,BRCA,4.14014956,-0.92903937
TCGA-HW-8321-01,,TCGA Tumor,LGG,2.481664624,-10.85741479
TCGA-CK-4952-01,,TCGA Tumor,COAD,-4.72706655,-3.63712437
TCGA-G4-6309-01,,TCGA Tumor,COAD,-5.013750586,-3.68190534
TCGA-EZ-7264-01,,TCGA Tumor,LGG,3.194997277,-10.49104555
TCGA-X7-A8M0-01,,TCGA Tumor,THYM,-11.04513601,5.904636313
TCGA-E8-A433-01,,TCGA Tumor,THCA,11.37861201,-0.154078852
TCGA-55-8615-01,,TCGA Tumor,LUAD,-0.933440242,-2.165779899
TCGA-HZ-A4BK-01,,TCGA Tumor,PAAD,-2.680120263,-2.46742494
TCGA-BH-A0B2-01,,TCGA Tumor,BRCA,3.956334319,-1.739116381
TCGA-BK-A26L-01,,TCGA Tumor,UCEC,-4.58922008,-3.305449318
TCGA-A2-A0CT-01,,TCGA Tumor,BRCA,5.261992421,-1.758477281
TCGA-56-7823-01,,TCGA Tumor,LUSC,-5.934992347,2.434898306
TCGA-G2-A2EO-01,,TCGA Tumor,BLCA,-5.273957286,2.448440481
TCGA-D6-A6EO-01,,TCGA Tumor,HNSC,-6.49132112,1.224278618
TCGA-29-1778-01,,TCGA Tumor,OV,1.609992471,8.323905398
TCGA-EB-A24C-01,,TCGA Tumor,SKCM,5.364855733,3.76383679
TCGA-AK-3443-01,,TCGA Tumor,KIRC,-3.536779914,5.08901446
TCGA-A7-A0CJ-01,,TCGA Tumor,BRCA,5.601153817,-1.545343708
TCGA-CS-6666-01,,TCGA Tumor,LGG,2.242407527,-10.96893842
TCGA-B5-A3FB-01,,TCGA Tumor,UCEC,1.431976643,6.511670042
TCGA-BP-4776-01,,TCGA Tumor,KIRC,6.349548307,-6.355676245
TCGA-CM-5868-01,,TCGA Tumor,COAD,-6.021251712,-3.721881222
TARGET-50-PAJNZK-01,,TCGA Tumor,WT,-4.595287833,7.728228022
TCGA-WC-A885-01,,TCGA Tumor,UVM,6.66250607,4.381198336
TCGA-55-6979-01,,TCGA Tumor,LUAD,-0.187733266,-2.693995546
TCGA-P4-AAVO-01,,TCGA Tumor,KIRP,5.550707784,-5.173994612
TARGET-30-PANRVJ-01,,TCGA Tumor,NB,2.722170797,12.97532122
TCGA-VQ-A91Z-01,,TCGA Tumor,STAD,-5.405411753,-3.178827118
TCGA-A2-A4S2-01,,TCGA Tumor,BRCA,4.820227113,-1.451890301
TCGA-61-2092-01,,TCGA Tumor,OV,1.412534919,6.308076311
TARGET-20-PARUDL-03,,TCGA Tumor,LAML,-4.057810817,-12.16773088
TCGA-W5-AA2X-01,,TCGA Tumor,CHOL,-1.263555441,-2.218758653
TCGA-BJ-A291-01,,TCGA Tumor,THCA,11.49037119,0.89994805
TCGA-IR-A3LH-01,,TCGA Tumor,CESC,-5.246333155,0.809662629
TCGA-KO-8410-01,,TCGA Tumor,KICH,-3.53991488,5.084524561
TCGA-BH-A0H0-01,,TCGA Tumor,BRCA,5.302722898,-1.577958058
TCGA-LN-A4A9-01,,TCGA Tumor,ESCA,-6.362818751,0.45975091
TCGA-LL-A5YO-01,,TCGA Tumor,BRCA,4.090733495,-0.914543341
TCGA-86-A4JF-01,,TCGA Tumor,LUAD,-0.158430371,-3.139216255
TCGA-DC-6156-01,,TCGA Tumor,READ,-5.707519564,-3.622893642
TARGET-30-PAPBZI-01,,TCGA Tumor,NB,2.628606763,12.87625449
TCGA-QU-A6IP-01,,TCGA Tumor,PRAD,8.102523771,8.581852366
TCGA-FI-A3PV-01,,TCGA Tumor,UCEC,1.305693057,6.708520342
TCGA-V1-A9O9-01,,TCGA Tumor,PRAD,7.655530896,9.231066157
TCGA-FS-A1Z3-06,,TCGA Tumor,SKCM,5.610442128,3.571440626
TCGA-AN-A0FW-01,,TCGA Tumor,BRCA,5.627808061,-1.742721151
TCGA-VQ-A8PH-01,,TCGA Tumor,STAD,-4.94266418,-1.991842579
TCGA-AC-A6IX-06,,TCGA Tumor,BRCA,4.563492265,-1.339798044
TCGA-AC-A6IX-01,,TCGA Tumor,BRCA,4.144757238,-1.691657852
TCGA-XF-A8HH-01,,TCGA Tumor,BLCA,-3.607525382,0.041774874
TCGA-EB-A551-01,,TCGA Tumor,SKCM,5.395226445,3.441350628
TCGA-EL-A4K2-01,,TCGA Tumor,THCA,11.56695982,0.756555487
TCGA-HW-7491-01,,TCGA Tumor,LGG,3.163330522,-10.50137098
TCGA-FS-A1ZD-06,,TCGA Tumor,SKCM,4.984452214,3.419683148
TCGA-86-7701-01,,TCGA Tumor,LUAD,-0.894388709,-1.898025941
TCGA-EJ-A8FO-01,,TCGA Tumor,PRAD,7.883405175,9.009375025
TCGA-GN-A267-06,,TCGA Tumor,SKCM,5.980920282,3.546863009
TCGA-A3-3320-01,,TCGA Tumor,KIRC,6.322574582,-6.799227785
TCGA-FT-A3EE-01,,TCGA Tumor,BLCA,-3.760006938,0.126065795
TCGA-D3-A8GP-06,,TCGA Tumor,SKCM,5.192712274,3.648193289
TCGA-L9-A443-01,,TCGA Tumor,LUAD,-0.161841366,-3.164517235
TCGA-DJ-A2PN-01,,TCGA Tumor,THCA,11.32338854,-0.207843464
TCGA-S9-A6U1-01,,TCGA Tumor,LGG,2.273052182,-10.96362455
TCGA-ZB-A96E-01,,TCGA Tumor,THYM,-11.01349214,5.93382876
TCGA-D3-A2JF-06,,TCGA Tumor,SKCM,5.011724439,3.40943401
TCGA-66-2767-01,,TCGA Tumor,LUSC,-5.726352248,1.80971234
TCGA-MR-A520-01,,TCGA Tumor,LIHC,0.954562273,4.219448973
TCGA-X7-A8M4-01,,TCGA Tumor,THYM,-10.91473058,6.032609869
TCGA-AB-2835-03,,TCGA Tumor,LAML,-3.824696574,-12.38533075
TCGA-E1-5307-01,,TCGA Tumor,LGG,2.296627965,-10.60162218
TCGA-78-8660-01,,TCGA Tumor,LUAD,-0.130181823,-3.103459667
TCGA-C5-A1M9-01,,TCGA Tumor,CESC,-4.603997741,0.137514126
TCGA-KL-8325-01,,TCGA Tumor,KICH,-3.570093903,5.114015986
TCGA-EE-A2MC-06,,TCGA Tumor,SKCM,1.077867177,1.126329352
TCGA-K4-A3WU-01,,TCGA Tumor,BLCA,-3.910758052,-0.659923326
TCGA-AG-4021-01,,TCGA Tumor,READ,-5.763735804,-3.548930477
TCGA-E2-A156-01,,TCGA Tumor,BRCA,5.474641767,-1.366826247
TCGA-CS-6669-01,,TCGA Tumor,LGG,2.807366576,-9.72092111
TARGET-21-PASTZK-09,,TCGA Tumor,LAML,-5.242340598,-12.30979593
TCGA-BH-A0B4-01,,TCGA Tumor,BRCA,3.443051305,-1.351865243
TCGA-EM-A2CL-01,,TCGA Tumor,THCA,11.57764098,0.804151584
TCGA-CF-A47V-01,,TCGA Tumor,BLCA,-3.670487914,0.138632689
TCGA-AR-A24R-01,,TCGA Tumor,BRCA,5.663663831,-1.597628425
TCGA-VM-A8CE-01,,TCGA Tumor,LGG,2.98310205,-10.55546434
TCGA-3B-A9I3-01,,TCGA Tumor,SARC,-2.594794307,-1.919491242
TCGA-3H-AB3O-01,,TCGA Tumor,MESO,-0.125760231,1.458414961
TCGA-J4-A67L-01,,TCGA Tumor,PRAD,7.746820893,9.178376604
TCGA-E2-A1LH-01,,TCGA Tumor,BRCA,0.911918249,-1.39878888
TCGA-HT-7481-01,,TCGA Tumor,LGG,2.891515222,-9.847991537
TARGET-20-PASJGZ-04,,TCGA Tumor,LAML,-5.496124301,-12.42439611
TCGA-AB-2894-03,,TCGA Tumor,LAML,-3.8730512,-12.34499223
TCGA-NC-A5HO-01,,TCGA Tumor,LUSC,-5.840798888,2.365168501
TCGA-QQ-A5VA-01,,TCGA Tumor,SARC,0.86734381,1.046998192
TCGA-G9-6373-01,,TCGA Tumor,PRAD,7.759876695,9.145088602
TCGA-A6-6648-01,,TCGA Tumor,COAD,-6.04111484,-3.69546492
TCGA-BF-A1PZ-01,,TCGA Tumor,SKCM,6.024654355,3.686753679
TCGA-AB-2828-03,,TCGA Tumor,LAML,-3.947095904,-12.25537069
TCGA-50-6590-01,,TCGA Tumor,LUAD,0.217906561,-1.839320134
TARGET-30-PASWFB-01,,TCGA Tumor,NB,2.727752652,12.98736327
TCGA-78-7148-01,,TCGA Tumor,LUAD,-1.2261484,-2.293175052
TCGA-DU-8163-01,,TCGA Tumor,LGG,2.304131713,-10.84916837
TCGA-D8-A1JP-01,,TCGA Tumor,BRCA,4.365599599,-1.621211838
TCGA-24-0970-01,,TCGA Tumor,OV,1.44969162,7.829374243
TCGA-AB-2954-03,,TCGA Tumor,LAML,-4.394888434,-11.79826982
TCGA-13-1501-01,,TCGA Tumor,OV,1.337167111,7.875537325
TCGA-AB-2946-03,,TCGA Tumor,LAML,-4.985320124,-11.52074869
TCGA-AN-A0FS-01,,TCGA Tumor,BRCA,3.970276561,-1.823103141
TCGA-77-8154-01,,TCGA Tumor,LUSC,-6.001142535,2.401383091
TCGA-2G-AAFM-01,,TCGA Tumor,TGCT,-1.696172271,5.193962504
TCGA-DJ-A3V5-01,,TCGA Tumor,THCA,11.01943633,-0.336367737
TCGA-WE-A8ZX-06,,TCGA Tumor,SKCM,5.497263875,3.77185886
TCGA-AC-A3TM-01,,TCGA Tumor,BRCA,4.8581247,-1.530267309
TCGA-DJ-A2Q3-01,,TCGA Tumor,THCA,11.2002463,-0.292112421
TCGA-D6-8568-01,,TCGA Tumor,HNSC,-6.436346564,0.621279586
TCGA-CV-7446-01,,TCGA Tumor,HNSC,-6.019401583,2.399657656
TCGA-G8-6909-01,,TCGA Tumor,DLBC,-8.562876258,6.919804979
TCGA-DJ-A2PY-01,,TCGA Tumor,THCA,11.08384558,-0.294532131
TCGA-AB-2890-03,,TCGA Tumor,LAML,-4.949860129,-11.52154119
TCGA-AK-3444-01,,TCGA Tumor,KIRC,6.308004823,-6.761732172
TCGA-C8-A12K-01,,TCGA Tumor,BRCA,0.841208425,-1.564869832
TCGA-AR-A2LE-01,,TCGA Tumor,BRCA,3.955606904,-1.760835241
TCGA-AD-6964-01,,TCGA Tumor,COAD,-5.057751689,-3.696866344
TCGA-37-A5EL-01,,TCGA Tumor,LUSC,-5.169484172,2.133145977
TCGA-26-1442-01,,TCGA Tumor,GBM,2.453848806,-10.83459432
TCGA-B0-4688-01,,TCGA Tumor,KIRC,0.935333457,1.016658415
TCGA-BH-A0HK-01,,TCGA Tumor,BRCA,3.382991042,-1.576535653
TARGET-20-PARUUB-09,,TCGA Tumor,LAML,-4.288517985,-11.89580781
TCGA-J4-A67O-01,,TCGA Tumor,PRAD,9.268969026,8.163313318
TCGA-G4-6295-01,,TCGA Tumor,COAD,-6.158209357,-3.658486437
TCGA-RD-A8NB-01,,TCGA Tumor,STAD,-4.511903319,-3.549195598
TCGA-B2-4101-01,,TCGA Tumor,KIRC,6.211904969,-6.81684215
TCGA-BQ-7048-01,,TCGA Tumor,KIRP,5.593551603,-5.192736219
TCGA-DG-A2KJ-01,,TCGA Tumor,CESC,-3.359506879,-3.000575374
TCGA-55-A490-01,,TCGA Tumor,LUAD,-0.070110146,-2.917802166
TCGA-4Z-AA81-01,,TCGA Tumor,BLCA,-3.4577463,-2.109268974
TCGA-CF-A3MG-01,,TCGA Tumor,BLCA,-3.508053336,0.02238933
TCGA-QR-A708-01,,TCGA Tumor,PCPG,0.022383985,13.01798957
TCGA-24-2023-01,,TCGA Tumor,OV,1.952240195,8.280520846
TCGA-BR-A4PE-01,,TCGA Tumor,STAD,-3.75130466,-3.663736414
TCGA-NH-A50T-01,,TCGA Tumor,COAD,-6.150280509,-3.673158954
TCGA-FE-A237-01,,TCGA Tumor,THCA,11.22057768,-0.238558869
TCGA-2G-AAFI-01,,TCGA Tumor,TGCT,-1.689656529,5.186983992
TCGA-ZS-A9CE-01,,TCGA Tumor,LIHC,0.895439592,4.264481951
TARGET-30-PALETP-01,,TCGA Tumor,NB,2.633802142,12.88560336
TCGA-AR-A250-01,,TCGA Tumor,BRCA,4.990467038,-1.281387638
TCGA-HC-7230-01,,TCGA Tumor,PRAD,7.72467753,9.20461886
TCGA-G8-6914-01,,TCGA Tumor,DLBC,-8.577256713,6.943172384
TCGA-HT-8110-01,,TCGA Tumor,LGG,1.489805308,-10.05921323
TCGA-D8-A1JG-01,,TCGA Tumor,BRCA,4.158449855,-0.961128305
TCGA-KL-8337-01,,TCGA Tumor,KICH,-3.560545716,5.110437323
TCGA-FG-7638-01,,TCGA Tumor,LGG,2.98411366,-9.98443086
TCGA-ZF-A9R4-01,,TCGA Tumor,BLCA,-3.611726794,-0.07714514
TCGA-E2-A152-01,,TCGA Tumor,BRCA,4.14081904,-0.948646377
TCGA-CV-7097-01,,TCGA Tumor,HNSC,-6.528394732,0.574027647
TCGA-GN-A26C-01,,TCGA Tumor,SKCM,5.038146939,3.448251415
TARGET-20-PARUBT-09,,TCGA Tumor,LAML,-5.482781443,-12.47682149
TCGA-AR-A24V-01,,TCGA Tumor,BRCA,3.306376662,-1.27474327
TCGA-85-8070-01,,TCGA Tumor,LUSC,-5.38272098,2.285196949
TCGA-ED-A7PZ-01,,TCGA Tumor,LIHC,0.228178051,3.392023493
TCGA-AK-3429-01,,TCGA Tumor,KIRC,6.267103162,-6.830357622
TARGET-30-PASWIJ-01,,TCGA Tumor,NB,2.705471482,13.01282351
TCGA-PC-A5DL-01,,TCGA Tumor,SARC,1.976140108,1.580094744
TCGA-JV-A5VF-01,,TCGA Tumor,SARC,9.902259317,-4.485934328
TCGA-AH-6903-01,,TCGA Tumor,READ,-6.100750003,-3.769060921
TCGA-D7-6815-01,,TCGA Tumor,STAD,-5.242874179,-3.465931486
TCGA-BS-A0V4-01,,TCGA Tumor,UCEC,1.32339802,6.638825346
TCGA-AN-A0FX-01,,TCGA Tumor,BRCA,1.039558377,-1.529449772
TCGA-Q1-A5R3-01,,TCGA Tumor,CESC,-6.10659698,1.18721335
TCGA-CV-5966-01,,TCGA Tumor,HNSC,-5.367754969,0.834281613
TCGA-AC-A62V-01,,TCGA Tumor,BRCA,5.642175164,-1.72503693
TCGA-CN-6988-01,,TCGA Tumor,HNSC,-6.457986388,1.725392271
TCGA-ET-A39O-01,,TCGA Tumor,THCA,10.97345873,-0.387360315
TARGET-20-PANGJY-09,,TCGA Tumor,LAML,-3.886931453,-12.33854349
TARGET-30-PASXHE-01,,TCGA Tumor,NB,2.668019023,12.93058531
TCGA-FK-A3S3-01,,TCGA Tumor,THCA,11.64070841,0.324170877
TCGA-FB-AAQ1-01,,TCGA Tumor,PAAD,-2.841947827,-2.465424608
TCGA-AC-A2QI-01,,TCGA Tumor,BRCA,4.442663636,-1.402877878
TCGA-HC-7211-01,,TCGA Tumor,PRAD,8.541028466,8.234640528
TCGA-2Z-A9J3-01,,TCGA Tumor,KIRP,-0.858113203,7.848823954
TCGA-GF-A3OT-06,,TCGA Tumor,SKCM,1.103854385,1.146117021
TCGA-GM-A3XN-01,,TCGA Tumor,BRCA,4.198731389,-1.660500597
TCGA-US-A77J-01,,TCGA Tumor,PAAD,-2.342182193,-2.008305858
TCGA-C8-A275-01,,TCGA Tumor,BRCA,5.093679872,-1.168015789
TCGA-UD-AAC7-01,,TCGA Tumor,MESO,-0.120222661,1.508736063
TCGA-4L-AA1F-01,,TCGA Tumor,PRAD,8.252639261,8.380625178
TCGA-AK-3433-01,,TCGA Tumor,KIRC,-3.544416699,5.093361784
TCGA-DD-AAD8-01,,TCGA Tumor,LIHC,0.840366956,4.270368982
TCGA-AO-A129-01,,TCGA Tumor,BRCA,0.92081913,-1.374811124
TCGA-P3-A6T3-01,,TCGA Tumor,HNSC,-6.659179721,0.492920597
TCGA-ER-A19G-06,,TCGA Tumor,SKCM,5.708207097,3.623421122
TCGA-22-4601-01,,TCGA Tumor,LUSC,-5.536270652,2.439174343
TCGA-CV-A468-01,,TCGA Tumor,HNSC,-6.510693106,0.548050661
TCGA-EJ-5516-01,,TCGA Tumor,PRAD,7.709821191,9.215292383
TCGA-DX-A8BV-01,,TCGA Tumor,SARC,1.273826804,1.696193505
TCGA-AO-A12E-01,,TCGA Tumor,BRCA,4.652843442,-1.503001641
TCGA-YF-AA3L-01,,TCGA Tumor,BLCA,-3.628906283,-0.012649219
TCGA-55-A48Z-01,,TCGA Tumor,LUAD,-0.355114732,-2.767545055
TCGA-56-7730-01,,TCGA Tumor,LUSC,-5.433888945,2.585841585
TCGA-BR-8059-01,,TCGA Tumor,STAD,-2.668079886,-1.973467897
TCGA-EL-A3MZ-01,,TCGA Tumor,THCA,10.98427531,-0.284373235
TCGA-CD-8527-01,,TCGA Tumor,STAD,-3.044821534,-2.7191828
TCGA-BH-A1F8-01,,TCGA Tumor,BRCA,5.353895154,-1.818690609
TCGA-G3-AAV3-01,,TCGA Tumor,LIHC,1.328912046,3.868658711
TCGA-QK-A6V9-01,,TCGA Tumor,HNSC,-5.958006415,2.103650738
TCGA-A3-3306-01,,TCGA Tumor,KIRC,6.228468862,-6.832172941
TCGA-XF-A9SJ-01,,TCGA Tumor,BLCA,-3.427177224,-1.969520878
TARGET-20-PARAJX-09,,TCGA Tumor,LAML,-4.723900351,-11.42698915
TCGA-D8-A1JK-01,,TCGA Tumor,BRCA,4.135367599,-0.89824612
TCGA-WE-A8ZO-06,,TCGA Tumor,SKCM,5.766448465,3.763156344
TCGA-ZF-A9R0-01,,TCGA Tumor,BLCA,-3.698675666,-0.115389417
TCGA-DU-7008-01,,TCGA Tumor,LGG,2.498034444,-10.37150152
TCGA-A8-A08X-01,,TCGA Tumor,BRCA,4.093193498,-0.889286767
TCGA-AR-A2LN-01,,TCGA Tumor,BRCA,4.127760139,-1.36478443
TCGA-HJ-7597-01,,TCGA Tumor,STAD,-4.490844283,-3.525075268
TCGA-AB-2949-03,,TCGA Tumor,LAML,-4.856662783,-11.54249532
TCGA-EI-6882-01,,TCGA Tumor,READ,-4.983259234,-3.725197862
TCGA-BP-4975-01,,TCGA Tumor,KIRC,6.25999352,-6.857866834
TCGA-AZ-4315-01,,TCGA Tumor,COAD,-6.150690589,-3.851225208
TCGA-3M-AB46-01,,TCGA Tumor,STAD,-4.110910449,-3.631736111
TARGET-10-PARUGP-09,,TCGA Tumor,Target-ALL,-8.398580107,-8.352969717
TCGA-DX-A48R-01,,TCGA Tumor,SARC,1.975989309,1.568262268
TCGA-VM-A8C9-01,,TCGA Tumor,LGG,1.294895437,-9.756808828
TCGA-EB-A85I-01,,TCGA Tumor,SKCM,5.789544549,3.4418494
TCGA-D6-A6EK-01,,TCGA Tumor,HNSC,-6.44109014,0.142783624
TCGA-CJ-4869-01,,TCGA Tumor,KIRC,5.945205178,-6.051387857
TCGA-AA-3506-01,,TCGA Tumor,COAD,-5.83474401,-3.594884228
TARGET-30-PANLET-01,,TCGA Tumor,NB,2.709075179,12.96060031
TCGA-3A-A9I9-01,,TCGA Tumor,PAAD,-2.959240231,-2.427804779
TCGA-A4-8098-01,,TCGA Tumor,KIRP,5.710087266,-5.242725443
TCGA-BR-4255-01,,TCGA Tumor,STAD,-2.730156932,-2.002443146
TCGA-EA-A3HT-01,,TCGA Tumor,CESC,-6.37963346,1.639560391
TCGA-IN-A7NT-01,,TCGA Tumor,STAD,-6.036543879,1.109947492
TCGA-29-1784-01,,TCGA Tumor,OV,1.777532068,8.52738135
TCGA-AN-A0FF-01,,TCGA Tumor,BRCA,5.45526835,-1.430376481
TCGA-ZG-A9LM-01,,TCGA Tumor,PRAD,8.94006392,8.123684336
TCGA-EB-A4OZ-01,,TCGA Tumor,SKCM,-6.433364901,0.00789284
TCGA-J8-A3YD-01,,TCGA Tumor,THCA,11.43215605,0.92029636
TCGA-06-0743-01,,TCGA Tumor,GBM,1.211033192,-9.920020651
TCGA-E9-A1R6-01,,TCGA Tumor,BRCA,5.505799737,-1.612401675
TCGA-R5-A7ZI-01,,TCGA Tumor,STAD,-4.460745368,-3.443668197
TCGA-23-1119-01,,TCGA Tumor,OV,1.647918787,7.845400263
TCGA-AJ-A3NC-01,,TCGA Tumor,UCEC,1.362016287,6.603776385
TARGET-30-PANNMS-01,,TCGA Tumor,NB,2.697151151,12.95132487
TCGA-4V-A9QI-01,,TCGA Tumor,THYM,-10.90552572,6.033897329
TCGA-G3-A25X-01,,TCGA Tumor,LIHC,0.289786864,3.464993645
TCGA-BP-4983-01,,TCGA Tumor,KIRC,6.062436071,-5.463760446
TCGA-B4-5378-01,,TCGA Tumor,KIRC,0.919250217,6.595119406
TCGA-BR-A4J6-01,,TCGA Tumor,STAD,-3.121958766,-2.875700067
TCGA-DQ-7591-01,,TCGA Tumor,HNSC,-5.603344474,1.837634255
TCGA-A8-A09A-01,,TCGA Tumor,BRCA,3.993905034,-1.863886665
TCGA-G3-A3CK-01,,TCGA Tumor,LIHC,1.290180829,3.912126232
TCGA-BQ-7056-01,,TCGA Tumor,KIRP,5.605526891,-5.189818453
TCGA-BR-6801-01,,TCGA Tumor,STAD,-5.128474269,-3.174093794
TCGA-F9-A4JJ-01,,TCGA Tumor,KIRP,5.714149919,-5.24946792
TCGA-IQ-A61I-01,,TCGA Tumor,HNSC,-5.999140296,1.879164625
TCGA-29-1694-01,,TCGA Tumor,OV,1.938014116,8.314776827
TCGA-D3-A8GE-06,,TCGA Tumor,SKCM,0.236781683,0.915025343
TCGA-5P-A9JZ-01,,TCGA Tumor,KIRP,-0.889010224,7.751180578
TCGA-HD-A6I0-01,,TCGA Tumor,HNSC,-6.23180202,0.148479481
TARGET-10-PARGFV-04,,TCGA Tumor,Target-ALL,-8.211005721,-8.171214651
TCGA-A8-A07W-01,,TCGA Tumor,BRCA,5.665996518,-1.765823077
TCGA-FA-A82F-01,,TCGA Tumor,DLBC,-8.566094909,6.925027777
TCGA-EM-A3AR-01,,TCGA Tumor,THCA,11.62206027,0.547213246
TCGA-A4-A5Y0-01,,TCGA Tumor,KIRP,5.567761388,-5.190977644
TCGA-57-1582-01,,TCGA Tumor,OV,1.540734496,7.831619192
TCGA-HB-A3L4-01,,TCGA Tumor,SARC,1.960494604,1.555155684
TCGA-3A-A9IB-01,,TCGA Tumor,PAAD,-2.747401271,-2.487144302
TCGA-G7-6792-01,,TCGA Tumor,KIRP,-0.905036721,7.691329409
TCGA-AB-2822-03,,TCGA Tumor,LAML,-4.996690783,-11.51432283
TCGA-31-1946-01,,TCGA Tumor,OV,1.680875864,7.888015677
TCGA-02-0055-01,,TCGA Tumor,GBM,1.366987136,-9.013122152
TCGA-BD-A2L6-01,,TCGA Tumor,LIHC,0.864160296,4.141601015
TCGA-B2-5639-01,,TCGA Tumor,KIRC,6.042731729,-6.473645281
TCGA-GK-A6C7-01,,TCGA Tumor,KIRC,6.343346086,-6.665979933
TCGA-30-1857-01,,TCGA Tumor,OV,2.124821511,8.248613764
TCGA-V1-A9ZK-01,,TCGA Tumor,PRAD,8.941412416,8.221262385
TCGA-AB-2818-03,,TCGA Tumor,LAML,-3.873921904,-12.34167631
TCGA-ZG-A9LY-01,,TCGA Tumor,PRAD,8.634235826,8.253829409
TCGA-DJ-A1QI-01,,TCGA Tumor,THCA,11.47470233,-0.04626489
TCGA-B5-A1MW-01,,TCGA Tumor,UCEC,1.375700321,6.511910845
TCGA-DJ-A2PQ-01,,TCGA Tumor,THCA,11.53402659,0.011289958
TCGA-OR-A5KO-01,,TCGA Tumor,ACC,-3.46360806,-8.612200331
TCGA-A8-A08O-01,,TCGA Tumor,BRCA,4.320483175,-1.814429354
TCGA-13-0720-01,,TCGA Tumor,OV,1.92934319,8.099191118
TCGA-EM-A22M-01,,TCGA Tumor,THCA,10.95671889,-0.430864971
TARGET-30-PATYIL-01,,TCGA Tumor,NB,2.667434898,12.91937297
TARGET-30-PATYIL-02,,TCGA Tumor,NB,2.630912986,12.87269061
TCGA-J4-A67K-01,,TCGA Tumor,PRAD,7.592554059,9.330286432
TCGA-A3-3359-01,,TCGA Tumor,KIRC,6.331213918,-6.86448295
TCGA-HT-7482-01,,TCGA Tumor,LGG,2.219117608,-10.73595674
TCGA-CV-6962-01,,TCGA Tumor,HNSC,-5.633293185,2.470788647
TCGA-EA-A50E-01,,TCGA Tumor,CESC,-6.345267806,1.162686039
TCGA-21-1082-01,,TCGA Tumor,LUSC,-6.082568679,2.34025519
TARGET-10-PANRYM-09,,TCGA Tumor,Target-ALL,-8.338665519,-8.301643919
TARGET-10-PAPKNC-09,,TCGA Tumor,Target-ALL,-8.384862456,-8.333133291
TCGA-35-4123-01,,TCGA Tumor,LUAD,0.053247091,-2.526261638
TCGA-A2-A4RY-01,,TCGA Tumor,BRCA,4.567895856,-1.575683903
TARGET-20-PASCGR-04,,TCGA Tumor,LAML,-5.502408538,-12.42015417
TCGA-ER-A2NF-01,,TCGA Tumor,SKCM,6.709308114,4.422316958
TCGA-UF-A7JT-01,,TCGA Tumor,HNSC,-6.799428973,0.641697634
TCGA-DX-AB3A-01,,TCGA Tumor,SARC,1.260843899,1.709500481
TCGA-AL-3466-01,,TCGA Tumor,KIRP,5.569717374,-5.184605669
TCGA-R5-A805-01,,TCGA Tumor,STAD,-3.819337401,-3.69033749
TCGA-A2-A0SY-01,,TCGA Tumor,BRCA,4.001355138,-1.915129613
TCGA-AC-A8OP-01,,TCGA Tumor,BRCA,5.273980584,-1.582475256
TCGA-AB-2820-03,,TCGA Tumor,LAML,-5.004939589,-11.53318269
TCGA-98-A53J-01,,TCGA Tumor,LUSC,-6.112616572,2.3217973
TCGA-DU-A7T8-01,,TCGA Tumor,LGG,2.367429223,-10.92228372
TCGA-EM-A4FF-01,,TCGA Tumor,THCA,10.98653075,-0.53754742
TCGA-CJ-4878-01,,TCGA Tumor,KIRC,6.371153798,-6.605991434
TCGA-CH-5792-01,,TCGA Tumor,PRAD,8.94609591,8.256305147
TCGA-DD-A11D-01,,TCGA Tumor,LIHC,0.961357084,4.218045164
TCGA-DU-5870-02,,TCGA Tumor,LGG,3.121670928,-10.50274522
TCGA-AO-A0J6-01,,TCGA Tumor,BRCA,0.981281307,-1.551262807
TCGA-DU-5870-01,,TCGA Tumor,LGG,3.194003787,-10.54555375
TCGA-24-2033-01,,TCGA Tumor,OV,1.35920867,7.902676989
TCGA-D5-5539-01,,TCGA Tumor,COAD,-6.077447924,-3.680591654
TCGA-DD-AACK-01,,TCGA Tumor,LIHC,1.098511842,3.952877928
TCGA-D8-A27F-01,,TCGA Tumor,BRCA,0.932912793,-1.484135341
TCGA-D3-A3C8-06,,TCGA Tumor,SKCM,5.168148008,3.453317572
TCGA-AB-2836-03,,TCGA Tumor,LAML,-3.946586642,-12.20323808
TCGA-56-7579-01,,TCGA Tumor,LUSC,-6.088755641,2.365509201
TCGA-EA-A556-01,,TCGA Tumor,CESC,1.496773925,6.507956434
TCGA-MJ-A68J-01,,TCGA Tumor,SARC,1.579203215,1.346195627
TCGA-DD-A118-01,,TCGA Tumor,LIHC,0.358726781,3.509484697
TCGA-VS-A9V3-01,,TCGA Tumor,CESC,-6.207444224,1.827308227
TCGA-AU-6004-01,,TCGA Tumor,COAD,-5.135341677,-3.689081739
TCGA-KD-A5QS-01,,TCGA Tumor,SARC,1.25115278,1.424396683
TCGA-BQ-7061-01,,TCGA Tumor,KIRP,5.593284097,-5.328685354
TCGA-UC-A7PG-06,,TCGA Tumor,CESC,-6.425053153,1.700381805
TCGA-A5-A3LP-01,,TCGA Tumor,UCEC,1.470675674,6.766205717
TCGA-25-1627-01,,TCGA Tumor,OV,1.769113865,8.489520479
TCGA-63-A5MJ-01,,TCGA Tumor,LUSC,-5.258288893,2.438729454
TCGA-EW-A2FV-01,,TCGA Tumor,BRCA,5.373082605,-1.425574612
TCGA-V4-A9E8-01,,TCGA Tumor,UVM,6.728105989,4.402158667
TCGA-31-1950-01,,TCGA Tumor,OV,1.741016116,8.529419352
TCGA-AY-6386-01,,TCGA Tumor,COAD,-5.227580581,-3.756238293
TCGA-D7-A74A-01,,TCGA Tumor,STAD,-3.790006194,-3.696070265
TCGA-CS-5397-01,,TCGA Tumor,LGG,1.994257059,-9.985264372
TCGA-TM-A84S-01,,TCGA Tumor,LGG,2.675286498,-10.51239927
TCGA-B0-4701-01,,TCGA Tumor,KIRC,6.316275563,-6.743506979
TCGA-33-4538-01,,TCGA Tumor,LUSC,-5.323797259,2.45023935
TCGA-26-5136-01,,TCGA Tumor,GBM,1.24508169,-9.933311056
TCGA-GU-A42P-01,,TCGA Tumor,BLCA,-3.582436356,-0.530186426
TCGA-G7-6796-01,,TCGA Tumor,KIRP,-0.973556194,7.791597773
TCGA-E9-A54X-01,,TCGA Tumor,BRCA,5.471007791,-1.410934757
TARGET-30-PALCBW-01,,TCGA Tumor,NB,0.333450374,12.66650431
TCGA-AO-A0JB-01,,TCGA Tumor,BRCA,1.021383372,-0.463689338
TCGA-2F-A9KP-01,,TCGA Tumor,BLCA,-3.543483052,0.011763346
TCGA-A2-A1G1-01,,TCGA Tumor,BRCA,0.987592247,-1.459466647
TCGA-AC-A3W5-01,,TCGA Tumor,BRCA,4.10010263,-0.917959105
TCGA-A6-5661-01,,TCGA Tumor,COAD,-4.439147506,-3.461509298
TCGA-DJ-A1QF-01,,TCGA Tumor,THCA,11.02073809,-0.528922926
TCGA-N8-A4PO-01,,TCGA Tumor,UCS,0.849951771,6.961724211
TCGA-KL-8338-01,,TCGA Tumor,KICH,-3.539525065,5.101952959
TCGA-J4-A83N-01,,TCGA Tumor,PRAD,7.746650663,9.17258494
TCGA-XM-A8R9-01,,TCGA Tumor,THYM,-10.85904172,6.070470263
TCGA-CA-5797-01,,TCGA Tumor,COAD,-6.101658854,-3.261305879
TCGA-D3-A3C7-06,,TCGA Tumor,SKCM,4.98640677,3.39629357
TCGA-AL-3467-01,,TCGA Tumor,KIRP,-0.432015869,7.4430012
TCGA-A7-A13G-01,,TCGA Tumor,BRCA,3.323480096,-1.260263513
TCGA-V4-A9EW-01,,TCGA Tumor,UVM,6.633375612,4.3522815
TCGA-2G-AALY-01,,TCGA Tumor,TGCT,-1.686604771,5.183623243
TARGET-21-PARXYR-41,,TCGA Tumor,LAML,-5.190681014,-12.27046926
TCGA-14-1034-01,,TCGA Tumor,GBM,1.237775233,-9.795187544
TCGA-14-1034-02,,TCGA Tumor,GBM,1.233236697,-9.805159162
TARGET-21-PATKBK-41,,TCGA Tumor,LAML,-5.315086875,-12.32678087
TCGA-VS-A9UH-01,,TCGA Tumor,CESC,-6.164068732,0.683810104
TCGA-B0-4691-01,,TCGA Tumor,KIRC,6.023571935,-5.865599703
TCGA-CN-A6V3-01,,TCGA Tumor,HNSC,-6.402588877,1.54606073
TCGA-G3-AAV7-01,,TCGA Tumor,LIHC,0.20053209,3.393288065
TARGET-20-PARJYP-03,,TCGA Tumor,LAML,-4.398489985,-11.85385282
TCGA-CU-A3QU-01,,TCGA Tumor,BLCA,-3.587376628,-0.497606884
TCGA-ER-A19D-06,,TCGA Tumor,SKCM,4.94500443,3.374425102
TCGA-C8-A1HJ-01,,TCGA Tumor,BRCA,0.969203677,-1.470638226
TCGA-24-0966-01,,TCGA Tumor,OV,1.986339655,8.25053351
TCGA-AC-A3EH-01,,TCGA Tumor,BRCA,4.861701932,-1.221169065
TCGA-12-3652-01,,TCGA Tumor,GBM,1.297862556,-9.538754057
TCGA-A3-A6NN-01,,TCGA Tumor,KIRC,6.230121579,-6.792167734
TCGA-D8-A1Y1-01,,TCGA Tumor,BRCA,3.35586473,-1.291424941
TCGA-BR-8677-01,,TCGA Tumor,STAD,-2.942058358,-1.969957661
TCGA-24-2026-01,,TCGA Tumor,OV,1.710540381,7.895711828
TCGA-RY-A845-01,,TCGA Tumor,LGG,2.395055261,-10.49379213
TCGA-CJ-5689-01,,TCGA Tumor,KIRC,6.155859914,-5.371359896
TCGA-DK-AA6Q-01,,TCGA Tumor,BLCA,-5.296201739,1.889239122
TCGA-B0-5085-01,,TCGA Tumor,KIRC,6.355684724,-6.627864431
TCGA-EY-A1GP-01,,TCGA Tumor,UCEC,1.416980353,6.595430781
TCGA-EJ-5515-01,,TCGA Tumor,PRAD,9.056720224,8.237636019
TCGA-76-4927-01,,TCGA Tumor,GBM,1.258229223,-9.767157148
TCGA-FG-8182-01,,TCGA Tumor,LGG,2.271532383,-11.00017602
TCGA-21-A5DI-01,,TCGA Tumor,LUSC,-5.58396295,0.902808894
TCGA-CN-5373-01,,TCGA Tumor,HNSC,-6.699873004,0.502567102
TCGA-CZ-4860-01,,TCGA Tumor,KIRC,6.133121457,-5.313202928
TCGA-E3-A3DZ-01,,TCGA Tumor,THCA,11.58391234,0.79743575
TCGA-26-5132-01,,TCGA Tumor,GBM,1.241199341,-9.864298414
TCGA-A3-3363-01,,TCGA Tumor,KIRC,-0.993230018,7.844994475
TCGA-X6-A8C4-01,,TCGA Tumor,SARC,1.284183946,1.237105776
TCGA-G9-6496-01,,TCGA Tumor,PRAD,8.664395776,8.165242602
TCGA-VS-A9UD-01,,TCGA Tumor,CESC,-5.598538432,1.421902705
TCGA-ZB-A96M-01,,TCGA Tumor,THYM,-11.0032945,5.928162028
TCGA-JX-A3PZ-01,,TCGA Tumor,CESC,-5.152572188,0.610255648
TCGA-36-1574-01,,TCGA Tumor,OV,1.565946903,7.496608664
TCGA-ER-A19S-06,,TCGA Tumor,SKCM,5.53558537,3.560509373
TCGA-DD-AADL-01,,TCGA Tumor,LIHC,0.800055828,3.941983153
TCGA-BT-A20P-01,,TCGA Tumor,BLCA,-3.638596091,0.136955012
TCGA-FB-AAPZ-01,,TCGA Tumor,PAAD,-3.072839532,-2.585458587
TCGA-98-A53A-01,,TCGA Tumor,LUSC,-5.287830386,2.51805513
TARGET-20-PADZCG-04,,TCGA Tumor,LAML,-5.453620467,-12.43749673
TCGA-CD-5799-01,,TCGA Tumor,STAD,-5.143864665,-3.362929176
TCGA-EU-5905-01,,TCGA Tumor,KIRC,6.090871301,-5.394577097
TCGA-CZ-5985-01,,TCGA Tumor,KIRC,6.048283544,-5.785368513
TCGA-N9-A4Q4-01,,TCGA Tumor,UCS,-3.915790114,6.734280039
TCGA-55-6969-01,,TCGA Tumor,LUAD,-1.046318683,-1.364917587
TCGA-69-7764-01,,TCGA Tumor,LUAD,-0.458256159,-3.069733213
TCGA-04-1331-01,,TCGA Tumor,OV,1.530371871,7.765764643
TCGA-E1-5322-01,,TCGA Tumor,LGG,2.276443925,-10.94514329
TCGA-W3-AA21-06,,TCGA Tumor,SKCM,6.136091676,3.778129984
TCGA-DE-A4MC-01,,TCGA Tumor,THCA,11.00570723,-0.446460735
TCGA-V1-A8WV-01,,TCGA Tumor,PRAD,9.308255639,8.05174296
TARGET-50-PALLFB-01,,TCGA Tumor,WT,-4.685474429,7.82155316
TCGA-D7-6525-01,,TCGA Tumor,STAD,-3.069533858,-2.508747887
TCGA-91-8497-01,,TCGA Tumor,LUAD,-0.421668145,-2.665263008
TCGA-A5-A7WJ-01,,TCGA Tumor,UCEC,1.421520319,6.593012739
TCGA-ZF-A9RN-01,,TCGA Tumor,BLCA,-5.415701899,1.144555737
TCGA-NC-A5HL-01,,TCGA Tumor,LUSC,-5.223229441,2.505983997
TCGA-FS-A1ZY-06,,TCGA Tumor,SKCM,5.850726571,3.829995323
TCGA-C5-A1MP-01,,TCGA Tumor,CESC,-6.36440042,1.570534993
TCGA-BR-A4J1-01,,TCGA Tumor,STAD,-4.920198951,-1.96285684
TCGA-CC-A5UD-01,,TCGA Tumor,LIHC,0.470935073,3.60835426
TCGA-IN-A6RO-01,,TCGA Tumor,STAD,-3.81593183,-3.68562014
TCGA-B7-A5TK-01,,TCGA Tumor,STAD,-3.143752847,-2.548811506
TCGA-B3-4104-01,,TCGA Tumor,KIRP,-3.607307467,0.01787562
TCGA-X6-A7WD-01,,TCGA Tumor,SARC,1.934798446,1.568601061
TCGA-A2-A0EN-01,,TCGA Tumor,BRCA,3.946061816,-1.12243874
TCGA-GV-A3QI-01,,TCGA Tumor,BLCA,-0.430433306,-2.505938124
TARGET-10-PAPMVB-09,,TCGA Tumor,Target-ALL,-8.430261168,-8.381195616
TCGA-W5-AA2H-01,,TCGA Tumor,CHOL,-8.599742446,6.976294447
TCGA-DX-A6YX-01,,TCGA Tumor,SARC,1.158911493,1.162394096
TCGA-3X-AAVB-01,,TCGA Tumor,CHOL,-2.788095746,-2.594498943
TCGA-FB-AAPU-01,,TCGA Tumor,PAAD,-3.729012999,-3.403733562
TCGA-VQ-A8PO-01,,TCGA Tumor,STAD,-4.997174773,-3.651500057
TCGA-DD-AAE6-01,,TCGA Tumor,LIHC,0.34898258,3.531607557
TCGA-J1-A4AH-01,,TCGA Tumor,LUSC,-5.324515376,2.543600966
TARGET-20-PAEDKB-04,,TCGA Tumor,LAML,-5.465272937,-12.43748147
TCGA-B0-5081-01,,TCGA Tumor,KIRC,6.308844533,-5.483973574
TCGA-33-AASL-01,,TCGA Tumor,LUSC,-6.033602748,2.409617592
TCGA-CW-5587-01,,TCGA Tumor,KIRC,6.167298761,-6.760771822
TCGA-CG-4301-01,,TCGA Tumor,STAD,-4.017942462,-3.611773084
TCGA-BA-5149-01,,TCGA Tumor,HNSC,-6.749182734,0.659449805
TCGA-FG-6688-01,,TCGA Tumor,LGG,1.476340738,-10.0385061
TCGA-H9-7775-01,,TCGA Tumor,PRAD,7.715499368,9.208285738
TCGA-E9-A1R2-01,,TCGA Tumor,BRCA,5.603610006,-1.693786095
TCGA-62-A470-01,,TCGA Tumor,LUAD,-0.842469725,-2.184314798
TCGA-AB-3008-03,,TCGA Tumor,LAML,-5.02993587,-11.59709985
TCGA-2H-A9GG-01,,TCGA Tumor,ESCA,-1.356881532,-0.731809865
TCGA-G9-6339-01,,TCGA Tumor,PRAD,8.07934567,8.651586939
TCGA-A8-A08L-01,,TCGA Tumor,BRCA,4.986163583,-1.200486254
TCGA-A7-A3RF-01,,TCGA Tumor,BRCA,5.876527276,-1.638652157
TCGA-53-A4EZ-01,,TCGA Tumor,LUAD,-0.683577928,-2.318440269
TCGA-78-7162-01,,TCGA Tumor,LUAD,-0.632874999,-2.898519825
TCGA-IG-A51D-01,,TCGA Tumor,ESCA,-6.484337363,0.564481426
TCGA-FD-A5BU-01,,TCGA Tumor,BLCA,-5.765527282,1.349860955
TCGA-68-8251-01,,TCGA Tumor,LUSC,-5.228862796,0.848005165
TCGA-AB-3012-03,,TCGA Tumor,LAML,-4.220956359,-11.9827419
TCGA-97-7552-01,,TCGA Tumor,LUAD,-3.354407344,-2.70912845
TCGA-FS-A1Z0-06,,TCGA Tumor,SKCM,5.46906754,3.759455134
TCGA-MQ-A4LC-01,,TCGA Tumor,MESO,-0.156201277,1.534968425
TARGET-20-PANYSN-03,,TCGA Tumor,LAML,-4.83833507,-11.52158983
TCGA-F4-6808-01,,TCGA Tumor,COAD,-6.069646392,-3.683453869
TCGA-5V-A9RR-01,,TCGA Tumor,THYM,-10.96047071,5.995714594
TCGA-76-4932-01,,TCGA Tumor,GBM,1.365676429,-9.57254846
TCGA-A2-A0D4-01,,TCGA Tumor,BRCA,5.622642484,-1.704093765
TARGET-20-PASFEW-09,,TCGA Tumor,LAML,-5.530344519,-12.40210683
TCGA-HT-7689-01,,TCGA Tumor,LGG,2.196470585,-10.94873006
TCGA-EW-A1IW-01,,TCGA Tumor,BRCA,4.697281327,-1.441302132
TCGA-FY-A4B3-01,,TCGA Tumor,THCA,11.46253439,-0.058548208
TCGA-CV-6003-01,,TCGA Tumor,HNSC,-6.864753756,0.69402342
TCGA-21-1081-01,,TCGA Tumor,LUSC,-5.990579161,1.004580606
TCGA-AO-A03M-01,,TCGA Tumor,BRCA,5.484649148,-1.523238252
TCGA-D7-6521-01,,TCGA Tumor,STAD,-2.895503077,-2.346156668
TCGA-58-8391-01,,TCGA Tumor,LUSC,-5.315880332,2.432621885
TCGA-YL-A8SQ-01,,TCGA Tumor,PRAD,9.347143617,8.035187651
TCGA-HF-A5NB-01,,TCGA Tumor,STAD,-4.672197852,-3.621180843
TCGA-P6-A5OG-01,,TCGA Tumor,ACC,1.02117851,1.130463411
TCGA-B6-A0IQ-01,,TCGA Tumor,BRCA,0.627689761,-1.290505718
TCGA-62-8398-01,,TCGA Tumor,LUAD,-1.248486075,-2.215393137
TCGA-AK-3465-01,,TCGA Tumor,KIRC,-3.499980006,5.055427958
TCGA-BH-A1FG-01,,TCGA Tumor,BRCA,5.05195662,-1.529366087
TCGA-AR-A0TS-01,,TCGA Tumor,BRCA,0.94201627,-1.574249338
TCGA-66-2754-01,,TCGA Tumor,LUSC,-1.292881999,-0.696885895
TCGA-CJ-5686-01,,TCGA Tumor,KIRC,5.969569173,-6.187324594
TCGA-A2-A0CM-01,,TCGA Tumor,BRCA,0.913563457,-1.492588829
TCGA-FD-A3NA-01,,TCGA Tumor,BLCA,-3.86660913,0.147053603
TCGA-85-A4QQ-01,,TCGA Tumor,LUSC,-6.339118037,0.98346274
TCGA-13-0795-01,,TCGA Tumor,OV,1.796244111,7.556937147
TCGA-A8-A06X-01,,TCGA Tumor,BRCA,5.615260091,-1.669594478
TCGA-KF-A41W-01,,TCGA Tumor,SARC,1.219907072,1.208564449
TCGA-QB-AA9O-06,,TCGA Tumor,SKCM,5.840513673,3.661467005
TCGA-GR-7353-01,,TCGA Tumor,DLBC,-8.554496321,6.933028151
TCGA-AR-A0TZ-01,,TCGA Tumor,BRCA,5.533490148,-1.482965063
TCGA-KB-A93J-01,,TCGA Tumor,STAD,-3.740490947,-3.706258129
TCGA-49-AAR4-01,,TCGA Tumor,LUAD,-0.053632203,-3.067292761
TCGA-EY-A1GX-01,,TCGA Tumor,UCEC,1.453551736,6.483210493
TCGA-29-1763-01,,TCGA Tumor,OV,1.469928351,7.881731917
TCGA-DU-7013-01,,TCGA Tumor,LGG,1.283339884,-9.962155889
TCGA-ET-A40Q-01,,TCGA Tumor,THCA,10.93234297,-0.379680913
TCGA-EB-A3Y6-01,,TCGA Tumor,SKCM,5.958438363,3.581831146
TCGA-63-A5MB-01,,TCGA Tumor,LUSC,-5.292608294,2.499512125
TCGA-DU-A76L-01,,TCGA Tumor,LGG,1.425630179,-9.094118666
TCGA-24-1418-01,,TCGA Tumor,OV,1.375665751,7.862397123
TCGA-BP-5001-01,,TCGA Tumor,KIRC,6.380335298,-6.678747724
TCGA-A6-5662-01,,TCGA Tumor,COAD,-5.873417411,-3.553092073
TCGA-G9-6348-01,,TCGA Tumor,PRAD,8.569177118,8.246270586
TCGA-32-1970-01,,TCGA Tumor,GBM,1.260381427,-9.925566267
TCGA-61-2111-01,,TCGA Tumor,OV,1.368993666,6.648127009
TCGA-BP-4968-01,,TCGA Tumor,KIRC,6.103326287,-5.842016291
TCGA-DK-AA76-01,,TCGA Tumor,BLCA,-3.634970698,0.007243634
TCGA-BP-4770-01,,TCGA Tumor,KIRC,1.281402734,1.210840036
TCGA-L5-A4OO-01,,TCGA Tumor,ESCA,-3.289906058,-2.759594988
TCGA-2A-A8VL-01,,TCGA Tumor,PRAD,7.781733003,9.182560373
TCGA-EE-A2MS-06,,TCGA Tumor,SKCM,5.212992635,3.640712191
TCGA-BJ-A0ZC-01,,TCGA Tumor,THCA,11.41535231,0.974330951
TCGA-43-5670-01,,TCGA Tumor,LUSC,-5.709774527,0.987698783
TCGA-B0-4838-01,,TCGA Tumor,KIRC,6.337565866,-6.772797655
TCGA-62-A46Y-01,,TCGA Tumor,LUAD,-0.11445472,-3.092477154
TARGET-21-PASFJJ-09,,TCGA Tumor,LAML,-5.03558496,-11.854796
TARGET-50-PAJNBN-01,,TCGA Tumor,WT,-4.670372996,7.802028586
TCGA-ZC-AAAA-01,,TCGA Tumor,THYM,-10.9377437,6.000676085
TARGET-20-PAMYAS-04,,TCGA Tumor,LAML,-4.766046557,-11.42363031
TCGA-BQ-5882-01,,TCGA Tumor,KIRP,5.730844941,-5.364910673
TCGA-66-2758-01,,TCGA Tumor,LUSC,-5.255524668,2.2591285
TCGA-3N-A9WB-06,,TCGA Tumor,SKCM,5.936615434,3.529138733
TARGET-20-PAMYAS-09,,TCGA Tumor,LAML,-4.738285575,-11.45501192
TCGA-DJ-A4UQ-01,,TCGA Tumor,THCA,11.42335269,-0.17003275
TCGA-DQ-5631-01,,TCGA Tumor,HNSC,-5.611895594,0.630743076
TCGA-CH-5765-01,,TCGA Tumor,PRAD,7.933884111,8.8271765
TCGA-A2-A0CZ-01,,TCGA Tumor,BRCA,3.046025958,-1.184760999
TCGA-B3-3926-01,,TCGA Tumor,KIRP,0.152263549,7.022247721
TCGA-AF-2687-01,,TCGA Tumor,READ,-5.533956084,-3.243776869
TCGA-E1-A7Z3-01,,TCGA Tumor,LGG,2.809718337,-9.781984876
TCGA-VS-A8QA-01,,TCGA Tumor,CESC,-3.217783961,-2.392648767
TCGA-DD-AAD3-01,,TCGA Tumor,LIHC,1.110049095,4.200713087
TCGA-85-8353-01,,TCGA Tumor,LUSC,-5.292052302,1.099715401
TARGET-20-PARSAN-03,,TCGA Tumor,LAML,-4.891897235,-11.49522455
TCGA-AN-A0XS-01,,TCGA Tumor,BRCA,4.315658536,-1.775053214
TCGA-G9-6377-01,,TCGA Tumor,PRAD,7.762203183,9.248140741
TCGA-DD-A39V-01,,TCGA Tumor,LIHC,0.686513719,3.733844925
TCGA-5U-AB0D-01,,TCGA Tumor,THYM,-5.400155577,-2.665870499
TCGA-BF-A3DJ-01,,TCGA Tumor,SKCM,5.279342618,3.884396721
TCGA-A2-A04Q-01,,TCGA Tumor,BRCA,0.234921556,-0.753871154
TCGA-WA-A7GZ-01,,TCGA Tumor,HNSC,-6.733902964,0.748778869
TARGET-10-PARLEK-03,,TCGA Tumor,Target-ALL,-8.453949485,-8.423864912
TCGA-WE-AAA4-06,,TCGA Tumor,SKCM,5.947040048,3.636896301
TCGA-HT-7476-01,,TCGA Tumor,LGG,2.817896095,-9.740721296
TCGA-AZ-6599-01,,TCGA Tumor,COAD,-5.036099944,-3.763255905
TCGA-BR-8381-01,,TCGA Tumor,STAD,-4.289150271,-3.515976976
TCGA-K1-A3PN-02,,TCGA Tumor,SARC,1.980308738,1.591690351
TCGA-K1-A3PN-01,,TCGA Tumor,SARC,1.98634943,1.590289045
TCGA-ED-A97K-01,,TCGA Tumor,LIHC,0.239410159,3.425480295
TCGA-2G-AAGV-01,,TCGA Tumor,TGCT,-3.903398547,-0.613729547
TARGET-10-PANXPE-04,,TCGA Tumor,Target-ALL,-8.19598535,-8.162356924
TCGA-DA-A1IA-06,,TCGA Tumor,SKCM,6.11194798,3.766405035
TCGA-HZ-A9TJ-06,,TCGA Tumor,PAAD,-3.208164487,-2.739679169
TCGA-CH-5788-01,,TCGA Tumor,PRAD,8.477548089,8.191450525
TCGA-TQ-A7RG-01,,TCGA Tumor,LGG,2.9668996,-10.5603996
TARGET-10-PARPNM-09,,TCGA Tumor,Target-ALL,-8.410086188,-8.332481932
TCGA-94-7557-01,,TCGA Tumor,LUSC,-5.212517772,1.644191791
TCGA-DJ-A3UV-01,,TCGA Tumor,THCA,11.36836382,0.436427195
TCGA-CN-5374-01,,TCGA Tumor,HNSC,-6.320156607,1.815279652
TCGA-G4-6299-01,,TCGA Tumor,COAD,-4.3972545,-3.509173225
TCGA-98-7454-01,,TCGA Tumor,LUSC,-0.992915067,-1.863585185
TCGA-BH-A0BV-01,,TCGA Tumor,BRCA,5.565289941,-1.633686255
TCGA-E2-A109-01,,TCGA Tumor,BRCA,5.649022546,-1.733378719
TARGET-50-CAAAAL-01,,TCGA Tumor,WT,-4.693270716,7.828704764
TCGA-G9-6336-01,,TCGA Tumor,PRAD,7.879618135,8.999089647
TCGA-V1-A8MG-01,,TCGA Tumor,PRAD,9.281805482,8.108467508
TCGA-AC-A5XS-01,,TCGA Tumor,BRCA,4.238795486,-1.670606564
TCGA-AB-2988-03,,TCGA Tumor,LAML,-4.996501479,-11.4579025
TCGA-FD-A6TF-01,,TCGA Tumor,BLCA,-4.076592479,-0.55102558
TCGA-HC-7817-01,,TCGA Tumor,PRAD,8.429998841,8.271532465
TARGET-20-PANGCM-03,,TCGA Tumor,LAML,-4.166054759,-12.10724409
TARGET-20-PASBBE-04,,TCGA Tumor,LAML,-4.824137721,-11.47490651
TCGA-FG-8181-01,,TCGA Tumor,LGG,2.846954313,-9.784860205
TCGA-86-8672-01,,TCGA Tumor,LUAD,-1.180611763,-2.146116089
TCGA-13-1410-01,,TCGA Tumor,OV,1.456135121,7.94483893
TARGET-50-PAJNUP-01,,TCGA Tumor,WT,-3.882604632,6.773512293
TCGA-BT-A20W-01,,TCGA Tumor,BLCA,-3.598887954,0.087247122
TCGA-BH-A1FL-01,,TCGA Tumor,BRCA,4.65449616,-1.56023712
TCGA-IQ-A6SG-01,,TCGA Tumor,HNSC,-6.511379275,0.570792485
TCGA-B2-A4SR-01,,TCGA Tumor,KIRC,6.339830842,-6.089117121
TCGA-E9-A1NI-01,,TCGA Tumor,BRCA,4.772491899,-1.647651385
TCGA-33-A5GW-01,,TCGA Tumor,LUSC,-5.850397143,2.22099917
TCGA-EM-A1YA-01,,TCGA Tumor,THCA,11.36652895,0.996653486
TCGA-DU-A7T6-01,,TCGA Tumor,LGG,2.956246581,-10.35270555
TCGA-YU-A90S-01,,TCGA Tumor,TGCT,-1.945786986,5.483978201
TCGA-AB-2851-03,,TCGA Tumor,LAML,-3.960035357,-12.19572885
TCGA-SU-A7E7-01,,TCGA Tumor,PRAD,8.438514199,8.292413164
TCGA-DB-A4XC-01,,TCGA Tumor,LGG,2.331955877,-10.41849286
TCGA-XE-AAOD-01,,TCGA Tumor,TGCT,-1.863362584,5.385939528
TCGA-A8-A07R-01,,TCGA Tumor,BRCA,1.050668326,-1.445629548
TCGA-62-A46R-01,,TCGA Tumor,LUAD,-0.083223495,-3.087962698
TCGA-CJ-4903-01,,TCGA Tumor,KIRC,6.268675771,-6.82435758
TARGET-30-PALVKK-01,,TCGA Tumor,NB,0.252999153,12.80333941
TCGA-EP-A2KA-01,,TCGA Tumor,LIHC,0.452914376,3.56619661
TCGA-AN-A03Y-01,,TCGA Tumor,BRCA,4.86102387,-1.606395196
TARGET-10-PARWVN-03,,TCGA Tumor,Target-ALL,-8.740439925,7.128690649
TCGA-B5-A3FA-01,,TCGA Tumor,UCEC,1.416310754,6.584206034
TCGA-EL-A3CL-01,,TCGA Tumor,THCA,11.49152133,-0.027641836
TCGA-A2-A0CV-01,,TCGA Tumor,BRCA,4.193606582,-1.651070904
TCGA-BH-A0C1-01,,TCGA Tumor,BRCA,4.728438821,-1.196414422
TCGA-63-A5MV-01,,TCGA Tumor,LUSC,-5.86209825,2.331559588
TCGA-D3-A1Q3-06,,TCGA Tumor,SKCM,6.045979467,3.619554688
TCGA-GU-A767-01,,TCGA Tumor,BLCA,-3.732039962,0.131162059
TCGA-DD-AAE2-01,,TCGA Tumor,LIHC,0.893313881,4.215278078
TCGA-FG-A4MW-01,,TCGA Tumor,LGG,1.32667711,-9.813180517
TCGA-BR-6456-01,,TCGA Tumor,STAD,-5.048545871,-3.099610399
TCGA-IA-A40Y-01,,TCGA Tumor,KIRP,-0.803604874,7.631114412
TCGA-B1-A657-01,,TCGA Tumor,KIRP,-0.945001874,7.785836149
TCGA-BH-A1FH-01,,TCGA Tumor,BRCA,3.244589057,-1.286006163
TCGA-B6-A1KF-01,,TCGA Tumor,BRCA,1.002694276,-1.505303215
TCGA-DK-A6B2-01,,TCGA Tumor,BLCA,-3.627190146,-0.106470685
TCGA-29-1710-01,,TCGA Tumor,OV,1.774628487,7.958164145
TCGA-W2-A7HD-01,,TCGA Tumor,PCPG,-0.073239568,13.11489909
TCGA-55-6712-01,,TCGA Tumor,LUAD,-0.217633877,-3.156987261
TCGA-2G-AAH2-01,,TCGA Tumor,TGCT,-1.665697131,5.148004938
TCGA-ER-A3PL-06,,TCGA Tumor,SKCM,5.717332807,3.449246813
TCGA-BP-5189-01,,TCGA Tumor,KIRC,6.198727575,-5.926273893
TCGA-CN-4731-01,,TCGA Tumor,HNSC,-6.055613551,1.057075668
TCGA-D7-A6EV-01,,TCGA Tumor,STAD,-3.833602462,-3.725851845
TCGA-HC-7818-01,,TCGA Tumor,PRAD,8.075360265,8.623526026
TCGA-L5-A8NT-01,,TCGA Tumor,ESCA,-3.34661654,-2.218383859
TARGET-30-PAPHPE-01,,TCGA Tumor,NB,2.658366885,12.92382186
TCGA-A8-A08H-01,,TCGA Tumor,BRCA,1.203065899,-0.700859259
TCGA-04-1648-01,,TCGA Tumor,OV,1.778501597,8.49137633
TCGA-3X-AAVA-01,,TCGA Tumor,CHOL,-0.115937385,3.014228989
TARGET-10-PARPZJ-03,,TCGA Tumor,Target-ALL,-8.458866629,-8.431369375
TCGA-IG-A3YA-01,,TCGA Tumor,ESCA,-5.738679442,1.814068009
TCGA-HZ-A49H-01,,TCGA Tumor,PAAD,-2.310537848,-2.378970455
TCGA-KR-A7K8-01,,TCGA Tumor,LIHC,0.907991615,4.157261301
TCGA-EJ-5497-01,,TCGA Tumor,PRAD,7.71396729,9.211952616
TCGA-AN-A0XN-01,,TCGA Tumor,BRCA,3.293117013,-1.27069373
TCGA-A1-A0SK-01,,TCGA Tumor,BRCA,-1.251060877,-0.634560953
TCGA-BP-4807-01,,TCGA Tumor,KIRC,6.181840387,-5.781806539
TCGA-AO-A125-01,,TCGA Tumor,BRCA,4.851968732,-1.463150452
TARGET-10-PARFTR-09,,TCGA Tumor,Target-ALL,-8.168329749,-8.128298353
TCGA-XF-A9T5-01,,TCGA Tumor,BLCA,-5.435461077,2.082322527
TARGET-10-PARFTR-04,,TCGA Tumor,Target-ALL,-8.469028983,-8.394928526
TCGA-ZB-A966-01,,TCGA Tumor,THYM,-5.275017772,1.138831426
TARGET-50-PAJNDU-01,,TCGA Tumor,WT,-4.291596923,7.279325892
TCGA-B8-A54G-01,,TCGA Tumor,KIRC,5.986749616,-6.344697069
TCGA-13-0884-01,,TCGA Tumor,OV,2.030891624,8.197996546
TCGA-06-0219-01,,TCGA Tumor,GBM,1.240870264,-9.360944342
TCGA-PE-A5DC-01,,TCGA Tumor,BRCA,4.325461116,-1.82882018
TCGA-AD-5900-01,,TCGA Tumor,COAD,-4.992651019,-3.661943268
TCGA-DH-5142-01,,TCGA Tumor,LGG,2.212289777,-10.92720659
TCGA-BH-A0AU-01,,TCGA Tumor,BRCA,5.342459169,-1.579720806
TARGET-50-CAAAAH-01,,TCGA Tumor,WT,-4.236859832,7.193642546
TCGA-AK-3450-01,,TCGA Tumor,KIRC,6.303372827,-6.762764524
TCGA-OR-A5L9-01,,TCGA Tumor,ACC,-3.48068932,-8.607114385
TCGA-BQ-5890-01,,TCGA Tumor,KIRP,-0.718007598,7.459846426
TCGA-G3-A7M5-01,,TCGA Tumor,LIHC,0.948848393,4.230669428
TCGA-IA-A83T-01,,TCGA Tumor,KIRP,-0.998334799,7.806085516
TCGA-AB-2913-03,,TCGA Tumor,LAML,-4.914455924,-11.47801263
TCGA-GC-A3RB-01,,TCGA Tumor,BLCA,-3.82912353,0.124417182
TCGA-DX-AB2L-01,,TCGA Tumor,SARC,1.793787208,1.350205589
TCGA-CC-A7IE-01,,TCGA Tumor,LIHC,0.480825652,3.589114596
TCGA-24-1553-01,,TCGA Tumor,OV,1.712233272,8.346787859
TCGA-12-0618-01,,TCGA Tumor,GBM,1.478113857,-9.207788061
TCGA-BJ-A28X-01,,TCGA Tumor,THCA,10.93482253,-0.324459266
TCGA-L9-A8F4-01,,TCGA Tumor,LUAD,-0.209119055,-2.818368267
TCGA-G7-6795-01,,TCGA Tumor,KIRP,-0.863858137,7.632316519
TCGA-H5-A2HR-01,,TCGA Tumor,UCEC,1.839684096,8.295621325
TCGA-B0-4811-01,,TCGA Tumor,KIRC,6.29495379,-6.779104303
TCGA-27-2524-01,,TCGA Tumor,GBM,1.342875328,-9.021169256
TCGA-55-6983-01,,TCGA Tumor,LUAD,-0.646658931,-2.380360674
TCGA-GM-A2DB-01,,TCGA Tumor,BRCA,4.125553575,-1.125544261
TCGA-VN-A88N-01,,TCGA Tumor,PRAD,8.356030431,8.286684443
TCGA-RD-A8N0-01,,TCGA Tumor,STAD,-4.035080943,-3.573601555
TCGA-TQ-A7RH-01,,TCGA Tumor,LGG,2.297017303,-10.97908361
TCGA-B8-5550-01,,TCGA Tumor,KIRC,5.978526559,-5.58735473
TCGA-N8-A4PL-01,,TCGA Tumor,UCS,0.871536848,6.972145487
TCGA-4R-AA8I-01,,TCGA Tumor,LIHC,0.883670714,4.143453528
TCGA-VF-A8A8-01,,TCGA Tumor,TGCT,-1.70501903,5.204896856
TCGA-E9-A244-01,,TCGA Tumor,BRCA,1.007003811,-1.401382636
TCGA-56-8307-01,,TCGA Tumor,LUSC,-5.152020964,1.171509195
TCGA-B0-4813-01,,TCGA Tumor,KIRC,6.285492387,-5.27024753
TCGA-CG-4442-01,,TCGA Tumor,STAD,-4.368379626,-3.505938362
TCGA-S7-A7X0-01,,TCGA Tumor,PCPG,0.174986672,12.85047667
TCGA-2G-AAHT-01,,TCGA Tumor,TGCT,-1.965619836,5.506925989
TCGA-A8-A0AB-01,,TCGA Tumor,BRCA,4.97426745,-1.368553113
TCGA-55-7726-01,,TCGA Tumor,LUAD,-5.19858459,0.708899189
TARGET-20-PANKFZ-09,,TCGA Tumor,LAML,-4.018159423,-12.24515684
TCGA-2E-A9G8-01,,TCGA Tumor,UCEC,1.813652244,8.390526224
TCGA-A2-A3XV-01,,TCGA Tumor,BRCA,4.099648442,-0.931201707
TCGA-78-8648-01,,TCGA Tumor,LUAD,0.278982703,-0.799016486
TCGA-A6-5666-01,,TCGA Tumor,COAD,-6.143108878,-3.661608766
TCGA-08-0386-01,,TCGA Tumor,GBM,1.288295713,-9.935251783
TCGA-BP-5194-01,,TCGA Tumor,KIRC,6.254224267,-6.854888986
TCGA-CN-4735-01,,TCGA Tumor,HNSC,-5.209952864,1.603949596
TCGA-KK-A8IC-01,,TCGA Tumor,PRAD,8.297308412,8.345057894
TCGA-G9-6356-01,,TCGA Tumor,PRAD,7.89920136,8.977834154
TCGA-49-4512-01,,TCGA Tumor,LUAD,-0.364029023,-2.781044315
TCGA-OR-A5JO-01,,TCGA Tumor,ACC,-3.471997056,-8.618036817
TCGA-FU-A5XV-01,,TCGA Tumor,CESC,-6.46952537,1.671177794
TCGA-QR-A70U-01,,TCGA Tumor,PCPG,-0.06283364,13.10518305
TCGA-DB-A75M-01,,TCGA Tumor,LGG,2.180096832,-10.96917684
TARGET-10-PAPJIB-09,,TCGA Tumor,Target-ALL,-8.179414305,-8.149846624
TCGA-DM-A1D7-01,,TCGA Tumor,COAD,-5.990268264,-3.780915331
TCGA-AN-A04A-01,,TCGA Tumor,BRCA,4.735854593,-1.268775772
TARGET-10-PAPJIB-04,,TCGA Tumor,Target-ALL,-8.3465381,-8.327484678
TCGA-HT-8012-01,,TCGA Tumor,LGG,3.161244121,-10.48888357
TCGA-DX-A1L2-01,,TCGA Tumor,SARC,1.324825194,1.691278983
TCGA-EX-A8YF-01,,TCGA Tumor,CESC,-3.566540751,-2.167647671
TCGA-EM-A22P-01,,TCGA Tumor,THCA,11.4935126,-0.041149202
TCGA-AB-2843-03,,TCGA Tumor,LAML,-4.92309669,-11.52880723
TARGET-30-PALBFW-01,,TCGA Tumor,NB,2.655965057,12.91523879
TCGA-TS-A7OU-01,,TCGA Tumor,MESO,-0.096700344,1.48334222
TARGET-10-PAPTLM-09,,TCGA Tumor,Target-ALL,-8.305269751,-8.271099638
TCGA-AB-2904-03,,TCGA Tumor,LAML,-4.961248908,-11.49578817
TCGA-B8-A54K-01,,TCGA Tumor,KIRC,0.941769865,6.584494997
TCGA-FW-A3R5-06,,TCGA Tumor,SKCM,5.923493829,3.502750803
TCGA-E2-A14O-01,,TCGA Tumor,BRCA,5.039180246,-1.596687983
TCGA-A2-A0T7-01,,TCGA Tumor,BRCA,4.300458875,-1.761813592
TCGA-FS-A1ZJ-06,,TCGA Tumor,SKCM,5.618250814,3.640601565
TCGA-A7-A0D9-01,,TCGA Tumor,BRCA,3.917773929,-1.884945582
TCGA-S9-A7QW-01,,TCGA Tumor,LGG,2.993355241,-10.56692083
TCGA-BF-AAOX-01,,TCGA Tumor,SKCM,5.967370954,3.65673225
TCGA-P5-A733-01,,TCGA Tumor,LGG,2.280912247,-10.84879644
TCGA-FR-A7U9-06,,TCGA Tumor,SKCM,1.098938551,1.162375261
TCGA-2J-AABK-01,,TCGA Tumor,PAAD,-2.441875014,-2.403688501
TCGA-2Z-A9JO-01,,TCGA Tumor,KIRP,5.731135812,-5.246115278
TCGA-24-1567-01,,TCGA Tumor,OV,1.492917981,6.794913698
TCGA-HZ-7289-01,,TCGA Tumor,PAAD,-4.880537543,-3.717966865
TCGA-2G-AAM2-01,,TCGA Tumor,TGCT,-1.677142415,5.174803663
TCGA-AO-A0JJ-01,,TCGA Tumor,BRCA,3.97086927,-1.724340986
TCGA-AA-A02Y-01,,TCGA Tumor,COAD,-5.548650775,-3.753088783
TCGA-CJ-4890-01,,TCGA Tumor,KIRC,6.294332948,-5.406339716
TCGA-DX-A240-01,,TCGA Tumor,SARC,1.620823112,1.349635769
TCGA-MX-A666-01,,TCGA Tumor,STAD,-4.940788779,-1.990027737
TCGA-3A-A9J0-01,,TCGA Tumor,PAAD,-3.052822861,-2.539013695
TCGA-34-5241-01,,TCGA Tumor,LUSC,-5.71151689,0.822957266
TARGET-50-PAJMUF-01,,TCGA Tumor,WT,-4.54648355,7.679794718
TCGA-E1-A7Z4-01,,TCGA Tumor,LGG,2.273427692,-10.71620424
TCGA-E9-A1RE-01,,TCGA Tumor,BRCA,5.631901231,-1.665770363
TCGA-13-0906-01,,TCGA Tumor,OV,1.668769326,7.915613104
TCGA-77-8133-01,,TCGA Tumor,LUSC,-5.500333342,2.475173165
TCGA-28-5204-01,,TCGA Tumor,GBM,1.325064388,-9.985039305
TCGA-BP-4326-01,,TCGA Tumor,KIRC,6.247086969,-5.388227056
TCGA-43-6647-01,,TCGA Tumor,LUSC,-5.500946078,0.671300579
TCGA-CD-5800-01,,TCGA Tumor,STAD,-4.889559779,-1.961844515
TCGA-SW-A7EA-01,,TCGA Tumor,STAD,-4.104115042,-2.984657358
TCGA-DX-AB2E-01,,TCGA Tumor,SARC,1.155454602,1.167960097
TCGA-ZJ-A8QR-01,,TCGA Tumor,CESC,-6.180212054,1.531697322
TCGA-V1-A8MK-01,,TCGA Tumor,PRAD,9.192657914,8.311973978
TCGA-BR-8365-01,,TCGA Tumor,STAD,-2.503418956,-1.86783297
TCGA-AN-A046-01,,TCGA Tumor,BRCA,4.283367839,-1.409900497
TCGA-09-0367-01,,TCGA Tumor,OV,2.066593495,8.186891962
TCGA-FG-8185-01,,TCGA Tumor,LGG,2.275372114,-10.98847444
TCGA-BK-A4ZD-01,,TCGA Tumor,UCEC,1.413111296,6.602363993
TCGA-N5-A4R8-01,,TCGA Tumor,UCS,-3.95420793,6.75016873
TCGA-VR-A8ER-01,,TCGA Tumor,ESCA,-6.01807836,2.402177502
TCGA-FX-A8OO-01,,TCGA Tumor,SARC,0.139154341,0.901311268
TCGA-23-1028-01,,TCGA Tumor,OV,2.014264193,8.241408755
TCGA-D8-A1X6-01,,TCGA Tumor,BRCA,5.572007146,-1.603674959
TCGA-XF-AAME-01,,TCGA Tumor,BLCA,-5.88790277,0.884683598
TCGA-KO-8411-01,,TCGA Tumor,KICH,-3.561084065,5.093976904
TCGA-OR-A5JX-01,,TCGA Tumor,ACC,-3.476607356,-8.612306188
TARGET-20-PASGZS-04,,TCGA Tumor,LAML,-4.731656585,-11.5585037
TCGA-73-A9RS-01,,TCGA Tumor,LUAD,-1.242908869,-2.214666675
TCGA-CJ-4893-01,,TCGA Tumor,KIRC,6.332298722,-6.708356928
TCGA-XM-A8RE-01,,TCGA Tumor,THYM,-10.90283445,6.036859919
TCGA-A3-3329-01,,TCGA Tumor,KIRC,6.255030599,-6.845842432
TCGA-HW-8320-01,,TCGA Tumor,LGG,2.228364673,-11.00980432
TCGA-HZ-A77P-01,,TCGA Tumor,PAAD,-2.286442075,-1.843001198
TCGA-MP-A4TD-01,,TCGA Tumor,LUAD,-0.850209508,-2.08237965
TCGA-DD-AAD5-01,,TCGA Tumor,LIHC,0.123849269,3.312036682
TCGA-EL-A3H5-01,,TCGA Tumor,THCA,10.84871146,-0.120779585
TCGA-CC-A5UC-01,,TCGA Tumor,LIHC,0.382552868,3.525692631
TCGA-FD-A6TE-01,,TCGA Tumor,BLCA,-3.609742675,-0.369567345
TCGA-BJ-A45J-01,,TCGA Tumor,THCA,11.45053145,-0.07559226
TCGA-AB-2847-03,,TCGA Tumor,LAML,-4.992793116,-11.53414876
TCGA-R6-A8W5-01,,TCGA Tumor,ESCA,-3.944967303,-3.293944906
TCGA-UZ-A9PP-01,,TCGA Tumor,KIRP,-0.970945749,7.807089258
TCGA-W3-AA1Q-06,,TCGA Tumor,SKCM,5.933893171,3.619755913
TCGA-L7-A56G-01,,TCGA Tumor,ESCA,-6.540657077,1.287356068
TCGA-Y8-A898-01,,TCGA Tumor,KIRP,-0.9002668,7.740863253
TCGA-DF-A2KY-01,,TCGA Tumor,UCEC,-0.015508297,0.407680173
TCGA-D9-A1JW-06,,TCGA Tumor,SKCM,6.107861009,3.695359875
TCGA-GR-A4D9-01,,TCGA Tumor,DLBC,-8.566623244,6.925657679
TCGA-RW-A67W-01,,TCGA Tumor,PCPG,0.05926564,12.96440737
TCGA-F9-A8NY-01,,TCGA Tumor,KIRP,0.87875196,6.551968981
TCGA-NJ-A4YG-01,,TCGA Tumor,LUAD,-0.229398403,-3.135174345
TCGA-GN-A268-06,,TCGA Tumor,SKCM,6.024554219,3.705235888
TCGA-GN-A4U7-06,,TCGA Tumor,SKCM,5.906655278,3.576239515
TCGA-AO-A0JF-01,,TCGA Tumor,BRCA,3.886349168,-1.814150523
TCGA-A2-A0T0-01,,TCGA Tumor,BRCA,0.980894711,-1.56842513
TCGA-BH-A0EA-01,,TCGA Tumor,BRCA,4.428769078,-1.373916696
TCGA-BT-A20O-01,,TCGA Tumor,BLCA,1.071031239,1.206303168
TCGA-E2-A10A-01,,TCGA Tumor,BRCA,5.48649117,-1.508330773
TCGA-CS-6667-01,,TCGA Tumor,LGG,2.274462786,-10.92640073
TCGA-66-2765-01,,TCGA Tumor,LUSC,-5.772540126,0.92848133
TCGA-75-5147-01,,TCGA Tumor,LUAD,-0.040615294,-2.685650896
TCGA-AB-2859-03,,TCGA Tumor,LAML,-5.011514697,-11.54881341
TCGA-KV-A6GE-01,,TCGA Tumor,KIRP,-1.05206326,7.902606417
TCGA-IB-7654-01,,TCGA Tumor,PAAD,-2.776547942,-2.417013954
TCGA-E2-A572-01,,TCGA Tumor,BRCA,3.957902398,-1.714741062
TCGA-DU-5849-01,,TCGA Tumor,LGG,2.873098579,-9.796618055
TCGA-56-7731-01,,TCGA Tumor,LUSC,-5.845598254,0.976040233
TARGET-10-PANSXG-09,,TCGA Tumor,Target-ALL,-8.179156813,-8.148204397
TCGA-61-1740-01,,TCGA Tumor,OV,1.821306076,8.530639101
TARGET-50-PAKNRX-01,,TCGA Tumor,WT,-4.547926936,7.683027197
TCGA-63-A5MN-01,,TCGA Tumor,LUSC,-5.677223716,-3.448865723
TCGA-DB-5279-01,,TCGA Tumor,LGG,3.029377189,-10.00232179
TCGA-44-7671-01,,TCGA Tumor,LUAD,-1.15903655,-2.30432875
TCGA-E9-A54Y-01,,TCGA Tumor,BRCA,4.996948209,-1.654292177
TCGA-D3-A5GL-06,,TCGA Tumor,SKCM,5.936006513,3.511197735
TCGA-MI-A75C-01,,TCGA Tumor,LIHC,1.230393496,3.825565268
TCGA-46-3768-01,,TCGA Tumor,LUSC,-5.246269259,2.535240818
TCGA-CW-5590-01,,TCGA Tumor,KIRC,6.192156282,-6.720763754
TCGA-AK-3458-01,,TCGA Tumor,KIRC,6.167936292,-6.9010082
TCGA-NA-A4QV-01,,TCGA Tumor,UCS,1.393692699,7.476319243
TCGA-V5-A7RB-01,,TCGA Tumor,ESCA,-4.320380244,-2.759809803
TCGA-06-0190-01,,TCGA Tumor,GBM,1.3689343,-9.060506414
TCGA-06-0190-02,,TCGA Tumor,GBM,1.072510567,0.628086675
TCGA-GN-A4U4-06,,TCGA Tumor,SKCM,5.880076852,3.599722792
TCGA-38-4631-01,,TCGA Tumor,LUAD,-1.477071438,-2.072602104
TCGA-D3-A2JD-06,,TCGA Tumor,SKCM,6.128023591,3.768924881
TARGET-21-PANZLR-09,,TCGA Tumor,LAML,-4.951864276,-11.92782552
TCGA-A3-3358-01,,TCGA Tumor,KIRC,6.222955671,-6.823755812
TCGA-CM-6676-01,,TCGA Tumor,COAD,-5.719826731,-3.459304642
TCGA-L5-A8NS-01,,TCGA Tumor,ESCA,-3.336181197,-2.921791147
TCGA-CJ-4882-01,,TCGA Tumor,KIRC,6.17454001,-5.378287386
TCGA-IR-A3LB-01,,TCGA Tumor,CESC,-3.301436457,-2.739462446
TCGA-F1-6177-01,,TCGA Tumor,STAD,-4.971123252,-3.731529068
TCGA-XM-A8RI-01,,TCGA Tumor,THYM,-11.02846483,5.919778753
TCGA-EY-A4KR-01,,TCGA Tumor,UCEC,1.373878267,6.729125906
TCGA-IB-AAUQ-01,,TCGA Tumor,PAAD,-2.769491944,-2.572021316
TCGA-WE-A8JZ-06,,TCGA Tumor,SKCM,5.741466489,3.46522801
TCGA-HC-A9TH-01,,TCGA Tumor,PRAD,8.376055207,8.28193133
TCGA-61-1737-01,,TCGA Tumor,OV,1.736752477,7.930447031
TCGA-AB-2838-03,,TCGA Tumor,LAML,-4.885895285,-11.50738771
TCGA-C8-A26Y-01,,TCGA Tumor,BRCA,4.139505115,-0.941179823
TCGA-MZ-A7D7-01,,TCGA Tumor,HNSC,-5.664639983,0.649565507
TCGA-D7-8570-01,,TCGA Tumor,STAD,-3.473753009,-2.956148456
TCGA-CV-A6JT-01,,TCGA Tumor,HNSC,-6.442216906,0.302464206
TARGET-30-PAITCI-01,,TCGA Tumor,NB,2.653143134,12.90679972
TCGA-B0-4833-01,,TCGA Tumor,KIRC,6.342982736,-6.719089102
TCGA-NC-A5HF-01,,TCGA Tumor,LUSC,-5.662549052,1.39940672
TCGA-06-5415-01,,TCGA Tumor,GBM,1.235236135,-9.846980642
TCGA-QR-A6H0-01,,TCGA Tumor,PCPG,0.261814084,12.75183337
TCGA-AN-A0FJ-01,,TCGA Tumor,BRCA,0.961500313,-1.417290639
TCGA-CG-5723-01,,TCGA Tumor,STAD,-4.388273272,-3.46591575
TCGA-NJ-A55O-01,,TCGA Tumor,LUAD,-2.775520835,-2.779551338
TCGA-CS-6670-01,,TCGA Tumor,LGG,2.976495233,-9.952341627
TCGA-EL-A3ZS-01,,TCGA Tumor,THCA,11.33188292,-0.126482945
TCGA-CJ-4881-01,,TCGA Tumor,KIRC,6.163146463,-5.305598329
TCGA-AA-3660-01,,TCGA Tumor,COAD,-6.122822318,-3.710034441
TCGA-DB-A64V-01,,TCGA Tumor,LGG,2.975602117,-10.51163156
TCGA-DD-A3A1-01,,TCGA Tumor,LIHC,0.842800554,4.076374937
TARGET-50-PAJLNJ-01,,TCGA Tumor,WT,-4.560292277,7.691223551
TCGA-BH-A1EV-01,,TCGA Tumor,BRCA,4.511327234,-1.193043422
TCGA-IM-A3EB-01,,TCGA Tumor,THCA,11.00442931,-0.526173245
TCGA-D7-6519-01,,TCGA Tumor,STAD,-3.187434945,-2.543501209
TCGA-06-0745-01,,TCGA Tumor,GBM,1.509204831,-9.209063124
TCGA-EK-A2PI-01,,TCGA Tumor,CESC,-5.607301745,2.142586161
TCGA-VQ-A8PE-01,,TCGA Tumor,STAD,-4.914894614,-1.980458092
TCGA-BR-A452-01,,TCGA Tumor,STAD,-3.956647906,-2.214036058
TCGA-RM-A68T-01,,TCGA Tumor,PCPG,0.261352342,12.76156466
TCGA-75-6211-01,,TCGA Tumor,LUAD,-0.893949423,-1.933288287
TCGA-CH-5772-01,,TCGA Tumor,PRAD,9.131029573,8.049107958
TCGA-DU-5854-01,,TCGA Tumor,LGG,1.320179548,-9.794339727
TARGET-20-PANVGE-09,,TCGA Tumor,LAML,-4.085904631,-12.16276128
TCGA-B6-A0IK-01,,TCGA Tumor,BRCA,4.412500348,-1.172317695
TCGA-F7-A50I-01,,TCGA Tumor,HNSC,-6.152125392,1.122256328
TCGA-CV-7253-01,,TCGA Tumor,HNSC,-6.368919883,1.563345839
TCGA-3B-A9I1-01,,TCGA Tumor,SARC,1.952904549,1.604688455
TCGA-BF-A5EO-01,,TCGA Tumor,SKCM,5.369739499,3.879638601
TCGA-DJ-A3V8-01,,TCGA Tumor,THCA,11.02244231,-0.549919556
TCGA-JL-A3YW-01,,TCGA Tumor,BRCA,3.588352647,-1.004165005
TCGA-L5-A8NH-01,,TCGA Tumor,ESCA,-3.798708472,-3.672363829
TCGA-BP-4973-01,,TCGA Tumor,KIRC,6.2291536,-6.849373888
TCGA-DI-A2QY-01,,TCGA Tumor,UCEC,1.330295708,6.623012472
TCGA-A3-3326-01,,TCGA Tumor,KIRC,6.207890001,-6.839527677
TCGA-HM-A6W2-01,,TCGA Tumor,CESC,1.353543248,6.658325602
TCGA-EK-A2IR-01,,TCGA Tumor,CESC,-5.225541148,2.354660679
TCGA-EJ-A46E-01,,TCGA Tumor,PRAD,9.12378737,8.19142573
TCGA-AK-3445-01,,TCGA Tumor,KIRC,6.148517575,-5.358032297
TCGA-HM-A6W2-06,,TCGA Tumor,CESC,1.37486687,6.614957262
TCGA-UB-A7MB-01,,TCGA Tumor,LIHC,0.852695939,4.127420832
TCGA-52-7810-01,,TCGA Tumor,LUSC,-5.709913287,0.818553854
TCGA-CV-7432-01,,TCGA Tumor,HNSC,-6.811321292,0.634338308
TCGA-05-5420-01,,TCGA Tumor,LUAD,-0.590793762,-1.472719144
TCGA-EE-A29V-06,,TCGA Tumor,SKCM,5.982252088,3.710576464
TCGA-D6-6515-01,,TCGA Tumor,HNSC,-6.576243434,0.572783877
TCGA-CJ-4636-01,,TCGA Tumor,KIRC,5.927422967,-5.791083406
TCGA-IR-A3LF-01,,TCGA Tumor,CESC,-3.206300292,-2.676774095
TCGA-90-6837-01,,TCGA Tumor,LUSC,-6.190639529,1.06635492
TCGA-66-2766-01,,TCGA Tumor,LUSC,-5.36941627,2.35635059
TCGA-OR-A5LD-01,,TCGA Tumor,ACC,-3.466603312,-8.622490476
TCGA-Y8-A897-01,,TCGA Tumor,KIRP,-0.893917594,7.716627527
TCGA-BR-8382-01,,TCGA Tumor,STAD,-4.445304427,-3.471921514
TCGA-QQ-A8VG-01,,TCGA Tumor,SARC,4.99418303,3.401508022
TCGA-V5-AASW-01,,TCGA Tumor,ESCA,-5.718047652,-3.467209648
TARGET-10-PAPLUG-09,,TCGA Tumor,Target-ALL,-8.243570838,-8.205504011
TCGA-BR-A4IV-01,,TCGA Tumor,STAD,-2.264221701,-1.758990358
TCGA-ZS-A9CD-01,,TCGA Tumor,LIHC,1.047021952,4.121102739
TCGA-DH-A7UR-01,,TCGA Tumor,LGG,3.141998496,-10.41419752
TCGA-S7-A7WP-01,,TCGA Tumor,PCPG,0.211542827,12.80860942
TCGA-WB-A81W-01,,TCGA Tumor,PCPG,-0.112374697,13.15432494
TCGA-FY-A3NP-01,,TCGA Tumor,THCA,11.51949736,0.858750869
TCGA-S9-A6WL-01,,TCGA Tumor,LGG,2.871850696,-9.791246008
TCGA-CV-7236-01,,TCGA Tumor,HNSC,-6.065973315,0.875465263
TCGA-CW-5583-01,,TCGA Tumor,KIRC,6.130381551,-5.815117906
TCGA-XF-AAMJ-01,,TCGA Tumor,BLCA,-3.958164725,-0.100167062
TCGA-3Q-A9WF-01,,TCGA Tumor,THYM,-10.89053205,6.037577082
TCGA-SX-A7SR-01,,TCGA Tumor,KIRP,-0.906870994,7.755555082
TCGA-24-1930-01,,TCGA Tumor,OV,1.604184952,8.064771105
TCGA-EJ-7331-01,,TCGA Tumor,PRAD,9.031889405,8.213955332
TCGA-E2-A15D-01,,TCGA Tumor,BRCA,4.291037765,-1.461127709
TCGA-FS-A1ZR-06,,TCGA Tumor,SKCM,5.16541287,3.508508373
TCGA-E9-A1RB-01,,TCGA Tumor,BRCA,4.925249543,-1.448659133
TCGA-BP-5185-01,,TCGA Tumor,KIRC,6.296859231,-5.742724966
TARGET-10-PANKGK-09,,TCGA Tumor,Target-ALL,-8.305099044,-8.261077474
TCGA-60-2711-01,,TCGA Tumor,LUSC,-5.42465261,2.527279068
TCGA-96-7544-01,,TCGA Tumor,LUSC,-5.499557528,2.453425099
TCGA-AO-A12D-01,,TCGA Tumor,BRCA,4.143984761,-0.949369978
TCGA-IG-A3QL-01,,TCGA Tumor,ESCA,-5.306539092,2.469504524
TCGA-UB-A7MA-01,,TCGA Tumor,LIHC,0.26503883,3.451342274
TCGA-B9-4114-01,,TCGA Tumor,KIRP,-0.8520439,7.687645842
TCGA-EM-A4G1-01,,TCGA Tumor,THCA,11.24121615,0.514235843
TCGA-CJ-4897-01,,TCGA Tumor,KIRC,6.283235994,-6.787557196
TARGET-50-PAJNCZ-01,,TCGA Tumor,WT,-4.573473487,7.706792284
TCGA-AZ-4323-01,,TCGA Tumor,COAD,-2.246461186,-1.559662055
TCGA-QR-A702-01,,TCGA Tumor,PCPG,-0.034780983,13.07585948
TCGA-HM-A4S6-01,,TCGA Tumor,CESC,-6.255803618,1.573352624
TARGET-20-PARSHM-03,,TCGA Tumor,LAML,-4.714977298,-11.39588411
TCGA-55-1594-01,,TCGA Tumor,LUAD,-1.245949421,-1.903609465
TCGA-CF-A9FL-01,,TCGA Tumor,BLCA,-3.901938472,0.189021189
TCGA-DX-AB36-01,,TCGA Tumor,SARC,1.355504599,1.375697781
TCGA-85-8071-01,,TCGA Tumor,LUSC,-6.034501586,2.396882225
TCGA-NH-A8F7-06,,TCGA Tumor,COAD,-5.817705664,-3.651636194
TCGA-NH-A8F7-01,,TCGA Tumor,COAD,-5.95766643,-3.633857082
TCGA-26-5135-01,,TCGA Tumor,GBM,1.527449813,-9.141968321
TCGA-D3-A3MR-06,,TCGA Tumor,SKCM,5.804885831,3.386156727
TCGA-BH-A18H-01,,TCGA Tumor,BRCA,5.391228166,-1.660534571
TCGA-BH-A0HF-01,,TCGA Tumor,BRCA,3.959422555,-1.724137615
TCGA-DX-A23R-01,,TCGA Tumor,SARC,1.186395076,1.713749577
TARGET-10-PANWVW-09,,TCGA Tumor,Target-ALL,-8.45282701,-8.40645368
TCGA-BP-5198-01,,TCGA Tumor,KIRC,6.136361566,-5.379179071
TCGA-C8-A12M-01,,TCGA Tumor,BRCA,5.6578612,-1.688041281
TCGA-FP-8209-01,,TCGA Tumor,STAD,-2.248172793,-1.72606356
TCGA-BP-4962-01,,TCGA Tumor,KIRC,5.894581762,-5.839570116
TCGA-V1-A8ML-01,,TCGA Tumor,PRAD,9.327587571,8.103304316
TCGA-VS-A8QF-01,,TCGA Tumor,CESC,-6.498896632,1.700944949
TCGA-21-1076-01,,TCGA Tumor,LUSC,-5.632733378,2.453935553
TCGA-EJ-A46I-01,,TCGA Tumor,PRAD,9.208488908,8.245747019
TCGA-4P-AA8J-01,,TCGA Tumor,HNSC,-5.827327761,0.936364938
TCGA-EF-5830-01,,TCGA Tumor,READ,-5.882670436,-3.531392645
TCGA-BA-4076-01,,TCGA Tumor,HNSC,-6.63005403,0.50360914
TCGA-BP-4342-01,,TCGA Tumor,KIRC,6.172083822,-5.350932192
TCGA-4K-AA1H-01,,TCGA Tumor,TGCT,-1.888600859,5.428400446
TCGA-C8-A26V-01,,TCGA Tumor,BRCA,4.164716449,-1.812804412
TCGA-06-0882-01,,TCGA Tumor,GBM,1.377640453,-9.342519354
TCGA-29-1785-01,,TCGA Tumor,OV,1.836017814,8.449475695
TCGA-AB-2826-03,,TCGA Tumor,LAML,-3.854725394,-12.36892278
TCGA-E1-5318-01,,TCGA Tumor,LGG,2.093040672,-9.575353216
TCGA-56-1622-01,,TCGA Tumor,LUSC,-5.797936473,1.616307069
TCGA-H4-A2HO-01,,TCGA Tumor,BLCA,-3.57571033,-0.483411979
TCGA-FS-A4F0-06,,TCGA Tumor,SKCM,5.655581918,3.608963896
TCGA-DE-A69J-01,,TCGA Tumor,THCA,11.27914473,-0.2565311
TCGA-CZ-5464-01,,TCGA Tumor,KIRC,6.001731363,-5.766568731
TCGA-IG-A3YB-01,,TCGA Tumor,ESCA,-5.508992228,1.508722593
TCGA-DE-A4MD-01,,TCGA Tumor,THCA,10.9943318,-0.606388341
TCGA-W2-A7HC-01,,TCGA Tumor,PCPG,-0.060242597,13.10074179
TCGA-67-3773-01,,TCGA Tumor,LUAD,-0.091149632,-2.593673061
TCGA-EL-A3GX-01,,TCGA Tumor,THCA,10.99428698,-0.476309429
TCGA-2A-A8VX-01,,TCGA Tumor,PRAD,8.739886728,8.195175577
TCGA-AA-3712-01,,TCGA Tumor,COAD,-5.822917018,-3.57252581
TARGET-30-PAMMXF-01,,TCGA Tumor,NB,2.592052665,12.83962386
TCGA-EM-A1CW-01,,TCGA Tumor,THCA,11.35432002,1.018590439
TCGA-WB-A81S-01,,TCGA Tumor,PCPG,-0.06252164,13.10739939
TCGA-LK-A4O6-01,,TCGA Tumor,MESO,-0.119224403,1.457245876
TCGA-24-1604-01,,TCGA Tumor,OV,1.882637229,8.336370875
TCGA-FY-A76V-01,,TCGA Tumor,THCA,11.61296317,0.731386889
TCGA-B6-A1KN-01,,TCGA Tumor,BRCA,4.908665624,-1.221375297
TCGA-WC-A880-01,,TCGA Tumor,UVM,6.698671785,4.407167841
TCGA-IQ-A61H-01,,TCGA Tumor,HNSC,-5.149642024,2.28189819
TCGA-CE-A484-01,,TCGA Tumor,THCA,11.59826228,0.752764333
TCGA-E2-A15S-01,,TCGA Tumor,BRCA,5.679050889,-1.711750697
TCGA-VQ-A94O-01,,TCGA Tumor,STAD,-4.921587024,-1.991964172
TCGA-E9-A1RI-01,,TCGA Tumor,BRCA,3.96138927,-1.656326603
TCGA-RD-A8MW-01,,TCGA Tumor,STAD,-2.697321925,-1.986504387
TCGA-GM-A2DI-01,,TCGA Tumor,BRCA,4.133208003,-1.817750882
TCGA-E2-A15L-01,,TCGA Tumor,BRCA,4.046421256,-0.933389376
TARGET-10-PANWYH-09,,TCGA Tumor,Target-ALL,-8.502744231,-8.368914198
TCGA-05-4244-01,,TCGA Tumor,LUAD,-0.162203822,-3.211159777
TCGA-DU-6393-01,,TCGA Tumor,LGG,3.214909997,-10.50496633
TCGA-61-2094-01,,TCGA Tumor,OV,1.766365376,8.556836535
TCGA-64-5774-01,,TCGA Tumor,LUAD,-0.732221041,-2.117821525
TCGA-BA-A6DJ-01,,TCGA Tumor,HNSC,-6.843597445,0.586171497
TCGA-CJ-4886-01,,TCGA Tumor,KIRC,6.353179422,-6.723651956
TCGA-A8-A09T-01,,TCGA Tumor,BRCA,5.064027276,-1.545912455
TCGA-A3-3346-01,,TCGA Tumor,KIRC,6.150287595,-5.320693086
TCGA-B6-A0RV-01,,TCGA Tumor,BRCA,4.52236506,-1.615147184
TCGA-GL-A9DC-01,,TCGA Tumor,KIRP,-0.957780394,7.801451136
TCGA-QR-A706-01,,TCGA Tumor,PCPG,0.21640357,12.80852263
TCGA-D8-A27T-01,,TCGA Tumor,BRCA,4.030950513,-1.669294547
TCGA-75-7031-01,,TCGA Tumor,LUAD,-1.146031055,-2.098707985
TCGA-KK-A7B4-01,,TCGA Tumor,PRAD,7.961536374,8.776746203
TCGA-50-5941-01,,TCGA Tumor,LUAD,-0.18881515,-3.034112762
TCGA-C8-A278-01,,TCGA Tumor,BRCA,4.100636687,-0.892432343
TCGA-G3-A25Z-01,,TCGA Tumor,LIHC,0.965008166,4.262183119
TCGA-EM-A2CQ-01,,TCGA Tumor,THCA,11.36184355,0.992072571
TCGA-BC-A217-01,,TCGA Tumor,LIHC,0.57768054,3.796608139
TCGA-CH-5746-01,,TCGA Tumor,PRAD,7.742581334,9.18132918
TCGA-EW-A2FS-01,,TCGA Tumor,BRCA,5.597156491,-1.686001848
TCGA-NF-A5CP-01,,TCGA Tumor,UCS,1.513448324,6.505520273
TCGA-A8-A09C-01,,TCGA Tumor,BRCA,5.041660753,-1.521226357
TCGA-BH-A18L-01,,TCGA Tumor,BRCA,5.691376176,-1.664610814
TCGA-60-2723-01,,TCGA Tumor,LUSC,-5.320684466,1.850474049
TCGA-QT-A5XN-01,,TCGA Tumor,PCPG,-0.03111187,13.07217829
TCGA-44-2662-01,,TCGA Tumor,LUAD,0.091164019,-2.456065964
TCGA-D3-A3MV-06,,TCGA Tumor,SKCM,5.005412069,3.410487343
TCGA-AB-2930-03,,TCGA Tumor,LAML,-4.890086207,-11.4757467
TCGA-DQ-7590-01,,TCGA Tumor,HNSC,-6.311552081,1.069779564
TCGA-XV-AB01-06,,TCGA Tumor,SKCM,6.123056855,3.788525034
TCGA-21-1072-01,,TCGA Tumor,LUSC,-5.252016101,2.414604832
TCGA-GM-A2DK-01,,TCGA Tumor,BRCA,3.926437583,-1.850726436
TCGA-EM-A4FQ-01,,TCGA Tumor,THCA,11.03803393,-0.444983642
TCGA-E9-A22A-01,,TCGA Tumor,BRCA,3.252947059,-1.263653945
TCGA-HC-7750-01,,TCGA Tumor,PRAD,9.044034448,8.272713114
TCGA-DD-A3A9-01,,TCGA Tumor,LIHC,0.352820244,3.499672581
TCGA-AC-A3YJ-01,,TCGA Tumor,BRCA,5.41431376,-1.428968738
TCGA-EM-A3AK-01,,TCGA Tumor,THCA,11.5884194,0.163130168
TCGA-CM-4743-01,,TCGA Tumor,COAD,-4.522808108,-3.532411884
TCGA-13-1409-01,,TCGA Tumor,OV,1.395858016,7.922982622
TCGA-14-0787-01,,TCGA Tumor,GBM,1.176872995,-9.800110411
TCGA-21-5782-01,,TCGA Tumor,LUSC,-5.595198664,1.719812442
TCGA-IW-A3M4-01,,TCGA Tumor,SARC,1.514611211,1.27964573
TCGA-10-0928-01,,TCGA Tumor,OV,1.690296855,8.420257975
TCGA-Z5-AAPL-01,,TCGA Tumor,PAAD,-4.05958179,-3.381413053
TCGA-AB-2811-03,,TCGA Tumor,LAML,-3.861480746,-12.3507734
TCGA-DS-A5RQ-01,,TCGA Tumor,CESC,-6.26082519,1.657288839
TCGA-CN-4736-01,,TCGA Tumor,HNSC,-6.745844874,0.567038883
TCGA-D3-A8GC-06,,TCGA Tumor,SKCM,5.633888688,3.548068691
TCGA-24-1469-01,,TCGA Tumor,OV,1.71151587,8.535379816
TCGA-CZ-5460-01,,TCGA Tumor,KIRC,6.237133947,-6.825861524
TCGA-B0-4816-01,,TCGA Tumor,KIRC,6.23658463,-6.788810324
TCGA-BI-A20A-01,,TCGA Tumor,CESC,-5.710874591,1.525605847
TCGA-EO-A3KX-01,,TCGA Tumor,UCEC,1.315162268,6.59507506
TCGA-E3-A3E0-01,,TCGA Tumor,THCA,11.51169154,0.301669661
TCGA-VP-A87K-01,,TCGA Tumor,PRAD,7.923262563,8.839785029
TCGA-HC-A6HY-01,,TCGA Tumor,PRAD,7.687591996,9.232635904
TCGA-AC-A23C-01,,TCGA Tumor,BRCA,4.275297132,-1.539613198
TCGA-DA-A3F3-06,,TCGA Tumor,SKCM,6.416304078,4.061948229
TCGA-CN-A63W-01,,TCGA Tumor,HNSC,-6.551785025,1.081493188
TARGET-30-PASSRN-01,,TCGA Tumor,NB,2.64767262,12.88491194
TCGA-D8-A1XM-01,,TCGA Tumor,BRCA,4.090112176,-1.746725391
TCGA-DD-A119-01,,TCGA Tumor,LIHC,1.035675969,4.153363634
TCGA-C5-A7UI-01,,TCGA Tumor,CESC,-6.256544146,1.501817752
TARGET-20-PAKIWK-09,,TCGA Tumor,LAML,-5.481674704,-12.43712575
TCGA-BH-A1EU-01,,TCGA Tumor,BRCA,3.847593751,-1.625011395
TARGET-20-PAKIWK-04,,TCGA Tumor,LAML,-5.506928477,-12.4544502
TCGA-GM-A2DD-01,,TCGA Tumor,BRCA,4.110082593,-0.899873506
TCGA-OL-A5S0-01,,TCGA Tumor,BRCA,1.047721234,-1.529697489
TCGA-FS-A4F5-06,,TCGA Tumor,SKCM,5.488037553,3.39970534
TCGA-VQ-A8PB-01,,TCGA Tumor,STAD,-4.420744452,-3.477676224
TCGA-SX-A71V-01,,TCGA Tumor,KIRP,-0.87938169,7.725724627
TCGA-DU-6397-02,,TCGA Tumor,LGG,3.121632066,-10.45178468
TCGA-L5-A8NW-01,,TCGA Tumor,ESCA,-4.281030211,-2.676575254
TARGET-10-PARMXF-03,,TCGA Tumor,Target-ALL,-8.384750876,-8.427966665
TCGA-DJ-A3US-01,,TCGA Tumor,THCA,11.36625239,0.5336379
TCGA-DX-A8BX-01,,TCGA Tumor,SARC,1.286273029,1.670600463
TCGA-DU-5853-01,,TCGA Tumor,LGG,2.312555042,-10.54499299
TCGA-DB-A75P-01,,TCGA Tumor,LGG,2.184806433,-9.943387579
TARGET-21-PARXYR-03,,TCGA Tumor,LAML,-5.14971498,-12.25374944
TCGA-13-1405-01,,TCGA Tumor,OV,1.638277855,8.056410242
TCGA-AB-2925-03,,TCGA Tumor,LAML,-3.838043246,-12.36150224
TCGA-AL-3468-01,,TCGA Tumor,KIRP,-0.938239608,7.729367663
TCGA-EL-A3TA-01,,TCGA Tumor,THCA,11.49137637,0.054737168
TCGA-24-1464-01,,TCGA Tumor,OV,2.043481794,8.155850817
TCGA-86-8075-01,,TCGA Tumor,LUAD,-0.357022497,-2.780890058
TCGA-DD-AACI-01,,TCGA Tumor,LIHC,0.914510515,3.840943266
TCGA-L5-A43E-01,,TCGA Tumor,ESCA,-3.809223685,-3.69594128
TCGA-97-A4M2-01,,TCGA Tumor,LUAD,-0.670199904,-2.8032418
TCGA-CR-7398-01,,TCGA Tumor,HNSC,-6.185276542,1.399080325
TCGA-CH-5771-01,,TCGA Tumor,PRAD,8.9590058,8.396485735
TCGA-D3-A8GL-06,,TCGA Tumor,SKCM,5.907205548,3.523566891
TCGA-A2-A0YG-01,,TCGA Tumor,BRCA,5.185221639,-1.350279521
TCGA-FR-A3YN-06,,TCGA Tumor,SKCM,5.781457391,3.597453762
TCGA-XU-AAXW-01,,TCGA Tumor,THYM,-10.87779191,6.005171229
TCGA-55-7995-01,,TCGA Tumor,LUAD,-1.096421037,-2.254897665
TCGA-BB-7870-01,,TCGA Tumor,HNSC,-6.299512896,1.067369033
TCGA-A8-A09G-01,,TCGA Tumor,BRCA,4.276372638,-0.988575529
TCGA-24-1104-01,,TCGA Tumor,OV,2.000409093,8.129826952
TCGA-G4-6315-01,,TCGA Tumor,COAD,-5.96582416,-3.753549408
TCGA-HC-7749-01,,TCGA Tumor,PRAD,8.045366254,8.655154635
TCGA-DX-A2J1-01,,TCGA Tumor,SARC,1.107968655,1.17264073
TCGA-E9-A2JT-01,,TCGA Tumor,BRCA,-8.537671599,6.946203161
TCGA-NK-A7XE-01,,TCGA Tumor,LUSC,-5.195189032,1.257649113
TCGA-V1-A9OX-01,,TCGA Tumor,PRAD,9.098671403,8.045975615
TCGA-FJ-A3Z7-01,,TCGA Tumor,BLCA,-4.067481551,-0.582100998
TCGA-LK-A4NW-01,,TCGA Tumor,MESO,-0.125652764,1.508967329
TCGA-D8-A27E-01,,TCGA Tumor,BRCA,5.741786924,-1.542648624
TCGA-AC-A8OQ-01,,TCGA Tumor,BRCA,1.037308183,-1.560074877
TCGA-HD-8634-01,,TCGA Tumor,HNSC,-6.814307246,0.749531974
TCGA-TM-A84J-01,,TCGA Tumor,LGG,1.759596791,-9.258718084
TCGA-4A-A93Y-01,,TCGA Tumor,KIRP,6.218072858,-5.301632952
TCGA-AF-6136-01,,TCGA Tumor,READ,-6.010767016,-3.763288092
TCGA-B0-4703-01,,TCGA Tumor,KIRC,6.216583219,-5.29569013
TCGA-UB-A7ME-01,,TCGA Tumor,LIHC,0.532814425,3.664764572
TCGA-CM-4747-01,,TCGA Tumor,COAD,-6.151750121,-3.626279663
TCGA-56-5897-01,,TCGA Tumor,LUSC,-6.04654983,0.400678862
TCGA-A1-A0SO-01,,TCGA Tumor,BRCA,0.819428083,-1.640109967
TCGA-R6-A8WG-01,,TCGA Tumor,ESCA,-4.919056926,-1.949893307
TCGA-BR-4191-01,,TCGA Tumor,STAD,-3.920380626,-3.606355022
TCGA-43-A475-01,,TCGA Tumor,LUSC,-5.293960128,2.428443361
TCGA-EA-A3HU-01,,TCGA Tumor,CESC,-6.335266146,1.755993773
TCGA-D9-A149-06,,TCGA Tumor,SKCM,6.002443757,3.607574154
TCGA-FG-5962-01,,TCGA Tumor,LGG,2.916184154,-9.842800688
TCGA-VD-AA8P-01,,TCGA Tumor,UVM,6.721015897,4.434254099
TCGA-95-7043-01,,TCGA Tumor,LUAD,-0.514828834,-2.759567093
TCGA-BA-A6DE-01,,TCGA Tumor,HNSC,-6.443795714,1.152405192
TCGA-OL-A66H-01,,TCGA Tumor,BRCA,4.26225802,-1.901595663
TCGA-BP-4165-01,,TCGA Tumor,KIRC,6.285473314,-6.771520208
TARGET-10-PASFXA-03,,TCGA Tumor,Target-ALL,-8.39794496,-8.361543249
TCGA-OR-A5LL-01,,TCGA Tumor,ACC,-3.463500056,-8.619174551
TCGA-CJ-4876-01,,TCGA Tumor,KIRC,6.283247438,-6.748570513
TCGA-X6-A7WB-01,,TCGA Tumor,SARC,1.968560662,1.609744002
TARGET-10-PASFXA-04,,TCGA Tumor,Target-ALL,-8.44147161,-8.397924017
TCGA-97-A4M1-01,,TCGA Tumor,LUAD,-0.41148201,-2.76903684
TCGA-D8-A1XA-01,,TCGA Tumor,BRCA,5.323436704,-1.584998201
TCGA-AO-A1KQ-01,,TCGA Tumor,BRCA,5.553925004,-1.537683438
TCGA-EE-A2MI-06,,TCGA Tumor,SKCM,4.922980752,3.338731218
TCGA-A8-A0A6-01,,TCGA Tumor,BRCA,4.030217138,-1.744569849
TCGA-56-A4ZK-01,,TCGA Tumor,LUSC,-5.882445845,2.437535692
TCGA-L5-A43J-01,,TCGA Tumor,ESCA,-5.364004168,0.76656418
TCGA-DK-A3IS-01,,TCGA Tumor,BLCA,-3.696430239,0.099155192
TCGA-78-7149-01,,TCGA Tumor,LUAD,-1.190789256,-2.294870447
TCGA-AQ-A04J-01,,TCGA Tumor,BRCA,0.933308926,-1.401155423
TCGA-37-3789-01,,TCGA Tumor,LUSC,-6.260495696,0.862390627
TCGA-27-1831-01,,TCGA Tumor,GBM,1.261230436,-9.36121137
TCGA-BH-A0W4-01,,TCGA Tumor,BRCA,4.236661878,-1.901904057
TCGA-WZ-A7V4-01,,TCGA Tumor,TGCT,-1.92322186,5.459774901
TCGA-EJ-7314-01,,TCGA Tumor,PRAD,7.778522935,9.161628176
TCGA-CV-6943-01,,TCGA Tumor,HNSC,-6.589960131,0.513292779
TCGA-FX-A3RE-01,,TCGA Tumor,SARC,1.331462648,1.427393485
TCGA-F6-A8O4-01,,TCGA Tumor,LGG,2.412111488,-10.32716901
TCGA-AP-A5FX-01,,TCGA Tumor,UCEC,1.522710886,6.454937864
TCGA-EK-A2RM-01,,TCGA Tumor,CESC,-0.75676218,-2.420903038
TCGA-28-1753-01,,TCGA Tumor,GBM,1.523653951,-9.126637052
TCGA-37-A5EM-01,,TCGA Tumor,LUSC,-5.542086158,1.74990194
TCGA-DK-AA6L-01,,TCGA Tumor,BLCA,-3.762909922,0.046303643
TCGA-RD-A8N4-01,,TCGA Tumor,STAD,-2.259789977,-1.754259418
TCGA-BP-4965-01,,TCGA Tumor,KIRC,6.39232966,-5.969715666
TCGA-EL-A3H2-01,,TCGA Tumor,THCA,11.54776236,0.826811362
TCGA-HR-A5NC-01,,TCGA Tumor,SKCM,5.257437196,3.922042538
TCGA-CV-7102-01,,TCGA Tumor,HNSC,-6.315283808,0.423031588
TCGA-D8-A1X5-01,,TCGA Tumor,BRCA,5.650993314,-1.765452336
TCGA-DG-A2KK-01,,TCGA Tumor,CESC,-3.200544867,-2.327623676
TCGA-YU-A912-01,,TCGA Tumor,TGCT,-1.93189362,5.469077994
TCGA-66-2792-01,,TCGA Tumor,LUSC,-5.283882174,2.468755413
TCGA-12-5295-01,,TCGA Tumor,GBM,1.277906862,-9.64479215
TCGA-24-2024-01,,TCGA Tumor,OV,1.782089677,8.217255045
TCGA-EM-A2P3-01,,TCGA Tumor,THCA,11.21869418,-0.211565505
TCGA-13-0924-01,,TCGA Tumor,OV,2.067682114,8.20714419
TCGA-AB-2825-03,,TCGA Tumor,LAML,-3.91218904,-12.27719171
TCGA-P3-A6T5-01,,TCGA Tumor,HNSC,-6.693984542,0.56028818
TARGET-10-PARSZH-09,,TCGA Tumor,Target-ALL,-8.404292617,-8.366146635
TCGA-HC-7231-01,,TCGA Tumor,PRAD,7.669068303,9.25017016
TCGA-SR-A6MP-01,,TCGA Tumor,PCPG,0.15973353,12.86801283
TCGA-AA-3697-01,,TCGA Tumor,COAD,-6.016924891,-3.674866508
TCGA-BT-A3PJ-01,,TCGA Tumor,BLCA,-5.301820788,0.705279936
TCGA-B0-4707-01,,TCGA Tumor,KIRC,6.162610021,-5.360344957
TCGA-VP-AA1N-01,,TCGA Tumor,PRAD,9.101526704,8.080180575
TCGA-85-7699-01,,TCGA Tumor,LUSC,-5.430947337,0.785069455
TCGA-A2-A4RW-01,,TCGA Tumor,BRCA,5.392971959,-1.479172896
TCGA-KK-A6E8-01,,TCGA Tumor,PRAD,8.396207776,8.239115168
TCGA-RT-A6YC-01,,TCGA Tumor,PCPG,0.007476475,13.0343117
TCGA-AZ-6606-01,,TCGA Tumor,COAD,-5.451891455,-3.670079779
TCGA-D8-A1XV-01,,TCGA Tumor,BRCA,5.792205777,-1.61853249
TCGA-D8-A13Y-01,,TCGA Tumor,BRCA,-1.241603408,-0.616231989
TCGA-E8-A419-01,,TCGA Tumor,THCA,10.88859793,-0.221928518
TARGET-30-PASGUT-01,,TCGA Tumor,NB,2.71414062,12.96540873
TCGA-B1-7332-01,,TCGA Tumor,KIRP,-0.892866287,7.723445822
TCGA-AR-A0TU-01,,TCGA Tumor,BRCA,0.810625252,-1.586495828
TCGA-BH-A0B0-01,,TCGA Tumor,BRCA,4.104092088,-1.128941487
TCGA-HC-7075-01,,TCGA Tumor,PRAD,8.430285897,8.252211023
TCGA-MN-A4N1-01,,TCGA Tumor,LUAD,-0.314519021,-2.911572765
TCGA-UT-A88C-01,,TCGA Tumor,MESO,-0.156195078,1.525426913
TCGA-E2-A15P-01,,TCGA Tumor,BRCA,3.907131162,-1.735753487
TCGA-D8-A1JN-01,,TCGA Tumor,BRCA,4.334567037,-1.082357596
TCGA-MH-A55Z-01,,TCGA Tumor,KIRP,-0.942621383,7.825760294
TCGA-EP-A26S-01,,TCGA Tumor,LIHC,1.328647819,3.871713329
TCGA-KN-8434-01,,TCGA Tumor,KICH,-3.560063157,5.101615359
TCGA-MP-A4TC-01,,TCGA Tumor,LUAD,-0.24056283,-2.832560133
TCGA-XU-A930-01,,TCGA Tumor,THYM,-10.83479837,6.077039171
TCGA-BH-A0B8-01,,TCGA Tumor,BRCA,5.712891069,-1.720106434
TCGA-V5-A7RE-01,,TCGA Tumor,ESCA,-3.87967256,-3.661812853
TCGA-C5-A1MI-01,,TCGA Tumor,CESC,-5.608782801,1.858388353
TCGA-D5-6928-01,,TCGA Tumor,COAD,-4.784499202,-3.690913032
TCGA-AB-2833-03,,TCGA Tumor,LAML,-3.886383567,-12.32839258
TCGA-ER-A42K-06,,TCGA Tumor,SKCM,5.03820559,3.367945124
TCGA-DU-A5TS-01,,TCGA Tumor,LGG,2.339924541,-10.79517705
TCGA-BQ-7046-01,,TCGA Tumor,KIRP,-0.87133995,7.696434904
TCGA-XU-AAXX-01,,TCGA Tumor,THYM,-10.92990068,5.970463205
TARGET-10-PATTEE-03,,TCGA Tumor,Target-ALL,-8.217011008,-8.183270048
TCGA-K4-A5RH-01,,TCGA Tumor,BLCA,0.945148912,1.051152397
TCGA-P5-A5ET-01,,TCGA Tumor,LGG,3.052991595,-10.48356397
TCGA-XV-A9W5-01,,TCGA Tumor,SKCM,4.997424093,3.401510407
TCGA-CJ-4640-01,,TCGA Tumor,KIRC,5.723962274,-5.338071894
TCGA-HT-7880-01,,TCGA Tumor,LGG,2.775043454,-9.692054342
TCGA-V1-A8WW-01,,TCGA Tumor,PRAD,8.223322358,8.410252024
TCGA-W5-AA2U-01,,TCGA Tumor,CHOL,-0.09150875,3.061066796
TCGA-WB-A820-01,,TCGA Tumor,PCPG,0.001383659,13.03901618
TARGET-10-PAPNNX-09,,TCGA Tumor,Target-ALL,-8.20755342,-8.169895719
TCGA-NC-A5HM-01,,TCGA Tumor,LUSC,-5.315764937,1.545820404
TARGET-10-PAPNNX-04,,TCGA Tumor,Target-ALL,-8.421206984,-8.391554426
TCGA-WE-A8K4-01,,TCGA Tumor,SKCM,5.981508222,3.618067433
TCGA-56-8305-01,,TCGA Tumor,LUSC,-5.962925467,1.147705127
TCGA-EE-A2GJ-06,,TCGA Tumor,SKCM,5.634992089,3.414473225
TCGA-21-5783-01,,TCGA Tumor,LUSC,-5.733552966,0.883409072
TARGET-10-PARCHB-03,,TCGA Tumor,Target-ALL,-8.345349822,-8.297777723
TCGA-DJ-A3VD-01,,TCGA Tumor,THCA,10.95642516,-0.347259741
TCGA-EM-A4FK-01,,TCGA Tumor,THCA,11.53060957,0.90216576
TARGET-10-PAPHEK-03,,TCGA Tumor,Target-ALL,-4.016886744,-12.24472005
TCGA-60-2724-01,,TCGA Tumor,LUSC,-6.293691668,1.17494886
TCGA-AB-2816-03,,TCGA Tumor,LAML,-3.915779147,-12.32297189
TCGA-DJ-A3V3-01,,TCGA Tumor,THCA,11.58765742,0.319324483
TCGA-2Y-A9H4-01,,TCGA Tumor,LIHC,0.901657965,4.238501002
TCGA-BT-A0YX-01,,TCGA Tumor,BLCA,-6.300112281,1.706967999
TCGA-61-2101-01,,TCGA Tumor,OV,1.320421603,7.801339556
TCGA-XF-A9SK-01,,TCGA Tumor,BLCA,-4.610701594,0.568309177
TCGA-A3-3325-01,,TCGA Tumor,KIRC,6.228850808,-6.847800802
TCGA-P3-A6SW-01,,TCGA Tumor,HNSC,-6.172739539,2.230670382
TCGA-AB-2868-03,,TCGA Tumor,LAML,-5.016142401,-11.56792219
TCGA-85-7696-01,,TCGA Tumor,LUSC,-5.247406516,2.218963314
TCGA-2H-A9GI-01,,TCGA Tumor,ESCA,-4.784613166,-3.541861128
TCGA-KK-A6E3-01,,TCGA Tumor,PRAD,9.235087838,8.136148859
TCGA-10-0927-01,,TCGA Tumor,OV,1.413462248,7.924957682
TCGA-UY-A9PH-01,,TCGA Tumor,BLCA,-3.613941703,-0.020317245
TCGA-AJ-A8CW-01,,TCGA Tumor,UCEC,1.485847798,6.488134314
TARGET-50-PAKYFC-01,,TCGA Tumor,WT,-4.533074889,7.663061548
TARGET-21-PARZIA-09,,TCGA Tumor,LAML,-5.154446158,-12.12866743
TCGA-DX-A7EO-01,,TCGA Tumor,SARC,0.181248885,0.842418183
TCGA-BP-4974-01,,TCGA Tumor,KIRC,6.255547967,-6.034343313
TCGA-34-5928-01,,TCGA Tumor,LUSC,-5.415155921,0.726140071
TCGA-A2-A3KD-01,,TCGA Tumor,BRCA,4.636332479,-1.46898992
TCGA-UT-A88G-01,,TCGA Tumor,MESO,-0.166822884,1.469719936
TCGA-2G-AAGG-01,,TCGA Tumor,TGCT,-4.897065673,-1.932914566
TCGA-91-6849-01,,TCGA Tumor,LUAD,-0.93441144,-2.419975828
TCGA-A6-6142-01,,TCGA Tumor,COAD,-5.832788977,-3.383312296
TCGA-24-0968-01,,TCGA Tumor,OV,1.757678714,7.834627081
TCGA-Y6-A9XI-01,,TCGA Tumor,PRAD,8.342367139,8.282728602
TCGA-J8-A3NZ-01,,TCGA Tumor,THCA,11.00244853,-0.569216381
TCGA-VQ-AA6J-01,,TCGA Tumor,STAD,-4.0072265,-3.608212303
TCGA-Z6-A8JD-01,,TCGA Tumor,ESCA,-6.354507956,0.633416523
TCGA-P3-A6T6-01,,TCGA Tumor,HNSC,-6.193358454,1.572255303
TCGA-CM-6171-01,,TCGA Tumor,COAD,-4.785533938,-3.714139055
TCGA-JW-A852-01,,TCGA Tumor,CESC,-6.08785728,2.372039248
TCGA-KL-8335-01,,TCGA Tumor,KICH,-3.540871177,5.108485151
TCGA-ZF-A9RC-01,,TCGA Tumor,BLCA,-3.716150794,0.067480104
TCGA-TM-A84F-01,,TCGA Tumor,LGG,2.346901264,-10.4895149
TCGA-AJ-A3OJ-01,,TCGA Tumor,UCEC,1.28393313,6.636146952
TCGA-HT-7884-01,,TCGA Tumor,LGG,2.417618003,-10.67651613
TCGA-AR-A1AU-01,,TCGA Tumor,BRCA,3.728604999,-1.538464617
TARGET-30-PAPZYZ-01,,TCGA Tumor,NB,0.358444233,12.71059363
TCGA-KO-8415-01,,TCGA Tumor,KICH,-3.63860372,5.047650744
TCGA-RW-A680-01,,TCGA Tumor,PCPG,0.220668506,12.80512564
TCGA-86-8054-01,,TCGA Tumor,LUAD,-0.847295675,-1.975574802
TCGA-W5-AA2Q-01,,TCGA Tumor,CHOL,-0.105796072,3.036609818
TCGA-68-8250-01,,TCGA Tumor,LUSC,-5.218387637,1.486445714
TCGA-A3-3308-01,,TCGA Tumor,KIRC,6.242619481,-5.365621637
TCGA-AC-A6NO-01,,TCGA Tumor,BRCA,4.653642621,-1.46898074
TCGA-A2-A0CO-01,,TCGA Tumor,BRCA,3.861958232,-1.647963237
TCGA-66-2780-01,,TCGA Tumor,LUSC,-5.507017169,0.791977931
TCGA-BP-4349-01,,TCGA Tumor,KIRC,6.383644548,-6.639969896
TCGA-CG-4438-01,,TCGA Tumor,STAD,-5.749446425,-3.542515825
TCGA-DD-AAVR-01,,TCGA Tumor,LIHC,1.035568979,4.177318026
TCGA-AN-A0FZ-01,,TCGA Tumor,BRCA,5.605410543,-1.720711421
TARGET-30-PATDXC-01,,TCGA Tumor,NB,2.632228818,12.89682429
TCGA-99-8028-01,,TCGA Tumor,LUAD,0.016686794,-2.672274183
TCGA-A2-A0YD-01,,TCGA Tumor,BRCA,4.590309587,-1.595808934
TCGA-DE-A0Y2-01,,TCGA Tumor,THCA,11.04370162,-0.586900781
TCGA-09-2056-01,,TCGA Tumor,OV,1.773716297,8.367702891
TCGA-BR-4294-01,,TCGA Tumor,STAD,0.131227162,-0.849682103
TCGA-CQ-5323-01,,TCGA Tumor,HNSC,-6.149495635,2.012912799
TCGA-EM-A4FO-01,,TCGA Tumor,THCA,11.34913966,0.749637116
TCGA-BR-6458-01,,TCGA Tumor,STAD,-3.288317952,-3.02463777
TCGA-EJ-A7NK-01,,TCGA Tumor,PRAD,9.087126222,8.295192171
TCGA-EM-A3OB-01,,TCGA Tumor,THCA,11.55890605,0.838996459
TCGA-55-8505-01,,TCGA Tumor,LUAD,-1.315259132,-2.16967256
TCGA-C8-A12N-01,,TCGA Tumor,BRCA,4.652306524,-1.612631153
TCGA-B0-4827-01,,TCGA Tumor,KIRC,6.03145453,-5.321166586
TCGA-FD-A62P-01,,TCGA Tumor,BLCA,-6.145803008,1.168606092
TCGA-XM-AAZ3-01,,TCGA Tumor,THYM,-11.05751947,5.895887304
TCGA-UD-AAC1-01,,TCGA Tumor,MESO,-0.146665308,1.532582451
TCGA-B0-5703-01,,TCGA Tumor,KIRC,6.270559278,-6.860116075
TCGA-X6-A7WA-01,,TCGA Tumor,SARC,1.99372324,1.578759123
TCGA-A2-A25F-01,,TCGA Tumor,BRCA,0.553985309,0.315526355
TCGA-DK-AA74-01,,TCGA Tumor,BLCA,-5.394099746,0.812731017
TCGA-IB-8127-01,,TCGA Tumor,PAAD,-3.079904589,-2.580191206
TARGET-30-PASSWW-01,,TCGA Tumor,NB,2.698556628,12.96094935
TCGA-10-0936-01,,TCGA Tumor,OV,1.749299731,8.542095591
TCGA-A8-A0A1-01,,TCGA Tumor,BRCA,3.832386699,-1.65080614
TCGA-DU-A6S8-01,,TCGA Tumor,LGG,3.140462842,-10.56607873
TCGA-S7-A7WO-01,,TCGA Tumor,PCPG,0.297723983,12.71545928
TCGA-55-8096-01,,TCGA Tumor,LUAD,-0.337409291,-2.812663149
TCGA-BP-4969-01,,TCGA Tumor,KIRC,6.360239473,-6.706792902
TCGA-CV-5435-01,,TCGA Tumor,HNSC,-5.255838427,1.946594049
TCGA-DA-A1I4-06,,TCGA Tumor,SKCM,6.014680352,3.460632969
TCGA-CQ-5332-01,,TCGA Tumor,HNSC,-5.614829573,2.379441906
TCGA-HU-A4H0-01,,TCGA Tumor,STAD,-3.906919036,-3.548942398
TCGA-CH-5767-01,,TCGA Tumor,PRAD,8.331693616,8.300247599
TCGA-22-4599-01,,TCGA Tumor,LUSC,-5.178576503,2.214935471
TCGA-DV-5568-01,,TCGA Tumor,KIRC,6.121920552,-5.385708879
TCGA-AB-2875-03,,TCGA Tumor,LAML,-4.659551654,-11.42753847
TCGA-EL-A3N3-01,,TCGA Tumor,THCA,10.87664839,-0.271763276
TCGA-EW-A1IZ-01,,TCGA Tumor,BRCA,5.614233937,-1.698615741
TCGA-A6-2675-01,,TCGA Tumor,COAD,-5.994044814,-3.709451031
TCGA-AB-2821-03,,TCGA Tumor,LAML,-4.809952292,-11.52385576
TCGA-2Y-A9GX-01,,TCGA Tumor,LIHC,1.016389992,4.151662279
TCGA-KL-8331-01,,TCGA Tumor,KICH,-3.560060773,5.100967814
TCGA-B6-A0IB-01,,TCGA Tumor,BRCA,4.436010328,-1.265007566
TCGA-CN-4726-01,,TCGA Tumor,HNSC,-6.438560042,0.168150675
TCGA-OR-A5K8-01,,TCGA Tumor,ACC,-3.375774894,-8.700477194
TCGA-A8-A08Z-01,,TCGA Tumor,BRCA,3.440096345,-1.268432092
TCGA-V4-A9EK-01,,TCGA Tumor,UVM,6.775917497,4.490049769
TCGA-DJ-A2PS-01,,TCGA Tumor,THCA,11.53841921,0.038247306
TCGA-BH-A0DT-01,,TCGA Tumor,BRCA,4.127315965,-1.736323785
TCGA-66-2759-01,,TCGA Tumor,LUSC,-5.417006049,1.790233303
TCGA-DD-AADQ-01,,TCGA Tumor,LIHC,1.057890203,4.126660753
TCGA-EK-A2RB-01,,TCGA Tumor,CESC,-6.360428843,1.615281035
TCGA-AC-A3QQ-01,,TCGA Tumor,BRCA,3.299209562,-1.229031752
TCGA-BQ-5878-01,,TCGA Tumor,KIRP,-0.890963111,7.698214461
TCGA-XF-A9SX-01,,TCGA Tumor,BLCA,-3.233080659,-2.198098253
TCGA-B1-A47O-01,,TCGA Tumor,KIRP,-0.828423772,7.635701586
TCGA-FG-A70Y-01,,TCGA Tumor,LGG,2.338341441,-10.71825654
TCGA-E2-A15T-01,,TCGA Tumor,BRCA,5.690232721,-1.604936193
TCGA-AR-A2LL-01,,TCGA Tumor,BRCA,5.232974496,-1.545291017
TCGA-3C-AALI-01,,TCGA Tumor,BRCA,4.990850892,-1.253155779
TCGA-EV-5901-01,,TCGA Tumor,KIRP,-0.922323141,7.763176371
TCGA-IN-A7NR-01,,TCGA Tumor,STAD,-3.91139749,-2.578528475
TCGA-TM-A84R-01,,TCGA Tumor,LGG,2.805739131,-9.71713693
TCGA-BH-A0BC-01,,TCGA Tumor,BRCA,4.025121894,-1.796193193
TCGA-HU-A4HD-01,,TCGA Tumor,STAD,-5.117288146,-2.532864641
TCGA-HW-A5KM-01,,TCGA Tumor,LGG,2.214184013,-10.88271577
TCGA-EB-A82B-01,,TCGA Tumor,SKCM,6.02699038,3.661770512
TCGA-HT-7477-01,,TCGA Tumor,LGG,1.424474325,-10.00585706
TCGA-38-4628-01,,TCGA Tumor,LUAD,-0.00389171,-2.625945162
TCGA-AR-A0TV-01,,TCGA Tumor,BRCA,5.504720178,-1.506546925
TCGA-22-1016-01,,TCGA Tumor,LUSC,-5.236152205,0.746450354
TCGA-FS-A4FD-06,,TCGA Tumor,SKCM,6.023045984,3.979974199
TCGA-B0-5707-01,,TCGA Tumor,KIRC,-0.766408596,7.626764227
TCGA-CQ-A4CI-01,,TCGA Tumor,HNSC,-5.342949424,2.431743075
TCGA-05-4250-01,,TCGA Tumor,LUAD,0.04813945,-2.762641023
TARGET-50-PALGAZ-01,,TCGA Tumor,WT,-4.559194121,7.691676069
TCGA-12-3650-01,,TCGA Tumor,GBM,1.574578967,-9.191996168
TCGA-D3-A3C6-06,,TCGA Tumor,SKCM,5.127294507,3.488362242
TCGA-FG-A87Q-01,,TCGA Tumor,LGG,1.555955973,-10.09007795
TCGA-AB-2972-03,,TCGA Tumor,LAML,-5.479987178,-12.40337522
TCGA-94-8035-01,,TCGA Tumor,LUSC,-5.835249934,2.286599089
TCGA-E2-A154-01,,TCGA Tumor,BRCA,4.852356878,-1.564605664
TCGA-BP-4777-01,,TCGA Tumor,KIRC,5.98603436,-6.320502352
TCGA-AA-3675-01,,TCGA Tumor,COAD,-6.112870726,-3.693714451
TCGA-85-A4CN-01,,TCGA Tumor,LUSC,-5.32741693,2.47349136
TCGA-56-A5DS-01,,TCGA Tumor,LUSC,-6.063607249,2.317626167
TCGA-CG-5718-01,,TCGA Tumor,STAD,-3.592493806,-3.192047905
TCGA-BQ-5884-01,,TCGA Tumor,KIRP,5.600023236,-5.22256286
TCGA-FG-A70Z-01,,TCGA Tumor,LGG,1.523119178,-9.840681623
TCGA-BC-A69I-01,,TCGA Tumor,LIHC,1.278281954,3.945177723
TCGA-AB-2938-03,,TCGA Tumor,LAML,-5.462670836,-12.40929372
TCGA-B0-5694-01,,TCGA Tumor,KIRC,6.22673842,-5.820076059
TCGA-CG-4474-01,,TCGA Tumor,STAD,-5.520958934,-3.356506656
TCGA-FG-A4MU-01,,TCGA Tumor,LGG,1.237395969,-9.828303884
TCGA-K1-A6RV-01,,TCGA Tumor,SARC,1.254686501,1.245504786
TCGA-E2-A15E-01,,TCGA Tumor,BRCA,4.269943681,-1.878185223
TCGA-EJ-7784-01,,TCGA Tumor,PRAD,8.080739942,8.600509096
TCGA-HC-8256-01,,TCGA Tumor,PRAD,8.391149965,8.270831515
TCGA-66-2770-01,,TCGA Tumor,LUSC,-5.268599067,2.392021347
TCGA-67-3774-01,,TCGA Tumor,LUAD,-0.404156539,-2.908292364
TCGA-AC-A3OD-01,,TCGA Tumor,BRCA,3.455913272,-1.370962929
TCGA-80-5608-01,,TCGA Tumor,LUAD,-1.073088679,-2.204947304
TCGA-CN-6021-01,,TCGA Tumor,HNSC,-5.989943538,2.385816027
TCGA-DB-A4XB-01,,TCGA Tumor,LGG,2.322755184,-10.46481473
TCGA-DE-A4MD-06,,TCGA Tumor,THCA,11.27635142,0.356737156
TCGA-13-0726-01,,TCGA Tumor,OV,1.912156668,8.154711176
TCGA-AJ-A3EJ-01,,TCGA Tumor,UCEC,1.459048476,6.92767613
TCGA-FD-A43X-01,,TCGA Tumor,BLCA,-3.701770339,0.128563043
TCGA-DU-6394-01,,TCGA Tumor,LGG,3.104533878,-10.47122152
TCGA-57-1583-01,,TCGA Tumor,OV,1.577698317,8.297003199
TARGET-10-PARARJ-09,,TCGA Tumor,Target-ALL,-8.383441481,-8.345390867
TCGA-13-0908-01,,TCGA Tumor,OV,2.016258087,8.174818445
TARGET-20-PAKERZ-04,,TCGA Tumor,LAML,-5.490798507,-12.37164552
TCGA-ZJ-AAXT-01,,TCGA Tumor,CESC,-6.333698306,1.255486537
TCGA-FP-7998-01,,TCGA Tumor,STAD,-2.788679871,-2.064302276
TCGA-EB-A5SG-06,,TCGA Tumor,SKCM,5.908657518,3.66141193
TCGA-K4-A3WS-01,,TCGA Tumor,BLCA,-4.171388182,0.297277216
TCGA-WY-A85D-01,,TCGA Tumor,LGG,2.246575799,-10.79892881
TCGA-IG-A4QS-01,,TCGA Tumor,ESCA,-4.098969493,-3.641803573
TARGET-20-PASVVS-04,,TCGA Tumor,LAML,-3.974914584,-12.26708944
TCGA-25-1329-01,,TCGA Tumor,OV,1.549748507,7.838475157
TARGET-20-PASVVS-09,,TCGA Tumor,LAML,-3.880478415,-12.34947164
TCGA-39-5036-01,,TCGA Tumor,LUSC,-5.630694899,2.038929154
TCGA-EL-A3CZ-01,,TCGA Tumor,THCA,11.50860735,0.889060665
TCGA-AO-A124-01,,TCGA Tumor,BRCA,0.994708922,-1.505438517
TCGA-S3-A6ZF-01,,TCGA Tumor,BRCA,5.2244167,-1.432497691
TCGA-G2-AA3D-01,,TCGA Tumor,BLCA,-3.636026892,-0.122220736
TCGA-CH-5790-01,,TCGA Tumor,PRAD,8.083106008,8.612995554
TCGA-OR-A5J9-01,,TCGA Tumor,ACC,-3.467188391,-8.611635755
TCGA-AM-5820-01,,TCGA Tumor,COAD,-6.105007682,-3.734213661
TCGA-A8-A09D-01,,TCGA Tumor,BRCA,5.596243825,-1.703292202
TCGA-60-2707-01,,TCGA Tumor,LUSC,-5.928865466,1.078653027
TCGA-GU-AATQ-01,,TCGA Tumor,BLCA,-5.285721335,1.700278927
TCGA-GM-A5PX-01,,TCGA Tumor,BRCA,3.92728087,-1.701314281
TCGA-X8-AAAR-01,,TCGA Tumor,ESCA,-3.482940707,-2.392899345
TCGA-05-4389-01,,TCGA Tumor,LUAD,-0.906588349,-2.483001303
TCGA-22-1012-01,,TCGA Tumor,LUSC,-5.541250739,2.39186566
TCGA-B8-4154-01,,TCGA Tumor,KIRC,6.257429567,-6.845316957
TCGA-EE-A29W-06,,TCGA Tumor,SKCM,5.01383492,3.413769413
TCGA-N5-A4RU-01,,TCGA Tumor,UCS,1.435589757,6.78210776
TCGA-AN-A0XO-01,,TCGA Tumor,BRCA,1.047520128,-1.46725459
TCGA-2Y-A9GW-01,,TCGA Tumor,LIHC,0.830703315,3.862991978
TCGA-18-3417-01,,TCGA Tumor,LUSC,-5.353023562,0.685104002
TCGA-ZG-A8QX-01,,TCGA Tumor,PRAD,9.265387979,8.181225229
TCGA-DD-A4NQ-01,,TCGA Tumor,LIHC,0.159997832,3.332822491
TCGA-GD-A3OQ-01,,TCGA Tumor,BLCA,-3.796751532,0.113110058
TCGA-DX-A8BR-01,,TCGA Tumor,SARC,1.213387814,1.331900645
TCGA-91-6848-01,,TCGA Tumor,LUAD,0.854852137,0.913657416
TCGA-SI-AA8C-01,,TCGA Tumor,SARC,0.484665964,1.065862943
TCGA-IA-A83V-01,,TCGA Tumor,KIRP,-0.90038732,7.721346308
TCGA-IB-7886-01,,TCGA Tumor,PAAD,-2.99402574,-2.633992266
TCGA-24-1555-01,,TCGA Tumor,OV,1.79550704,8.479903628
TCGA-QR-A7IP-01,,TCGA Tumor,PCPG,0.139658478,12.88821929
TARGET-50-PALKCW-01,,TCGA Tumor,WT,-4.598041568,7.731759478
TCGA-BR-8679-01,,TCGA Tumor,STAD,-3.802057299,-3.704520534
TCGA-A2-A4S3-01,,TCGA Tumor,BRCA,5.381710019,-1.489780258
TCGA-13-0916-01,,TCGA Tumor,OV,1.772019472,8.575407435
TCGA-4X-A9FB-01,,TCGA Tumor,THYM,-10.89456991,5.998318125
TCGA-AX-A2HH-01,,TCGA Tumor,UCEC,1.381840911,6.510780264
TCGA-BP-4797-01,,TCGA Tumor,KIRC,5.972537484,-5.894729685
TCGA-A2-A0D1-01,,TCGA Tumor,BRCA,4.867047754,-1.327823352
TCGA-R6-A6DQ-01,,TCGA Tumor,ESCA,-3.725646529,-3.600319218
TCGA-AK-3461-01,,TCGA Tumor,KIRC,6.223154035,-6.000289511
TCGA-LP-A7HU-01,,TCGA Tumor,CESC,0.489451934,-1.366252731
TCGA-OR-A5L8-01,,TCGA Tumor,ACC,-3.412408862,-8.558970045
TCGA-HC-8259-01,,TCGA Tumor,PRAD,7.734060254,9.193706919
TCGA-AJ-A3IA-01,,TCGA Tumor,UCEC,1.425410118,6.751676966
TCGA-N8-A4PM-01,,TCGA Tumor,UCS,1.207690087,6.70735066
TCGA-J4-A83L-01,,TCGA Tumor,PRAD,9.2330794,8.154623438
TCGA-OR-A5J6-01,,TCGA Tumor,ACC,-3.469735656,-8.616677831
TCGA-DU-5872-01,,TCGA Tumor,LGG,2.256805387,-10.88785894
TCGA-AO-A0J3-01,,TCGA Tumor,BRCA,5.935660806,-1.660221409
TCGA-CV-7183-01,,TCGA Tumor,HNSC,-6.459525142,0.216574211
TCGA-KB-A6F7-01,,TCGA Tumor,STAD,-4.926523719,-1.98032267
TCGA-29-1781-01,,TCGA Tumor,OV,1.670283642,8.500906397
TCGA-CG-4304-01,,TCGA Tumor,STAD,-4.0164471,-3.673245024
TCGA-KK-A8I6-01,,TCGA Tumor,PRAD,7.712944474,9.20364802
TCGA-XJ-A83F-01,,TCGA Tumor,PRAD,7.701359716,9.226230074
TCGA-EA-A6QX-01,,TCGA Tumor,CESC,-6.132547412,1.770891
TCGA-BF-A9VF-01,,TCGA Tumor,SKCM,6.047512498,3.673052002
TCGA-DX-A8BL-01,,TCGA Tumor,SARC,1.021510031,0.977963556
TCGA-DU-A5TR-01,,TCGA Tumor,LGG,2.372489181,-10.80590589
TCGA-DD-AAW3-01,,TCGA Tumor,LIHC,1.316309717,3.897832323
TCGA-B0-4693-01,,TCGA Tumor,KIRC,6.333207574,-6.760856222
TARGET-30-PARVLK-01,,TCGA Tumor,NB,2.70225307,12.971682
TCGA-25-1312-01,,TCGA Tumor,OV,1.428744164,7.950227667
TCGA-A6-6654-01,,TCGA Tumor,COAD,-5.840390715,-3.486280512
TCGA-C9-A480-01,,TCGA Tumor,HNSC,-6.917639766,0.64005052
TCGA-DD-AACN-01,,TCGA Tumor,LIHC,0.460858316,3.596163679
TCGA-VQ-A925-01,,TCGA Tumor,STAD,-3.743001971,-3.733743023
TCGA-FG-6689-01,,TCGA Tumor,LGG,2.68700191,-9.886356901
TCGA-A2-A25A-01,,TCGA Tumor,BRCA,3.566642251,-1.638132285
TCGA-13-1482-01,,TCGA Tumor,OV,2.005756464,8.32784598
TCGA-CH-5794-01,,TCGA Tumor,PRAD,7.764872518,9.158088137
TCGA-IB-A6UF-01,,TCGA Tumor,PAAD,-3.008816752,-2.617768596
TCGA-CK-5912-01,,TCGA Tumor,COAD,-6.15917686,-3.768711161
TCGA-DK-A3WW-01,,TCGA Tumor,BLCA,-5.247229132,0.766361643
TCGA-DB-5277-01,,TCGA Tumor,LGG,2.598731961,-9.83553655
TCGA-2H-A9GQ-01,,TCGA Tumor,ESCA,-3.180362258,-1.803617548
TARGET-30-PASMNT-01,,TCGA Tumor,NB,2.762682166,13.01992838
TCGA-C8-A1HK-01,,TCGA Tumor,BRCA,4.917345014,-1.196753572
TCGA-GL-A59R-01,,TCGA Tumor,KIRP,-0.96093646,7.810285975
TCGA-75-6203-01,,TCGA Tumor,LUAD,-0.344241175,-2.765947889
TARGET-20-PASGMZ-09,,TCGA Tumor,LAML,-4.11578134,-12.26565416
TARGET-20-PAEAKL-09,,TCGA Tumor,LAML,-3.854614291,-12.3565727
TCGA-EL-A3MX-01,,TCGA Tumor,THCA,11.38029715,-0.115141254
TCGA-63-A5MG-01,,TCGA Tumor,LUSC,-6.302703414,1.581510473
TCGA-G9-7525-01,,TCGA Tumor,PRAD,7.71643826,9.204150606
TCGA-29-1696-01,,TCGA Tumor,OV,1.932176438,8.317003657
TCGA-43-7657-01,,TCGA Tumor,LUSC,-5.326650653,2.263509442
TCGA-IC-A6RE-01,,TCGA Tumor,ESCA,-4.85981277,-3.681185554
TCGA-EB-A44P-01,,TCGA Tumor,SKCM,5.624713388,3.445735623
TCGA-6D-AA2E-01,,TCGA Tumor,KIRC,5.670388665,-5.283313822
TCGA-CR-7402-01,,TCGA Tumor,HNSC,-6.143507514,1.593053747
TCGA-39-5035-01,,TCGA Tumor,LUSC,-5.807929072,0.797035028
TCGA-EM-A3O3-01,,TCGA Tumor,THCA,10.89769217,-0.269166033
TCGA-HT-A615-01,,TCGA Tumor,LGG,2.48551127,-10.49656923
TCGA-CZ-5455-01,,TCGA Tumor,KIRC,6.105241742,-6.692634176
TCGA-BH-A0B5-01,,TCGA Tumor,BRCA,4.728188958,-1.652182053
TCGA-94-A4VJ-01,,TCGA Tumor,LUSC,-5.724356208,1.056279708
TCGA-RC-A6M3-01,,TCGA Tumor,LIHC,0.246994894,3.426237274
TCGA-HU-A4H8-01,,TCGA Tumor,STAD,-4.178381953,-3.697146963
TCGA-36-1577-01,,TCGA Tumor,OV,1.432162848,6.719321657
TCGA-36-1576-01,,TCGA Tumor,OV,1.452524986,7.801018644
TCGA-E3-A3E5-01,,TCGA Tumor,THCA,11.53971335,-0.007938731
TCGA-CM-5349-01,,TCGA Tumor,COAD,-6.06612638,-3.706033062
TCGA-2J-AAB6-01,,TCGA Tumor,PAAD,-3.052376542,-2.457529615
TCGA-AR-A0TR-01,,TCGA Tumor,BRCA,5.384111371,-1.388480138
TCGA-24-2036-01,,TCGA Tumor,OV,1.778034654,8.372726847
TCGA-49-AARO-01,,TCGA Tumor,LUAD,-0.093071643,-2.931595157
TCGA-BR-4367-01,,TCGA Tumor,STAD,-3.796629939,-3.701261114
TCGA-2W-A8YY-01,,TCGA Tumor,CESC,1.431315985,6.609143664
TCGA-06-2570-01,,TCGA Tumor,GBM,1.846022096,-9.396524023
TCGA-P5-A5EW-01,,TCGA Tumor,LGG,2.265632477,-10.77767331
TCGA-85-6175-01,,TCGA Tumor,LUSC,-5.547776255,0.661554981
TCGA-13-1511-01,,TCGA Tumor,OV,1.695280876,7.849842955
TCGA-39-5024-01,,TCGA Tumor,LUSC,-5.922146354,1.582643319
TCGA-PQ-A6FI-01,,TCGA Tumor,BLCA,-6.490399871,0.573078979
TCGA-CV-6945-01,,TCGA Tumor,HNSC,-6.445841822,0.481553126
TCGA-AC-A2B8-01,,TCGA Tumor,BRCA,4.47686049,-1.589952539
TCGA-B0-5080-01,,TCGA Tumor,KIRC,6.304789033,-5.448707174
TARGET-21-PATKBK-03,,TCGA Tumor,LAML,-5.385056529,-12.36992223
TCGA-06-2569-01,,TCGA Tumor,GBM,0.092986014,0.917903353
TCGA-KM-8439-01,,TCGA Tumor,KICH,-3.473511729,5.031804491
TCGA-25-1316-01,,TCGA Tumor,OV,1.132764545,7.526990343
TCGA-C5-A1MN-01,,TCGA Tumor,CESC,-6.278612647,1.080159594
TCGA-KC-A4BR-01,,TCGA Tumor,PRAD,9.179169145,8.241526056
TCGA-H6-8124-01,,TCGA Tumor,PAAD,-3.258403096,-2.39751799
TCGA-EE-A3AE-06,,TCGA Tumor,SKCM,5.772357431,3.597272087
TCGA-5P-A9K3-01,,TCGA Tumor,KIRP,5.615441766,-5.228941034
TCGA-A8-A06T-01,,TCGA Tumor,BRCA,5.057005849,-1.535050463
TCGA-D9-A3Z3-06,,TCGA Tumor,SKCM,6.08008143,3.718038012
TCGA-DX-A1KZ-01,,TCGA Tumor,SARC,1.155938354,1.20515256
TCGA-BP-4787-01,,TCGA Tumor,KIRC,6.149858918,-5.331787657
TCGA-YL-A9WL-01,,TCGA Tumor,PRAD,7.945981946,8.813678194
TCGA-55-6981-01,,TCGA Tumor,LUAD,-0.220507178,-2.857459616
TCGA-LL-A9Q3-01,,TCGA Tumor,BRCA,4.102383342,-1.399222206
TCGA-55-7903-01,,TCGA Tumor,LUAD,-0.150490973,-3.122127127
TARGET-20-PAPBEJ-09,,TCGA Tumor,LAML,-5.496955905,-12.42300947
TCGA-VT-A80G-01,,TCGA Tumor,SARC,1.627093997,1.144930292
TCGA-HZ-A8P0-01,,TCGA Tumor,PAAD,-2.990224156,-2.555687975
TCGA-HC-8266-01,,TCGA Tumor,PRAD,9.34030005,8.000213553
TCGA-BA-A4IH-01,,TCGA Tumor,HNSC,-5.676795516,1.477163483
TARGET-10-PARGML-03,,TCGA Tumor,Target-ALL,-8.608117614,6.96156304
TCGA-DM-A28A-01,,TCGA Tumor,COAD,-6.139551673,-3.639142584
TCGA-13-2060-01,,TCGA Tumor,OV,1.656846848,7.916955877
TCGA-49-AAR9-01,,TCGA Tumor,LUAD,-1.616514239,-2.456750463
TCGA-B6-A0RL-01,,TCGA Tumor,BRCA,5.622549501,-1.586638402
TCGA-EL-A3CV-01,,TCGA Tumor,THCA,11.27390524,-0.21845008
TCGA-64-1680-01,,TCGA Tumor,LUAD,-0.298618409,-3.131526302
TCGA-09-1668-01,,TCGA Tumor,OV,1.689256754,8.41879027
TCGA-49-4488-01,,TCGA Tumor,LUAD,0.009329465,-2.985435795
TCGA-63-A5ML-01,,TCGA Tumor,LUSC,-5.252192054,2.519497801
TCGA-TS-A7P8-01,,TCGA Tumor,MESO,-0.131453547,1.518337895
TCGA-ZL-A9V6-01,,TCGA Tumor,THYM,-11.06851724,5.884048391
TCGA-22-5477-01,,TCGA Tumor,LUSC,-5.353167567,2.456636835
TCGA-FY-A3NN-01,,TCGA Tumor,THCA,11.01410815,-0.654902052
TCGA-DD-AACU-01,,TCGA Tumor,LIHC,0.738859501,3.849817921
TCGA-78-7537-01,,TCGA Tumor,LUAD,-0.449790094,-3.086887907
TCGA-BL-A5ZZ-01,,TCGA Tumor,BLCA,0.516112719,0.850311328
TCGA-EL-A3T2-01,,TCGA Tumor,THCA,11.53104826,0.851989974
TCGA-98-A53H-01,,TCGA Tumor,LUSC,-0.780569944,-2.266414236
TCGA-A7-A26G-01,,TCGA Tumor,BRCA,1.046680179,-1.222885441
TARGET-30-PAIFXV-01,,TCGA Tumor,NB,0.271296185,12.80366175
TCGA-E2-A1LG-01,,TCGA Tumor,BRCA,0.810796168,-1.372301172
TCGA-N6-A4VD-01,,TCGA Tumor,UCS,1.449626889,6.580798079
TCGA-57-1586-01,,TCGA Tumor,OV,1.685608711,8.438373018
TCGA-E7-A5KE-01,,TCGA Tumor,BLCA,-3.602520022,-0.238072376
TCGA-B8-4143-01,,TCGA Tumor,KIRC,6.031449762,-5.539383482
TCGA-CQ-6228-01,,TCGA Tumor,HNSC,-5.859617743,2.375330378
TCGA-CV-7243-01,,TCGA Tumor,HNSC,-6.372494254,0.418202419
TCGA-58-A46M-01,,TCGA Tumor,LUSC,-5.273711715,2.461008478
TCGA-FY-A3BL-01,,TCGA Tumor,THCA,10.96204421,-0.632362555
TCGA-80-5611-01,,TCGA Tumor,LUAD,-0.454917881,-2.971930336
TCGA-XK-AAIW-01,,TCGA Tumor,PRAD,8.425984826,8.209646631
TCGA-FD-A3SQ-01,,TCGA Tumor,BLCA,-3.816776786,0.12577999
TCGA-CG-4465-01,,TCGA Tumor,STAD,-5.008535418,-3.694498133
TCGA-04-1350-01,,TCGA Tumor,OV,1.253125456,7.732619215
TCGA-63-A5MH-01,,TCGA Tumor,LUSC,-5.372688803,0.676975061
TCGA-DW-7837-01,,TCGA Tumor,KIRP,-0.879864726,7.712799479
TCGA-E1-A7YN-01,,TCGA Tumor,LGG,1.344282236,-9.985148977
TCGA-D6-A6EP-01,,TCGA Tumor,HNSC,0.538300094,1.174168636
TCGA-A7-A6VW-01,,TCGA Tumor,BRCA,0.871082809,-1.380943965
TCGA-CQ-A4CE-01,,TCGA Tumor,HNSC,-6.51073173,0.248165537
TCGA-29-1699-01,,TCGA Tumor,OV,1.624258366,8.5052418
TCGA-EL-A3CU-01,,TCGA Tumor,THCA,11.05536028,-0.419640105
TCGA-61-2109-01,,TCGA Tumor,OV,1.774546352,8.50759833
TCGA-86-A4D0-01,,TCGA Tumor,LUAD,-1.350111756,-0.836263846
TCGA-CJ-5684-01,,TCGA Tumor,KIRC,6.258918252,-6.835493635
TCGA-KH-A6WC-01,,TCGA Tumor,ESCA,-6.503227744,1.601973582
TCGA-60-2704-01,,TCGA Tumor,LUSC,-5.244985614,0.749458362
TCGA-EE-A3AA-06,,TCGA Tumor,SKCM,5.378389325,3.459793974
TCGA-MQ-A4KX-01,,TCGA Tumor,MESO,-0.153714332,1.509910394
TCGA-IB-AAUS-01,,TCGA Tumor,PAAD,-2.20690206,-2.217598986
TCGA-OR-A5JJ-01,,TCGA Tumor,ACC,-3.465788636,-8.612771581
TCGA-EO-A3B1-01,,TCGA Tumor,UCEC,1.316237178,6.567567278
TCGA-AH-6549-01,,TCGA Tumor,READ,-5.837952647,-3.587079357
TCGA-YL-A9WH-01,,TCGA Tumor,PRAD,8.410922494,8.201089312
TCGA-97-7941-01,,TCGA Tumor,LUAD,-3.180302892,-2.601128887
TCGA-BD-A3ER-01,,TCGA Tumor,LIHC,1.072360423,4.143129278
TCGA-A4-7734-01,,TCGA Tumor,KIRP,-0.979369077,7.835904528
TARGET-50-CAAAAR-01,,TCGA Tumor,WT,-3.985388312,6.766766955
TCGA-CJ-5671-01,,TCGA Tumor,KIRC,6.17042109,-5.573137831
TCGA-AC-A3W7-01,,TCGA Tumor,BRCA,4.672595468,-1.514853786
TCGA-3U-A98J-01,,TCGA Tumor,MESO,-0.133858595,1.516490747
TCGA-WB-A81A-01,,TCGA Tumor,PCPG,0.161568668,12.86500399
TCGA-E2-A1LK-01,,TCGA Tumor,BRCA,1.003322211,-1.545618724
TCGA-EK-A2PK-01,,TCGA Tumor,CESC,-1.195953283,-2.027028154
TCGA-91-6840-01,,TCGA Tumor,LUAD,-0.350076887,-2.717582296
TCGA-DD-AAVY-01,,TCGA Tumor,LIHC,1.316353109,3.880344082
TCGA-09-2051-01,,TCGA Tumor,OV,1.792039242,8.607862879
TCGA-V1-A9ZI-01,,TCGA Tumor,PRAD,9.356766191,8.05188315
TCGA-EI-6507-01,,TCGA Tumor,READ,-4.525307212,-3.463557552
TCGA-HC-7819-01,,TCGA Tumor,PRAD,7.746246305,9.185776163
TCGA-ET-A39S-01,,TCGA Tumor,THCA,11.5929341,0.214562167
TCGA-EJ-7330-01,,TCGA Tumor,PRAD,9.158009973,8.183636118
TCGA-CE-A482-01,,TCGA Tumor,THCA,11.35466048,0.056729808
TCGA-VS-A952-01,,TCGA Tumor,CESC,-3.284602437,-2.835746359
TCGA-EK-A2IP-01,,TCGA Tumor,CESC,-6.333296332,0.791945566
TCGA-HQ-A2OF-01,,TCGA Tumor,BLCA,-5.657498393,-3.263404201
TCGA-XV-A9VZ-01,,TCGA Tumor,SKCM,-5.653176341,0.883760263
TCGA-A3-3370-01,,TCGA Tumor,KIRC,6.21067616,-6.74652965
TCGA-A6-6649-01,,TCGA Tumor,COAD,-5.008970294,-3.737939905
TCGA-B6-A0RT-01,,TCGA Tumor,BRCA,0.346047689,-1.20031948
TCGA-DK-A1AG-01,,TCGA Tumor,BLCA,-3.680137667,0.092574492
TCGA-D7-6528-01,,TCGA Tumor,STAD,-5.549789462,-3.558477234
TCGA-SC-AA5Z-01,,TCGA Tumor,MESO,-0.124937806,1.497634579
TCGA-KO-8409-01,,TCGA Tumor,KICH,-3.539986405,5.085929323
TCGA-CJ-4634-01,,TCGA Tumor,KIRC,6.406277147,-6.656811785
TCGA-R6-A6Y2-01,,TCGA Tumor,ESCA,-4.703374896,-2.254751753
TCGA-X4-A8KQ-01,,TCGA Tumor,PRAD,8.988409486,8.102735926
TCGA-52-7811-01,,TCGA Tumor,LUSC,-5.803268943,1.32676952
TCGA-69-7978-01,,TCGA Tumor,LUAD,-0.057524982,-2.926419329
TCGA-50-5930-01,,TCGA Tumor,LUAD,-1.199248109,-2.207886051
TCGA-CV-7252-01,,TCGA Tumor,HNSC,-6.891655955,0.638724435
TARGET-10-PASHUI-04,,TCGA Tumor,Target-ALL,-8.257643256,-8.216724943
TCGA-WB-A815-01,,TCGA Tumor,PCPG,0.094145593,12.93510573
TCGA-D8-A1Y3-01,,TCGA Tumor,BRCA,4.188024249,-1.732561897
TCGA-CQ-7063-01,,TCGA Tumor,HNSC,-6.838144812,0.651101757
TCGA-EK-A2PG-01,,TCGA Tumor,CESC,-6.430176291,1.697736789
TCGA-QQ-A5V9-01,,TCGA Tumor,SARC,1.360533204,1.108690549
TCGA-06-2559-01,,TCGA Tumor,GBM,1.396385517,-9.079615187
TCGA-HV-A5A3-01,,TCGA Tumor,PAAD,-3.249110732,-2.655825685
TCGA-A8-A07C-01,,TCGA Tumor,BRCA,0.903494861,-1.553204488
TCGA-W4-A7U3-01,,TCGA Tumor,TGCT,-4.937593493,-1.961238693
TCGA-BJ-A0YZ-01,,TCGA Tumor,THCA,11.54635378,0.89733528
TCGA-S9-A6WN-01,,TCGA Tumor,LGG,1.296485808,-9.082051824
TCGA-93-8067-01,,TCGA Tumor,LUAD,-1.188761744,-2.272567819
TCGA-06-0139-01,,TCGA Tumor,GBM,1.275782254,-9.07084329
TCGA-E3-A3E1-01,,TCGA Tumor,THCA,11.05608031,-0.528537344
TCGA-A8-A06U-01,,TCGA Tumor,BRCA,5.413834062,-1.449522208
TCGA-CV-7101-01,,TCGA Tumor,HNSC,-6.067264113,2.318812061
TCGA-AG-3592-01,,TCGA Tumor,READ,-6.063822779,-3.763485741
TCGA-D3-A8GK-06,,TCGA Tumor,SKCM,6.099751439,3.815527369
TCGA-FU-A3YQ-01,,TCGA Tumor,CESC,-6.37045196,1.614443828
TCGA-AX-A3G7-01,,TCGA Tumor,UCEC,1.833560672,8.302679468
TCGA-BA-A4IG-01,,TCGA Tumor,HNSC,-5.952046904,2.308488299
TCGA-29-1766-01,,TCGA Tumor,OV,1.475184407,7.882795263
TCGA-J4-A67R-01,,TCGA Tumor,PRAD,8.077446904,8.637592722
TCGA-D8-A73W-01,,TCGA Tumor,BRCA,4.671387639,-1.078111957
TARGET-30-PARJVP-01,,TCGA Tumor,NB,2.698383775,12.96785777
TCGA-DB-A64L-01,,TCGA Tumor,LGG,2.826361146,-9.761302542
TCGA-B0-4848-01,,TCGA Tumor,KIRC,6.111394849,-5.684826921
TCGA-AH-6547-01,,TCGA Tumor,READ,-5.651325259,-3.711920809
TCGA-E9-A245-01,,TCGA Tumor,BRCA,5.958565202,-1.652239632
TARGET-30-PASUML-01,,TCGA Tumor,NB,2.698352304,12.94734805
TCGA-J4-A83J-01,,TCGA Tumor,PRAD,8.473000016,8.179479052
TCGA-P5-A72X-01,,TCGA Tumor,LGG,2.234232393,-10.88820035
TCGA-CR-7377-01,,TCGA Tumor,HNSC,-6.481071982,0.411759723
TCGA-34-2596-01,,TCGA Tumor,LUSC,-5.326812777,2.469766308
TCGA-B6-A0X0-01,,TCGA Tumor,BRCA,4.488450494,-1.589735459
TCGA-DK-A3IT-01,,TCGA Tumor,BLCA,-3.848034415,0.052037395
TCGA-3P-A9WA-01,,TCGA Tumor,OV,1.821837869,8.555351664
TCGA-A4-8515-01,,TCGA Tumor,KIRP,-0.912062082,7.737718512
TCGA-BQ-5887-01,,TCGA Tumor,KIRP,5.56827065,-5.191961359
TCGA-EM-A2OV-01,,TCGA Tumor,THCA,11.38407179,0.983254422
TCGA-M9-A5M8-01,,TCGA Tumor,ESCA,-3.797977004,-3.5870517
TCGA-25-2400-01,,TCGA Tumor,OV,1.780555692,8.529680658
TCGA-LK-A4O7-01,,TCGA Tumor,MESO,-0.175509367,1.562806297
TCGA-24-1842-01,,TCGA Tumor,OV,1.743110266,8.422704149
TARGET-30-PARAMT-01,,TCGA Tumor,NB,2.718421664,12.97333377
TCGA-EI-6508-01,,TCGA Tumor,READ,-5.554405722,-3.761377882
TCGA-KC-A7FA-01,,TCGA Tumor,PRAD,8.503791299,8.21802466
TCGA-EM-A1YC-01,,TCGA Tumor,THCA,11.35498377,0.996760834
TCGA-04-1364-01,,TCGA Tumor,OV,1.466057267,7.779368807
TCGA-2J-AAB1-01,,TCGA Tumor,PAAD,-3.199863705,-3.053046774
TCGA-YL-A8SJ-01,,TCGA Tumor,PRAD,9.28647944,8.188014437
TCGA-FY-A2QD-01,,TCGA Tumor,THCA,11.53402945,0.832455505
TCGA-EJ-5530-01,,TCGA Tumor,PRAD,7.718037572,9.204698015
TCGA-AB-2849-03,,TCGA Tumor,LAML,-4.97488502,-11.52416475
TCGA-XF-AAMR-01,,TCGA Tumor,BLCA,-3.628688845,-0.302527558
TCGA-WS-AB45-01,,TCGA Tumor,COAD,-4.090327773,-2.657996248
TCGA-AH-6897-01,,TCGA Tumor,READ,-5.878188643,-3.316722463
TCGA-QH-A6CZ-01,,TCGA Tumor,LGG,2.946972814,-9.91301782
TCGA-AB-2891-03,,TCGA Tumor,LAML,-4.82711986,-11.45135362
TCGA-BA-5556-01,,TCGA Tumor,HNSC,-6.543551955,1.266321827
TCGA-EJ-5542-01,,TCGA Tumor,PRAD,7.712058511,9.211790491
TCGA-WY-A858-01,,TCGA Tumor,LGG,2.276540485,-10.97807081
TCGA-56-8082-01,,TCGA Tumor,LUSC,-5.549415145,2.249909092
TCGA-GN-A4U9-06,,TCGA Tumor,SKCM,0.142838534,0.905481983
TCGA-EB-A3XD-01,,TCGA Tumor,SKCM,-6.438317809,0.157990504
TCGA-2Z-A9JS-01,,TCGA Tumor,KIRP,-0.972453389,7.833531309
TCGA-85-A5B5-01,,TCGA Tumor,LUSC,-5.478223834,2.453716208
TCGA-CV-A6JE-01,,TCGA Tumor,HNSC,-6.370043788,0.321332295
TCGA-78-7152-01,,TCGA Tumor,LUAD,-0.245191667,-3.135938715
TCGA-Z4-A8JB-01,,TCGA Tumor,SARC,1.833709684,1.156293799
TCGA-AR-A1AX-01,,TCGA Tumor,BRCA,4.079685655,-1.677332472
TCGA-SI-A71P-01,,TCGA Tumor,SARC,4.947506871,3.381907154
TCGA-QR-A6ZZ-01,,TCGA Tumor,PCPG,0.236830484,12.78285639
TCGA-IG-A3YC-01,,TCGA Tumor,ESCA,-6.520642314,0.614618171
TCGA-A8-A06Q-01,,TCGA Tumor,BRCA,4.731536832,-1.034763526
TARGET-50-PAJNLT-01,,TCGA Tumor,WT,-4.544168505,7.667417456
TCGA-IE-A4EK-01,,TCGA Tumor,SARC,1.966721382,1.569361139
TCGA-CZ-4863-01,,TCGA Tumor,KIRC,6.154760804,-6.646510195
TCGA-2G-AAFH-01,,TCGA Tumor,TGCT,-1.929842744,5.465568949
TCGA-E9-A1R0-01,,TCGA Tumor,BRCA,3.95160934,-1.849809359
TCGA-FK-A3SH-01,,TCGA Tumor,THCA,11.4991841,-0.08538125
TCGA-DS-A1OB-01,,TCGA Tumor,CESC,-5.366595301,1.711234738
TCGA-55-8619-01,,TCGA Tumor,LUAD,-3.318948064,-2.726655315
TCGA-DW-5560-01,,TCGA Tumor,KIRP,-0.904118571,7.772923876
TCGA-VS-A959-01,,TCGA Tumor,CESC,-5.111415896,1.306780029
TCGA-HQ-A5NE-01,,TCGA Tumor,BLCA,-5.187704596,0.967191924
TCGA-22-1011-01,,TCGA Tumor,LUSC,-5.27880815,1.125980426
TCGA-EK-A2R7-01,,TCGA Tumor,CESC,-5.652322325,1.57670467
TCGA-ZC-AAAH-01,,TCGA Tumor,THYM,-10.91996339,6.024830271
TCGA-DD-AAD1-01,,TCGA Tumor,LIHC,0.485589575,3.612800289
TCGA-W2-A7H5-01,,TCGA Tumor,PCPG,-0.011500928,12.99432604
TCGA-CQ-6220-01,,TCGA Tumor,HNSC,-6.889570269,0.631940414
TCGA-2J-AABU-01,,TCGA Tumor,PAAD,-3.255478892,-2.316813063
TCGA-BH-A0DZ-01,,TCGA Tumor,BRCA,4.880016771,-1.270562838
TCGA-E9-A1N5-01,,TCGA Tumor,BRCA,4.218152013,-1.728522014
TCGA-AD-6548-01,,TCGA Tumor,COAD,-5.636566195,-3.573532413
TCGA-23-2084-01,,TCGA Tumor,OV,1.957551804,8.277285982
TCGA-CN-5355-01,,TCGA Tumor,HNSC,-6.404480967,0.715039064
TCGA-24-1556-01,,TCGA Tumor,OV,1.741088834,8.540696551
TCGA-OR-A5LJ-01,,TCGA Tumor,ACC,-3.463432345,-8.613066267
TCGA-MH-A857-01,,TCGA Tumor,KIRP,-3.490213666,5.05456822
TCGA-ED-A5KG-01,,TCGA Tumor,LIHC,0.387443588,3.546661068
TCGA-AN-A0XP-01,,TCGA Tumor,BRCA,4.42970654,-1.180313062
TCGA-ZH-A8Y2-01,,TCGA Tumor,CHOL,-0.081569437,3.05976503
TCGA-61-1724-01,,TCGA Tumor,OV,1.746725764,8.195483614
TCGA-EW-A6S9-01,,TCGA Tumor,BRCA,4.79562613,-1.336338352
TARGET-20-PARUTH-09,,TCGA Tumor,LAML,-4.157975707,-12.14876802
TCGA-ZF-AA52-01,,TCGA Tumor,BLCA,-3.642212901,-0.840741288
TCGA-E7-A541-01,,TCGA Tumor,BLCA,-3.745710406,0.050062761
TCGA-QR-A6GZ-05,,TCGA Tumor,PCPG,0.197734293,12.82535117
TCGA-ED-A66X-01,,TCGA Tumor,LIHC,0.287684698,3.470200468
TCGA-QR-A6GZ-01,,TCGA Tumor,PCPG,0.290230636,12.72557299
TCGA-13-0766-01,,TCGA Tumor,OV,0.868152913,-0.574851583
TCGA-27-2526-01,,TCGA Tumor,GBM,1.298041847,-9.936204504
TCGA-H7-A6C4-01,,TCGA Tumor,HNSC,-6.62161735,0.431614269
TARGET-30-PAKZRH-01,,TCGA Tumor,NB,2.615201202,12.84916632
TCGA-CQ-6218-01,,TCGA Tumor,HNSC,-6.824570689,0.5759223
TCGA-FK-A3SD-01,,TCGA Tumor,THCA,11.63656374,0.876647819
TARGET-10-PARACA-09,,TCGA Tumor,Target-ALL,-8.453638587,-8.403047155
TCGA-E8-A436-01,,TCGA Tumor,THCA,10.95106265,-0.317129027
TCGA-EJ-8470-01,,TCGA Tumor,PRAD,9.199052301,8.069262911
TCGA-FU-A2QG-01,,TCGA Tumor,CESC,-6.450484309,1.506705571
TCGA-E8-A2JQ-01,,TCGA Tumor,THCA,10.94156786,-0.248181026
TCGA-AB-2932-03,,TCGA Tumor,LAML,-3.877327475,-12.26128061
TCGA-A8-A095-01,,TCGA Tumor,BRCA,4.617252317,-1.616437744
TCGA-D8-A143-01,,TCGA Tumor,BRCA,0.56813052,-1.552769612
TCGA-BF-A5EQ-01,,TCGA Tumor,SKCM,6.069708791,3.489450384
TCGA-HU-A4H4-01,,TCGA Tumor,STAD,-4.278354201,-3.568802189
TCGA-CN-4737-01,,TCGA Tumor,HNSC,-6.530084643,0.507470776
TARGET-30-PASSRS-01,,TCGA Tumor,NB,2.762500968,13.02067988
TCGA-OR-A5JM-01,,TCGA Tumor,ACC,-3.443935189,-8.595594
TARGET-20-PANVGP-03,,TCGA Tumor,LAML,-4.714532409,-11.4516197
TCGA-BR-8058-01,,TCGA Tumor,STAD,-3.779500518,-3.67059214
TCGA-06-5856-01,,TCGA Tumor,GBM,1.460954752,-9.352808546
TCGA-EM-A3O6-01,,TCGA Tumor,THCA,11.53899714,0.893845071
TCGA-EM-A3AJ-01,,TCGA Tumor,THCA,11.55854746,0.835519124
TCGA-5U-AB0E-01,,TCGA Tumor,THYM,-11.02093461,5.921434332
TCGA-AA-3509-01,,TCGA Tumor,COAD,-6.138757262,-3.689804386
TCGA-JW-A5VJ-01,,TCGA Tumor,CESC,-6.283440146,1.507738281
TCGA-XF-AAN5-01,,TCGA Tumor,BLCA,-5.305047068,0.779000033
TCGA-A5-A1OH-01,,TCGA Tumor,UCEC,1.187711444,7.602672506
TCGA-AB-2858-03,,TCGA Tumor,LAML,-4.71653274,-11.40774782
TCGA-HT-7608-01,,TCGA Tumor,LGG,2.638962712,-10.50834043
TCGA-EB-A6L9-06,,TCGA Tumor,SKCM,6.141691175,3.780973841
TARGET-10-PAPIRZ-09,,TCGA Tumor,Target-ALL,-8.270179305,-8.235571455
TCGA-E7-A97P-01,,TCGA Tumor,BLCA,-5.339356456,0.861617614
TARGET-20-PASVYA-04,,TCGA Tumor,LAML,-5.501390967,-12.44882638
TCGA-PE-A5DE-01,,TCGA Tumor,BRCA,4.074603524,-1.741118621
TARGET-20-PASVYA-09,,TCGA Tumor,LAML,-5.466768775,-12.50832803
TCGA-EL-A3ZO-01,,TCGA Tumor,THCA,10.93634364,-0.280397158
TCGA-DD-AACH-01,,TCGA Tumor,LIHC,0.172768366,3.357002665
TCGA-D5-6926-01,,TCGA Tumor,COAD,-5.940354857,-3.627790521
TCGA-C5-A7UH-01,,TCGA Tumor,CESC,-6.334321532,1.419481803
TCGA-2V-A95S-01,,TCGA Tumor,LIHC,0.28722724,3.458885122
TCGA-WB-A81I-01,,TCGA Tumor,PCPG,0.00208899,13.0287842
TCGA-44-A479-01,,TCGA Tumor,LUAD,-0.894705448,-1.912448596
TCGA-IW-A3M6-01,,TCGA Tumor,SARC,1.88779625,1.37092774
TCGA-55-8087-01,,TCGA Tumor,LUAD,-0.364315603,-2.968113016
TCGA-CE-A481-01,,TCGA Tumor,THCA,11.34605261,0.157997404
TCGA-BH-AB28-01,,TCGA Tumor,BRCA,4.620799508,-1.494866561
TCGA-A8-A09N-01,,TCGA Tumor,BRCA,4.705881562,-1.212172579
TCGA-NA-A4QW-01,,TCGA Tumor,UCS,-3.947970423,6.738309313
TCGA-86-6562-01,,TCGA Tumor,LUAD,-0.453355822,-2.927788328
TCGA-05-4425-01,,TCGA Tumor,LUAD,-0.284668121,-2.880190204
TCGA-E2-A15A-06,,TCGA Tumor,BRCA,5.602758851,-1.735072326
TCGA-D3-A2JN-06,,TCGA Tumor,SKCM,5.012071099,3.406699349
TCGA-E2-A15A-01,,TCGA Tumor,BRCA,5.587202039,-1.7640527
TCGA-RW-A67Y-01,,TCGA Tumor,PCPG,-0.06583834,13.10706465
TCGA-GC-A3RD-01,,TCGA Tumor,BLCA,-3.66479114,-0.041053075
TARGET-21-PASYEJ-09,,TCGA Tumor,LAML,-5.304342303,-12.34165437
TCGA-EM-A3O8-01,,TCGA Tumor,THCA,11.51979777,0.810191263
TCGA-AB-2813-03,,TCGA Tumor,LAML,-3.865694556,-12.35502202
TCGA-NK-A5D1-01,,TCGA Tumor,LUSC,-0.950692448,-1.095708321
TCGA-CS-4938-01,,TCGA Tumor,LGG,2.266731944,-10.62874277
TCGA-PK-A5HB-01,,TCGA Tumor,ACC,-3.463231358,-8.620976995
TCGA-DJ-A3UR-01,,TCGA Tumor,THCA,11.59262892,0.166284357
TCGA-22-4607-01,,TCGA Tumor,LUSC,-5.614264998,1.061519672
TCGA-BG-A0MK-01,,TCGA Tumor,UCEC,1.531838742,6.434950758
TCGA-3B-A9HP-01,,TCGA Tumor,SARC,1.847847905,1.618446876
TCGA-MP-A4SW-01,,TCGA Tumor,LUAD,-0.265589688,-3.043384384
TCGA-5P-A9KH-01,,TCGA Tumor,KIRP,-3.539956603,5.08434384
TCGA-BH-A0HQ-01,,TCGA Tumor,BRCA,4.833156553,-1.382427882
TCGA-13-1404-01,,TCGA Tumor,OV,0.51223312,-0.547762941
TCGA-HZ-8317-01,,TCGA Tumor,PAAD,-2.73941997,-2.023428272
TCGA-BJ-A4O8-01,,TCGA Tumor,THCA,11.0194678,-0.265405696
TCGA-DX-A3LT-01,,TCGA Tumor,SARC,1.183170107,1.207504083
TCGA-AX-A05W-01,,TCGA Tumor,UCEC,1.425609079,6.518066336
TCGA-90-A59Q-01,,TCGA Tumor,LUSC,-5.083513293,0.973124076
TCGA-24-1423-01,,TCGA Tumor,OV,1.868571725,8.299033571
TCGA-E7-A7XN-01,,TCGA Tumor,BLCA,-5.494414363,1.511506964
TCGA-CR-6491-01,,TCGA Tumor,HNSC,-6.81020597,0.713796843
TCGA-66-2783-01,,TCGA Tumor,LUSC,-5.498374495,2.24474876
TCGA-IF-A4AJ-01,,TCGA Tumor,SARC,1.980501023,1.593553592
TCGA-AG-3732-01,,TCGA Tumor,READ,-5.429399524,-3.451946091
TCGA-HC-7748-01,,TCGA Tumor,PRAD,7.758039918,9.16290896
TCGA-E2-A1L6-01,,TCGA Tumor,BRCA,4.790345636,-1.509255241
TCGA-DX-A8BH-01,,TCGA Tumor,SARC,1.072431233,1.137706329
TCGA-EY-A1GL-01,,TCGA Tumor,UCEC,-6.23467258,0.276964311
TCGA-B6-A0I2-01,,TCGA Tumor,BRCA,0.931532946,-1.295621942
TCGA-CV-5443-01,,TCGA Tumor,HNSC,-5.659690413,1.522728015
TCGA-OR-A5JF-01,,TCGA Tumor,ACC,-3.470147404,-8.616130422
TCGA-86-8668-01,,TCGA Tumor,LUAD,-0.273252878,-2.919861626
TCGA-KC-A7FE-01,,TCGA Tumor,PRAD,9.184587922,8.242063929
TCGA-AB-2901-03,,TCGA Tumor,LAML,-4.964461837,-11.51309068
TCGA-55-8512-01,,TCGA Tumor,LUAD,-0.661734495,-2.475180458
TCGA-B0-5712-01,,TCGA Tumor,KIRC,6.284416642,-6.73392732
TCGA-13-0920-01,,TCGA Tumor,OV,1.394516614,7.842085768
TCGA-EE-A29S-06,,TCGA Tumor,SKCM,5.979142633,3.55403464
TCGA-B0-4845-01,,TCGA Tumor,KIRC,6.234559503,-6.871813368
TCGA-67-3770-01,,TCGA Tumor,LUAD,-0.019692544,-2.622625183
TCGA-HE-A5NH-01,,TCGA Tumor,KIRP,-0.961956773,7.828806807
TARGET-20-PANLKB-09,,TCGA Tumor,LAML,-3.931564841,-12.32296235
TCGA-CR-6484-01,,TCGA Tumor,HNSC,-6.554846797,0.663904179
TCGA-DU-7292-01,,TCGA Tumor,LGG,2.803551164,-9.725958418
TCGA-SX-A7SN-01,,TCGA Tumor,KIRP,-0.965440306,7.796704222
TCGA-XE-AAOF-01,,TCGA Tumor,TGCT,-1.936973367,5.474407126
TCGA-CN-6018-01,,TCGA Tumor,HNSC,-6.096812758,0.687471379
TCGA-D8-A73X-01,,TCGA Tumor,BRCA,4.683084932,-1.570127438
TCGA-GV-A3JX-01,,TCGA Tumor,BLCA,-3.303503785,-2.632172178
TCGA-50-6592-01,,TCGA Tumor,LUAD,-1.333921346,-2.051074098
TCGA-BJ-A28V-01,,TCGA Tumor,THCA,11.59700152,0.781440545
TCGA-A8-A084-01,,TCGA Tumor,BRCA,4.674409833,-1.049378704
TCGA-MX-A663-01,,TCGA Tumor,STAD,-4.929633651,-1.979144167
TCGA-S9-A6TU-01,,TCGA Tumor,LGG,2.280859556,-10.98857839
TARGET-10-PANKDT-03,,TCGA Tumor,Target-ALL,-8.419717345,-8.375337194
TCGA-29-1702-01,,TCGA Tumor,OV,1.392416802,7.7680115
TCGA-B0-4818-01,,TCGA Tumor,KIRC,6.335276094,-6.707025598
TARGET-10-PAPFXN-09,,TCGA Tumor,Target-ALL,-8.246293578,-8.217355322
TCGA-AR-A24M-01,,TCGA Tumor,BRCA,4.252552715,-1.50306518
TCGA-BP-4774-01,,TCGA Tumor,KIRC,6.370956388,-6.711827825
TCGA-NC-A5HP-01,,TCGA Tumor,LUSC,-5.206671271,1.293216516
TCGA-33-4566-01,,TCGA Tumor,LUSC,-0.916516814,-1.536891054
TCGA-S2-AA1A-01,,TCGA Tumor,LUAD,-0.898910913,-2.082062553
TCGA-RW-A68B-01,,TCGA Tumor,PCPG,-0.059682402,13.10055106
TCGA-53-7626-01,,TCGA Tumor,LUAD,-0.247338805,-2.94438393
TCGA-KO-8405-01,,TCGA Tumor,KICH,-3.551183972,5.101716448
TCGA-LN-A4A2-01,,TCGA Tumor,ESCA,-5.529440436,1.935008694
TCGA-55-8511-01,,TCGA Tumor,LUAD,-0.182839367,-2.907287191
TCGA-06-5418-01,,TCGA Tumor,GBM,1.379202631,-9.071058821
TCGA-AB-2920-03,,TCGA Tumor,LAML,-4.910858664,-11.49391515
TCGA-FG-6691-01,,TCGA Tumor,LGG,2.251871076,-10.83979089
TCGA-A7-A2KD-01,,TCGA Tumor,BRCA,5.107080903,-1.344629358
TCGA-BA-A6DI-01,,TCGA Tumor,HNSC,-6.546965632,1.014723886
TARGET-20-PABLDZ-09,,TCGA Tumor,LAML,-4.083648238,-12.23353059
TARGET-20-PABLDZ-04,,TCGA Tumor,LAML,-4.549019847,-12.17176874
TCGA-77-A5GH-01,,TCGA Tumor,LUSC,-5.250188861,0.78317051
TCGA-EB-A3XC-01,,TCGA Tumor,SKCM,5.301200357,3.897107054
TCGA-KK-A8IF-01,,TCGA Tumor,PRAD,8.412203279,8.213632036
TCGA-4Z-AA83-01,,TCGA Tumor,BLCA,-3.641599688,0.143102695
TCGA-18-5592-01,,TCGA Tumor,LUSC,-5.259597811,1.982392241
TARGET-20-PASTTW-09,,TCGA Tumor,LAML,-5.465282473,-12.43417127
TCGA-34-8454-01,,TCGA Tumor,LUSC,-5.31320909,1.28930204
TCGA-3E-AAAZ-01,,TCGA Tumor,PAAD,-2.712412629,-1.992980312
TCGA-BP-4163-01,,TCGA Tumor,KIRC,6.017579522,-5.821165632
TCGA-CV-6951-01,,TCGA Tumor,HNSC,-5.611107383,2.231855322
TCGA-AR-A252-01,,TCGA Tumor,BRCA,4.356743541,-1.592761706
TARGET-30-PASZKE-01,,TCGA Tumor,NB,2.781056848,13.00272505
TCGA-HM-A3JK-01,,TCGA Tumor,CESC,-5.571373973,1.091174055
TCGA-XU-A932-01,,TCGA Tumor,THYM,-10.9543567,5.98946755
TCGA-05-4434-01,,TCGA Tumor,LUAD,-0.758485231,-2.360809873
TCGA-EL-A3H8-01,,TCGA Tumor,THCA,11.3081927,-0.215419065
TCGA-CD-8534-01,,TCGA Tumor,STAD,-4.386832747,-3.470739435
TCGA-AR-A0U2-01,,TCGA Tumor,BRCA,5.314718213,-1.424173187
TCGA-ZF-AA5N-01,,TCGA Tumor,BLCA,-4.121463809,0.326030512
TCGA-AA-A02K-01,,TCGA Tumor,COAD,-5.828131709,-3.721604418
TCGA-63-7021-01,,TCGA Tumor,LUSC,-6.083453688,2.329227854
TCGA-23-1114-01,,TCGA Tumor,OV,1.432574716,7.77683251
TCGA-AB-2931-03,,TCGA Tumor,LAML,-4.874100241,-11.46963746
TCGA-85-7698-01,,TCGA Tumor,LUSC,-5.349878821,2.33667009
TCGA-SO-A8JP-01,,TCGA Tumor,TGCT,-1.933034453,5.471030165
TCGA-CK-6748-01,,TCGA Tumor,COAD,-6.125497374,-3.540298532
TCGA-IB-AAUT-01,,TCGA Tumor,PAAD,-2.424886021,-2.459315847
TCGA-B0-4821-01,,TCGA Tumor,KIRC,6.113671746,-5.341370176
TCGA-FR-A8YC-06,,TCGA Tumor,SKCM,6.532030072,4.266335894
TARGET-20-PARGVC-03,,TCGA Tumor,LAML,-4.735530886,-11.43883378
TCGA-AR-A24L-01,,TCGA Tumor,BRCA,3.869236675,-1.662472438
TCGA-D3-A5GR-06,,TCGA Tumor,SKCM,5.116855111,3.485526491
TCGA-D7-8576-01,,TCGA Tumor,STAD,-3.79432157,-3.688545059
TCGA-24-1436-01,,TCGA Tumor,OV,1.691850629,8.0659508
TCGA-BR-8368-01,,TCGA Tumor,STAD,-3.941029582,-3.690127682
TARGET-20-PANSJB-09,,TCGA Tumor,LAML,-3.904729876,-12.34468992
TCGA-EJ-AB20-01,,TCGA Tumor,PRAD,9.283762422,8.212871958
TCGA-G2-A2EF-01,,TCGA Tumor,BLCA,-5.228633437,0.839083124
TARGET-20-PARPWL-09,,TCGA Tumor,LAML,-3.898274932,-12.35119398
TARGET-20-PADZCG-09,,TCGA Tumor,LAML,-4.264178309,-11.98444898
TCGA-96-A4JK-01,,TCGA Tumor,LUSC,-5.44277719,2.589836527
TCGA-HC-7736-01,,TCGA Tumor,PRAD,8.607339349,8.238129069
TCGA-BP-4765-01,,TCGA Tumor,KIRC,6.359367814,-6.666470121
TCGA-55-8092-01,,TCGA Tumor,LUAD,-1.106327567,-2.069825958
TCGA-BR-8284-01,,TCGA Tumor,STAD,-4.351798091,-3.515910219
TCGA-CR-7383-01,,TCGA Tumor,HNSC,-5.470620189,1.905176092
TCGA-BH-A0E2-01,,TCGA Tumor,BRCA,3.938577857,-1.740548204
TARGET-20-PASPTM-09,,TCGA Tumor,LAML,-5.451254401,-12.38811738
TCGA-WE-A8ZR-06,,TCGA Tumor,SKCM,5.946304765,3.542921473
TCGA-4V-A9QS-01,,TCGA Tumor,THYM,-10.87616304,6.008772303
TARGET-10-PANSIA-09,,TCGA Tumor,Target-ALL,-8.36025289,-8.319021772
TCGA-DJ-A3VF-01,,TCGA Tumor,THCA,10.94613883,-0.334665876
TARGET-10-PAPEFH-04,,TCGA Tumor,Target-ALL,-8.391042266,-8.349087309
TCGA-66-2794-01,,TCGA Tumor,LUSC,-5.313056979,2.378840614
TCGA-29-1776-01,,TCGA Tumor,OV,2.013387647,8.134876658
TCGA-H8-A6C1-01,,TCGA Tumor,PAAD,-2.993652139,-2.660339187
TARGET-10-PAPEFH-09,,TCGA Tumor,Target-ALL,-8.372451339,-8.337071012
TCGA-EL-A4KI-01,,TCGA Tumor,THCA,11.60799357,0.541990895
TCGA-RW-A68F-01,,TCGA Tumor,PCPG,0.184036833,12.84266608
TCGA-BH-A18V-01,,TCGA Tumor,BRCA,0.909440961,-1.408868264
TCGA-D3-A3ML-06,,TCGA Tumor,SKCM,5.92675015,3.498243977
TCGA-D5-6898-01,,TCGA Tumor,COAD,-5.806296859,-3.586281132
TCGA-EB-A44N-01,,TCGA Tumor,SKCM,-6.438996348,-0.031422194
TCGA-DJ-A3VM-01,,TCGA Tumor,THCA,11.42816493,0.93298303
TCGA-J9-A8CK-01,,TCGA Tumor,PRAD,7.788412061,9.149276186
TCGA-3X-AAV9-01,,TCGA Tumor,CHOL,-3.056927476,-2.227617096
TCGA-AB-2935-03,,TCGA Tumor,LAML,-4.930475268,-11.49896772
TCGA-LL-A5YN-01,,TCGA Tumor,BRCA,4.582513776,-1.575135421
TARGET-20-PAEFGT-03,,TCGA Tumor,LAML,-4.860047374,-11.35298593
TCGA-56-7222-01,,TCGA Tumor,LUSC,-5.246806178,1.456202794
TCGA-B6-A0WY-01,,TCGA Tumor,BRCA,3.982523647,-1.772603344
TCGA-L9-A50W-01,,TCGA Tumor,LUAD,-0.351792071,-2.832667183
TCGA-EW-A423-01,,TCGA Tumor,BRCA,4.545629945,-1.368397068
TCGA-39-5028-01,,TCGA Tumor,LUSC,-6.087855849,1.016412188
TCGA-A6-2685-01,,TCGA Tumor,COAD,-5.716982398,-3.786768745
TCGA-FE-A23A-01,,TCGA Tumor,THCA,10.89215323,-0.357676666
TCGA-BP-4756-01,,TCGA Tumor,KIRC,6.024002519,-6.477148126
TCGA-22-5482-01,,TCGA Tumor,LUSC,-5.630693469,1.475278069
TCGA-55-7281-01,,TCGA Tumor,LUAD,-0.206745598,-3.120298456
TCGA-24-1923-01,,TCGA Tumor,OV,1.418626275,7.948704649
TCGA-A3-3324-01,,TCGA Tumor,KIRC,6.116017308,-6.604856085
TCGA-66-2800-01,,TCGA Tumor,LUSC,-5.479815516,2.563742329
TCGA-44-7661-01,,TCGA Tumor,LUAD,-0.09125838,-2.745824169
TCGA-MH-A55W-01,,TCGA Tumor,KIRP,-1.046613369,7.876366068
TCGA-DX-A7EM-01,,TCGA Tumor,SARC,1.966870513,1.577127982
TCGA-BB-A5HY-01,,TCGA Tumor,HNSC,-5.19697145,1.446686913
TCGA-CE-A485-01,,TCGA Tumor,THCA,11.38323161,0.082114907
TCGA-VQ-A8P3-01,,TCGA Tumor,STAD,-4.061049971,-3.623437475
TCGA-VR-A8EW-01,,TCGA Tumor,ESCA,-6.163970504,2.288067986
TCGA-LN-A9FO-01,,TCGA Tumor,ESCA,-5.884426627,1.329644967
TCGA-DU-6399-01,,TCGA Tumor,LGG,2.306409803,-10.9001518
TCGA-EB-A24D-01,,TCGA Tumor,SKCM,6.59790751,4.306258131
TCGA-C8-A12X-01,,TCGA Tumor,BRCA,5.516901937,-1.565732311
TCGA-XU-A936-01,,TCGA Tumor,THYM,-8.59563497,6.953708101
TCGA-KN-8432-01,,TCGA Tumor,KICH,-3.575166974,5.116864611
TCGA-V1-A8WN-01,,TCGA Tumor,PRAD,7.802381482,9.168618609
TCGA-44-2656-01,,TCGA Tumor,LUAD,-0.021896902,-1.993387293
TCGA-D3-A2JB-06,,TCGA Tumor,SKCM,5.909807172,3.577505518
TCGA-SG-A6Z7-01,,TCGA Tumor,SARC,0.569940847,1.158164431
TCGA-E9-A5UO-01,,TCGA Tumor,BRCA,5.584996667,-1.703210901
TCGA-DJ-A3VJ-01,,TCGA Tumor,THCA,11.39770075,-0.1123535
TCGA-HW-A5KK-01,,TCGA Tumor,LGG,1.292935338,-9.930782865
TCGA-F2-A8YN-01,,TCGA Tumor,PAAD,-3.260626111,-2.801238369
TCGA-BH-A18U-01,,TCGA Tumor,BRCA,4.733082738,-1.53070433
TCGA-D3-A3MO-06,,TCGA Tumor,SKCM,5.060712781,3.439492394
TCGA-DU-7018-01,,TCGA Tumor,LGG,3.183129039,-10.55756051
TCGA-BH-A0C0-01,,TCGA Tumor,BRCA,4.856997934,-1.289693307
TCGA-09-1659-01,,TCGA Tumor,OV,1.548675981,7.927497793
TARGET-20-PASINN-04,,TCGA Tumor,LAML,-5.464618716,-12.43692167
TCGA-A8-A09I-01,,TCGA Tumor,BRCA,5.238940206,-1.403532456
TCGA-KO-8417-01,,TCGA Tumor,KICH,-3.59047893,5.132472445
TCGA-AZ-4616-01,,TCGA Tumor,COAD,-5.693683181,-3.557227205
TCGA-E9-A22D-01,,TCGA Tumor,BRCA,5.421663728,-1.461960028
TCGA-E2-A1LE-01,,TCGA Tumor,BRCA,4.110572543,-0.925349008
TCGA-E2-A15F-01,,TCGA Tumor,BRCA,5.532992807,-1.560301017
TCGA-DU-5855-01,,TCGA Tumor,LGG,2.273276057,-10.91615636
TCGA-77-A5GB-01,,TCGA Tumor,LUSC,-6.369980368,0.594134141
TCGA-B0-5110-01,,TCGA Tumor,KIRC,6.391310659,-6.572764467
TCGA-FE-A235-01,,TCGA Tumor,THCA,11.57857558,0.142196369
TCGA-DM-A1HA-01,,TCGA Tumor,COAD,-5.691900286,-3.404342007
TCGA-UY-A9PF-01,,TCGA Tumor,BLCA,-3.617443118,0.099720117
TCGA-A5-A2K4-01,,TCGA Tumor,UCEC,1.299206641,6.72661059
TCGA-BP-4986-01,,TCGA Tumor,KIRC,6.216409173,-5.433186601
TCGA-AJ-A2QM-01,,TCGA Tumor,UCEC,1.450761643,6.663722922
TARGET-10-PATCTI-09,,TCGA Tumor,Target-ALL,-8.476424727,-8.407454084
TCGA-AJ-A3BD-01,,TCGA Tumor,UCEC,1.277743485,6.723959852
TCGA-60-2712-01,,TCGA Tumor,LUSC,-5.299877677,0.815656413
TCGA-4V-A9QW-01,,TCGA Tumor,THYM,-10.90962652,6.036800791
TCGA-77-6842-01,,TCGA Tumor,LUSC,-5.228899989,1.176239897
TCGA-CV-7423-01,,TCGA Tumor,HNSC,-6.660513434,0.57193463
TCGA-D8-A27L-01,,TCGA Tumor,BRCA,4.955777612,-1.582545947
TCGA-05-4426-01,,TCGA Tumor,LUAD,-0.223209832,-3.146684002
TCGA-BR-7957-01,,TCGA Tumor,STAD,-2.654168877,-1.947690319
TARGET-20-PANPKN-09,,TCGA Tumor,LAML,-5.463910136,-12.43835504
TCGA-BR-8371-01,,TCGA Tumor,STAD,-2.387888703,-1.822040867
TCGA-CG-4444-01,,TCGA Tumor,STAD,-5.067531142,-3.545306515
TCGA-A3-3380-01,,TCGA Tumor,KIRC,6.203129258,-5.829724382
TCGA-KO-8413-01,,TCGA Tumor,KICH,-3.547964129,5.097672392
TARGET-10-PARVWD-09,,TCGA Tumor,Target-ALL,-8.418248687,-8.36850984
TARGET-10-PAPPGN-04,,TCGA Tumor,Target-ALL,-8.446570906,-8.411370825
TCGA-E6-A2P9-01,,TCGA Tumor,UCEC,1.481942501,6.507248808
TCGA-64-5815-01,,TCGA Tumor,LUAD,-0.226355586,-2.746175836
TCGA-69-7761-01,,TCGA Tumor,LUAD,-3.272126708,-2.937057566
TCGA-XJ-A9DQ-01,,TCGA Tumor,PRAD,9.000675645,8.282547403
TARGET-50-PALGVY-01,,TCGA Tumor,WT,-4.561064276,7.691907335
TCGA-AB-2921-03,,TCGA Tumor,LAML,-4.86583713,-11.498262
TCGA-VQ-A94R-01,,TCGA Tumor,STAD,-3.837307009,-3.780284237
TCGA-55-8299-01,,TCGA Tumor,LUAD,-1.145191107,-2.027395557
TCGA-HD-7831-01,,TCGA Tumor,HNSC,-5.85377315,0.542994965
TCGA-C8-A12O-01,,TCGA Tumor,BRCA,3.969869104,-1.794682335
TCGA-BQ-5883-01,,TCGA Tumor,KIRP,1.044546511,6.53057902
TARGET-21-PASFHK-41,,TCGA Tumor,LAML,-5.277132544,-12.30458982
TCGA-ND-A4WF-01,,TCGA Tumor,UCS,-3.955300364,6.749788214
TCGA-33-4532-01,,TCGA Tumor,LUSC,-5.400522742,1.770354797
TCGA-13-1505-01,,TCGA Tumor,OV,1.322214034,7.790784765
TARGET-30-PASCTR-01,,TCGA Tumor,NB,2.718499389,12.97302764
TCGA-XE-AAO4-01,,TCGA Tumor,TGCT,-1.924276624,5.463107515
TCGA-95-8494-01,,TCGA Tumor,LUAD,-0.029194895,-2.943360876
TCGA-S7-A7WM-01,,TCGA Tumor,PCPG,0.031448689,13.00899451
TCGA-DX-A7EI-01,,TCGA Tumor,SARC,0.904216733,1.223085095
TCGA-85-A511-01,,TCGA Tumor,LUSC,-5.495071444,1.998091627
TCGA-BA-4074-01,,TCGA Tumor,HNSC,-5.649195704,0.602445711
TCGA-EJ-A7NJ-01,,TCGA Tumor,PRAD,8.992173639,8.213290621
TCGA-EJ-A65E-01,,TCGA Tumor,PRAD,9.323352304,7.980158735
TCGA-QQ-A8VB-01,,TCGA Tumor,SARC,0.808627095,1.114064027
TCGA-BP-4347-01,,TCGA Tumor,KIRC,6.299034085,-6.399987768
TCGA-F7-8489-01,,TCGA Tumor,HNSC,-6.791726146,0.742846001
TARGET-20-PAMYGX-09,,TCGA Tumor,LAML,-5.48667768,-12.43196924
TCGA-VQ-AA64-01,,TCGA Tumor,STAD,-3.110456738,-2.706095289
TCGA-DM-A280-01,,TCGA Tumor,COAD,-5.823308501,-3.560437988
TCGA-D8-A1XG-01,,TCGA Tumor,BRCA,4.053452935,-1.731632184
TCGA-AA-3713-01,,TCGA Tumor,COAD,-4.932480845,-3.689475845
TCGA-FS-A4F2-06,,TCGA Tumor,SKCM,5.513301816,3.473040033
TCGA-55-8301-01,,TCGA Tumor,LUAD,0.030809816,-2.743659328
TCGA-4V-A9QX-01,,TCGA Tumor,THYM,-10.89340929,6.020769526
TCGA-06-5414-01,,TCGA Tumor,GBM,1.416445103,-9.279825758
TCGA-S9-A6WI-01,,TCGA Tumor,LGG,2.798958268,-9.711316656
TCGA-AB-2924-03,,TCGA Tumor,LAML,-3.98948339,-12.18915803
TCGA-DD-AACC-01,,TCGA Tumor,LIHC,0.772877481,3.823776652
TCGA-UZ-A9Q1-01,,TCGA Tumor,KIRP,5.552673784,-5.201786589
TCGA-C8-A8HQ-01,,TCGA Tumor,BRCA,4.903639283,-1.500725221
TCGA-DB-A64S-01,,TCGA Tumor,LGG,2.216585961,-10.91415651
TCGA-WB-A81Q-01,,TCGA Tumor,PCPG,-0.062372181,13.10302394
TCGA-D3-A8GM-06,,TCGA Tumor,SKCM,5.984772172,3.621045281
TCGA-DA-A1I5-06,,TCGA Tumor,SKCM,5.960424867,3.572702337
TCGA-CV-5434-01,,TCGA Tumor,HNSC,-5.445477996,2.238095213
TCGA-44-A4SU-01,,TCGA Tumor,LUAD,-0.414207134,-2.785031389
TARGET-10-PAPGFP-04,,TCGA Tumor,Target-ALL,-8.370234046,-8.341603826
TARGET-10-PAPGFP-09,,TCGA Tumor,Target-ALL,-8.217773948,-8.182990621
TCGA-VS-A9UR-01,,TCGA Tumor,CESC,-3.004713092,-2.367024254
TCGA-E2-A15M-01,,TCGA Tumor,BRCA,4.009137359,-1.659000706
TCGA-A8-A083-01,,TCGA Tumor,BRCA,5.359367337,-1.342583369
TCGA-CQ-6223-01,,TCGA Tumor,HNSC,-6.588421855,1.593261648
TCGA-DA-A95Z-06,,TCGA Tumor,SKCM,6.007598844,3.659632851
TCGA-CW-6090-01,,TCGA Tumor,KIRC,6.368560758,-5.477637838
TCGA-FG-6692-01,,TCGA Tumor,LGG,1.237400737,-9.793855261
TCGA-39-5019-01,,TCGA Tumor,LUSC,-5.396289859,2.516219784
TCGA-EV-5903-01,,TCGA Tumor,KIRP,-0.848328028,7.637827326
TCGA-13-1499-01,,TCGA Tumor,OV,1.399759379,7.856321264
TCGA-D7-6818-01,,TCGA Tumor,STAD,-1.296358857,-0.730537247
TCGA-OR-A5K9-01,,TCGA Tumor,ACC,-3.468451056,-8.615684103
TCGA-CV-7263-01,,TCGA Tumor,HNSC,-6.769445452,0.583061267
TCGA-D7-A4YY-01,,TCGA Tumor,STAD,-4.127963099,-3.643517326
TCGA-HW-7489-01,,TCGA Tumor,LGG,2.839047399,-9.766711782
TCGA-R8-A6YH-01,,TCGA Tumor,LGG,2.242366758,-11.03344972
TCGA-FY-A3R6-01,,TCGA Tumor,THCA,11.33399626,0.80953895
TCGA-EJ-7785-01,,TCGA Tumor,PRAD,7.729445424,9.185330797
TCGA-G9-A9S4-01,,TCGA Tumor,PRAD,7.962767091,8.797721316
TCGA-HI-7170-01,,TCGA Tumor,PRAD,8.913064447,8.250230242
TCGA-ER-A2NC-06,,TCGA Tumor,SKCM,4.902375665,3.327617813
TCGA-06-5417-01,,TCGA Tumor,GBM,2.217876044,-10.96177251
TCGA-EK-A3GN-01,,TCGA Tumor,CESC,-5.252807174,1.34879439
TCGA-ZM-AA0F-01,,TCGA Tumor,TGCT,-1.895268712,5.423470904
TCGA-HT-A618-01,,TCGA Tumor,LGG,2.333159414,-10.38799722
TCGA-69-7765-01,,TCGA Tumor,LUAD,-0.15277085,-3.084873508
TCGA-EE-A2A0-06,,TCGA Tumor,SKCM,5.630548444,3.558838774
TCGA-DD-A1EF-01,,TCGA Tumor,LIHC,0.45492052,3.589001585
TCGA-OR-A5LM-01,,TCGA Tumor,ACC,-3.513745103,-8.575487684
TCGA-VD-A8KD-01,,TCGA Tumor,UVM,6.72191855,4.433856894
TCGA-CV-6938-01,,TCGA Tumor,HNSC,-6.883322749,0.645737339
TCGA-WB-A81E-01,,TCGA Tumor,PCPG,0.089184162,12.94051783
TCGA-26-5134-01,,TCGA Tumor,GBM,1.318259206,-9.046177458
TCGA-OR-A5KZ-01,,TCGA Tumor,ACC,-3.473913464,-8.618437361
TCGA-DD-AACW-01,,TCGA Tumor,LIHC,0.730231937,3.790068079
TCGA-AC-A3TN-01,,TCGA Tumor,BRCA,4.410868135,-1.642165135
TCGA-DD-A73A-01,,TCGA Tumor,LIHC,0.939871159,4.185958315
TCGA-56-8629-01,,TCGA Tumor,LUSC,-5.470706019,1.484219242
TCGA-AB-2874-03,,TCGA Tumor,LAML,-4.863287482,-11.49954374
TCGA-A3-A8OW-01,,TCGA Tumor,KIRC,6.329524007,-6.720954965
TCGA-V4-A9F5-01,,TCGA Tumor,UVM,6.695625749,4.411889006
TCGA-B0-4822-01,,TCGA Tumor,KIRC,6.256246534,-5.369052957
TCGA-QR-A70V-01,,TCGA Tumor,PCPG,-0.054284069,13.09615557
TCGA-BP-4334-01,,TCGA Tumor,KIRC,-3.559594903,5.10344689
TCGA-B0-5696-01,,TCGA Tumor,KIRC,6.172386136,-6.698431085
TCGA-05-4433-01,,TCGA Tumor,LUAD,-3.35263947,-2.854270529
TCGA-EB-A5UL-06,,TCGA Tumor,SKCM,5.972684827,3.552143742
TCGA-SA-A6C2-01,,TCGA Tumor,PCPG,0.030386951,13.00889533
TCGA-EL-A3GU-01,,TCGA Tumor,THCA,11.13564345,-0.410126071
TCGA-DS-A3LQ-01,,TCGA Tumor,CESC,-5.392337832,2.459301401
TCGA-CV-7099-01,,TCGA Tumor,HNSC,-6.795696292,1.022482384
TCGA-XF-A9SU-01,,TCGA Tumor,BLCA,-3.965116534,0.078584778
TCGA-55-8508-01,,TCGA Tumor,LUAD,-0.863369379,-2.067591976
TCGA-BC-A10S-01,,TCGA Tumor,LIHC,1.057019499,4.191697527
TCGA-DK-A3WY-01,,TCGA Tumor,BLCA,-8.557594809,6.937562872
TCGA-AB-2939-03,,TCGA Tumor,LAML,-4.912284884,-11.49134405
TARGET-20-PARFAL-09,,TCGA Tumor,LAML,-4.990767035,-11.55627401
TCGA-B6-A0IC-01,,TCGA Tumor,BRCA,5.318543878,-1.353607248
TCGA-IQ-A61E-01,,TCGA Tumor,HNSC,-6.435806308,0.577353765
TCGA-H6-A45N-01,,TCGA Tumor,PAAD,-2.59236959,-2.402687382
TCGA-G9-7523-01,,TCGA Tumor,PRAD,9.271172013,8.182911326
TCGA-56-A5DR-01,,TCGA Tumor,LUSC,-5.401529822,1.579819251
TCGA-QH-A65S-01,,TCGA Tumor,LGG,2.353479114,-10.75731809
TCGA-V4-A9EM-01,,TCGA Tumor,UVM,6.694647756,4.410601069
TARGET-20-PARBIU-09,,TCGA Tumor,LAML,-3.830702338,-12.38735635
TCGA-5N-A9KM-01,,TCGA Tumor,BLCA,-3.683918032,-0.037370074
TARGET-50-PAJPEW-01,,TCGA Tumor,WT,-3.963592562,6.758538653
TCGA-24-1431-01,,TCGA Tumor,OV,1.683052864,7.814155031
TCGA-VS-A9UV-01,,TCGA Tumor,CESC,-6.400791201,1.674161602
TCGA-A2-A0CW-01,,TCGA Tumor,BRCA,5.494136777,-1.535981606
TCGA-QK-A6VB-01,,TCGA Tumor,HNSC,-6.164132628,2.209157158
TCGA-2Y-A9H7-01,,TCGA Tumor,LIHC,0.643322867,3.666931082
TCGA-EJ-7325-01,,TCGA Tumor,PRAD,7.694344487,9.219561983
TCGA-A8-A092-01,,TCGA Tumor,BRCA,4.907502141,-1.491430711
TCGA-CQ-7067-01,,TCGA Tumor,HNSC,-6.623048339,0.692807425
TCGA-D8-A1XS-01,,TCGA Tumor,BRCA,4.515017953,-1.723263453
TCGA-AA-3502-01,,TCGA Tumor,COAD,-4.96130279,-3.706965755
TCGA-HC-8257-01,,TCGA Tumor,PRAD,7.769193139,9.136562754
TCGA-O9-A75Z-01,,TCGA Tumor,KIRP,-0.994297776,7.839656759
TCGA-CC-A9FU-01,,TCGA Tumor,LIHC,0.400592644,3.54477923
TCGA-BB-7862-01,,TCGA Tumor,HNSC,-5.472837958,1.925663997
TCGA-HU-A4HB-01,,TCGA Tumor,STAD,-3.82478765,-3.615130495
TCGA-CR-6482-01,,TCGA Tumor,HNSC,-5.80144361,1.589638282
TARGET-20-PARBIU-04,,TCGA Tumor,LAML,-3.862346682,-12.35277803
TCGA-FC-A4JI-01,,TCGA Tumor,PRAD,8.446268525,8.212225367
TCGA-WK-A8XO-01,,TCGA Tumor,SARC,1.366873052,1.2358207
TCGA-50-5044-01,,TCGA Tumor,LUAD,-0.759767208,-1.75971527
TCGA-BH-A18Q-01,,TCGA Tumor,BRCA,0.930348304,-1.566536259
TCGA-EB-A5KH-06,,TCGA Tumor,SKCM,6.158333745,3.830234457
TCGA-RW-A685-01,,TCGA Tumor,PCPG,0.0409179,12.9962353
TCGA-AO-A12B-01,,TCGA Tumor,BRCA,5.694469896,-1.594272922
TCGA-BR-A4CS-01,,TCGA Tumor,STAD,-3.677715812,-2.997538637
TARGET-20-PAPWYK-09,,TCGA Tumor,LAML,-4.046501193,-12.21212823
TCGA-FF-8042-01,,TCGA Tumor,DLBC,-8.574062857,6.941516806
TCGA-A3-3367-01,,TCGA Tumor,KIRC,6.23507401,-6.821104597
TCGA-A8-A09E-01,,TCGA Tumor,BRCA,4.656049695,-1.191907238
TCGA-CR-5243-01,,TCGA Tumor,HNSC,-5.956705127,1.724834968
TCGA-ZJ-AAXU-01,,TCGA Tumor,CESC,-6.259757075,1.751221467
TCGA-05-4384-01,,TCGA Tumor,LUAD,-0.883566174,-2.539155077
TCGA-DU-A7TJ-01,,TCGA Tumor,LGG,1.255841162,-9.954686712
TCGA-E5-A4TZ-01,,TCGA Tumor,BLCA,-6.401248965,1.895977069
TCGA-2H-A9GL-01,,TCGA Tumor,ESCA,-4.434622798,-3.530688356
TARGET-10-PARDWE-03,,TCGA Tumor,Target-ALL,-8.392428908,-8.340568136
TCGA-25-1328-01,,TCGA Tumor,OV,1.383739498,7.965985228
TCGA-DJ-A3UM-01,,TCGA Tumor,THCA,11.14627883,-0.308065157
TCGA-FD-A43N-01,,TCGA Tumor,BLCA,-3.785393271,-0.00189818
TCGA-50-6593-01,,TCGA Tumor,LUAD,-0.163042757,-3.054682802
TCGA-O1-A52J-01,,TCGA Tumor,LUAD,-0.337021801,-3.041513752
TCGA-TM-A84H-01,,TCGA Tumor,LGG,2.348791685,-10.56251962
TCGA-DI-A1BU-01,,TCGA Tumor,UCEC,1.304705885,6.608479429
TCGA-CR-6472-01,,TCGA Tumor,HNSC,-6.007616553,2.4008631
TCGA-VS-A9UY-01,,TCGA Tumor,CESC,-6.265154872,1.981218148
TCGA-N8-A4PP-01,,TCGA Tumor,UCS,1.254990187,7.748200346
TCGA-OD-A75X-06,,TCGA Tumor,SKCM,5.360132184,3.42252915
TCGA-78-7220-01,,TCGA Tumor,LUAD,-1.359118137,-2.115960192
TCGA-EE-A2GO-06,,TCGA Tumor,SKCM,4.958268609,3.36543553
TCGA-05-4422-01,,TCGA Tumor,LUAD,-1.184558067,-2.271895479
TCGA-B0-5692-01,,TCGA Tumor,KIRC,6.163915601,-6.755387853
TCGA-A7-A26F-01,,TCGA Tumor,BRCA,-4.847724948,-2.4705518
TCGA-EE-A17Z-06,,TCGA Tumor,SKCM,6.52255198,4.228099276
TCGA-46-3769-01,,TCGA Tumor,LUSC,0.139028933,-2.323722195
TCGA-EM-A3FN-01,,TCGA Tumor,THCA,11.54291197,0.846931685
TCGA-EL-A3GQ-01,,TCGA Tumor,THCA,11.1078715,-0.246584277
TARGET-10-PARSGC-03,,TCGA Tumor,Target-ALL,-8.286668334,-8.249301504
TCGA-AO-A12F-01,,TCGA Tumor,BRCA,0.992532101,-1.376787614
TCGA-EJ-A8FS-01,,TCGA Tumor,PRAD,8.37900969,8.27203982
TCGA-MQ-A4LI-01,,TCGA Tumor,MESO,-0.177209291,1.564089705
TCGA-DX-A3U9-01,,TCGA Tumor,SARC,1.984988895,1.5204448
TCGA-DD-A114-01,,TCGA Tumor,LIHC,0.345581968,3.512572457
TCGA-CK-5913-01,,TCGA Tumor,COAD,-4.98726419,-3.711415123
TCGA-X7-A8D9-01,,TCGA Tumor,THYM,-10.95967916,5.966949869
TCGA-28-2510-01,,TCGA Tumor,GBM,2.76500341,-9.676305364
TCGA-EW-A1P6-01,,TCGA Tumor,BRCA,4.936900106,-1.521333526
TCGA-S9-A7R8-01,,TCGA Tumor,LGG,2.275428858,-10.99165685
TCGA-FK-A3SE-01,,TCGA Tumor,THCA,11.36724135,-0.169602241
TARGET-20-PASHYZ-04,,TCGA Tumor,LAML,-4.651764903,-11.44628007
TCGA-E2-A14X-01,,TCGA Tumor,BRCA,0.935891535,-1.500812959
TCGA-KP-A3W4-01,,TCGA Tumor,UCEC,1.540600386,6.45124333
TCGA-BJ-A45E-01,,TCGA Tumor,THCA,10.83585402,-0.0645282
TCGA-HI-7169-01,,TCGA Tumor,PRAD,9.254412141,8.207635332
TARGET-20-PASHYZ-09,,TCGA Tumor,LAML,-4.644965682,-11.44194658
TCGA-BR-8080-01,,TCGA Tumor,STAD,-2.737075362,-1.980702471
TCGA-P3-A6T4-01,,TCGA Tumor,HNSC,-6.568155322,0.604857076
TCGA-AJ-A3BG-01,,TCGA Tumor,UCEC,1.453782883,6.533502508
TCGA-5N-A9KI-01,,TCGA Tumor,BLCA,-3.404620919,-2.28938372
TCGA-29-1783-01,,TCGA Tumor,OV,1.396012511,7.936218191
TCGA-24-1424-01,,TCGA Tumor,OV,1.591011968,7.798267771
TCGA-A8-A09Q-01,,TCGA Tumor,BRCA,5.605996099,-1.67827196
TCGA-AC-A2FF-01,,TCGA Tumor,BRCA,3.860448327,-1.667322348
TCGA-ZJ-AAXA-01,,TCGA Tumor,CESC,-6.346736464,1.580756951
TCGA-67-6215-01,,TCGA Tumor,LUAD,-0.191992912,-3.142885517
TCGA-4X-A9FC-01,,TCGA Tumor,THYM,-10.87053255,6.063514162
TCGA-4N-A93T-01,,TCGA Tumor,COAD,-6.002206836,-3.683981966
TCGA-W5-AA30-01,,TCGA Tumor,CHOL,-0.1138154,3.022803951
TCGA-FY-A3R9-01,,TCGA Tumor,THCA,11.4114556,0.961310733
TARGET-20-PATELT-03,,TCGA Tumor,LAML,-4.899880442,-11.5105005
TCGA-BH-A18J-01,,TCGA Tumor,BRCA,4.222966161,-1.638268303
TCGA-2K-A9WE-01,,TCGA Tumor,KIRP,-0.807030353,7.620448042
TCGA-61-1917-01,,TCGA Tumor,OV,1.416819062,7.956407
TCGA-H2-A421-01,,TCGA Tumor,THCA,10.92219779,-0.271211248
TCGA-YZ-A980-01,,TCGA Tumor,UVM,6.700188604,4.41306727
TCGA-AK-3460-01,,TCGA Tumor,KIRC,6.221673455,-6.828305792
TCGA-KN-8423-01,,TCGA Tumor,KICH,-3.561780963,5.10370772
TCGA-D3-A1Q8-06,,TCGA Tumor,SKCM,4.998081651,3.409122873
TCGA-DJ-A3UZ-01,,TCGA Tumor,THCA,11.48559233,0.617791821
TCGA-L5-A4OF-01,,TCGA Tumor,ESCA,-4.953257117,-1.998575758
TCGA-EK-A2RO-01,,TCGA Tumor,CESC,-6.007796798,1.181195904
TCGA-VQ-A927-01,,TCGA Tumor,STAD,-4.085159812,-3.741126131
TCGA-77-6845-01,,TCGA Tumor,LUSC,-5.614405188,2.166720081
TCGA-C8-A12W-01,,TCGA Tumor,BRCA,5.343419519,-1.560719084
TCGA-A2-A0YJ-01,,TCGA Tumor,BRCA,0.911121037,-1.483947347
TCGA-CN-4723-01,,TCGA Tumor,HNSC,-6.057182345,0.886767496
TCGA-F4-6855-01,,TCGA Tumor,COAD,-6.061551127,-3.653044294
TARGET-20-PANLIZ-09,,TCGA Tumor,LAML,-4.723448787,-11.42961461
TCGA-BP-5169-01,,TCGA Tumor,KIRC,6.328946557,-5.568290304
TCGA-WD-A7RX-01,,TCGA Tumor,CHOL,0.228269082,3.433971096
TCGA-DD-AACO-01,,TCGA Tumor,LIHC,0.925339785,3.860202957
TARGET-20-PANLIZ-04,,TCGA Tumor,LAML,-4.652238402,-11.46864087
TCGA-CV-A6K2-01,,TCGA Tumor,HNSC,-6.487838301,0.601235319
TCGA-G3-A3CI-01,,TCGA Tumor,LIHC,0.995842185,4.186909128
TCGA-DU-7019-01,,TCGA Tumor,LGG,2.313585248,-10.51268823
TCGA-78-7156-01,,TCGA Tumor,LUAD,-0.835726533,-2.659294437
TCGA-S9-A7R4-01,,TCGA Tumor,LGG,2.349004235,-10.93368394
TARGET-20-PANTPW-09,,TCGA Tumor,LAML,-4.014485392,-12.25355775
TCGA-S9-A7J3-01,,TCGA Tumor,LGG,3.011622634,-10.40839918
TCGA-MY-A913-01,,TCGA Tumor,CESC,-5.01557878,1.06501608
TCGA-A3-A8OX-01,,TCGA Tumor,KIRC,5.980089154,-5.558324407
TCGA-24-1549-01,,TCGA Tumor,OV,1.75785419,8.488946367
TARGET-20-PASCGR-03,,TCGA Tumor,LAML,-3.886676821,-12.34902055
TCGA-HC-7740-01,,TCGA Tumor,PRAD,9.307095018,8.081851412
TARGET-30-PAIVHE-01,,TCGA Tumor,NB,2.718712535,12.9709286
TCGA-AB-2862-03,,TCGA Tumor,LAML,-4.26005176,-11.93197877
TCGA-44-6779-01,,TCGA Tumor,LUAD,-3.257346663,-2.323944877
TCGA-ND-A4WA-01,,TCGA Tumor,UCS,1.42521688,7.863938738
TCGA-J7-8537-01,,TCGA Tumor,KIRP,-0.892684016,7.66998427
TCGA-VQ-AA6K-01,,TCGA Tumor,STAD,-3.802893672,-3.705521892
TCGA-10-0938-01,,TCGA Tumor,OV,1.958641615,8.227704455
TCGA-30-1718-01,,TCGA Tumor,OV,1.507332292,7.829379488
TCGA-KK-A7B2-01,,TCGA Tumor,PRAD,9.183181253,8.163462092
TCGA-TM-A84L-01,,TCGA Tumor,LGG,2.311048594,-10.73188455
TCGA-24-2280-01,,TCGA Tumor,OV,1.477369752,7.861106325
TCGA-DJ-A4UW-01,,TCGA Tumor,THCA,11.60700175,0.46397822
TCGA-EX-A1H5-01,,TCGA Tumor,CESC,-5.92993072,2.334058691
TCGA-66-2734-01,,TCGA Tumor,LUSC,-5.815381083,0.973904182
TCGA-A2-A259-01,,TCGA Tumor,BRCA,4.086600509,-1.780383061
TCGA-G8-6325-01,,TCGA Tumor,DLBC,-8.645994696,6.922140051
TCGA-ZN-A9VW-01,,TCGA Tumor,MESO,-0.116946492,1.511015822
TCGA-IQ-A61J-01,,TCGA Tumor,HNSC,-6.610934291,0.479600449
TCGA-BP-4160-01,,TCGA Tumor,KIRC,6.001797643,-6.33310182
TARGET-10-PAPZST-04,,TCGA Tumor,Target-ALL,-5.482494387,-12.44030816
TARGET-10-PAPZST-09,,TCGA Tumor,Target-ALL,-8.385875258,-8.363291334
TCGA-E1-A7YH-01,,TCGA Tumor,LGG,2.34380373,-10.78185613
TCGA-FU-A3EO-01,,TCGA Tumor,CESC,-3.30089334,-2.269586634
TCGA-QG-A5YV-01,,TCGA Tumor,COAD,-6.111531291,-3.68717296
TCGA-DQ-5625-01,,TCGA Tumor,HNSC,-6.775460753,0.502159704
TCGA-06-5413-01,,TCGA Tumor,GBM,1.294438687,-9.682760786
TARGET-10-PASHUI-09,,TCGA Tumor,Target-ALL,-8.454602752,-8.393663954
TCGA-CV-A45X-01,,TCGA Tumor,HNSC,-6.585223231,1.338527132
TCGA-ET-A2MZ-01,,TCGA Tumor,THCA,11.55162379,0.055655985
TCGA-CZ-5458-01,,TCGA Tumor,KIRC,6.25974175,-5.734839987
TCGA-CM-6166-01,,TCGA Tumor,COAD,-6.139629874,-3.650841068
TARGET-10-PAPMVB-04,,TCGA Tumor,Target-ALL,-8.356400046,-8.312187742
TCGA-77-A5FZ-01,,TCGA Tumor,LUSC,-0.976064119,-1.910285186
TCGA-DD-A1EB-01,,TCGA Tumor,LIHC,0.960184005,4.212611605
TCGA-A7-A3J0-01,,TCGA Tumor,BRCA,5.917269197,-1.654483031
TCGA-AQ-A1H2-01,,TCGA Tumor,BRCA,5.482782331,-1.592939686
TCGA-B5-A3S1-01,,TCGA Tumor,UCEC,1.341282394,6.726187159
TARGET-30-PATNKP-02,,TCGA Tumor,NB,2.602440801,12.83173411
TCGA-L5-A4OQ-01,,TCGA Tumor,ESCA,-4.932140384,-1.988560747
TCGA-AR-A24O-01,,TCGA Tumor,BRCA,3.777933088,-1.687784504
TCGA-L5-A43C-01,,TCGA Tumor,ESCA,-4.285748992,-2.944675516
TCGA-G4-6321-01,,TCGA Tumor,COAD,-4.911444697,-3.715108227
TCGA-DX-A48O-01,,TCGA Tumor,SARC,1.967439976,1.543466617
TCGA-06-0646-01,,TCGA Tumor,GBM,1.210998264,-9.906860899
TCGA-QF-A5YT-01,,TCGA Tumor,UCEC,1.393041339,6.605439593
TCGA-ET-A40T-01,,TCGA Tumor,THCA,11.21245429,-0.141246851
TCGA-EI-6513-01,,TCGA Tumor,READ,-5.779236827,-3.591094087
TCGA-04-1347-01,,TCGA Tumor,OV,1.330029216,7.80958407
TARGET-50-PAJLTH-01,,TCGA Tumor,WT,-4.599679503,7.733893801
TCGA-DJ-A4V0-01,,TCGA Tumor,THCA,11.39178511,0.594134737
TCGA-BH-A1FE-06,,TCGA Tumor,BRCA,1.821423378,1.496653606
TCGA-D5-6539-01,,TCGA Tumor,COAD,-5.673588786,-3.87451322
TCGA-J8-A3O0-01,,TCGA Tumor,THCA,11.58527514,0.72892778
TCGA-85-8352-01,,TCGA Tumor,LUSC,-0.118649695,-2.726629804
TCGA-DD-AADB-01,,TCGA Tumor,LIHC,0.559731227,3.645123411
TCGA-WT-AB41-01,,TCGA Tumor,BRCA,4.037053313,-1.687268089
TCGA-ZM-AA0E-01,,TCGA Tumor,TGCT,-1.895113978,5.426270891
TCGA-QM-A5NM-01,,TCGA Tumor,UCS,1.438876119,6.581270147
TCGA-EK-A2RK-01,,TCGA Tumor,CESC,-5.361947093,1.843079139
TARGET-20-PASWLN-09,,TCGA Tumor,LAML,-4.909528765,-11.39518793
TCGA-VQ-A923-01,,TCGA Tumor,STAD,-3.901447329,-3.687189888
TCGA-CR-7388-01,,TCGA Tumor,HNSC,-6.475999865,1.624322702
TCGA-ET-A3DS-01,,TCGA Tumor,THCA,11.47015139,0.903608729
TCGA-A8-A0AD-01,,TCGA Tumor,BRCA,3.712110009,-1.512623857
TCGA-EB-A299-01,,TCGA Tumor,SKCM,-6.435535941,0.066582371
TCGA-A7-A3J1-01,,TCGA Tumor,BRCA,4.638713804,-1.489139627
TARGET-20-PAPVCN-09,,TCGA Tumor,LAML,-4.013344798,-12.24612958
TCGA-A2-A0EQ-01,,TCGA Tumor,BRCA,4.246175733,-1.727537822
TCGA-BR-8373-01,,TCGA Tumor,STAD,-4.914556536,-2.039682936
TCGA-BP-5004-01,,TCGA Tumor,KIRC,6.222626176,-6.691241812
TCGA-S6-A8JW-01,,TCGA Tumor,TGCT,-1.970183883,5.510709215
TCGA-BR-7901-01,,TCGA Tumor,STAD,-2.904000077,-2.376566957
TCGA-DU-A7TD-01,,TCGA Tumor,LGG,1.227962997,-9.886147093
TCGA-91-8499-01,,TCGA Tumor,LUAD,-1.229925785,-0.643272053
TCGA-VD-A8KG-01,,TCGA Tumor,UVM,6.762465444,4.468630243
TCGA-D6-6824-01,,TCGA Tumor,HNSC,-6.08408216,1.539852072
TCGA-FX-A48G-01,,TCGA Tumor,SARC,1.377359178,1.240012098
TCGA-JY-A6FG-01,,TCGA Tumor,ESCA,-6.538450274,1.045486678
TCGA-91-6836-01,,TCGA Tumor,LUAD,0.006441024,-2.900821279
TCGA-EJ-A65F-01,,TCGA Tumor,PRAD,7.740334478,9.173791338
TCGA-CM-5344-01,,TCGA Tumor,COAD,-5.900255713,-3.699544023
TCGA-38-7271-01,,TCGA Tumor,LUAD,-0.189079079,-3.022567104
TCGA-N5-A4RF-01,,TCGA Tumor,UCS,0.378565297,1.016961206
TCGA-A6-2674-01,,TCGA Tumor,COAD,-4.532675299,-3.307551931
TCGA-AJ-A3BH-01,,TCGA Tumor,UCEC,1.17458066,6.537181307
TCGA-O2-A52Q-01,,TCGA Tumor,LUSC,0.038898524,-2.561102461
TCGA-LD-A7W6-01,,TCGA Tumor,BRCA,4.817114797,-1.425745796
TCGA-2Y-A9H1-01,,TCGA Tumor,LIHC,1.027739313,3.806940962
TCGA-ER-A19Q-06,,TCGA Tumor,SKCM,5.920699563,3.726818253
TCGA-C5-A1BL-01,,TCGA Tumor,CESC,-6.291359935,1.990777541
TCGA-CZ-5453-01,,TCGA Tumor,KIRC,6.35986754,-6.279957842
TCGA-ZR-A9CJ-01,,TCGA Tumor,ESCA,-3.325087342,-2.184331726
TCGA-HZ-A8P1-01,,TCGA Tumor,PAAD,-3.751569304,-3.677918028
TCGA-BR-8483-01,,TCGA Tumor,STAD,-4.177579913,-3.266003202
TCGA-AF-4110-01,,TCGA Tumor,READ,-6.090855632,-3.686003279
TCGA-CD-8529-01,,TCGA Tumor,STAD,-4.317396197,-3.569463323
TCGA-Q1-A73S-01,,TCGA Tumor,CESC,-3.953061137,-0.770156812
TCGA-DX-A6YV-01,,TCGA Tumor,SARC,1.277046468,1.688905049
TCGA-ET-A3BV-01,,TCGA Tumor,THCA,11.17594,-0.224904369
TCGA-30-1866-01,,TCGA Tumor,OV,1.458978501,8.000301768
TCGA-MM-A563-01,,TCGA Tumor,KIRC,6.153753724,-5.754238676
TCGA-VD-A8K8-01,,TCGA Tumor,UVM,6.677267518,4.399890352
TCGA-DQ-5630-01,,TCGA Tumor,HNSC,-6.634304557,0.535241951
TCGA-D3-A1QB-06,,TCGA Tumor,SKCM,6.81260344,4.528487612
TCGA-M7-A723-01,,TCGA Tumor,PRAD,9.10696837,8.181647707
TCGA-CE-A27D-01,,TCGA Tumor,THCA,11.31504389,0.439732332
TCGA-A6-6140-01,,TCGA Tumor,COAD,-6.090081725,-3.710877012
TCGA-BH-A1FR-01,,TCGA Tumor,BRCA,5.954158273,-1.657088708
TCGA-UF-A7JV-01,,TCGA Tumor,HNSC,-5.458467994,0.556035806
TCGA-BP-5177-01,,TCGA Tumor,KIRC,6.251148668,-5.778447222
TCGA-EL-A4JW-01,,TCGA Tumor,THCA,11.46705386,0.592868377
TCGA-B8-4621-01,,TCGA Tumor,KIRC,-0.800656471,7.579492975
TARGET-30-PALZZV-01,,TCGA Tumor,NB,2.660337653,12.92730181
TCGA-73-4658-01,,TCGA Tumor,LUAD,-0.076793704,-2.820274423
TCGA-A8-A08B-01,,TCGA Tumor,BRCA,4.609739747,-1.209349345
TCGA-HW-A5KL-01,,TCGA Tumor,LGG,2.281051007,-10.99159486
TCGA-A6-A566-01,,TCGA Tumor,COAD,-5.514872584,-3.717572998
TCGA-A6-6141-01,,TCGA Tumor,COAD,-5.060176406,-3.725991796
TCGA-XE-AAO3-01,,TCGA Tumor,TGCT,-1.927607331,5.463536669
TCGA-77-A5G7-01,,TCGA Tumor,LUSC,-5.338285002,2.106963326
TCGA-BF-A3DN-01,,TCGA Tumor,SKCM,5.111710992,3.433213879
TCGA-ZP-A9CY-01,,TCGA Tumor,LIHC,1.01478317,4.217123438
TCGA-D8-A1XK-01,,TCGA Tumor,BRCA,0.860895124,-1.401888918
TCGA-RY-A83X-01,,TCGA Tumor,LGG,3.028542962,-10.51827962
TCGA-3C-AAAU-01,,TCGA Tumor,BRCA,5.946745839,-1.662409972
TCGA-86-8076-01,,TCGA Tumor,LUAD,-0.902235184,-2.204084467
TCGA-BR-4280-01,,TCGA Tumor,STAD,-5.677299533,-3.644744943
TCGA-24-1844-01,,TCGA Tumor,OV,1.719807592,8.345965792
TCGA-66-2786-01,,TCGA Tumor,LUSC,-5.367350611,1.550430466
TCGA-BH-A0BT-01,,TCGA Tumor,BRCA,4.35858294,-1.431578349
TCGA-VR-AA7I-01,,TCGA Tumor,ESCA,-6.589566741,0.522552986
TCGA-AO-A03U-01,,TCGA Tumor,BRCA,-5.11231235,0.612700452
TCGA-DD-AAVP-01,,TCGA Tumor,LIHC,1.329975155,3.878108193
TCGA-BR-8362-01,,TCGA Tumor,STAD,-5.23546699,-3.478132318
TARGET-30-PASXIE-01,,TCGA Tumor,NB,2.704033818,12.92219203
TCGA-HT-7687-01,,TCGA Tumor,LGG,3.03662869,-10.31015355
TCGA-77-8144-01,,TCGA Tumor,LUSC,-6.96558002,0.674711336
TCGA-BR-A4J8-01,,TCGA Tumor,STAD,-2.67356399,-1.966313671
TCGA-BA-6872-01,,TCGA Tumor,HNSC,-6.379509005,0.630682636
TCGA-G7-7501-01,,TCGA Tumor,KIRP,-0.850478444,7.699575831
TCGA-55-6987-01,,TCGA Tumor,LUAD,-0.991045985,-1.898797463
TCGA-CQ-5325-01,,TCGA Tumor,HNSC,-6.153253588,0.180246149
TCGA-DJ-A13S-01,,TCGA Tumor,THCA,11.42245146,0.919651259
TCGA-FD-A3SP-01,,TCGA Tumor,BLCA,-5.215222869,0.781849016
TCGA-NJ-A4YP-01,,TCGA Tumor,LUAD,-1.210806522,-2.195049356
TCGA-61-1910-01,,TCGA Tumor,OV,1.765308466,8.51627009
TCGA-77-A5G3-01,,TCGA Tumor,LUSC,-5.792350325,2.498868633
TCGA-B0-5077-01,,TCGA Tumor,KIRC,6.171933618,-6.070323538
TCGA-AR-A1AJ-01,,TCGA Tumor,BRCA,0.569583025,-1.109479021
TARGET-10-PANSUL-09,,TCGA Tumor,Target-ALL,-8.182897124,-8.146558355
TCGA-3A-A9IR-01,,TCGA Tumor,PAAD,-1.267797146,-0.59564222
TCGA-R6-A6XQ-01,,TCGA Tumor,ESCA,-6.564669642,1.250673462
TCGA-OR-A5KX-01,,TCGA Tumor,ACC,-3.455364022,-8.632760595
TCGA-MT-A67A-01,,TCGA Tumor,HNSC,-6.230037246,0.165712547
TARGET-10-PANJWJ-09,,TCGA Tumor,Target-ALL,-8.476315055,-8.418130468
TCGA-3U-A98G-01,,TCGA Tumor,MESO,1.872146573,1.503056098
TCGA-CH-5754-01,,TCGA Tumor,PRAD,7.753077951,9.157115389
TCGA-BJ-A2NA-01,,TCGA Tumor,THCA,11.1067414,-0.418896567
TCGA-3A-A9IL-01,,TCGA Tumor,PAAD,-1.272133026,-0.6501518
TCGA-PK-A5H8-01,,TCGA Tumor,ACC,-3.460030589,-8.63132913
TCGA-BJ-A0ZG-01,,TCGA Tumor,THCA,11.57049223,0.86460184
TCGA-WY-A85A-01,,TCGA Tumor,LGG,2.271028605,-10.72504003
TCGA-EE-A2GS-06,,TCGA Tumor,SKCM,5.34396502,3.565615107
TCGA-CD-A4MG-01,,TCGA Tumor,STAD,-4.44784883,-3.445250343
TCGA-ZB-A96G-01,,TCGA Tumor,THYM,-10.96394399,5.978444983
TCGA-BR-8296-01,,TCGA Tumor,STAD,-3.908336673,-3.6229995
TCGA-AR-A2LR-01,,TCGA Tumor,BRCA,1.029314902,-1.505257319
TCGA-YZ-A983-01,,TCGA Tumor,UVM,6.712197747,4.427951265
TCGA-DA-A1HW-06,,TCGA Tumor,SKCM,5.706646886,3.759383131
TARGET-50-PAKUIT-01,,TCGA Tumor,WT,-4.608191523,7.734149862
TCGA-R6-A6Y0-01,,TCGA Tumor,ESCA,-4.291297946,-2.709303449
TCGA-KK-A7AZ-01,,TCGA Tumor,PRAD,8.622894731,8.187651087
TARGET-50-PAJNGH-01,,TCGA Tumor,WT,-4.683288607,7.818926264
TCGA-D5-5541-01,,TCGA Tumor,COAD,-5.906672988,-3.643137049
TCGA-AB-2878-03,,TCGA Tumor,LAML,-5.501706633,-12.44251783
TCGA-18-3412-01,,TCGA Tumor,LUSC,-5.998158965,2.397642065
TCGA-LL-A7SZ-01,,TCGA Tumor,BRCA,3.761601892,-1.665982317
TCGA-EM-A1CU-01,,TCGA Tumor,THCA,11.35859629,-0.150239106
TCGA-EI-6506-01,,TCGA Tumor,READ,-5.839577708,-3.716811727
TCGA-AM-5821-01,,TCGA Tumor,COAD,-4.045740638,-2.353498529
TCGA-20-0987-01,,TCGA Tumor,OV,1.874978986,8.358165194
TCGA-IR-A3L7-01,,TCGA Tumor,CESC,-5.829945121,1.671602894
TCGA-AN-A0G0-01,,TCGA Tumor,BRCA,0.845676031,-1.32438774
TARGET-30-PATINJ-01,,TCGA Tumor,NB,2.76039454,13.01431887
TCGA-RW-A689-01,,TCGA Tumor,PCPG,-0.006227914,13.0462765
TCGA-HZ-8638-01,,TCGA Tumor,PAAD,-2.45993689,-2.411920379
TCGA-XF-AAMH-01,,TCGA Tumor,BLCA,-4.925460372,-2.041057419
TCGA-PN-A8MA-01,,TCGA Tumor,CESC,-0.657889042,-2.371391605
TCGA-75-5122-01,,TCGA Tumor,LUAD,-0.021655861,-1.964874338
TCGA-CC-5262-01,,TCGA Tumor,LIHC,0.982665148,4.076274325
TCGA-AB-2861-03,,TCGA Tumor,LAML,-3.824562583,-12.37293107
TCGA-85-8584-01,,TCGA Tumor,LUSC,-1.166398082,-2.274497103
TCGA-WB-A818-01,,TCGA Tumor,PCPG,-0.071454648,13.11219161
TCGA-AB-2965-03,,TCGA Tumor,LAML,-3.874088797,-12.34394128
TCGA-50-5931-01,,TCGA Tumor,LUAD,-5.194367442,0.954797555
TCGA-DS-A7WF-01,,TCGA Tumor,CESC,1.351125088,6.630032469
TCGA-FR-A8YE-06,,TCGA Tumor,SKCM,5.178971257,3.482375075
TCGA-13-0804-01,,TCGA Tumor,OV,1.948155728,8.290326525
TCGA-DB-5281-01,,TCGA Tumor,LGG,2.842705455,-9.786146711
TCGA-E1-A7YK-01,,TCGA Tumor,LGG,1.313442555,-9.145780157
TCGA-2G-AAGX-01,,TCGA Tumor,TGCT,-1.681307349,5.177959849
TCGA-EA-A411-01,,TCGA Tumor,CESC,-5.691602263,1.053000022
TCGA-DK-A2I2-01,,TCGA Tumor,BLCA,-5.52697185,0.700187255
TCGA-KQ-A41O-01,,TCGA Tumor,BLCA,-3.612456832,0.098698076
TCGA-AN-A03X-01,,TCGA Tumor,BRCA,3.330105033,-1.274392794
TCGA-59-2355-01,,TCGA Tumor,OV,1.937614646,8.314869333
TCGA-AD-6901-01,,TCGA Tumor,COAD,-5.964222464,-3.519716572
TCGA-44-2655-01,,TCGA Tumor,LUAD,-0.660604629,-2.867054771
TCGA-CM-6161-01,,TCGA Tumor,COAD,-6.160882029,-3.57223184
TCGA-OR-A5J7-01,,TCGA Tumor,ACC,-3.462184701,-8.612958502
TCGA-WQ-AB4B-01,,TCGA Tumor,LIHC,0.994420018,4.122907091
TCGA-E2-A14Q-01,,TCGA Tumor,BRCA,4.188793626,-1.821481894
TCGA-ES-A2HS-01,,TCGA Tumor,LIHC,1.015706446,3.884839703
TCGA-DK-A3IM-01,,TCGA Tumor,BLCA,-6.335454974,0.580682028
TARGET-30-PANUKV-01,,TCGA Tumor,NB,2.61605784,12.86582892
TCGA-A2-A1FZ-01,,TCGA Tumor,BRCA,3.868415323,-1.719378899
TCGA-BF-AAP6-01,,TCGA Tumor,SKCM,5.648591485,3.465560366
TCGA-FB-A5VM-01,,TCGA Tumor,PAAD,-5.784585032,0.918795694
TCGA-BQ-5886-01,,TCGA Tumor,KIRP,-0.651756916,7.37670653
TCGA-57-1993-01,,TCGA Tumor,OV,1.73786017,8.513471056
TCGA-DO-A1K0-01,,TCGA Tumor,THCA,11.07003829,-0.45331062
TCGA-G9-6384-01,,TCGA Tumor,PRAD,7.743573156,9.19603007
TCGA-IB-7888-01,,TCGA Tumor,PAAD,-2.195716176,-1.896317314
TCGA-22-1002-01,,TCGA Tumor,LUSC,-5.325416121,0.776711513
TCGA-G5-6641-01,,TCGA Tumor,READ,-5.836045298,-3.741990637
TCGA-OL-A5D6-01,,TCGA Tumor,BRCA,4.084014383,-0.920899819
TCGA-39-5011-01,,TCGA Tumor,LUSC,-0.033924613,-2.60954554
TCGA-2G-AAG8-01,,TCGA Tumor,TGCT,-1.700260672,5.197884489
TCGA-15-0742-01,,TCGA Tumor,GBM,1.241335895,-9.901823591
TCGA-4Z-AA7Q-01,,TCGA Tumor,BLCA,-3.692369971,0.080159704
TARGET-30-PALKUC-01,,TCGA Tumor,NB,6.241691079,3.810662914
TCGA-BH-A0B9-01,,TCGA Tumor,BRCA,0.866288748,-1.438074898
TARGET-20-PASBPK-09,,TCGA Tumor,LAML,-3.896039519,-12.36586912
TCGA-73-4668-01,,TCGA Tumor,LUAD,-0.124290619,-2.94821484
TCGA-CR-5248-01,,TCGA Tumor,HNSC,-6.066875014,2.152884651
TCGA-OR-A5K1-01,,TCGA Tumor,ACC,-3.469228301,-8.61697061
TCGA-2Z-A9JJ-01,,TCGA Tumor,KIRP,0.778759923,6.758767534
TCGA-AR-A1AQ-01,,TCGA Tumor,BRCA,0.57367481,-1.46177883
TARGET-10-PAPEJN-09,,TCGA Tumor,Target-ALL,-8.409587416,-8.357784818
TCGA-3H-AB3T-01,,TCGA Tumor,MESO,-0.056987587,1.434773494
TCGA-ZG-A9L0-01,,TCGA Tumor,PRAD,9.046204057,8.091923166
TCGA-DU-A7TA-01,,TCGA Tumor,LGG,2.25186595,-10.97037561
TCGA-85-6798-01,,TCGA Tumor,LUSC,-5.344192538,2.418857027
TCGA-91-6831-01,,TCGA Tumor,LUAD,-0.859791074,-2.023822616
TCGA-E8-A438-01,,TCGA Tumor,THCA,11.55963084,0.785891701
TCGA-Y8-A896-01,,TCGA Tumor,KIRP,-0.8041437,7.655762602
TCGA-L9-A444-01,,TCGA Tumor,LUAD,0.011848655,-2.720397066
TCGA-D3-A51F-06,,TCGA Tumor,SKCM,5.408132043,3.495195557
TCGA-G3-A7M9-01,,TCGA Tumor,LIHC,0.271523755,3.453738381
TCGA-IH-A3EA-01,,TCGA Tumor,SKCM,6.045851674,3.644046951
TCGA-5M-AAT5-01,,TCGA Tumor,COAD,-5.920536551,-3.793479513
TCGA-EL-A3CX-01,,TCGA Tumor,THCA,1.105790701,6.801852156
TCGA-CQ-6229-01,,TCGA Tumor,HNSC,-6.886252913,0.617877771
TCGA-CS-5395-01,,TCGA Tumor,LGG,1.45844945,-10.07572706
TCGA-CV-6941-01,,TCGA Tumor,HNSC,-6.249473605,1.192300845
TCGA-EJ-A7NN-01,,TCGA Tumor,PRAD,8.936958757,8.081666399
TCGA-IB-7652-01,,TCGA Tumor,PAAD,-2.937251601,-2.580421518
TCGA-E9-A226-01,,TCGA Tumor,BRCA,4.517314878,-1.504879903
TCGA-CJ-4920-01,,TCGA Tumor,KIRC,6.237131562,-5.885215353
TCGA-DK-A2I6-01,,TCGA Tumor,BLCA,-5.064711127,0.581256021
TCGA-05-5425-01,,TCGA Tumor,LUAD,-1.299154553,-2.222239326
TCGA-TQ-A7RR-01,,TCGA Tumor,LGG,2.522780385,-10.68451745
TCGA-36-1581-01,,TCGA Tumor,OV,1.772576299,8.608866144
TCGA-ZJ-AAXJ-01,,TCGA Tumor,CESC,-5.786022219,1.818849136
TCGA-24-1557-01,,TCGA Tumor,OV,1.754796472,8.508836199
TCGA-HU-8608-01,,TCGA Tumor,STAD,-4.046641383,-3.524994921
TCGA-F2-A7TX-01,,TCGA Tumor,PAAD,-2.954211983,-2.540574859
TCGA-CV-5430-01,,TCGA Tumor,HNSC,-6.064357791,2.320038963
TCGA-BC-A8YO-01,,TCGA Tumor,LIHC,0.778117564,3.935550858
TCGA-DA-A1I1-06,,TCGA Tumor,SKCM,6.65171,4.382047106
TCGA-77-8140-01,,TCGA Tumor,LUSC,-5.580102,1.834363986
TCGA-HE-A5NF-01,,TCGA Tumor,KIRP,-0.809347186,7.557852675
TCGA-A2-A0YC-01,,TCGA Tumor,BRCA,5.528134313,-1.500484299
TCGA-2G-AAF1-01,,TCGA Tumor,TGCT,-1.95806149,5.50028031
TCGA-A2-A4S1-01,,TCGA Tumor,BRCA,9.912721124,-4.494232248
TCGA-BP-4327-01,,TCGA Tumor,KIRC,6.24860188,-6.331941675
TCGA-44-6775-01,,TCGA Tumor,LUAD,-0.152372334,-2.418266128
TCGA-QR-A6GW-01,,TCGA Tumor,PCPG,-0.057092372,13.09765761
TCGA-ZG-A9ND-01,,TCGA Tumor,PRAD,8.575211969,8.199743677
TCGA-AX-A3G9-01,,TCGA Tumor,UCEC,-3.299802813,-2.183847736
TCGA-D3-A51J-06,,TCGA Tumor,SKCM,5.157455888,3.475989987
TCGA-HT-A5R5-01,,TCGA Tumor,LGG,2.320053187,-10.54411371
TCGA-HZ-8637-01,,TCGA Tumor,PAAD,-2.200523171,-2.165136885
TCGA-ED-A4XI-01,,TCGA Tumor,LIHC,1.064800468,4.181875635
TARGET-20-PAPWHS-09,,TCGA Tumor,LAML,-4.030816588,-12.27776773
TCGA-DK-A6B6-01,,TCGA Tumor,BLCA,-3.625001941,0.088382416
TCGA-75-7025-01,,TCGA Tumor,LUAD,-0.363406513,-2.824144672
TCGA-BR-4370-01,,TCGA Tumor,STAD,-4.381562266,-3.450723242
TCGA-2Y-A9H3-01,,TCGA Tumor,LIHC,0.539717209,3.656592299
TCGA-12-0616-01,,TCGA Tumor,GBM,1.590350476,-9.161028456
TCGA-F2-A44G-01,,TCGA Tumor,PAAD,-3.233111176,-2.740873169
TCGA-T2-A6X0-01,,TCGA Tumor,HNSC,-5.687606845,2.48202293
TCGA-HU-A4H6-01,,TCGA Tumor,STAD,-3.817917857,-3.692480635
TCGA-LN-A8HZ-01,,TCGA Tumor,ESCA,-5.792517695,2.457202841
TARGET-10-PAPDWT-04,,TCGA Tumor,Target-ALL,-8.221700225,-8.18333299
TCGA-RD-A7C1-01,,TCGA Tumor,STAD,-4.446538005,-3.480428289
TCGA-DQ-5629-01,,TCGA Tumor,HNSC,-5.358178649,2.259403397
TCGA-CU-A72E-01,,TCGA Tumor,BLCA,-6.015021357,1.568744827
TCGA-C8-A26W-01,,TCGA Tumor,BRCA,4.203947988,-1.824213694
TCGA-GM-A2DF-01,,TCGA Tumor,BRCA,0.990690198,-1.470852922
TCGA-2F-A9KR-01,,TCGA Tumor,BLCA,-3.724654708,0.096621711
TCGA-HZ-7923-01,,TCGA Tumor,PAAD,-2.309434685,-2.377634596
TCGA-RD-A7BW-01,,TCGA Tumor,STAD,-2.519042287,-1.892074417
TCGA-56-8309-01,,TCGA Tumor,LUSC,-5.237036261,0.763006259
TARGET-30-PANWRR-01,,TCGA Tumor,NB,2.71049067,12.96837084
TCGA-DU-A5TU-01,,TCGA Tumor,LGG,2.303724375,-10.48256166
TCGA-FR-A728-01,,TCGA Tumor,SKCM,5.849755254,3.408621479
TCGA-SB-A76C-01,,TCGA Tumor,TGCT,-1.93069366,5.466234614
TCGA-24-1471-01,,TCGA Tumor,OV,1.880986777,8.024676729
TCGA-DX-AATS-01,,TCGA Tumor,SARC,1.333748307,1.219201256
TCGA-77-8139-01,,TCGA Tumor,LUSC,-5.226439986,1.845965673
TCGA-HU-A4H2-01,,TCGA Tumor,STAD,-3.947894606,-3.698973249
TARGET-10-PARIAD-04,,TCGA Tumor,Target-ALL,-8.448914084,-8.393641065
TCGA-CR-7368-01,,TCGA Tumor,HNSC,-6.443724665,1.604543377
TCGA-D8-A1JH-01,,TCGA Tumor,BRCA,4.084712472,-1.823462557
TARGET-10-PARIAD-03,,TCGA Tumor,Target-ALL,-8.378783736,-8.331831526
TCGA-S9-A6WP-01,,TCGA Tumor,LGG,3.056008783,-10.56663759
TCGA-JV-A5VE-01,,TCGA Tumor,SARC,1.911954847,1.645976473
TARGET-20-PARMZF-09,,TCGA Tumor,LAML,-4.215928588,-12.03266199
TCGA-05-5429-01,,TCGA Tumor,LUAD,-3.123019728,-3.018631767
TCGA-QS-A744-01,,TCGA Tumor,UCEC,1.41779038,6.590743948
TCGA-97-7546-01,,TCGA Tumor,LUAD,-0.170815084,-3.089444231
TCGA-BJ-A3EZ-01,,TCGA Tumor,THCA,10.96362921,-0.416743677
TCGA-IG-A625-01,,TCGA Tumor,ESCA,-5.984097514,2.418176581
TCGA-A2-A3XT-01,,TCGA Tumor,BRCA,0.942468908,-1.489559006
TARGET-50-PAKRVH-01,,TCGA Tumor,WT,-4.641405616,7.776483942
TCGA-FT-A61P-01,,TCGA Tumor,BLCA,-3.44418529,-2.092473577
TCGA-VS-A9V1-01,,TCGA Tumor,CESC,-3.118357692,-2.627439808
TCGA-EY-A2ON-01,,TCGA Tumor,UCEC,1.273951676,6.595880438
TCGA-EJ-7781-01,,TCGA Tumor,PRAD,8.122807946,8.577207972
TCGA-AB-2912-03,,TCGA Tumor,LAML,-3.964497599,-12.24863965
TCGA-28-5215-01,,TCGA Tumor,GBM,1.301799801,-9.601362776
TCGA-G6-A5PC-01,,TCGA Tumor,KIRC,5.945530381,-5.905010771
TCGA-AO-A1KR-01,,TCGA Tumor,BRCA,0.665910717,-1.291434358
TCGA-CQ-A4C6-01,,TCGA Tumor,HNSC,-6.854753051,0.691527594
TCGA-FU-A3HZ-01,,TCGA Tumor,CESC,-1.511817488,-0.837324332
TCGA-BB-4223-01,,TCGA Tumor,HNSC,-5.853847537,1.965312053
TCGA-19-2620-01,,TCGA Tumor,GBM,1.178145077,-9.683887075
TARGET-30-PARHAM-02,,TCGA Tumor,NB,2.646190372,12.91327994
TCGA-GS-A9TQ-01,,TCGA Tumor,DLBC,-8.593308959,6.95770495
TARGET-10-PARGVZ-04,,TCGA Tumor,Target-ALL,-8.285980735,-8.250219892
TCGA-BP-4999-01,,TCGA Tumor,KIRC,6.279477086,-6.785573076
TCGA-EA-A78R-01,,TCGA Tumor,CESC,-5.993552241,1.271761347
TCGA-EL-A3T8-01,,TCGA Tumor,THCA,11.4726853,-0.038169842
TARGET-20-PASCCS-09,,TCGA Tumor,LAML,-5.461860213,-12.4324928
TCGA-S9-A6U5-01,,TCGA Tumor,LGG,3.094327417,-10.52696378
TCGA-EE-A3JI-06,,TCGA Tumor,SKCM,5.819483724,3.469921995
TCGA-XY-A8S2-01,,TCGA Tumor,TGCT,-1.704280886,5.20406859
TCGA-E2-A1IL-01,,TCGA Tumor,BRCA,4.024557796,-1.608676623
TCGA-BH-A1EW-01,,TCGA Tumor,BRCA,5.258735147,-1.485557627
TCGA-F5-6813-01,,TCGA Tumor,READ,-6.116864238,-3.768188785
TCGA-DK-A3IQ-01,,TCGA Tumor,BLCA,-3.866306815,-0.50476874
TCGA-JW-A5VG-01,,TCGA Tumor,CESC,-5.359394107,0.854999472
TCGA-SP-A6QJ-01,,TCGA Tumor,PCPG,-0.046358142,13.08638136
TCGA-CF-A1HR-01,,TCGA Tumor,BLCA,-3.67842916,0.118703489
TCGA-19-1389-02,,TCGA Tumor,GBM,1.320234385,-9.043785642
TCGA-C5-A1MJ-01,,TCGA Tumor,CESC,0.172752302,-2.138299536
TCGA-E9-A3Q9-01,,TCGA Tumor,BRCA,3.27011725,-1.27130432
TCGA-BH-A0DL-01,,TCGA Tumor,BRCA,-6.475582156,1.738212515
TCGA-QH-A6X8-01,,TCGA Tumor,LGG,3.140027013,-10.49970395
TCGA-DJ-A2Q7-01,,TCGA Tumor,THCA,11.57432887,0.115367879
TCGA-UZ-A9PJ-01,,TCGA Tumor,KIRP,-0.982694063,7.83951037
TARGET-30-PATEPF-01,,TCGA Tumor,NB,2.670095887,12.89107459
TCGA-99-7458-01,,TCGA Tumor,LUAD,-0.220937166,-3.144239734
TARGET-10-PAPJXI-09,,TCGA Tumor,Target-ALL,-8.398664031,-8.363694738
TCGA-M8-A5N4-01,,TCGA Tumor,PAAD,-3.254624877,-2.611200641
TCGA-AN-A0AL-01,,TCGA Tumor,BRCA,0.86449438,-1.37191708
TCGA-UY-A78N-01,,TCGA Tumor,BLCA,-3.785777602,-0.020228605
TCGA-EM-A3ST-01,,TCGA Tumor,THCA,11.53590724,0.765098323
TCGA-DX-A8BK-01,,TCGA Tumor,SARC,1.170552638,1.241800357
TCGA-67-3772-01,,TCGA Tumor,LUAD,-0.321581576,-2.788642954
TCGA-04-1514-01,,TCGA Tumor,OV,1.425005522,7.814965655
TCGA-B6-A0WW-01,,TCGA Tumor,BRCA,3.946728912,-1.667163085
TCGA-AB-2900-03,,TCGA Tumor,LAML,-3.901388678,-12.19599588
TCGA-AR-A1AI-01,,TCGA Tumor,BRCA,0.842862126,-1.469297599
TCGA-HE-7128-01,,TCGA Tumor,KIRP,-0.949025783,7.720645357
TCGA-CN-A63V-01,,TCGA Tumor,HNSC,-5.85888246,0.705864061
TCGA-HC-A631-01,,TCGA Tumor,PRAD,8.374416318,8.276065279
TCGA-OL-A5RZ-01,,TCGA Tumor,BRCA,5.419443097,-1.500655125
TCGA-HT-7610-01,,TCGA Tumor,LGG,2.822798696,-9.749000143
TCGA-CR-7397-01,,TCGA Tumor,HNSC,-6.386537585,0.38060226
TCGA-85-7710-01,,TCGA Tumor,LUSC,-5.145683322,1.15827768
TCGA-D9-A3Z1-06,,TCGA Tumor,SKCM,5.991482225,3.6164109
TCGA-D8-A1JL-01,,TCGA Tumor,BRCA,0.813702073,-1.502326201
TCGA-F9-A97G-01,,TCGA Tumor,KIRP,-0.781200323,7.526844431
TCGA-05-4395-01,,TCGA Tumor,LUAD,-1.111589584,-2.012809347
TARGET-50-PAECJB-01,,TCGA Tumor,WT,-4.545829806,7.671466757
TCGA-HT-7875-01,,TCGA Tumor,LGG,2.972108808,-9.999188017
TCGA-HC-A6AQ-01,,TCGA Tumor,PRAD,7.694056955,9.227416445
TCGA-AB-2942-03,,TCGA Tumor,LAML,-4.715082679,-11.53793962
TCGA-A7-A0DB-01,,TCGA Tumor,BRCA,3.302047458,-1.260276746
TARGET-50-PAJMFY-01,,TCGA Tumor,WT,-4.624739203,7.76021998
TCGA-ZF-AA56-01,,TCGA Tumor,BLCA,-5.561389956,1.724533368
TARGET-10-PANWHJ-09,,TCGA Tumor,Target-ALL,-8.229904685,-8.195784162
TCGA-DX-AB35-01,,TCGA Tumor,SARC,1.244251516,1.715056945
TCGA-CN-6023-01,,TCGA Tumor,HNSC,-5.288440261,2.479757715
TCGA-S8-A6BV-01,,TCGA Tumor,ESCA,-4.841561351,-2.89906032
TCGA-AK-3440-01,,TCGA Tumor,KIRC,-3.557777676,5.106796194
TCGA-22-4595-01,,TCGA Tumor,LUSC,-6.006170306,1.031007279
TCGA-AZ-4684-01,,TCGA Tumor,COAD,-5.807258639,-3.658872675
TCGA-AK-3425-01,,TCGA Tumor,KIRC,6.103157487,-5.832511972
TCGA-56-5898-01,,TCGA Tumor,LUSC,-5.56000093,2.459736515
TCGA-19-2624-01,,TCGA Tumor,GBM,1.620320883,-9.206509184
TCGA-AX-A3GB-01,,TCGA Tumor,UCEC,1.535403934,6.454893519
TCGA-AR-A1AV-01,,TCGA Tumor,BRCA,4.927684274,-1.415996026
TARGET-10-PANFNZ-03,,TCGA Tumor,Target-ALL,-8.194055114,-8.160897802
TCGA-SX-A71S-01,,TCGA Tumor,KIRP,-0.978576813,7.829432417
TCGA-39-5034-01,,TCGA Tumor,LUSC,-0.865812812,-1.918970059
TCGA-C5-A8YT-01,,TCGA Tumor,CESC,1.382828083,6.62982123
TCGA-CV-6953-01,,TCGA Tumor,HNSC,-6.514724765,0.23920304
TCGA-DD-A4NN-01,,TCGA Tumor,LIHC,0.422886592,3.555756498
TCGA-4Z-AA7Y-01,,TCGA Tumor,BLCA,-3.612504515,0.149483521
TCGA-ET-A39N-01,,TCGA Tumor,THCA,11.60649821,0.831614007
TCGA-FV-A496-01,,TCGA Tumor,LIHC,0.952547875,4.221806933
TCGA-2Z-A9JE-01,,TCGA Tumor,KIRP,-0.835740003,7.666429449
TCGA-N7-A4Y0-01,,TCGA Tumor,UCS,1.051319149,1.15850382
TCGA-HD-A633-01,,TCGA Tumor,HNSC,-6.506450209,0.646432806
TCGA-D8-A1JC-01,,TCGA Tumor,BRCA,4.072197881,-1.903038334
TCGA-BF-A3DM-01,,TCGA Tumor,SKCM,5.456502881,3.361460377
TCGA-ZX-AA5X-01,,TCGA Tumor,CESC,-6.396565947,1.402689625
TCGA-5M-AAT6-01,,TCGA Tumor,COAD,-4.48860744,-3.340333055
TCGA-B0-4842-01,,TCGA Tumor,KIRC,5.989448991,-5.273117613
TCGA-30-1861-01,,TCGA Tumor,OV,1.341877129,7.813789297
TCGA-R8-A73M-01,,TCGA Tumor,LGG,3.093912568,-10.51476915
TCGA-EW-A1OW-01,,TCGA Tumor,BRCA,1.050422337,-1.548597168
TCGA-58-A46K-01,,TCGA Tumor,LUSC,-5.242924723,2.418132473
TCGA-DD-AAEH-01,,TCGA Tumor,LIHC,1.223178473,3.880565096
TARGET-10-PANDWE-03,,TCGA Tumor,Target-ALL,-8.175425086,-8.143911909
TCGA-02-0047-01,,TCGA Tumor,GBM,1.408507791,-9.296353887
TCGA-B6-A2IU-01,,TCGA Tumor,BRCA,5.315550771,-1.50798304
TCGA-XK-AAIR-01,,TCGA Tumor,PRAD,8.926297631,8.389579226
TCGA-91-7771-01,,TCGA Tumor,LUAD,-0.810768041,-2.335137676
TCGA-C8-A137-01,,TCGA Tumor,BRCA,4.131378856,-0.901462268
TCGA-DJ-A2PR-01,,TCGA Tumor,THCA,11.25660845,-0.281764578
TCGA-IG-A4P3-01,,TCGA Tumor,ESCA,-6.289571318,1.847768236
TCGA-B0-5107-01,,TCGA Tumor,KIRC,6.012056318,-5.476180147
TCGA-AB-2877-03,,TCGA Tumor,LAML,-4.815285716,-11.46891839
TCGA-29-2414-01,,TCGA Tumor,OV,1.339465645,7.847646643
TARGET-50-PAJMEN-01,,TCGA Tumor,WT,-4.595750842,7.729095865
TCGA-55-6984-01,,TCGA Tumor,LUAD,-3.243049893,-2.894593548
TCGA-C8-A1HN-01,,TCGA Tumor,BRCA,5.567825761,-1.604177188
TCGA-DX-AB3B-01,,TCGA Tumor,SARC,0.130621549,0.869409252
TCGA-ET-A39K-01,,TCGA Tumor,THCA,11.3070912,-0.223033469
TARGET-50-PAJNVE-01,,TCGA Tumor,WT,-4.6627498,7.801381041
TCGA-S9-A6TS-01,,TCGA Tumor,LGG,2.328016963,-10.46172674
TCGA-S9-A6TW-01,,TCGA Tumor,LGG,3.093364444,-10.44263036
TCGA-XC-AA0X-01,,TCGA Tumor,LUSC,-5.660033736,2.4599468
TCGA-BR-8369-01,,TCGA Tumor,STAD,-2.7411311,-1.998671125
TCGA-QR-A700-01,,TCGA Tumor,PCPG,0.041910079,12.99838965
TCGA-G2-A2EK-01,,TCGA Tumor,BLCA,-3.69655374,0.107531842
TCGA-CD-A489-01,,TCGA Tumor,STAD,-2.524877105,-1.885914039
TCGA-E2-A1L8-01,,TCGA Tumor,BRCA,3.85501596,-1.66385002
TCGA-IB-AAUU-01,,TCGA Tumor,PAAD,-2.894975695,-2.601455044
TCGA-FD-A3SO-01,,TCGA Tumor,BLCA,-5.11241487,0.54046597
TARGET-30-PATAYJ-01,,TCGA Tumor,NB,2.705593314,12.95918028
TCGA-BP-4344-01,,TCGA Tumor,KIRC,6.350459542,-6.439609598
TCGA-G4-6302-01,,TCGA Tumor,COAD,-2.70039514,-1.970318865
TCGA-09-1665-01,,TCGA Tumor,OV,2.09503397,8.225403238
TCGA-V1-A9Z9-01,,TCGA Tumor,PRAD,8.718866792,8.157903124
TCGA-KL-8340-01,,TCGA Tumor,KICH,-3.538669619,5.110416342
TCGA-XE-A8H4-01,,TCGA Tumor,TGCT,-1.956182751,5.497108389
TCGA-50-8459-01,,TCGA Tumor,LUAD,-3.004300151,-2.483618807
TARGET-50-PAJNZS-01,,TCGA Tumor,WT,-4.621485266,7.756360937
TCGA-XU-A92Y-01,,TCGA Tumor,THYM,-10.94446901,5.956567694
TCGA-BP-4988-01,,TCGA Tumor,KIRC,6.221731153,-5.394530844
TCGA-2Z-A9JR-01,,TCGA Tumor,KIRP,-1.0040876,7.821351935
TCGA-F4-6570-01,,TCGA Tumor,COAD,-4.683195147,-3.63405187
TCGA-E3-A3DY-01,,TCGA Tumor,THCA,11.13994357,-0.362102072
TCGA-DD-A3A3-01,,TCGA Tumor,LIHC,0.355482228,3.531943251
TCGA-A7-A26J-01,,TCGA Tumor,BRCA,3.340214696,-1.277337264
TCGA-YG-AA3O-06,,TCGA Tumor,SKCM,6.006531205,3.636170317
TCGA-YL-A8SR-01,,TCGA Tumor,PRAD,8.760107484,8.200645853
TCGA-98-8023-01,,TCGA Tumor,LUSC,-5.212498221,1.020876397
TCGA-EE-A181-06,,TCGA Tumor,SKCM,5.884927716,3.716456581
TCGA-BH-A0E7-01,,TCGA Tumor,BRCA,5.320416417,-1.461636018
TCGA-39-5029-01,,TCGA Tumor,LUSC,-5.41511682,1.635714341
TCGA-EJ-A8FP-01,,TCGA Tumor,PRAD,9.119562593,8.243524004
TCGA-P5-A72U-01,,TCGA Tumor,LGG,1.306355801,-9.851778578
TARGET-10-PANSDA-09,,TCGA Tumor,Target-ALL,-8.355665717,-8.314591955
TCGA-BP-4353-01,,TCGA Tumor,KIRC,6.184276548,-5.57875831
TARGET-10-PANSDA-04,,TCGA Tumor,Target-ALL,-8.35428575,-8.382844519
TCGA-RB-A7B8-01,,TCGA Tumor,PAAD,-3.030574355,-2.598192762
TCGA-TT-A6YP-01,,TCGA Tumor,PCPG,0.21813057,12.80234473
TCGA-CV-A6JO-01,,TCGA Tumor,HNSC,-6.865061793,0.690104235
TCGA-24-1928-01,,TCGA Tumor,OV,1.5794377,7.870447565
TCGA-VS-A958-01,,TCGA Tumor,CESC,-6.349967036,1.801330258
TCGA-BR-A4QI-01,,TCGA Tumor,STAD,-4.482300315,-3.520921301
TCGA-55-7910-01,,TCGA Tumor,LUAD,-0.76050559,-2.292275976
TCGA-IM-A420-01,,TCGA Tumor,THCA,10.91701552,-0.237412613
TCGA-B0-5693-01,,TCGA Tumor,KIRC,6.35231587,-6.346493315
TCGA-FS-A1ZH-06,,TCGA Tumor,SKCM,5.028140035,3.426786114
TCGA-69-7980-01,,TCGA Tumor,LUAD,-0.387065682,-2.769132685
TCGA-J4-A67S-01,,TCGA Tumor,PRAD,7.71543118,9.195759226
TCGA-77-7465-01,,TCGA Tumor,LUSC,-5.153562579,0.945131112
TCGA-WC-A882-01,,TCGA Tumor,UVM,6.694288221,4.411307741
TCGA-AQ-A54N-01,,TCGA Tumor,BRCA,0.990804758,-1.434992265
TCGA-GS-A9TU-01,,TCGA Tumor,DLBC,-8.578415427,6.92938893
TCGA-HT-7606-01,,TCGA Tumor,LGG,2.166403856,-10.77947481
TCGA-DJ-A2PV-01,,TCGA Tumor,THCA,11.59317156,0.115604457
TCGA-4Z-AA7M-01,,TCGA Tumor,BLCA,-3.562478337,-0.225510131
TCGA-BL-A3JM-01,,TCGA Tumor,BLCA,-1.52986947,-0.833889734
TCGA-ZF-AA4U-01,,TCGA Tumor,BLCA,-3.681349311,0.11147666
TCGA-ZF-AA53-01,,TCGA Tumor,BLCA,-5.744959388,0.61633103
TCGA-CF-A9FF-01,,TCGA Tumor,BLCA,-3.630034003,0.098804679
TCGA-77-8131-01,,TCGA Tumor,LUSC,-6.100961718,1.020557572
TCGA-DJ-A3VK-01,,TCGA Tumor,THCA,11.6004357,0.82417642
TCGA-AJ-A2QO-01,,TCGA Tumor,UCEC,1.487381306,6.501544405
TCGA-VQ-A8DU-01,,TCGA Tumor,STAD,-3.678817782,-2.475586962
TCGA-XE-AANV-01,,TCGA Tumor,TGCT,-1.92668632,5.465583254
TCGA-AJ-A3NG-01,,TCGA Tumor,UCEC,1.461884942,6.534867693
TCGA-JY-A6FE-01,,TCGA Tumor,ESCA,-0.229231987,1.392716337
TCGA-D8-A73U-01,,TCGA Tumor,BRCA,4.095842328,-1.151886057
TCGA-EL-A4KD-01,,TCGA Tumor,THCA,11.49172732,0.523729284
TCGA-D8-A27N-01,,TCGA Tumor,BRCA,5.062012639,-1.288652729
TCGA-AB-2876-03,,TCGA Tumor,LAML,-4.963560614,-11.45646531
TCGA-24-2262-01,,TCGA Tumor,OV,1.653332319,7.968924929
TCGA-G7-A8LE-01,,TCGA Tumor,KIRP,-0.981388006,7.823597361
TCGA-FE-A238-01,,TCGA Tumor,THCA,11.04738471,-0.496184896
TCGA-LL-A8F5-01,,TCGA Tumor,BRCA,0.359585155,-0.643290948
TCGA-DQ-7595-01,,TCGA Tumor,HNSC,-6.199426207,2.096731831
TCGA-LN-A7HW-01,,TCGA Tumor,ESCA,-5.382896933,2.281581808
TCGA-22-5472-01,,TCGA Tumor,LUSC,-5.816720042,1.52545755
TCGA-CR-7371-01,,TCGA Tumor,HNSC,-5.89163259,2.332950522
TCGA-XJ-A9DK-01,,TCGA Tumor,PRAD,9.145372834,8.282568384
TCGA-L5-A88Z-01,,TCGA Tumor,ESCA,-6.035725627,2.40710776
TCGA-09-1661-01,,TCGA Tumor,OV,1.36990377,7.904222895
TCGA-DK-A3IV-01,,TCGA Tumor,BLCA,-3.644228015,-0.513006281
TCGA-BP-4174-01,,TCGA Tumor,KIRC,6.1751475,-6.315384935
TCGA-CV-5973-01,,TCGA Tumor,HNSC,-6.518003497,0.36694013
TCGA-WE-A8K5-06,,TCGA Tumor,SKCM,5.874112096,3.562800814
TCGA-KS-A4I7-01,,TCGA Tumor,THCA,11.23609778,-0.27721725
TCGA-FJ-A3Z9-01,,TCGA Tumor,BLCA,-3.642166171,0.055476987
TCGA-C8-A8HP-01,,TCGA Tumor,BRCA,4.489691701,-1.200781773
TCGA-DU-6408-01,,TCGA Tumor,LGG,2.300359931,-10.57666643
TCGA-XU-A92V-01,,TCGA Tumor,THYM,-11.04619459,5.904205729
TCGA-CV-A6K1-01,,TCGA Tumor,HNSC,-6.28987268,0.140369896
TCGA-2G-AALR-01,,TCGA Tumor,TGCT,-4.904735598,-1.965963911
TCGA-CN-5358-01,,TCGA Tumor,HNSC,-6.37721971,0.181056802
TCGA-BH-A6R8-01,,TCGA Tumor,BRCA,5.687009301,-1.618845056
TCGA-AK-3426-01,,TCGA Tumor,KIRC,6.25155541,-5.312557768
TCGA-FR-A3R1-01,,TCGA Tumor,SKCM,5.839597192,3.473874737
TCGA-BH-A202-01,,TCGA Tumor,BRCA,4.446902242,-1.096583079
TCGA-19-0957-02,,TCGA Tumor,GBM,1.605451908,-9.162832807
TCGA-EB-A430-01,,TCGA Tumor,SKCM,5.893566098,3.531124283
TCGA-XF-AAMT-01,,TCGA Tumor,BLCA,-5.216873202,0.995102752
TCGA-FG-5964-01,,TCGA Tumor,LGG,3.028234449,-10.25373323
TARGET-50-PAKXWB-01,,TCGA Tumor,WT,-4.587639365,7.720138003
TCGA-77-8150-01,,TCGA Tumor,LUSC,-5.348636184,2.464312483
TCGA-DQ-7588-01,,TCGA Tumor,HNSC,-6.874320063,0.625309397
TCGA-D3-A2JP-06,,TCGA Tumor,SKCM,5.337738481,3.502714087
TCGA-13-1498-01,,TCGA Tumor,OV,1.612938252,7.944645334
TARGET-10-PANLIC-09,,TCGA Tumor,Target-ALL,-8.41472486,-8.365636419
TCGA-CE-A13K-01,,TCGA Tumor,THCA,11.59178778,0.147042033
TCGA-50-5939-01,,TCGA Tumor,LUAD,-1.08760551,-1.979296755
TCGA-OL-A5RY-01,,TCGA Tumor,BRCA,0.782525,-1.061531257
TCGA-78-7143-01,,TCGA Tumor,LUAD,-0.160130713,-3.108056377
TCGA-XF-A8HB-01,,TCGA Tumor,BLCA,-3.845294509,0.194877152
TCGA-EM-A1CT-01,,TCGA Tumor,THCA,10.980329,-0.595033001
TCGA-CR-7390-01,,TCGA Tumor,HNSC,-6.330451999,1.375791479
TCGA-DB-A64Q-01,,TCGA Tumor,LGG,3.01842114,-10.54602392
TCGA-BP-4795-01,,TCGA Tumor,KIRC,0.927839782,6.613393236
TCGA-BT-A0S7-01,,TCGA Tumor,BLCA,-5.359662566,0.783448626
TCGA-S9-A7IZ-01,,TCGA Tumor,LGG,2.35060009,-10.36722524
TCGA-CN-5364-01,,TCGA Tumor,HNSC,-6.550787482,1.007640589
TARGET-30-PANYGR-01,,TCGA Tumor,NB,2.655334201,12.89577525
TCGA-S9-A6WH-01,,TCGA Tumor,LGG,3.207687106,-10.50607641
TCGA-75-5126-01,,TCGA Tumor,LUAD,0.01568937,-2.843696426
TCGA-HT-7602-01,,TCGA Tumor,LGG,2.368722406,-10.52778394
TCGA-FC-A66V-01,,TCGA Tumor,PRAD,9.272479501,8.182208468
TCGA-HV-A5A4-01,,TCGA Tumor,PAAD,-3.17534903,-2.744988035
TCGA-DU-7304-02,,TCGA Tumor,LGG,1.920598831,-9.416754316
TCGA-OL-A66I-01,,TCGA Tumor,BRCA,0.958900717,-1.568996977
TARGET-30-PASWVY-01,,TCGA Tumor,NB,2.722514596,12.97561495
TCGA-VS-A8EL-01,,TCGA Tumor,CESC,-6.261005435,1.30148976
TCGA-BP-4346-01,,TCGA Tumor,KIRC,6.067220178,-6.644245218
TCGA-YL-A8HL-01,,TCGA Tumor,PRAD,7.733558145,9.174889017
TCGA-FD-A5C1-01,,TCGA Tumor,BLCA,-5.25229362,0.721312929
TCGA-FE-A233-01,,TCGA Tumor,THCA,10.99349638,-0.605535399
TCGA-50-6594-01,,TCGA Tumor,LUAD,0.074548629,-2.760661672
TCGA-ER-A195-06,,TCGA Tumor,SKCM,5.003278222,3.402751137
TCGA-A4-7287-01,,TCGA Tumor,KIRP,-3.764968428,0.093983241
TCGA-DX-A1KX-01,,TCGA Tumor,SARC,1.271034565,1.709901858
TARGET-20-PARZWH-09,,TCGA Tumor,LAML,-4.889286074,-11.42597349
TCGA-HT-7858-01,,TCGA Tumor,LGG,2.250977483,-10.9564491
TCGA-CV-7438-01,,TCGA Tumor,HNSC,-6.322236094,0.485663046
TCGA-2G-AAFV-01,,TCGA Tumor,TGCT,-4.882404361,-1.896953772
TCGA-CQ-6222-01,,TCGA Tumor,HNSC,-6.414729152,0.17905492
TCGA-C8-A12V-01,,TCGA Tumor,BRCA,0.923893001,-1.402465175
TCGA-46-3765-01,,TCGA Tumor,LUSC,-5.33053926,2.46625321
TCGA-32-1982-01,,TCGA Tumor,GBM,1.361609068,-9.203434538
TCGA-A7-A26E-01,,TCGA Tumor,BRCA,3.334185329,-1.259190749
TCGA-G5-6572-01,,TCGA Tumor,READ,-6.037076983,-3.387746166
TCGA-G5-6572-02,,TCGA Tumor,READ,0.552378368,3.600237299
TCGA-S9-A6WD-01,,TCGA Tumor,LGG,3.102096524,-10.52045019
TCGA-AO-A03N-01,,TCGA Tumor,BRCA,3.837223735,-1.566079925
TCGA-MP-A5C7-01,,TCGA Tumor,LUAD,-0.573125336,-2.92975099
TARGET-50-PAJNCJ-01,,TCGA Tumor,WT,-4.59037641,7.724903036
TCGA-KK-A8ID-01,,TCGA Tumor,PRAD,8.373013463,8.270540644
TCGA-B0-5094-01,,TCGA Tumor,KIRC,6.132530656,-5.338134359
TCGA-DX-A48N-01,,TCGA Tumor,SARC,1.265467134,1.706922461
TCGA-MH-A855-01,,TCGA Tumor,KIRP,-0.761742506,7.553452421
TCGA-EE-A2A2-06,,TCGA Tumor,SKCM,5.977797952,3.509923149
TCGA-ZP-A9D4-01,,TCGA Tumor,LIHC,1.354336944,3.833729674
TCGA-CE-A3MD-01,,TCGA Tumor,THCA,11.36736342,0.385172028
TCGA-44-5645-01,,TCGA Tumor,LUAD,-0.24763498,-2.617711376
TCGA-BH-A0HO-01,,TCGA Tumor,BRCA,4.195767369,-1.864127468
TCGA-CV-A45U-01,,TCGA Tumor,HNSC,-5.649744544,2.374071289
TCGA-WB-A81G-01,,TCGA Tumor,PCPG,0.132878807,12.89700739
TCGA-24-2267-01,,TCGA Tumor,OV,1.720247474,8.449307848
TCGA-NH-A6GA-01,,TCGA Tumor,COAD,-5.673408541,-3.415512394
TARGET-21-PANVPB-09,,TCGA Tumor,LAML,-5.036606345,-11.81295926
TCGA-UF-A719-01,,TCGA Tumor,HNSC,-6.160058055,2.212571789
TCGA-AR-A1AN-01,,TCGA Tumor,BRCA,3.777362313,-1.662605118
TCGA-04-1362-01,,TCGA Tumor,OV,1.795331803,8.483375002
TCGA-VF-A8AB-01,,TCGA Tumor,TGCT,-1.948731932,5.486846853
TCGA-HC-8260-01,,TCGA Tumor,PRAD,7.772131887,9.152948786
TCGA-CQ-6224-01,,TCGA Tumor,HNSC,-6.184152159,0.445757766
TCGA-A8-A09X-01,,TCGA Tumor,BRCA,4.103096214,-0.901749145
TCGA-HT-7860-01,,TCGA Tumor,LGG,1.242864516,-9.934616636
TCGA-61-1911-01,,TCGA Tumor,OV,1.768032756,8.440953661
TCGA-AR-A254-01,,TCGA Tumor,BRCA,4.322291579,-1.035703729
TCGA-EJ-8472-01,,TCGA Tumor,PRAD,7.78915402,9.117083956
TCGA-AA-3655-01,,TCGA Tumor,COAD,-6.128488097,-3.667217087
TCGA-DU-7006-01,,TCGA Tumor,LGG,1.399727252,-9.039444517
TCGA-67-6217-01,,TCGA Tumor,LUAD,-0.311359737,-3.055169176
TCGA-50-5935-01,,TCGA Tumor,LUAD,-0.430653009,-2.830123972
TCGA-NA-A5I1-01,,TCGA Tumor,UCS,-3.956196818,6.757350851
TCGA-55-7914-01,,TCGA Tumor,LUAD,-0.176478598,-2.774384569
TARGET-20-PARCUK-09,,TCGA Tumor,LAML,-3.871149096,-12.35337121
TCGA-C5-A2LZ-01,,TCGA Tumor,CESC,-6.328752074,1.77152865
TCGA-G8-6906-01,,TCGA Tumor,DLBC,-8.585460219,6.950237681
TCGA-DX-A7ES-01,,TCGA Tumor,SARC,1.191483822,1.202398707
TCGA-BH-A0HL-01,,TCGA Tumor,BRCA,5.986652818,-1.649496387
TARGET-10-PAPAGK-09,,TCGA Tumor,Target-ALL,-8.373512778,-8.332645964
TARGET-10-PAPAGK-04,,TCGA Tumor,Target-ALL,-8.232452903,-8.200087141
TARGET-30-PANGXK-01,,TCGA Tumor,NB,0.301396076,12.76413672
TCGA-DX-A6BF-01,,TCGA Tumor,SARC,1.297002521,1.344352771
TCGA-HU-A4GF-01,,TCGA Tumor,STAD,-5.582481894,-3.585569691
TCGA-A6-6652-01,,TCGA Tumor,COAD,-5.92822555,-3.497922491
TCGA-85-A50M-01,,TCGA Tumor,LUSC,-5.082151923,0.656599332
TCGA-DS-A0VM-01,,TCGA Tumor,CESC,-5.319824252,1.362519551
TCGA-KN-8437-01,,TCGA Tumor,KICH,-3.451938901,5.033658911
TCGA-CQ-7065-01,,TCGA Tumor,HNSC,-6.877266917,0.63738345
TCGA-QK-AA3K-01,,TCGA Tumor,HNSC,0.91954216,0.831876386
TCGA-VS-A950-01,,TCGA Tumor,CESC,-6.385385546,1.27469616
TCGA-P5-A77X-01,,TCGA Tumor,LGG,2.986758437,-9.988030981
TCGA-AC-A3HN-01,,TCGA Tumor,BRCA,4.233219114,-1.411193203
TCGA-A3-A6NJ-01,,TCGA Tumor,KIRC,6.352005449,-6.631523203
TCGA-55-7576-01,,TCGA Tumor,LUAD,-0.15616456,-3.104809831
TCGA-IR-A3LK-01,,TCGA Tumor,CESC,-6.039173636,1.212339927
TCGA-BH-A0H7-01,,TCGA Tumor,BRCA,3.920778003,-1.425332974
TCGA-ED-A7XO-01,,TCGA Tumor,LIHC,0.857698556,4.158501555
TARGET-50-PALDWP-01,,TCGA Tumor,WT,-4.636969123,7.771699358
TCGA-DC-6155-01,,TCGA Tumor,READ,-6.213532481,0.086661406
TCGA-DU-7009-01,,TCGA Tumor,LGG,2.980183091,-9.988030027
TCGA-GL-A4EM-01,,TCGA Tumor,KIRP,5.58217856,-5.207713198
TCGA-AC-A6IW-01,,TCGA Tumor,BRCA,0.731077072,-1.34062631
TCGA-ER-A199-06,,TCGA Tumor,SKCM,5.501907315,3.651045967
TCGA-AB-2898-03,,TCGA Tumor,LAML,-4.782307658,-11.42373807
TCGA-JY-A938-01,,TCGA Tumor,ESCA,-3.001573834,-2.31365354
TCGA-DX-A48J-01,,TCGA Tumor,SARC,1.940869775,1.55043881
TCGA-UF-A71A-06,,TCGA Tumor,HNSC,-5.282773528,2.368114639
TCGA-BM-6198-01,,TCGA Tumor,READ,-6.010437999,-3.757968973
TCGA-ZP-A9D0-01,,TCGA Tumor,LIHC,1.04509553,4.172831465
TCGA-KK-A6E5-01,,TCGA Tumor,PRAD,9.091388192,8.194272448
TCGA-EE-A2A6-06,,TCGA Tumor,SKCM,5.618466821,3.54535215
TCGA-JY-A6FD-01,,TCGA Tumor,ESCA,-6.497750315,0.59798633
TCGA-44-2666-01,,TCGA Tumor,LUAD,-0.06390557,-1.99824674
TCGA-X7-A8M7-01,,TCGA Tumor,THYM,-10.90429643,6.038414408
TCGA-2G-AALZ-01,,TCGA Tumor,TGCT,4.915626493,3.605229546
TCGA-BF-A1PU-01,,TCGA Tumor,SKCM,5.994337526,3.697542359
TCGA-55-7284-01,,TCGA Tumor,LUAD,-3.249088559,-2.735065054
TCGA-BP-4781-01,,TCGA Tumor,KIRC,6.181302514,-5.478709768
TCGA-EO-A3AV-01,,TCGA Tumor,UCEC,1.214853015,6.648157049
TCGA-DJ-A3UO-01,,TCGA Tumor,THCA,11.50939604,-0.01212712
TCGA-06-0747-01,,TCGA Tumor,GBM,1.226455476,-9.885067533
TCGA-DS-A1OC-01,,TCGA Tumor,CESC,-5.795748267,1.534316469
TCGA-DU-7010-01,,TCGA Tumor,LGG,1.532924857,-9.381760191
TCGA-73-4676-01,,TCGA Tumor,LUAD,-0.020539526,-2.970830034
TCGA-D3-A2JE-06,,TCGA Tumor,SKCM,5.191478696,3.523727585
TCGA-55-8616-01,,TCGA Tumor,LUAD,-0.411704275,-2.898851465
TCGA-VD-AA8N-01,,TCGA Tumor,UVM,6.697118249,4.413772513
TCGA-C5-A3HE-01,,TCGA Tumor,CESC,-0.271301422,-3.57986195
TCGA-QH-A6X3-01,,TCGA Tumor,LGG,2.28701004,-10.97182424
TCGA-CR-7386-01,,TCGA Tumor,HNSC,-6.634096179,0.424225051
TCGA-D9-A6EA-06,,TCGA Tumor,SKCM,5.734607187,3.613978554
TCGA-FD-A3B4-01,,TCGA Tumor,BLCA,-6.541862998,0.579341043
TCGA-20-0991-01,,TCGA Tumor,OV,1.73836824,8.49574988
TCGA-DU-8164-01,,TCGA Tumor,LGG,2.985035625,-9.980827879
TCGA-OL-A6VO-01,,TCGA Tumor,BRCA,0.910744634,-1.531511854
TCGA-AC-A23E-01,,TCGA Tumor,BRCA,3.823653188,-1.66437013
TARGET-20-PATJHJ-40,,TCGA Tumor,LAML,-8.386023078,-8.356601309
TCGA-DX-A2J4-01,,TCGA Tumor,SARC,1.275058832,1.225871731
TCGA-CV-6936-01,,TCGA Tumor,HNSC,-6.39111999,0.770737041
TCGA-IN-A6RS-01,,TCGA Tumor,STAD,-5.712274585,-3.59122784
TCGA-30-1853-01,,TCGA Tumor,OV,1.281323996,7.756712366
TCGA-78-7166-01,,TCGA Tumor,LUAD,-1.235265407,-2.258948635
TCGA-LK-A4O5-01,,TCGA Tumor,MESO,-0.153403494,1.537152101
TCGA-BJ-A45K-01,,TCGA Tumor,THCA,11.5645909,0.827634681
TCGA-A2-A0CU-01,,TCGA Tumor,BRCA,5.537827459,-1.628756117
TCGA-83-5908-01,,TCGA Tumor,LUAD,-0.07441971,-2.703639101
TCGA-IG-A6QS-01,,TCGA Tumor,ESCA,-5.427841697,1.188127805
TCGA-MA-AA3W-01,,TCGA Tumor,CESC,-5.752364669,1.607452561
TCGA-50-5049-01,,TCGA Tumor,LUAD,0.043271419,-2.603088211
TCGA-G9-6370-01,,TCGA Tumor,PRAD,9.257813897,8.209771563
TCGA-X7-A8DD-01,,TCGA Tumor,THYM,-10.86809686,6.064733912
TCGA-IG-A7DP-01,,TCGA Tumor,ESCA,-2.691327843,-1.937225412
TCGA-IQ-7631-01,,TCGA Tumor,HNSC,-5.490387473,0.953669478
TCGA-EE-A3J8-06,,TCGA Tumor,SKCM,5.112621274,3.484006096
TCGA-L5-A4OI-01,,TCGA Tumor,ESCA,-4.679285083,-3.544790815
TCGA-D3-A8GS-06,,TCGA Tumor,SKCM,5.783405271,3.471624066
TCGA-55-8506-01,,TCGA Tumor,LUAD,-0.434722516,-2.973708223
TCGA-CN-6012-01,,TCGA Tumor,HNSC,-6.096175704,2.344533135
TCGA-A8-A09W-01,,TCGA Tumor,BRCA,4.603655782,-1.415738653
TCGA-AX-A2IN-01,,TCGA Tumor,UCEC,-1.31651834,-0.710101913
TCGA-29-1707-02,,TCGA Tumor,OV,1.808757391,8.598690439
TCGA-B6-A0IM-01,,TCGA Tumor,BRCA,5.670290437,-1.710617017
TCGA-44-3396-01,,TCGA Tumor,LUAD,-0.035313073,-2.961615394
TCGA-X7-A8M8-01,,TCGA Tumor,THYM,-10.90677217,6.035205771
TCGA-HU-A4GU-01,,TCGA Tumor,STAD,-5.526630435,-3.55676205
TCGA-BP-5010-01,,TCGA Tumor,KIRC,6.27390429,-5.328810762
TCGA-B0-5116-01,,TCGA Tumor,KIRC,6.270880666,-5.576642107
TCGA-RY-A843-01,,TCGA Tumor,LGG,2.833424058,-9.820634436
TCGA-24-2289-01,,TCGA Tumor,OV,1.799734202,7.948272635
TCGA-97-8172-01,,TCGA Tumor,LUAD,-0.37454519,-2.768819164
TCGA-A2-A1FX-01,,TCGA Tumor,BRCA,5.675908056,-1.695384811
TCGA-N5-A59E-01,,TCGA Tumor,UCS,1.423989382,7.150503088
TCGA-A4-7732-01,,TCGA Tumor,KIRP,-0.895855222,7.785206724
TCGA-DU-7014-01,,TCGA Tumor,LGG,3.022629228,-10.59220273
TCGA-BR-4366-01,,TCGA Tumor,STAD,0.617384073,4.025111843
TCGA-BH-A1F0-01,,TCGA Tumor,BRCA,0.922532048,-1.416138004
TCGA-HT-7693-01,,TCGA Tumor,LGG,2.25657424,-10.96261365
TCGA-AC-A5EH-01,,TCGA Tumor,BRCA,4.105633226,-0.904942881
TCGA-F4-6459-01,,TCGA Tumor,COAD,-6.041236434,-3.337369512
TCGA-4Z-AA86-01,,TCGA Tumor,BLCA,-5.302160773,0.717736472
TCGA-JY-A6FH-01,,TCGA Tumor,ESCA,-3.59364346,-3.190512489
TCGA-4V-A9QN-01,,TCGA Tumor,THYM,-5.930683169,1.440278817
TCGA-BP-4161-01,,TCGA Tumor,KIRC,6.226786103,-6.78200538
TCGA-EM-A22J-01,,TCGA Tumor,THCA,11.40057417,0.960302044
TCGA-NG-A4VU-01,,TCGA Tumor,UCS,-3.955086264,6.751235415
TCGA-85-8481-01,,TCGA Tumor,LUSC,-5.533573661,1.294330765
TCGA-B0-5098-01,,TCGA Tumor,KIRC,-0.653945002,7.536580015
TCGA-MK-A84Z-01,,TCGA Tumor,THCA,11.55633208,0.819416989
TCGA-T9-A92H-01,,TCGA Tumor,COAD,-5.696530852,-3.773142885
TARGET-10-PARAKF-04,,TCGA Tumor,Target-ALL,-8.207971129,-8.180979322
TCGA-PR-A5PH-01,,TCGA Tumor,PCPG,-0.021670166,13.04495185
TCGA-50-6597-01,,TCGA Tumor,LUAD,-0.194090459,-3.019871305
TCGA-69-8255-01,,TCGA Tumor,LUAD,0.19560149,3.380560089
TCGA-DD-AACY-01,,TCGA Tumor,LIHC,1.000491228,4.182597567
TARGET-20-PASIEJ-09,,TCGA Tumor,LAML,-5.425333056,-12.38299043
TCGA-DD-AADW-01,,TCGA Tumor,LIHC,0.372910584,3.540805508
TARGET-10-PARNMF-03,,TCGA Tumor,Target-ALL,-8.326359305,-8.289375852
TCGA-EW-A1PD-01,,TCGA Tumor,BRCA,4.884908166,-1.274406265
TCGA-A5-A3LO-01,,TCGA Tumor,UCEC,1.444489327,6.522377421
TCGA-CV-A45Y-01,,TCGA Tumor,HNSC,-6.248323474,0.571374644
TCGA-D8-A1J8-01,,TCGA Tumor,BRCA,5.317788568,-1.429891061
TCGA-AB-2897-03,,TCGA Tumor,LAML,-4.21300653,-11.98478944
TCGA-23-1122-01,,TCGA Tumor,OV,1.459722367,7.924224306
TCGA-3A-A9IZ-01,,TCGA Tumor,PAAD,-2.98427299,-2.604731392
TCGA-37-4141-01,,TCGA Tumor,LUSC,-1.566838536,-0.836103987
TCGA-62-A46U-01,,TCGA Tumor,LUAD,-0.12043837,-3.076603483
TCGA-41-3915-01,,TCGA Tumor,GBM,1.323489096,-9.099484037
TCGA-ED-A459-01,,TCGA Tumor,LIHC,0.808675763,4.037944485
TCGA-HC-A6AO-01,,TCGA Tumor,PRAD,8.413678613,8.234367777
TARGET-30-PAPUNH-01,,TCGA Tumor,NB,2.683801856,12.94104998
TCGA-AR-A24N-01,,TCGA Tumor,BRCA,4.358645168,-1.87388594
TCGA-ED-A7PY-01,,TCGA Tumor,LIHC,0.390502473,3.535876204
TCGA-DX-A6Z0-01,,TCGA Tumor,SARC,1.272816982,1.710828234
TCGA-A4-A48D-01,,TCGA Tumor,KIRP,-0.756645951,7.50121348
TCGA-4Z-AA7O-01,,TCGA Tumor,BLCA,-3.750888858,0.169702012
TCGA-3B-A9HY-01,,TCGA Tumor,SARC,1.968423214,1.584248711
TCGA-D3-A1Q4-06,,TCGA Tumor,SKCM,4.995449987,3.408964564
TARGET-10-PARAKF-09,,TCGA Tumor,Target-ALL,-8.340466056,-8.367289137
TCGA-FY-A3I5-01,,TCGA Tumor,THCA,11.44501254,0.919639338
TCGA-AB-2879-03,,TCGA Tumor,LAML,-4.81638864,-11.49444253
TCGA-G9-6366-01,,TCGA Tumor,PRAD,8.071859327,8.620153834
TCGA-FB-AAQ2-01,,TCGA Tumor,PAAD,-2.95060328,-2.366167616
TCGA-60-2715-01,,TCGA Tumor,LUSC,-5.397789511,0.721812118
TCGA-34-5232-01,,TCGA Tumor,LUSC,-5.749806914,2.324120928
TCGA-AQ-A1H3-01,,TCGA Tumor,BRCA,4.667312112,-1.511918019
TCGA-2G-AAFN-01,,TCGA Tumor,TGCT,-1.699318442,5.198129584
TCGA-BP-4771-01,,TCGA Tumor,KIRC,5.954853025,-6.286173414
TARGET-30-PARDIW-01,,TCGA Tumor,NB,2.722694841,12.97633975
TCGA-J8-A3YG-01,,TCGA Tumor,THCA,10.9830651,-0.291800122
TCGA-VQ-A91E-01,,TCGA Tumor,STAD,-3.83026937,-3.699853014
TCGA-28-5220-01,,TCGA Tumor,GBM,1.306692269,-9.988915991
TCGA-57-1584-01,,TCGA Tumor,OV,1.780420985,8.507578303
TCGA-AB-2886-03,,TCGA Tumor,LAML,-4.671556983,-11.4309488
TCGA-CC-A3M9-01,,TCGA Tumor,LIHC,1.051271227,1.061649014
TCGA-77-A5GA-01,,TCGA Tumor,LUSC,-5.290225539,2.405480076
TCGA-25-1623-01,,TCGA Tumor,OV,1.422113385,7.8319587
TCGA-29-1774-01,,TCGA Tumor,OV,1.266585496,7.722494532
TCGA-AR-A24K-01,,TCGA Tumor,BRCA,4.716588941,-1.048495363
TCGA-NF-A4WU-01,,TCGA Tumor,UCS,1.346250084,6.962391783
TCGA-58-8388-01,,TCGA Tumor,LUSC,-5.311492476,0.755881954
TCGA-IB-A7LX-01,,TCGA Tumor,PAAD,-3.310637269,-2.320396494
TCGA-DD-A1EH-01,,TCGA Tumor,LIHC,0.363408916,3.508026529
TARGET-10-PARTJL-09,,TCGA Tumor,Target-ALL,-8.173018012,-8.141690801
TCGA-ER-A2NE-06,,TCGA Tumor,SKCM,6.013150182,3.652402092
TCGA-97-8176-01,,TCGA Tumor,LUAD,-1.26379684,-2.217439483
TCGA-K4-A6FZ-01,,TCGA Tumor,BLCA,-3.966663394,0.109458335
TCGA-ET-A3DR-01,,TCGA Tumor,THCA,11.50917765,0.118043762
TCGA-ET-A25I-01,,TCGA Tumor,THCA,11.38221499,0.960968305
TCGA-AB-2983-03,,TCGA Tumor,LAML,-4.92830852,-11.49832303
TCGA-AR-A2LQ-01,,TCGA Tumor,BRCA,3.000176635,-1.182187985
TCGA-AB-2871-03,,TCGA Tumor,LAML,-4.974082503,-11.51896531
TCGA-B8-A54H-01,,TCGA Tumor,KIRC,6.405498471,-6.63297851
TCGA-A2-A0EP-01,,TCGA Tumor,BRCA,4.042325464,-0.942881237
TCGA-A6-5657-01,,TCGA Tumor,COAD,-5.080405268,-3.185741495
TCGA-BT-A2LB-01,,TCGA Tumor,BLCA,-3.749822173,0.113330473
TCGA-GV-A3QF-01,,TCGA Tumor,BLCA,-3.629548106,-0.012782696
TCGA-29-2414-02,,TCGA Tumor,OV,1.350850013,7.917025019
TCGA-DX-A8BU-01,,TCGA Tumor,SARC,-3.959736857,6.751747061
TCGA-C5-A7UE-01,,TCGA Tumor,CESC,-6.13293365,2.197325874
TCGA-86-8358-01,,TCGA Tumor,LUAD,-1.273846183,-0.657931935
TCGA-V4-A9F3-01,,TCGA Tumor,UVM,6.698173013,4.412529875
TCGA-3H-AB3M-01,,TCGA Tumor,MESO,-0.120689127,1.507697512
TCGA-DX-A6YT-01,,TCGA Tumor,SARC,1.285898712,1.666095544
TCGA-44-3918-01,,TCGA Tumor,LUAD,-0.036079052,-2.033161949
TCGA-D5-6929-01,,TCGA Tumor,COAD,-6.093533072,-3.595306944
TCGA-24-1843-01,,TCGA Tumor,OV,2.014128413,8.226915766
TCGA-BH-A0H3-01,,TCGA Tumor,BRCA,4.050746885,-1.774738621
TCGA-3K-AAZ8-01,,TCGA Tumor,LIHC,1.158440855,4.048450638
TCGA-FF-8047-01,,TCGA Tumor,DLBC,-8.565551314,6.921947886
TCGA-E7-A7DV-01,,TCGA Tumor,BLCA,0.07489213,0.830013086
TCGA-LN-A9FQ-01,,TCGA Tumor,ESCA,-5.415083442,2.130927492
TCGA-5P-A9K9-01,,TCGA Tumor,KIRP,5.575808015,-5.188381742
TCGA-KN-8430-01,,TCGA Tumor,KICH,-3.583350215,5.126988817
TCGA-V4-A9EL-01,,TCGA Tumor,UVM,6.724636045,4.43666165
TCGA-CC-A8HU-01,,TCGA Tumor,LIHC,0.318619457,3.474807669
TCGA-05-4415-01,,TCGA Tumor,LUAD,-1.415501628,-2.087744545
TCGA-B6-A40C-01,,TCGA Tumor,BRCA,4.697289434,-1.572819661
TCGA-2Y-A9H0-01,,TCGA Tumor,LIHC,0.823296961,4.0862283
TCGA-HT-7472-01,,TCGA Tumor,LGG,2.312620607,-10.90527875
TCGA-D5-6930-01,,TCGA Tumor,COAD,-5.046077761,-3.709129881
TCGA-BJ-A2N7-01,,TCGA Tumor,THCA,11.47399661,0.915497113
TCGA-3A-A9IV-01,,TCGA Tumor,PAAD,-1.280497346,-0.662725757
TCGA-14-0817-01,,TCGA Tumor,GBM,1.253609266,-9.290862631
TCGA-BS-A0V7-01,,TCGA Tumor,UCEC,0.364663411,-0.5356207
TCGA-CJ-4908-01,,TCGA Tumor,KIRC,6.290086713,-6.167460035
TCGA-VS-A9UL-01,,TCGA Tumor,CESC,-0.399654124,-2.289735864
TCGA-EE-A2M7-06,,TCGA Tumor,SKCM,4.991289582,3.399277855
TARGET-20-PARUNX-04,,TCGA Tumor,LAML,-5.00085691,-11.55042989
TCGA-BP-4158-01,,TCGA Tumor,KIRC,6.182819333,-6.802518915
TARGET-20-PARUNX-09,,TCGA Tumor,LAML,-5.483899627,-12.40264375
TCGA-DD-AADD-01,,TCGA Tumor,LIHC,0.335866694,3.523225952
TCGA-SR-A6MZ-01,,TCGA Tumor,PCPG,-0.038966838,13.07824748
TCGA-S4-A8RP-01,,TCGA Tumor,PAAD,-2.889805827,-2.516828369
TCGA-EW-A6SC-01,,TCGA Tumor,BRCA,4.712714639,-1.650043796
TCGA-BQ-7055-01,,TCGA Tumor,KIRP,-3.547699246,5.104082991
TCGA-IN-A6RR-01,,TCGA Tumor,STAD,-3.843678031,-3.681267332
TCGA-BR-6452-01,,TCGA Tumor,STAD,-3.826452765,-3.684930872
TCGA-R5-A7ZF-01,,TCGA Tumor,STAD,-3.986048732,-2.362013887
TCGA-CV-A464-01,,TCGA Tumor,HNSC,-6.632974181,0.527467538
TCGA-IA-A40U-01,,TCGA Tumor,KIRP,-0.875892911,7.700334479
TCGA-BP-5176-01,,TCGA Tumor,KIRC,6.247057882,-6.811066221
TCGA-78-7161-01,,TCGA Tumor,LUAD,-0.827747497,-2.222762178
TCGA-EO-A3AU-01,,TCGA Tumor,UCEC,-6.248800311,1.317919065
TARGET-10-PANXDR-09,,TCGA Tumor,Target-ALL,-8.375125441,-8.332160543
TCGA-DD-A4NF-01,,TCGA Tumor,LIHC,1.335456875,3.870812584
TCGA-06-5408-01,,TCGA Tumor,GBM,1.24802449,-9.907101225
TCGA-DV-5567-01,,TCGA Tumor,KIRC,0.908104744,6.591958452
TCGA-XJ-A9DI-01,,TCGA Tumor,PRAD,8.794415918,8.1789984
TCGA-25-1632-01,,TCGA Tumor,OV,1.482221093,7.849151064
TCGA-29-1770-01,,TCGA Tumor,OV,1.464539733,7.883153368
TCGA-29-1770-02,,TCGA Tumor,OV,1.568386283,7.987268854
TCGA-B8-5163-01,,TCGA Tumor,KIRC,6.195915189,-5.340177606
TCGA-EJ-5519-01,,TCGA Tumor,PRAD,7.959137407,8.786531855
TCGA-DD-A1EL-01,,TCGA Tumor,LIHC,0.675698307,3.681192089
TCGA-DK-A6AW-01,,TCGA Tumor,BLCA,1.211902406,6.515116144
TCGA-EI-6885-01,,TCGA Tumor,READ,-5.461273227,-2.52142794
TCGA-BR-A4J5-01,,TCGA Tumor,STAD,-2.81977633,-1.954308103
TCGA-18-3407-01,,TCGA Tumor,LUSC,-5.293268714,2.378832985
TCGA-FD-A62O-01,,TCGA Tumor,BLCA,-3.663266692,0.08266973
TCGA-VS-A9UO-01,,TCGA Tumor,CESC,-3.306688819,-2.941602062
TCGA-BR-6802-01,,TCGA Tumor,STAD,-4.101959262,-2.868884634
TCGA-DB-A4XG-01,,TCGA Tumor,LGG,2.980987277,-9.981383871
TCGA-DT-5265-01,,TCGA Tumor,READ,-5.063411269,-3.195145677
TCGA-24-1544-01,,TCGA Tumor,OV,1.325522926,7.785395075
TCGA-CJ-4907-01,,TCGA Tumor,KIRC,6.2220225,-5.714663099
TCGA-A4-7584-01,,TCGA Tumor,KIRP,-0.933946404,7.74454825
TCGA-G7-A8LB-01,,TCGA Tumor,KIRP,-0.874555025,7.736616064
TCGA-AB-2999-03,,TCGA Tumor,LAML,-4.176976714,-12.05443437
TCGA-C5-A8XJ-01,,TCGA Tumor,CESC,-5.41571239,1.504681636
TCGA-QL-A97D-01,,TCGA Tumor,COAD,-5.653855357,-3.583202671
TCGA-E2-A1IF-01,,TCGA Tumor,BRCA,4.369501796,-1.439329575
TCGA-HT-A5RC-01,,TCGA Tumor,LGG,1.388139751,-10.01631696
TCGA-AO-A0JE-01,,TCGA Tumor,BRCA,4.120387283,-0.961369466
TCGA-S3-AA11-01,,TCGA Tumor,BRCA,5.419780698,-1.417172145
TARGET-10-PAPHMH-09,,TCGA Tumor,Target-ALL,-8.201451812,-8.168885778
TCGA-JY-A93D-01,,TCGA Tumor,ESCA,-3.903465304,-3.662997078
TCGA-CJ-4912-01,,TCGA Tumor,KIRC,6.296552625,-5.500287126
TCGA-24-1849-01,,TCGA Tumor,OV,1.968710509,8.17336886
TCGA-ER-A19T-01,,TCGA Tumor,SKCM,6.471345868,4.178412367
TCGA-ER-A19T-06,,TCGA Tumor,SKCM,6.139152017,3.772886921
TCGA-FU-A3NI-01,,TCGA Tumor,CESC,-5.457671675,1.59757774
TCGA-EA-A439-01,,TCGA Tumor,CESC,-0.647404823,-2.082397531
TCGA-BF-AAOU-01,,TCGA Tumor,SKCM,5.620170083,3.430050541
TARGET-30-PAPKWN-01,,TCGA Tumor,NB,2.692766156,12.91381018
TCGA-23-1111-01,,TCGA Tumor,OV,1.6747013,7.968448092
TCGA-EO-A22Y-01,,TCGA Tumor,UCEC,1.456751909,6.517217566
TCGA-49-4507-01,,TCGA Tumor,LUAD,-1.160948787,-1.981421064
TCGA-HF-7133-01,,TCGA Tumor,STAD,-3.413372073,-3.064672064
TARGET-30-PAUDDK-02,,TCGA Tumor,NB,2.659699884,12.91436999
TARGET-30-PAUDDK-01,,TCGA Tumor,NB,2.639859405,12.86973708
TCGA-3X-AAVE-01,,TCGA Tumor,CHOL,-0.116912517,3.017128636
TCGA-B0-4699-01,,TCGA Tumor,KIRC,-3.59728888,5.068433214
TARGET-10-PAPNFY-03,,TCGA Tumor,Target-ALL,-8.260437522,-8.220465254
TCGA-KR-A7K0-01,,TCGA Tumor,LIHC,1.326367405,3.858101298
TCGA-X9-A973-01,,TCGA Tumor,SARC,1.037469652,0.814747382
TCGA-FE-A230-01,,TCGA Tumor,THCA,10.99009749,-0.463326465
TCGA-VM-A8C8-01,,TCGA Tumor,LGG,2.380607095,-10.59309251
TCGA-56-8504-01,,TCGA Tumor,LUSC,-6.012060199,2.408569742
TCGA-KN-8426-01,,TCGA Tumor,KICH,-3.51613811,5.056391646
TCGA-55-8621-01,,TCGA Tumor,LUAD,-0.395058367,-2.836425136
TARGET-30-PAMZMG-01,,TCGA Tumor,NB,2.531451907,12.78126662
TCGA-RQ-A68N-01,,TCGA Tumor,DLBC,-8.574278388,6.928536345
TCGA-LA-A446-01,,TCGA Tumor,LUSC,-5.582106147,2.407002617
TCGA-4V-A9QJ-01,,TCGA Tumor,THYM,-10.98723463,5.958759237
TCGA-D8-A27I-01,,TCGA Tumor,BRCA,4.502921548,-1.69418795
TCGA-CD-8536-01,,TCGA Tumor,STAD,-3.96275476,-3.645148586
TCGA-BP-4760-01,,TCGA Tumor,KIRC,0.918229308,6.622816969
TCGA-2G-AALP-01,,TCGA Tumor,TGCT,-1.702788148,5.202823092
TARGET-20-PAPXRJ-04,,TCGA Tumor,LAML,-4.414759192,-11.83763463
TCGA-V4-A9EX-01,,TCGA Tumor,UVM,6.749926057,4.461704661
TCGA-HT-7681-01,,TCGA Tumor,LGG,2.862415757,-9.781663488
TCGA-2G-AAGM-01,,TCGA Tumor,TGCT,-4.809330973,-1.806388687
TCGA-52-7622-01,,TCGA Tumor,LUSC,-5.480323348,2.539147545
TCGA-2G-AALN-01,,TCGA Tumor,TGCT,-1.651908669,5.150947024
TCGA-LN-A7HX-01,,TCGA Tumor,ESCA,-6.664151225,0.590753127
TCGA-AB-2966-03,,TCGA Tumor,LAML,-4.926509414,-11.45327051
TCGA-ER-A198-06,,TCGA Tumor,SKCM,5.965573755,3.498706986
TCGA-A3-3317-01,,TCGA Tumor,KIRC,6.016601052,-5.768909048
TARGET-20-PAPXRJ-09,,TCGA Tumor,LAML,-4.126694712,-12.11940057
TCGA-BR-4201-01,,TCGA Tumor,STAD,-4.399652991,-3.460103821
TCGA-G3-A5SM-01,,TCGA Tumor,LIHC,1.031384912,4.182556559
TCGA-63-A5MI-01,,TCGA Tumor,LUSC,-5.282244239,2.125264813
TCGA-KM-8476-01,,TCGA Tumor,KICH,-3.540483269,5.089124132
TCGA-10-0937-01,,TCGA Tumor,OV,2.024725404,8.315518786
TCGA-SJ-A6ZJ-01,,TCGA Tumor,UCEC,1.520122853,6.501152922
TCGA-HC-A4ZV-01,,TCGA Tumor,PRAD,8.488936868,8.176111628
TCGA-UD-AABZ-01,,TCGA Tumor,MESO,-0.129281494,1.512331058
TCGA-2G-AAGZ-01,,TCGA Tumor,TGCT,-1.716604743,5.218184401
TCGA-BQ-7062-01,,TCGA Tumor,KIRP,-0.935021672,7.766323496
TARGET-21-PASYWA-41,,TCGA Tumor,LAML,-5.044438395,-11.83721788
TCGA-X7-A8D8-01,,TCGA Tumor,THYM,-11.01212266,5.932568003
TCGA-KK-A7AP-01,,TCGA Tumor,PRAD,8.407781091,8.221489359
TCGA-EE-A3JD-06,,TCGA Tumor,SKCM,5.075061765,3.426217247
TCGA-13-0913-02,,TCGA Tumor,OV,1.656098929,7.583135058
TCGA-EK-A2PM-01,,TCGA Tumor,CESC,-5.29505733,2.369872738
TCGA-BR-7723-01,,TCGA Tumor,STAD,-4.945525679,-1.954240393
TCGA-DX-A3UB-01,,TCGA Tumor,SARC,1.771691289,1.426611591
TCGA-AC-A3W6-01,,TCGA Tumor,BRCA,3.897422757,-1.661225866
TCGA-GC-A3WC-01,,TCGA Tumor,BLCA,-5.453507933,2.183604647
TCGA-CG-5720-01,,TCGA Tumor,STAD,-4.728470359,-3.683951687
TCGA-BR-7717-01,,TCGA Tumor,STAD,-4.074078593,-3.54168136
TCGA-VT-A80J-01,,TCGA Tumor,SARC,1.058315423,1.030622114
TCGA-VT-A80J-02,,TCGA Tumor,SARC,0.825530168,0.792444039
TCGA-55-6970-01,,TCGA Tumor,LUAD,-1.237347994,-2.24350984
TCGA-86-7955-01,,TCGA Tumor,LUAD,-1.240204487,-2.237871479
TCGA-B0-5119-01,,TCGA Tumor,KIRC,6.326455083,-6.774097036
TCGA-CJ-4916-01,,TCGA Tumor,KIRC,6.280306306,-6.801606249
TARGET-30-PARFRE-01,,TCGA Tumor,NB,2.687538591,12.95885508
TCGA-C5-A7X3-01,,TCGA Tumor,CESC,-5.137276683,0.666398693
TCGA-G9-6385-01,,TCGA Tumor,PRAD,9.269340005,8.204800059
TCGA-DD-A11C-01,,TCGA Tumor,LIHC,0.934533622,4.221394945
TCGA-BC-A10Q-01,,TCGA Tumor,LIHC,-0.12594882,3.01337998
TCGA-75-6207-01,,TCGA Tumor,LUAD,-0.053838405,-3.171082329
TCGA-LT-A5Z6-01,,TCGA Tumor,BLCA,-3.582156691,-0.46760578
TCGA-CZ-4866-01,,TCGA Tumor,KIRC,5.965243783,-5.826776098
TCGA-36-1569-01,,TCGA Tumor,OV,1.413490262,7.949881006
TCGA-A8-A07L-01,,TCGA Tumor,BRCA,5.655189004,-1.68090279
TCGA-B0-4696-01,,TCGA Tumor,KIRC,1.100862053,1.117464472
TCGA-41-4097-01,,TCGA Tumor,GBM,1.288858857,-9.46591432
TCGA-MF-A522-01,,TCGA Tumor,LUSC,-5.300706897,2.022746969
TCGA-06-5410-01,,TCGA Tumor,GBM,1.299056139,-9.091654371
TCGA-V4-A9EO-01,,TCGA Tumor,UVM,6.722569432,4.425324846
TCGA-A2-A0SV-01,,TCGA Tumor,BRCA,4.147153821,-0.926111828
TCGA-GN-A263-01,,TCGA Tumor,SKCM,5.970911947,3.546064306
TCGA-CM-5860-01,,TCGA Tumor,COAD,-5.659260783,-3.636521887
TCGA-04-1655-01,,TCGA Tumor,OV,1.292199459,7.757082869
TCGA-B0-4718-01,,TCGA Tumor,KIRC,6.205570665,-5.791522096
TCGA-CZ-5989-01,,TCGA Tumor,KIRC,5.54980227,3.07290547
TCGA-2J-AAB9-01,,TCGA Tumor,PAAD,-2.616539273,-2.404856275
TCGA-C5-A7CG-01,,TCGA Tumor,CESC,-5.745639357,1.809658576
TCGA-DX-A8BJ-01,,TCGA Tumor,SARC,1.222734418,1.241178681
TCGA-DU-A6S2-01,,TCGA Tumor,LGG,2.816180911,-9.762818884
TCGA-FD-A3B8-01,,TCGA Tumor,BLCA,-5.324544463,0.771881629
TARGET-20-PAPVDV-03,,TCGA Tumor,LAML,-4.868579421,-11.41323144
TARGET-30-PALNVP-01,,TCGA Tumor,NB,2.646625247,12.91567557
TCGA-CD-8532-01,,TCGA Tumor,STAD,-3.881102118,-3.627704452
TCGA-66-2737-01,,TCGA Tumor,LUSC,-5.333178553,2.335712124
TCGA-59-A5PD-01,,TCGA Tumor,OV,1.572882977,7.775000025
TCGA-EJ-7788-01,,TCGA Tumor,PRAD,8.290682759,8.354887415
TCGA-BF-AAP8-01,,TCGA Tumor,SKCM,6.723202672,4.443530012
TCGA-ZB-A96I-01,,TCGA Tumor,THYM,-11.07285551,5.880295683
TCGA-A1-A0SB-01,,TCGA Tumor,BRCA,1.033300724,-1.495378803
TCGA-A7-A5ZW-01,,TCGA Tumor,BRCA,4.213947263,-1.675865005
TCGA-BB-7864-01,,TCGA Tumor,HNSC,-6.382009063,1.242566634
TCGA-AA-A01P-01,,TCGA Tumor,COAD,-4.457865271,-3.497991155
TCGA-20-1686-01,,TCGA Tumor,OV,1.689473238,7.542598177
TCGA-MX-A5UJ-01,,TCGA Tumor,STAD,-4.423670325,-3.512976478
TARGET-10-PAPMYD-03,,TCGA Tumor,Target-ALL,-8.400496993,-8.34479196
TCGA-V4-A9F0-01,,TCGA Tumor,UVM,6.717033353,4.432883669
TCGA-DU-7309-01,,TCGA Tumor,LGG,2.819134202,-9.755758833
TCGA-BR-8289-01,,TCGA Tumor,STAD,-2.613966737,-1.978544067
TCGA-L5-A4OT-01,,TCGA Tumor,ESCA,-4.176290068,-3.537374328
TCGA-AB-3000-03,,TCGA Tumor,LAML,-4.937115702,-11.48882921
TCGA-D6-6827-01,,TCGA Tumor,HNSC,-5.356443438,0.803952087
TCGA-69-8254-01,,TCGA Tumor,LUAD,-3.245410714,-2.868448805
TCGA-85-A4PA-01,,TCGA Tumor,LUSC,-8.563645873,6.94575255
TCGA-BA-A4IF-01,,TCGA Tumor,HNSC,-6.161559615,1.244775702
TCGA-UZ-A9PL-01,,TCGA Tumor,KIRP,-0.963341985,7.793792654
TCGA-CW-5580-01,,TCGA Tumor,KIRC,6.245653596,-5.972917627
TCGA-CN-5370-01,,TCGA Tumor,HNSC,-6.532413039,0.548249472
TCGA-66-2753-01,,TCGA Tumor,LUSC,-5.38162044,0.812879373
TCGA-BR-8485-01,,TCGA Tumor,STAD,-4.943423304,-2.0248533
TCGA-B0-5120-01,,TCGA Tumor,KIRC,6.239058938,-5.745115351
TCGA-CG-5724-01,,TCGA Tumor,STAD,-3.420261655,-2.134922813
TCGA-VD-AA8M-01,,TCGA Tumor,UVM,6.703747239,4.422299315
TCGA-DJ-A13V-01,,TCGA Tumor,THCA,11.41049716,-0.115922566
TCGA-DD-A4NB-01,,TCGA Tumor,LIHC,1.056403067,4.176538874
TCGA-A2-A0YF-01,,TCGA Tumor,BRCA,5.315080133,-1.449261259
TCGA-HU-A4GY-01,,TCGA Tumor,STAD,-2.705892596,-1.921481084
TCGA-B0-5690-01,,TCGA Tumor,KIRC,6.398650136,-6.562599729
TCGA-CK-4950-01,,TCGA Tumor,COAD,-5.813911948,-3.739817213
TCGA-HM-A3JJ-01,,TCGA Tumor,CESC,-5.518435988,1.036948849
TCGA-J8-A3O1-01,,TCGA Tumor,THCA,10.97042319,-0.613669049
TCGA-KN-8429-01,,TCGA Tumor,KICH,-3.558508191,5.097242762
TCGA-98-A53B-01,,TCGA Tumor,LUSC,-5.208400283,1.376449872
TCGA-VQ-AA6B-01,,TCGA Tumor,STAD,-5.807020221,-3.505385708
TCGA-E9-A1NE-01,,TCGA Tumor,BRCA,5.510911432,-1.570706319
TCGA-55-8205-01,,TCGA Tumor,LUAD,0.045791593,-2.610695909
TCGA-EM-A1YE-01,,TCGA Tumor,THCA,11.57363078,0.829954613
TCGA-L5-A8NK-01,,TCGA Tumor,ESCA,-6.454799685,1.494472076
TCGA-AL-3473-01,,TCGA Tumor,KIRP,6.052814927,-6.365809034
TCGA-AX-A3FV-01,,TCGA Tumor,UCEC,-1.256462369,-0.657144915
TCGA-BJ-A0ZB-01,,TCGA Tumor,THCA,10.97685668,-0.600160967
TARGET-20-PASWAT-09,,TCGA Tumor,LAML,-5.3528972,-12.35802419
TCGA-DZ-6134-01,,TCGA Tumor,KIRP,-0.857286725,7.663802553
TCGA-FD-A6TA-01,,TCGA Tumor,BLCA,-3.618901286,-0.19608831
TCGA-HD-8314-01,,TCGA Tumor,HNSC,-6.112521205,2.216800619
TCGA-25-1635-01,,TCGA Tumor,OV,2.004247036,8.210694719
TCGA-G3-A25V-01,,TCGA Tumor,LIHC,1.02300277,4.167935301
TCGA-63-A5MR-01,,TCGA Tumor,LUSC,-6.495267901,0.924601008
TCGA-69-7763-01,,TCGA Tumor,LUAD,-0.603173647,-2.870547127
TCGA-PC-A5DP-01,,TCGA Tumor,SARC,1.97829124,1.575550247
TCGA-D3-A51K-06,,TCGA Tumor,SKCM,6.243046727,3.893189598
TCGA-SS-A7HO-01,,TCGA Tumor,COAD,-6.068868193,-3.765077185
TCGA-66-2763-01,,TCGA Tumor,LUSC,-5.900241408,2.06569903
TCGA-24-1846-01,,TCGA Tumor,OV,-1.006384525,-1.708444189
TCGA-BH-A0BR-01,,TCGA Tumor,BRCA,4.138529506,-0.923906635
TCGA-Z7-A8R6-01,,TCGA Tumor,BRCA,5.007669416,-1.613807272
TCGA-EK-A2R8-01,,TCGA Tumor,CESC,-4.930696997,0.617603768
TCGA-ER-A19P-06,,TCGA Tumor,SKCM,5.50727078,3.486164261
TCGA-FD-A3B7-01,,TCGA Tumor,BLCA,-5.381444487,0.781537164
TCGA-2L-AAQA-01,,TCGA Tumor,PAAD,-3.3236132,-2.731314014
TCGA-ND-A4W6-01,,TCGA Tumor,UCS,-3.950989756,6.752774168
TCGA-60-2720-01,,TCGA Tumor,LUSC,-5.512536082,0.713403512
TCGA-94-A5I6-01,,TCGA Tumor,LUSC,-5.352335963,2.323703219
TCGA-TS-A7P0-01,,TCGA Tumor,MESO,-0.095911655,1.522822071
TCGA-VD-A8KM-01,,TCGA Tumor,UVM,6.682384458,4.402367998
TCGA-D5-6537-01,,TCGA Tumor,COAD,-5.915906939,-3.655140232
TCGA-62-8397-01,,TCGA Tumor,LUAD,-0.328168604,-2.807152819
TCGA-WQ-A9G7-01,,TCGA Tumor,LIHC,0.184097138,3.389496256
TCGA-EE-A29G-06,,TCGA Tumor,SKCM,-6.440085921,0.005442631
TCGA-OL-A5D8-01,,TCGA Tumor,BRCA,5.681892839,-1.656747769
TCGA-EY-A547-01,,TCGA Tumor,UCEC,1.412734118,6.765535284
TCGA-DB-A4XH-01,,TCGA Tumor,LGG,2.8727667,-9.843144964
TCGA-HT-7485-01,,TCGA Tumor,LGG,2.204738465,-10.60341222
TARGET-50-PAJLWT-01,,TCGA Tumor,WT,-4.591580901,7.724263121
TCGA-23-1023-01,,TCGA Tumor,OV,1.353774932,7.733205248
TARGET-30-PASPBZ-01,,TCGA Tumor,NB,2.693176952,12.95649951
TCGA-30-1891-01,,TCGA Tumor,OV,1.738893237,7.779484678
TCGA-CW-5584-01,,TCGA Tumor,KIRC,6.130366292,-6.70115764
TCGA-66-2742-01,,TCGA Tumor,LUSC,-5.345260176,1.737692166
TCGA-B6-A0IJ-01,,TCGA Tumor,BRCA,0.742178407,-1.291153621
TCGA-FJ-A3ZE-01,,TCGA Tumor,BLCA,-3.727352652,-0.148213531
TCGA-EJ-7783-01,,TCGA Tumor,PRAD,7.729623761,9.191766192
TCGA-04-1348-01,,TCGA Tumor,OV,1.741431322,8.51513331
TCGA-06-0211-01,,TCGA Tumor,GBM,1.391735401,-9.233956884
TCGA-A3-3376-01,,TCGA Tumor,KIRC,6.309437719,-5.982983183
TARGET-20-PAPVZK-09,,TCGA Tumor,LAML,-3.998211894,-12.27137906
TCGA-25-2401-01,,TCGA Tumor,OV,1.425912824,7.733880926
TCGA-FV-A3R3-01,,TCGA Tumor,LIHC,0.419813553,3.572605778
TCGA-VV-A86M-01,,TCGA Tumor,LGG,2.258517828,-10.98607976
TCGA-D7-6522-01,,TCGA Tumor,STAD,-5.065768752,-3.280767273
TCGA-73-4659-01,,TCGA Tumor,LUAD,-0.864948544,-2.182552646
TCGA-B3-4103-01,,TCGA Tumor,KIRP,-0.85617641,7.672384192
TCGA-2L-AAQE-01,,TCGA Tumor,PAAD,-3.209562812,-2.59710152
TCGA-CG-4449-01,,TCGA Tumor,STAD,-3.869366679,-3.418883871
TCGA-VS-A9UP-01,,TCGA Tumor,CESC,-0.519057784,-2.862757753
TARGET-50-PAKECR-01,,TCGA Tumor,WT,-3.972720656,6.76794665
TCGA-NF-A4X2-01,,TCGA Tumor,UCS,1.08267757,1.116893698
TCGA-A3-3349-01,,TCGA Tumor,KIRC,6.184929815,-5.765544962
TCGA-ET-A3BN-01,,TCGA Tumor,THCA,11.24200198,-0.302301984
TCGA-E1-A7YV-01,,TCGA Tumor,LGG,2.182868924,-10.90602548
TCGA-AK-3454-01,,TCGA Tumor,KIRC,6.328149762,-6.228467058
TCGA-PE-A5DD-01,,TCGA Tumor,BRCA,4.07971498,-1.708028983
TCGA-TQ-A7RW-01,,TCGA Tumor,LGG,2.296342936,-11.00934274
TCGA-A2-A1FW-01,,TCGA Tumor,BRCA,5.578657117,-1.627596091
TCGA-EJ-5507-01,,TCGA Tumor,PRAD,7.729786363,9.184283663
TCGA-HT-7468-01,,TCGA Tumor,LGG,3.041358199,-10.57558114
TARGET-30-PATGJU-01,,TCGA Tumor,NB,2.714491096,12.97671836
TCGA-ZF-A9RM-01,,TCGA Tumor,BLCA,-3.600008044,-0.455829035
TCGA-56-8304-01,,TCGA Tumor,LUSC,-5.90502933,2.269566704
TARGET-30-PASXRJ-01,,TCGA Tumor,NB,2.754619088,13.01520674
TCGA-G7-A8LD-01,,TCGA Tumor,KIRP,-0.778100405,7.474513937
TCGA-AD-A5EK-01,,TCGA Tumor,COAD,-6.090485606,-3.581973385
TCGA-G5-6235-01,,TCGA Tumor,READ,-5.827525172,-3.736787866
TCGA-37-4130-01,,TCGA Tumor,LUSC,0.2239342,3.414587427
TCGA-EE-A3JH-06,,TCGA Tumor,SKCM,6.097804513,3.771445442
TCGA-91-A4BC-01,,TCGA Tumor,LUAD,-0.954837713,-1.693363022
TCGA-D7-8573-01,,TCGA Tumor,STAD,-3.944755587,-3.534678291
TCGA-AB-2806-03,,TCGA Tumor,LAML,-4.687488112,-11.43844564
TCGA-CJ-5681-01,,TCGA Tumor,KIRC,5.872759786,-5.430266451
TCGA-AC-A2QJ-01,,TCGA Tumor,BRCA,-6.370009932,0.021847112
TCGA-FP-7829-01,,TCGA Tumor,STAD,-4.996633563,-3.727872204
TCGA-CA-6718-01,,TCGA Tumor,COAD,-4.402142081,-3.43625934
TCGA-HT-7677-01,,TCGA Tumor,LGG,3.053225723,-10.49014051
TCGA-AJ-A3TW-01,,TCGA Tumor,UCEC,1.241103497,6.894387175
TCGA-YS-AA4M-01,,TCGA Tumor,MESO,-0.127582702,1.514622856
TCGA-UY-A78L-01,,TCGA Tumor,BLCA,-4.58541492,0.173897807
TCGA-ZB-A962-01,,TCGA Tumor,THYM,-11.08851293,5.869006563
TCGA-VQ-A8E2-01,,TCGA Tumor,STAD,-4.932334456,-1.97566564
TCGA-W5-AA2G-01,,TCGA Tumor,CHOL,0.203047198,3.403389145
TCGA-DE-A3KN-01,,TCGA Tumor,THCA,11.69368311,0.591635574
TCGA-A7-A13H-01,,TCGA Tumor,BRCA,4.844306436,-1.536974143
TCGA-50-8457-01,,TCGA Tumor,LUAD,-0.404117021,-2.937477659
TCGA-A4-A7UZ-01,,TCGA Tumor,KIRP,-0.837762866,7.709704806
TCGA-B0-5121-01,,TCGA Tumor,KIRC,6.386903253,-6.118030142
TCGA-04-1519-01,,TCGA Tumor,OV,1.690919366,8.457503725
TCGA-C5-A1BF-01,,TCGA Tumor,CESC,-5.42156795,0.740941037
TCGA-E2-A1IO-01,,TCGA Tumor,BRCA,4.107104745,-1.826122116
TCGA-CR-6474-01,,TCGA Tumor,HNSC,-5.546329055,0.725611378
TCGA-AY-5543-01,,TCGA Tumor,COAD,-5.909132514,-3.769670557
TCGA-EJ-5504-01,,TCGA Tumor,PRAD,8.43220469,8.256861139
TARGET-30-PAMZGT-01,,TCGA Tumor,NB,2.655557361,12.85311263
TCGA-K4-A4AB-01,,TCGA Tumor,BLCA,-4.557102237,0.532244493
TCGA-85-A4JC-01,,TCGA Tumor,LUSC,-5.827641043,0.948047031
TCGA-WT-AB44-01,,TCGA Tumor,BRCA,3.314170804,-1.261093329
TCGA-EL-A3MY-01,,TCGA Tumor,THCA,11.15623709,-0.274217229
TCGA-97-8175-01,,TCGA Tumor,LUAD,-0.082493756,-3.104984115
TCGA-BR-8297-01,,TCGA Tumor,STAD,-2.460741553,-1.855166267
TCGA-S9-A7R3-01,,TCGA Tumor,LGG,2.263498154,-10.83227785
TCGA-DJ-A1QH-01,,TCGA Tumor,THCA,11.00687071,-0.526827823
TCGA-76-4931-01,,TCGA Tumor,GBM,1.238899257,-9.91707189
TCGA-04-1651-01,,TCGA Tumor,OV,1.760975089,8.541808535
TARGET-20-PANTNA-09,,TCGA Tumor,LAML,-4.324770961,-11.90549619
TCGA-10-0934-01,,TCGA Tumor,OV,1.364965823,6.638579775
TCGA-BH-A0BF-01,,TCGA Tumor,BRCA,4.153579202,-1.101909112
TCGA-AR-A5QN-01,,TCGA Tumor,BRCA,4.395332303,-1.693602752
TARGET-30-PARACS-01,,TCGA Tumor,NB,2.618745532,12.86583846
TCGA-77-7140-01,,TCGA Tumor,LUSC,-5.329134021,2.382097651
TCGA-DU-A5TY-01,,TCGA Tumor,LGG,1.248290446,-9.943480085
TCGA-QT-A7U0-01,,TCGA Tumor,PCPG,0.124545511,12.90685408
TCGA-FS-A1ZN-01,,TCGA Tumor,SKCM,5.261394944,3.921278406
TCGA-27-2519-01,,TCGA Tumor,GBM,1.374786761,-9.251632284
TCGA-ZB-A961-01,,TCGA Tumor,THYM,-11.04194883,5.908553053
TCGA-2G-AAEX-01,,TCGA Tumor,TGCT,-1.720728431,5.220965792
TCGA-2A-A8VT-01,,TCGA Tumor,PRAD,8.403727975,8.215228487
TCGA-F4-6807-01,,TCGA Tumor,COAD,-6.151007685,-3.598479103
TCGA-06-0156-01,,TCGA Tumor,GBM,1.343838539,-9.291109632
TCGA-23-1809-01,,TCGA Tumor,OV,1.457348075,7.832454611
TCGA-06-0686-01,,TCGA Tumor,GBM,1.606649127,-9.190004896
TCGA-EM-A3FK-01,,TCGA Tumor,THCA,11.30862566,-0.216578286
TCGA-NI-A8LF-01,,TCGA Tumor,LIHC,1.118361142,3.989497114
TCGA-VP-A87B-01,,TCGA Tumor,PRAD,8.468669381,8.165386606
TCGA-DC-6683-01,,TCGA Tumor,READ,-5.856275592,-3.692254375
TCGA-34-5239-01,,TCGA Tumor,LUSC,-5.205746684,0.916923751
TARGET-50-PAJPAU-01,,TCGA Tumor,WT,-4.660374675,7.797197748
TCGA-S8-A6BW-01,,TCGA Tumor,ESCA,-5.551114592,2.316854883
TCGA-85-8350-01,,TCGA Tumor,LUSC,-5.698416266,1.126056005
TARGET-20-PARWDZ-09,,TCGA Tumor,LAML,-3.813157592,-12.40649755
TCGA-EJ-5512-01,,TCGA Tumor,PRAD,7.909093347,8.94862311
TCGA-CV-7410-01,,TCGA Tumor,HNSC,-6.576930079,0.544824887
TCGA-A2-A04V-01,,TCGA Tumor,BRCA,3.473452773,-1.410387706
TCGA-66-2757-01,,TCGA Tumor,LUSC,0.676955905,-1.406431269
TCGA-DD-AADG-01,,TCGA Tumor,LIHC,1.296308902,3.911731888
TCGA-A1-A0SI-01,,TCGA Tumor,BRCA,4.206722942,-0.96804161
TCGA-63-5128-01,,TCGA Tumor,LUSC,-5.281285796,2.51027887
TCGA-CK-5915-01,,TCGA Tumor,COAD,-5.944988761,-3.258651089
TCGA-85-A4QR-01,,TCGA Tumor,LUSC,-5.74418405,2.1452729
TCGA-ET-A40R-01,,TCGA Tumor,THCA,11.59483763,0.692598511
TCGA-LA-A7SW-01,,TCGA Tumor,LUSC,-5.898562465,0.916767467
TCGA-E2-A14T-01,,TCGA Tumor,BRCA,5.76438519,-1.635144423
TCGA-BF-A3DL-01,,TCGA Tumor,SKCM,5.947474923,3.544222523
TCGA-90-7767-01,,TCGA Tumor,LUSC,-5.247251544,0.833955158
TCGA-64-1676-01,,TCGA Tumor,LUAD,0.03885999,-2.569273065
TCGA-A6-3810-01,,TCGA Tumor,COAD,-4.530581984,-3.349109243
TCGA-92-7341-01,,TCGA Tumor,LUSC,-5.290645156,2.425440003
TCGA-VQ-A91A-01,,TCGA Tumor,STAD,-4.369709048,-3.001768659
TCGA-P5-A5F0-01,,TCGA Tumor,LGG,2.856398788,-9.75926454
TCGA-24-1103-01,,TCGA Tumor,OV,1.863029685,8.423508097
TCGA-E9-A295-01,,TCGA Tumor,BRCA,4.203545299,-1.740976166
TCGA-UZ-A9PO-01,,TCGA Tumor,KIRP,-0.875841889,7.668895174
TCGA-BB-A6UO-01,,TCGA Tumor,HNSC,-6.722154174,0.458734203
TCGA-BP-4970-01,,TCGA Tumor,KIRC,6.274952378,-5.756014417
TARGET-30-PAPUAR-01,,TCGA Tumor,NB,2.730789151,12.9841799
TCGA-HT-7479-01,,TCGA Tumor,LGG,2.246229377,-10.78894861
TCGA-PR-A5PF-01,,TCGA Tumor,PCPG,-0.038015429,13.07549613
TARGET-50-PAJPGY-01,,TCGA Tumor,WT,-4.514719043,7.638535429
TCGA-CH-5766-01,,TCGA Tumor,PRAD,7.70507237,9.211157252
TCGA-BR-8486-01,,TCGA Tumor,STAD,-5.569732222,-3.551131557
TCGA-EE-A3J7-06,,TCGA Tumor,SKCM,5.484512296,3.532340933
TCGA-S6-A8JX-01,,TCGA Tumor,TGCT,-1.980123791,5.517869879
TCGA-B8-5159-01,,TCGA Tumor,KIRC,6.158102002,-6.66132934
TCGA-D9-A6E9-06,,TCGA Tumor,SKCM,6.098320451,3.725996185
TCGA-DJ-A4UR-01,,TCGA Tumor,THCA,11.54095789,0.81308638
TCGA-XF-AAMZ-01,,TCGA Tumor,BLCA,-3.6236873,0.093071565
TCGA-55-6985-01,,TCGA Tumor,LUAD,-0.365197751,-2.839295458
TCGA-UF-A7JF-01,,TCGA Tumor,HNSC,-6.367148909,1.508325149
TCGA-SP-A6QD-01,,TCGA Tumor,PCPG,0.223006305,12.80590956
TCGA-5P-A9KC-01,,TCGA Tumor,KIRP,-0.859367642,7.637029577
TCGA-EW-A1P4-01,,TCGA Tumor,BRCA,0.920452025,-1.404692124
TCGA-DJ-A2Q9-01,,TCGA Tumor,THCA,-5.326140437,0.683307041
TCGA-FD-A3SM-01,,TCGA Tumor,BLCA,-3.797393832,0.036415308
TCGA-55-A48X-01,,TCGA Tumor,LUAD,-0.224971983,-3.097038101
TCGA-EP-A2KB-01,,TCGA Tumor,LIHC,0.626174819,3.694129635
TCGA-DD-AADR-01,,TCGA Tumor,LIHC,0.956019786,3.923015047
TCGA-NK-A5CX-01,,TCGA Tumor,LUSC,-6.109892878,1.526689578
TCGA-B4-5843-01,,TCGA Tumor,KIRC,6.318705049,-6.092415403
TCGA-DX-A6YS-01,,TCGA Tumor,SARC,1.354310658,1.660293151
TCGA-EJ-7115-01,,TCGA Tumor,PRAD,9.069357362,8.261839319
TCGA-BB-4225-01,,TCGA Tumor,HNSC,-5.677051577,1.517583777
TCGA-JX-A3Q0-01,,TCGA Tumor,CESC,-6.103982005,1.649426032
TCGA-43-6771-01,,TCGA Tumor,LUSC,-6.580425296,0.427850087
TARGET-20-PARUWX-09,,TCGA Tumor,LAML,-4.858352694,-11.4275995
TCGA-3A-A9IJ-01,,TCGA Tumor,PAAD,-1.236266765,-0.61516745
TCGA-YL-A8SH-01,,TCGA Tumor,PRAD,9.224236932,8.177345682
TCGA-BJ-A0ZE-01,,TCGA Tumor,THCA,11.39160105,0.931362678
TARGET-20-PANDER-09,,TCGA Tumor,LAML,-4.641855273,-11.42723997
TCGA-BH-A0W3-01,,TCGA Tumor,BRCA,5.318908658,-1.38396747
TCGA-22-1017-01,,TCGA Tumor,LUSC,-0.186924014,-2.892506908
TCGA-CG-4306-01,,TCGA Tumor,STAD,-4.425407443,-3.495605539
TCGA-VN-A88M-01,,TCGA Tumor,PRAD,7.641200986,9.208436419
TCGA-VS-A8EJ-01,,TCGA Tumor,CESC,1.773512092,8.488213946
TCGA-BH-A42U-01,,TCGA Tumor,BRCA,1.331679311,-1.294538211
TCGA-PJ-A5Z9-01,,TCGA Tumor,KIRP,-0.881274256,7.716509272
TCGA-DD-AAE1-01,,TCGA Tumor,LIHC,0.654244688,3.697522808
TCGA-B8-A7U6-01,,TCGA Tumor,KIRC,6.358339753,-6.330049108
TCGA-A8-A08G-01,,TCGA Tumor,BRCA,5.666259256,-1.560567926
TCGA-DF-A2KR-01,,TCGA Tumor,UCEC,1.768022862,8.462735583
TARGET-20-PARDDY-04,,TCGA Tumor,LAML,-5.415212188,-12.47638757
TARGET-50-PAJNRH-01,,TCGA Tumor,WT,-4.679630313,7.814649035
TCGA-VQ-A91X-01,,TCGA Tumor,STAD,-5.678896937,-3.483222078
TCGA-BH-A0BQ-01,,TCGA Tumor,BRCA,4.315534559,-1.541973304
TCGA-13-0760-01,,TCGA Tumor,OV,1.799702492,7.521107603
TCGA-IG-A97I-01,,TCGA Tumor,ESCA,-6.102754149,1.240510989
TCGA-VQ-A92D-01,,TCGA Tumor,STAD,-3.836904082,-3.327174496
TCGA-HZ-A49G-01,,TCGA Tumor,PAAD,-2.482793841,-2.501397919
TCGA-XK-AAK1-01,,TCGA Tumor,PRAD,8.559918847,8.182984759
TCGA-XU-A92X-01,,TCGA Tumor,THYM,-10.96091417,5.975604464
TCGA-DB-5275-01,,TCGA Tumor,LGG,2.312410083,-10.59861333
TCGA-GL-7773-01,,TCGA Tumor,KIRP,-0.952270303,7.80465262
TCGA-MI-A75G-01,,TCGA Tumor,LIHC,1.072429803,4.098772932
TCGA-DM-A28K-01,,TCGA Tumor,COAD,-4.900168929,-3.703764747
TCGA-13-0887-01,,TCGA Tumor,OV,1.661900726,8.140081812
TCGA-94-7033-01,,TCGA Tumor,LUSC,-5.320905719,1.43677466
TCGA-DR-A0ZL-01,,TCGA Tumor,CESC,-6.015327964,1.632108737
TARGET-30-PAISNS-01,,TCGA Tumor,NB,2.654569116,12.90394919
TCGA-A1-A0SH-01,,TCGA Tumor,BRCA,3.238963571,-1.26886804
TCGA-B6-A401-01,,TCGA Tumor,BRCA,4.745930162,-1.47347505
TARGET-21-PATJMY-41,,TCGA Tumor,LAML,-5.313819442,-12.34513147
TCGA-TQ-A7RS-01,,TCGA Tumor,LGG,3.117748943,-10.5158716
TCGA-AU-3779-01,,TCGA Tumor,COAD,-5.936831984,-3.718241285
TCGA-CV-7435-01,,TCGA Tumor,HNSC,-6.420053038,0.329117079
TCGA-AB-2987-03,,TCGA Tumor,LAML,-3.859304938,-12.36158807
TCGA-R5-A7ZE-01,,TCGA Tumor,STAD,-6.514383349,1.37188356
TCGA-5P-A9K0-01,,TCGA Tumor,KIRP,-0.883940611,7.657649923
TCGA-QR-A6GR-01,,TCGA Tumor,PCPG,0.267440092,12.75739043
TCGA-YL-A9WX-01,,TCGA Tumor,PRAD,8.719651666,8.246691157
TCGA-E2-A10E-01,,TCGA Tumor,BRCA,4.569882837,-1.270310353
TCGA-R6-A6L4-01,,TCGA Tumor,ESCA,-4.27320436,-2.702260088
TCGA-SX-A71R-01,,TCGA Tumor,KIRP,-0.841809306,7.748328139
TCGA-56-A49D-01,,TCGA Tumor,LUSC,-5.54692224,1.720836688
TCGA-LN-A8I0-01,,TCGA Tumor,ESCA,-5.635622535,1.712813545
TCGA-CC-A7IF-01,,TCGA Tumor,LIHC,0.947069195,3.931524683
TCGA-TM-A7C4-01,,TCGA Tumor,LGG,2.819599357,-9.742537092
TARGET-50-PAKGMU-01,,TCGA Tumor,WT,-4.637424979,7.77079146
TCGA-EM-A2CM-01,,TCGA Tumor,THCA,11.24811884,0.762880851
TCGA-MT-A67D-01,,TCGA Tumor,HNSC,-6.396336589,1.106757809
TCGA-GF-A6C8-06,,TCGA Tumor,SKCM,5.184604612,3.512261559
TCGA-J4-A6G3-01,,TCGA Tumor,PRAD,9.081151452,8.151165415
TCGA-EE-A20F-06,,TCGA Tumor,SKCM,5.829155412,3.619670797
TCGA-3B-A9HL-01,,TCGA Tumor,SARC,1.270968583,1.728881885
TCGA-27-2523-01,,TCGA Tumor,GBM,1.44222292,-9.204685758
TCGA-E7-A85H-01,,TCGA Tumor,BLCA,-3.621689353,-0.043278265
TARGET-50-PAKXXF-01,,TCGA Tumor,WT,-4.574795756,7.706664492
TCGA-G4-6304-01,,TCGA Tumor,COAD,-6.096611533,-3.410364698
TCGA-CV-7424-01,,TCGA Tumor,HNSC,-5.297894034,2.402742554
TCGA-A7-A0CG-01,,TCGA Tumor,BRCA,4.210505452,-1.283957313
TCGA-HD-7229-01,,TCGA Tumor,HNSC,-6.67175344,0.722867776
TCGA-44-2657-01,,TCGA Tumor,LUAD,-0.361931476,-2.792575668
TARGET-20-PAEERJ-09,,TCGA Tumor,LAML,-4.798169169,-11.43380601
TCGA-A2-A0T1-01,,TCGA Tumor,BRCA,4.078966108,-0.90483893
TCGA-95-7562-01,,TCGA Tumor,LUAD,-0.433588955,-2.842148374
TCGA-DD-A3A5-01,,TCGA Tumor,LIHC,0.858101514,4.259011198
TCGA-55-7725-01,,TCGA Tumor,LUAD,-0.219351146,-3.1571079
TCGA-EM-A3AO-01,,TCGA Tumor,THCA,11.37936541,0.355837573
TCGA-AF-2693-01,,TCGA Tumor,READ,-5.895401034,-3.727837633
TCGA-BR-8682-01,,TCGA Tumor,STAD,-5.034496817,-3.221409868
TCGA-D5-6924-01,,TCGA Tumor,COAD,-6.148172889,-3.642705511
TCGA-OR-A5L6-01,,TCGA Tumor,ACC,-3.470128331,-8.616042684
TCGA-A1-A0SG-01,,TCGA Tumor,BRCA,4.890767541,-1.493902754
TCGA-GJ-A3OU-01,,TCGA Tumor,LIHC,0.723259535,3.765901495
TCGA-CQ-6219-01,,TCGA Tumor,HNSC,-6.135355983,0.662387718
TCGA-J4-A67N-01,,TCGA Tumor,PRAD,7.694940057,9.224360872
TCGA-XF-A9T2-01,,TCGA Tumor,BLCA,-1.513249788,-0.821083318
TCGA-MA-AA41-01,,TCGA Tumor,CESC,-5.442122016,1.305489947
TCGA-GS-A9TX-01,,TCGA Tumor,DLBC,-8.561235938,6.929066111
TCGA-KS-A4IB-01,,TCGA Tumor,THCA,11.02444693,-0.509314309
TCGA-HC-7820-01,,TCGA Tumor,PRAD,7.725812879,9.202102114
TCGA-AX-A3G3-01,,TCGA Tumor,UCEC,1.801859226,8.234245707
TCGA-BC-A5W4-01,,TCGA Tumor,LIHC,1.02240571,4.11393397
TCGA-22-5474-01,,TCGA Tumor,LUSC,-5.34635118,2.179574658
TCGA-D6-A4ZB-01,,TCGA Tumor,HNSC,-6.534150634,0.511443962
TCGA-A4-8517-01,,TCGA Tumor,KIRP,-0.881600175,7.640963484
TCGA-LN-A49R-01,,TCGA Tumor,ESCA,-5.345995936,2.235695769
TCGA-FA-A6HO-01,,TCGA Tumor,DLBC,-8.608838591,6.973464895
TCGA-CA-6717-01,,TCGA Tumor,COAD,-5.756952319,-3.679056476
TCGA-DX-A1L1-01,,TCGA Tumor,SARC,1.108010378,1.21439438
TCGA-WX-AA47-01,,TCGA Tumor,LIHC,0.409699574,3.566209723
TCGA-98-A539-01,,TCGA Tumor,LUSC,-5.403329406,1.882899333
TCGA-AJ-A5DV-01,,TCGA Tumor,UCEC,1.515105453,6.471755434
TCGA-ZG-A9NI-01,,TCGA Tumor,PRAD,9.363213983,8.017683436
TCGA-DX-A3LU-01,,TCGA Tumor,SARC,1.141965177,1.204653789
TCGA-DU-A76K-01,,TCGA Tumor,LGG,2.193016734,-9.937728475
TCGA-ZB-A965-01,,TCGA Tumor,THYM,-11.06251482,5.890665938
TCGA-69-A59K-01,,TCGA Tumor,LUAD,0.077486571,-2.614192556
TCGA-06-0152-02,,TCGA Tumor,GBM,1.368707922,-9.404097151
TCGA-EM-A3SZ-01,,TCGA Tumor,THCA,10.99499651,-0.453907143
TCGA-E2-A1BD-01,,TCGA Tumor,BRCA,4.269879308,-1.676232289
TCGA-E2-A14Z-01,,TCGA Tumor,BRCA,4.230326143,-1.728792738
TCGA-2G-AAKO-01,,TCGA Tumor,TGCT,-1.943559203,5.481229235
TCGA-XE-AAOL-01,,TCGA Tumor,TGCT,-1.885916028,5.409060885
TCGA-2G-AAKO-05,,TCGA Tumor,TGCT,-1.930015359,5.467834402
TCGA-UF-A718-01,,TCGA Tumor,HNSC,-6.594714198,0.471374859
TCGA-70-6723-01,,TCGA Tumor,LUSC,-5.348383937,2.492046763
TCGA-2J-AAB8-01,,TCGA Tumor,PAAD,-3.14759377,-2.561468433
TCGA-CV-7568-01,,TCGA Tumor,HNSC,-6.417884383,0.417494554
TCGA-FS-A1ZM-06,,TCGA Tumor,SKCM,5.03895041,3.448126722
TCGA-DV-A4VZ-01,,TCGA Tumor,KIRC,1.203063812,6.656287123
TARGET-20-PANCSC-09,,TCGA Tumor,LAML,-4.84527019,-11.39802034
TCGA-V4-A9F2-01,,TCGA Tumor,UVM,6.714137998,4.43079703
TCGA-20-1682-01,,TCGA Tumor,OV,1.922548857,8.203968455
TCGA-B8-5553-01,,TCGA Tumor,KIRC,6.270652738,-5.969278406
TCGA-A2-A04R-01,,TCGA Tumor,BRCA,5.642669645,-1.659423064
TCGA-CC-A7IJ-01,,TCGA Tumor,LIHC,0.970786896,0.892200817
TCGA-05-5715-01,,TCGA Tumor,LUAD,-0.381720993,-2.899021696
TCGA-55-A492-01,,TCGA Tumor,LUAD,-1.194481168,-2.28737409
TCGA-29-1690-01,,TCGA Tumor,OV,1.906435695,8.19110911
TCGA-CZ-4856-01,,TCGA Tumor,KIRC,6.308473077,-6.838121008
TCGA-KO-8403-01,,TCGA Tumor,KICH,-3.569226537,5.113499094
TCGA-96-8170-01,,TCGA Tumor,LUSC,-6.371942553,1.674325634
TCGA-A4-7286-01,,TCGA Tumor,KIRP,-0.876257572,7.695218493
TCGA-DM-A1D0-01,,TCGA Tumor,COAD,-5.779258761,-3.617806028
TCGA-MB-A5YA-01,,TCGA Tumor,SARC,2.006579724,1.620202709
TCGA-A7-A425-01,,TCGA Tumor,BRCA,4.821745839,-1.468660902
TCGA-S7-A7WW-01,,TCGA Tumor,PCPG,0.229233336,12.79369013
TARGET-21-PATAIJ-09,,TCGA Tumor,LAML,-3.879247222,-12.3690067
TCGA-E9-A1RF-01,,TCGA Tumor,BRCA,5.637670007,-1.72499318
TCGA-B6-A408-01,,TCGA Tumor,BRCA,5.167103734,-1.572948288
TCGA-V1-A9OT-01,,TCGA Tumor,PRAD,7.738051381,9.1869797
TCGA-2G-AAEW-01,,TCGA Tumor,TGCT,-1.952323231,5.494105269
TCGA-BR-A4IU-01,,TCGA Tumor,STAD,-2.640334163,-1.950199674
TCGA-LP-A5U2-01,,TCGA Tumor,CESC,-5.344818625,1.685303498
TCGA-E7-A677-01,,TCGA Tumor,BLCA,-3.687900576,0.149183583
TCGA-UZ-A9PK-01,,TCGA Tumor,KIRP,-0.898372087,7.728778769
TARGET-50-PAJMEP-01,,TCGA Tumor,WT,-4.636621032,7.771904875
TCGA-AR-A1AL-01,,TCGA Tumor,BRCA,4.310205903,-1.654880952
TCGA-3Z-A93Z-01,,TCGA Tumor,KIRC,6.28766295,-6.066492628
TCGA-BT-A20X-01,,TCGA Tumor,BLCA,-5.885360274,0.777787198
TCGA-DH-A7UU-01,,TCGA Tumor,LGG,2.265710559,-11.00903375
TCGA-AN-A0AM-01,,TCGA Tumor,BRCA,4.204916444,-0.980961632
TARGET-20-PASBHI-09,,TCGA Tumor,LAML,-4.669502291,-11.49436338
TCGA-D8-A1JU-01,,TCGA Tumor,BRCA,3.852259603,-1.699148964
TCGA-FG-8186-01,,TCGA Tumor,LGG,2.562908378,-10.50562341
TCGA-CJ-4872-01,,TCGA Tumor,KIRC,6.258541074,-5.475708078
TCGA-EQ-8122-01,,TCGA Tumor,STAD,-5.004125628,-2.685018133
TCGA-LN-A49V-01,,TCGA Tumor,ESCA,0.885940906,-1.478030037
TCGA-B0-5399-01,,TCGA Tumor,KIRC,6.236754384,-6.829096865
TARGET-20-PANHYK-09,,TCGA Tumor,LAML,-4.69002727,-11.41502721
TCGA-AB-2840-03,,TCGA Tumor,LAML,-4.13763288,-12.08017118
TCGA-2Z-A9JL-01,,TCGA Tumor,KIRP,-0.963967476,7.78869145
TCGA-OR-A5JS-01,,TCGA Tumor,ACC,-3.461705479,-8.614579748
TCGA-63-A5MY-01,,TCGA Tumor,LUSC,-5.334802184,2.392971684
TCGA-CV-7091-01,,TCGA Tumor,HNSC,-6.471929107,0.745758344
TCGA-DY-A1DD-01,,TCGA Tumor,READ,-5.459944281,-3.159048389
TCGA-VF-A8AC-01,,TCGA Tumor,TGCT,-1.93347672,5.46972077
TCGA-FI-A2EY-01,,TCGA Tumor,UCEC,0.904205647,6.975460936
TCGA-WE-AAA3-06,,TCGA Tumor,SKCM,6.025128808,3.720678021
TCGA-B5-A5OE-01,,TCGA Tumor,UCEC,1.175084617,6.66590922
TCGA-AR-A1AH-01,,TCGA Tumor,BRCA,0.584018793,-1.353393148
TCGA-KK-A6E4-01,,TCGA Tumor,PRAD,7.709289041,9.212013651
TCGA-86-8278-01,,TCGA Tumor,LUAD,-0.282978866,-2.988482069
TCGA-YU-AA61-01,,TCGA Tumor,TGCT,-4.866909537,-1.875225138
TARGET-30-PASUCB-01,,TCGA Tumor,NB,2.75508162,13.00290434
TCGA-BC-A3KF-01,,TCGA Tumor,LIHC,0.556872126,3.710939575
TARGET-10-PAPACP-04,,TCGA Tumor,Target-ALL,-8.361547026,-8.323196005
TCGA-G3-AAV0-01,,TCGA Tumor,LIHC,1.051239577,4.121756483
TCGA-WE-A8ZN-06,,TCGA Tumor,SKCM,5.907608953,3.48441713
TCGA-69-8453-01,,TCGA Tumor,LUAD,-3.380762372,-2.546984266
TCGA-77-A5G1-01,,TCGA Tumor,LUSC,-5.418256316,0.685673226
TCGA-BH-A1EN-01,,TCGA Tumor,BRCA,4.196322646,-0.918411981
TCGA-A4-A6HP-01,,TCGA Tumor,KIRP,-0.982657466,7.821966578
TCGA-BR-4368-01,,TCGA Tumor,STAD,-2.541377816,-1.893141698
TARGET-50-PAJNZI-01,,TCGA Tumor,WT,-4.588224444,7.721733023
TCGA-T2-A6WX-01,,TCGA Tumor,HNSC,-6.222779784,0.963493456
TCGA-E1-5305-01,,TCGA Tumor,LGG,2.321093288,-10.43237073
TCGA-AB-2837-03,,TCGA Tumor,LAML,-3.985563788,-12.16985757
TCGA-E9-A3QA-01,,TCGA Tumor,BRCA,1.007518556,-1.603491854
TCGA-FD-A3N6-01,,TCGA Tumor,BLCA,-6.79868463,0.614361991
TCGA-C5-A3HD-01,,TCGA Tumor,CESC,-5.273238215,1.229789544
TARGET-20-PATJHJ-09,,TCGA Tumor,LAML,-3.872593436,-12.35120542
TCGA-IR-A3LI-01,,TCGA Tumor,CESC,-3.223044905,-2.390278887
TCGA-BH-A0EB-01,,TCGA Tumor,BRCA,4.054992881,-1.767495941
TCGA-63-A5M9-01,,TCGA Tumor,LUSC,-5.279635939,2.336235453
TCGA-92-8063-01,,TCGA Tumor,LUSC,-5.355566535,1.84326737
TCGA-NC-A5HR-01,,TCGA Tumor,LUSC,-5.237925086,2.007570912
TCGA-VS-A8EI-01,,TCGA Tumor,CESC,-6.077605758,1.098131944
TCGA-BH-A1EY-01,,TCGA Tumor,BRCA,4.128362622,-1.458479713
TCGA-B4-5844-01,,TCGA Tumor,KIRC,6.353349653,-6.264775347
TCGA-LN-A49Y-01,,TCGA Tumor,ESCA,-6.193697963,0.166246552
TCGA-DX-A23V-01,,TCGA Tumor,SARC,1.226609316,1.370712329
TCGA-25-2409-01,,TCGA Tumor,OV,1.705881324,8.26033156
TCGA-E2-A10B-01,,TCGA Tumor,BRCA,4.118773189,-1.550953101
TCGA-DD-AAC8-01,,TCGA Tumor,LIHC,1.308957126,3.864413191
TCGA-EY-A3L3-01,,TCGA Tumor,UCEC,1.389186826,6.575911928
TCGA-E2-A574-01,,TCGA Tumor,BRCA,0.939206627,-1.375073384
TCGA-W3-AA1V-06,,TCGA Tumor,SKCM,-4.014049086,6.768505026
TARGET-20-PANUUA-09,,TCGA Tumor,LAML,-4.028740439,-12.26626546
TCGA-D8-A1JB-01,,TCGA Tumor,BRCA,5.6732721,-1.70410807
TCGA-EB-A550-01,,TCGA Tumor,SKCM,-6.438214335,-0.042817857
TCGA-FX-A3NK-01,,TCGA Tumor,SARC,1.361083534,1.244157244
TCGA-FP-A9TM-01,,TCGA Tumor,STAD,-3.841236625,-3.687966417
TCGA-CG-4437-01,,TCGA Tumor,STAD,-3.743748221,-3.645487141
TCGA-D8-A27P-01,,TCGA Tumor,BRCA,4.335147348,-1.566291999
TCGA-2G-AAF8-01,,TCGA Tumor,TGCT,-1.863786492,5.390500475
TCGA-VQ-A8PQ-01,,TCGA Tumor,STAD,-3.849382434,-3.677784752
TCGA-E9-A5FL-01,,TCGA Tumor,BRCA,-5.393780265,1.157187749
TCGA-LL-A5YM-01,,TCGA Tumor,BRCA,4.107403007,-0.943870734
TCGA-MN-A4N5-01,,TCGA Tumor,LUAD,-0.086647007,-3.103621315
TCGA-A3-3331-01,,TCGA Tumor,KIRC,6.305436101,-6.814122747
TCGA-BP-4763-01,,TCGA Tumor,KIRC,6.23704001,-5.397269319
TCGA-BH-A1FC-01,,TCGA Tumor,BRCA,0.758905109,-1.351119946
TCGA-GL-6846-01,,TCGA Tumor,KIRP,-0.84088901,7.63933127
TCGA-EE-A2MD-06,,TCGA Tumor,SKCM,6.010737863,3.605866839
TARGET-50-PALFRD-01,,TCGA Tumor,WT,-4.64437202,7.779041697
TCGA-X7-A8M6-01,,TCGA Tumor,THYM,-10.91043333,6.033669401
TCGA-CM-6675-01,,TCGA Tumor,COAD,-4.885607276,-3.721999239
TCGA-DJ-A3V7-01,,TCGA Tumor,THCA,11.04870364,-0.542690884
TCGA-DC-4745-01,,TCGA Tumor,READ,-5.978152785,-3.7454787
TCGA-CS-5393-01,,TCGA Tumor,LGG,2.571687904,-10.55542333
TCGA-AB-2844-03,,TCGA Tumor,LAML,-4.851398978,-11.57100351
TCGA-AF-A56K-01,,TCGA Tumor,READ,-5.727277789,-3.441087078
TCGA-CV-7440-01,,TCGA Tumor,HNSC,-6.248609576,0.983236958
TCGA-DX-A23U-01,,TCGA Tumor,SARC,1.476377931,1.237681676
TCGA-KL-8324-01,,TCGA Tumor,KICH,-3.559547457,5.097926546
TCGA-WC-A884-01,,TCGA Tumor,UVM,6.6806564,4.388158251
TCGA-V5-AASX-01,,TCGA Tumor,ESCA,-3.962779078,-3.668138574
TCGA-CJ-4644-01,,TCGA Tumor,KIRC,6.27318665,-6.810720514
TCGA-XX-A89A-01,,TCGA Tumor,BRCA,4.15164372,-0.971494268
TCGA-Z4-AAPG-01,,TCGA Tumor,SARC,1.178393092,1.18836825
TCGA-EM-A2CJ-01,,TCGA Tumor,THCA,11.55828234,0.831807543
TCGA-CF-A47T-01,,TCGA Tumor,BLCA,-3.749357734,0.155408387
TCGA-4Z-AA7W-01,,TCGA Tumor,BLCA,-5.145179305,1.217244197
TCGA-A1-A0SQ-01,,TCGA Tumor,BRCA,5.398962941,-1.733096908
TCGA-XF-AAN4-01,,TCGA Tumor,BLCA,0.24395625,0.747258652
TCGA-64-5778-01,,TCGA Tumor,LUAD,-0.107359025,-3.083726
TCGA-DE-A0XZ-01,,TCGA Tumor,THCA,11.18322226,-0.266542684
TCGA-FA-A7DS-01,,TCGA Tumor,DLBC,-8.579989943,6.937661101
TCGA-NC-A5HE-01,,TCGA Tumor,LUSC,-5.232714686,2.414148499
TCGA-EE-A3AG-06,,TCGA Tumor,SKCM,5.087852445,3.408370424
TCGA-A7-A26H-01,,TCGA Tumor,BRCA,4.04040977,-1.805105757
TCGA-EL-A3ZK-01,,TCGA Tumor,THCA,10.99624392,-0.431683909
TCGA-BC-A10T-01,,TCGA Tumor,LIHC,0.899289605,4.200770308
TCGA-EA-A5O9-01,,TCGA Tumor,CESC,-6.063641581,1.611446191
TCGA-68-A59J-01,,TCGA Tumor,LUSC,-5.534636531,2.52189057
TCGA-86-8074-01,,TCGA Tumor,LUAD,-0.383146856,-2.733304333
TCGA-HT-7873-01,,TCGA Tumor,LGG,2.258584705,-10.99921567
TCGA-A3-A8CQ-01,,TCGA Tumor,KIRC,6.437790361,-6.6259485
TARGET-20-PARKCX-09,,TCGA Tumor,LAML,-3.814372096,-12.40094812
TCGA-AB-2940-03,,TCGA Tumor,LAML,-4.991342101,-11.53962381
TCGA-VQ-A8PF-01,,TCGA Tumor,STAD,-3.856888327,-3.54946978
TCGA-4Z-AA7S-01,,TCGA Tumor,BLCA,-3.583611998,0.14076699
TCGA-L5-A8NG-01,,TCGA Tumor,ESCA,-4.046687159,-3.321398329
TCGA-DD-AADV-01,,TCGA Tumor,LIHC,0.807600972,4.096699644
TCGA-66-2777-01,,TCGA Tumor,LUSC,-5.447173629,2.561654736
TCGA-EA-A4BA-01,,TCGA Tumor,CESC,1.324312117,6.933081556
TCGA-S9-A7IS-01,,TCGA Tumor,LGG,1.791287627,-9.290725302
TCGA-J2-8194-01,,TCGA Tumor,LUAD,-0.855661783,-2.440413545
TCGA-2G-AALT-01,,TCGA Tumor,TGCT,-4.926121745,-1.958366941
TARGET-10-PAPZNK-09,,TCGA Tumor,Target-ALL,-8.383842978,-8.343735288
TARGET-10-PAPISG-04,,TCGA Tumor,Target-ALL,-8.385225806,-8.349468778
TCGA-J4-A67M-01,,TCGA Tumor,PRAD,9.13822886,8.138634134
TCGA-D3-A2JG-06,,TCGA Tumor,SKCM,6.00112721,3.690715481
TCGA-2G-AAF4-01,,TCGA Tumor,TGCT,-1.921418223,5.45775025
TCGA-CV-6960-01,,TCGA Tumor,HNSC,-6.191682849,1.145856787
TCGA-55-A57B-01,,TCGA Tumor,LUAD,-0.296201799,-2.999290537
TCGA-FS-A4F8-06,,TCGA Tumor,SKCM,5.25893971,3.564960409
TCGA-A6-4105-01,,TCGA Tumor,COAD,-6.118424449,-3.667977403
TCGA-G9-6367-01,,TCGA Tumor,PRAD,9.14870688,8.255539347
TARGET-20-PANLXM-09,,TCGA Tumor,LAML,-5.510643039,-12.43110807
TCGA-BJ-A2P4-01,,TCGA Tumor,THCA,11.58599707,0.787234355
TCGA-D6-6516-01,,TCGA Tumor,HNSC,-6.876715693,0.635892678
TCGA-ZS-A9CG-01,,TCGA Tumor,LIHC,1.334543553,3.877611328
TCGA-VT-AB3D-01,,TCGA Tumor,SARC,0.555196684,1.034506489
TCGA-CN-4727-01,,TCGA Tumor,HNSC,-5.547512088,0.824769903
TCGA-DC-4749-01,,TCGA Tumor,READ,-5.838420424,-3.730085205
TCGA-IB-A5ST-01,,TCGA Tumor,PAAD,-2.965233121,-2.236721824
TCGA-UY-A78K-01,,TCGA Tumor,BLCA,-3.586604867,-0.506732236
TARGET-10-PARPRW-09,,TCGA Tumor,Target-ALL,-8.45089868,-8.405567716
TCGA-77-8130-01,,TCGA Tumor,LUSC,-6.074777636,0.521893282
TCGA-AR-A24S-01,,TCGA Tumor,BRCA,3.685930696,-1.261824082
TCGA-KL-8339-01,,TCGA Tumor,KICH,-3.544785771,5.110748221
TCGA-SB-A6J6-01,,TCGA Tumor,TGCT,-1.931401524,5.467472006
TCGA-F5-6465-01,,TCGA Tumor,READ,-6.036823783,-3.616183113
TCGA-HT-7856-01,,TCGA Tumor,LGG,2.806644883,-9.731545996
TCGA-E2-A15K-01,,TCGA Tumor,BRCA,4.624236551,-1.556404423
TCGA-E2-A15K-06,,TCGA Tumor,BRCA,5.32684609,-1.402704429
TCGA-GN-A26A-06,,TCGA Tumor,SKCM,5.044607129,3.435643603
TCGA-DU-6404-01,,TCGA Tumor,LGG,1.217897501,-9.916509222
TCGA-AO-A12G-01,,TCGA Tumor,BRCA,3.960200277,-1.78509302
TCGA-2G-AAKG-01,,TCGA Tumor,TGCT,-1.692008767,5.188826491
TCGA-GN-A8LK-06,,TCGA Tumor,SKCM,5.992270436,3.609241892
TCGA-24-1603-01,,TCGA Tumor,OV,1.690018859,8.444601465
TCGA-2G-AAKG-05,,TCGA Tumor,TGCT,-1.876455579,5.403939654
TCGA-VD-AA8T-01,,TCGA Tumor,UVM,6.694139447,4.411324431
TARGET-30-PATDXG-01,,TCGA Tumor,NB,2.665867772,12.91762774
TCGA-YL-A8SC-01,,TCGA Tumor,PRAD,8.336772409,8.308066775
TCGA-23-1123-01,,TCGA Tumor,OV,1.768572536,8.577029635
TARGET-50-PAJNUS-01,,TCGA Tumor,WT,-4.564560447,7.696398665
TCGA-AK-3453-01,,TCGA Tumor,KIRC,-3.509053263,5.067390371
TCGA-BH-A0HA-01,,TCGA Tumor,BRCA,3.980812516,-1.772377561
TCGA-S9-A7R7-01,,TCGA Tumor,LGG,1.292997983,-9.237612318
TARGET-50-PAJNNR-01,,TCGA Tumor,WT,-4.610440287,7.743544031
TCGA-5P-A9JW-01,,TCGA Tumor,KIRP,-0.755287442,7.507890631
TCGA-ET-A39M-01,,TCGA Tumor,THCA,10.98885771,-0.322496425
TCGA-06-0750-01,,TCGA Tumor,GBM,1.315797832,-9.061201643
TCGA-FY-A3R8-01,,TCGA Tumor,THCA,10.90035101,-0.325730633
TCGA-QR-A705-01,,TCGA Tumor,PCPG,0.254113447,12.76769869
TCGA-IN-AB1X-01,,TCGA Tumor,STAD,-4.258281741,-2.70536549
TCGA-BP-4994-01,,TCGA Tumor,KIRC,-3.532982621,5.083145071
TCGA-85-8072-01,,TCGA Tumor,LUSC,-5.268485102,2.14737599
TCGA-UD-AAC5-01,,TCGA Tumor,MESO,-0.129857275,1.522321511
TCGA-DK-A3IN-01,,TCGA Tumor,BLCA,-3.83758882,-0.571323108
TCGA-DD-AAD6-01,,TCGA Tumor,LIHC,0.736909923,3.846302677
TCGA-B9-A5W9-01,,TCGA Tumor,KIRP,-0.791573438,7.587586809
TCGA-N7-A4Y5-01,,TCGA Tumor,UCS,-3.95574573,6.749883104
TCGA-BQ-7049-01,,TCGA Tumor,KIRP,-0.850168381,7.652035643
TCGA-CV-A45O-01,,TCGA Tumor,HNSC,-6.526651416,0.285385538
TCGA-EE-A2MN-06,,TCGA Tumor,SKCM,6.328839746,3.990317036
TCGA-F5-6571-01,,TCGA Tumor,READ,-5.595050368,-3.397663187
TCGA-86-7711-01,,TCGA Tumor,LUAD,-0.956028137,-1.883249115
TCGA-AB-2839-03,,TCGA Tumor,LAML,-4.911015544,-11.49363477
TCGA-TS-A7PB-01,,TCGA Tumor,MESO,-0.143291149,1.525793244
TCGA-RQ-A6JB-01,,TCGA Tumor,DLBC,-8.550369773,6.91233914
TCGA-G4-6293-01,,TCGA Tumor,COAD,-5.74415401,-3.549576591
TCGA-05-5423-01,,TCGA Tumor,LUAD,0.024109271,-2.779128145
TCGA-BP-4961-01,,TCGA Tumor,KIRC,6.304276433,-5.935342382
TCGA-56-8623-01,,TCGA Tumor,LUSC,-0.709422502,-2.298468899
TCGA-G3-A3CH-01,,TCGA Tumor,LIHC,0.886759099,4.08899634
TCGA-21-1071-01,,TCGA Tumor,LUSC,-5.224327597,2.244945456
TARGET-20-PASGWH-04,,TCGA Tumor,LAML,-5.484336409,-12.39096887
TCGA-J8-A3YF-01,,TCGA Tumor,THCA,10.93657633,-0.27112488
TCGA-LG-A6GG-01,,TCGA Tumor,LIHC,0.841318932,4.257836271
TCGA-CC-5263-01,,TCGA Tumor,LIHC,0.167015311,3.347789456
TCGA-VQ-A91Y-01,,TCGA Tumor,STAD,-2.689448628,-1.96779425
TCGA-LN-A4A4-01,,TCGA Tumor,ESCA,-5.509464297,2.222260882
TCGA-G3-AAV1-01,,TCGA Tumor,LIHC,1.196770694,3.870000769
TCGA-ZF-A9R5-01,,TCGA Tumor,BLCA,-3.683702979,0.094217867
TCGA-B0-5102-01,,TCGA Tumor,KIRC,6.309723821,-6.67935903
TCGA-E2-A153-01,,TCGA Tumor,BRCA,3.691764798,-1.476003479
TCGA-JY-A6FA-01,,TCGA Tumor,ESCA,-6.029215846,2.37231486
TCGA-WB-A81T-01,,TCGA Tumor,PCPG,-0.054518882,13.09559672
TCGA-32-5222-01,,TCGA Tumor,GBM,1.140132573,-9.703322958
TCGA-E8-A3X7-01,,TCGA Tumor,THCA,11.09134623,-0.367977123
TCGA-AR-A24W-01,,TCGA Tumor,BRCA,3.43513247,-1.59411199
TARGET-10-PAPFWH-09,,TCGA Tumor,Target-ALL,-8.423663649,-8.390165876
TCGA-D8-A1JJ-01,,TCGA Tumor,BRCA,3.781399455,-1.412881922
TCGA-4G-AAZO-01,,TCGA Tumor,CHOL,-2.446481499,-2.459873747
TCGA-QN-A5NN-01,,TCGA Tumor,UCS,0.275932957,0.625051666
TCGA-AZ-4313-01,,TCGA Tumor,COAD,-5.104895148,-3.778964352
TCGA-DD-AADM-01,,TCGA Tumor,LIHC,0.960884001,4.056794573
TCGA-2Z-A9J2-01,,TCGA Tumor,KIRP,5.56504437,-5.183465551
TCGA-CC-5258-01,,TCGA Tumor,LIHC,0.397513206,3.564458777
TCGA-DX-A48P-01,,TCGA Tumor,SARC,1.979598727,1.565690328
TARGET-10-PARBVI-09,,TCGA Tumor,Target-ALL,-8.324204001,-8.28436334
TCGA-P3-A6T2-01,,TCGA Tumor,HNSC,-6.255806956,0.77808844
TARGET-10-PARBVI-04,,TCGA Tumor,Target-ALL,-8.343241248,-8.310979437
TCGA-ZA-A8F6-01,,TCGA Tumor,STAD,-2.920574221,-1.970652412
TCGA-BK-A6W3-01,,TCGA Tumor,UCEC,1.440546241,6.516647745
TCGA-FA-A86F-01,,TCGA Tumor,DLBC,-8.578585181,6.924585749
TCGA-EJ-5524-01,,TCGA Tumor,PRAD,7.700162854,9.206166674
TCGA-HC-7210-01,,TCGA Tumor,PRAD,8.590564218,8.29311793
TCGA-DJ-A1QO-01,,TCGA Tumor,THCA,11.00661227,-0.417237144
TCGA-28-5209-01,,TCGA Tumor,GBM,1.330661085,-9.673766683
TCGA-C5-A3HL-01,,TCGA Tumor,CESC,-6.045577082,2.272633482
TCGA-CJ-4885-01,,TCGA Tumor,KIRC,6.265580144,-6.716312002
TCGA-S9-A7R1-01,,TCGA Tumor,LGG,3.110572782,-10.43833024
TARGET-50-PAKFME-01,,TCGA Tumor,WT,-4.603947196,7.734859873
TCGA-AJ-A3NE-01,,TCGA Tumor,UCEC,1.400877323,6.504858423
TCGA-91-8496-01,,TCGA Tumor,LUAD,-0.196908865,-2.658013653
TCGA-BR-7851-01,,TCGA Tumor,STAD,-4.668630633,-3.61233909
TCGA-CS-4941-01,,TCGA Tumor,LGG,1.379694429,-10.01053197
TCGA-G4-6307-01,,TCGA Tumor,COAD,-6.005068812,-3.666017841
TCGA-CN-A498-01,,TCGA Tumor,HNSC,-6.724511657,0.717699755
TCGA-C5-A1MH-01,,TCGA Tumor,CESC,-6.207430873,2.099741865
TCGA-DQ-7593-01,,TCGA Tumor,HNSC,-6.218572173,1.997614552
TCGA-ET-A3BX-01,,TCGA Tumor,THCA,11.16548678,-0.309968482
TCGA-DD-A3A6-01,,TCGA Tumor,LIHC,1.377018419,1.319812943
TCGA-G9-6498-01,,TCGA Tumor,PRAD,9.252565828,8.044584681
TCGA-E2-A158-01,,TCGA Tumor,BRCA,1.045219627,-1.528986524
TCGA-HD-A4C1-01,,TCGA Tumor,HNSC,-6.8522158,0.660493363
TCGA-B5-A0JN-01,,TCGA Tumor,UCEC,1.346132484,6.563138891
TCGA-UE-A6QT-01,,TCGA Tumor,SARC,1.070796874,1.148697783
TCGA-BR-4187-01,,TCGA Tumor,STAD,-2.729889664,-1.989097189
TCGA-B0-4712-01,,TCGA Tumor,KIRC,6.119141069,-5.34536035
TCGA-CJ-4868-01,,TCGA Tumor,KIRC,6.087047067,-5.383677076
TCGA-A8-A079-01,,TCGA Tumor,BRCA,5.66668984,-1.645780753
TCGA-P5-A77W-01,,TCGA Tumor,LGG,3.177413669,-10.50575979
TCGA-CJ-6030-01,,TCGA Tumor,KIRC,6.219982114,-5.603416513
TCGA-A3-3307-01,,TCGA Tumor,KIRC,6.345058408,-6.6944247
TCGA-86-8280-01,,TCGA Tumor,LUAD,-0.326010678,-2.795005154
TCGA-3M-AB47-01,,TCGA Tumor,STAD,-5.541726622,-3.120977711
TCGA-EA-A3Y4-01,,TCGA Tumor,CESC,-5.126187358,0.718949188
TCGA-BH-A204-01,,TCGA Tumor,BRCA,5.343083825,-1.52471013
TCGA-EL-A3GW-01,,TCGA Tumor,THCA,11.48201224,0.827330698
TCGA-ZF-A9R1-01,,TCGA Tumor,BLCA,-3.774424586,0.123606589
TCGA-CF-A47S-01,,TCGA Tumor,BLCA,-3.594245705,0.129889991
TCGA-AB-2812-03,,TCGA Tumor,LAML,-4.737370524,-11.52241571
TCGA-61-2098-01,,TCGA Tumor,OV,1.458090987,7.759709288
TCGA-R5-A7O7-01,,TCGA Tumor,STAD,-2.64647511,-1.922517132
TCGA-BA-5151-01,,TCGA Tumor,HNSC,-6.874535594,0.627185453
TCGA-FD-A62N-01,,TCGA Tumor,BLCA,-5.26754621,0.766681362
TCGA-CC-A8HS-01,,TCGA Tumor,LIHC,0.41775976,3.57151096
TCGA-CS-4942-01,,TCGA Tumor,LGG,2.255320039,-10.57769449
TCGA-B0-4815-01,,TCGA Tumor,KIRC,6.153501954,-5.586156916
TCGA-AO-A03T-01,,TCGA Tumor,BRCA,3.939420905,-1.867924403
TCGA-IQ-A61G-01,,TCGA Tumor,HNSC,-6.808749709,0.743099321
TCGA-X7-A8DJ-01,,TCGA Tumor,THYM,-10.83320478,6.080138136
TCGA-QR-A6H5-01,,TCGA Tumor,PCPG,0.28169157,12.72410243
TCGA-V1-A9O7-01,,TCGA Tumor,PRAD,9.033044305,8.264263559
TCGA-UB-AA0U-01,,TCGA Tumor,LIHC,0.811886993,4.001534392
TCGA-23-1032-01,,TCGA Tumor,OV,1.58118948,8.320166041
TCGA-96-A4JL-01,,TCGA Tumor,LUSC,-5.117211375,1.023138035
TCGA-A1-A0SP-01,,TCGA Tumor,BRCA,0.914019194,-1.393075894
TCGA-2Z-A9J6-01,,TCGA Tumor,KIRP,-0.91592649,7.724317003
TCGA-BQ-5876-01,,TCGA Tumor,KIRP,5.602870431,-5.245884966
TCGA-EM-A2CR-01,,TCGA Tumor,THCA,11.56705901,0.618051339
TCGA-RY-A840-01,,TCGA Tumor,LGG,3.111425367,-10.55051477
TCGA-D8-A1XL-01,,TCGA Tumor,BRCA,5.568731275,-1.602930139
TCGA-A2-A4RX-01,,TCGA Tumor,BRCA,1.003235963,-1.542932581
TCGA-60-2698-01,,TCGA Tumor,LUSC,-5.646394286,1.380847145
TCGA-FE-A231-01,,TCGA Tumor,THCA,10.97545096,-0.612536918
TCGA-G4-6310-01,,TCGA Tumor,COAD,-5.479420218,-3.311086487
TCGA-HT-7688-01,,TCGA Tumor,LGG,2.764230933,-9.679364752
TCGA-G3-A25Y-01,,TCGA Tumor,LIHC,0.40401565,3.570166756
TCGA-V3-A9ZX-01,,TCGA Tumor,UVM,6.729345765,4.442629267
TCGA-AR-A2LO-01,,TCGA Tumor,BRCA,4.687240091,-1.514068436
TCGA-CV-A463-01,,TCGA Tumor,HNSC,-6.877616439,0.658732999
TCGA-2G-AALW-01,,TCGA Tumor,TGCT,-4.893353972,-1.924501847
TCGA-EW-A1PA-01,,TCGA Tumor,BRCA,5.619048085,-1.665093731
TCGA-DU-5872-02,,TCGA Tumor,LGG,1.344238904,-9.231936048
TCGA-J9-A8CL-01,,TCGA Tumor,PRAD,9.355228868,8.006407667
TCGA-24-0975-01,,TCGA Tumor,OV,1.933358636,8.207301546
TCGA-D8-A27H-01,,TCGA Tumor,BRCA,1.139030602,-1.531786751
TCGA-A6-6781-01,,TCGA Tumor,COAD,-4.464301142,-3.367478918
TCGA-86-8674-01,,TCGA Tumor,LUAD,-1.06037477,-2.43672521
TCGA-B0-4698-01,,TCGA Tumor,KIRC,0.890813347,1.031806697
TARGET-20-PARDMG-09,,TCGA Tumor,LAML,-4.586186442,-11.64934595
TCGA-AB-2959-03,,TCGA Tumor,LAML,-4.96681932,-11.5436197
TCGA-BR-8591-01,,TCGA Tumor,STAD,-4.545275721,-3.637415956
TCGA-D3-A8GO-06,,TCGA Tumor,SKCM,5.022423711,3.408948828
TCGA-HU-A4GP-01,,TCGA Tumor,STAD,-3.765840087,-3.701637815
TCGA-E9-A1NC-01,,TCGA Tumor,BRCA,0.960023728,-1.46469314
TCGA-YC-A89H-01,,TCGA Tumor,BLCA,-3.840724978,0.12965728
TCGA-L5-A88S-01,,TCGA Tumor,ESCA,-6.356876406,0.307363738
TCGA-UC-A7PF-01,,TCGA Tumor,CESC,-6.248566661,1.692216803
TCGA-2H-A9GN-01,,TCGA Tumor,ESCA,-5.561159167,-3.496908497
TCGA-B0-5096-01,,TCGA Tumor,KIRC,6.161688771,-5.269034456
TCGA-VQ-AA6A-01,,TCGA Tumor,STAD,-3.830647025,-3.628171991
TCGA-A2-A3XS-01,,TCGA Tumor,BRCA,0.895416167,-1.58133943
TCGA-44-6146-01,,TCGA Tumor,LUAD,-3.761450801,-3.633327555
TARGET-30-PAPEFE-01,,TCGA Tumor,NB,2.656392064,12.94765799
TARGET-20-PARTAL-04,,TCGA Tumor,LAML,-5.496967349,-12.44202096
TARGET-20-PARTAL-09,,TCGA Tumor,LAML,-3.999092612,-12.34241731
TCGA-EL-A4K6-01,,TCGA Tumor,THCA,11.57194945,0.686227966
TCGA-A3-3316-01,,TCGA Tumor,KIRC,6.294471231,-5.380962442
TCGA-13-1495-01,,TCGA Tumor,OV,1.540206638,7.865132738
TCGA-DU-A6S3-01,,TCGA Tumor,LGG,2.849227157,-9.815561842
TCGA-63-7023-01,,TCGA Tumor,LUSC,-5.325867686,2.235538889
TCGA-5C-AAPD-01,,TCGA Tumor,LIHC,0.371060387,3.514771868
TCGA-DB-A64U-01,,TCGA Tumor,LGG,3.076456752,-10.52884538
TARGET-10-PASSXJ-03,,TCGA Tumor,Target-ALL,-8.422564063,-8.393308233
TCGA-CF-A47X-01,,TCGA Tumor,BLCA,-3.592127356,0.090361301
TARGET-20-PARPDS-09,,TCGA Tumor,LAML,-5.528847251,-12.44884736
TCGA-K7-A6G5-01,,TCGA Tumor,LIHC,1.072166589,4.195416857
TCGA-DD-A116-01,,TCGA Tumor,LIHC,0.926411178,3.797417809
TCGA-BF-A1PX-01,,TCGA Tumor,SKCM,-6.42199758,-0.012835312
TCGA-EL-A3D4-01,,TCGA Tumor,THCA,11.66246554,0.750655998
TCGA-HT-7467-01,,TCGA Tumor,LGG,2.781672206,-9.733954977
TCGA-DJ-A1QD-01,,TCGA Tumor,THCA,11.04749915,-0.483823429
TCGA-OR-A5JP-01,,TCGA Tumor,ACC,-3.497208628,-8.583663534
TCGA-L6-A4EQ-01,,TCGA Tumor,THCA,11.53149077,-0.00981624
TCGA-UZ-A9PX-01,,TCGA Tumor,KIRP,-0.937439832,7.789807726
TCGA-TS-A7P6-01,,TCGA Tumor,MESO,-0.138491246,1.530241777
TCGA-AO-A0J7-01,,TCGA Tumor,BRCA,5.496274438,-1.617270421
TARGET-20-PANLIR-09,,TCGA Tumor,LAML,-3.937675986,-12.3086458
TCGA-35-4122-01,,TCGA Tumor,LUAD,0.247426372,-1.711169552
TARGET-10-PAPGGT-03,,TCGA Tumor,Target-ALL,-8.420078788,-8.373285841
TCGA-SX-A71U-01,,TCGA Tumor,KIRP,-0.942500982,7.791888167
TCGA-D8-A1XY-01,,TCGA Tumor,BRCA,3.877211776,-1.715591143
TARGET-50-PAKKSE-01,,TCGA Tumor,WT,-3.950430426,6.746698309
TCGA-L5-A43I-01,,TCGA Tumor,ESCA,-3.829606089,-3.620698522
TCGA-20-1687-01,,TCGA Tumor,OV,2.015869942,8.213009287
TCGA-EY-A3QX-01,,TCGA Tumor,UCEC,-0.256168399,-2.717449259
TCGA-ER-A42H-01,,TCGA Tumor,SKCM,5.891892877,3.751794268
TCGA-HT-A61C-01,,TCGA Tumor,LGG,1.624326196,-9.19744737
TCGA-58-8386-01,,TCGA Tumor,LUSC,-6.225692305,1.083322097
TCGA-41-2572-01,,TCGA Tumor,GBM,1.254146781,-9.758849691
TCGA-DU-A76O-01,,TCGA Tumor,LGG,2.272484746,-10.96125657
TCGA-A2-A0CK-01,,TCGA Tumor,BRCA,4.333603111,-1.767049025
TCGA-AZ-5403-01,,TCGA Tumor,COAD,-5.82405189,-3.721582483
TCGA-OR-A5LT-01,,TCGA Tumor,ACC,-3.4755967,-8.617180418
TCGA-CN-A6V1-01,,TCGA Tumor,HNSC,-6.155310187,2.224986483
TCGA-V4-A9E9-01,,TCGA Tumor,UVM,6.735475984,4.452801634
TCGA-DD-AACJ-01,,TCGA Tumor,LIHC,1.290844169,3.870803047
TCGA-AC-A8OR-01,,TCGA Tumor,BRCA,5.630681005,-1.644527983
TCGA-G3-AAV5-01,,TCGA Tumor,LIHC,1.388409462,3.803441454
TCGA-FN-7833-01,,TCGA Tumor,LGG,2.275606361,-10.85403402
TCGA-CM-5861-01,,TCGA Tumor,COAD,-4.841496024,-3.711151909
TCGA-A2-A0YH-01,,TCGA Tumor,BRCA,4.090356317,-1.829700898
TCGA-ER-A19B-06,,TCGA Tumor,SKCM,5.041847673,3.435717989
TCGA-DD-A11B-01,,TCGA Tumor,LIHC,0.893281993,3.866794277
TCGA-WC-A888-01,,TCGA Tumor,UVM,6.717102494,4.430772234
TCGA-UF-A71E-01,,TCGA Tumor,HNSC,-6.043448958,2.383433987
TCGA-UE-A6QU-01,,TCGA Tumor,SARC,0.636283335,0.931178619
TCGA-G3-A5SK-01,,TCGA Tumor,LIHC,1.033281949,4.18422978
TCGA-EL-A3H1-01,,TCGA Tumor,THCA,11.5791125,0.799104263
TCGA-DW-7834-01,,TCGA Tumor,KIRP,-0.902547273,7.72543471
TCGA-2G-AAGW-01,,TCGA Tumor,TGCT,-1.703322444,5.203339506
TCGA-2F-A9KQ-01,,TCGA Tumor,BLCA,-3.640893969,0.146721933
TCGA-CJ-6031-01,,TCGA Tumor,KIRC,6.234974351,-5.365455698
TCGA-KS-A41F-01,,TCGA Tumor,THCA,11.16130301,-0.442455392
TCGA-CV-7409-01,,TCGA Tumor,HNSC,-6.242391619,1.184396793
TCGA-EW-A3U0-01,,TCGA Tumor,BRCA,1.016953793,-1.5376379
TCGA-AQ-A7U7-01,,TCGA Tumor,BRCA,4.674668279,-1.514653276
TCGA-12-0821-01,,TCGA Tumor,GBM,1.251887765,-9.841325353
TCGA-TQ-A7RF-01,,TCGA Tumor,LGG,2.212214914,-10.69105585
TCGA-B0-4700-01,,TCGA Tumor,KIRC,6.172022786,-5.399308752
TCGA-B0-5092-01,,TCGA Tumor,KIRC,5.991724458,-5.853409838
TCGA-J9-A52E-01,,TCGA Tumor,PRAD,9.287983384,8.051496912
TCGA-XM-A8R8-01,,TCGA Tumor,THYM,-8.496363196,6.778302599
TCGA-CZ-4859-01,,TCGA Tumor,KIRC,6.325220552,-6.78408296
TCGA-19-2619-01,,TCGA Tumor,GBM,1.22481772,-9.857156347
TCGA-31-1956-01,,TCGA Tumor,OV,1.011579123,-0.555838775
TCGA-F6-A8O3-01,,TCGA Tumor,LGG,3.165567842,-10.54590471
TCGA-CN-A49B-01,,TCGA Tumor,HNSC,-5.981196437,1.527143408
TCGA-EE-A2GE-06,,TCGA Tumor,SKCM,4.983746495,3.387514282
TCGA-CQ-A4CB-01,,TCGA Tumor,HNSC,-5.488773379,0.760801841
TCGA-SR-A6MS-01,,TCGA Tumor,PCPG,0.192556274,12.83315604
TCGA-B7-A5TN-01,,TCGA Tumor,STAD,-3.10188416,-2.620159696
TCGA-DD-A73E-01,,TCGA Tumor,LIHC,1.341841605,3.86855476
TCGA-94-8491-01,,TCGA Tumor,LUSC,-5.655429873,1.949361254
TCGA-VS-A9UB-01,,TCGA Tumor,CESC,-5.279829058,0.808199693
TCGA-LN-A4A3-01,,TCGA Tumor,ESCA,-6.47109178,0.61739992
TCGA-CH-5763-01,,TCGA Tumor,PRAD,9.262573686,8.11550944
TCGA-CA-5796-01,,TCGA Tumor,COAD,-4.908041034,-3.736072849
TCGA-DD-AADJ-01,,TCGA Tumor,LIHC,0.406124236,3.570636202
TCGA-86-7953-01,,TCGA Tumor,LUAD,-0.176685426,-2.868148397
TCGA-59-2352-01,,TCGA Tumor,OV,1.46440598,7.903420378
TCGA-A7-A13F-01,,TCGA Tumor,BRCA,5.59747931,-1.73298211
TCGA-ET-A2MX-01,,TCGA Tumor,THCA,11.01227614,-0.477629851
TCGA-V4-A9EV-01,,TCGA Tumor,UVM,6.790715184,4.503435541
TCGA-EU-5907-01,,TCGA Tumor,KIRC,6.192161527,-6.247123789
TCGA-2G-AALX-01,,TCGA Tumor,TGCT,0.723639932,1.208266545
TCGA-QR-A70H-01,,TCGA Tumor,PCPG,0.021468249,13.01102774
TCGA-LT-A8JT-01,,TCGA Tumor,BLCA,-3.671194587,0.108487122
TCGA-DX-A3M1-01,,TCGA Tumor,SARC,1.239600625,1.703357388
TCGA-5S-A9Q8-01,,TCGA Tumor,UCEC,1.248587277,6.648134161
TCGA-R8-A6ML-01,,TCGA Tumor,LGG,3.143689361,-10.51630266
TCGA-CR-5247-01,,TCGA Tumor,HNSC,-6.322656188,1.030198861
TCGA-60-2697-01,,TCGA Tumor,LUSC,-0.945183787,-1.888935398
TARGET-20-PASJTM-09,,TCGA Tumor,LAML,-5.502596411,-12.43293435
TCGA-QR-A70P-01,,TCGA Tumor,PCPG,0.160790097,12.86477225
TCGA-HC-7213-01,,TCGA Tumor,PRAD,8.100691762,8.59002154
TCGA-UZ-A9PV-01,,TCGA Tumor,KIRP,-0.761171016,7.549981047
TCGA-KS-A41I-01,,TCGA Tumor,THCA,11.21361777,0.539427121
TCGA-L5-A891-01,,TCGA Tumor,ESCA,-5.749544177,-3.454623054
TCGA-DU-A5TT-01,,TCGA Tumor,LGG,1.297088113,-9.955808233
TCGA-EE-A2M5-06,,TCGA Tumor,SKCM,1.120932069,1.11731558
TCGA-NC-A5HN-01,,TCGA Tumor,LUSC,-5.301886592,2.393082071
TCGA-C8-A8HR-01,,TCGA Tumor,BRCA,4.425039258,-1.683286976
TCGA-44-5643-01,,TCGA Tumor,LUAD,-5.65567306,1.941396166
TCGA-W5-AA2R-01,,TCGA Tumor,CHOL,-0.112721596,3.02422588
TCGA-EM-A3FR-01,,TCGA Tumor,THCA,11.56225058,0.800774206
TCGA-21-5784-01,,TCGA Tumor,LUSC,-5.971475634,0.967738379
TCGA-D8-A1Y0-01,,TCGA Tumor,BRCA,4.706344571,-1.661778878
TCGA-BR-8676-01,,TCGA Tumor,STAD,-0.626258764,-1.498297762
TCGA-MX-A5UG-01,,TCGA Tumor,STAD,-4.114559684,-3.650727819
TCGA-24-2027-01,,TCGA Tumor,OV,1.369489637,7.115710188
TCGA-13-1489-01,,TCGA Tumor,OV,1.943386283,8.211819101
TCGA-QH-A870-01,,TCGA Tumor,LGG,2.291377273,-10.64064367
TCGA-QS-A5YQ-01,,TCGA Tumor,UCEC,1.434136119,6.524116923
TCGA-22-4609-01,,TCGA Tumor,LUSC,-5.68583158,2.428158451
TCGA-F9-A7VF-01,,TCGA Tumor,KIRP,-0.854321871,7.669555117
TCGA-HC-7209-01,,TCGA Tumor,PRAD,7.884249654,8.849164416
TCGA-UT-A88D-01,,TCGA Tumor,MESO,-0.11386821,1.489232947
TCGA-HT-8107-01,,TCGA Tumor,LGG,2.796262946,-9.73544557
TARGET-20-PAPXWI-09,,TCGA Tumor,LAML,-4.660028491,-11.54627664
TCGA-DZ-6132-01,,TCGA Tumor,KIRP,-0.778244052,7.557689596
TCGA-P3-A6SX-01,,TCGA Tumor,HNSC,-6.567678008,0.617647637
TCGA-GF-A4EO-06,,TCGA Tumor,SKCM,5.262091127,3.469491411
TCGA-EM-A3OA-01,,TCGA Tumor,THCA,11.43603655,0.901176263
TCGA-FB-A78T-01,,TCGA Tumor,PAAD,-3.254975114,-2.694113563
TCGA-AN-A0FN-01,,TCGA Tumor,BRCA,3.270091739,-1.274246286
TCGA-GV-A6ZA-01,,TCGA Tumor,BLCA,-3.62534431,0.077920059
TARGET-10-PAPSPN-04,,TCGA Tumor,Target-ALL,-8.373291526,-8.335444044
TARGET-20-PARIHK-03,,TCGA Tumor,LAML,-4.917940173,-11.49885614
TCGA-MT-A51X-01,,TCGA Tumor,HNSC,-6.669512305,0.554771889
TARGET-10-PAPSPN-09,,TCGA Tumor,Target-ALL,-8.431427512,-8.380803655
TCGA-DB-A75O-01,,TCGA Tumor,LGG,2.260587778,-10.76849801
TCGA-61-2102-01,,TCGA Tumor,OV,-3.951118026,6.748839785
TCGA-25-1321-01,,TCGA Tumor,OV,1.67478725,8.421340395
TCGA-AA-3685-01,,TCGA Tumor,COAD,-6.090240989,-3.767010759
TCGA-BQ-7051-01,,TCGA Tumor,KIRP,-0.877273712,7.675249029
TCGA-L5-A8NV-01,,TCGA Tumor,ESCA,-3.723585639,-3.581981014
TCGA-CI-6623-01,,TCGA Tumor,READ,-6.127427611,-3.727249693
TCGA-A8-A08J-01,,TCGA Tumor,BRCA,4.980745282,-1.292225551
TARGET-30-PANRHJ-01,,TCGA Tumor,NB,2.654555288,12.9045996
TCGA-DK-A3IL-01,,TCGA Tumor,BLCA,-3.70338777,-0.132091846
TCGA-ET-A3BT-01,,TCGA Tumor,THCA,11.22163149,-0.248698067
TCGA-M7-A71Y-01,,TCGA Tumor,PRAD,9.031997171,8.310378481
TCGA-4C-A93U-01,,TCGA Tumor,THCA,10.97647521,-0.262730788
TARGET-20-PAPWIU-09,,TCGA Tumor,LAML,-4.900585208,-11.39335973
TCGA-CN-A6UY-01,,TCGA Tumor,HNSC,-5.496325526,1.394035627
TARGET-50-PAJLKC-01,,TCGA Tumor,WT,-4.626219306,7.760458876
TCGA-98-A53D-01,,TCGA Tumor,LUSC,-0.994134698,-1.910861324
TCGA-HT-8111-01,,TCGA Tumor,LGG,2.303552356,-10.48991735
TCGA-FD-A5BT-01,,TCGA Tumor,BLCA,-0.033858034,1.41383021
TCGA-MQ-A4LM-01,,TCGA Tumor,MESO,-0.076414171,1.497769047
TCGA-S9-A7QZ-01,,TCGA Tumor,LGG,3.152075496,-10.48031576
TCGA-AF-2690-01,,TCGA Tumor,READ,-5.709649119,-3.084091257
TCGA-12-0619-01,,TCGA Tumor,GBM,1.334720102,-9.065093588
TCGA-FW-A3TV-06,,TCGA Tumor,SKCM,5.869979348,3.472681452
TCGA-F7-A61V-01,,TCGA Tumor,HNSC,-6.383853946,1.13813584
TCGA-UB-AA0V-01,,TCGA Tumor,LIHC,1.045440879,4.142837931
TCGA-05-4427-01,,TCGA Tumor,LUAD,-0.013881061,-3.065558266
TCGA-S7-A7WX-01,,TCGA Tumor,PCPG,-0.066417012,13.1084904
TCGA-EW-A1PF-01,,TCGA Tumor,BRCA,4.123254504,-1.782863568
TCGA-AO-A03L-01,,TCGA Tumor,BRCA,4.938511815,-1.280614804
TCGA-BW-A5NP-01,,TCGA Tumor,LIHC,0.460241232,3.581591774
TCGA-25-1322-01,,TCGA Tumor,OV,1.61090323,8.136242319
TCGA-AN-A0FY-01,,TCGA Tumor,BRCA,5.161567655,-1.434861134
TARGET-30-PANBSP-01,,TCGA Tumor,NB,2.660862651,12.9218859
TCGA-QK-A8Z7-01,,TCGA Tumor,HNSC,-5.957874808,2.411127974
TCGA-J4-A6M7-01,,TCGA Tumor,PRAD,7.734058347,9.186547686
TCGA-EE-A3J5-06,,TCGA Tumor,SKCM,6.006046739,3.567988087
TCGA-XE-A9SE-01,,TCGA Tumor,TGCT,-1.918975148,5.455052305
TCGA-77-7138-01,,TCGA Tumor,LUSC,-6.473694834,0.591882039
TCGA-L6-A4EU-01,,TCGA Tumor,THCA,10.97697112,-0.272159915
TARGET-10-PAPBCI-09,,TCGA Tumor,Target-ALL,-8.364080939,-8.312904905
TCGA-AC-A7VC-01,,TCGA Tumor,BRCA,1.014049556,1.119469453
TCGA-KK-A6E0-01,,TCGA Tumor,PRAD,8.503831353,8.20386355
TCGA-13-0797-01,,TCGA Tumor,OV,1.816745248,8.251524378
TCGA-DD-A4NL-01,,TCGA Tumor,LIHC,1.009098735,4.145298411
TCGA-EP-A3JL-01,,TCGA Tumor,LIHC,0.927943316,4.031122376
TCGA-DA-A960-01,,TCGA Tumor,SKCM,5.849805799,3.400801111
TCGA-73-7498-01,,TCGA Tumor,LUAD,-0.425752673,-2.991070579
TCGA-90-A4ED-01,,TCGA Tumor,LUSC,-5.280493293,0.842031289
TCGA-SY-A9G0-01,,TCGA Tumor,BLCA,-4.014216933,-0.13818128
TCGA-FB-AAPP-01,,TCGA Tumor,PAAD,-4.894484553,-3.732058119
TCGA-UC-A7PI-01,,TCGA Tumor,CESC,-3.253629479,-2.703615259
TCGA-E9-A1R3-01,,TCGA Tumor,BRCA,3.855397191,-1.670458745
TCGA-E2-A1IN-01,,TCGA Tumor,BRCA,3.9178476,-1.676591467
TCGA-FC-A6HD-01,,TCGA Tumor,PRAD,8.444542375,8.240045
TCGA-75-6214-01,,TCGA Tumor,LUAD,-6.291955504,1.457781244
TCGA-E2-A1LB-01,,TCGA Tumor,BRCA,4.085836854,-0.904514383
TCGA-22-5491-01,,TCGA Tumor,LUSC,-5.957047019,2.379137684
TCGA-93-7348-01,,TCGA Tumor,LUAD,-0.446874115,-2.838287186
TCGA-XE-AANJ-01,,TCGA Tumor,TGCT,-1.966562066,5.511128355
TCGA-CZ-5463-01,,TCGA Tumor,KIRC,6.092950311,-6.561944078
TCGA-EM-A22O-01,,TCGA Tumor,THCA,10.94461676,-0.685556303
TCGA-A6-5664-01,,TCGA Tumor,COAD,-5.887952361,-3.381596874
TCGA-AZ-5407-01,,TCGA Tumor,COAD,-5.931282553,-3.732277225
TCGA-CD-A4MJ-01,,TCGA Tumor,STAD,-4.56893209,-3.630802463
TCGA-97-8174-01,,TCGA Tumor,LUAD,-0.6801509,-2.789327692
TCGA-WB-A80N-01,,TCGA Tumor,PCPG,-0.044112626,13.08606951
TARGET-30-PATESI-01,,TCGA Tumor,NB,2.640083041,12.8871073
TCGA-CZ-5452-01,,TCGA Tumor,KIRC,5.997914758,-6.393093656
TCGA-A2-A25E-01,,TCGA Tumor,BRCA,5.565599408,-1.562264155
TCGA-DG-A2KL-01,,TCGA Tumor,CESC,-6.056487593,1.593041946
TCGA-HU-A4H3-01,,TCGA Tumor,STAD,-3.843397651,-3.676328491
TCGA-AB-2991-03,,TCGA Tumor,LAML,-4.232189688,-11.96457727
TCGA-DB-5273-01,,TCGA Tumor,LGG,2.204369393,-10.91057927
TCGA-ET-A3DO-01,,TCGA Tumor,THCA,10.9202542,-0.271396737
TCGA-BT-A2LD-01,,TCGA Tumor,BLCA,-3.924849067,-0.714589666
TCGA-B0-4839-01,,TCGA Tumor,KIRC,6.277626481,-5.666472029
TCGA-EE-A2GP-06,,TCGA Tumor,SKCM,5.279241052,3.442485739
TCGA-DK-A1AC-01,,TCGA Tumor,BLCA,-3.58234385,-0.553606044
TCGA-55-8620-01,,TCGA Tumor,LUAD,-1.269664559,-0.669565092
TCGA-CZ-5468-01,,TCGA Tumor,KIRC,6.197465387,-5.298336099
TCGA-EJ-5499-01,,TCGA Tumor,PRAD,7.852107015,9.025854517
TCGA-GL-A59T-01,,TCGA Tumor,KIRP,-0.872491989,7.703680922
TCGA-XF-A9T8-01,,TCGA Tumor,BLCA,-6.392224345,1.59009533
TCGA-CN-4729-01,,TCGA Tumor,HNSC,-6.528236899,0.427230973
TCGA-YS-A95B-01,,TCGA Tumor,MESO,-0.054687772,1.440671731
TCGA-58-8390-01,,TCGA Tumor,LUSC,-5.247132334,0.931661595
TCGA-CN-A6V6-01,,TCGA Tumor,HNSC,-6.370733294,1.878443409
TCGA-EW-A1IY-01,,TCGA Tumor,BRCA,3.967682805,-1.636475872
TCGA-B6-A0X4-01,,TCGA Tumor,BRCA,5.907685247,-1.639185499
TARGET-50-PAJNYT-01,,TCGA Tumor,WT,-3.957033191,6.750986982
TCGA-D8-A1XQ-01,,TCGA Tumor,BRCA,0.251500246,-1.832455109
TCGA-KK-A6DY-01,,TCGA Tumor,PRAD,8.137583223,8.578262736
TCGA-62-8399-01,,TCGA Tumor,LUAD,-0.638391409,-2.450515341
TCGA-JW-AAVH-01,,TCGA Tumor,CESC,-6.208078418,2.16971438
TCGA-EJ-5510-01,,TCGA Tumor,PRAD,8.06870934,8.749231745
TCGA-EB-A41B-01,,TCGA Tumor,SKCM,5.900568452,3.591360022
TCGA-W5-AA36-01,,TCGA Tumor,CHOL,-0.110602412,3.023944784
TCGA-DI-A1C3-01,,TCGA Tumor,UCEC,1.414955464,6.57550614
TCGA-DC-6682-01,,TCGA Tumor,READ,-5.853806052,-3.639941524
TCGA-HT-7470-01,,TCGA Tumor,LGG,2.837866512,-9.764347624
TCGA-80-5607-01,,TCGA Tumor,LUAD,-0.217971775,-3.06932218
TCGA-A2-A0CL-01,,TCGA Tumor,BRCA,4.006378617,-1.800812076
TCGA-3S-AAYX-01,,TCGA Tumor,THYM,-10.84823373,6.067498137
TCGA-KM-8477-01,,TCGA Tumor,KICH,-3.526116643,5.082434107
TCGA-CJ-4892-01,,TCGA Tumor,KIRC,6.222466912,-6.700610231
TCGA-FG-A4MY-01,,TCGA Tumor,LGG,2.281497803,-10.97532327
TCGA-2G-AAGP-01,,TCGA Tumor,TGCT,-1.688369784,5.185307909
TCGA-C8-A27A-01,,TCGA Tumor,BRCA,5.948393312,-1.652635883
TCGA-DD-A4ND-01,,TCGA Tumor,LIHC,0.544522014,3.700319458
TCGA-DD-AADF-01,,TCGA Tumor,LIHC,0.841563966,4.13445561
TCGA-X7-A8DB-01,,TCGA Tumor,THYM,-10.84541181,6.066182066
TCGA-EE-A20B-06,,TCGA Tumor,SKCM,4.985834089,3.387108256
TARGET-30-PARZIP-01,,TCGA Tumor,NB,2.736483541,12.99431079
TCGA-29-1762-01,,TCGA Tumor,OV,1.853674021,8.31639712
TARGET-50-PAJMEL-01,,TCGA Tumor,WT,-3.95742229,6.75245421
TARGET-21-PASLZE-09,,TCGA Tumor,LAML,-5.146852526,-12.25891263
TCGA-AB-2803-03,,TCGA Tumor,LAML,-4.227987799,-12.03054483
TCGA-ZJ-AB0I-01,,TCGA Tumor,CESC,-6.539356265,1.128204991
TCGA-WB-A80L-01,,TCGA Tumor,PCPG,0.143492427,12.88679354
TCGA-KU-A6H8-01,,TCGA Tumor,HNSC,-6.110891375,0.215044786
TCGA-CQ-5331-01,,TCGA Tumor,HNSC,-6.682889495,0.433282871
TCGA-61-2110-01,,TCGA Tumor,OV,1.420007911,7.994505335
TARGET-30-PASTCN-01,,TCGA Tumor,NB,2.697376456,12.95441764
TCGA-FD-A6TD-01,,TCGA Tumor,BLCA,-5.186070952,0.697899212
TCGA-DJ-A4UP-01,,TCGA Tumor,THCA,11.53388831,0.527817596
TCGA-DK-AA77-01,,TCGA Tumor,BLCA,-3.600987944,0.001794927
TCGA-AY-6196-01,,TCGA Tumor,COAD,-2.703158412,-1.968634676
TARGET-20-PASYJI-04,,TCGA Tumor,LAML,-5.474170718,-12.43364866
TCGA-E9-A249-01,,TCGA Tumor,BRCA,5.329117265,-1.36902697
TCGA-77-7141-01,,TCGA Tumor,LUSC,-5.210496936,2.477332998
TARGET-20-PASYJI-09,,TCGA Tumor,LAML,-4.088151011,-12.15773065
TCGA-90-7766-01,,TCGA Tumor,LUSC,-5.862916026,2.209661175
TCGA-DU-7306-01,,TCGA Tumor,LGG,2.24854311,-10.88434179
TCGA-D9-A6EC-06,,TCGA Tumor,SKCM,5.655858484,3.397675444
TCGA-59-2363-01,,TCGA Tumor,OV,1.741250363,8.104187418
TCGA-3H-AB3K-01,,TCGA Tumor,MESO,-0.118455086,1.491719652
TCGA-N5-A4RV-01,,TCGA Tumor,UCS,0.726293173,1.183835674
TCGA-EE-A29P-06,,TCGA Tumor,SKCM,5.758271661,3.595176388
TCGA-B0-5711-01,,TCGA Tumor,KIRC,6.197700467,-6.798901628
TCGA-B6-A0I6-01,,TCGA Tumor,BRCA,1.03396019,-1.492396306
TCGA-EE-A2GM-06,,TCGA Tumor,SKCM,5.587923017,3.771409203
TCGA-SC-A6LN-01,,TCGA Tumor,MESO,-0.116882953,1.47994547
TCGA-2J-AABE-01,,TCGA Tumor,PAAD,-3.236896786,-2.738834213
TCGA-XF-A8HC-01,,TCGA Tumor,BLCA,-3.579908643,-0.451768171
TCGA-D3-A8GQ-06,,TCGA Tumor,SKCM,4.952188935,3.382893253
TCGA-A2-A0ET-01,,TCGA Tumor,BRCA,5.56747767,-1.505858969
TCGA-DB-A4XE-01,,TCGA Tumor,LGG,2.445428815,-10.42299421
TCGA-XR-A8TC-01,,TCGA Tumor,LIHC,0.391062511,3.545417477
TCGA-CH-5764-01,,TCGA Tumor,PRAD,7.713007894,9.201239039
TCGA-RN-AAAQ-01,,TCGA Tumor,SARC,4.878833738,3.352939774
TCGA-A8-A07P-01,,TCGA Tumor,BRCA,5.669808831,-1.753276538
TCGA-BH-A1F5-01,,TCGA Tumor,BRCA,5.450201955,-1.448808383
TCGA-3A-A9IS-01,,TCGA Tumor,PAAD,-1.286135826,-0.666403722
TCGA-43-2581-01,,TCGA Tumor,LUSC,-0.104440543,-2.680463623
TCGA-49-AAR2-01,,TCGA Tumor,LUAD,-0.821052704,-2.307949613
TCGA-HT-A4DS-01,,TCGA Tumor,LGG,1.257219103,-9.943234037
TCGA-PQ-A6FN-01,,TCGA Tumor,BLCA,-5.964473281,0.962954749
TCGA-AB-2819-03,,TCGA Tumor,LAML,-4.664505515,-11.45872743
TARGET-21-PATJMY-09,,TCGA Tumor,LAML,-5.296172652,-12.33262117
TCGA-B3-A6W5-01,,TCGA Tumor,KIRP,-0.896062526,7.728673388
TCGA-DD-AACA-01,,TCGA Tumor,LIHC,1.333839562,3.871933151
TCGA-DJ-A4UT-01,,TCGA Tumor,THCA,11.1913571,0.184003253
TCGA-XF-A9SL-01,,TCGA Tumor,BLCA,-3.936323676,-0.615953873
TCGA-D5-6920-01,,TCGA Tumor,COAD,-5.602603469,-3.74146397
TARGET-50-PAKPDF-01,,TCGA Tumor,WT,-4.580037627,7.713223387
TCGA-DD-AAE3-01,,TCGA Tumor,LIHC,1.054408338,4.190998961
TCGA-CG-4477-01,,TCGA Tumor,STAD,-3.368200335,-2.229960274
TCGA-EE-A185-06,,TCGA Tumor,SKCM,6.066028562,3.523851801
TCGA-B8-4151-01,,TCGA Tumor,KIRC,6.333512273,-6.77565391
TCGA-55-6543-01,,TCGA Tumor,LUAD,-0.41044173,-2.909949373
TCGA-JY-A93F-01,,TCGA Tumor,ESCA,-6.519640956,1.100032021
TCGA-QT-A5XP-01,,TCGA Tumor,PCPG,0.028189626,13.00998442
TCGA-W2-A7HF-01,,TCGA Tumor,PCPG,-0.033717606,13.07559626
TCGA-2Z-A9J5-01,,TCGA Tumor,KIRP,-0.964681659,7.793936182
TCGA-GN-A4U5-01,,TCGA Tumor,SKCM,5.27787539,3.891649891
TCGA-DU-8158-01,,TCGA Tumor,LGG,1.412474361,-9.956147741
TCGA-HT-7474-01,,TCGA Tumor,LGG,2.794547763,-9.723070692
TCGA-2J-AABF-01,,TCGA Tumor,PAAD,-2.621861014,-2.488152336
TCGA-G9-6363-01,,TCGA Tumor,PRAD,7.729157415,9.191395212
TCGA-49-4501-01,,TCGA Tumor,LUAD,-0.235783312,-2.799899172
TCGA-IB-7893-01,,TCGA Tumor,PAAD,-2.098728213,-2.442803692
TCGA-A8-A08F-01,,TCGA Tumor,BRCA,5.667108026,-1.691803049
TCGA-ZG-A9L2-01,,TCGA Tumor,PRAD,7.786701646,9.14145701
TCGA-CV-A461-01,,TCGA Tumor,HNSC,-6.211459193,1.837227155
TCGA-B9-4115-01,,TCGA Tumor,KIRP,-0.957898888,7.809940745
TCGA-2X-A9D6-01,,TCGA Tumor,TGCT,-1.95846704,5.501013209
TCGA-IA-A40X-01,,TCGA Tumor,KIRP,-0.818422947,7.614546705
TARGET-50-CAAAAM-01,,TCGA Tumor,WT,-3.966184172,6.764937807
TCGA-VN-A88L-01,,TCGA Tumor,PRAD,7.724269357,9.201930452
TCGA-TQ-A7RJ-01,,TCGA Tumor,LGG,2.357634154,-10.60653741
TCGA-RC-A6M4-01,,TCGA Tumor,LIHC,1.311471846,3.880172897
TCGA-G7-6789-01,,TCGA Tumor,KIRP,6.302977052,-5.295245241
TCGA-GC-A6I1-01,,TCGA Tumor,BLCA,-5.401180301,0.724329282
TCGA-FD-A5BX-01,,TCGA Tumor,BLCA,1.219851461,1.186536003
TCGA-DA-A1HY-06,,TCGA Tumor,SKCM,5.125135865,3.451472689
TCGA-AB-2971-03,,TCGA Tumor,LAML,-3.833232913,-12.36904104
TCGA-BB-8596-01,,TCGA Tumor,HNSC,-5.652299437,1.185907651
TCGA-G4-6297-01,,TCGA Tumor,COAD,-5.632816825,-3.590895008
TCGA-G3-A7M7-01,,TCGA Tumor,LIHC,1.041984763,4.125975538
TCGA-62-A46S-01,,TCGA Tumor,LUAD,-0.681930218,-2.403756689
TCGA-BT-A20V-01,,TCGA Tumor,BLCA,-5.142551455,1.187027742
TCGA-85-8354-01,,TCGA Tumor,LUSC,-5.264746222,2.307745386
TCGA-LN-A7HZ-01,,TCGA Tumor,ESCA,-5.317925963,2.26854365
TCGA-AC-A5XU-01,,TCGA Tumor,BRCA,5.634263959,-1.693274092
TCGA-EJ-5496-01,,TCGA Tumor,PRAD,7.713190999,9.211182047
TARGET-20-PADYIR-04,,TCGA Tumor,LAML,-5.493456874,-12.44770677
TCGA-E8-A44K-01,,TCGA Tumor,THCA,10.91098258,-0.295470815
TCGA-KK-A8IA-01,,TCGA Tumor,PRAD,7.956925359,8.794532229
TCGA-OR-A5JA-01,,TCGA Tumor,ACC,-3.469566378,-8.615662168
TCGA-CC-A3MB-01,,TCGA Tumor,LIHC,0.808103528,3.816103388
TCGA-24-1552-01,,TCGA Tumor,OV,1.655938354,7.991557528
TARGET-50-PAJNGH-02,,TCGA Tumor,WT,-4.635842833,7.772129465
TCGA-49-AARQ-01,,TCGA Tumor,LUAD,-0.236299071,-2.678779911
TCGA-13-1477-01,,TCGA Tumor,OV,1.229831662,7.683088232
TCGA-56-8201-01,,TCGA Tumor,LUSC,-5.340840373,0.763027657
TCGA-EJ-5509-01,,TCGA Tumor,PRAD,8.889909234,8.289925028
TCGA-25-1326-01,,TCGA Tumor,OV,1.46962997,7.987447191
TCGA-AN-A0XL-01,,TCGA Tumor,BRCA,3.876770463,-1.71241815
TCGA-BQ-5892-01,,TCGA Tumor,KIRP,5.96042296,-5.894901346
TCGA-MY-A5BF-01,,TCGA Tumor,CESC,-6.296150718,1.71600442
TCGA-L5-A8NU-01,,TCGA Tumor,ESCA,-2.63583878,-1.935192894
TCGA-E9-A1ND-01,,TCGA Tumor,BRCA,-3.39039639,-0.901653599
TCGA-EE-A29T-06,,TCGA Tumor,SKCM,5.044577565,3.399121691
TCGA-V1-A9OF-01,,TCGA Tumor,PRAD,8.699341264,8.191865374
TCGA-S9-A7QY-01,,TCGA Tumor,LGG,2.97653934,-10.39872796
TCGA-EL-A3CM-01,,TCGA Tumor,THCA,11.0977225,-0.394165944
TCGA-CM-5863-01,,TCGA Tumor,COAD,-5.718788657,-3.507543634
TCGA-DB-A4XA-01,,TCGA Tumor,LGG,3.067161765,-10.49973066
TCGA-XR-A8TG-01,,TCGA Tumor,LIHC,0.920242098,4.151316572
TCGA-A8-A08R-01,,TCGA Tumor,BRCA,1.003753092,-1.567588281
TCGA-G7-6797-01,,TCGA Tumor,KIRP,-0.906344566,7.716404844
TARGET-10-PAPEJN-04,,TCGA Tumor,Target-ALL,-8.403262648,-8.35796697
TCGA-63-A5MW-01,,TCGA Tumor,LUSC,0.799133864,0.959567536
TCGA-XA-A8JR-01,,TCGA Tumor,PRAD,9.283843484,8.13073485
TCGA-28-5213-01,,TCGA Tumor,GBM,1.242401269,-9.631485533
TCGA-24-0982-01,,TCGA Tumor,OV,1.404925671,7.995583941
TCGA-EB-A5VU-01,,TCGA Tumor,SKCM,5.276462999,3.919772555
TCGA-GF-A6C9-06,,TCGA Tumor,SKCM,4.99267098,3.414842058
TCGA-B1-A656-01,,TCGA Tumor,KIRP,-0.804557237,7.583451201
TCGA-GV-A3JW-01,,TCGA Tumor,BLCA,-3.534659419,-0.16485266
TCGA-DD-AAVW-01,,TCGA Tumor,LIHC,0.662218806,3.807365824
TCGA-P5-A731-01,,TCGA Tumor,LGG,2.822011676,-9.745017599
TCGA-AB-2990-03,,TCGA Tumor,LAML,-4.051073584,-12.18325765
TCGA-D5-6540-01,,TCGA Tumor,COAD,-4.402522597,-3.528018068
TCGA-N8-A4PN-01,,TCGA Tumor,UCS,-3.954907927,6.756002356
TCGA-GM-A2DC-01,,TCGA Tumor,BRCA,5.601527658,-1.693873476
TCGA-QR-A6H2-01,,TCGA Tumor,PCPG,0.080222305,12.9549412
TCGA-93-A4JN-01,,TCGA Tumor,LUAD,-0.322723064,-2.818552326
TCGA-E1-A7YE-01,,TCGA Tumor,LGG,2.260673251,-10.97971113
TCGA-Q1-A5R1-01,,TCGA Tumor,CESC,-3.152155671,-2.62656052
TCGA-FU-A57G-01,,TCGA Tumor,CESC,0.892254141,6.636129786
TCGA-N5-A4RN-01,,TCGA Tumor,UCS,0.668867108,1.070393015
TCGA-GS-A9U3-01,,TCGA Tumor,DLBC,-8.519826445,6.893912245
TARGET-20-PAECCE-09,,TCGA Tumor,LAML,-3.89399055,-12.33313329
TCGA-FG-A710-01,,TCGA Tumor,LGG,3.08045384,-10.42046506
TCGA-H7-A76A-01,,TCGA Tumor,HNSC,-6.185092006,1.236078311
TCGA-EJ-5495-01,,TCGA Tumor,PRAD,7.787880388,9.083308626
TCGA-OR-A5J5-01,,TCGA Tumor,ACC,-3.465455565,-8.611663412
TARGET-20-PARLVL-04,,TCGA Tumor,LAML,-4.871077094,-11.46033628
TARGET-21-PATAIJ-42,,TCGA Tumor,LAML,-5.342896018,-12.34888036
TCGA-10-0931-01,,TCGA Tumor,OV,1.803378906,8.01392119
TCGA-AN-A04C-01,,TCGA Tumor,BRCA,4.192914453,-0.94363458
TARGET-30-PARSBI-01,,TCGA Tumor,NB,2.699036803,12.95917552
TCGA-09-1670-01,,TCGA Tumor,OV,1.710216847,8.492970873
TCGA-HT-8010-01,,TCGA Tumor,LGG,2.803948608,-9.757172178
TARGET-50-PAJMLZ-01,,TCGA Tumor,WT,-4.64568809,7.781198431
TCGA-BQ-7050-01,,TCGA Tumor,KIRP,5.630315271,-5.258572649
TCGA-C5-A1BQ-01,,TCGA Tumor,CESC,-5.803171668,1.553168942
TCGA-AB-2854-03,,TCGA Tumor,LAML,-3.872905288,-12.34714754
TCGA-2H-A9GR-01,,TCGA Tumor,ESCA,-3.940138373,-3.672888588
TCGA-DH-5143-01,,TCGA Tumor,LGG,2.30347034,-10.43644388
TCGA-60-2708-01,,TCGA Tumor,LUSC,-5.681284461,1.327106167
TCGA-DU-7299-01,,TCGA Tumor,LGG,2.274110999,-10.77006585
TCGA-HC-7821-01,,TCGA Tumor,PRAD,7.737707582,9.169073511
TCGA-KS-A4ID-01,,TCGA Tumor,THCA,11.13647601,0.337982376
TCGA-29-1688-01,,TCGA Tumor,OV,1.830096569,8.521930147
TCGA-B8-A54J-01,,TCGA Tumor,KIRC,6.357167688,-6.648340296
TCGA-VR-A8ET-01,,TCGA Tumor,ESCA,-6.52328876,1.271507193
TCGA-A2-A0YT-01,,TCGA Tumor,BRCA,5.615558114,-1.602407049
TCGA-91-6847-01,,TCGA Tumor,LUAD,-0.574429068,-2.075896334
TCGA-DB-5270-01,,TCGA Tumor,LGG,2.793138471,-9.704889845
TCGA-B8-5551-01,,TCGA Tumor,KIRC,6.039860215,-5.387294363
TCGA-24-1565-01,,TCGA Tumor,OV,1.970547047,8.329547335
TCGA-FE-A3PC-01,,TCGA Tumor,THCA,11.37581584,0.413281549
TCGA-CF-A1HS-01,,TCGA Tumor,BLCA,-6.510547671,0.4992054
TCGA-14-0789-01,,TCGA Tumor,GBM,1.362771061,-9.152004789
TCGA-BP-4769-01,,TCGA Tumor,KIRC,0.942322459,6.589287687
TCGA-25-1319-01,,TCGA Tumor,OV,1.708191362,8.483285357
TCGA-22-4593-01,,TCGA Tumor,LUSC,-5.366544757,0.834201146
TCGA-K1-A42W-01,,TCGA Tumor,SARC,2.039581862,1.680820872
TCGA-85-7843-01,,TCGA Tumor,LUSC,-5.965409312,2.372652937
TCGA-20-1683-01,,TCGA Tumor,OV,1.36810663,7.921540667
TARGET-20-PASIBG-09,,TCGA Tumor,LAML,-4.167524371,-12.07677896
TCGA-60-2696-01,,TCGA Tumor,LUSC,-5.278591666,1.39374571
TCGA-FF-A7CQ-01,,TCGA Tumor,DLBC,-8.541396651,6.900711943
TCGA-55-6642-01,,TCGA Tumor,LUAD,-0.908285293,-1.996887993
TCGA-34-5240-01,,TCGA Tumor,LUSC,-5.373622927,2.342510868
TCGA-M7-A721-01,,TCGA Tumor,PRAD,8.463281121,8.170321871
TCGA-D7-8579-01,,TCGA Tumor,STAD,-2.673429045,-1.985976766
TCGA-UZ-A9PR-01,,TCGA Tumor,KIRP,-1.01994482,7.83993714
TCGA-B0-4836-01,,TCGA Tumor,KIRC,6.13265368,-5.39887483
TCGA-36-1575-01,,TCGA Tumor,OV,1.474368658,7.842274119
TCGA-25-2391-01,,TCGA Tumor,OV,1.756728378,8.530541826
TCGA-CU-A5W6-01,,TCGA Tumor,BLCA,-3.694024119,0.099986308
TCGA-BR-8683-01,,TCGA Tumor,STAD,-5.52392343,-3.458370518
TCGA-CG-4443-01,,TCGA Tumor,STAD,-4.01472095,-2.299875091
TCGA-ZQ-A9CR-01,,TCGA Tumor,STAD,-4.104128871,-2.844102215
TCGA-S3-AA10-01,,TCGA Tumor,BRCA,1.005033758,-1.543828915
TCGA-A4-A772-01,,TCGA Tumor,KIRP,-0.922141228,7.749627043
TARGET-20-PARVAI-03,,TCGA Tumor,LAML,-5.511929068,-12.44003065
TCGA-DX-A3UF-01,,TCGA Tumor,SARC,1.984756437,1.60384195
TCGA-09-0364-01,,TCGA Tumor,OV,1.301103082,7.706567694
TCGA-BT-A20T-01,,TCGA Tumor,BLCA,-3.883812938,0.169089947
TCGA-33-6737-01,,TCGA Tumor,LUSC,-1.298509035,-2.180198978
TCGA-CV-7180-01,,TCGA Tumor,HNSC,-6.860226187,0.772499729
TCGA-KT-A74X-01,,TCGA Tumor,LGG,3.131361451,-10.52221067
TCGA-D3-A3C1-06,,TCGA Tumor,SKCM,5.098133054,3.460496594
TCGA-BH-A1EO-01,,TCGA Tumor,BRCA,3.311856475,-1.277673196
TCGA-DB-A75L-01,,TCGA Tumor,LGG,2.376818505,-10.40575273
TCGA-E2-A107-01,,TCGA Tumor,BRCA,4.672287431,-1.226719927
TCGA-EK-A2PL-01,,TCGA Tumor,CESC,-6.466137442,0.859018375
TCGA-55-8203-01,,TCGA Tumor,LUAD,-0.717299971,-2.352027248
TCGA-A6-2686-01,,TCGA Tumor,COAD,-4.157223258,-3.614422392
TCGA-T1-A6J8-01,,TCGA Tumor,LIHC,0.940754023,4.058501173
TCGA-KB-A93H-01,,TCGA Tumor,STAD,-3.92600635,-3.552891325
TCGA-CV-7416-01,,TCGA Tumor,HNSC,-6.862690005,0.635904003
TCGA-SH-A9CT-01,,TCGA Tumor,MESO,-0.145391974,1.534802247
TCGA-OR-A5JZ-01,,TCGA Tumor,ACC,-3.467608008,-8.619958471
TCGA-CJ-4891-01,,TCGA Tumor,KIRC,6.09971663,-5.315816473
TCGA-KN-8427-01,,TCGA Tumor,KICH,1.104629901,1.200181533
TCGA-EW-A1J5-01,,TCGA Tumor,BRCA,5.058503118,-1.507579159
TCGA-DD-A4NE-01,,TCGA Tumor,LIHC,0.425737031,3.607623745
TCGA-C8-A131-01,,TCGA Tumor,BRCA,4.083506074,-0.893035184
TCGA-29-1691-01,,TCGA Tumor,OV,1.814135399,8.385424067
TCGA-FD-A6TC-01,,TCGA Tumor,BLCA,-3.60055736,-0.347417634
TCGA-GC-A3I6-01,,TCGA Tumor,BLCA,-5.565700087,1.252224017
TARGET-10-PANZXZ-03,,TCGA Tumor,Target-ALL,-8.310985122,-8.268769811
TCGA-UF-A71A-01,,TCGA Tumor,HNSC,-5.4093366,2.342116524
TARGET-10-PAPAIZ-09,,TCGA Tumor,Target-ALL,-8.243415389,-8.215613912
TCGA-66-2771-01,,TCGA Tumor,LUSC,-5.833717379,2.327835013
TCGA-D9-A3Z4-01,,TCGA Tumor,SKCM,5.288561311,3.632643152
TCGA-XE-AAOJ-01,,TCGA Tumor,TGCT,-4.880202803,-1.889149021
TCGA-DM-A28F-01,,TCGA Tumor,COAD,-5.973969016,-3.577236008
TCGA-VR-A8EP-01,,TCGA Tumor,ESCA,-6.162120852,2.083654572
TCGA-CC-A123-01,,TCGA Tumor,LIHC,0.535725784,3.660976339
TCGA-HT-A616-01,,TCGA Tumor,LGG,2.820243325,-9.751133512
TCGA-V1-A8MJ-01,,TCGA Tumor,PRAD,9.246784654,8.144198824
TCGA-D5-7000-01,,TCGA Tumor,COAD,-5.466087374,-3.700694155
TCGA-RD-A8MV-01,,TCGA Tumor,STAD,-3.772545848,-3.707898449
TCGA-HT-A74K-01,,TCGA Tumor,LGG,2.741805759,-10.19298799
TCGA-P7-A5NY-01,,TCGA Tumor,PCPG,-0.052037809,13.09547465
TCGA-A2-A04W-01,,TCGA Tumor,BRCA,4.126629319,-0.915567707
TCGA-94-A5I4-01,,TCGA Tumor,LUSC,-5.44527534,2.524567295
TCGA-CV-7090-01,,TCGA Tumor,HNSC,-6.883472476,0.653795589
TCGA-AB-2918-03,,TCGA Tumor,LAML,-4.863814387,-11.47826345
TCGA-85-A53L-01,,TCGA Tumor,LUSC,-5.444882426,1.525086809
TCGA-AO-A0JG-01,,TCGA Tumor,BRCA,5.360278096,-1.490739297
TCGA-LD-A74U-01,,TCGA Tumor,BRCA,4.520141092,-1.360954594
TCGA-WY-A85C-01,,TCGA Tumor,LGG,2.296395984,-10.9765888
TCGA-FG-8188-01,,TCGA Tumor,LGG,2.246626463,-10.8452831
TARGET-50-PALDTE-01,,TCGA Tumor,WT,-4.579644713,7.71325152
TCGA-AB-3009-03,,TCGA Tumor,LAML,-4.777620826,-11.49242074
TCGA-D3-A2JC-06,,TCGA Tumor,SKCM,5.901355233,3.498524595
TCGA-CD-5801-01,,TCGA Tumor,STAD,-3.781389746,-3.682356428
TCGA-V1-A8X3-01,,TCGA Tumor,PRAD,8.15046021,8.514211107
TCGA-N6-A4V9-01,,TCGA Tumor,UCS,-5.513449702,1.70358174
TCGA-E8-A414-01,,TCGA Tumor,THCA,10.96773478,-0.29876111
TCGA-MK-A4N7-01,,TCGA Tumor,THCA,11.56085345,0.041050256
TCGA-CN-6994-01,,TCGA Tumor,HNSC,-6.523793254,0.558273305
TCGA-W2-A7HA-01,,TCGA Tumor,PCPG,0.122315165,12.86665862
TCGA-B6-A0I5-01,,TCGA Tumor,BRCA,4.40191361,-1.570202302
TCGA-BH-A0RX-01,,TCGA Tumor,BRCA,0.297838133,-1.55472226
TCGA-HZ-A77Q-01,,TCGA Tumor,PAAD,-2.707512412,-2.001057218
TCGA-Q1-A6DW-01,,TCGA Tumor,CESC,-6.346431289,1.596459438
TCGA-FF-8061-01,,TCGA Tumor,DLBC,-8.58281568,6.955629755
TARGET-30-PAPCTS-01,,TCGA Tumor,NB,2.633634057,12.87701361
TCGA-C5-A2M1-01,,TCGA Tumor,CESC,-3.447555337,-2.147199701
TCGA-BH-A0DV-01,,TCGA Tumor,BRCA,3.268791881,-1.271873664
TCGA-R6-A8W8-01,,TCGA Tumor,ESCA,-4.836501632,-3.541969608
TCGA-CW-6093-01,,TCGA Tumor,KIRC,6.360741582,-6.39170463
TCGA-EJ-A46G-01,,TCGA Tumor,PRAD,9.337970224,8.042137552
TCGA-R2-A69V-01,,TCGA Tumor,CESC,-6.316049132,1.496885229
TCGA-22-4594-01,,TCGA Tumor,LUSC,-1.142558965,-1.178888749
TCGA-44-7670-01,,TCGA Tumor,LUAD,-0.50991163,-2.788918327
TCGA-AK-3456-01,,TCGA Tumor,KIRC,5.602725949,-5.217270922
TCGA-CA-5256-01,,TCGA Tumor,COAD,-6.061979327,-3.645230364
TCGA-3G-AB0Q-01,,TCGA Tumor,THYM,-11.08415464,5.872317244
TCGA-BA-A8YP-01,,TCGA Tumor,HNSC,-5.250848803,2.37350123
TCGA-A6-2682-01,,TCGA Tumor,COAD,-6.075080428,-3.720995258
TCGA-CV-7421-01,,TCGA Tumor,HNSC,-6.048054251,1.003172208
TCGA-L5-A8NQ-01,,TCGA Tumor,ESCA,-6.540138755,1.200160671
TCGA-DU-A6S7-01,,TCGA Tumor,LGG,2.272580114,-10.97994668
TARGET-50-PAKJGM-01,,TCGA Tumor,WT,-4.596581015,7.730631281
TCGA-MP-A4TJ-01,,TCGA Tumor,LUAD,-0.725383911,-2.230967115
TCGA-DW-7838-01,,TCGA Tumor,KIRP,-0.886967811,7.696264197
TCGA-XM-A8RH-01,,TCGA Tumor,THYM,-10.83030942,6.066314627
TCGA-KN-8419-01,,TCGA Tumor,KICH,-3.53418735,5.086308886
TCGA-CV-7255-01,,TCGA Tumor,HNSC,-6.730198893,0.585874487
TCGA-CS-6186-01,,TCGA Tumor,LGG,1.247000184,-9.887246679
TCGA-FD-A6TH-01,,TCGA Tumor,BLCA,-4.118067298,-0.675642144
TCGA-09-2044-01,,TCGA Tumor,OV,1.622364011,8.459583689
TCGA-WK-A8Y0-01,,TCGA Tumor,SARC,1.126842525,1.169692804
TCGA-IB-AAUP-01,,TCGA Tumor,PAAD,-2.808750424,-2.190442871
TCGA-RW-A67V-01,,TCGA Tumor,PCPG,0.199853149,12.82677214
TCGA-HT-7855-01,,TCGA Tumor,LGG,2.285193887,-10.99139745
TCGA-D7-8572-01,,TCGA Tumor,STAD,-4.91824964,-2.033192705
TCGA-GM-A2DO-01,,TCGA Tumor,BRCA,4.2469978,-1.776006292
TCGA-D3-A5GN-06,,TCGA Tumor,SKCM,5.139940229,3.491995979
TCGA-60-2721-01,,TCGA Tumor,LUSC,-6.033412013,2.348076988
TCGA-TP-A8TT-01,,TCGA Tumor,PRAD,7.735225644,9.181756426
TCGA-CJ-4638-01,,TCGA Tumor,KIRC,5.95249125,-5.910035204
TCGA-DD-A73G-01,,TCGA Tumor,LIHC,0.464043055,3.587426115
TCGA-K4-A83P-01,,TCGA Tumor,BLCA,-3.996096644,-0.137344982
TCGA-B8-4148-01,,TCGA Tumor,KIRC,6.304502931,-6.773702215
TCGA-DE-A2OL-01,,TCGA Tumor,THCA,11.56956431,0.771817673
TCGA-BT-A20N-01,,TCGA Tumor,BLCA,-4.036521945,0.288027797
TCGA-CN-5365-01,,TCGA Tumor,HNSC,-6.92275289,0.627676178
TCGA-FB-AAPS-01,,TCGA Tumor,PAAD,-2.430545602,-1.874819111
TCGA-CG-5722-01,,TCGA Tumor,STAD,-3.823509249,-3.678056549
TCGA-38-6178-01,,TCGA Tumor,LUAD,-0.359467897,-2.867327045
TCGA-OR-A5JI-01,,TCGA Tumor,ACC,-3.478426728,-8.620895933
TCGA-85-8052-01,,TCGA Tumor,LUSC,-5.350869689,2.399244953
TCGA-KV-A6GD-01,,TCGA Tumor,KIRP,-0.938106093,7.766636301
TCGA-43-3920-01,,TCGA Tumor,LUSC,-5.535350356,0.621138979
TCGA-B1-A655-01,,TCGA Tumor,KIRP,5.593980279,-5.214778017
TCGA-BH-A1ET-01,,TCGA Tumor,BRCA,4.237513509,-1.001112174
TCGA-EB-A5FP-01,,TCGA Tumor,SKCM,6.026891675,3.660072256
TCGA-5P-A9K8-01,,TCGA Tumor,KIRP,5.887029615,-5.519175123
TARGET-30-PATCFL-01,,TCGA Tumor,NB,2.70577642,12.96890967
TCGA-AB-3005-03,,TCGA Tumor,LAML,-3.868696723,-12.33549554
TCGA-AZ-6608-01,,TCGA Tumor,COAD,-6.101236377,-3.715699266
TCGA-09-1667-01,,TCGA Tumor,OV,1.665764418,8.443645884
TCGA-B5-A3FD-01,,TCGA Tumor,UCEC,1.373435762,6.614757944
TCGA-A2-A3KC-01,,TCGA Tumor,BRCA,4.612325635,-1.533195566
TCGA-IB-7651-01,,TCGA Tumor,PAAD,-2.707750354,-2.522645305
TCGA-66-2769-01,,TCGA Tumor,LUSC,-5.335065398,0.741022695
TCGA-DU-7294-01,,TCGA Tumor,LGG,3.177926746,-10.50802381
TCGA-E2-A15J-01,,TCGA Tumor,BRCA,4.584608999,-1.268146705
TCGA-22-1000-01,,TCGA Tumor,LUSC,-6.033186469,1.027923573
TCGA-BP-5187-01,,TCGA Tumor,KIRC,6.204212156,-5.801178049
TCGA-GM-A2DL-01,,TCGA Tumor,BRCA,3.332378116,-1.289763759
TCGA-FS-A1ZP-06,,TCGA Tumor,SKCM,6.621546712,4.332217146
TCGA-L5-A8NF-01,,TCGA Tumor,ESCA,-3.770498786,-3.675200533
TCGA-DB-A64X-01,,TCGA Tumor,LGG,2.32273027,-10.98566873
TCGA-BP-4971-01,,TCGA Tumor,KIRC,6.18698689,-5.729942869
TCGA-61-1736-01,,TCGA Tumor,OV,1.775569167,8.409940172
TCGA-CW-6097-01,,TCGA Tumor,KIRC,6.015251126,-5.75850923
TCGA-B3-8121-01,,TCGA Tumor,KIRP,-0.663775,7.547041823
TCGA-DB-5274-01,,TCGA Tumor,LGG,3.132811513,-10.50124795
TCGA-BB-4224-01,,TCGA Tumor,HNSC,-6.428203139,0.634409774
TCGA-XU-AAXV-01,,TCGA Tumor,THYM,-10.86632398,5.983987261
TCGA-52-7812-01,,TCGA Tumor,LUSC,-0.172618601,-3.107591699
TCGA-BP-4351-01,,TCGA Tumor,KIRC,6.183053937,-6.189482282
TCGA-AG-3591-01,,TCGA Tumor,READ,-6.007533107,-3.776396107
TCGA-FR-A44A-06,,TCGA Tumor,SKCM,5.943995919,3.625475336
TCGA-FP-A4BE-01,,TCGA Tumor,STAD,-4.09673408,-3.566623281
TCGA-DD-AAEB-01,,TCGA Tumor,LIHC,1.20957115,3.892695595
TCGA-MB-A8JL-01,,TCGA Tumor,SARC,1.753551569,1.093033363
TCGA-BP-5192-01,,TCGA Tumor,KIRC,6.28173348,-6.840576242
TCGA-QC-A6FX-01,,TCGA Tumor,SARC,1.276243773,1.249243308
TCGA-EJ-5522-01,,TCGA Tumor,PRAD,7.76140019,9.159839083
TCGA-HP-A5MZ-01,,TCGA Tumor,LIHC,1.013680246,4.136372973
TCGA-BR-8380-01,,TCGA Tumor,STAD,-2.550516639,-1.893231105
TCGA-B0-4697-01,,TCGA Tumor,KIRC,6.315767732,-5.305368494
TCGA-CM-6678-01,,TCGA Tumor,COAD,-6.094025645,-3.668095421
TCGA-EA-A5ZF-01,,TCGA Tumor,CESC,-0.657951507,-2.048479389
TCGA-B5-A11R-01,,TCGA Tumor,UCEC,1.474039164,6.486466337
TCGA-DM-A285-01,,TCGA Tumor,COAD,-5.593167815,-3.498662304
TCGA-77-8008-01,,TCGA Tumor,LUSC,-5.954330954,0.93629222
TCGA-C8-A27B-01,,TCGA Tumor,BRCA,0.914950099,-1.559822987
TCGA-BR-A453-01,,TCGA Tumor,STAD,-2.272792134,-1.75627489
TCGA-97-A4M0-01,,TCGA Tumor,LUAD,-0.239875469,-3.104405474
TCGA-AN-A0AS-01,,TCGA Tumor,BRCA,3.690387454,-1.058311175
TARGET-10-PAPECF-09,,TCGA Tumor,Target-ALL,-8.394968543,-8.361183714
TCGA-HT-7604-01,,TCGA Tumor,LGG,2.268181291,-10.96196515
TCGA-FS-A4F9-06,,TCGA Tumor,SKCM,5.94370791,3.515753676
TCGA-EL-A3ZR-01,,TCGA Tumor,THCA,11.56792971,0.806324233
TCGA-D8-A4Z1-01,,TCGA Tumor,BRCA,4.554155317,-1.62098689
TCGA-49-6767-01,,TCGA Tumor,LUAD,0.036462274,-2.598183225
TCGA-BA-4078-01,,TCGA Tumor,HNSC,-5.305485282,2.415140082
TCGA-A8-A06R-01,,TCGA Tumor,BRCA,3.601555553,-1.311368655
TCGA-FU-A23L-01,,TCGA Tumor,CESC,-6.042552981,1.618723918
TCGA-P5-A72W-01,,TCGA Tumor,LGG,2.245175567,-10.96248586
TCGA-YL-A8SA-01,,TCGA Tumor,PRAD,8.096905198,8.569929529
TCGA-DX-A8BZ-01,,TCGA Tumor,SARC,1.387823191,1.289571811
TCGA-UY-A9PB-01,,TCGA Tumor,BLCA,-5.293238196,0.776198734
TCGA-WB-A81N-01,,TCGA Tumor,PCPG,-0.054492209,13.09629672
TCGA-D7-6518-01,,TCGA Tumor,STAD,-2.456823621,-1.853263329
TCGA-AO-A1KP-01,,TCGA Tumor,BRCA,4.400685277,-1.764804791
TCGA-FE-A3PD-01,,TCGA Tumor,THCA,11.5067515,0.159152132
TCGA-UB-A7MC-01,,TCGA Tumor,LIHC,1.180736985,3.932668139
TCGA-ET-A39T-01,,TCGA Tumor,THCA,10.98643061,-0.583501111
TCGA-GE-A2C6-01,,TCGA Tumor,THCA,11.39510008,-0.139992859
TCGA-AG-4022-01,,TCGA Tumor,READ,-5.926144633,-3.657405447
TCGA-CJ-4895-01,,TCGA Tumor,KIRC,6.095968213,-5.511355947
TCGA-ED-A8O6-01,,TCGA Tumor,LIHC,0.366720956,3.528536726
TCGA-A3-3373-01,,TCGA Tumor,KIRC,6.322085347,-6.736275743
TCGA-BJ-A18Y-01,,TCGA Tumor,THCA,11.58928248,0.769585658
TCGA-C8-A12P-01,,TCGA Tumor,BRCA,4.076482263,-0.861260783
TCGA-A1-A0SF-01,,TCGA Tumor,BRCA,4.70014235,-1.417543959
TCGA-DB-A64O-01,,TCGA Tumor,LGG,1.665507283,-10.05257184
TARGET-10-PARFLV-09,,TCGA Tumor,Target-ALL,-8.292334113,-8.263586592
TCGA-M7-A71Z-01,,TCGA Tumor,PRAD,7.937872853,8.819634844
TCGA-LK-A4O4-01,,TCGA Tumor,MESO,0.405042766,-1.560416292
TCGA-E9-A1RC-01,,TCGA Tumor,BRCA,4.856900659,-1.536972116
TCGA-V1-A9OL-01,,TCGA Tumor,PRAD,8.256102529,8.355205942
TCGA-DJ-A3V9-01,,TCGA Tumor,THCA,11.46785876,-0.030124474
TCGA-A2-A04N-01,,TCGA Tumor,BRCA,4.701633897,-1.657179903
TCGA-55-1595-01,,TCGA Tumor,LUAD,-0.078497413,-2.952311825
TARGET-10-PARFLV-04,,TCGA Tumor,Target-ALL,-8.411959204,-8.369828771
TCGA-ZG-A9L9-01,,TCGA Tumor,PRAD,9.433839288,7.931352545
TCGA-BH-A8FY-01,,TCGA Tumor,BRCA,4.175645795,-1.578605603
TCGA-A8-A09Z-01,,TCGA Tumor,BRCA,5.644773927,-1.671726297
TCGA-5P-A9K2-01,,TCGA Tumor,KIRP,-0.879208479,7.709561278
TCGA-E7-A4IJ-01,,TCGA Tumor,BLCA,-3.590153966,-0.5193444
TCGA-OR-A5LE-01,,TCGA Tumor,ACC,-3.467142615,-8.623775076
TCGA-A3-3313-01,,TCGA Tumor,KIRC,5.666925397,-5.238449644
TCGA-D7-6527-01,,TCGA Tumor,STAD,-3.804486785,-3.694737266
TCGA-CV-7415-01,,TCGA Tumor,HNSC,-6.616623912,0.911866356
TCGA-DD-A73D-01,,TCGA Tumor,LIHC,1.273150411,3.900374581
TARGET-50-PAKSDG-01,,TCGA Tumor,WT,-4.601721797,7.737351347
TCGA-L7-A6VZ-01,,TCGA Tumor,ESCA,-3.796208415,-3.666273187
TCGA-CJ-4637-01,,TCGA Tumor,KIRC,6.041625467,-5.448944162
TCGA-A8-A09V-01,,TCGA Tumor,BRCA,4.514543023,-1.619057368
TCGA-EJ-A46H-01,,TCGA Tumor,PRAD,9.267013993,8.122978617
TCGA-GM-A3NY-01,,TCGA Tumor,BRCA,4.398262706,-1.245821427
TCGA-BH-A5J0-01,,TCGA Tumor,BRCA,3.962746587,-1.777268003
TCGA-E9-A1NG-01,,TCGA Tumor,BRCA,3.360198703,-1.324649762
TCGA-61-2008-01,,TCGA Tumor,OV,1.341276732,7.895039965
TCGA-61-2008-02,,TCGA Tumor,OV,1.742118087,8.632200648
TCGA-QQ-A8VF-01,,TCGA Tumor,SARC,-3.960795913,6.76693051
TCGA-Y6-A8TL-01,,TCGA Tumor,PRAD,8.78447577,8.193787981
TCGA-BP-4343-01,,TCGA Tumor,KIRC,6.188781705,-5.298901628
TCGA-AB-2824-03,,TCGA Tumor,LAML,-5.373881373,-12.38283307
TCGA-QH-A6CY-01,,TCGA Tumor,LGG,2.829947438,-9.753311704
TCGA-LN-A49L-01,,TCGA Tumor,ESCA,0.786480006,-1.397649359
TCGA-AX-A3G4-01,,TCGA Tumor,UCEC,1.383875337,6.673784662
TCGA-70-6722-01,,TCGA Tumor,LUSC,-5.433325324,1.056569983
TCGA-ER-A2NH-06,,TCGA Tumor,SKCM,5.110995736,3.457047154
TCGA-CZ-5465-01,,TCGA Tumor,KIRC,6.290976014,-6.811729502
TCGA-S9-A6WM-01,,TCGA Tumor,LGG,1.243278411,-9.959456991
TCGA-AB-2928-03,,TCGA Tumor,LAML,-4.971155677,-11.5078779
TCGA-10-0926-01,,TCGA Tumor,OV,1.285734859,7.752568651
TCGA-EO-A1Y7-01,,TCGA Tumor,UCEC,1.418472614,6.574123789
TCGA-FY-A3RA-01,,TCGA Tumor,THCA,10.99382445,-0.607139479
TCGA-SX-A7SS-01,,TCGA Tumor,KIRP,-0.986780915,7.840804506
TARGET-10-PAPCVZ-04,,TCGA Tumor,Target-ALL,-8.37802938,-8.344749998
TCGA-2Z-A9JP-01,,TCGA Tumor,KIRP,-0.884072099,7.694210459
TCGA-4K-AA1I-01,,TCGA Tumor,TGCT,-1.955676827,5.49596541
TCGA-21-1070-01,,TCGA Tumor,LUSC,-6.116782222,1.462167908
TCGA-55-6978-01,,TCGA Tumor,LUAD,-0.017349872,-2.630837034
TCGA-28-5218-01,,TCGA Tumor,GBM,0.20614196,0.934293557
TCGA-DS-A1OA-01,,TCGA Tumor,CESC,-6.111385855,1.527431656
TCGA-MI-A75E-01,,TCGA Tumor,LIHC,1.162924674,4.113999773
TCGA-W6-AA0S-01,,TCGA Tumor,CHOL,-0.124330494,3.008317162
TCGA-DK-A1A7-01,,TCGA Tumor,BLCA,-3.751001868,0.199728538
TCGA-VQ-AA69-01,,TCGA Tumor,STAD,-4.033361468,-3.450876545
TCGA-HC-7233-01,,TCGA Tumor,PRAD,8.49634501,8.198152949
TCGA-P4-AAVK-01,,TCGA Tumor,KIRP,-0.844989452,7.655585219
TCGA-BP-5199-01,,TCGA Tumor,KIRC,6.235535588,-5.425002645
TCGA-CQ-6227-01,,TCGA Tumor,HNSC,-6.559226069,0.45277061
TCGA-LK-A4NZ-01,,TCGA Tumor,MESO,-0.124840948,1.493471075
TCGA-HT-A5RA-01,,TCGA Tumor,LGG,1.237040725,-9.900798391
TCGA-BA-A6DL-01,,TCGA Tumor,HNSC,-6.367891345,1.741347362
TCGA-Z6-A9VB-01,,TCGA Tumor,ESCA,-6.091260466,2.32309692
TCGA-BR-6706-01,,TCGA Tumor,STAD,-2.750717435,-2.077493023
TARGET-10-PAPLDL-03,,TCGA Tumor,Target-ALL,-8.253316436,-8.22187097
TCGA-49-AARR-01,,TCGA Tumor,LUAD,-0.640246186,-2.427836489
TARGET-10-PAPLDL-04,,TCGA Tumor,Target-ALL,-8.403552565,-8.363445829
TCGA-85-8276-01,,TCGA Tumor,LUSC,-5.908807311,0.520469118
TCGA-AB-2910-03,,TCGA Tumor,LAML,-3.836466822,-12.37830217
TCGA-CJ-4887-01,,TCGA Tumor,KIRC,6.241874662,-6.792399
TCGA-MP-A4T9-01,,TCGA Tumor,LUAD,-0.337850008,-2.923518967
TCGA-LN-A49O-01,,TCGA Tumor,ESCA,-6.782969508,0.787658383
TCGA-BH-A18I-01,,TCGA Tumor,BRCA,4.704323735,-1.626506757
TCGA-NC-A5HT-01,,TCGA Tumor,LUSC,-5.339454684,0.842343379
TCGA-AO-A0JC-01,,TCGA Tumor,BRCA,-8.544839415,6.934036184
TCGA-QH-A6CV-01,,TCGA Tumor,LGG,1.256490078,-9.953639578
TCGA-XR-A8TD-01,,TCGA Tumor,LIHC,0.81957024,4.264616896
TCGA-CR-7365-01,,TCGA Tumor,HNSC,-6.653121981,0.535699923
TCGA-CH-5744-01,,TCGA Tumor,PRAD,7.670344796,9.249988009
TCGA-ER-A2NG-06,,TCGA Tumor,SKCM,5.926051583,3.539942194
TCGA-OR-A5LA-01,,TCGA Tumor,ACC,-3.46885303,-8.623464178
TCGA-QT-A5XL-01,,TCGA Tumor,PCPG,0.274260875,12.74317114
TCGA-DE-A69K-01,,TCGA Tumor,THCA,11.43788859,-0.108690079
TCGA-G4-6306-01,,TCGA Tumor,COAD,-5.806681666,-3.574344229
TCGA-D8-A140-01,,TCGA Tumor,BRCA,5.647575345,-1.654794406
TCGA-CG-5719-01,,TCGA Tumor,STAD,-2.905835423,-2.329149317
TCGA-A2-A04T-01,,TCGA Tumor,BRCA,0.935508456,-1.542201589
TCGA-ZF-AA51-01,,TCGA Tumor,BLCA,-3.62070373,0.111416698
TCGA-TS-A8AY-01,,TCGA Tumor,MESO,-0.152588341,1.547507573
TCGA-CJ-5676-01,,TCGA Tumor,KIRC,6.193761792,-5.342976641
TCGA-PK-A5HA-01,,TCGA Tumor,ACC,-3.476226125,-8.619175505
TCGA-DJ-A3UU-01,,TCGA Tumor,THCA,11.27026125,0.008100648
TARGET-10-PAMXSP-09,,TCGA Tumor,Target-ALL,-8.328708205,-8.285330366
TCGA-56-8625-01,,TCGA Tumor,LUSC,-5.803565058,1.722319056
TCGA-60-2703-01,,TCGA Tumor,LUSC,-5.316496882,0.837293316
TCGA-S7-A7X1-01,,TCGA Tumor,PCPG,0.342452236,12.66930239
TCGA-DD-A3A7-01,,TCGA Tumor,LIHC,0.397144584,3.547035624
TCGA-CI-6621-01,,TCGA Tumor,READ,-6.098685298,-3.679280828
TCGA-NC-A5HH-01,,TCGA Tumor,LUSC,-5.132822547,0.801266481
TCGA-B0-4710-01,,TCGA Tumor,KIRC,6.346037832,-6.664844583
TCGA-BA-5555-01,,TCGA Tumor,HNSC,-6.341795478,1.5967726
TCGA-VQ-A91U-01,,TCGA Tumor,STAD,-4.774848494,-3.601604055
TCGA-BP-4338-01,,TCGA Tumor,KIRC,6.092069593,-5.450474333
TCGA-E9-A1RH-01,,TCGA Tumor,BRCA,4.099180188,-0.931304048
TCGA-BH-A0H6-01,,TCGA Tumor,BRCA,4.741609063,-1.635307859
TCGA-V1-A9OA-01,,TCGA Tumor,PRAD,8.937105623,8.321257044
TCGA-CN-4734-01,,TCGA Tumor,HNSC,-6.849597487,0.615854431
TCGA-97-A4M5-01,,TCGA Tumor,LUAD,-1.203815255,-2.266338657
TARGET-50-PAJNVX-01,,TCGA Tumor,WT,-3.954433951,6.759649683
TCGA-AB-2805-03,,TCGA Tumor,LAML,-3.944284949,-12.22823198
TCGA-BP-4176-01,,TCGA Tumor,KIRC,6.181218591,-5.655665468
TCGA-AG-3731-01,,TCGA Tumor,READ,-6.175462756,-3.753557752
TCGA-B0-4817-01,,TCGA Tumor,KIRC,6.055185285,-5.635360311
TCGA-VP-A87J-01,,TCGA Tumor,PRAD,8.379370179,8.284408976
TCGA-W5-AA2W-01,,TCGA Tumor,CHOL,-0.11650655,3.019326616
TCGA-GM-A2DH-01,,TCGA Tumor,BRCA,4.941025701,-1.366336297
TCGA-AB-2857-03,,TCGA Tumor,LAML,-5.496133361,-12.44578893
TCGA-CN-5356-01,,TCGA Tumor,HNSC,-6.413221392,0.966166187
TCGA-60-2722-01,,TCGA Tumor,LUSC,-5.324375663,2.420387913
TCGA-Y8-A8RY-01,,TCGA Tumor,KIRP,-0.967155728,7.804403235
TCGA-61-2095-01,,TCGA Tumor,OV,1.656206932,8.136463572
TCGA-BH-A1ES-01,,TCGA Tumor,BRCA,5.451065984,-1.62891848
TCGA-EM-A2CP-01,,TCGA Tumor,THCA,11.46540305,0.879217673
TCGA-BA-6869-01,,TCGA Tumor,HNSC,-6.398687396,1.488527585
TARGET-50-PAKNTW-01,,TCGA Tumor,WT,-4.553662333,7.684623171
TCGA-G9-6342-01,,TCGA Tumor,PRAD,7.732065168,9.182633806
TCGA-LN-A49X-01,,TCGA Tumor,ESCA,-5.767350707,0.592161347
TCGA-A3-3347-01,,TCGA Tumor,KIRC,6.117396798,-5.384657453
TARGET-50-PAKYLT-01,,TCGA Tumor,WT,-3.953430686,6.747993399
TCGA-44-6147-01,,TCGA Tumor,LUAD,3.307725158,-1.241894435
TARGET-21-PASVJS-09,,TCGA Tumor,LAML,-4.077604804,-12.33373506
TARGET-50-PAJMVC-01,,TCGA Tumor,WT,-4.072124514,6.913377215
TCGA-BA-A6DG-01,,TCGA Tumor,HNSC,-6.523985419,0.379074116
TCGA-EY-A54A-01,,TCGA Tumor,UCEC,1.351593223,6.631542612
TCGA-AB-2899-03,,TCGA Tumor,LAML,-4.9003692,-11.50418813
TCGA-13-1403-01,,TCGA Tumor,OV,1.593919602,8.071893145
TCGA-DJ-A3VB-01,,TCGA Tumor,THCA,10.97997042,-0.208502363
TCGA-NA-A4QX-01,,TCGA Tumor,UCS,-3.953246627,6.748429705
TCGA-OL-A5RW-01,,TCGA Tumor,BRCA,1.024848964,-1.534664105
TCGA-36-1578-01,,TCGA Tumor,OV,1.717801895,8.487986971
TCGA-FX-A3NJ-01,,TCGA Tumor,SARC,2.001342263,1.550491024
TCGA-BH-A18M-01,,TCGA Tumor,BRCA,3.96132895,-1.781710934
TCGA-BP-4976-01,,TCGA Tumor,KIRC,6.161548104,-6.65688331
TCGA-E2-A14R-01,,TCGA Tumor,BRCA,0.902120378,-1.569086384
TCGA-EB-A42Z-01,,TCGA Tumor,SKCM,5.384267774,3.503953625
TCGA-EK-A2H1-01,,TCGA Tumor,CESC,-5.430084262,1.01710986
TARGET-10-PARUBK-03,,TCGA Tumor,Target-ALL,-8.442073378,-8.398023199
TCGA-LP-A4AU-01,,TCGA Tumor,CESC,-6.45873836,1.33022957
TCGA-MN-A4N4-01,,TCGA Tumor,LUAD,-0.311510536,-2.82670338
TCGA-A8-A09M-01,,TCGA Tumor,BRCA,5.45104691,-1.68891282
TCGA-EM-A2CT-01,,TCGA Tumor,THCA,11.46061751,0.889728833
TCGA-VS-A9U7-01,,TCGA Tumor,CESC,-5.876459632,1.629447867
TCGA-ER-A19W-06,,TCGA Tumor,SKCM,5.693632093,3.642563988
TCGA-VM-A8CF-01,,TCGA Tumor,LGG,2.092247453,-10.5947891
TCGA-EJ-5521-01,,TCGA Tumor,PRAD,7.722279515,9.202665735
TCGA-DJ-A3UQ-01,,TCGA Tumor,THCA,10.96101233,-0.283617388
TCGA-EO-A3L0-01,,TCGA Tumor,UCEC,1.518801775,6.457028319
TCGA-D3-A8GB-06,,TCGA Tumor,SKCM,5.922221151,3.662959982
TCGA-EM-A3AI-01,,TCGA Tumor,THCA,11.5761151,0.863506545
TCGA-E9-A229-01,,TCGA Tumor,BRCA,4.642798391,-1.660217356
TCGA-B0-4714-01,,TCGA Tumor,KIRC,6.243363824,-6.813750814
TCGA-AJ-A3NH-01,,TCGA Tumor,UCEC,1.452090111,6.59729283
TCGA-CG-5732-01,,TCGA Tumor,STAD,-3.786986384,-3.660394501
TCGA-BB-A5HU-01,,TCGA Tumor,HNSC,-6.512284789,0.591849674
TCGA-CZ-5461-01,,TCGA Tumor,KIRC,6.262268987,-5.853796076
TCGA-33-4582-01,,TCGA Tumor,LUSC,-5.267212901,2.274272371
TCGA-A1-A0SN-01,,TCGA Tumor,BRCA,5.562127557,-1.673098635
TCGA-CV-7434-01,,TCGA Tumor,HNSC,-6.792674098,0.684425284
TCGA-GV-A3QH-01,,TCGA Tumor,BLCA,-3.639485869,-0.5025555
TCGA-E7-A7PW-01,,TCGA Tumor,BLCA,-3.591500792,-0.493075322
TCGA-DX-A3U5-01,,TCGA Tumor,SARC,1.201745835,1.306659509
TCGA-DJ-A3VA-01,,TCGA Tumor,THCA,11.01482436,-0.501796912
TCGA-28-2514-01,,TCGA Tumor,GBM,1.438507047,-9.801325392
TCGA-EB-A51B-01,,TCGA Tumor,SKCM,5.700715986,3.584151198
TCGA-06-5859-01,,TCGA Tumor,GBM,1.285936322,-9.968393873
TCGA-CJ-4870-01,,TCGA Tumor,KIRC,6.356946912,-6.23693664
TCGA-Y8-A8S0-01,,TCGA Tumor,KIRP,-1.010408196,7.846450258
TCGA-KK-A7AU-01,,TCGA Tumor,PRAD,7.920471158,8.983307291
TCGA-97-A4M3-01,,TCGA Tumor,LUAD,-0.930348429,-2.437345575
TCGA-DB-A75K-01,,TCGA Tumor,LGG,3.081207719,-10.47061212
TCGA-EE-A2MK-06,,TCGA Tumor,SKCM,5.110416379,3.337102581
TCGA-5P-A9JY-01,,TCGA Tumor,KIRP,-0.851504836,7.670769144
TCGA-86-7714-01,,TCGA Tumor,LUAD,-0.194013569,-3.074390005
TCGA-G3-A25T-01,,TCGA Tumor,LIHC,0.22106595,3.399100233
TCGA-BT-A20J-01,,TCGA Tumor,BLCA,-5.868605647,0.922349502
TCGA-49-4487-01,,TCGA Tumor,LUAD,-0.204005394,-2.678376268
TCGA-61-1743-01,,TCGA Tumor,OV,1.57564589,8.248058726
TCGA-IQ-7632-01,,TCGA Tumor,HNSC,-6.645609889,0.556298364
TCGA-AB-2846-03,,TCGA Tumor,LAML,-4.292057547,-11.90405519
TCGA-78-7147-01,,TCGA Tumor,LUAD,-0.301829729,-2.98650391
TCGA-EL-A3D6-01,,TCGA Tumor,THCA,10.96211955,-0.30763809
TCGA-78-7542-01,,TCGA Tumor,LUAD,-3.207143578,-2.570924829
TCGA-EJ-7321-01,,TCGA Tumor,PRAD,8.099061933,8.578874041
TCGA-VD-AA8Q-01,,TCGA Tumor,UVM,6.712803331,4.426980902
TCGA-4V-A9QM-01,,TCGA Tumor,THYM,-10.99005178,5.947566439
TARGET-50-PAEAFB-01,,TCGA Tumor,WT,-4.619959388,7.755152632
TARGET-30-PAPLSD-01,,TCGA Tumor,NB,2.629506555,12.87472479
TCGA-13-0923-01,,TCGA Tumor,OV,1.755265918,8.471576143
TCGA-85-8666-01,,TCGA Tumor,LUSC,-5.513609443,1.724847246
TCGA-95-A4VK-01,,TCGA Tumor,LUAD,-1.209368143,-2.270466398
TCGA-3B-A9HS-01,,TCGA Tumor,SARC,1.15791085,1.248067666
TCGA-35-3615-01,,TCGA Tumor,LUAD,-0.860450659,-2.635383438
TCGA-EK-A2RC-01,,TCGA Tumor,CESC,-6.141867194,1.552385021
TCGA-2Y-A9GY-01,,TCGA Tumor,LIHC,0.268009466,3.451553036
TCGA-HD-8635-01,,TCGA Tumor,HNSC,-6.604505572,0.492254336
TCGA-CR-7399-01,,TCGA Tumor,HNSC,-5.301083598,2.209689547
TCGA-13-1407-01,,TCGA Tumor,OV,1.242605951,7.70221274
TCGA-AB-2880-03,,TCGA Tumor,LAML,-4.968493495,-11.50773103
TCGA-DM-A288-01,,TCGA Tumor,COAD,-5.855625186,-3.627239059
TCGA-55-7994-01,,TCGA Tumor,LUAD,-0.126548621,-3.124213528
TCGA-BB-7871-01,,TCGA Tumor,HNSC,-5.317154918,2.146715332
TCGA-09-1674-01,,TCGA Tumor,OV,1.335379806,7.645456721
TCGA-LN-A5U7-01,,TCGA Tumor,ESCA,-5.311964545,2.410986353
TCGA-CZ-4864-01,,TCGA Tumor,KIRC,6.200888124,-6.836244654
TCGA-DE-A4MA-01,,TCGA Tumor,THCA,11.07515856,-0.407952379
TCGA-XU-AAXZ-01,,TCGA Tumor,THYM,-10.89323572,6.046898295
TCGA-DU-6410-01,,TCGA Tumor,LGG,3.168107,-10.50128705
TCGA-D3-A8GI-06,,TCGA Tumor,SKCM,6.044540372,3.480826069
TCGA-CV-7103-01,,TCGA Tumor,HNSC,-5.749383006,1.830902983
TCGA-CN-4741-01,,TCGA Tumor,HNSC,-6.754451785,0.741594781
TCGA-VQ-A8PK-01,,TCGA Tumor,STAD,-3.726026091,-3.338684868
TCGA-HC-7744-01,,TCGA Tumor,PRAD,7.944580522,8.768916536
TARGET-30-PANZRV-01,,TCGA Tumor,NB,2.738224473,12.99146693
TCGA-BH-A0DD-01,,TCGA Tumor,BRCA,5.155520406,-1.42857952
TCGA-AR-A2LM-01,,TCGA Tumor,BRCA,4.374469009,-1.480920385
TCGA-E2-A10C-01,,TCGA Tumor,BRCA,4.636762586,-1.386855792
TCGA-VQ-AA6G-01,,TCGA Tumor,STAD,-3.807775531,-3.371141743
TCGA-WK-A8XT-01,,TCGA Tumor,SARC,0.14047226,0.862547506
TCGA-OR-A5JE-01,,TCGA Tumor,ACC,-3.467055592,-8.611716818
TCGA-S7-A7WV-01,,TCGA Tumor,PCPG,0.283947487,12.74355261
TCGA-13-1509-01,,TCGA Tumor,OV,1.962564316,8.112389017
TCGA-E8-A417-01,,TCGA Tumor,THCA,10.98548838,-0.462652694
TCGA-D9-A148-06,,TCGA Tumor,SKCM,6.076839414,3.697815825
TARGET-50-PAJNCC-01,,TCGA Tumor,WT,-4.571915183,7.70498984
TCGA-49-6742-01,,TCGA Tumor,LUAD,-1.26539484,-2.220451902
TCGA-66-2789-01,,TCGA Tumor,LUSC,-5.328901801,1.195533682
TCGA-GD-A2C5-01,,TCGA Tumor,BLCA,-3.614834342,0.057436447
TCGA-BP-4164-01,,TCGA Tumor,KIRC,6.312852826,-6.805280756
TCGA-A5-A2K3-01,,TCGA Tumor,UCEC,0.954089251,6.591130663
TCGA-MP-A4T6-01,,TCGA Tumor,LUAD,-0.287430975,-2.968195032
TCGA-AR-A0TW-01,,TCGA Tumor,BRCA,5.661217656,-1.745428156
TCGA-LN-A49K-01,,TCGA Tumor,ESCA,-5.967062983,2.406223704
TCGA-EW-A1J1-01,,TCGA Tumor,BRCA,5.643049684,-1.626166176
TCGA-BH-A0H9-01,,TCGA Tumor,BRCA,5.645983663,-1.744292926
TCGA-DU-5847-01,,TCGA Tumor,LGG,1.291325536,-9.959356855
TCGA-28-2509-01,,TCGA Tumor,GBM,1.326682832,-9.068162512
TCGA-QH-A65Z-01,,TCGA Tumor,LGG,3.043048825,-10.52095659
TCGA-T2-A6WZ-01,,TCGA Tumor,HNSC,-6.269536052,0.722727824
TCGA-CH-5740-01,,TCGA Tumor,PRAD,7.70354506,9.218847681
TCGA-MP-A4TA-01,,TCGA Tumor,LUAD,-1.220572982,-2.230869602
TCGA-13-0799-01,,TCGA Tumor,OV,1.769285526,8.579257418
TCGA-EJ-5503-01,,TCGA Tumor,PRAD,8.985951867,8.306289126
TCGA-RC-A7SH-01,,TCGA Tumor,LIHC,0.378597161,3.514327217
TCGA-P4-AAVL-01,,TCGA Tumor,KIRP,-0.842990551,7.70255654
TCGA-BH-A0W5-01,,TCGA Tumor,BRCA,4.953691449,-1.584083747
TCGA-YR-A95A-01,,TCGA Tumor,CHOL,0.214909207,3.412986447
TCGA-J9-A52C-01,,TCGA Tumor,PRAD,8.639592614,8.258921076
TCGA-AQ-A0Y5-01,,TCGA Tumor,BRCA,3.437253204,-1.283838104
TARGET-10-PAPSPG-04,,TCGA Tumor,Target-ALL,-8.44797853,-8.396146368
TCGA-WW-A8ZI-01,,TCGA Tumor,PRAD,9.337967363,8.048478056
TCGA-EE-A2MJ-06,,TCGA Tumor,SKCM,5.965577092,3.630037476
TCGA-CV-A6JU-01,,TCGA Tumor,HNSC,-5.986391101,0.995920349
TCGA-14-1825-01,,TCGA Tumor,GBM,1.580284801,-9.16876943
TCGA-KL-8326-01,,TCGA Tumor,KICH,-3.522600922,5.078156878
TCGA-MB-A5Y8-01,,TCGA Tumor,SARC,1.256908205,1.206084539
TCGA-C5-A2LS-01,,TCGA Tumor,CESC,-3.085556779,-2.47263677
TCGA-KO-8406-01,,TCGA Tumor,KICH,-3.564037118,5.106357504
TCGA-BP-4964-01,,TCGA Tumor,KIRC,6.262902703,-6.749952387
TCGA-UD-AAC4-01,,TCGA Tumor,MESO,-0.119028721,1.514837433
TCGA-S9-A7IY-01,,TCGA Tumor,LGG,2.63157722,-10.51913316
TCGA-BH-A0HY-01,,TCGA Tumor,BRCA,4.683186021,-1.056828927
TCGA-YY-A8LH-01,,TCGA Tumor,PAAD,-3.368986878,-3.002523731
TCGA-VQ-A8P8-01,,TCGA Tumor,STAD,-3.938463721,-3.69097526
TCGA-66-2793-01,,TCGA Tumor,LUSC,-5.215693507,1.768201638
TCGA-68-7757-01,,TCGA Tumor,LUSC,-5.598917994,1.149287869
TCGA-38-A44F-01,,TCGA Tumor,LUAD,-3.257802043,-2.714936804
TCGA-T3-A92M-01,,TCGA Tumor,HNSC,-5.771192584,0.988956739
TCGA-EM-A2P2-01,,TCGA Tumor,THCA,11.64218756,0.563030411
TARGET-50-PAJNAV-01,,TCGA Tumor,WT,0.632503685,0.667589356
TCGA-55-8091-01,,TCGA Tumor,LUAD,-0.393607352,-2.722852062
TCGA-P5-A781-01,,TCGA Tumor,LGG,2.474300828,-10.44604452
TCGA-CV-7178-01,,TCGA Tumor,HNSC,-6.429410014,0.691618253
TCGA-92-8065-01,,TCGA Tumor,LUSC,-6.34045938,1.558077027
TCGA-60-2726-01,,TCGA Tumor,LUSC,-5.614021334,1.839371015
TCGA-A4-8310-01,,TCGA Tumor,KIRP,-0.863364014,7.677728106
TCGA-3E-AAAY-01,,TCGA Tumor,PAAD,-2.886805329,-2.520139288
TCGA-QR-A70Q-01,,TCGA Tumor,PCPG,0.21611191,12.80856936
TCGA-DD-A1EJ-01,,TCGA Tumor,LIHC,0.388341937,3.537334133
TCGA-BT-A3PK-01,,TCGA Tumor,BLCA,-6.003009352,1.050626148
TCGA-FY-A3I4-01,,TCGA Tumor,THCA,11.56036707,0.092548542
TCGA-CH-5739-01,,TCGA Tumor,PRAD,7.712171998,9.204910685
TCGA-LN-A49P-01,,TCGA Tumor,ESCA,-5.892462764,2.480535198
TCGA-86-8073-01,,TCGA Tumor,LUAD,-0.109636936,-2.866671871
TCGA-D8-A1XW-01,,TCGA Tumor,BRCA,0.89205065,-1.527198504
TCGA-DX-A2J0-01,,TCGA Tumor,SARC,1.288905111,1.683673669
TCGA-AN-A0FL-01,,TCGA Tumor,BRCA,0.931602683,-1.496110867
TCGA-E8-A418-01,,TCGA Tumor,THCA,10.97684046,-0.497600745
TARGET-21-PATISD-09,,TCGA Tumor,LAML,-5.041574511,-11.81271703
TCGA-91-6828-01,,TCGA Tumor,LUAD,-0.673425827,-2.353773187
TCGA-2Y-A9H5-01,,TCGA Tumor,LIHC,0.508046445,3.648813893
TCGA-QU-A6IM-01,,TCGA Tumor,PRAD,9.319462266,8.043387819
TCGA-AB-2873-03,,TCGA Tumor,LAML,-3.855435881,-12.36610563
TCGA-BR-8060-01,,TCGA Tumor,STAD,-1.279270921,-0.748895418
TCGA-LL-A5YP-01,,TCGA Tumor,BRCA,1.033764806,-1.510635208
TCGA-DX-A6B7-01,,TCGA Tumor,SARC,1.973867264,1.51046877
TCGA-K4-A54R-01,,TCGA Tumor,BLCA,-3.696233783,-0.047465857
TCGA-DU-6405-01,,TCGA Tumor,LGG,1.282580879,-9.954641889
TCGA-MQ-A4LP-01,,TCGA Tumor,MESO,-0.121646437,1.511335779
TCGA-2Z-A9J8-01,,TCGA Tumor,KIRP,-0.791311536,7.544488836
TCGA-K4-A5RI-01,,TCGA Tumor,BLCA,-5.204849753,1.445470263
TCGA-XU-A931-01,,TCGA Tumor,THYM,-10.91030076,5.996612478
TCGA-D3-A2JA-06,,TCGA Tumor,SKCM,4.957929578,3.353921343
TCGA-AC-A2BK-01,,TCGA Tumor,BRCA,-0.387259338,-2.284416746
TCGA-MK-A4N9-01,,TCGA Tumor,THCA,11.33895728,-0.168526258
TCGA-UT-A88E-01,,TCGA Tumor,MESO,-0.152506206,1.541588117
TCGA-AJ-A6NU-01,,TCGA Tumor,UCEC,-2.714624676,-2.702311109
TCGA-39-5021-01,,TCGA Tumor,LUSC,-5.337911639,2.385563065
TCGA-CN-6010-01,,TCGA Tumor,HNSC,-5.510477576,2.16571467
TCGA-34-5929-01,,TCGA Tumor,LUSC,-5.103219542,1.372617294
TCGA-AC-A7VB-01,,TCGA Tumor,BRCA,5.6450071,-1.677914809
TCGA-44-A47B-01,,TCGA Tumor,LUAD,-0.150632355,-3.054210733
TCGA-N9-A4Q8-01,,TCGA Tumor,UCS,1.337344375,6.899040629
TCGA-EJ-A7NM-01,,TCGA Tumor,PRAD,9.298417535,8.146918703
TCGA-CN-A642-01,,TCGA Tumor,HNSC,-5.417962584,0.931513597
TCGA-BP-4355-01,,TCGA Tumor,KIRC,6.253048387,-5.990580629
TCGA-VP-A87E-01,,TCGA Tumor,PRAD,9.05518004,8.253707338
TCGA-BP-5173-01,,TCGA Tumor,KIRC,6.241180864,-6.825632643
TCGA-EE-A2GC-06,,TCGA Tumor,SKCM,5.924921479,3.506659437
TCGA-52-7809-01,,TCGA Tumor,LUSC,-5.287223372,0.752965797
TCGA-WE-A8ZQ-06,,TCGA Tumor,SKCM,5.090459314,3.478951622
TARGET-10-PAPVTA-04,,TCGA Tumor,Target-ALL,-8.267670188,-8.228171896
TCGA-EJ-5525-01,,TCGA Tumor,PRAD,9.332842317,8.046931196
TARGET-10-PAPVTA-09,,TCGA Tumor,Target-ALL,-8.446519408,-8.390869688
TARGET-20-PASWAJ-09,,TCGA Tumor,LAML,-4.047654185,-12.2004915
TCGA-GF-A769-01,,TCGA Tumor,SKCM,5.478877988,3.426274944
TCGA-5C-A9VH-01,,TCGA Tumor,LIHC,0.51807924,3.644205023
TCGA-WP-A9GB-01,,TCGA Tumor,SARC,1.964373913,1.574601222
TCGA-WB-A821-01,,TCGA Tumor,PCPG,0.122084048,12.90770667
TCGA-AJ-A3I9-01,,TCGA Tumor,UCEC,1.424953189,6.567397524
TCGA-EJ-A65J-01,,TCGA Tumor,PRAD,8.447227922,8.230244089
TCGA-E2-A1IG-01,,TCGA Tumor,BRCA,3.774792638,-1.610071253
TCGA-DM-A1HB-01,,TCGA Tumor,COAD,-4.99988893,-3.736628364
TCGA-BR-A4PF-01,,TCGA Tumor,STAD,-4.893718276,-3.656643938
TCGA-2Y-A9HB-01,,TCGA Tumor,LIHC,1.20960119,4.003855635
TCGA-AN-A0XR-01,,TCGA Tumor,BRCA,5.013524499,-1.254491519
TARGET-30-PARFWB-01,,TCGA Tumor,NB,2.717282977,12.96953242
TCGA-B4-5832-01,,TCGA Tumor,KIRC,5.292306867,2.455620218
TCGA-BP-5183-01,,TCGA Tumor,KIRC,6.211556401,-6.789634298
TCGA-DX-A6B8-01,,TCGA Tumor,SARC,1.275517431,1.232561995
TCGA-DJ-A1QQ-01,,TCGA Tumor,THCA,11.28845164,-0.240481536
TCGA-CG-4469-01,,TCGA Tumor,STAD,-4.159161124,-3.606077026
TCGA-EP-A3RK-01,,TCGA Tumor,LIHC,1.283895459,3.872980524
TCGA-DU-5852-01,,TCGA Tumor,LGG,1.314234462,-9.966506552
TCGA-AO-A0J2-01,,TCGA Tumor,BRCA,4.111216274,-0.889088224
TCGA-KK-A6E2-01,,TCGA Tumor,PRAD,7.672499624,9.231004168
TCGA-35-5375-01,,TCGA Tumor,LUAD,-0.551778052,-1.443129252
TCGA-97-A4M7-01,,TCGA Tumor,LUAD,-0.386375758,-2.782830547
TCGA-6A-AB49-01,,TCGA Tumor,LUSC,-5.206039462,0.834137369
TCGA-AB-2817-03,,TCGA Tumor,LAML,-4.882018599,-11.51832445
TCGA-F7-7848-01,,TCGA Tumor,HNSC,-6.230145964,2.002429892
TCGA-5P-A9JU-01,,TCGA Tumor,KIRP,5.965138402,-6.275480818
TCGA-YT-A95G-01,,TCGA Tumor,THYM,-10.87775377,6.03772204
TCGA-BH-A1FE-01,,TCGA Tumor,BRCA,4.088591781,-1.762861322
TCGA-CN-4728-01,,TCGA Tumor,HNSC,-5.960133586,0.95710193
TCGA-37-3783-01,,TCGA Tumor,LUSC,-5.637757811,0.721544434
TCGA-AC-A2FB-01,,TCGA Tumor,BRCA,4.395547118,-1.532111715
TCGA-EJ-7312-01,,TCGA Tumor,PRAD,9.30230948,8.02982514
TCGA-AK-3436-01,,TCGA Tumor,KIRC,6.162034955,-5.606470655
TCGA-WB-A81P-01,,TCGA Tumor,PCPG,-0.049761716,13.09075205
TCGA-C8-A12L-01,,TCGA Tumor,BRCA,4.022932496,-0.864802014
TCGA-66-2768-01,,TCGA Tumor,LUSC,-5.685933146,1.252062012
TCGA-2H-A9GH-01,,TCGA Tumor,ESCA,-3.866131339,-3.647310089
TCGA-FP-7735-01,,TCGA Tumor,STAD,-3.065238509,-2.527650665
TCGA-TM-A84G-01,,TCGA Tumor,LGG,3.148287502,-10.49838788
TCGA-WK-A8XY-01,,TCGA Tumor,SARC,1.986990657,1.584739853
TCGA-78-7539-01,,TCGA Tumor,LUAD,-0.327301595,-3.025826763
TCGA-D6-A6EQ-01,,TCGA Tumor,HNSC,-6.390100989,0.387260456
TCGA-J2-8192-01,,TCGA Tumor,LUAD,-0.309572074,-2.829164337
TCGA-HC-A48F-01,,TCGA Tumor,PRAD,7.763754811,9.130375315
TCGA-DD-A39Y-01,,TCGA Tumor,LIHC,0.380648261,3.533654381
TCGA-CM-6170-01,,TCGA Tumor,COAD,-6.067529712,-3.704469513
TCGA-GF-A2C7-01,,TCGA Tumor,SKCM,-6.466788325,-0.030608821
TCGA-EE-A2ML-06,,TCGA Tumor,SKCM,5.823386636,3.615935255
TCGA-77-7335-01,,TCGA Tumor,LUSC,-5.372729335,2.167528559
TCGA-3C-AALK-01,,TCGA Tumor,BRCA,4.746328321,-1.431814026
TCGA-KK-A6E6-01,,TCGA Tumor,PRAD,7.729952779,9.204583574
TCGA-B3-3925-01,,TCGA Tumor,KIRP,-0.949060235,7.790661741
TCGA-2G-AAF6-01,,TCGA Tumor,TGCT,-1.940954718,5.484772135
TCGA-2F-A9KO-01,,TCGA Tumor,BLCA,-3.694716964,-0.10032941
TCGA-FV-A495-01,,TCGA Tumor,LIHC,0.868850377,3.96744578
TCGA-DD-AACP-01,,TCGA Tumor,LIHC,0.486761097,3.594727446
TCGA-DG-A2KM-01,,TCGA Tumor,CESC,-6.442825351,1.695383717
TCGA-43-7656-01,,TCGA Tumor,LUSC,-5.084439788,0.783235599
TCGA-FG-A6J3-01,,TCGA Tumor,LGG,1.586242047,-9.306544851
TCGA-EQ-A4SO-01,,TCGA Tumor,STAD,-3.789459262,-3.711220096
TCGA-B0-5113-01,,TCGA Tumor,KIRC,6.249814954,-6.780410837
TCGA-KL-8334-01,,TCGA Tumor,KICH,-3.559022937,5.098928858
TCGA-DV-5566-01,,TCGA Tumor,KIRC,6.239112344,-6.786127638
TCGA-D5-6922-01,,TCGA Tumor,COAD,-6.101147685,-3.69168837
TCGA-ES-A2HT-01,,TCGA Tumor,LIHC,1.008023348,4.127997805
TCGA-LD-A66U-01,,TCGA Tumor,BRCA,4.375769344,-1.687233638
TCGA-EJ-7797-01,,TCGA Tumor,PRAD,8.03741261,8.690949846
TCGA-AO-A1KO-01,,TCGA Tumor,BRCA,3.389005389,-1.585856031
TCGA-WB-A81R-01,,TCGA Tumor,PCPG,-0.038186434,13.07725947
TCGA-E1-5311-01,,TCGA Tumor,LGG,2.985736098,-9.969245504
TCGA-85-8479-01,,TCGA Tumor,LUSC,-5.649142298,1.388036419
TCGA-V4-A9EE-01,,TCGA Tumor,UVM,6.77168366,4.48283713
TCGA-V3-A9ZY-01,,TCGA Tumor,UVM,6.706146684,4.424158503
TCGA-KO-8414-01,,TCGA Tumor,KICH,-3.515949282,5.144118715
TCGA-OR-A5KU-01,,TCGA Tumor,ACC,-3.464745078,-8.61650617
TCGA-C5-A3HF-01,,TCGA Tumor,CESC,-3.233562741,-2.442993473
TCGA-BF-A1Q0-01,,TCGA Tumor,SKCM,5.007427182,3.404165436
TCGA-23-1109-01,,TCGA Tumor,OV,1.586857405,7.951302458
TCGA-H7-8502-01,,TCGA Tumor,HNSC,-6.591378722,0.601927448
TARGET-50-PALFME-01,,TCGA Tumor,WT,-4.649004969,7.783754278
TARGET-50-PALFME-02,,TCGA Tumor,WT,-4.617686305,7.751594473
TCGA-HT-7879-01,,TCGA Tumor,LGG,2.259686079,-10.97794492
TCGA-KC-A7F6-01,,TCGA Tumor,PRAD,7.748889413,9.17152064
TCGA-KN-8424-01,,TCGA Tumor,KICH,-3.561800275,5.107899595
TCGA-AS-3777-01,,TCGA Tumor,KIRC,-3.504509482,5.060136248
TCGA-A5-A2K7-01,,TCGA Tumor,UCEC,1.306870606,6.693293501
TCGA-LK-A4NY-01,,TCGA Tumor,MESO,-0.121613953,1.514262606
TCGA-XF-A9SZ-01,,TCGA Tumor,BLCA,-3.610869441,-0.173635941
TCGA-B4-5836-01,,TCGA Tumor,KIRC,6.329153981,-6.490710806
TCGA-X7-A8DG-01,,TCGA Tumor,THYM,-10.90834287,6.03367417
TCGA-AB-2865-03,,TCGA Tumor,LAML,-4.933146987,-11.52287538
TCGA-85-8580-01,,TCGA Tumor,LUSC,-5.574881587,2.487725426
TCGA-BR-7958-01,,TCGA Tumor,STAD,-3.801991496,-3.613345693
TCGA-YH-A8SY-01,,TCGA Tumor,PAAD,-3.236110959,-2.524575304
TCGA-EM-A4FN-01,,TCGA Tumor,THCA,10.97629019,-0.359298687
TCGA-P3-A6T0-01,,TCGA Tumor,HNSC,-6.828606639,0.632253636
TCGA-K1-A6RT-01,,TCGA Tumor,SARC,-3.959647689,6.757422377
TCGA-HT-A5R9-01,,TCGA Tumor,LGG,3.170558658,-10.5082937
TCGA-EJ-7786-01,,TCGA Tumor,PRAD,9.031861749,8.270226885
TCGA-L1-A7W4-01,,TCGA Tumor,PAAD,-3.521183524,-1.640476893
TCGA-VR-AA7D-01,,TCGA Tumor,ESCA,-6.210528407,0.824278582
TCGA-FG-7634-01,,TCGA Tumor,LGG,2.295875755,-10.89651353
TCGA-F5-6810-01,,TCGA Tumor,READ,-6.091529403,-3.550618719
TCGA-EL-A4JX-01,,TCGA Tumor,THCA,10.86338088,-0.289840471
TCGA-SH-A7BC-01,,TCGA Tumor,MESO,-0.167063687,1.552938629
TCGA-BC-A216-01,,TCGA Tumor,LIHC,0.39678579,3.601909567
TCGA-ED-A82E-01,,TCGA Tumor,LIHC,-0.130241189,2.996149708
TCGA-CQ-5333-01,,TCGA Tumor,HNSC,-6.47622827,0.709251691
TCGA-EE-A20C-06,,TCGA Tumor,SKCM,4.956993547,3.375848938
TCGA-EJ-A7NF-01,,TCGA Tumor,PRAD,7.683588948,9.221783091
TCGA-OR-A5LB-01,,TCGA Tumor,ACC,-3.46298078,-8.619671415
TCGA-GL-7966-01,,TCGA Tumor,KIRP,0.742223796,6.737038065
TCGA-63-7022-01,,TCGA Tumor,LUSC,-5.311677966,0.838832487
TCGA-2J-AAB4-01,,TCGA Tumor,PAAD,-2.788747821,-2.568981718
TCGA-AR-A0TP-01,,TCGA Tumor,BRCA,1.000260678,-1.520190905
TARGET-50-PAJLIP-01,,TCGA Tumor,WT,-4.632751021,7.768056799
TCGA-B0-5705-01,,TCGA Tumor,KIRC,6.275619951,-6.787507128
TCGA-DJ-A1QE-01,,TCGA Tumor,THCA,11.10382887,-0.353922944
TCGA-S7-A7WN-01,,TCGA Tumor,PCPG,0.029163506,13.01086371
TCGA-18-3408-01,,TCGA Tumor,LUSC,-5.211130652,2.381267239
TCGA-56-8626-01,,TCGA Tumor,LUSC,-5.740337882,0.921527613
TCGA-SR-A6MV-01,,TCGA Tumor,PCPG,0.214072597,12.81253569
TARGET-30-PARZCJ-02,,TCGA Tumor,NB,0.286478062,12.74678938
TCGA-IN-8462-01,,TCGA Tumor,STAD,-4.226322684,-2.757037233
TARGET-30-PARZCJ-01,,TCGA Tumor,NB,2.720305171,12.98108904
TCGA-DK-A2HX-01,,TCGA Tumor,BLCA,-3.425497803,-2.085242103
TCGA-FF-A7CX-01,,TCGA Tumor,DLBC,-8.564332518,6.928117205
TCGA-A8-A07I-01,,TCGA Tumor,BRCA,5.050557103,-1.264943432
TCGA-77-A5G8-01,,TCGA Tumor,LUSC,-5.356198821,2.38620155
TCGA-CG-5726-01,,TCGA Tumor,STAD,-3.836499247,-3.623559784
TCGA-A2-A0EY-01,,TCGA Tumor,BRCA,5.016750303,-1.144060205
TCGA-VQ-A91Q-01,,TCGA Tumor,STAD,-3.430796418,-3.075977157
TCGA-EL-A3N2-01,,TCGA Tumor,THCA,11.03165671,-0.467362892
TCGA-DD-AADP-01,,TCGA Tumor,LIHC,0.722977098,3.786670376
TCGA-DX-AB32-01,,TCGA Tumor,SARC,0.953184691,1.092391063
TCGA-5G-A9ZZ-01,,TCGA Tumor,THYM,-8.692029509,7.059252669
TCGA-KL-8330-01,,TCGA Tumor,KICH,-3.559064183,5.100573469
TCGA-DA-A95V-06,,TCGA Tumor,SKCM,6.409091439,4.118827749
TCGA-BP-4782-01,,TCGA Tumor,KIRC,5.925883737,-5.480049681
TCGA-BH-A0B1-01,,TCGA Tumor,BRCA,3.864409652,-1.80941255
TCGA-V4-A9EJ-01,,TCGA Tumor,UVM,6.717292276,4.418610979
TCGA-2Y-A9GU-01,,TCGA Tumor,LIHC,0.967407551,4.099545408
TARGET-20-PANPTM-09,,TCGA Tumor,LAML,-4.089027915,-12.15154798
TCGA-XD-AAUG-01,,TCGA Tumor,PAAD,-2.200025353,-1.840072106
TCGA-XF-A9SM-01,,TCGA Tumor,BLCA,-5.230000529,1.461132456
TCGA-2J-AABO-01,,TCGA Tumor,PAAD,-3.016817126,-2.507415365
TCGA-C5-A2LT-01,,TCGA Tumor,CESC,-5.254704985,0.75566708
TCGA-OR-A5K5-01,,TCGA Tumor,ACC,-3.46320251,-8.616958212
TCGA-2Y-A9H9-01,,TCGA Tumor,LIHC,0.959813323,4.241343905
TCGA-98-8022-01,,TCGA Tumor,LUSC,-5.281783137,1.328689743
TARGET-50-PAKRCC-01,,TCGA Tumor,WT,-4.680296454,7.815612246
TCGA-43-A56U-01,,TCGA Tumor,LUSC,-5.155647788,0.909280826
TCGA-EM-A2P1-01,,TCGA Tumor,THCA,10.91979071,-0.339493136
TCGA-EW-A6SB-01,,TCGA Tumor,BRCA,0.450559866,-1.294521521
TARGET-10-PARNMF-04,,TCGA Tumor,Target-ALL,-8.179827246,-8.143718313
TCGA-G9-6361-01,,TCGA Tumor,PRAD,7.725373235,9.177936007
TCGA-D7-A748-01,,TCGA Tumor,STAD,-2.778385911,-2.061809372
TCGA-H2-A3RH-01,,TCGA Tumor,THCA,11.57537123,0.721309413
TCGA-HT-A4DV-01,,TCGA Tumor,LGG,2.841304031,-9.833633016
TCGA-DU-6396-01,,TCGA Tumor,LGG,2.251258698,-10.96360261
TCGA-QR-A6H1-01,,TCGA Tumor,PCPG,0.005935308,13.0285744
TCGA-19-4065-02,,TCGA Tumor,GBM,1.364829805,-9.001209806
TCGA-19-4065-01,,TCGA Tumor,GBM,1.326733616,-9.065141271
TCGA-DI-A2QT-01,,TCGA Tumor,UCEC,1.114091304,6.657867838
TCGA-67-6216-01,,TCGA Tumor,LUAD,-0.24283174,-3.149837564
TCGA-4X-A9FD-01,,TCGA Tumor,THYM,-10.95092443,5.950965811
TCGA-X3-A8G4-01,,TCGA Tumor,TGCT,-1.690132413,5.185470987
TCGA-F5-6861-01,,TCGA Tumor,READ,-6.062769923,-3.611794065
TARGET-20-PASPGA-09,,TCGA Tumor,LAML,-4.364544425,-11.89587266
TCGA-A8-A091-01,,TCGA Tumor,BRCA,5.235441652,-1.60532267
TCGA-EB-A5SF-01,,TCGA Tumor,SKCM,-6.429415259,0.086912886
TCGA-EB-A82C-01,,TCGA Tumor,SKCM,5.272878137,3.92263167
TCGA-CV-A460-01,,TCGA Tumor,HNSC,-6.167597804,1.348298837
TCGA-D8-A1XT-01,,TCGA Tumor,BRCA,4.115516391,-0.926066052
TCGA-AO-A0JL-01,,TCGA Tumor,BRCA,0.913452294,-1.392811607
TCGA-AB-2973-03,,TCGA Tumor,LAML,-3.869000468,-12.35517652
TCGA-FG-7643-01,,TCGA Tumor,LGG,2.845661369,-9.774077963
TCGA-F5-6814-01,,TCGA Tumor,READ,-6.075451884,-3.678033184
TCGA-EL-A3CT-01,,TCGA Tumor,THCA,11.09436461,-0.413630914
TCGA-PL-A8LY-01,,TCGA Tumor,BRCA,4.630632844,-1.469844292
TCGA-G2-AA3B-01,,TCGA Tumor,BLCA,-3.62989572,-0.208236139
TCGA-CH-5769-01,,TCGA Tumor,PRAD,7.728718248,9.188855578
TCGA-B8-5546-01,,TCGA Tumor,KIRC,5.882183995,-5.516698431
TCGA-EI-6511-01,,TCGA Tumor,READ,-6.047233615,-3.583575796
TCGA-G9-6499-01,,TCGA Tumor,PRAD,8.706248727,8.199118067
TCGA-VD-A8KK-01,,TCGA Tumor,UVM,6.715883699,4.435300757
TCGA-F7-A622-01,,TCGA Tumor,HNSC,-6.586092982,0.592292119
TCGA-G9-6365-01,,TCGA Tumor,PRAD,7.806111779,9.165786196
TCGA-C5-A8YQ-01,,TCGA Tumor,CESC,-5.629647288,1.559978772
TARGET-50-PALERC-01,,TCGA Tumor,WT,-4.559814486,7.69230168
TCGA-38-4625-01,,TCGA Tumor,LUAD,0.05593228,-2.16156752
TCGA-G9-7510-01,,TCGA Tumor,PRAD,9.157756295,8.080070902
TCGA-AB-2963-03,,TCGA Tumor,LAML,-4.14756063,-12.05429513
TCGA-RW-A686-01,,TCGA Tumor,PCPG,0.119842794,12.89753096
TCGA-QF-A5YS-01,,TCGA Tumor,UCEC,1.480905261,6.501667429
TCGA-4H-AAAK-01,,TCGA Tumor,BRCA,4.690849271,-1.581922602
TCGA-RW-A686-06,,TCGA Tumor,PCPG,0.225769591,12.79946749
TCGA-C5-A1BK-01,,TCGA Tumor,CESC,-6.432068858,1.67010336
TCGA-D7-A4YT-01,,TCGA Tumor,STAD,-4.406957183,-3.557575773
TCGA-UC-A7PD-01,,TCGA Tumor,CESC,-5.905723605,1.040256609
TCGA-MY-A5BD-01,,TCGA Tumor,CESC,-5.155553851,1.161833216
TCGA-J4-AAU2-01,,TCGA Tumor,PRAD,8.67427012,8.196876932
TCGA-E9-A22G-01,,TCGA Tumor,BRCA,0.868384686,-1.607125114
TCGA-44-A47G-01,,TCGA Tumor,LUAD,-0.078342531,-3.154942106
TCGA-BR-8589-01,,TCGA Tumor,STAD,-3.893892321,-3.552545379
TCGA-BC-A69H-01,,TCGA Tumor,LIHC,0.253658127,3.442227055
TCGA-B0-5695-01,,TCGA Tumor,KIRC,6.337130037,-6.709088873
TCGA-GN-A8LL-06,,TCGA Tumor,SKCM,6.707921949,4.404322077
TCGA-D8-A1X8-01,,TCGA Tumor,BRCA,4.044477906,-1.796689104
TCGA-DX-A3U6-01,,TCGA Tumor,SARC,1.198834982,1.283082296
TCGA-VS-A9UZ-01,,TCGA Tumor,CESC,1.445463863,6.547614504
TCGA-KP-A3VZ-01,,TCGA Tumor,UCEC,1.541057077,7.882819105
TCGA-2G-AAGA-01,,TCGA Tumor,TGCT,-1.695017609,5.190746237
TCGA-CQ-5329-01,,TCGA Tumor,HNSC,-6.559777293,0.603558589
TCGA-C8-A1HM-01,,TCGA Tumor,BRCA,5.432700601,-1.49319918
TCGA-39-5040-01,,TCGA Tumor,LUSC,-3.943783316,-0.650744568
TCGA-D3-A51N-06,,TCGA Tumor,SKCM,4.997855153,3.394538094
TCGA-EE-A17Y-06,,TCGA Tumor,SKCM,5.107189622,3.50766771
TCGA-CN-6020-01,,TCGA Tumor,HNSC,-6.582853827,0.59334128
TCGA-2Y-A9HA-01,,TCGA Tumor,LIHC,0.839859482,3.906890083
TCGA-EE-A2GH-06,,TCGA Tumor,SKCM,5.661044088,3.513454128
TCGA-DJ-A2QB-01,,TCGA Tumor,THCA,11.37477347,0.901742328
TCGA-FY-A40M-01,,TCGA Tumor,THCA,11.52990004,0.666908134
TCGA-FD-A43Y-01,,TCGA Tumor,BLCA,-6.582563433,0.609411527
TCGA-BH-A0E1-01,,TCGA Tumor,BRCA,4.010837045,-1.780202578
TCGA-B9-A8YI-01,,TCGA Tumor,KIRP,5.576400724,-5.195637773
TCGA-TM-A84C-01,,TCGA Tumor,LGG,1.401580777,-9.099255155
TCGA-ZC-AAA7-01,,TCGA Tumor,THYM,-5.193534884,0.93695103
TCGA-S3-A6ZG-01,,TCGA Tumor,BRCA,5.153271165,-1.520397137
TCGA-EO-A3B0-01,,TCGA Tumor,UCEC,1.413654175,6.625491072
TCGA-AO-A0J5-01,,TCGA Tumor,BRCA,3.290211406,-1.273571681
TARGET-50-PAKFYV-01,,TCGA Tumor,WT,-4.725212607,7.86155646
TCGA-CH-5750-01,,TCGA Tumor,PRAD,8.431022134,8.260058809
TCGA-A8-A08T-01,,TCGA Tumor,BRCA,4.544664827,-1.206007074
TCGA-CK-4948-01,,TCGA Tumor,COAD,-5.685689959,-3.528589319
TCGA-AR-A1AW-01,,TCGA Tumor,BRCA,4.281036821,-1.369605731
TCGA-WY-A85E-01,,TCGA Tumor,LGG,2.393622365,-10.41240747
TCGA-10-0933-01,,TCGA Tumor,OV,-0.107508991,1.265123893
TCGA-EE-A29B-06,,TCGA Tumor,SKCM,6.084359136,3.754938294
TARGET-20-PASCRZ-04,,TCGA Tumor,LAML,-5.461578879,-12.43480165
TCGA-12-1597-01,,TCGA Tumor,GBM,1.517834749,-9.1131397
TCGA-CG-4440-01,,TCGA Tumor,STAD,-2.708616767,-2.017839502
TCGA-A6-6651-01,,TCGA Tumor,COAD,-5.458818946,-3.207399916
TCGA-XJ-A83H-01,,TCGA Tumor,PRAD,8.668433633,8.211203028
TCGA-59-2350-01,,TCGA Tumor,OV,1.662776675,8.297815729
TCGA-QR-A70E-01,,TCGA Tumor,PCPG,-0.072721872,13.11550372
TCGA-13-0900-01,,TCGA Tumor,OV,1.506368723,7.816409517
TCGA-ZG-A8QY-01,,TCGA Tumor,PRAD,9.351221528,8.039200712
TCGA-VD-A8KL-01,,TCGA Tumor,UVM,6.705042329,4.416807104
TCGA-28-1747-01,,TCGA Tumor,GBM,1.289424029,-9.967597555
TCGA-77-8009-01,,TCGA Tumor,LUSC,-5.331775698,2.347249914
TCGA-28-2499-01,,TCGA Tumor,GBM,1.296425369,-9.890275549
TCGA-CH-5791-01,,TCGA Tumor,PRAD,8.020013776,8.69142573
TCGA-P8-A5KD-01,,TCGA Tumor,PCPG,-0.048703286,13.08938639
TCGA-2H-A9GK-01,,TCGA Tumor,ESCA,-3.452606711,-3.124847244
TCGA-OR-A5J8-01,,TCGA Tumor,ACC,1.069867757,1.084357787
TARGET-50-PAJLLF-01,,TCGA Tumor,WT,-4.581486735,7.715483118
TCGA-AB-2977-03,,TCGA Tumor,LAML,-4.738250289,-11.52084024
TCGA-DD-AACL-01,,TCGA Tumor,LIHC,0.438227665,3.563844849
TCGA-TS-A8AI-01,,TCGA Tumor,MESO,-0.128758881,1.52037387
TCGA-77-8148-01,,TCGA Tumor,LUSC,-5.350194011,2.56537645
TCGA-AO-A12A-01,,TCGA Tumor,BRCA,4.090284314,-1.744765829
TCGA-A2-A0CQ-01,,TCGA Tumor,BRCA,4.502033677,-1.282184671
TCGA-SR-A6MY-01,,TCGA Tumor,PCPG,0.011807289,13.029756
TCGA-D3-A8GJ-06,,TCGA Tumor,SKCM,5.514105764,3.674248625
TCGA-A2-A0YM-01,,TCGA Tumor,BRCA,1.062195745,-1.512298654
TCGA-AA-3662-01,,TCGA Tumor,COAD,-6.045405421,-3.634412598
TARGET-50-PAKZFK-01,,TCGA Tumor,WT,-4.591330085,7.723778177
TCGA-IB-A6UG-01,,TCGA Tumor,PAAD,-2.820935282,-2.201188396
TCGA-5K-AAAP-01,,TCGA Tumor,THYM,-10.9288688,6.005745817
TCGA-OR-A5JQ-01,,TCGA Tumor,ACC,-3.467716012,-8.613332342
TCGA-DJ-A2QA-01,,TCGA Tumor,THCA,11.59905287,0.536207158
TCGA-G3-A5SI-01,,TCGA Tumor,LIHC,0.948799339,4.138114859
TCGA-IB-7887-01,,TCGA Tumor,PAAD,-2.63804892,-2.503055643
TCGA-44-3398-01,,TCGA Tumor,LUAD,-0.05521718,-2.597687553
TCGA-VQ-AA6D-01,,TCGA Tumor,STAD,4.682360139,-1.597192835
TARGET-20-PASXYG-09,,TCGA Tumor,LAML,-4.71688703,-11.44645364
TCGA-FR-A7UA-06,,TCGA Tumor,SKCM,5.576323476,3.463019301
TCGA-DD-A113-01,,TCGA Tumor,LIHC,0.56151272,3.644947458
TCGA-DY-A1DF-01,,TCGA Tumor,READ,-5.085830245,-3.140135835
TARGET-30-PASMJG-01,,TCGA Tumor,NB,0.306718212,12.75192778
TCGA-ZF-A9RE-01,,TCGA Tumor,BLCA,-6.212657962,1.747311402
TCGA-E2-A1IU-01,,TCGA Tumor,BRCA,4.037016835,-1.715480994
TCGA-OR-A5L5-01,,TCGA Tumor,ACC,-3.47191957,-8.618293356
TCGA-D7-A6EZ-01,,TCGA Tumor,STAD,-3.865044627,-3.426188539
TCGA-DU-7298-01,,TCGA Tumor,LGG,2.35176107,-10.46818979
TCGA-F7-A61W-01,,TCGA Tumor,HNSC,-6.833830867,0.687821675
TCGA-YL-A9WY-01,,TCGA Tumor,PRAD,8.494490113,8.19281428
TCGA-C8-A130-01,,TCGA Tumor,BRCA,4.039383378,-1.705910515
TCGA-E2-A1B4-01,,TCGA Tumor,BRCA,3.997125354,-1.685095381
TCGA-AB-2969-03,,TCGA Tumor,LAML,-3.871732745,-12.35233934
TCGA-G4-6298-01,,TCGA Tumor,COAD,-6.0762606,-3.624013733
TCGA-61-2088-01,,TCGA Tumor,OV,1.535077896,7.808321882
TCGA-TM-A84T-01,,TCGA Tumor,LGG,2.28291842,-11.00515039
TCGA-LL-A73Z-01,,TCGA Tumor,BRCA,0.844853457,-1.372460436
TCGA-F2-7273-01,,TCGA Tumor,PAAD,-2.335848365,-2.420763563
TCGA-DK-A1A5-01,,TCGA Tumor,BLCA,-4.38310102,0.446238
TCGA-78-7633-01,,TCGA Tumor,LUAD,-0.632564459,-2.945081066
TCGA-FA-A4XK-01,,TCGA Tumor,DLBC,-8.564899955,6.930320669
TCGA-W5-AA33-01,,TCGA Tumor,CHOL,0.20823161,3.409198929
TCGA-DV-5565-01,,TCGA Tumor,KIRC,6.223611322,-5.460830282
TCGA-BW-A5NQ-01,,TCGA Tumor,LIHC,0.624093648,3.744217087
TCGA-J4-A83M-01,,TCGA Tumor,PRAD,8.13741633,8.535906244
TCGA-CN-6024-01,,TCGA Tumor,HNSC,-5.916221652,1.049421657
TARGET-10-PANEUH-09,,TCGA Tumor,Target-ALL,-8.236720595,-8.201200079
TARGET-30-PAMNLH-01,,TCGA Tumor,NB,2.668519464,12.93900054
TCGA-LL-A6FR-01,,TCGA Tumor,BRCA,1.051534143,-1.490997981
TCGA-HC-7078-01,,TCGA Tumor,PRAD,9.304558244,8.03424256
TCGA-DJ-A1QM-01,,TCGA Tumor,THCA,11.13262793,-0.228913884
TCGA-KK-A8I7-01,,TCGA Tumor,PRAD,8.779472795,8.234834124
TCGA-A4-A4ZT-01,,TCGA Tumor,KIRP,-0.902511511,7.733724524
TCGA-OR-A5J3-01,,TCGA Tumor,ACC,-3.437907014,-8.669684004
TCGA-DD-A1EA-01,,TCGA Tumor,LIHC,1.277767327,3.815082003
TCGA-P5-A5EU-01,,TCGA Tumor,LGG,1.403561321,-10.06051404
TCGA-60-2695-01,,TCGA Tumor,LUSC,-0.756180439,-1.949130367
TCGA-FG-7637-01,,TCGA Tumor,LGG,3.104940381,-10.5444637
TCGA-DD-AAW2-01,,TCGA Tumor,LIHC,1.320541349,3.877480436
TCGA-FV-A3I1-01,,TCGA Tumor,LIHC,0.820650425,3.945512463
TARGET-20-PARHVK-09,,TCGA Tumor,LAML,-4.322384391,-11.9187103
TCGA-A8-A07E-01,,TCGA Tumor,BRCA,4.203193393,-1.709289264
TCGA-05-4418-01,,TCGA Tumor,LUAD,-1.37379745,-2.14322121
TCGA-25-1313-01,,TCGA Tumor,OV,2.002000776,8.14733832
TCGA-XM-AAZ1-01,,TCGA Tumor,THYM,-10.9618688,5.97257321
TCGA-E9-A247-01,,TCGA Tumor,BRCA,4.250878539,-1.716720413
TCGA-BH-A18F-01,,TCGA Tumor,BRCA,4.417498555,-1.571589063
TCGA-2G-AAGJ-01,,TCGA Tumor,TGCT,-1.676136765,5.172314573
TCGA-VQ-A924-01,,TCGA Tumor,STAD,-4.950840983,-3.692771028
TCGA-B6-A1KI-01,,TCGA Tumor,BRCA,4.129729715,-1.300772976
TCGA-IB-A5SS-01,,TCGA Tumor,PAAD,-3.221063647,-2.319130014
TCGA-C4-A0EZ-01,,TCGA Tumor,BLCA,-1.195979628,-0.563095104
TCGA-F4-6856-01,,TCGA Tumor,COAD,-4.983749423,-3.727213453
TARGET-30-PASMDM-01,,TCGA Tumor,NB,2.719628539,12.97781699
TCGA-AB-2908-03,,TCGA Tumor,LAML,-4.926440272,-11.45789583
TCGA-RP-A6K9-06,,TCGA Tumor,SKCM,6.710480657,4.416772295
TCGA-86-A4P8-01,,TCGA Tumor,LUAD,-0.586971316,-2.222740482
TCGA-DF-A2KN-01,,TCGA Tumor,UCEC,1.35964432,6.570273329
TCGA-78-7535-01,,TCGA Tumor,LUAD,-0.086691502,-3.019918751
TCGA-BP-4995-01,,TCGA Tumor,KIRC,-3.512597356,5.068957258
TCGA-86-8671-01,,TCGA Tumor,LUAD,-0.36608294,-2.755758356
TCGA-4A-A93W-01,,TCGA Tumor,KIRP,-0.917944941,7.773860384
TCGA-F4-6569-01,,TCGA Tumor,COAD,-5.277522597,-3.231512617
TCGA-B2-5641-01,,TCGA Tumor,KIRC,6.08028647,-5.722422193
TCGA-BQ-7044-01,,TCGA Tumor,KIRP,5.5656037,-5.187830519
TCGA-OR-A5KW-01,,TCGA Tumor,ACC,-3.464638028,-8.611794065
TCGA-18-3421-01,,TCGA Tumor,LUSC,-5.265520606,0.749947537
TCGA-HT-A614-01,,TCGA Tumor,LGG,2.602278676,-10.66789205
TCGA-06-0649-01,,TCGA Tumor,GBM,1.302129891,-9.366072248
TCGA-A3-3382-01,,TCGA Tumor,KIRC,6.11372849,-5.446590494
TCGA-AZ-4682-01,,TCGA Tumor,COAD,-6.063272033,-3.789967131
TCGA-KN-8428-01,,TCGA Tumor,KICH,-3.560086522,5.103917528
TCGA-BR-8077-01,,TCGA Tumor,STAD,-4.985956225,-2.079806637
TCGA-QR-A6GT-01,,TCGA Tumor,PCPG,0.28157131,12.74140113
TARGET-10-PANWFB-09,,TCGA Tumor,Target-ALL,-8.1976724,-8.164411138
TCGA-2F-A9KW-01,,TCGA Tumor,BLCA,-4.629690203,-1.484903525
TCGA-A2-A3XZ-01,,TCGA Tumor,BRCA,4.71304318,-1.19329388
TCGA-MB-A5Y9-01,,TCGA Tumor,SARC,1.216162231,1.222345401
TCGA-DK-A1AB-01,,TCGA Tumor,BLCA,-6.130544696,1.370168258
TCGA-KK-A7B1-01,,TCGA Tumor,PRAD,7.821704354,9.051131655
TCGA-DX-AB2T-01,,TCGA Tumor,SARC,1.181633797,1.224421788
TCGA-2G-AAGN-01,,TCGA Tumor,TGCT,-1.693432364,5.191709925
TCGA-QH-A65R-01,,TCGA Tumor,LGG,3.180658307,-10.5340553
TCGA-DU-A7TG-01,,TCGA Tumor,LGG,2.80268785,-9.745609831
TCGA-CM-6163-01,,TCGA Tumor,COAD,-6.050023589,-3.75581963
TARGET-20-PANFMG-09,,TCGA Tumor,LAML,-3.867484603,-12.36475618
TCGA-C5-A8XH-01,,TCGA Tumor,CESC,-5.774670634,1.391530086
TCGA-CZ-5454-01,,TCGA Tumor,KIRC,6.267924276,-5.665656637
TCGA-91-6835-01,,TCGA Tumor,LUAD,-0.201801512,-3.119300674
TCGA-B5-A1MS-01,,TCGA Tumor,UCEC,1.278782037,6.740399767
TCGA-A8-A07F-01,,TCGA Tumor,BRCA,4.903277841,-1.183115195
TCGA-FG-A60J-01,,TCGA Tumor,LGG,2.395213452,-10.58768232
TARGET-50-PAKRZW-01,,TCGA Tumor,WT,-3.965675864,6.760442187
TCGA-WB-A80V-01,,TCGA Tumor,PCPG,-0.060477528,13.10134738
TCGA-HD-A634-01,,TCGA Tumor,HNSC,-0.470647845,-1.246861767
TCGA-2J-AABH-01,,TCGA Tumor,PAAD,-3.119516167,-2.694995951
TCGA-UP-A6WW-01,,TCGA Tumor,HNSC,-5.972072158,1.284384776
TCGA-DU-7300-01,,TCGA Tumor,LGG,2.817419019,-9.730842184
TARGET-10-PANYEJ-09,,TCGA Tumor,Target-ALL,-8.423703704,-8.381483625
TCGA-TS-A7OY-01,,TCGA Tumor,MESO,-0.168573353,1.533724238
TCGA-OY-A56Q-01,,TCGA Tumor,OV,1.345314708,7.882699419
TCGA-GC-A3BM-01,,TCGA Tumor,BLCA,-3.755323443,0.093451821
TCGA-D5-6535-01,,TCGA Tumor,COAD,-5.762840304,-3.57247765
TCGA-FV-A3R2-01,,TCGA Tumor,LIHC,1.008555141,3.935507227
TCGA-ET-A3BQ-01,,TCGA Tumor,THCA,11.53520342,0.045074162
TCGA-FG-8189-01,,TCGA Tumor,LGG,2.796717134,-9.711309027
TCGA-56-6546-01,,TCGA Tumor,LUSC,-0.618429217,-2.401581835
TARGET-50-PAJMKI-01,,TCGA Tumor,WT,-4.606216941,7.740158011
TCGA-M7-A724-01,,TCGA Tumor,PRAD,8.446378198,8.210545946
TCGA-FD-A5BV-01,,TCGA Tumor,BLCA,-3.736727748,-0.285427522
TCGA-13-1510-01,,TCGA Tumor,OV,1.915987101,8.271697451
TCGA-N6-A4VF-01,,TCGA Tumor,UCS,1.533907619,6.478172709
TARGET-50-PAJPDC-02,,TCGA Tumor,WT,0.651390609,0.931741465
TCGA-43-A56V-01,,TCGA Tumor,LUSC,-5.894334349,2.27286904
TCGA-P5-A5EY-01,,TCGA Tumor,LGG,2.543018308,-9.882398199
TCGA-EL-A3MW-01,,TCGA Tumor,THCA,11.54590842,0.010380991
TCGA-HT-7902-01,,TCGA Tumor,LGG,2.659204927,-9.947833608
TCGA-KM-8438-01,,TCGA Tumor,KICH,-3.544127974,5.092740465
TARGET-30-PANBJH-01,,TCGA Tumor,NB,2.690750089,12.9528889
TCGA-3H-AB3X-01,,TCGA Tumor,MESO,-0.140618179,1.516407539
TCGA-KK-A8IM-01,,TCGA Tumor,PRAD,7.731946435,9.191299845
TCGA-25-1317-01,,TCGA Tumor,OV,1.37639698,7.879140307
TCGA-39-5022-01,,TCGA Tumor,LUSC,-5.252083812,0.65774237
TCGA-IS-A3K6-01,,TCGA Tumor,SARC,1.789577451,1.558788944
TCGA-27-1835-01,,TCGA Tumor,GBM,1.242197182,-9.931766104
TCGA-EE-A3AD-06,,TCGA Tumor,SKCM,5.641809907,3.628160406
TCGA-06-2564-01,,TCGA Tumor,GBM,1.246999052,-9.89549024
TCGA-XK-AAIV-01,,TCGA Tumor,PRAD,8.414969888,8.23617499
TCGA-DW-7839-01,,TCGA Tumor,KIRP,-0.674327168,7.573369909
TCGA-JY-A939-01,,TCGA Tumor,ESCA,-2.735600266,-2.024652313
TCGA-IQ-A6SH-01,,TCGA Tumor,HNSC,-6.827270064,0.550013591
TCGA-EE-A2GL-06,,TCGA Tumor,SKCM,5.304052797,3.650021721
TCGA-LD-A7W5-01,,TCGA Tumor,BRCA,4.770313707,-1.580482434
TCGA-EL-A3CW-01,,TCGA Tumor,THCA,11.44835516,0.613067557
TCGA-HC-8262-01,,TCGA Tumor,PRAD,7.845409837,9.054487635
TCGA-EE-A2M8-06,,TCGA Tumor,SKCM,5.432030168,3.615638662
TCGA-UY-A8OC-01,,TCGA Tumor,BLCA,-5.373410258,0.72006904
TCGA-55-6980-01,,TCGA Tumor,LUAD,-0.350437317,-2.803195309
TARGET-30-PARBGP-01,,TCGA Tumor,NB,2.738630023,12.99568884
TCGA-AA-3526-01,,TCGA Tumor,COAD,-6.018178496,-3.63495643
TCGA-JX-A3Q8-01,,TCGA Tumor,CESC,1.45041832,6.612315584
TCGA-56-A4BY-01,,TCGA Tumor,LUSC,-5.517562899,2.504888703
TCGA-3U-A98D-01,,TCGA Tumor,MESO,-0.149011287,1.541333367
TCGA-24-1105-01,,TCGA Tumor,OV,1.420546379,7.932491232
TCGA-BK-A56F-01,,TCGA Tumor,UCEC,1.475519386,6.523763586
TCGA-BR-8361-01,,TCGA Tumor,STAD,-4.428903136,-3.456840109
TCGA-DD-AACG-01,,TCGA Tumor,LIHC,0.531856459,3.6603431
TCGA-37-4132-01,,TCGA Tumor,LUSC,-1.477715525,-0.806308876
TCGA-27-1832-01,,TCGA Tumor,GBM,1.239213076,-9.727281164
TCGA-DE-A4M8-01,,TCGA Tumor,THCA,11.11923167,0.272723262
TCGA-50-5936-01,,TCGA Tumor,LUAD,-1.268152747,-2.218846153
TCGA-AJ-A3OL-01,,TCGA Tumor,UCEC,1.492208448,6.522822786
TCGA-46-6026-01,,TCGA Tumor,LUSC,-5.991762671,2.334913899
TCGA-G7-7502-01,,TCGA Tumor,KIRP,-0.905674968,7.740769793
TCGA-BR-8680-01,,TCGA Tumor,STAD,-5.708808932,-3.485025238
TCGA-FD-A3SS-01,,TCGA Tumor,BLCA,-3.901389155,-0.691735398
TCGA-AN-A0XV-01,,TCGA Tumor,BRCA,3.995183435,-1.820379208
TCGA-RD-A8N5-01,,TCGA Tumor,STAD,-4.242159877,-2.823461126
TCGA-AC-A2FE-01,,TCGA Tumor,BRCA,4.352108684,-1.684855412
TARGET-30-PALIIN-01,,TCGA Tumor,NB,2.658021894,12.91112654
TCGA-DF-A2KZ-01,,TCGA Tumor,UCEC,1.291974809,6.671971728
TCGA-XV-AAZV-01,,TCGA Tumor,SKCM,5.002092805,3.416829516
TCGA-BJ-A0ZH-01,,TCGA Tumor,THCA,10.97098013,-0.36130489
TCGA-14-1829-01,,TCGA Tumor,GBM,1.227871027,-9.562076162
TCGA-GV-A40G-01,,TCGA Tumor,BLCA,-3.634974513,-0.134483795
TCGA-13-1488-01,,TCGA Tumor,OV,1.718512383,7.96211188
TCGA-ZB-A96A-01,,TCGA Tumor,THYM,-10.91981843,6.023678709
TCGA-EL-A3H3-01,,TCGA Tumor,THCA,10.88041731,-0.435413103
TCGA-HC-A6AS-01,,TCGA Tumor,PRAD,9.22676703,8.144940783
TCGA-QH-A6XC-01,,TCGA Tumor,LGG,2.713900533,-9.723527502
TCGA-B0-5812-01,,TCGA Tumor,KIRC,6.352333036,-5.99529035
TCGA-VN-A88P-01,,TCGA Tumor,PRAD,9.088780847,8.215649058
TARGET-21-PASSLT-41,,TCGA Tumor,LAML,-5.080385241,-11.92673547
TCGA-A7-A4SB-01,,TCGA Tumor,BRCA,4.604682889,-1.412472438
TCGA-JW-A5VL-01,,TCGA Tumor,CESC,-6.252924475,1.696745683
TCGA-HE-A5NL-01,,TCGA Tumor,KIRP,-0.874984655,7.682984759
TCGA-CQ-A4CD-01,,TCGA Tumor,HNSC,-6.410125766,0.609761585
TCGA-FD-A5BR-01,,TCGA Tumor,BLCA,-3.996543917,-0.000182341
TCGA-DV-5575-01,,TCGA Tumor,KIRC,6.257749524,-5.959794115
TCGA-AD-6895-01,,TCGA Tumor,COAD,-4.962789092,-3.702099632
TCGA-D7-5578-01,,TCGA Tumor,STAD,-4.852691684,-3.679736208
TARGET-50-CAAAAS-01,,TCGA Tumor,WT,-4.555264983,7.684840609
TCGA-EB-A1NK-01,,TCGA Tumor,SKCM,5.987004247,3.74844997
TCGA-32-2615-01,,TCGA Tumor,GBM,1.245567169,-9.87053449
TCGA-BC-4072-01,,TCGA Tumor,LIHC,0.23494662,3.418529678
TCGA-BR-6566-01,,TCGA Tumor,STAD,-5.164919886,-3.36416037
TCGA-OR-A5LS-01,,TCGA Tumor,ACC,-3.463453326,-8.612427305
TCGA-AB-2916-03,,TCGA Tumor,LAML,-3.867759738,-12.35103662
TCGA-AH-6544-01,,TCGA Tumor,READ,-5.728411231,-3.798055481
TCGA-66-2727-01,,TCGA Tumor,LUSC,-5.308513675,2.256513525
TCGA-EB-A97M-01,,TCGA Tumor,SKCM,5.923456159,3.582706619
TCGA-CR-7404-01,,TCGA Tumor,HNSC,-6.091106448,2.339302231
TCGA-E1-A7YO-01,,TCGA Tumor,LGG,2.974818912,-9.941346716
TCGA-F9-A7Q0-01,,TCGA Tumor,KIRP,-0.225609216,7.275689055
TCGA-AN-A0XU-01,,TCGA Tumor,BRCA,1.053507176,-1.545043897
TCGA-EE-A29M-06,,TCGA Tumor,SKCM,5.93498179,3.602679421
TCGA-A7-A6VV-01,,TCGA Tumor,BRCA,1.026945439,-1.488223027
TCGA-AO-A03P-01,,TCGA Tumor,BRCA,5.405610051,-1.728013824
TCGA-18-3415-01,,TCGA Tumor,LUSC,-5.27380279,2.40569656
TCGA-EW-A1P1-01,,TCGA Tumor,BRCA,0.956050899,-1.12718172
TCGA-G9-6351-01,,TCGA Tumor,PRAD,7.866638627,9.010768343
TCGA-B4-5835-01,,TCGA Tumor,KIRC,-0.735687647,7.44497769
TCGA-06-0158-01,,TCGA Tumor,GBM,1.239968446,-9.867140364
TCGA-CC-A3MC-01,,TCGA Tumor,LIHC,0.349900697,3.519845415
TCGA-X2-A95T-01,,TCGA Tumor,SARC,1.936668124,1.572276164
TCGA-CF-A8HY-01,,TCGA Tumor,BLCA,-3.717682395,0.09945878
TCGA-QQ-A8VH-01,,TCGA Tumor,SARC,0.106933918,0.897209991
TCGA-LI-A9QH-01,,TCGA Tumor,SARC,1.282814112,1.679831792
TCGA-L5-A8NN-01,,TCGA Tumor,ESCA,0.20837329,3.395623375
TCGA-LL-A442-01,,TCGA Tumor,BRCA,5.411047425,-1.425740908
TCGA-DS-A7WI-01,,TCGA Tumor,CESC,-5.30913404,0.779852737
TCGA-2G-AALS-01,,TCGA Tumor,TGCT,-1.725357089,5.228812147
TCGA-61-2104-01,,TCGA Tumor,OV,1.728938785,8.465020586
TCGA-73-4675-01,,TCGA Tumor,LUAD,-0.371977601,-2.9556957
TCGA-B2-4099-01,,TCGA Tumor,KIRC,6.246541467,-6.839696001
TCGA-KK-A8IK-01,,TCGA Tumor,PRAD,8.405822244,8.215891291
TCGA-50-5932-01,,TCGA Tumor,LUAD,-0.631429705,-3.053659748
TCGA-MI-A75I-01,,TCGA Tumor,LIHC,0.888288286,3.90728562
TCGA-SH-A7BH-01,,TCGA Tumor,MESO,1.138939169,1.163697768
TCGA-BB-4228-01,,TCGA Tumor,HNSC,-5.845510039,1.73688655
TCGA-CJ-4635-01,,TCGA Tumor,KIRC,6.202158418,-6.275300573
TCGA-BJ-A0Z0-01,,TCGA Tumor,THCA,11.55017039,0.837415029
TCGA-43-2578-01,,TCGA Tumor,LUSC,-1.335970197,-0.976974319
TCGA-CV-7406-01,,TCGA Tumor,HNSC,-5.89949182,0.899054576
TARGET-30-PASCFC-01,,TCGA Tumor,NB,2.779410091,13.03161662
TCGA-E2-A1LI-01,,TCGA Tumor,BRCA,0.881418702,-1.540755581
TCGA-GD-A76B-01,,TCGA Tumor,BLCA,-3.596312318,-0.503147732
TCGA-DJ-A13O-01,,TCGA Tumor,THCA,11.30900618,-0.151248451
TCGA-DK-AA71-01,,TCGA Tumor,BLCA,-3.719883952,0.120350097
TCGA-EM-A2OX-01,,TCGA Tumor,THCA,11.41319033,-0.115012448
TCGA-93-A4JO-01,,TCGA Tumor,LUAD,-0.311144564,-3.020504545
TCGA-HR-A2OG-06,,TCGA Tumor,SKCM,5.222019639,3.52256601
TCGA-CN-5360-01,,TCGA Tumor,HNSC,-6.092332396,2.254710365
TCGA-MY-A5BE-01,,TCGA Tumor,CESC,-5.348042521,1.411447812
TCGA-OL-A66L-01,,TCGA Tumor,BRCA,4.415459123,-1.618640851
TCGA-B6-A0WS-01,,TCGA Tumor,BRCA,4.194582191,-1.821043562
TCGA-F7-A623-01,,TCGA Tumor,HNSC,-6.560731921,0.675637115
TCGA-C8-A138-01,,TCGA Tumor,BRCA,4.525401559,-1.383175086
TCGA-IE-A4EI-01,,TCGA Tumor,SARC,1.986862269,1.588313509
TCGA-AB-2823-03,,TCGA Tumor,LAML,-4.230646643,-11.96569021
TCGA-VS-A953-01,,TCGA Tumor,CESC,-5.314164672,0.891854991
TCGA-IM-A41Z-01,,TCGA Tumor,THCA,11.42129179,0.933211614
TCGA-B6-A0X7-01,,TCGA Tumor,BRCA,3.915995326,-1.750187587
TCGA-A7-A426-01,,TCGA Tumor,BRCA,4.554513898,-1.596123289
TCGA-BA-5153-01,,TCGA Tumor,HNSC,-5.983824763,1.916950751
TCGA-55-8510-01,,TCGA Tumor,LUAD,-0.092990819,-3.005046676
TCGA-HT-7882-01,,TCGA Tumor,LGG,1.301476982,-9.042081426
TCGA-DD-AAW1-01,,TCGA Tumor,LIHC,1.324939695,3.861430098
TCGA-06-2558-01,,TCGA Tumor,GBM,1.585301604,-9.214800428
TCGA-X6-A8C5-01,,TCGA Tumor,SARC,1.94567832,1.487514425
TCGA-W4-A7U2-01,,TCGA Tumor,TGCT,-1.93951777,5.477276255
TCGA-A7-A56D-01,,TCGA Tumor,BRCA,4.04528853,-1.623936008
TCGA-B8-4146-01,,TCGA Tumor,KIRC,5.317206826,2.498615194
TCGA-EJ-A6RC-01,,TCGA Tumor,PRAD,9.048591104,8.254339625
TCGA-HT-8011-01,,TCGA Tumor,LGG,1.256966796,-9.92141683
TARGET-20-PASWPD-09,,TCGA Tumor,LAML,-5.475554499,-12.41117246
TCGA-AF-6672-01,,TCGA Tumor,READ,-6.055827174,-3.677805971
TCGA-4Z-AA7R-01,,TCGA Tumor,BLCA,-3.779861483,-0.651115249
TCGA-HT-8106-01,,TCGA Tumor,LGG,1.374146428,-9.225543569
TCGA-O2-A52V-01,,TCGA Tumor,LUSC,-5.256169352,2.299922873
TCGA-FK-A4UB-01,,TCGA Tumor,THCA,11.40702292,0.456780214
TCGA-WB-A814-01,,TCGA Tumor,PCPG,0.172462043,12.85051196
TCGA-ZF-AA58-01,,TCGA Tumor,BLCA,-5.24043468,0.877311398
TCGA-22-1005-01,,TCGA Tumor,LUSC,-0.977187428,-1.848019432
TCGA-A4-7828-01,,TCGA Tumor,KIRP,0.947948959,6.637577463
TCGA-A8-A07B-01,,TCGA Tumor,BRCA,4.738549199,-1.000567864
TCGA-ZD-A8I3-01,,TCGA Tumor,CHOL,-0.092640821,3.037057091
TCGA-A8-A086-01,,TCGA Tumor,BRCA,3.941204038,-1.896530103
TCGA-BR-4292-01,,TCGA Tumor,STAD,-4.880547557,-3.698295664
TCGA-D5-6529-01,,TCGA Tumor,COAD,-5.806131873,-3.603830885
TCGA-VD-A8K7-01,,TCGA Tumor,UVM,6.668571439,4.386232306
TCGA-49-AAR3-01,,TCGA Tumor,LUAD,-0.00641397,-2.653705906
TCGA-EM-A3SX-01,,TCGA Tumor,THCA,11.58740565,0.585581113
TCGA-78-7154-01,,TCGA Tumor,LUAD,-1.267736945,-2.162417959
TCGA-DX-A6BE-01,,TCGA Tumor,SARC,1.310687151,1.275150229
TCGA-24-1564-01,,TCGA Tumor,OV,1.538197961,7.782736231
TCGA-AR-A1AR-01,,TCGA Tumor,BRCA,0.549112466,-1.235313486
TCGA-QR-A6GX-01,,TCGA Tumor,PCPG,0.159266185,12.86852496
TCGA-EA-A44S-01,,TCGA Tumor,CESC,-6.175875697,2.218214203
TCGA-BH-A1FU-01,,TCGA Tumor,BRCA,0.831493911,-1.317756485
TCGA-YL-A8SL-01,,TCGA Tumor,PRAD,7.746759858,9.147705485
TCGA-DV-5573-01,,TCGA Tumor,KIRC,5.986927953,-5.834400724
TCGA-3G-AB0O-01,,TCGA Tumor,THYM,-10.89407018,6.060751845
TCGA-W5-AA2I-01,,TCGA Tumor,CHOL,-0.016097907,3.130838562
TCGA-CG-5716-01,,TCGA Tumor,STAD,-3.787436518,-3.672348093
TCGA-CQ-5334-01,,TCGA Tumor,HNSC,-6.93825439,0.630357553
TCGA-M7-A720-01,,TCGA Tumor,PRAD,8.984702554,8.351968218
TCGA-HC-7080-01,,TCGA Tumor,PRAD,8.48787066,8.216180254
TCGA-E9-A1N6-01,,TCGA Tumor,BRCA,3.357183423,-1.286099862
TARGET-50-PAKMUB-01,,TCGA Tumor,WT,-4.521547828,7.630253721
TCGA-ZC-AAAF-01,,TCGA Tumor,THYM,-10.82882169,6.071329046
TCGA-85-8288-01,,TCGA Tumor,LUSC,-5.253463778,0.880652119
TCGA-B6-A0RI-01,,TCGA Tumor,BRCA,4.887925115,-1.539892148
TCGA-97-7553-01,,TCGA Tumor,LUAD,-0.461128447,-2.712858747
TCGA-XK-AAJU-01,,TCGA Tumor,PRAD,9.23838469,8.20920508
TARGET-50-PAKVET-01,,TCGA Tumor,WT,-4.662192855,7.79770558
TCGA-YU-AA4L-01,,TCGA Tumor,TGCT,-4.872462783,-1.871502112
TCGA-IG-A3Y9-01,,TCGA Tumor,ESCA,-6.643074546,0.679037083
TCGA-E2-A1B6-01,,TCGA Tumor,BRCA,0.954279151,-1.587185453
TCGA-EI-7002-01,,TCGA Tumor,READ,-5.818784747,-3.472504448
TARGET-10-PANJPG-09,,TCGA Tumor,Target-ALL,-8.428451094,-8.389525961
TCGA-E9-A1N4-01,,TCGA Tumor,BRCA,3.924188581,-1.714074205
TCGA-OR-A5LH-01,,TCGA Tumor,ACC,-3.482730422,-8.645328115
TCGA-CR-7367-01,,TCGA Tumor,HNSC,-6.504050765,0.409113575
TCGA-K4-A6MB-01,,TCGA Tumor,BLCA,-3.616895232,-0.21043257
TARGET-10-PARBRK-04,,TCGA Tumor,Target-ALL,-8.369551215,-8.339635443
TCGA-VR-AA7B-01,,TCGA Tumor,ESCA,-5.359380755,1.074986626
TCGA-BQ-5889-01,,TCGA Tumor,KIRP,-0.930544171,7.749624659
TCGA-VS-A957-01,,TCGA Tumor,CESC,-6.320909056,1.825860191
TARGET-10-PANCVR-04,,TCGA Tumor,Target-ALL,-8.459250006,-8.408832144
TCGA-EL-A3CS-01,,TCGA Tumor,THCA,10.96717879,-0.672104727
TCGA-2J-AABP-01,,TCGA Tumor,PAAD,1.125226226,1.139315773
TCGA-AB-2848-03,,TCGA Tumor,LAML,-3.977858577,-12.19839246
TCGA-EJ-5531-01,,TCGA Tumor,PRAD,8.948789087,8.276944567
TCGA-XR-A8TE-01,,TCGA Tumor,LIHC,1.37143543,3.902485539
TCGA-PG-A915-01,,TCGA Tumor,UCEC,1.37529805,6.634267737
TCGA-HZ-8003-01,,TCGA Tumor,PAAD,-0.976800594,-1.671589922
TCGA-OL-A66O-01,,TCGA Tumor,BRCA,5.430710759,-1.598589491
TCGA-28-5216-01,,TCGA Tumor,GBM,1.386726704,-9.077075552
TARGET-21-PASYWA-09,,TCGA Tumor,LAML,-5.041352305,-11.86540563
TCGA-85-8277-01,,TCGA Tumor,LUSC,-5.241388831,2.105789114
TARGET-21-PASVJS-41,,TCGA Tumor,LAML,-4.196979079,-12.32097299
TCGA-VQ-A8DZ-01,,TCGA Tumor,STAD,-5.175617728,-2.76071627
TCGA-A7-A6VY-01,,TCGA Tumor,BRCA,0.926019039,-1.467274617
TCGA-77-8143-01,,TCGA Tumor,LUSC,-5.989663634,1.835695912
TCGA-DK-A6B5-01,,TCGA Tumor,BLCA,-5.569364581,1.336375285
TCGA-T7-A92I-01,,TCGA Tumor,KIRC,5.700369325,-5.307043146
TCGA-XF-A9SI-01,,TCGA Tumor,BLCA,-3.12778357,-2.543834757
TCGA-GM-A2DA-01,,TCGA Tumor,BRCA,3.969473567,-1.644262384
TCGA-62-A46O-01,,TCGA Tumor,LUAD,-1.217180881,-2.26339228
TCGA-WY-A859-01,,TCGA Tumor,LGG,2.815115895,-9.749072622
TCGA-GN-A4U8-06,,TCGA Tumor,SKCM,5.57960793,3.547648598
TCGA-E8-A434-01,,TCGA Tumor,THCA,11.02655169,-0.159957718
TCGA-HQ-A5ND-01,,TCGA Tumor,BLCA,-5.214540038,1.468645025
TCGA-24-1434-01,,TCGA Tumor,OV,1.669301834,8.003323485
TCGA-J4-8198-01,,TCGA Tumor,PRAD,7.703731981,9.211617876
TCGA-DX-A2IZ-01,,TCGA Tumor,SARC,0.904239383,1.307052303
TCGA-EB-A44O-01,,TCGA Tumor,SKCM,6.000337568,3.599495579
TCGA-B9-A44B-01,,TCGA Tumor,KIRP,-0.803057823,7.542109419
TCGA-C5-A1BE-01,,TCGA Tumor,CESC,-6.056725535,2.361735035
TCGA-DF-A2KV-01,,TCGA Tumor,UCEC,1.37412962,6.564761091
TCGA-E7-A8O8-01,,TCGA Tumor,BLCA,-3.70263246,0.193224062
TCGA-B6-A0I1-01,,TCGA Tumor,BRCA,0.950419154,-1.549533557
TCGA-UY-A8OD-01,,TCGA Tumor,BLCA,-4.912283931,0.877050985
TCGA-VM-A8CD-01,,TCGA Tumor,LGG,1.465491858,-10.04234273
TARGET-20-PAKERZ-09,,TCGA Tumor,LAML,-4.843203101,-11.3769079
TCGA-KL-8344-01,,TCGA Tumor,KICH,-3.504166875,5.060949732
TCGA-CZ-4862-01,,TCGA Tumor,KIRC,6.068059411,-6.624861788
TCGA-EE-A2ME-06,,TCGA Tumor,SKCM,5.29874703,3.430911471
TCGA-N5-A4RT-01,,TCGA Tumor,UCS,0.622745585,0.999637414
TCGA-D3-A51E-06,,TCGA Tumor,SKCM,5.992166009,3.568729569
TCGA-CR-6487-01,,TCGA Tumor,HNSC,-5.383301768,1.649332334
TCGA-4B-A93V-01,,TCGA Tumor,LUAD,-0.817749057,-2.026456426
TCGA-D3-A5GT-01,,TCGA Tumor,SKCM,5.820182767,3.395211626
TCGA-WY-A85B-01,,TCGA Tumor,LGG,2.229645934,-11.03278882
TCGA-BH-A18T-01,,TCGA Tumor,BRCA,0.969025638,-1.48681743
TCGA-B0-5701-01,,TCGA Tumor,KIRC,6.032335248,-5.801556181
TCGA-JW-A5VH-01,,TCGA Tumor,CESC,-1.513229165,-0.835338484
TCGA-CM-6169-01,,TCGA Tumor,COAD,-5.718054805,-3.491030525
TCGA-AB-2856-03,,TCGA Tumor,LAML,-4.820550952,-11.52482278
TCGA-EY-A72D-01,,TCGA Tumor,UCEC,1.389470127,6.559808661
TCGA-RD-A7BT-01,,TCGA Tumor,STAD,-5.83171371,-3.649185251
TCGA-CR-6493-01,,TCGA Tumor,HNSC,-6.918652091,0.650874604
TCGA-FC-7708-01,,TCGA Tumor,PRAD,7.737940755,9.178015162
TCGA-HR-A2OH-06,,TCGA Tumor,SKCM,5.695784536,3.57309096
TCGA-OR-A5JL-01,,TCGA Tumor,ACC,-3.484688792,-8.609180044
TCGA-S9-A6UB-01,,TCGA Tumor,LGG,3.11150023,-10.51779325
TCGA-BH-A0BD-01,,TCGA Tumor,BRCA,4.57876679,-1.579564284
TCGA-2G-AAL7-01,,TCGA Tumor,TGCT,-1.711425099,5.210674692
TCGA-CV-6954-01,,TCGA Tumor,HNSC,-6.510685,0.771525968
TCGA-OL-A5RU-01,,TCGA Tumor,BRCA,4.611404386,-1.417114924
TCGA-CJ-4874-01,,TCGA Tumor,KIRC,6.241172757,-6.806331705
TCGA-18-3411-01,,TCGA Tumor,LUSC,-5.47326139,2.013901402
TCGA-24-1558-01,,TCGA Tumor,OV,1.37610754,6.825260092
TCGA-BA-5558-01,,TCGA Tumor,HNSC,-6.870791468,0.611130227
TCGA-A4-8516-01,,TCGA Tumor,KIRP,-0.897036824,7.721160341
TARGET-30-PAPKXS-01,,TCGA Tumor,NB,2.737194743,12.99288313
TCGA-LQ-A4E4-01,,TCGA Tumor,BRCA,4.379538503,-1.162892293
TCGA-NA-A4QY-01,,TCGA Tumor,UCS,0.853087213,6.979893614
TCGA-29-1711-01,,TCGA Tumor,OV,1.613838878,7.978643824
TCGA-MP-A4SY-01,,TCGA Tumor,LUAD,-0.114927981,-2.956917595
TCGA-FG-7641-01,,TCGA Tumor,LGG,2.881824222,-9.823216986
TCGA-IM-A4EB-01,,TCGA Tumor,THCA,10.94573733,-0.273346346
TCGA-A6-6650-01,,TCGA Tumor,COAD,-5.880639109,-2.719140362
TCGA-A7-A0DA-01,,TCGA Tumor,BRCA,1.03261092,-1.550052356
TCGA-06-0138-01,,TCGA Tumor,GBM,1.219426003,-9.700491499
TCGA-56-A62T-01,,TCGA Tumor,LUSC,-5.410320792,2.071941305
TCGA-IM-A3U2-01,,TCGA Tumor,THCA,10.98485419,-0.307856928
TCGA-AB-2915-03,,TCGA Tumor,LAML,-4.784958873,-11.52220876
TCGA-UT-A97Y-01,,TCGA Tumor,MESO,0.00578126,1.399026085
TCGA-ER-A19N-06,,TCGA Tumor,SKCM,5.690136876,3.776981045
TCGA-28-5207-01,,TCGA Tumor,GBM,1.535400357,-9.982283186
TCGA-HZ-8315-01,,TCGA Tumor,PAAD,-3.043944154,-2.665280889
TCGA-FS-A1ZC-06,,TCGA Tumor,SKCM,4.991905179,3.397706677
TCGA-A2-A25C-01,,TCGA Tumor,BRCA,5.295664277,-1.430740188
TCGA-KN-8418-01,,TCGA Tumor,KICH,-3.560890708,5.099901606
TCGA-FY-A4B0-01,,TCGA Tumor,THCA,11.48393389,0.87578981
TCGA-PG-A7D5-01,,TCGA Tumor,UCEC,1.394219723,6.568966795
TCGA-C4-A0F7-01,,TCGA Tumor,BLCA,-5.66311172,1.243939329
TCGA-2G-AAFE-01,,TCGA Tumor,TGCT,-1.943350587,5.480874468
TCGA-GM-A4E0-01,,TCGA Tumor,BRCA,3.777346578,-1.492941092
TCGA-BF-A5EP-01,,TCGA Tumor,SKCM,5.508704629,3.563757588
TCGA-O8-A75V-01,,TCGA Tumor,LIHC,0.896387902,3.87459438
TCGA-HU-A4H5-01,,TCGA Tumor,STAD,-3.650716338,-2.77315266
TCGA-S9-A6U6-01,,TCGA Tumor,LGG,2.359454718,-10.46481187
TCGA-E2-A14V-01,,TCGA Tumor,BRCA,4.921811547,-1.427570771
TCGA-AB-2881-03,,TCGA Tumor,LAML,-4.717151198,-11.48171384
TCGA-E7-A8O7-01,,TCGA Tumor,BLCA,-3.622922454,0.096919444
TCGA-P8-A6RY-01,,TCGA Tumor,PCPG,0.166373592,12.86033385
TCGA-CV-6942-01,,TCGA Tumor,HNSC,-6.179219756,0.760683645
TCGA-E2-A105-01,,TCGA Tumor,BRCA,5.661569085,-1.660415005
TCGA-CV-5441-01,,TCGA Tumor,HNSC,-6.439982447,0.946635772
TCGA-DU-8168-01,,TCGA Tumor,LGG,2.984182086,-9.955996107
TCGA-KK-A8IH-01,,TCGA Tumor,PRAD,7.895041909,8.8934788
TCGA-HV-A5A5-01,,TCGA Tumor,PAAD,-2.447714362,-2.46127541
TCGA-AB-2903-03,,TCGA Tumor,LAML,-4.768929515,-11.47464521
TCGA-C5-A905-01,,TCGA Tumor,CESC,-6.380234275,1.429113198
TCGA-BR-4362-01,,TCGA Tumor,STAD,-4.534254107,-3.553360294
TCGA-HC-A632-01,,TCGA Tumor,PRAD,7.705968347,9.209961344
TCGA-HT-8019-01,,TCGA Tumor,LGG,2.817795243,-9.739106726
TCGA-XF-AAMX-01,,TCGA Tumor,BLCA,-3.590318475,-0.421634506
TCGA-06-0130-01,,TCGA Tumor,GBM,1.344101277,-9.034164976
TARGET-50-PAKNAL-01,,TCGA Tumor,WT,-3.961321387,6.764458109
TCGA-EL-A3ZN-01,,TCGA Tumor,THCA,11.57525393,0.764404167
TCGA-XF-AAN0-01,,TCGA Tumor,BLCA,-3.427064214,-2.112024378
TCGA-DU-7290-01,,TCGA Tumor,LGG,1.52571496,-10.06400068
TCGA-2G-AAKL-01,,TCGA Tumor,TGCT,-1.706910167,5.206311155
TCGA-WB-A81H-01,,TCGA Tumor,PCPG,0.072271224,12.96569483
TCGA-B8-A8YJ-01,,TCGA Tumor,KIRC,6.18426415,-5.525028299
TCGA-G9-6353-01,,TCGA Tumor,PRAD,9.042656388,8.271096636
TCGA-3B-A9HQ-01,,TCGA Tumor,SARC,1.91842803,1.530678679
TCGA-KK-A59Z-01,,TCGA Tumor,PRAD,9.340905633,8.032536913
TCGA-D3-A2JO-06,,TCGA Tumor,SKCM,5.65921351,3.670598198
TCGA-CR-7394-01,,TCGA Tumor,HNSC,-6.48337892,0.211701189
TCGA-61-1738-01,,TCGA Tumor,OV,1.61656126,7.945385386
TCGA-BR-7197-01,,TCGA Tumor,STAD,-2.608140502,-1.931807588
TCGA-B0-4849-01,,TCGA Tumor,KIRC,6.345723119,-6.631633829
TCGA-MP-A4SV-01,,TCGA Tumor,LUAD,-0.073867801,-3.172538112
TARGET-20-PARANT-09,,TCGA Tumor,LAML,-4.739566836,-11.76864393
TCGA-3H-AB3S-01,,TCGA Tumor,MESO,-0.098982099,1.481633712
TCGA-29-1703-01,,TCGA Tumor,OV,1.695014444,8.117687632
TCGA-BH-A0HP-01,,TCGA Tumor,BRCA,4.213023391,-1.370855879
TCGA-B6-A0I8-01,,TCGA Tumor,BRCA,4.675788846,-1.205092024
TCGA-IG-A3I8-01,,TCGA Tumor,ESCA,-5.286719355,1.059635092
TCGA-E2-A1L7-01,,TCGA Tumor,BRCA,5.5975351,-1.634961914
TCGA-DX-A3UD-01,,TCGA Tumor,SARC,1.93521699,1.555140783
TCGA-DJ-A2Q4-01,,TCGA Tumor,THCA,11.28782794,-0.236302238
TCGA-55-8513-01,,TCGA Tumor,LUAD,-3.162479911,-2.592724871
TCGA-G4-6625-01,,TCGA Tumor,COAD,-5.932958636,-3.729165624
TCGA-HC-7738-01,,TCGA Tumor,PRAD,8.504547563,8.20013373
TARGET-50-PAKMSV-01,,TCGA Tumor,WT,-4.569275412,7.7007684
TCGA-OR-A5JG-01,,TCGA Tumor,ACC,-3.463971886,-8.62193067
TARGET-50-PAKULH-01,,TCGA Tumor,WT,-4.580948386,7.712811876
TARGET-50-PAJNNC-01,,TCGA Tumor,WT,-4.501674208,7.620207239
TCGA-04-1542-01,,TCGA Tumor,OV,1.780117359,8.176902224
TCGA-P3-A6T7-01,,TCGA Tumor,HNSC,-6.736434493,0.563126434
TCGA-EA-A3QE-01,,TCGA Tumor,CESC,-6.307231459,1.795153547
TCGA-FB-AAQ6-01,,TCGA Tumor,PAAD,-3.273762975,-2.880835365
TCGA-56-6545-01,,TCGA Tumor,LUSC,-5.425981078,0.762754191
TCGA-34-2608-01,,TCGA Tumor,LUSC,-5.562916312,1.52973621
TCGA-CR-7391-01,,TCGA Tumor,HNSC,-6.394532237,0.160940651
TCGA-DX-A8BM-01,,TCGA Tumor,SARC,1.292350021,1.653593112
TCGA-MP-A4T4-01,,TCGA Tumor,LUAD,-0.013381902,-2.749553274
TCGA-BR-A44U-01,,TCGA Tumor,STAD,-4.701305899,-3.077056002
TCGA-71-8520-01,,TCGA Tumor,LUAD,-0.315975222,-2.830414842
TCGA-4Z-AA82-01,,TCGA Tumor,BLCA,-5.398581538,1.125848819
TCGA-P3-A5QA-01,,TCGA Tumor,HNSC,-5.541234526,0.741461028
TCGA-CM-6680-01,,TCGA Tumor,COAD,-5.437039885,-3.721658777
TCGA-44-7672-01,,TCGA Tumor,LUAD,0.003096041,-2.811457466
TCGA-E9-A1N8-01,,TCGA Tumor,BRCA,1.029306081,-1.473939251
TCGA-VS-A8EG-01,,TCGA Tumor,CESC,-6.383440051,1.753559042
TCGA-A8-A085-01,,TCGA Tumor,BRCA,5.583456483,-1.731494497
TCGA-EJ-8474-01,,TCGA Tumor,PRAD,8.353052583,8.302853037
TCGA-AR-A24Q-01,,TCGA Tumor,BRCA,0.928148535,-1.399094175
TCGA-O2-A5IB-01,,TCGA Tumor,LUSC,0.779546049,-1.409426164
TCGA-E8-A416-01,,TCGA Tumor,THCA,11.53672358,0.71658485
TCGA-MH-A560-01,,TCGA Tumor,KIRP,5.568231549,-5.190100263
TCGA-CV-A45Q-01,,TCGA Tumor,HNSC,-6.30930141,0.127180454
TCGA-AA-3663-01,,TCGA Tumor,COAD,-6.004603896,-3.788850139
TCGA-OR-A5JC-01,,TCGA Tumor,ACC,-3.467913184,-8.613743376
TCGA-AP-A3K1-01,,TCGA Tumor,UCEC,1.103956547,6.68667977
TCGA-A4-8311-01,,TCGA Tumor,KIRP,-0.921449575,7.736780096
TCGA-3L-AA1B-01,,TCGA Tumor,COAD,-6.057292971,-3.676180433
TCGA-SX-A7SO-01,,TCGA Tumor,KIRP,5.600222554,-5.209368776
TCGA-30-1862-01,,TCGA Tumor,OV,1.479608264,7.908188749
TCGA-29-1698-01,,TCGA Tumor,OV,1.473888483,7.064908911
TCGA-CN-6019-01,,TCGA Tumor,HNSC,-5.898188624,1.031731118
TARGET-50-PAJMFU-01,,TCGA Tumor,WT,-4.650057826,7.785518099
TCGA-BJ-A45I-01,,TCGA Tumor,THCA,10.94459101,-0.328145127
TCGA-06-0125-01,,TCGA Tumor,GBM,1.230031636,-9.879001211
TCGA-B0-4823-01,,TCGA Tumor,KIRC,6.217194524,-5.666528295
TCGA-06-0125-02,,TCGA Tumor,GBM,1.442628112,-9.203589987
TCGA-OR-A5LO-01,,TCGA Tumor,ACC,-3.464840922,-8.621161054
TCGA-BG-A3PP-01,,TCGA Tumor,UCEC,1.359513965,6.615364481
TCGA-KO-8404-01,,TCGA Tumor,KICH,1.25724509,1.165608455
TCGA-KK-A8IB-01,,TCGA Tumor,PRAD,8.709433046,8.188904215
TCGA-3B-A9HU-01,,TCGA Tumor,SARC,1.98135325,1.604396988
TCGA-22-4596-01,,TCGA Tumor,LUSC,0.021330502,-2.679900955
TCGA-YL-A9WI-01,,TCGA Tumor,PRAD,8.646270242,8.148405481
TARGET-20-PANYNR-03,,TCGA Tumor,LAML,-4.701451812,-11.54530485
TCGA-B0-5084-01,,TCGA Tumor,KIRC,0.264450532,6.889919687
TCGA-RE-A7BO-01,,TCGA Tumor,ESCA,-5.546403918,-3.53138883
TCGA-A7-A0CE-01,,TCGA Tumor,BRCA,0.913206127,-1.458092879
TCGA-QU-A6IN-01,,TCGA Tumor,PRAD,7.696852651,9.215095926
TCGA-V1-A8WL-01,,TCGA Tumor,PRAD,8.965042558,8.201465059
TCGA-BP-4991-01,,TCGA Tumor,KIRC,6.27526566,-5.999430727
TARGET-10-PANYGB-09,,TCGA Tumor,Target-ALL,-8.2112079,-8.17252786
TCGA-23-1021-01,,TCGA Tumor,OV,1.997012701,8.241564203
TCGA-RW-A68C-01,,TCGA Tumor,PCPG,0.287069802,12.72766535
TCGA-DX-AB2P-01,,TCGA Tumor,SARC,1.479235258,1.218136359
TARGET-10-PANYGB-04,,TCGA Tumor,Target-ALL,-8.20328382,-8.167597364
TCGA-23-1116-01,,TCGA Tumor,OV,2.002793637,8.078906466
TARGET-30-PANSBN-01,,TCGA Tumor,NB,4.970667329,3.388147999
TCGA-RC-A7SF-01,,TCGA Tumor,LIHC,0.894136247,4.112074782
TCGA-FP-7916-01,,TCGA Tumor,STAD,-3.785815749,-3.685547422
TCGA-06-0168-01,,TCGA Tumor,GBM,1.386600044,-9.462491583
TCGA-EB-A5UN-06,,TCGA Tumor,SKCM,5.649231878,3.36980765
TCGA-A3-3335-01,,TCGA Tumor,KIRC,6.203457322,-6.157913755
TCGA-EB-A3XB-01,,TCGA Tumor,SKCM,5.974391904,3.542389799
TCGA-B2-4102-01,,TCGA Tumor,KIRC,6.132674661,-6.704736303
TCGA-KK-A8IG-01,,TCGA Tumor,PRAD,9.280423608,8.153946329
TCGA-C5-A901-01,,TCGA Tumor,CESC,-6.49848989,1.56011479
TCGA-AK-3434-01,,TCGA Tumor,KIRC,6.283848253,-6.837359976
TCGA-09-1662-01,,TCGA Tumor,OV,1.850046482,8.415717531
TCGA-JW-A69B-01,,TCGA Tumor,CESC,-3.809542212,-3.254032444
TARGET-20-PARIZR-03,,TCGA Tumor,LAML,-4.766877684,-11.43329866
TCGA-YL-A8HK-01,,TCGA Tumor,PRAD,8.057642904,8.647696901
TCGA-EK-A2RA-01,,TCGA Tumor,CESC,-5.585751567,1.407577563
TCGA-E6-A8L9-01,,TCGA Tumor,UCEC,1.37978461,6.59687369
TCGA-CZ-4861-01,,TCGA Tumor,KIRC,6.172038999,-5.787679743
TCGA-34-8455-01,,TCGA Tumor,LUSC,-5.260678801,1.205325771
TCGA-DU-6407-02,,TCGA Tumor,LGG,1.834294167,-9.363981794
TCGA-DU-6407-01,,TCGA Tumor,LGG,2.239678588,-10.86060865
TCGA-CV-6950-01,,TCGA Tumor,HNSC,-6.042712722,0.554936637
TCGA-22-5480-01,,TCGA Tumor,LUSC,-5.30218986,0.860472966
TARGET-20-PARYGA-09,,TCGA Tumor,LAML,-5.479504618,-12.43613584
TCGA-P3-A5QE-01,,TCGA Tumor,HNSC,-6.116397414,1.980807472
TCGA-77-8128-01,,TCGA Tumor,LUSC,-5.402720961,2.488428999
TCGA-G2-A2ES-01,,TCGA Tumor,BLCA,-5.268419776,1.307906319
TCGA-CR-6481-01,,TCGA Tumor,HNSC,-6.099197898,2.018047501
TCGA-C8-A134-01,,TCGA Tumor,BRCA,1.042643395,-1.514164399
TCGA-DX-A6BA-01,,TCGA Tumor,SARC,1.9957616,1.486022998
TCGA-YC-A9TC-01,,TCGA Tumor,BLCA,-0.960771475,-1.844875525
TCGA-ZF-A9R7-01,,TCGA Tumor,BLCA,-3.637847934,0.023770592
TCGA-DJ-A2PU-01,,TCGA Tumor,THCA,11.5367026,0.0447879
TCGA-51-4081-01,,TCGA Tumor,LUSC,-5.493886981,2.240846563
TCGA-CV-6441-01,,TCGA Tumor,HNSC,-5.79847959,1.575587917
TCGA-C8-A12Y-01,,TCGA Tumor,BRCA,3.976970163,-1.6993335
TCGA-N5-A4RS-01,,TCGA Tumor,UCS,1.401653614,7.015464712
TCGA-D3-A5GS-06,,TCGA Tumor,SKCM,5.537838903,3.479127337
TCGA-DX-A7ET-01,,TCGA Tumor,SARC,1.173984077,1.213162829
TCGA-DJ-A3VL-01,,TCGA Tumor,THCA,11.54387042,0.79684173
TCGA-Q2-A5QZ-01,,TCGA Tumor,KIRP,-0.108471665,3.071428705
TCGA-XF-A8HG-01,,TCGA Tumor,BLCA,-3.596307549,-0.044916872
TCGA-AB-2911-03,,TCGA Tumor,LAML,-4.097702536,-12.10651643
TCGA-IB-AAUV-01,,TCGA Tumor,PAAD,-2.184214148,-1.866981577
TCGA-GU-AATO-01,,TCGA Tumor,BLCA,-3.469219718,-1.73006637
TCGA-ER-A2NF-06,,TCGA Tumor,SKCM,6.719998803,4.432712961
TCGA-H9-A6BY-01,,TCGA Tumor,PRAD,7.718240705,9.19529574
TCGA-QH-A6CW-01,,TCGA Tumor,LGG,2.235936251,-11.00510652
TCGA-HC-7737-01,,TCGA Tumor,PRAD,8.817238298,8.149046351
TCGA-N7-A59B-01,,TCGA Tumor,UCS,1.481795874,6.56109326
TCGA-AC-A2BM-01,,TCGA Tumor,BRCA,5.610126939,-1.581869792
TCGA-A2-A0EU-01,,TCGA Tumor,BRCA,4.153779712,-1.847845863
TCGA-C5-A1M6-01,,TCGA Tumor,CESC,-0.662926945,-2.015758585
TCGA-HT-7601-01,,TCGA Tumor,LGG,2.287662711,-10.5450216
TCGA-CR-7382-01,,TCGA Tumor,HNSC,-5.839354548,0.525839169
TCGA-VQ-A8P5-01,,TCGA Tumor,STAD,-3.296320472,-2.990741562
TCGA-32-2634-01,,TCGA Tumor,GBM,1.331139055,-9.696060728
TCGA-4V-A9QR-01,,TCGA Tumor,THYM,-10.97218183,5.935967375
TCGA-FX-A3TO-01,,TCGA Tumor,SARC,1.350887206,1.53377359
TCGA-BP-4768-01,,TCGA Tumor,KIRC,6.159964051,-6.258102964
TCGA-DJ-A13L-01,,TCGA Tumor,THCA,10.92747447,-0.27554525
TCGA-CJ-5677-01,,TCGA Tumor,KIRC,6.052265134,-5.586931776
TCGA-E7-A6ME-01,,TCGA Tumor,BLCA,-3.562707934,-0.506895493
TCGA-AL-A5DJ-01,,TCGA Tumor,KIRP,-0.706057462,7.537707258
TCGA-56-8503-01,,TCGA Tumor,LUSC,-5.820044551,0.936990667
TCGA-AJ-A3BF-01,,TCGA Tumor,UCEC,1.164323893,6.391739298
TCGA-AB-2934-03,,TCGA Tumor,LAML,-4.861699614,-11.50865419
TCGA-51-4080-01,,TCGA Tumor,LUSC,-5.226537738,2.510398794
TCGA-56-7223-01,,TCGA Tumor,LUSC,-1.547119412,-0.833052467
TCGA-EL-A4KG-01,,TCGA Tumor,THCA,10.99422595,-0.393923264
TCGA-RU-A8FL-01,,TCGA Tumor,COAD,-6.10489038,-3.653034757
TCGA-HD-A6HZ-01,,TCGA Tumor,HNSC,-6.663871321,0.484324087
TCGA-E2-A15G-01,,TCGA Tumor,BRCA,5.429914441,-1.399444054
TCGA-56-8083-01,,TCGA Tumor,LUSC,-0.360108766,1.297406484
TCGA-C8-A12U-01,,TCGA Tumor,BRCA,5.612853017,-1.633976649
TCGA-BP-4784-01,,TCGA Tumor,KIRC,0.925567713,6.62399285
TCGA-F7-8298-01,,TCGA Tumor,HNSC,-6.367685351,0.561993946
TCGA-XF-A8HD-01,,TCGA Tumor,BLCA,-3.800619159,-0.498498391
TCGA-KD-A5QT-01,,TCGA Tumor,SARC,1.986045447,1.600954462
TCGA-DD-AACV-01,,TCGA Tumor,LIHC,0.863782402,4.166576792
TCGA-DJ-A3UK-01,,TCGA Tumor,THCA,11.55006835,0.085380905
TCGA-04-1356-01,,TCGA Tumor,OV,1.666324582,7.993879248
TCGA-VQ-A94P-01,,TCGA Tumor,STAD,-2.322159085,-1.78927667
TCGA-B6-A0WT-01,,TCGA Tumor,BRCA,4.212171998,-1.736613821
TCGA-44-7660-01,,TCGA Tumor,LUAD,-0.640553269,-2.028436016
TCGA-24-1548-01,,TCGA Tumor,OV,1.734157171,8.520164896
TCGA-CV-7245-01,,TCGA Tumor,HNSC,-6.386427436,1.117697407
TCGA-DU-6403-01,,TCGA Tumor,LGG,1.710754242,-9.231519293
TCGA-G8-6324-01,,TCGA Tumor,DLBC,-8.541047606,6.922216822
TCGA-EL-A4K0-01,,TCGA Tumor,THCA,11.39382693,-0.098791595
TCGA-J4-A67T-01,,TCGA Tumor,PRAD,7.795756784,9.156378199
TCGA-VS-A9V4-01,,TCGA Tumor,CESC,-6.15950397,-3.643304895
TCGA-EE-A3AH-06,,TCGA Tumor,SKCM,5.071670022,3.459721018
TCGA-DZ-6133-01,,TCGA Tumor,KIRP,-0.899648819,7.676837374
TCGA-DY-A1H8-01,,TCGA Tumor,READ,-6.17606977,-3.563890528
TCGA-ZM-AA05-01,,TCGA Tumor,TGCT,-1.927327904,5.46375506
TCGA-DJ-A2PZ-01,,TCGA Tumor,THCA,11.00062987,-0.555399309
TCGA-CN-6016-01,,TCGA Tumor,HNSC,-6.045105014,0.528403003
TCGA-FD-A3B3-01,,TCGA Tumor,BLCA,-6.562472853,0.608992327
TCGA-S3-AA12-01,,TCGA Tumor,BRCA,5.688687291,-1.670341085
TCGA-2G-AAHP-01,,TCGA Tumor,TGCT,-1.773731742,5.279536177
TCGA-77-6843-01,,TCGA Tumor,LUSC,-5.265587363,2.499815155
TCGA-WB-A81K-01,,TCGA Tumor,PCPG,0.188304361,12.84160464
TCGA-VQ-A8DV-01,,TCGA Tumor,STAD,0.270539295,3.453306605
TCGA-AR-A1AY-01,,TCGA Tumor,BRCA,1.026711669,-1.513403963
TCGA-B9-4117-01,,TCGA Tumor,KIRP,-0.912835631,7.765026499
TCGA-BA-4075-01,,TCGA Tumor,HNSC,-5.516294036,0.700616945
TCGA-CH-5737-01,,TCGA Tumor,PRAD,8.488064256,8.243418146
TCGA-FJ-A3ZF-01,,TCGA Tumor,BLCA,-3.595548425,-0.569835376
TCGA-UZ-A9Q0-01,,TCGA Tumor,KIRP,-0.847143922,7.653799463
TCGA-FE-A234-01,,TCGA Tumor,THCA,11.00980898,-0.484307002
TCGA-CA-6719-01,,TCGA Tumor,COAD,-5.85381845,-3.530603956
TCGA-CD-5813-01,,TCGA Tumor,STAD,-2.550265822,-1.899795722
TCGA-EE-A29E-06,,TCGA Tumor,SKCM,5.960891214,3.50162809
TCGA-VQ-AA6I-01,,TCGA Tumor,STAD,-3.953287158,-3.612495731
TCGA-D8-A27M-01,,TCGA Tumor,BRCA,0.944945719,-1.554105233
TCGA-UY-A9PD-01,,TCGA Tumor,BLCA,-3.766225371,-0.273320417
TCGA-A8-A081-01,,TCGA Tumor,BRCA,4.99787518,-1.349942755
TCGA-CQ-6221-01,,TCGA Tumor,HNSC,1.279237833,1.091157485
TCGA-BH-A1ES-06,,TCGA Tumor,BRCA,0.279717852,3.463313986
TCGA-V4-A9ED-01,,TCGA Tumor,UVM,6.727837053,4.442970682
TCGA-AO-A03O-01,,TCGA Tumor,BRCA,5.379046884,-1.45150287
TARGET-30-PASNPG-02,,TCGA Tumor,NB,2.620526996,12.88408511
TARGET-30-PASNPG-01,,TCGA Tumor,NB,2.707073417,12.99000399
TARGET-10-PARJSR-09,,TCGA Tumor,Target-ALL,-8.307074103,-8.271080564
TCGA-MH-A856-01,,TCGA Tumor,KIRP,-0.857596431,7.687659193
TCGA-HU-8610-01,,TCGA Tumor,STAD,-3.461486611,-3.02753241
TCGA-69-7760-01,,TCGA Tumor,LUAD,-0.2564908,-3.078483652
TCGA-46-3766-01,,TCGA Tumor,LUSC,-5.333338771,0.765877951
TARGET-30-PAPEAV-01,,TCGA Tumor,NB,2.604589668,12.88971751
TARGET-20-PAKTCX-09,,TCGA Tumor,LAML,-4.043988261,-12.24070318
TCGA-DD-AAEK-01,,TCGA Tumor,LIHC,0.940987137,3.88829105
TARGET-20-PAKTCX-04,,TCGA Tumor,LAML,-5.510675463,-12.38613088
TCGA-CQ-7069-01,,TCGA Tumor,HNSC,-6.59639934,0.559646059
TCGA-ZM-AA0D-01,,TCGA Tumor,TGCT,-1.904903922,5.43700688
TCGA-33-4533-01,,TCGA Tumor,LUSC,-0.239772472,1.240965773
TCGA-04-1361-01,,TCGA Tumor,OV,2.045468893,8.189140726
TCGA-B0-4852-01,,TCGA Tumor,KIRC,6.340078321,-6.816204141
TCGA-OR-A5LC-01,,TCGA Tumor,ACC,-3.467204127,-8.613548826
TCGA-VS-A8Q8-01,,TCGA Tumor,CESC,-6.417825732,1.483469893
TCGA-BB-7872-01,,TCGA Tumor,HNSC,-6.784400496,0.690110851
TCGA-DJ-A2PO-01,,TCGA Tumor,THCA,11.03691622,-0.506136309
TCGA-G2-A2EL-01,,TCGA Tumor,BLCA,-1.293449435,-0.599866461
TCGA-EJ-A65D-01,,TCGA Tumor,PRAD,7.83115479,9.047080446
TCGA-CV-6939-01,,TCGA Tumor,HNSC,-5.733530078,1.543106605
TCGA-NH-A6GB-01,,TCGA Tumor,COAD,-5.769811663,-3.503994297
TCGA-DW-7842-01,,TCGA Tumor,KIRP,-1.021777901,7.796060015
TCGA-13-1497-01,,TCGA Tumor,OV,1.547378268,7.874299456
TCGA-EO-A3AY-01,,TCGA Tumor,UCEC,1.389208582,6.574187685
TCGA-CZ-5470-01,,TCGA Tumor,KIRC,5.959367719,-6.223870348
TCGA-AX-A3G1-01,,TCGA Tumor,UCEC,1.438767519,6.59650271
TCGA-XF-A9SP-01,,TCGA Tumor,BLCA,-3.88646892,-0.63610829
TCGA-AZ-4614-01,,TCGA Tumor,COAD,-5.654126677,-3.491494726
TCGA-B0-4824-01,,TCGA Tumor,KIRC,6.277248826,-6.754441332
TCGA-QR-A70T-01,,TCGA Tumor,PCPG,0.201306161,12.82677214
TCGA-BP-4345-01,,TCGA Tumor,KIRC,6.281713929,-5.335321497
TCGA-B0-5115-01,,TCGA Tumor,KIRC,6.321899381,-6.77083404
TCGA-BB-7863-01,,TCGA Tumor,HNSC,-6.908565554,0.563923885
TCGA-DD-AACB-01,,TCGA Tumor,LIHC,0.65573683,3.712385584
TCGA-DS-A0VN-01,,TCGA Tumor,CESC,-6.54624084,0.592093159
TARGET-20-PARCVS-04,,TCGA Tumor,LAML,-4.663325343,-11.43185193
TCGA-DB-A64R-01,,TCGA Tumor,LGG,3.085699764,-10.52138955
TCGA-ZF-AA5H-01,,TCGA Tumor,BLCA,-5.183673415,0.694884766
TCGA-ER-A193-06,,TCGA Tumor,SKCM,5.925990548,3.587321688
TCGA-ET-A25M-01,,TCGA Tumor,THCA,11.11455199,-0.354664098
TCGA-G9-6354-01,,TCGA Tumor,PRAD,7.717604127,9.208469797
TCGA-A6-3809-01,,TCGA Tumor,COAD,-4.507572684,-3.29601271
TCGA-VP-A87H-01,,TCGA Tumor,PRAD,9.270838227,8.012066294
TCGA-G9-7521-01,,TCGA Tumor,PRAD,8.405657258,8.273312021
TCGA-YL-A8HO-01,,TCGA Tumor,PRAD,9.34313437,8.235314776
TCGA-PL-A8LZ-01,,TCGA Tumor,BRCA,0.956547525,-1.499459695
TCGA-CZ-4865-01,,TCGA Tumor,KIRC,6.224996057,-5.477267813
TCGA-C5-A7CL-01,,TCGA Tumor,CESC,-6.33395246,1.52557223
TCGA-CM-5864-01,,TCGA Tumor,COAD,-6.100703749,-3.630476068
TCGA-DX-A1KY-01,,TCGA Tumor,SARC,1.210903254,1.694705058
TCGA-ER-A19O-06,,TCGA Tumor,SKCM,6.17684218,3.821054627
TCGA-GN-A4U3-06,,TCGA Tumor,SKCM,5.863203492,3.456449677
TCGA-HC-7079-01,,TCGA Tumor,PRAD,9.262312379,8.098795344
TCGA-UF-A71B-01,,TCGA Tumor,HNSC,-6.877244983,0.638491858
TCGA-HC-7745-01,,TCGA Tumor,PRAD,9.279033151,8.194524218
TCGA-D8-A1JS-01,,TCGA Tumor,BRCA,5.25844523,-1.290954422
TCGA-E2-A15H-01,,TCGA Tumor,BRCA,4.95267674,-1.286879133
TCGA-J4-AATZ-01,,TCGA Tumor,PRAD,8.117020574,8.564906527
TCGA-E1-A7YQ-01,,TCGA Tumor,LGG,1.247315076,-9.931304525
TCGA-CV-6935-01,,TCGA Tumor,HNSC,-5.452795062,2.0507298
TCGA-D7-A4YX-01,,TCGA Tumor,STAD,-4.03823379,-3.504394125
TCGA-FV-A4ZQ-01,,TCGA Tumor,LIHC,0.721854236,3.784478117
TCGA-EL-A3GS-01,,TCGA Tumor,THCA,11.01163813,-0.609929751
TCGA-A8-A093-01,,TCGA Tumor,BRCA,4.07237288,-1.560687493
TCGA-EY-A210-01,,TCGA Tumor,UCEC,1.435344901,6.65741532
TCGA-D9-A4Z5-01,,TCGA Tumor,SKCM,5.608966794,3.555052448
TCGA-BP-4758-01,,TCGA Tumor,KIRC,6.332316842,-6.749938558
TCGA-RB-AA9M-01,,TCGA Tumor,PAAD,-2.516461882,-2.432489466
TCGA-MA-AA3Y-01,,TCGA Tumor,CESC,-5.760328803,0.681824793
TARGET-10-PAPRCS-04,,TCGA Tumor,Target-ALL,-8.34981874,-8.318321775
TCGA-BP-5200-01,,TCGA Tumor,KIRC,6.305813756,-6.781765531
TCGA-EB-A5UM-01,,TCGA Tumor,SKCM,6.411425557,4.150639464
TCGA-EE-A2A1-06,,TCGA Tumor,SKCM,5.985999551,3.597657133
TCGA-HW-7487-01,,TCGA Tumor,LGG,2.839460578,-9.770927023
TCGA-34-8456-01,,TCGA Tumor,LUSC,-5.454251799,2.573744465
TCGA-FY-A3YR-01,,TCGA Tumor,THCA,10.93063971,-0.306673359
TCGA-BH-A18S-01,,TCGA Tumor,BRCA,5.30882546,-1.342917274
TCGA-UF-A7JH-01,,TCGA Tumor,HNSC,-6.478863749,0.447004427
TCGA-44-2665-01,,TCGA Tumor,LUAD,-0.007072035,-2.009064506
TCGA-V4-A9F4-01,,TCGA Tumor,UVM,6.687246289,4.400279928
TCGA-HU-A4G2-01,,TCGA Tumor,STAD,-3.744339499,-3.758336376
TCGA-27-1834-01,,TCGA Tumor,GBM,1.374040988,-9.946002554
TCGA-WB-A81D-01,,TCGA Tumor,PCPG,-0.03584883,13.07575934
TCGA-TN-A7HI-01,,TCGA Tumor,HNSC,-5.253745112,0.997230877
TCGA-ZF-AA54-01,,TCGA Tumor,BLCA,1.014981356,1.11564653
TCGA-AC-A23G-01,,TCGA Tumor,BRCA,2.933830466,-1.155644249
TCGA-ZG-A9LB-01,,TCGA Tumor,PRAD,9.310735193,8.059986521
TCGA-EW-A1J2-01,,TCGA Tumor,BRCA,4.286766734,-1.542224001
TCGA-FA-A7Q1-01,,TCGA Tumor,DLBC,-8.579986129,6.935407568
TCGA-MU-A8JM-01,,TCGA Tumor,CESC,-6.465146575,1.53281777
TARGET-20-PAEFGR-09,,TCGA Tumor,LAML,-4.477495703,-11.76604993
TCGA-BJ-A4O9-01,,TCGA Tumor,THCA,10.94473788,-0.677989315
TCGA-CR-6477-01,,TCGA Tumor,HNSC,-6.747384105,0.595001627
TCGA-KB-A93G-01,,TCGA Tumor,STAD,-4.169914279,-2.800895046
TCGA-95-7944-01,,TCGA Tumor,LUAD,-1.038510237,-1.959649395
TCGA-BP-4335-01,,TCGA Tumor,KIRC,6.305943933,-6.828348707
TCGA-A2-A0ST-01,,TCGA Tumor,BRCA,0.758359399,-1.281832765
TCGA-DX-A7EN-01,,TCGA Tumor,SARC,1.94765934,1.579752732
TCGA-C5-A2LY-01,,TCGA Tumor,CESC,-5.532114062,1.305887748
TARGET-30-PASYPX-01,,TCGA Tumor,NB,2.735389676,12.99110072
TCGA-XF-A9ST-01,,TCGA Tumor,BLCA,-4.588479075,-1.472370933
TCGA-EY-A2OO-01,,TCGA Tumor,UCEC,1.36111876,6.661990572
TCGA-B0-5698-01,,TCGA Tumor,KIRC,6.329209771,-6.766623091
TCGA-BP-4173-01,,TCGA Tumor,KIRC,6.110858884,-5.893396925
TCGA-ZN-A9VO-01,,TCGA Tumor,MESO,-0.149981591,1.532172371
TCGA-BA-A4II-01,,TCGA Tumor,HNSC,-6.621968779,0.920591344
TCGA-Q9-A6FU-01,,TCGA Tumor,ESCA,-5.654336486,0.829725374
TCGA-FX-A2QS-01,,TCGA Tumor,SARC,1.07939842,1.559055616
TCGA-G3-A6UC-01,,TCGA Tumor,LIHC,1.251898136,3.912733008
TCGA-DX-A3U7-01,,TCGA Tumor,SARC,1.980869737,1.599070121
TCGA-FU-A23K-01,,TCGA Tumor,CESC,0.539247584,-1.477293919
TCGA-HZ-7925-01,,TCGA Tumor,PAAD,-3.014463219,-2.532824825
TCGA-L9-A7SV-01,,TCGA Tumor,LUAD,-0.252809379,-2.970508169
TCGA-KQ-A41R-01,,TCGA Tumor,BLCA,-3.611006293,0.070211484
TCGA-ER-A197-06,,TCGA Tumor,SKCM,6.676716771,4.391305376
TARGET-10-PANYZE-09,,TCGA Tumor,Target-ALL,-8.392412696,-8.364794325
TCGA-VQ-A94T-01,,TCGA Tumor,STAD,-1.149696502,-2.033216785
TARGET-10-PAPBSY-09,,TCGA Tumor,Target-ALL,-8.396999869,-8.356952261
TCGA-DX-A3UC-01,,TCGA Tumor,SARC,1.968409267,1.574851681
TCGA-IQ-7630-01,,TCGA Tumor,HNSC,-6.778969798,0.575593461
TCGA-XF-AAN3-01,,TCGA Tumor,BLCA,-5.180160556,1.129352499
TCGA-24-1425-01,,TCGA Tumor,OV,0.538676452,-0.299045544
TCGA-EJ-7328-01,,TCGA Tumor,PRAD,9.308831659,8.199525286
TARGET-10-PAPRFE-09,,TCGA Tumor,Target-ALL,-8.464415107,-8.407412123
TCGA-04-1332-01,,TCGA Tumor,OV,1.271307614,7.736639429
TCGA-DA-A1HV-06,,TCGA Tumor,SKCM,5.078278508,3.454541374
TCGA-YZ-A982-01,,TCGA Tumor,UVM,6.767060724,4.471891333
TCGA-EM-A3FL-01,,TCGA Tumor,THCA,11.36806437,0.996966292
TCGA-W5-AA2O-01,,TCGA Tumor,CHOL,0.142143932,3.317093064
TCGA-B2-5636-01,,TCGA Tumor,KIRC,0.894857552,6.605443884
TCGA-IZ-A6M8-01,,TCGA Tumor,KIRP,-0.87305561,7.687227179
TCGA-BF-A1PV-01,,TCGA Tumor,SKCM,6.033100572,3.678748776
TCGA-55-7283-01,,TCGA Tumor,LUAD,-0.218863818,-3.144696783
TARGET-30-PATFCY-01,,TCGA Tumor,NB,2.780698981,13.03251689
TARGET-30-PASEGA-01,,TCGA Tumor,NB,2.679648605,12.92322009
TCGA-CN-A63U-01,,TCGA Tumor,HNSC,-5.410555396,2.209999014
TCGA-DD-A4NJ-01,,TCGA Tumor,LIHC,0.729407039,4.002402712
TCGA-KK-A8I9-01,,TCGA Tumor,PRAD,8.707680192,8.182720591
TCGA-EJ-7317-01,,TCGA Tumor,PRAD,9.028945413,8.263663698
TCGA-BP-5168-01,,TCGA Tumor,KIRC,6.286010709,-6.819588255
TARGET-10-PASLZM-40,,TCGA Tumor,Target-ALL,-8.378672156,-8.338028501
TCGA-RS-A6TO-01,,TCGA Tumor,HNSC,-6.583692584,0.519227971
TCGA-AR-A24Z-01,,TCGA Tumor,BRCA,5.349189725,-1.409745764
TCGA-D9-A1X3-06,,TCGA Tumor,SKCM,6.007996526,3.540258814
TCGA-44-8117-01,,TCGA Tumor,LUAD,-0.097826007,-3.027118753
TCGA-S9-A7R2-01,,TCGA Tumor,LGG,1.647340861,-10.08874376
TARGET-10-PAPNFY-04,,TCGA Tumor,Target-ALL,-8.270649466,-8.240630697
TCGA-GI-A2C9-01,,TCGA Tumor,BRCA,0.981523659,-1.496190976
TCGA-S9-A7J1-01,,TCGA Tumor,LGG,2.945934978,-10.55180986
TCGA-TM-A84I-01,,TCGA Tumor,LGG,2.236522761,-10.96448285
TCGA-D8-A145-01,,TCGA Tumor,BRCA,4.042860952,-1.785379838
TCGA-CR-6473-01,,TCGA Tumor,HNSC,-5.9007974,1.791396667
TCGA-EE-A29C-06,,TCGA Tumor,SKCM,5.990526643,3.568906714
TCGA-AB-2860-03,,TCGA Tumor,LAML,-4.729591403,-11.4590431
TCGA-ND-A4WC-01,,TCGA Tumor,UCS,1.244121876,6.597690512
TCGA-BH-A42V-01,,TCGA Tumor,BRCA,4.592280832,-1.650281023
TARGET-20-PAKLPD-09,,TCGA Tumor,LAML,-3.880960021,-12.34305055
TCGA-BP-4331-01,,TCGA Tumor,KIRC,6.223888841,-6.514817308
TCGA-D8-A1XB-01,,TCGA Tumor,BRCA,4.588848081,-1.518328737
TCGA-LK-A4O2-01,,TCGA Tumor,MESO,-0.12334809,1.505186487
TCGA-18-4086-01,,TCGA Tumor,LUSC,-5.289933715,2.388897587
TCGA-VB-A8QN-01,,TCGA Tumor,DLBC,-8.573013816,6.92896073
TCGA-ET-A3DU-01,,TCGA Tumor,THCA,10.87468668,-0.349167894
TCGA-A2-A0YL-01,,TCGA Tumor,BRCA,3.95849463,-1.710561346
TCGA-AB-2984-03,,TCGA Tumor,LAML,-4.311782393,-11.93900258
TCGA-A7-A5ZX-01,,TCGA Tumor,BRCA,4.405004468,-1.532803129
TCGA-B2-5635-01,,TCGA Tumor,KIRC,6.278439012,-5.708469461
TCGA-BP-4162-01,,TCGA Tumor,KIRC,6.320868936,-6.780539583
TCGA-EW-A1P7-01,,TCGA Tumor,BRCA,1.064607527,-1.377272557
TCGA-AX-A2H4-01,,TCGA Tumor,UCEC,1.004384067,6.671416212
TCGA-AR-A5QQ-01,,TCGA Tumor,BRCA,-5.8167806,0.744823981
TCGA-SQ-A6I4-01,,TCGA Tumor,PCPG,0.227076229,12.79465239
TCGA-C5-A7CH-01,,TCGA Tumor,CESC,-6.55596641,0.979033161
TCGA-E1-A7YJ-01,,TCGA Tumor,LGG,1.232882645,-9.858399938
TCGA-W5-AA31-01,,TCGA Tumor,CHOL,0.266176191,3.456615139
TCGA-GJ-A9DB-01,,TCGA Tumor,LIHC,0.67911866,4.034779001
TCGA-BP-5009-01,,TCGA Tumor,KIRC,6.291602578,-5.474187921
TCGA-S3-AA15-01,,TCGA Tumor,BRCA,0.318390724,-0.740005742
TCGA-HZ-8519-01,,TCGA Tumor,PAAD,-2.147831235,-1.939300369
TCGA-HI-7168-01,,TCGA Tumor,PRAD,9.225085702,8.173755098
TCGA-BR-8081-01,,TCGA Tumor,STAD,-5.02352098,-3.582615208
TCGA-B4-5838-01,,TCGA Tumor,KIRC,6.090713945,-5.338636946
TCGA-06-5411-01,,TCGA Tumor,GBM,2.763496843,-9.687259268
TCGA-06-0171-02,,TCGA Tumor,GBM,1.35641202,-9.081762861
TCGA-CV-A45Z-01,,TCGA Tumor,HNSC,-6.095027957,2.324923683
TCGA-L5-A4OG-01,,TCGA Tumor,ESCA,-4.233301673,-2.747254204
TCGA-BR-8366-01,,TCGA Tumor,STAD,-4.433952365,-3.439886164
TCGA-BJ-A45C-01,,TCGA Tumor,THCA,11.57471606,0.794178177
TCGA-DX-A6B9-01,,TCGA Tumor,SARC,1.952927079,1.392978479
TCGA-YA-A8S7-01,,TCGA Tumor,LIHC,0.146309104,3.322159935
TARGET-50-PAJPHA-01,,TCGA Tumor,WT,-4.530614409,7.659891535
TCGA-DD-A1EC-01,,TCGA Tumor,LIHC,0.256714251,3.425048519
TCGA-55-8089-01,,TCGA Tumor,LUAD,-3.074460301,-2.519276213
TCGA-SY-A9G5-01,,TCGA Tumor,BLCA,-4.608979258,0.663348187
TCGA-L5-A43M-01,,TCGA Tumor,ESCA,-3.735810313,-3.622615885
TCGA-TT-A6YJ-01,,TCGA Tumor,PCPG,-0.066379819,13.10799925
TCGA-KN-8422-01,,TCGA Tumor,KICH,-3.545507703,5.091006685
TCGA-ZN-A9VV-01,,TCGA Tumor,MESO,-0.096919451,1.475997974
TCGA-4Z-AA89-01,,TCGA Tumor,BLCA,-3.641882453,-0.006499041
TCGA-G7-6793-01,,TCGA Tumor,KIRP,1.375498083,6.615552832
TCGA-D6-6825-01,,TCGA Tumor,HNSC,-6.921431098,0.583370734
TCGA-26-5139-01,,TCGA Tumor,GBM,1.237170902,-9.842101644
TCGA-3B-A9HV-01,,TCGA Tumor,SARC,1.963050571,1.570864249
TCGA-EK-A2RN-01,,TCGA Tumor,CESC,-6.325161013,1.571872283
TCGA-D3-A3CF-06,,TCGA Tumor,SKCM,5.866973367,3.607201744
TCGA-P6-A5OF-01,,TCGA Tumor,ACC,-3.464177165,-8.607467245
TCGA-EY-A548-01,,TCGA Tumor,UCEC,1.311092403,6.607601572
TCGA-CV-A6JY-01,,TCGA Tumor,HNSC,-6.480610404,0.221855674
TCGA-B0-4828-01,,TCGA Tumor,KIRC,6.26441237,-6.812878679
TARGET-20-PANINI-09,,TCGA Tumor,LAML,-4.885585341,-11.42280729
TCGA-FD-A62S-01,,TCGA Tumor,BLCA,-5.801178965,0.833831478
TCGA-DJ-A3UW-01,,TCGA Tumor,THCA,10.93802401,-0.341996412
TCGA-86-8673-01,,TCGA Tumor,LUAD,-0.138986323,-2.993381332
TCGA-EM-A4FR-01,,TCGA Tumor,THCA,11.4115605,0.467805792
TCGA-BC-A10U-01,,TCGA Tumor,LIHC,0.863023218,3.99486034
TCGA-CR-6478-01,,TCGA Tumor,HNSC,-6.393516574,0.607887913
TCGA-66-2795-01,,TCGA Tumor,LUSC,-5.285586867,2.264078308
TCGA-B0-5095-01,,TCGA Tumor,KIRC,6.289103952,-5.309494089
TCGA-EJ-A65G-01,,TCGA Tumor,PRAD,8.774768319,8.191083361
TCGA-A2-A0EW-01,,TCGA Tumor,BRCA,3.857349839,-1.665032934
TCGA-05-4390-01,,TCGA Tumor,LUAD,-0.838729534,-2.214792084
TCGA-BP-5006-01,,TCGA Tumor,KIRC,6.307310071,-6.767602514
TCGA-HT-7690-01,,TCGA Tumor,LGG,2.631913152,-9.853490423
TARGET-20-PARXBT-09,,TCGA Tumor,LAML,-4.695212397,-11.64057214
TCGA-97-8171-01,,TCGA Tumor,LUAD,-0.127975378,-2.735960792
TCGA-LI-A67I-01,,TCGA Tumor,SARC,1.626560774,1.394714762
TCGA-QG-A5YW-01,,TCGA Tumor,COAD,-5.738531623,-3.730772327
TCGA-TM-A84M-01,,TCGA Tumor,LGG,3.174870935,-10.52830751
TARGET-10-PANWHW-09,,TCGA Tumor,Target-ALL,-8.20807508,-8.17197759
TCGA-D3-A3CB-06,,TCGA Tumor,SKCM,5.659342256,3.844852377
TCGA-13-0888-01,,TCGA Tumor,OV,1.306518402,7.728444029
TCGA-BH-A0DG-01,,TCGA Tumor,BRCA,4.87546536,-1.226427387
TCGA-ER-A3ES-06,,TCGA Tumor,SKCM,6.779461351,4.48875754
TCGA-LN-A4MR-01,,TCGA Tumor,ESCA,-6.505297217,0.408997078
TARGET-30-PASXGP-01,,TCGA Tumor,NB,2.70961329,12.96357005
TCGA-CN-A499-01,,TCGA Tumor,HNSC,-6.301538024,1.039283146
TCGA-J8-A3YH-01,,TCGA Tumor,THCA,11.48870226,-0.152953546
TCGA-ET-A3DQ-01,,TCGA Tumor,THCA,11.47187277,0.660368372
TCGA-AB-2980-03,,TCGA Tumor,LAML,-4.240775618,-11.95608289
TCGA-EE-A2MT-06,,TCGA Tumor,SKCM,5.873620477,3.47768562
TCGA-50-7109-01,,TCGA Tumor,LUAD,-0.783712659,-2.161772798
TCGA-BF-AAP0-06,,TCGA Tumor,SKCM,5.590846505,3.606939961
TCGA-2G-AAGK-01,,TCGA Tumor,TGCT,-1.688762221,5.183787752
TCGA-EW-A1P3-01,,TCGA Tumor,BRCA,4.425750222,-1.68620212
TCGA-FJ-A871-01,,TCGA Tumor,BLCA,0.62974016,0.962231327
TCGA-GN-A264-06,,TCGA Tumor,SKCM,6.022220102,3.560051609
TCGA-AA-A01X-01,,TCGA Tumor,COAD,-6.103847537,-3.700634788
TCGA-FY-A40N-01,,TCGA Tumor,THCA,11.43140551,0.544201453
TCGA-BH-A1FD-01,,TCGA Tumor,BRCA,4.665253606,-1.047594975
TCGA-DX-A8BN-01,,TCGA Tumor,SARC,1.290640679,1.671739865
TCGA-EW-A424-01,,TCGA Tumor,BRCA,4.55526587,-1.586694549
TCGA-E2-A2P5-01,,TCGA Tumor,BRCA,4.441401448,-1.166614484
TCGA-DD-AACZ-01,,TCGA Tumor,LIHC,0.184459728,3.366813112
TCGA-44-6145-01,,TCGA Tumor,LUAD,-1.228951487,-2.253340076
TCGA-PT-A8TR-01,,TCGA Tumor,SARC,0.046806332,0.896406878
TCGA-HT-8105-01,,TCGA Tumor,LGG,2.938143459,-9.848159384
TCGA-BR-4256-01,,TCGA Tumor,STAD,-2.643415007,-1.958057712
TCGA-L5-A4OP-01,,TCGA Tumor,ESCA,-5.72619823,-3.552729915
TCGA-CC-A7II-01,,TCGA Tumor,LIHC,0.805642542,1.530457665
TCGA-LN-A9FR-01,,TCGA Tumor,ESCA,-5.542253527,0.792435754
TCGA-E2-A1B1-01,,TCGA Tumor,BRCA,4.865722146,-1.411019396
TCGA-3N-A9WC-06,,TCGA Tumor,SKCM,5.849490133,3.663182665
TCGA-NQ-A57I-01,,TCGA Tumor,MESO,0.687734124,1.152718235
TARGET-10-PAPBFN-09,,TCGA Tumor,Target-ALL,-8.383418593,-8.340715956
TCGA-N5-A4RD-01,,TCGA Tumor,UCS,-3.934932265,6.738208223
TCGA-76-4928-01,,TCGA Tumor,GBM,1.391773906,-9.049161505
TCGA-D6-A6EM-01,,TCGA Tumor,HNSC,-5.409713301,0.80943637
TARGET-10-PARLAF-09,,TCGA Tumor,Target-ALL,-8.262739692,-8.225827764
TCGA-55-8085-01,,TCGA Tumor,LUAD,-0.286245975,-2.527518343
TCGA-D5-6538-01,,TCGA Tumor,COAD,-6.114330802,-3.651895117
TCGA-FS-A1YX-06,,TCGA Tumor,SKCM,5.1494908,3.452577759
TCGA-DD-AADC-01,,TCGA Tumor,LIHC,0.755502489,3.870985438
TCGA-06-0644-01,,TCGA Tumor,GBM,1.350170222,-8.976686071
TCGA-AB-2885-03,,TCGA Tumor,LAML,-4.960774455,-11.49050481
TCGA-BR-8078-01,,TCGA Tumor,STAD,-4.5061622,-3.568887304
TCGA-WC-A87T-01,,TCGA Tumor,UVM,6.709966626,4.423701216
TCGA-EK-A2RJ-01,,TCGA Tumor,CESC,-5.080888305,0.668187309
TCGA-EJ-A7NG-01,,TCGA Tumor,PRAD,9.204464402,8.216963221
TCGA-VS-A9V0-01,,TCGA Tumor,CESC,-0.369890306,-2.452396463
TCGA-3A-A9IN-01,,TCGA Tumor,PAAD,-1.273969326,-0.683284711
TCGA-EJ-7318-01,,TCGA Tumor,PRAD,7.850950208,9.04263537
TCGA-DA-A1I2-06,,TCGA Tumor,SKCM,5.811006036,3.565535237
TCGA-F5-6864-01,,TCGA Tumor,READ,-5.810043845,-3.542784761
TCGA-EE-A2GK-06,,TCGA Tumor,SKCM,-8.608261618,6.975933481
TCGA-C4-A0F0-01,,TCGA Tumor,BLCA,-5.271169219,0.733204175
TCGA-ET-A3BP-01,,TCGA Tumor,THCA,11.59544798,0.190332238
TCGA-CN-6992-01,,TCGA Tumor,HNSC,-5.998591456,2.420732189
TCGA-E1-A7YY-01,,TCGA Tumor,LGG,2.799250808,-9.705301832
TCGA-ZM-AA0H-01,,TCGA Tumor,TGCT,-1.849925074,5.377085138
TCGA-EE-A2GU-06,,TCGA Tumor,SKCM,5.850573983,3.584328581
TCGA-CH-5753-01,,TCGA Tumor,PRAD,8.52456614,8.224624087
TCGA-HT-A619-01,,TCGA Tumor,LGG,3.180935111,-10.51668031
TCGA-SN-A84Y-01,,TCGA Tumor,TGCT,-1.69184998,5.189248015
TCGA-CV-7247-01,,TCGA Tumor,HNSC,-6.22836164,0.626677383
TCGA-K4-AAQO-01,,TCGA Tumor,BLCA,-3.943880114,-0.693701576
TCGA-BR-6565-01,,TCGA Tumor,STAD,-5.141860041,-3.335501503
TCGA-A7-A0CD-01,,TCGA Tumor,BRCA,4.178210702,-1.807041596
TCGA-CR-7385-01,,TCGA Tumor,HNSC,-6.27134851,1.995881964
TARGET-20-PANGTF-09,,TCGA Tumor,LAML,-3.921684298,-12.33398778
TCGA-EO-A22U-01,,TCGA Tumor,UCEC,-4.55392221,-1.414936255
TCGA-A2-A0ES-01,,TCGA Tumor,BRCA,3.597748246,-1.633591842
TCGA-WK-A8XQ-01,,TCGA Tumor,SARC,0.602118772,1.123463083
TCGA-NJ-A4YF-01,,TCGA Tumor,LUAD,-1.310289893,-2.124312233
TCGA-DA-A1I8-06,,TCGA Tumor,SKCM,5.06573483,3.487938572
TARGET-20-PANKNB-09,,TCGA Tumor,LAML,-3.84945539,-12.3355766
TCGA-CV-5439-01,,TCGA Tumor,HNSC,-6.591057334,1.329074789
TCGA-33-4547-01,,TCGA Tumor,LUSC,-5.333348784,1.13506775
TCGA-2G-AAHA-01,,TCGA Tumor,TGCT,-1.952728305,5.497894217
TCGA-R8-A6MK-01,,TCGA Tumor,LGG,2.802214828,-10.53197725
TCGA-24-2298-01,,TCGA Tumor,OV,1.752696839,7.987821509
TCGA-25-1631-01,,TCGA Tumor,OV,1.749121275,8.467574526
TCGA-QR-A70X-01,,TCGA Tumor,PCPG,0.217764046,12.81261675
TCGA-EW-A1P8-01,,TCGA Tumor,BRCA,0.84826028,-1.381786536
TCGA-C5-A1BM-01,,TCGA Tumor,CESC,-6.452114615,1.661122252
TCGA-AG-3725-01,,TCGA Tumor,READ,-5.956561599,-3.683302711
TCGA-DU-6400-01,,TCGA Tumor,LGG,3.175462451,-10.48463304
TCGA-QK-A8Z9-01,,TCGA Tumor,HNSC,-6.738465819,0.677545596
TCGA-AJ-A8CT-01,,TCGA Tumor,UCEC,1.607409206,6.383742262
TCGA-NK-A5CT-01,,TCGA Tumor,LUSC,-5.2229915,0.762236227
TCGA-AR-A0U4-01,,TCGA Tumor,BRCA,0.554902207,-1.555165361
TCGA-Q1-A73R-01,,TCGA Tumor,CESC,-0.687221799,-2.051884245
TCGA-EL-A4JV-01,,TCGA Tumor,THCA,11.58340689,0.795492042
TCGA-24-1416-01,,TCGA Tumor,OV,1.838347402,8.39513724
TCGA-AB-2996-03,,TCGA Tumor,LAML,-4.266741309,-11.96521909
TCGA-WB-A80P-01,,TCGA Tumor,PCPG,0.181856241,12.84014266
TCGA-P5-A737-01,,TCGA Tumor,LGG,3.147040096,-10.55039174
TCGA-B8-4620-01,,TCGA Tumor,KIRC,6.108055082,-5.348377298
TCGA-VD-A8K9-01,,TCGA Tumor,UVM,6.684337106,4.396842886
TCGA-KK-A7B0-01,,TCGA Tumor,PRAD,9.150307145,8.141469408
TCGA-DJ-A3VE-01,,TCGA Tumor,THCA,11.3887076,-0.147077482
TCGA-CM-6172-01,,TCGA Tumor,COAD,-5.96737865,-3.764876675
TCGA-3U-A98E-01,,TCGA Tumor,MESO,-0.127379629,1.504487921
TCGA-OR-A5K4-01,,TCGA Tumor,ACC,-3.48567513,-8.666976522
TCGA-E7-A7DU-01,,TCGA Tumor,BLCA,-3.689736876,0.12336177
TCGA-CJ-4904-01,,TCGA Tumor,KIRC,6.372866597,-6.667707037
TCGA-66-2782-01,,TCGA Tumor,LUSC,-5.197125468,1.333050657
TCGA-A4-7583-01,,TCGA Tumor,KIRP,-0.883319053,7.697080065
TCGA-GU-A42R-01,,TCGA Tumor,BLCA,-3.844185385,0.081998606
TCGA-NJ-A7XG-01,,TCGA Tumor,LUAD,-0.325399432,-3.072347473
TARGET-30-PARHAM-01,,TCGA Tumor,NB,2.716961112,12.98968928
TCGA-JY-A93C-01,,TCGA Tumor,ESCA,-5.242198024,-3.463884901
TCGA-CJ-4642-01,,TCGA Tumor,KIRC,6.210986581,-5.555268358
TCGA-D5-6533-01,,TCGA Tumor,COAD,-6.11363605,-3.691651415
TCGA-VN-A88I-01,,TCGA Tumor,PRAD,9.210214105,8.222964693
TCGA-E7-A519-01,,TCGA Tumor,BLCA,-3.642162833,0.167568956
TCGA-RY-A83Y-01,,TCGA Tumor,LGG,3.070314851,-10.53374727
TCGA-X6-A7W8-01,,TCGA Tumor,SARC,1.121818748,1.162079025
TCGA-BJ-A3PT-01,,TCGA Tumor,THCA,11.58622023,0.818840731
TCGA-TT-A6YO-01,,TCGA Tumor,PCPG,-3.464307818,-8.619444441
TCGA-WE-A8ZT-06,,TCGA Tumor,SKCM,5.337787118,3.457640577
TCGA-D8-A1XD-01,,TCGA Tumor,BRCA,5.472744909,-1.644186925
TCGA-HC-A9TE-01,,TCGA Tumor,PRAD,8.746509042,8.198380877
TCGA-BJ-A2N8-01,,TCGA Tumor,THCA,11.43837019,0.721165289
TCGA-YZ-A985-01,,TCGA Tumor,UVM,6.688563791,4.407669474
TCGA-AB-2979-03,,TCGA Tumor,LAML,-4.929199252,-11.45509202
TCGA-A8-A08C-01,,TCGA Tumor,BRCA,4.19389483,-1.439432572
TCGA-BP-5175-01,,TCGA Tumor,KIRC,6.127964463,-5.346696447
TCGA-HT-8564-01,,TCGA Tumor,LGG,2.799096313,-9.737390112
TCGA-05-4403-01,,TCGA Tumor,LUAD,-3.270375762,-2.687113594
TCGA-W3-AA1O-06,,TCGA Tumor,SKCM,6.039745774,3.555419375
TCGA-55-8097-01,,TCGA Tumor,LUAD,-0.347747478,-2.785468887
TCGA-CR-7376-01,,TCGA Tumor,HNSC,-6.504063639,0.475042958
TCGA-LL-A7T0-01,,TCGA Tumor,BRCA,5.620337453,-1.625444125
TCGA-NI-A4U2-01,,TCGA Tumor,LIHC,0.987994042,4.214038302
TCGA-BH-A0DQ-01,,TCGA Tumor,BRCA,3.985093084,-1.797967385
TCGA-DX-AB2Z-01,,TCGA Tumor,SARC,1.202034917,1.209692169
TCGA-BQ-5879-01,,TCGA Tumor,KIRP,5.902424779,-5.404669355
TCGA-DX-AB30-01,,TCGA Tumor,SARC,-3.957273993,6.754510332
TCGA-VP-A872-01,,TCGA Tumor,PRAD,8.485044923,8.225655008
TCGA-WE-AA9Y-06,,TCGA Tumor,SKCM,5.897851911,3.527593304
TCGA-13-0883-01,,TCGA Tumor,OV,1.492263522,7.295751501
TCGA-DD-AAVQ-01,,TCGA Tumor,LIHC,0.444717795,3.576889206
TCGA-HT-7686-01,,TCGA Tumor,LGG,2.212285128,-10.75577218
TARGET-10-PANUSN-04,,TCGA Tumor,Target-ALL,-5.465996775,-12.43249376
TCGA-ZB-A96Q-01,,TCGA Tumor,THYM,-11.02985147,5.910397936
TCGA-20-1685-01,,TCGA Tumor,OV,1.738430467,8.515672136
TARGET-10-PANUSN-03,,TCGA Tumor,Target-ALL,-8.505357299,6.862543036
TCGA-B4-5834-01,,TCGA Tumor,KIRC,6.329415765,-5.988998007
TCGA-DZ-6131-01,,TCGA Tumor,KIRP,5.609616246,-5.202778887
TCGA-85-8582-01,,TCGA Tumor,LUSC,-5.842567477,0.899959613
TCGA-AB-2867-03,,TCGA Tumor,LAML,-4.707727465,-11.55788953
TCGA-PA-A5YG-01,,TCGA Tumor,ACC,-3.46868566,-8.623967718
TCGA-CN-4725-01,,TCGA Tumor,HNSC,-6.90418199,0.63705187
TCGA-CD-8531-01,,TCGA Tumor,STAD,-8.58925775,6.93687718
TCGA-NJ-A4YQ-01,,TCGA Tumor,LUAD,-1.413813147,-2.219654392
TARGET-10-PAPIJB-04,,TCGA Tumor,Target-ALL,-8.342922721,-8.318292211
TARGET-21-PASNKZ-09,,TCGA Tumor,LAML,-5.230302844,-12.29837472
TCGA-DK-A1A3-01,,TCGA Tumor,BLCA,-3.61279634,-0.901087235
TCGA-DS-A7WH-01,,TCGA Tumor,CESC,-3.240752969,-2.671727251
TCGA-ZJ-AAX4-01,,TCGA Tumor,CESC,-6.416749034,1.752195288
TCGA-C5-A7X5-01,,TCGA Tumor,CESC,-5.467982325,1.049068082
TCGA-97-7547-01,,TCGA Tumor,LUAD,-0.278170202,-3.079303335
TCGA-ZB-A96F-01,,TCGA Tumor,THYM,-10.89586404,6.008537699
TCGA-X7-A8D7-01,,TCGA Tumor,THYM,-10.85708002,6.053844381
TCGA-C5-A7CK-01,,TCGA Tumor,CESC,-5.834693942,2.174544741
TCGA-D6-6823-01,,TCGA Tumor,HNSC,-6.317340884,1.131890346
TCGA-E1-A7YM-01,,TCGA Tumor,LGG,1.647075501,-10.051601
TCGA-V1-A9OH-01,,TCGA Tumor,PRAD,8.534429994,8.225600649
TCGA-IB-7645-01,,TCGA Tumor,PAAD,-2.665262255,-1.977150034
TCGA-FS-A1YW-06,,TCGA Tumor,SKCM,6.44986054,4.185565878
TARGET-30-PARDCK-01,,TCGA Tumor,NB,2.677937951,12.95253699
TCGA-J8-A42S-01,,TCGA Tumor,THCA,11.49535033,-0.000371083
TCGA-UD-AABY-01,,TCGA Tumor,MESO,-0.000888709,1.397774626
TCGA-VS-A8EK-01,,TCGA Tumor,CESC,-6.361581836,1.655637075
TCGA-KQ-A41N-01,,TCGA Tumor,BLCA,-3.555302892,-0.104843299
TCGA-A7-A13D-01,,TCGA Tumor,BRCA,0.997701671,-1.467881035
TCGA-SC-A6LQ-01,,TCGA Tumor,MESO,-0.146843943,1.532059003
TCGA-MQ-A6BR-01,,TCGA Tumor,MESO,-0.119268689,1.497050334
TCGA-FD-A3N5-01,,TCGA Tumor,BLCA,-6.644925627,0.484105785
TCGA-VD-A8KJ-01,,TCGA Tumor,UVM,6.748222795,4.458109308
TCGA-EW-A1OZ-01,,TCGA Tumor,BRCA,5.545972314,-1.685044001
TCGA-CV-7429-01,,TCGA Tumor,HNSC,-5.372751269,1.689334441
TCGA-F4-6460-01,,TCGA Tumor,COAD,-6.103757891,-3.62985475
TCGA-61-1919-01,,TCGA Tumor,OV,1.485012379,7.822853495
TCGA-60-2716-01,,TCGA Tumor,LUSC,-6.179215464,2.051418592
TCGA-KN-8421-01,,TCGA Tumor,KICH,-3.554572377,5.104604174
TCGA-A4-A57E-01,,TCGA Tumor,KIRP,5.592369523,-5.210167955
TCGA-RW-A688-01,,TCGA Tumor,PCPG,-0.077856097,13.12204688
TCGA-E2-A10F-01,,TCGA Tumor,BRCA,4.646340337,-1.614108871
TCGA-2J-AABT-01,,TCGA Tumor,PAAD,-2.647587571,-1.984301161
TCGA-A7-A4SD-01,,TCGA Tumor,BRCA,0.96536341,-1.433155011
TCGA-XF-A9T6-01,,TCGA Tumor,BLCA,-5.002888236,0.559161712
TCGA-49-4490-01,,TCGA Tumor,LUAD,-0.378372524,-2.862396787
TCGA-2G-AAG6-01,,TCGA Tumor,TGCT,-4.868896041,-1.91846795
TCGA-EM-A2OY-01,,TCGA Tumor,THCA,11.33544013,0.971369315
TCGA-HZ-7926-01,,TCGA Tumor,PAAD,-2.527005467,-2.494863819
TCGA-D5-5540-01,,TCGA Tumor,COAD,-6.098818812,-3.694698166
TCGA-EA-A1QS-01,,TCGA Tumor,CESC,-5.736339602,0.777334024
TCGA-ET-A25N-01,,TCGA Tumor,THCA,11.24822661,-0.291979145
TCGA-43-8118-01,,TCGA Tumor,LUSC,-5.711346183,2.349647213
TCGA-AB-2855-03,,TCGA Tumor,LAML,-4.798080478,-11.51730115
TCGA-DK-A2I4-01,,TCGA Tumor,BLCA,-3.426716361,-2.244475674
TCGA-VD-A8KB-01,,TCGA Tumor,UVM,6.704510179,4.420408655
TCGA-HU-A4G9-01,,TCGA Tumor,STAD,-3.830968413,-3.780141662
TCGA-WN-AB4C-01,,TCGA Tumor,KIRP,5.695569482,-5.264128755
TCGA-EB-A553-01,,TCGA Tumor,SKCM,5.812791791,3.37412994
TCGA-A6-2672-01,,TCGA Tumor,COAD,-4.654825244,-3.344373058
TCGA-DU-7301-01,,TCGA Tumor,LGG,2.243221846,-10.90562971
TARGET-50-PALKRS-01,,TCGA Tumor,WT,-4.091489348,6.958270956
TCGA-EM-A4FU-01,,TCGA Tumor,THCA,11.39546343,0.8987072
TCGA-2Z-A9JD-01,,TCGA Tumor,KIRP,-0.802975926,7.577296663
TCGA-05-4397-01,,TCGA Tumor,LUAD,-0.403389666,-2.553847383
TCGA-VP-A876-01,,TCGA Tumor,PRAD,7.708440271,9.200852801
TCGA-HU-A4GN-01,,TCGA Tumor,STAD,-4.550793681,-3.625087093
TCGA-DJ-A1QL-01,,TCGA Tumor,THCA,11.55008265,0.862153817
TCGA-DD-AAVU-01,,TCGA Tumor,LIHC,0.734274265,3.779220511
TCGA-SI-A71O-01,,TCGA Tumor,SARC,1.365838614,1.272893835
TCGA-P4-A5EA-01,,TCGA Tumor,KIRP,0.889598903,6.767514158
TCGA-25-2393-01,,TCGA Tumor,OV,1.295267608,7.662416865
TCGA-XD-AAUI-01,,TCGA Tumor,PAAD,-3.0208917,-2.580570768
TCGA-44-6777-01,,TCGA Tumor,LUAD,-0.186229679,-3.009419988
TCGA-F4-6463-01,,TCGA Tumor,COAD,-6.085359607,-3.601544451
TCGA-FV-A23B-01,,TCGA Tumor,LIHC,0.659615454,3.729921271
TCGA-CS-5390-01,,TCGA Tumor,LGG,3.186287608,-10.51729543
TCGA-F1-6875-01,,TCGA Tumor,STAD,-3.954922232,-2.234206032
TCGA-IS-A3KA-01,,TCGA Tumor,SARC,6.021346536,3.564989973
TCGA-55-7815-01,,TCGA Tumor,LUAD,-1.101544294,-1.904476355
TCGA-H7-7774-01,,TCGA Tumor,HNSC,-6.514624152,0.235768233
TCGA-E2-A1B5-01,,TCGA Tumor,BRCA,4.016920772,-1.785683941
TCGA-49-AARN-01,,TCGA Tumor,LUAD,-3.097686324,-2.73118503
TARGET-30-PANRRW-01,,TCGA Tumor,NB,2.695588794,12.95091384
TARGET-20-PARCCH-03,,TCGA Tumor,LAML,-5.49914268,-12.43342645
TCGA-FU-A3WB-01,,TCGA Tumor,CESC,-5.612167868,1.306347657
TCGA-ER-A196-01,,TCGA Tumor,SKCM,-6.459118876,-0.022572104
TCGA-ZB-A96B-01,,TCGA Tumor,THYM,-10.91687253,6.025798727
TCGA-S5-A6DX-01,,TCGA Tumor,BLCA,-3.685307536,-0.009278468
TARGET-30-PASVRU-01,,TCGA Tumor,NB,2.656215635,12.90500109
TCGA-OY-A56P-01,,TCGA Tumor,OV,1.544628945,7.907901217
TCGA-BH-A0DE-01,,TCGA Tumor,BRCA,3.979877916,-1.764415096
TCGA-32-2632-01,,TCGA Tumor,GBM,1.229092863,-9.908984732
TCGA-AO-A0JM-01,,TCGA Tumor,BRCA,4.941795793,-1.279207538
TARGET-50-PAJMMY-01,,TCGA Tumor,WT,-4.538458857,7.657996107
TCGA-VD-A8KN-01,,TCGA Tumor,UVM,6.724799123,4.435618807
TCGA-E2-A14P-01,,TCGA Tumor,BRCA,4.695745435,-1.172078561
TCGA-ZG-A9L6-01,,TCGA Tumor,PRAD,9.332551446,8.241102625
TCGA-VQ-A91S-01,,TCGA Tumor,STAD,-5.366011176,-3.426860641
TCGA-FG-A87N-01,,TCGA Tumor,LGG,1.769592967,-9.278020452
TCGA-BF-AAP4-01,,TCGA Tumor,SKCM,5.978070226,3.564207483
TCGA-E9-A227-01,,TCGA Tumor,BRCA,3.981752601,-1.745840262
TCGA-L5-A4OS-01,,TCGA Tumor,ESCA,-4.942768607,-1.995856356
TCGA-OL-A5D7-01,,TCGA Tumor,BRCA,0.820864346,-1.528591465
TCGA-BF-AAP7-01,,TCGA Tumor,SKCM,5.269815412,3.912245442
TCGA-VV-A829-01,,TCGA Tumor,LGG,3.11589953,-10.53761918
TCGA-44-A4SS-01,,TCGA Tumor,LUAD,-3.252691541,-2.716253351
TCGA-13-0901-01,,TCGA Tumor,OV,1.583278027,7.604311873
TCGA-FR-A69P-06,,TCGA Tumor,SKCM,5.412366834,3.667678047
TCGA-2L-AAQM-01,,TCGA Tumor,PAAD,-1.308848057,-0.688907634
TCGA-DH-A66B-01,,TCGA Tumor,LGG,2.245468226,-10.99612195
TCGA-FU-A3TQ-01,,TCGA Tumor,CESC,-6.414340052,1.694728662
TCGA-J4-AATV-01,,TCGA Tumor,PRAD,8.755649057,8.200330187
TCGA-2J-AABR-01,,TCGA Tumor,PAAD,-2.538434062,-2.429375004
TCGA-AR-A2LH-01,,TCGA Tumor,BRCA,-3.390165601,-0.900475036
TCGA-A8-A07O-01,,TCGA Tumor,BRCA,0.890381154,-1.535284113
TCGA-EJ-7792-01,,TCGA Tumor,PRAD,9.20292994,8.217021395
TCGA-XE-AAO6-01,,TCGA Tumor,TGCT,-1.869097743,5.39765637
TCGA-GN-A8LN-01,,TCGA Tumor,SKCM,5.25465056,3.565522362
TCGA-BJ-A28S-01,,TCGA Tumor,THCA,11.57668158,0.784401942
TCGA-GN-A265-06,,TCGA Tumor,SKCM,5.087653127,3.455324103
TCGA-DA-A1I0-06,,TCGA Tumor,SKCM,6.070850816,3.677560974
TCGA-CD-A4MI-01,,TCGA Tumor,STAD,-2.639525208,-1.942465257
TCGA-AJ-A3EK-01,,TCGA Tumor,UCEC,1.429400768,6.597210337
TCGA-CV-5431-01,,TCGA Tumor,HNSC,-5.499596629,1.661466647
TCGA-BR-A4J2-01,,TCGA Tumor,STAD,-2.454444918,-1.86209948
TARGET-20-PARYFN-03,,TCGA Tumor,LAML,-4.625573191,-11.63539083
TARGET-20-PARYFN-04,,TCGA Tumor,LAML,-5.501420054,-12.43533475
TCGA-2G-AAG9-01,,TCGA Tumor,TGCT,-1.923349175,5.461132933
TCGA-DJ-A13U-01,,TCGA Tumor,THCA,10.9606919,-0.65734763
TCGA-DD-A4NA-01,,TCGA Tumor,LIHC,-0.104332063,3.034706045
TCGA-A2-A0D3-01,,TCGA Tumor,BRCA,4.295155254,-1.434809517
TCGA-FB-A4P6-01,,TCGA Tumor,PAAD,-2.555390868,-2.492032598
TCGA-BT-A42E-01,,TCGA Tumor,BLCA,-5.168889556,1.114207078
TCGA-CR-5249-01,,TCGA Tumor,HNSC,-6.08762506,2.319155146
TCGA-HT-A5R7-01,,TCGA Tumor,LGG,2.806818214,-9.720527243
TCGA-44-7659-01,,TCGA Tumor,LUAD,-0.210390422,-3.162349295
TCGA-CJ-6027-01,,TCGA Tumor,KIRC,6.124964681,-5.344327997
TCGA-EE-A180-06,,TCGA Tumor,SKCM,5.919681993,3.568207909
TCGA-XK-AAJ3-01,,TCGA Tumor,PRAD,9.316641298,8.02015679
TCGA-C8-A1HG-01,,TCGA Tumor,BRCA,5.596291032,-1.599806498
TCGA-AO-A0JA-01,,TCGA Tumor,BRCA,4.874258008,-1.268278669
TCGA-XM-A8RB-01,,TCGA Tumor,THYM,-10.88207296,6.036266733
TARGET-10-PAPIJM-09,,TCGA Tumor,Target-ALL,-8.377954039,-8.336091589
TCGA-53-7813-01,,TCGA Tumor,LUAD,-0.828204427,-2.114435743
TCGA-BJ-A0ZA-01,,TCGA Tumor,THCA,11.47267195,0.870919217
TCGA-13-0891-01,,TCGA Tumor,OV,1.600858178,7.948200632
TCGA-G3-A7M8-01,,TCGA Tumor,LIHC,1.023348179,4.229194094
TCGA-AR-A0TX-01,,TCGA Tumor,BRCA,4.448300805,-1.088661503
TCGA-O2-A52S-01,,TCGA Tumor,LUSC,-5.273489032,2.460400511
TCGA-EB-A57M-01,,TCGA Tumor,SKCM,5.277590242,3.910812546
TCGA-25-2397-01,,TCGA Tumor,OV,1.656328287,8.070729662
TCGA-FR-A726-01,,TCGA Tumor,SKCM,6.477557626,4.205388952
TCGA-C5-A8XI-01,,TCGA Tumor,CESC,-5.839998755,1.555353571
TCGA-EL-A3CY-01,,TCGA Tumor,THCA,11.30442091,-0.166511904
TCGA-86-7713-01,,TCGA Tumor,LUAD,-1.002665791,-2.366332125
TCGA-C5-A1BN-01,,TCGA Tumor,CESC,-5.351225886,1.034201552
TCGA-CS-5394-01,,TCGA Tumor,LGG,3.159270969,-10.48819311
TCGA-CG-5721-01,,TCGA Tumor,STAD,-4.414109263,-3.440628837
TCGA-RT-A6Y9-01,,TCGA Tumor,PCPG,-0.010086629,13.05154936
TCGA-AB-2975-03,,TCGA Tumor,LAML,-4.843864951,-11.49616201
TCGA-US-A774-01,,TCGA Tumor,PAAD,-2.661091122,-2.536720585
TCGA-QT-A69Q-01,,TCGA Tumor,PCPG,-0.070492062,13.11190455
TCGA-D7-A4YV-01,,TCGA Tumor,STAD,-4.47178987,-3.535638403
TCGA-KR-A7K7-01,,TCGA Tumor,LIHC,0.514616382,3.608941485
TCGA-FW-A5DY-06,,TCGA Tumor,SKCM,5.193826642,3.530641724
TCGA-CD-A48A-01,,TCGA Tumor,STAD,-2.775345597,-2.055540394
TCGA-DD-A4NV-01,,TCGA Tumor,LIHC,1.044298675,4.206746985
TCGA-TS-A7P7-01,,TCGA Tumor,MESO,1.187236335,1.222558666
TCGA-BQ-5875-01,,TCGA Tumor,KIRP,5.595666375,-5.210084986
TCGA-B6-A0IE-01,,TCGA Tumor,BRCA,4.075097051,-1.785553645
TCGA-05-4382-01,,TCGA Tumor,LUAD,-0.252268348,-2.688424181
TCGA-XN-A8T3-01,,TCGA Tumor,PAAD,-2.713804278,-2.547283481
TCGA-ZP-A9CV-01,,TCGA Tumor,LIHC,1.208833602,3.995179821
TARGET-30-PAPICY-01,,TCGA Tumor,NB,2.679049697,12.95308535
TCGA-BP-5181-01,,TCGA Tumor,KIRC,6.287854638,-6.783774446
TCGA-BC-A10Y-01,,TCGA Tumor,LIHC,0.780881312,4.068101336
TCGA-24-2281-01,,TCGA Tumor,OV,1.743505922,8.48352759
TCGA-L5-A8NL-01,,TCGA Tumor,ESCA,-2.711117778,-2.02074797
TCGA-N6-A4VG-01,,TCGA Tumor,UCS,0.890462485,7.023106028
TCGA-E9-A1QZ-01,,TCGA Tumor,BRCA,4.148361411,-1.717953872
TCGA-14-0871-01,,TCGA Tumor,GBM,0.188732859,0.931677629
TCGA-AX-A3FZ-01,,TCGA Tumor,UCEC,0.456988763,1.226131607
TCGA-B6-A0RU-01,,TCGA Tumor,BRCA,1.03611615,-1.508565377
TCGA-FD-A43P-01,,TCGA Tumor,BLCA,-3.604332957,-0.491252791
TCGA-FS-A1ZF-06,,TCGA Tumor,SKCM,5.711250749,3.482571293
TCGA-27-1830-01,,TCGA Tumor,GBM,1.483625021,-9.190821241
TCGA-25-2398-01,,TCGA Tumor,OV,1.490655985,7.838295389
TCGA-ZJ-A8QO-01,,TCGA Tumor,CESC,-5.40470222,1.218686629
TCGA-DH-A66D-01,,TCGA Tumor,LGG,2.315067854,-10.5810581
TCGA-93-A4JQ-01,,TCGA Tumor,LUAD,-0.110908422,-3.091169666
TARGET-10-PAPLDM-04,,TCGA Tumor,Target-ALL,-8.209704909,-8.175979208
TCGA-BR-8364-01,,TCGA Tumor,STAD,-2.614608798,-1.975092243
TCGA-IG-A4QT-01,,TCGA Tumor,ESCA,-8.609127555,6.956768442
TCGA-CC-5260-01,,TCGA Tumor,LIHC,-0.126207981,3.008366753
TCGA-A3-3365-01,,TCGA Tumor,KIRC,6.303522077,-6.171473574
TCGA-HT-7877-01,,TCGA Tumor,LGG,2.85519382,-9.891293119
TCGA-GR-A4D6-01,,TCGA Tumor,DLBC,-8.565220389,6.929556776
TCGA-F5-6812-01,,TCGA Tumor,READ,-5.826945338,-3.32183988
TCGA-CR-7401-01,,TCGA Tumor,HNSC,-6.49061111,0.437766392
TCGA-CV-6940-01,,TCGA Tumor,HNSC,-5.53932384,1.979077626
TCGA-FD-A3SJ-01,,TCGA Tumor,BLCA,-3.735798869,-0.324761342
TCGA-IR-A3LA-01,,TCGA Tumor,CESC,1.43738648,6.477446009
TCGA-OR-A5J1-01,,TCGA Tumor,ACC,-3.477109227,-8.615920614
TCGA-QK-A6IJ-01,,TCGA Tumor,HNSC,-6.556326422,0.507564772
TCGA-OL-A66J-01,,TCGA Tumor,BRCA,3.918070998,-1.826178979
TCGA-CN-5359-01,,TCGA Tumor,HNSC,-6.513357672,0.51061209
TCGA-77-8138-01,,TCGA Tumor,LUSC,-5.361797366,0.867288817
TCGA-QK-A652-01,,TCGA Tumor,HNSC,-6.587520156,0.483600457
TCGA-62-8394-01,,TCGA Tumor,LUAD,-0.367633734,-2.780093025
TCGA-DE-A4M9-01,,TCGA Tumor,THCA,11.5620856,0.814491976
TCGA-2L-AAQJ-01,,TCGA Tumor,PAAD,-3.264651809,-2.738907408
TCGA-DU-6542-01,,TCGA Tumor,LGG,2.320692029,-10.89882619
TCGA-FD-A3B6-01,,TCGA Tumor,BLCA,0.587016475,-1.490357827
TCGA-BJ-A28T-01,,TCGA Tumor,THCA,11.34177062,0.538795729
TCGA-VQ-A922-01,,TCGA Tumor,STAD,-5.057675872,-2.415581535
TCGA-05-5428-01,,TCGA Tumor,LUAD,0.087366727,-2.436694692
TCGA-EE-A29D-06,,TCGA Tumor,SKCM,5.87326571,3.501232792
TCGA-EL-A3ZT-01,,TCGA Tumor,THCA,11.42492816,-0.123800154
TCGA-23-1024-01,,TCGA Tumor,OV,1.73561379,8.344736506
TCGA-AL-7173-01,,TCGA Tumor,KIRP,-0.730004582,7.5510525
TCGA-BR-4267-01,,TCGA Tumor,STAD,-3.335067067,-2.997901987
TCGA-CW-5588-01,,TCGA Tumor,KIRC,6.131253209,-5.379362654
TCGA-AC-A2FG-01,,TCGA Tumor,BRCA,3.951801267,-1.701335024
TCGA-D8-A1JI-01,,TCGA Tumor,BRCA,5.659443345,-1.580796789
TARGET-20-PARENB-09,,TCGA Tumor,LAML,-4.749299083,-11.40585287
TCGA-GM-A2D9-01,,TCGA Tumor,BRCA,3.939143625,-1.613018226
TCGA-OL-A5RX-01,,TCGA Tumor,BRCA,4.752000776,-1.497088384
TCGA-QQ-A5VD-01,,TCGA Tumor,SARC,0.759381738,0.827461113
TCGA-Z2-AA3S-06,,TCGA Tumor,SKCM,6.032618966,4.05516379
TCGA-13-1489-02,,TCGA Tumor,OV,1.840052214,7.990694929
TCGA-24-1850-01,,TCGA Tumor,OV,1.453041163,6.655363489
TCGA-EJ-7791-01,,TCGA Tumor,PRAD,9.066441026,8.289679934
TCGA-A3-A8OU-01,,TCGA Tumor,KIRC,6.264154878,-6.824263643
TCGA-EW-A1OY-01,,TCGA Tumor,BRCA,5.028127637,-1.521694492
TCGA-DA-A3F5-06,,TCGA Tumor,SKCM,4.974255529,3.38567226
TCGA-ER-A2NB-01,,TCGA Tumor,SKCM,-6.414937529,0.105967306
TCGA-30-1892-01,,TCGA Tumor,OV,1.580639329,7.89784186
TCGA-E1-A7YU-01,,TCGA Tumor,LGG,2.519840923,-10.66482408
TCGA-AR-A5QM-01,,TCGA Tumor,BRCA,4.148221221,-1.576500844
TCGA-W9-A837-01,,TCGA Tumor,LGG,2.893883672,-9.848502706
TCGA-KC-A4BN-01,,TCGA Tumor,PRAD,7.880177942,9.01009791
TCGA-VN-A88Q-01,,TCGA Tumor,PRAD,7.684164491,9.228112627
TCGA-IK-7675-01,,TCGA Tumor,LGG,2.230666366,-10.92638357
TCGA-SP-A6QG-01,,TCGA Tumor,PCPG,0.172196877,12.85363429
TCGA-CQ-A4C7-01,,TCGA Tumor,HNSC,-6.479069743,0.601416637
TCGA-D1-A3JQ-01,,TCGA Tumor,UCEC,1.526894059,6.469844748
TCGA-F7-A624-01,,TCGA Tumor,HNSC,1.106740859,1.180162598
TCGA-DX-AB37-01,,TCGA Tumor,SARC,1.146262493,1.202520181
TCGA-IZ-A6M9-01,,TCGA Tumor,KIRP,-0.93961576,7.780020167
TCGA-BH-A0BA-01,,TCGA Tumor,BRCA,4.783501115,-1.13096423
TCGA-DJ-A2Q6-01,,TCGA Tumor,THCA,11.41666552,-0.101529371
TCGA-BP-5201-01,,TCGA Tumor,KIRC,6.238754239,-6.757435392
TCGA-04-1341-01,,TCGA Tumor,OV,1.380861786,7.964864184
TCGA-BJ-A3F0-01,,TCGA Tumor,THCA,11.49153563,0.897853721
TCGA-34-5236-01,,TCGA Tumor,LUSC,-5.246115718,2.481148411
TCGA-FS-A1ZE-06,,TCGA Tumor,SKCM,5.924107042,3.567936827
TCGA-C8-A26Z-01,,TCGA Tumor,BRCA,5.641438928,-1.727597903
TCGA-ET-A39I-01,,TCGA Tumor,THCA,11.51305243,0.879704822
TCGA-EJ-A46B-01,,TCGA Tumor,PRAD,9.342635598,8.152294565
TCGA-EM-A2CU-01,,TCGA Tumor,THCA,11.59264132,0.124824886
TCGA-QH-A6X9-01,,TCGA Tumor,LGG,2.451871362,-10.42074926
TCGA-S9-A6U0-01,,TCGA Tumor,LGG,1.422873702,-9.431504797
TCGA-BP-5190-01,,TCGA Tumor,KIRC,6.044411626,-6.493844103
TCGA-2Z-A9JG-01,,TCGA Tumor,KIRP,-0.9085677,7.733777453
TCGA-L5-A4OW-01,,TCGA Tumor,ESCA,-3.896767649,-3.263365339
TCGA-UY-A78O-01,,TCGA Tumor,BLCA,-3.538206134,-0.074907507
TCGA-SX-A7SU-01,,TCGA Tumor,KIRP,-0.99414948,7.838108946
TCGA-EK-A3GK-01,,TCGA Tumor,CESC,-3.354349408,-1.844044637
TCGA-2G-AAG5-01,,TCGA Tumor,TGCT,-4.864097628,-1.927580904
TCGA-IB-AAUM-01,,TCGA Tumor,PAAD,-1.144678507,-1.958710741
TCGA-4K-AA1G-01,,TCGA Tumor,TGCT,-1.956339154,5.507536341
TARGET-20-PARUBT-40,,TCGA Tumor,LAML,-4.17456058,-12.10685403
TCGA-EJ-5527-01,,TCGA Tumor,PRAD,7.714160409,9.206325937
TARGET-30-PASNEF-01,,TCGA Tumor,NB,2.727675643,12.9838299
TCGA-PG-A5BC-01,,TCGA Tumor,UCEC,1.28080472,6.829776217
TCGA-30-1860-01,,TCGA Tumor,OV,1.77754077,8.522554804
TCGA-BP-5202-01,,TCGA Tumor,KIRC,6.311537233,-6.759074282
TCGA-CV-7235-01,,TCGA Tumor,HNSC,-6.485719714,0.629676808
TCGA-CV-5979-01,,TCGA Tumor,HNSC,-6.665352855,0.622287859
TCGA-W5-AA38-01,,TCGA Tumor,CHOL,-0.104622516,3.033049751
TCGA-ET-A25K-01,,TCGA Tumor,THCA,11.58025595,0.195401986
TCGA-E2-A14S-01,,TCGA Tumor,BRCA,5.668879476,-1.634720992
TCGA-XX-A899-01,,TCGA Tumor,BRCA,4.139252391,-1.769649218
TCGA-A8-A06O-01,,TCGA Tumor,BRCA,5.17401978,-1.594614338
TCGA-A3-3387-01,,TCGA Tumor,KIRC,6.022975888,-5.809346746
TCGA-HT-7611-01,,TCGA Tumor,LGG,2.204513159,-10.72787721
TCGA-J8-A4HW-06,,TCGA Tumor,THCA,11.30624053,-0.153960835
TCGA-D8-A1JM-01,,TCGA Tumor,BRCA,0.856305477,-1.410046767
TCGA-J8-A4HW-01,,TCGA Tumor,THCA,11.34861132,-0.144803177
TCGA-13-0714-01,,TCGA Tumor,OV,-6.278221164,0.112324588
TCGA-24-1422-01,,TCGA Tumor,OV,1.663409915,7.890484263
TCGA-2G-AAFJ-01,,TCGA Tumor,TGCT,-4.874629531,-1.889725517
TCGA-55-6986-01,,TCGA Tumor,LUAD,-0.176570329,-3.098878216
TCGA-B5-A5OC-01,,TCGA Tumor,UCEC,1.377637413,6.535280157
TARGET-21-PATKKJ-41,,TCGA Tumor,LAML,-5.191607032,-12.25055845
TCGA-S9-A6TY-01,,TCGA Tumor,LGG,2.92462441,-9.91927297
TCGA-DU-A7TB-01,,TCGA Tumor,LGG,2.867589917,-10.02011926
TCGA-DC-6160-01,,TCGA Tumor,READ,-5.996349368,-3.723744463
TCGA-BH-A0EI-01,,TCGA Tumor,BRCA,5.575200525,-1.659994434
TCGA-C8-A1HO-01,,TCGA Tumor,BRCA,5.728862729,-1.598074268
TCGA-63-A5MU-01,,TCGA Tumor,LUSC,-6.005857501,2.409305979
TCGA-CV-A6JM-01,,TCGA Tumor,HNSC,-6.331392321,0.204883475
TCGA-E9-A228-01,,TCGA Tumor,BRCA,5.669365373,-1.701957654
TARGET-10-PARTKL-09,,TCGA Tumor,Target-ALL,-8.292923484,-8.265519689
TARGET-10-PANSPW-09,,TCGA Tumor,Target-ALL,-8.38561109,-8.340879034
TCGA-E9-A1RA-01,,TCGA Tumor,BRCA,4.376285281,-1.472502183
TCGA-CV-6959-01,,TCGA Tumor,HNSC,-6.264803443,0.444399644
TCGA-4V-A9QL-01,,TCGA Tumor,THYM,-10.98380712,5.954252649
TCGA-OL-A6VR-01,,TCGA Tumor,BRCA,5.616286245,-1.633360218
TCGA-O2-A52W-01,,TCGA Tumor,LUSC,-5.878384146,2.32368939
TCGA-XE-A8H1-01,,TCGA Tumor,TGCT,-1.687419686,5.187256743
TCGA-BJ-A45G-01,,TCGA Tumor,THCA,11.57277915,0.829959799
TCGA-FB-A4P5-01,,TCGA Tumor,PAAD,-2.678101573,-2.257507395
TCGA-19-2625-01,,TCGA Tumor,GBM,1.258772936,-9.6624027
TCGA-DJ-A2Q2-01,,TCGA Tumor,THCA,11.43366381,0.943966557
TCGA-IB-A5SP-01,,TCGA Tumor,PAAD,-3.601280722,-3.470745634
TCGA-IK-8125-01,,TCGA Tumor,LGG,2.967454162,-9.932523321
TCGA-S9-A6WE-01,,TCGA Tumor,LGG,3.121423927,-10.53526552
TCGA-WH-A86K-01,,TCGA Tumor,LGG,2.274558988,-10.95486696
TCGA-D5-6530-01,,TCGA Tumor,COAD,-5.012114558,-3.665937971
TCGA-YC-A8S6-01,,TCGA Tumor,BLCA,-3.655595336,0.075691564
TCGA-QU-A6IO-01,,TCGA Tumor,PRAD,9.252058473,8.095724512
TCGA-61-1995-01,,TCGA Tumor,OV,1.758692231,8.455326487
TCGA-21-1075-01,,TCGA Tumor,LUSC,-5.317316565,2.474532534
TCGA-CR-6488-01,,TCGA Tumor,HNSC,-6.58295587,0.456852217
TCGA-BR-4279-01,,TCGA Tumor,STAD,-2.648119721,-1.954386543
TCGA-YL-A8SP-01,,TCGA Tumor,PRAD,7.734906163,9.179365564
TCGA-EE-A183-06,,TCGA Tumor,SKCM,5.993919816,3.581139733
TCGA-TS-A7P3-01,,TCGA Tumor,MESO,-0.043918166,1.416396428
TCGA-E7-A5KF-01,,TCGA Tumor,BLCA,-3.653492961,0.080871378
TCGA-W2-A7HH-01,,TCGA Tumor,PCPG,-0.02833027,13.06554263
TCGA-CN-A63T-01,,TCGA Tumor,HNSC,-6.40454391,1.174189616
TCGA-DQ-7596-01,,TCGA Tumor,HNSC,-6.326920066,1.8233351
TCGA-B0-5106-01,,TCGA Tumor,KIRC,6.190935102,-5.808224748
TCGA-B0-4843-01,,TCGA Tumor,KIRC,6.292805162,-5.304978918
TCGA-HV-A7OL-01,,TCGA Tumor,PAAD,-3.230979476,-2.651170086
TCGA-EW-A1OV-01,,TCGA Tumor,BRCA,3.911208596,-1.69466431
TCGA-DX-A3LW-01,,TCGA Tumor,SARC,1.27168968,1.704695154
TCGA-A2-A04U-01,,TCGA Tumor,BRCA,0.973110047,-1.46373577
TCGA-FU-A3TX-01,,TCGA Tumor,CESC,-5.296196017,1.14678805
TCGA-IB-7890-01,,TCGA Tumor,PAAD,-3.042358908,-2.50630505
TCGA-DH-5141-01,,TCGA Tumor,LGG,3.121873107,-10.53038652
TCGA-BL-A13J-01,,TCGA Tumor,BLCA,-4.971485171,0.929359962
TCGA-CV-5971-01,,TCGA Tumor,HNSC,-6.05623487,0.26364455
TCGA-D8-A1JF-01,,TCGA Tumor,BRCA,4.162272659,-0.984740328
TCGA-OL-A6VQ-01,,TCGA Tumor,BRCA,4.593149629,-1.465867351
TCGA-QT-A5XK-01,,TCGA Tumor,PCPG,-0.046203915,13.08430045
TCGA-56-7582-01,,TCGA Tumor,LUSC,-5.393182311,2.476575543
TCGA-G9-A9S0-01,,TCGA Tumor,PRAD,8.390236345,8.271259714
TCGA-S4-A8RO-01,,TCGA Tumor,PAAD,-3.049288544,-2.572146486
TCGA-C8-A273-01,,TCGA Tumor,BRCA,5.645278897,-1.724754881
TCGA-13-0893-01,,TCGA Tumor,OV,1.785338965,8.145693232
TCGA-GS-A9TW-01,,TCGA Tumor,DLBC,-8.566796813,6.9323272
TCGA-BA-A6DA-01,,TCGA Tumor,HNSC,-6.450279269,0.233412896
TCGA-BP-4985-01,,TCGA Tumor,KIRC,6.137639966,-5.278913568
TCGA-ZG-A9LS-01,,TCGA Tumor,PRAD,9.01191279,8.213028361
TCGA-DJ-A2PT-01,,TCGA Tumor,THCA,11.04029414,-0.421788256
TCGA-DK-AA6R-01,,TCGA Tumor,BLCA,-6.479318652,0.667929519
TCGA-C8-A132-01,,TCGA Tumor,BRCA,4.909967389,-1.331358742
TCGA-J9-A52B-01,,TCGA Tumor,PRAD,7.716080632,9.204884936
TCGA-FG-A60L-01,,TCGA Tumor,LGG,2.224901285,-10.95823057
TCGA-91-A4BD-01,,TCGA Tumor,LUAD,-0.165785465,-3.20315535
TCGA-G2-A2EJ-01,,TCGA Tumor,BLCA,-6.434054408,1.542107035
TCGA-HT-A5RB-01,,TCGA Tumor,LGG,2.575340238,-10.56008012
TCGA-S3-AA0Z-01,,TCGA Tumor,BRCA,0.995986786,-1.520285677
TCGA-DB-5280-01,,TCGA Tumor,LGG,2.247024145,-10.96776636
TCGA-BH-A0EE-01,,TCGA Tumor,BRCA,4.413929429,-1.147112917
TCGA-QR-A6GU-01,,TCGA Tumor,PCPG,0.162402433,12.86439841
TARGET-30-PAMBMJ-01,,TCGA Tumor,NB,2.648001876,12.90029471
TCGA-FD-A3SN-01,,TCGA Tumor,BLCA,-4.24671844,0.365271319
TCGA-DX-AB2J-01,,TCGA Tumor,SARC,1.311232057,1.269660641
TCGA-B6-A0RQ-01,,TCGA Tumor,BRCA,3.608061757,-1.637271594
TCGA-OL-A66N-01,,TCGA Tumor,BRCA,4.362826076,-1.307482551
TCGA-G4-6303-01,,TCGA Tumor,COAD,-5.681545768,-3.403319906
TCGA-BR-8686-01,,TCGA Tumor,STAD,-2.64475945,-1.948394369
TARGET-20-PANNHB-09,,TCGA Tumor,LAML,-4.6917806,-11.4494806
TCGA-50-5066-02,,TCGA Tumor,LUAD,-0.212432656,-2.861025881
TCGA-50-5066-01,,TCGA Tumor,LUAD,-0.525707755,-1.44565494
TCGA-KL-8341-01,,TCGA Tumor,KICH,-3.537200961,5.131801535
TCGA-DJ-A13M-01,,TCGA Tumor,THCA,11.5824084,0.738887955
TCGA-MA-AA42-01,,TCGA Tumor,CESC,-5.908987555,2.266885925
TCGA-XE-A8H5-01,,TCGA Tumor,TGCT,-1.918272528,5.457991053
TCGA-A7-A4SE-01,,TCGA Tumor,BRCA,1.00513288,-1.491238068
TCGA-EM-A2CN-01,,TCGA Tumor,THCA,11.4291453,0.634537448
TCGA-S9-A7IX-01,,TCGA Tumor,LGG,2.049791422,-9.964201521
TCGA-BJ-A0Z5-01,,TCGA Tumor,THCA,10.97579714,-0.625858318
TCGA-DD-A3A2-01,,TCGA Tumor,LIHC,0.937441733,4.253064562
TCGA-3B-A9HO-01,,TCGA Tumor,SARC,1.201518681,1.230261136
TCGA-KS-A4I5-01,,TCGA Tumor,THCA,11.56393763,0.15765315
TCGA-YG-AA3N-01,,TCGA Tumor,SKCM,5.957720247,3.776181151
TCGA-D8-A27W-01,,TCGA Tumor,BRCA,5.581999269,-1.707932662
TCGA-85-6560-01,,TCGA Tumor,LUSC,0.096448835,0.416948457
TCGA-HD-7754-01,,TCGA Tumor,HNSC,-6.103210006,2.284914423
TCGA-25-1871-01,,TCGA Tumor,OV,1.467381563,7.844747473
TCGA-XU-A92T-01,,TCGA Tumor,THYM,-11.06059793,5.892245222
TCGA-AR-A2LJ-01,,TCGA Tumor,BRCA,4.079889741,-1.701045464
TCGA-VD-A8KI-01,,TCGA Tumor,UVM,6.710555043,4.420879294
TCGA-G8-6326-01,,TCGA Tumor,DLBC,-8.660416159,6.947032381
TCGA-A8-A075-01,,TCGA Tumor,BRCA,5.229583707,-1.421664904
TCGA-WC-A883-01,,TCGA Tumor,UVM,6.748099294,4.458088328
TCGA-04-1357-01,,TCGA Tumor,OV,1.901736465,8.365157534
TCGA-VQ-A91W-01,,TCGA Tumor,STAD,-3.961725268,-3.546014856
TCGA-G2-A3VY-01,,TCGA Tumor,BLCA,-3.596560273,-0.49568082
TCGA-A2-A1G6-01,,TCGA Tumor,BRCA,3.616058793,-1.633959245
TCGA-KC-A4BV-01,,TCGA Tumor,PRAD,7.907272306,8.920706202
TCGA-A1-A0SD-01,,TCGA Tumor,BRCA,4.12631866,-1.736975383
TCGA-DA-A3F8-06,,TCGA Tumor,SKCM,5.499000993,3.458439518
TCGA-06-0221-02,,TCGA Tumor,GBM,2.794366565,-9.708326887
TCGA-D5-6923-01,,TCGA Tumor,COAD,-5.722596202,-3.525058817
TCGA-C8-A12T-01,,TCGA Tumor,BRCA,4.69504067,-1.303926419
TCGA-32-1980-01,,TCGA Tumor,GBM,2.770870176,-9.699987959
TCGA-AB-2944-03,,TCGA Tumor,LAML,-4.925965342,-11.48979528
TCGA-FG-5965-02,,TCGA Tumor,LGG,2.773398128,-9.695014547
TCGA-FG-5965-01,,TCGA Tumor,LGG,2.324083653,-10.56524713
TCGA-US-A77G-01,,TCGA Tumor,PAAD,-3.604717288,-3.412269424
TCGA-VP-A875-01,,TCGA Tumor,PRAD,7.717597928,9.201771189
TCGA-X7-A8DF-01,,TCGA Tumor,THYM,-10.95643953,5.983695913
TCGA-D6-A4Z9-01,,TCGA Tumor,HNSC,-6.752888713,0.58778571
TCGA-VQ-A8DT-01,,TCGA Tumor,STAD,-3.786795649,-3.71740992
TCGA-VG-A8LO-01,,TCGA Tumor,OV,1.792230454,8.509219576
TARGET-30-PATFXV-01,,TCGA Tumor,NB,2.6663098,12.91447489
TCGA-RC-A7S9-01,,TCGA Tumor,LIHC,0.425759614,3.600521256
TCGA-QK-A6IH-01,,TCGA Tumor,HNSC,-6.362110648,0.323319156
TCGA-55-7907-01,,TCGA Tumor,LUAD,-0.411044094,-2.924690079
TARGET-10-PANPJI-09,,TCGA Tumor,Target-ALL,-8.240534339,-8.209780287
TCGA-KJ-A3U4-01,,TCGA Tumor,UCEC,1.837257591,8.445805002
TCGA-VF-A8AD-01,,TCGA Tumor,TGCT,-1.709951911,5.21005242
TCGA-QC-A7B5-01,,TCGA Tumor,SARC,1.166168716,1.179177214
TCGA-ZP-A9CZ-01,,TCGA Tumor,LIHC,0.746685353,4.002539326
TCGA-QQ-A5VC-01,,TCGA Tumor,SARC,1.347604182,1.258259226
TCGA-95-7039-01,,TCGA Tumor,LUAD,-0.077963236,-2.943754505
TCGA-DX-A3M2-01,,TCGA Tumor,SARC,1.222287443,1.286128927
TCGA-BJ-A0Z9-01,,TCGA Tumor,THCA,10.96407935,-0.472475599
TARGET-30-PANBMJ-01,,TCGA Tumor,NB,2.629446235,12.87336772
TCGA-ZT-A8OM-01,,TCGA Tumor,THYM,-10.88535074,6.053331782
TCGA-EU-5906-01,,TCGA Tumor,KIRC,6.315453496,-6.774028372
TCGA-CL-4957-01,,TCGA Tumor,READ,-6.119669947,-3.681439709
TCGA-DV-5576-01,,TCGA Tumor,KIRC,0.90616348,6.601854254
TCGA-SC-A6LR-01,,TCGA Tumor,MESO,-0.150622639,1.535913278
TCGA-ZF-AA4X-01,,TCGA Tumor,BLCA,-3.572003636,-0.479022335
TCGA-BR-8690-01,,TCGA Tumor,STAD,-4.114687476,-2.929194998
TCGA-CQ-7072-01,,TCGA Tumor,HNSC,-5.548899684,0.716653932
TCGA-J2-A4AE-01,,TCGA Tumor,LUAD,-0.134227965,-3.176528524
TCGA-A2-A3Y0-01,,TCGA Tumor,BRCA,-6.371819529,1.541793753
TCGA-AC-A3YI-01,,TCGA Tumor,BRCA,1.190957215,-1.156278204
TCGA-E2-A570-01,,TCGA Tumor,BRCA,4.275217738,-1.522959303
TCGA-22-5473-01,,TCGA Tumor,LUSC,-5.300722155,2.485593487
TCGA-EW-A6SD-01,,TCGA Tumor,BRCA,4.741492238,-1.077299546
TCGA-CN-A641-01,,TCGA Tumor,HNSC,-6.363004241,1.243226935
TCGA-24-1463-01,,TCGA Tumor,OV,1.865275111,8.201282908
TCGA-CZ-5466-01,,TCGA Tumor,KIRC,6.132465806,-5.929278921
TCGA-L5-A4OJ-01,,TCGA Tumor,ESCA,-3.886203799,-3.523478817
TARGET-20-PASWAJ-04,,TCGA Tumor,LAML,-5.512290034,-12.44675119
TCGA-06-0744-01,,TCGA Tumor,GBM,1.231553998,-9.845293592
TCGA-EI-7004-01,,TCGA Tumor,READ,-4.786523375,-3.637872766
TCGA-QK-A8ZA-01,,TCGA Tumor,HNSC,-5.692084346,2.487708498
TCGA-DQ-7589-01,,TCGA Tumor,HNSC,-5.453434977,2.422684122
TCGA-X6-A8C7-01,,TCGA Tumor,SARC,0.117319193,0.83883356
TCGA-L5-A88W-01,,TCGA Tumor,ESCA,-6.58760694,0.38720106
TCGA-XM-AAZ2-01,,TCGA Tumor,THYM,-11.12033132,5.845842768
TCGA-E2-A14W-01,,TCGA Tumor,BRCA,5.103740659,-1.49315853
TCGA-EB-A4OY-01,,TCGA Tumor,SKCM,6.502176252,4.227791239
TCGA-C5-A1BI-01,,TCGA Tumor,CESC,-6.438887152,1.66001444
TCGA-SP-A6QK-01,,TCGA Tumor,PCPG,0.205402401,12.82062094
TCGA-AD-6890-01,,TCGA Tumor,COAD,-6.063392672,-3.675560783
TCGA-CV-5440-01,,TCGA Tumor,HNSC,-5.585655246,2.177672554
TCGA-YL-A8S8-01,,TCGA Tumor,PRAD,9.322651353,8.036604334
TCGA-24-1417-01,,TCGA Tumor,OV,1.734194246,8.446177889
TCGA-4Z-AA87-01,,TCGA Tumor,BLCA,-3.627147231,-0.460905801
TCGA-HZ-8636-01,,TCGA Tumor,PAAD,-3.009350571,-2.589387964
TARGET-20-PASZLJ-09,,TCGA Tumor,LAML,-4.013786826,-12.23205621
TARGET-10-PAPMFI-04,,TCGA Tumor,Target-ALL,-8.39470056,-8.344388555
TCGA-DD-A4NP-01,,TCGA Tumor,LIHC,1.088412967,4.148019243
TCGA-ER-A3ET-06,,TCGA Tumor,SKCM,6.699431863,4.409250189
TCGA-D3-A2J6-06,,TCGA Tumor,SKCM,5.966401544,3.557176043
TCGA-EA-A3HR-01,,TCGA Tumor,CESC,-6.357454333,1.836938907
TCGA-XF-AAMY-01,,TCGA Tumor,BLCA,-3.613005194,-0.212358992
TCGA-5X-AA5U-01,,TCGA Tumor,OV,1.539446917,7.822534014
TCGA-AD-6889-01,,TCGA Tumor,COAD,-4.994360003,-3.728304933
TCGA-AR-A256-01,,TCGA Tumor,BRCA,1.027547565,-1.451335381
TCGA-OR-A5JT-01,,TCGA Tumor,ACC,-3.469814334,-8.614004682
TCGA-WL-A834-01,,TCGA Tumor,CESC,-6.312850032,1.483389903
TCGA-RP-A690-06,,TCGA Tumor,SKCM,6.712842431,4.441188742
TCGA-XU-A92Z-01,,TCGA Tumor,THYM,0.108399596,1.302719999
TCGA-KK-A6E7-01,,TCGA Tumor,PRAD,8.690044847,8.182406832
TCGA-P5-A5F6-01,,TCGA Tumor,LGG,-2.549425874,-2.666477751
TCGA-A2-A0T3-01,,TCGA Tumor,BRCA,5.471535173,-1.488501619
TCGA-X7-A8M1-01,,TCGA Tumor,THYM,-11.01294187,5.933285166
TCGA-ER-A42L-06,,TCGA Tumor,SKCM,-3.473307166,-8.613470625
TCGA-92-7340-01,,TCGA Tumor,LUSC,-5.500266585,1.168790985
TCGA-2Z-A9JT-01,,TCGA Tumor,KIRP,-0.84136251,7.653925825
TCGA-VD-AA8S-01,,TCGA Tumor,UVM,6.7256107,4.443008352
TCGA-FD-A5C0-01,,TCGA Tumor,BLCA,-3.606131587,-0.292335312
TCGA-86-8359-01,,TCGA Tumor,LUAD,-1.177106175,-2.235263418
TCGA-21-1079-01,,TCGA Tumor,LUSC,-6.598788771,0.593329121
TCGA-WZ-A7V3-01,,TCGA Tumor,TGCT,-1.93509582,5.471312452
TCGA-BH-A0HN-01,,TCGA Tumor,BRCA,5.194830861,-1.370266627
TCGA-CN-5369-01,,TCGA Tumor,HNSC,-6.626060519,0.527272929
TCGA-GR-A4D5-01,,TCGA Tumor,DLBC,-8.609240088,6.928144861
TCGA-HI-7171-01,,TCGA Tumor,PRAD,7.709651914,9.210901667
TCGA-K7-A5RF-01,,TCGA Tumor,LIHC,1.011917916,4.147382666
TCGA-55-8614-01,,TCGA Tumor,LUAD,-4.811397586,0.619139362
TCGA-XK-AAJP-01,,TCGA Tumor,PRAD,8.497335878,8.150397707
TCGA-61-2002-01,,TCGA Tumor,OV,1.605646816,7.888338495
TCGA-WE-A8ZM-06,,TCGA Tumor,SKCM,5.15300652,3.540985514
TCGA-55-7574-01,,TCGA Tumor,LUAD,-0.106493268,-2.736288856
TCGA-44-5644-01,,TCGA Tumor,LUAD,-1.347592625,-0.746976863
TCGA-CV-A45T-01,,TCGA Tumor,HNSC,-6.626972232,0.538681079
TARGET-20-PARASV-03,,TCGA Tumor,LAML,-3.873387847,-12.34920461
TCGA-HV-A5A6-01,,TCGA Tumor,PAAD,-3.326910529,-2.647503446
TCGA-AR-A1AO-01,,TCGA Tumor,BRCA,0.841614005,-1.154714416
TCGA-NC-A5HJ-01,,TCGA Tumor,LUSC,-0.606796059,-2.162302564
TCGA-ED-A8O5-01,,TCGA Tumor,LIHC,0.410244842,3.546978642
TCGA-29-2425-01,,TCGA Tumor,OV,1.340355363,7.85439675
TCGA-AN-A0FV-01,,TCGA Tumor,BRCA,4.79888865,-1.205907296
TCGA-CV-6934-01,,TCGA Tumor,HNSC,-5.885854754,0.765763391
TCGA-IB-A7M4-01,,TCGA Tumor,PAAD,-3.281776461,-2.69767506
TCGA-AB-2952-03,,TCGA Tumor,LAML,-4.866812262,-11.45897443
TCGA-XF-A8HI-01,,TCGA Tumor,BLCA,-3.654044184,0.14807887
TCGA-DX-A8BS-01,,TCGA Tumor,SARC,1.244458046,1.172389914
TCGA-HC-A76W-01,,TCGA Tumor,PRAD,9.165397134,8.183433939
TCGA-DU-7007-01,,TCGA Tumor,LGG,1.240863111,-9.861360144
TCGA-G9-A9S7-01,,TCGA Tumor,PRAD,7.713252988,9.185782839
TCGA-HC-8216-01,,TCGA Tumor,PRAD,9.082312074,8.093360354
TCGA-MP-A4TI-01,,TCGA Tumor,LUAD,-0.068998877,-2.630518507
TCGA-EJ-A8FN-01,,TCGA Tumor,PRAD,9.156643357,8.217786242
TCGA-2G-AAFG-05,,TCGA Tumor,TGCT,-1.927666936,5.464187075
TCGA-95-7948-01,,TCGA Tumor,LUAD,-0.330848846,-2.991265606
TCGA-2G-AAFG-01,,TCGA Tumor,TGCT,-1.926429305,5.462967325
TCGA-FF-A7CW-01,,TCGA Tumor,DLBC,-8.574475798,6.938762594
TCGA-GV-A40E-01,,TCGA Tumor,BLCA,-5.164731059,0.691839803
TCGA-MQ-A6BL-01,,TCGA Tumor,MESO,-0.109432671,1.492466499
TCGA-DD-AACQ-01,,TCGA Tumor,LIHC,0.929369953,4.103750635
TCGA-73-4677-01,,TCGA Tumor,LUAD,-0.822806988,-2.749703001
TARGET-10-PANSHK-04,,TCGA Tumor,Target-ALL,-8.466287169,-8.415793012
TCGA-EW-A1J3-01,,TCGA Tumor,BRCA,4.060653892,-1.708906244
TCGA-ZJ-AB0H-01,,TCGA Tumor,CESC,-6.395840678,1.705306817
TCGA-HW-7490-01,,TCGA Tumor,LGG,2.208599177,-10.81635053
TCGA-DX-A7ER-01,,TCGA Tumor,SARC,0.142217275,0.883230914
TCGA-CS-6188-01,,TCGA Tumor,LGG,1.439972964,-9.958738874
TCGA-X7-A8M5-01,,TCGA Tumor,THYM,-11.1140447,5.839458872
TCGA-50-5942-01,,TCGA Tumor,LUAD,-0.364671263,-2.951249431
TCGA-AB-2834-03,,TCGA Tumor,LAML,-4.083361659,-12.12187822
TCGA-FW-A3I3-06,,TCGA Tumor,SKCM,5.269217935,3.564367462
TCGA-DX-A3UA-01,,TCGA Tumor,SARC,0.153463152,0.901777853
TCGA-CN-6996-01,,TCGA Tumor,HNSC,-6.763600383,0.634591211
TCGA-A3-3322-01,,TCGA Tumor,KIRC,6.251244512,-6.82179458
TCGA-G2-A3IE-01,,TCGA Tumor,BLCA,-3.63712934,0.088145513
TCGA-68-A59I-01,,TCGA Tumor,LUSC,-5.640386138,1.785556484
TCGA-V4-A9F8-01,,TCGA Tumor,UVM,6.705966439,4.42271464
TCGA-CS-6668-01,,TCGA Tumor,LGG,3.178505388,-10.50168378
TCGA-EE-A2MG-06,,TCGA Tumor,SKCM,5.327282396,3.455944229
TCGA-BH-A208-01,,TCGA Tumor,BRCA,0.972914961,0.695153822
TCGA-BH-A1F6-01,,TCGA Tumor,BRCA,0.858726737,-1.569519709
TCGA-BA-A6DB-01,,TCGA Tumor,HNSC,-6.537063632,0.372189958
TCGA-QK-AA3J-01,,TCGA Tumor,HNSC,-6.187596831,2.207285572
TCGA-CF-A47W-01,,TCGA Tumor,BLCA,-3.710529361,0.09801554
TCGA-DX-A8BP-01,,TCGA Tumor,SARC,1.137040463,1.184651662
TCGA-EL-A3ZH-01,,TCGA Tumor,THCA,11.51605555,0.844328989
TCGA-XF-AAN2-01,,TCGA Tumor,BLCA,-6.042065654,1.449990083
TCGA-DX-AB2V-01,,TCGA Tumor,SARC,1.305942562,1.698654104
TCGA-VS-A9U5-01,,TCGA Tumor,CESC,-5.728768859,1.904188086
TCGA-D3-A8GV-06,,TCGA Tumor,SKCM,5.943266835,3.62188666
TCGA-DC-6154-01,,TCGA Tumor,READ,-5.880135569,-3.650590967
TCGA-29-1705-02,,TCGA Tumor,OV,0.822278586,-0.168641012
TCGA-ZP-A9D1-01,,TCGA Tumor,LIHC,1.053457167,4.211137701
TCGA-22-5481-01,,TCGA Tumor,LUSC,-1.263445649,-0.666714918
TCGA-DX-A3UE-01,,TCGA Tumor,SARC,2.00199565,1.441016842
TCGA-DD-AADU-01,,TCGA Tumor,LIHC,1.311359134,3.867992092
TCGA-EB-A6QY-01,,TCGA Tumor,SKCM,-6.3545647,0.83329605
TCGA-AR-A24X-01,,TCGA Tumor,BRCA,4.327073302,-1.578749012
TCGA-AB-2895-03,,TCGA Tumor,LAML,-4.935149703,-11.50653322
TCGA-29-1701-01,,TCGA Tumor,OV,1.627136078,7.72163241
TCGA-B6-A0IO-01,,TCGA Tumor,BRCA,5.216847863,-1.59962077
TCGA-FP-8210-01,,TCGA Tumor,STAD,-2.664111409,-1.935220908
TCGA-QG-A5Z2-01,,TCGA Tumor,COAD,-5.065857444,-3.732110809
TCGA-DJ-A3V4-01,,TCGA Tumor,THCA,11.01358935,-0.24954338
TCGA-BC-A10Z-01,,TCGA Tumor,LIHC,0.87614825,4.207217146
TCGA-HB-A5W3-01,,TCGA Tumor,SARC,1.973154035,1.568010498
TCGA-WE-A8ZY-06,,TCGA Tumor,SKCM,6.006400552,3.650774647
TCGA-D6-8569-01,,TCGA Tumor,HNSC,-6.495003257,0.568711866
TCGA-BB-4227-01,,TCGA Tumor,HNSC,-6.538014922,0.667478193
TCGA-2A-AAYO-01,,TCGA Tumor,PRAD,8.749796357,8.188428332
TCGA-E2-A1IE-01,,TCGA Tumor,BRCA,5.751711335,-1.65026338
TCGA-23-1118-01,,TCGA Tumor,OV,1.732264247,8.276793886
TCGA-G9-6364-01,,TCGA Tumor,PRAD,7.718910184,9.204845835
TCGA-G4-6294-01,,TCGA Tumor,COAD,-5.936106715,-3.523900341
TCGA-AB-2917-03,,TCGA Tumor,LAML,-4.967796836,-11.50115068
TCGA-2G-AAFL-01,,TCGA Tumor,TGCT,-1.683424744,5.177506376
TCGA-51-6867-01,,TCGA Tumor,LUSC,-5.257380996,2.361626793
TCGA-CN-6997-01,,TCGA Tumor,HNSC,-5.3374472,1.972900439
TCGA-09-1673-01,,TCGA Tumor,OV,1.300100174,7.856812407
TCGA-FD-A3B5-01,,TCGA Tumor,BLCA,-6.433596167,0.664548029
TCGA-4Z-AA80-01,,TCGA Tumor,BLCA,-3.652326617,-0.396024
TCGA-78-7167-01,,TCGA Tumor,LUAD,-0.639450941,-2.893661808
TCGA-78-8662-01,,TCGA Tumor,LUAD,-0.161955092,-2.931069206
TCGA-CF-A3MF-01,,TCGA Tumor,BLCA,-3.706845317,0.198048968
TCGA-B8-5165-01,,TCGA Tumor,KIRC,6.098645177,-5.608909201
TCGA-C5-A1M7-01,,TCGA Tumor,CESC,-6.396391425,1.676414419
TCGA-VQ-AA68-01,,TCGA Tumor,STAD,-3.648264918,-3.421967338
TCGA-86-8585-01,,TCGA Tumor,LUAD,-1.07654849,-2.24494655
TCGA-RQ-AAAT-01,,TCGA Tumor,DLBC,-8.585812125,6.928089548
TCGA-50-6591-01,,TCGA Tumor,LUAD,0.854870167,6.949107577
TCGA-DX-A8BG-01,,TCGA Tumor,SARC,1.222271528,1.277609397
TCGA-AN-A0AJ-01,,TCGA Tumor,BRCA,5.21532723,-1.405419182
TCGA-WK-A8XX-01,,TCGA Tumor,SARC,2.000083294,1.543687988
TCGA-AO-A128-01,,TCGA Tumor,BRCA,4.093578067,-0.588962327
TCGA-AR-A24T-01,,TCGA Tumor,BRCA,3.883463588,-1.799491714
TCGA-86-8055-01,,TCGA Tumor,LUAD,-0.304496739,-2.820205759
TCGA-24-1428-01,,TCGA Tumor,OV,1.777339425,8.550245691
TCGA-ET-A4KQ-01,,TCGA Tumor,THCA,11.57212588,0.817746628
TCGA-D3-A1Q1-06,,TCGA Tumor,SKCM,5.44953486,3.720767189
TARGET-10-PAPESW-09,,TCGA Tumor,Target-ALL,-8.4146314,-8.377930235
TCGA-QG-A5Z1-01,,TCGA Tumor,COAD,-5.768291507,-3.481330465
TCGA-94-7943-01,,TCGA Tumor,LUSC,-4.517753634,0.298534457
TCGA-23-1120-01,,TCGA Tumor,OV,1.69264957,8.467192103
TCGA-50-5944-01,,TCGA Tumor,LUAD,-0.316167924,-2.900574278
TCGA-BR-A4PD-01,,TCGA Tumor,STAD,-3.795854125,-3.713640999
TCGA-BH-A1F2-01,,TCGA Tumor,BRCA,3.419863906,-1.266110967
TCGA-EJ-5501-01,,TCGA Tumor,PRAD,7.87516829,9.009102274
TCGA-24-2038-01,,TCGA Tumor,OV,1.367609825,7.994723726
TCGA-78-7153-01,,TCGA Tumor,LUAD,-1.150657568,-2.209456514
TCGA-G9-6371-01,,TCGA Tumor,PRAD,7.692286935,9.233460833
TCGA-DX-A7EF-01,,TCGA Tumor,SARC,1.454115596,1.313455869
TCGA-EM-A4FH-01,,TCGA Tumor,THCA,11.55441519,0.834840466
TCGA-D3-A8GR-06,,TCGA Tumor,SKCM,5.898611512,3.490867544
TCGA-EE-A20I-06,,TCGA Tumor,SKCM,6.014099088,3.59320562
TCGA-KU-A66S-01,,TCGA Tumor,HNSC,-1.433793697,-0.805885326
TCGA-ZG-A9LN-01,,TCGA Tumor,PRAD,9.138643708,8.047323633
TCGA-D8-A1J9-01,,TCGA Tumor,BRCA,4.915126767,-1.236634444
TCGA-Q1-A5R2-01,,TCGA Tumor,CESC,-6.213281665,1.62208109
TCGA-IB-AAUR-01,,TCGA Tumor,PAAD,-2.791913543,-2.157808851
TCGA-2X-A9D5-01,,TCGA Tumor,TGCT,-1.93596128,5.473064829
TCGA-DD-AADY-01,,TCGA Tumor,LIHC,0.766178962,3.815910031
TCGA-HU-A4GT-01,,TCGA Tumor,STAD,-4.993735347,-3.673991751
TCGA-HT-7692-01,,TCGA Tumor,LGG,2.913643804,-10.57533033
TCGA-CF-A3MI-01,,TCGA Tumor,BLCA,-3.718753848,0.146336165
TCGA-DJ-A2Q1-01,,TCGA Tumor,THCA,10.94327971,-0.287231754
TCGA-B0-5099-01,,TCGA Tumor,KIRC,6.361093488,-6.633246015
TCGA-G4-6628-01,,TCGA Tumor,COAD,-4.542038951,-3.513897251
TCGA-YD-A9TA-06,,TCGA Tumor,SKCM,1.018626836,1.263453652
TCGA-61-1914-01,,TCGA Tumor,OV,1.617520418,7.799977709
TCGA-EK-A3GJ-01,,TCGA Tumor,CESC,-5.634648356,1.436840821
TCGA-29-1705-01,,TCGA Tumor,OV,1.901959744,8.271075655
TCGA-77-7338-01,,TCGA Tumor,LUSC,-5.360004458,2.41980188
TCGA-EM-A22K-01,,TCGA Tumor,THCA,11.59059092,0.762750019
TCGA-E2-A150-01,,TCGA Tumor,BRCA,0.757128772,-1.486157965
TCGA-AR-A251-01,,TCGA Tumor,BRCA,0.984453287,-1.540438246
TCGA-EL-A3GR-01,,TCGA Tumor,THCA,11.35793063,-0.148093085
TCGA-SR-A6MX-05,,TCGA Tumor,PCPG,0.204452675,12.81302588
TCGA-SR-A6MX-06,,TCGA Tumor,PCPG,0.218312484,12.80381243
TCGA-NA-A4R1-01,,TCGA Tumor,UCS,0.049379822,0.425763984
TCGA-UD-AAC6-01,,TCGA Tumor,MESO,-0.111980471,1.526670982
TCGA-SR-A6MX-01,,TCGA Tumor,PCPG,0.190597248,12.82805197
TCGA-TQ-A7RM-01,,TCGA Tumor,LGG,2.224257674,-10.95681436
TCGA-CI-6624-01,,TCGA Tumor,READ,-5.837060485,-3.633662056
TCGA-MU-A51Y-01,,TCGA Tumor,CESC,-6.212910685,2.036824752
TCGA-BQ-7053-01,,TCGA Tumor,KIRP,-0.769331965,7.565018107
TCGA-DG-A2KH-01,,TCGA Tumor,CESC,-2.985913548,-2.607313465
TCGA-EE-A3JB-06,,TCGA Tumor,SKCM,4.963342157,3.379146029
TCGA-ER-A19F-06,,TCGA Tumor,SKCM,5.905806508,3.60978644
TCGA-78-7159-01,,TCGA Tumor,LUAD,-0.772841606,-2.09471042
TCGA-VS-A8EB-01,,TCGA Tumor,CESC,-5.215623889,1.204829861
TCGA-EB-A4XL-01,,TCGA Tumor,SKCM,5.275227514,3.911229778
TCGA-V4-A9F1-01,,TCGA Tumor,UVM,6.736288514,4.445994307
TCGA-FY-A40L-01,,TCGA Tumor,THCA,10.94180151,-0.349084388
TCGA-AF-5654-01,,TCGA Tumor,READ,-6.033083949,-3.704617094
TCGA-4Z-AA84-01,,TCGA Tumor,BLCA,-3.76858953,-0.898046624
TCGA-78-8655-01,,TCGA Tumor,LUAD,-0.321705315,-3.027562212
TCGA-78-7163-01,,TCGA Tumor,LUAD,-0.390027914,-2.884918999
TCGA-2Y-A9GS-01,,TCGA Tumor,LIHC,0.810542759,3.931010414
TCGA-CK-5916-01,,TCGA Tumor,COAD,-5.090793166,-3.69268639
TCGA-DU-8161-01,,TCGA Tumor,LGG,1.466338005,-10.04508455
TCGA-F1-6874-01,,TCGA Tumor,STAD,-4.705419574,-3.742638658
TCGA-D8-A1JE-01,,TCGA Tumor,BRCA,3.73098084,-1.53829069
TCGA-ZF-A9R2-01,,TCGA Tumor,BLCA,-3.681009326,0.13473345
TARGET-20-PASCFW-09,,TCGA Tumor,LAML,-5.524397406,-12.42823751
TCGA-CG-5717-01,,TCGA Tumor,STAD,-6.392772708,1.675326277
TCGA-LN-A9FP-01,,TCGA Tumor,ESCA,-0.926797423,-1.687759231
TCGA-UF-A7JA-01,,TCGA Tumor,HNSC,-5.762284789,1.055486013
TCGA-LP-A4AX-01,,TCGA Tumor,CESC,-5.123411212,0.72232901
TCGA-HV-A7OP-01,,TCGA Tumor,PAAD,-3.809144053,-3.367859911
TCGA-2G-AALG-01,,TCGA Tumor,TGCT,-4.889090571,-1.940427851
TCGA-HC-A6AN-01,,TCGA Tumor,PRAD,7.719544378,9.199068476
TCGA-05-4417-01,,TCGA Tumor,LUAD,-0.818760309,-2.050947975
TCGA-DM-A1D8-01,,TCGA Tumor,COAD,-6.041152987,-3.677472185
TCGA-55-7570-01,,TCGA Tumor,LUAD,-1.513251934,-0.85337628
TCGA-ED-A7PX-01,,TCGA Tumor,LIHC,0.221821454,3.381390501
TCGA-AB-2887-03,,TCGA Tumor,LAML,-4.973467383,-11.5085016
TCGA-AB-2948-03,,TCGA Tumor,LAML,-3.851580176,-12.36724431
TCGA-ZJ-AAXD-01,,TCGA Tumor,CESC,-6.090565238,1.421521116
TCGA-B8-5164-01,,TCGA Tumor,KIRC,6.09327313,-6.560828279
TCGA-DD-AADN-01,,TCGA Tumor,LIHC,0.416828109,3.569065977
TCGA-BB-8601-01,,TCGA Tumor,HNSC,-5.356771979,2.326874901
TCGA-KN-8431-01,,TCGA Tumor,KICH,-3.551507983,5.1085171
TCGA-P5-A736-01,,TCGA Tumor,LGG,2.187960472,-10.57014329
TCGA-CN-A497-01,,TCGA Tumor,HNSC,-5.777666125,2.104936768
TCGA-EL-A4K9-01,,TCGA Tumor,THCA,11.48905989,-0.047364246
TCGA-BQ-7045-01,,TCGA Tumor,KIRP,-0.855709705,7.641803194
TCGA-23-2077-01,,TCGA Tumor,OV,1.62561604,8.027846266
TCGA-KL-8336-01,,TCGA Tumor,KICH,-3.564719233,5.109490324
TCGA-IN-A7NU-01,,TCGA Tumor,STAD,-3.429637227,-2.197015833
TCGA-CU-A0YO-01,,TCGA Tumor,BLCA,-3.838271174,0.164586168
TCGA-RC-A7SK-01,,TCGA Tumor,LIHC,0.900988665,4.103351523
TCGA-EB-A85J-01,,TCGA Tumor,SKCM,6.020654645,3.657974173
TCGA-EO-A3AS-01,,TCGA Tumor,UCEC,1.300401714,6.692406584
TCGA-AL-3472-01,,TCGA Tumor,KIRP,-0.861934218,7.686556746
TCGA-WK-A8XS-01,,TCGA Tumor,SARC,1.97683343,1.58535235
TCGA-J8-A3YE-01,,TCGA Tumor,THCA,10.99759718,-0.591842305
TCGA-C8-A274-01,,TCGA Tumor,BRCA,4.690844026,-1.242992114
TARGET-50-PAJLUJ-06,,TCGA Tumor,WT,-4.548909697,7.678737093
TCGA-EM-A3FP-01,,TCGA Tumor,THCA,11.494122,0.893902649
TCGA-BH-A5IZ-01,,TCGA Tumor,BRCA,0.901043918,-1.413377117
TCGA-AB-2883-03,,TCGA Tumor,LAML,-3.865875754,-12.34934671
TCGA-49-4505-01,,TCGA Tumor,LUAD,-0.106922064,-3.085520815
TCGA-B1-A47N-01,,TCGA Tumor,KIRP,-0.929764304,7.811325003
TCGA-LB-A8F3-01,,TCGA Tumor,PAAD,-2.236337695,-2.425716709
TCGA-C4-A0F1-01,,TCGA Tumor,BLCA,-5.672847304,0.601194729
TCGA-RW-A7D0-01,,TCGA Tumor,PCPG,-0.040681693,13.07810156
TCGA-EM-A2P1-06,,TCGA Tumor,THCA,10.92163512,-0.336844187
TARGET-20-PATIAK-09,,TCGA Tumor,LAML,-4.013144526,-12.27140195
TCGA-06-0141-01,,TCGA Tumor,GBM,1.339845684,-9.171507429
TCGA-EJ-5518-01,,TCGA Tumor,PRAD,9.005080667,8.275894571
TCGA-B8-A54I-01,,TCGA Tumor,KIRC,6.266519513,-5.658147882
TCGA-SR-A6MT-01,,TCGA Tumor,PCPG,-0.054720912,13.09488719
TCGA-HU-A4GH-01,,TCGA Tumor,STAD,-3.871877703,-3.672808241
TCGA-WB-A80Y-01,,TCGA Tumor,PCPG,-0.095201943,13.11855261
TCGA-E7-A4XJ-01,,TCGA Tumor,BLCA,-3.611622844,0.17753594
TCGA-W5-AA2Z-01,,TCGA Tumor,CHOL,-0.104584965,3.029484678
TCGA-A8-A076-01,,TCGA Tumor,BRCA,4.944349733,-1.268268417
TCGA-VS-A9UM-01,,TCGA Tumor,CESC,-6.392311606,1.617193032
TCGA-D6-A6EN-01,,TCGA Tumor,HNSC,-5.402496371,0.838242103
TCGA-DQ-7592-01,,TCGA Tumor,HNSC,-6.525033507,0.520239462
TCGA-PC-A5DN-01,,TCGA Tumor,SARC,1.097682681,1.191060711
TCGA-EE-A2MR-06,,TCGA Tumor,SKCM,5.052983728,3.43153422
TCGA-DU-6401-01,,TCGA Tumor,LGG,2.24447247,-10.82740075
TCGA-33-A4WN-01,,TCGA Tumor,LUSC,-6.007667098,2.413875509
TCGA-B2-3924-01,,TCGA Tumor,KIRC,6.320954766,-5.74601705
TCGA-DX-A6YZ-01,,TCGA Tumor,SARC,1.202413168,1.237674166
TCGA-2G-AAGO-01,,TCGA Tumor,TGCT,-1.727828059,5.228513647
TCGA-22-5489-01,,TCGA Tumor,LUSC,-5.305905852,0.842376996
TCGA-DK-A6AV-01,,TCGA Tumor,BLCA,-3.755841765,0.082437192
TCGA-ZB-A96P-01,,TCGA Tumor,THYM,-10.90946249,6.034685541
TCGA-A3-3311-01,,TCGA Tumor,KIRC,6.071166005,-6.511368345
TCGA-G7-A8LC-01,,TCGA Tumor,KIRP,-0.33721641,7.351030756
TCGA-CC-A8HT-01,,TCGA Tumor,LIHC,0.19428305,3.385667015
TCGA-E2-A14Y-01,,TCGA Tumor,BRCA,-5.92685512,0.515393604
TCGA-B6-A40B-01,,TCGA Tumor,BRCA,4.814784494,-1.522326301
TCGA-33-AASJ-01,,TCGA Tumor,LUSC,-5.348326716,2.43180554
TCGA-BR-6453-01,,TCGA Tumor,STAD,-4.931896243,-3.410567831
TCGA-JY-A6FB-01,,TCGA Tumor,ESCA,-3.856924567,-3.583239387
TCGA-HF-7136-01,,TCGA Tumor,STAD,-4.936023745,-1.98270161
TCGA-2Z-A9J1-01,,TCGA Tumor,KIRP,-0.899152074,7.729170729
TCGA-TT-A6YN-01,,TCGA Tumor,PCPG,-0.024473462,13.05875914
TCGA-BB-7861-01,,TCGA Tumor,HNSC,-6.114298854,2.039615561
TCGA-QR-A6H6-01,,TCGA Tumor,PCPG,0.194827717,12.81796401
TCGA-BA-A6D8-01,,TCGA Tumor,HNSC,-5.339219603,2.254937578
TCGA-23-1110-01,,TCGA Tumor,OV,1.327370908,7.919400622
TARGET-10-PAPJHB-04,,TCGA Tumor,Target-ALL,-8.361366782,-8.324101995
TCGA-IB-7644-01,,TCGA Tumor,PAAD,-3.395755324,-2.87223513
TCGA-P4-A5E7-01,,TCGA Tumor,KIRP,-0.919571433,7.758067061
TCGA-CV-A465-01,,TCGA Tumor,HNSC,-6.882715735,0.62950467
TCGA-FE-A232-01,,TCGA Tumor,THCA,11.01299807,-0.572236608
TCGA-3A-A9I7-01,,TCGA Tumor,PAAD,-3.351084027,-2.415712665
TCGA-BR-4253-01,,TCGA Tumor,STAD,-4.254342112,-3.589038442
TCGA-TQ-A7RV-01,,TCGA Tumor,LGG,2.580169645,-10.66764505
TCGA-TQ-A7RV-02,,TCGA Tumor,LGG,2.357924428,-10.31293447
TCGA-BQ-7058-01,,TCGA Tumor,KIRP,5.571879354,-5.201756071
TCGA-IN-A6RJ-01,,TCGA Tumor,STAD,-6.42849544,1.662837793
TARGET-50-PAJLKR-01,,TCGA Tumor,WT,-4.558787379,7.689098288
TCGA-2G-AAH8-01,,TCGA Tumor,TGCT,-1.951430354,5.493410994
TCGA-A6-5659-01,,TCGA Tumor,COAD,-5.902702842,-2.86523683
TCGA-BR-6563-01,,TCGA Tumor,STAD,-2.753782544,-1.994636368
TARGET-50-PAJNZU-01,,TCGA Tumor,WT,-4.522862468,7.648534704
TCGA-31-1944-01,,TCGA Tumor,OV,1.813579884,8.242896486
TCGA-CD-8525-01,,TCGA Tumor,STAD,-3.365402732,-2.303438734
TARGET-10-PARPRW-04,,TCGA Tumor,Target-ALL,-8.445335898,-8.38986833
TCGA-BP-4761-01,,TCGA Tumor,KIRC,6.149936166,-5.494305204
TARGET-20-PANPLS-03,,TCGA Tumor,LAML,-4.676146064,-11.42642457
TCGA-S7-A7WT-01,,TCGA Tumor,PCPG,-0.036015156,13.07682936
TCGA-MJ-A68H-01,,TCGA Tumor,SARC,1.9705722,1.546861578
TCGA-BR-A4J4-01,,TCGA Tumor,STAD,-2.485473904,-2.451005768
TCGA-V4-A9EY-01,,TCGA Tumor,UVM,6.685202565,4.403325487
TCGA-DU-5871-01,,TCGA Tumor,LGG,2.291095224,-10.6145273
TCGA-22-0944-01,,TCGA Tumor,LUSC,-5.141615901,1.935393978
TCGA-BH-A0E9-01,,TCGA Tumor,BRCA,4.63058373,-1.308824133
TCGA-59-2351-01,,TCGA Tumor,OV,1.691295829,8.450551439
TCGA-BR-6803-01,,TCGA Tumor,STAD,-2.570886884,-1.921206068
TCGA-14-0781-01,,TCGA Tumor,GBM,1.338870731,-9.075653623
TCGA-HT-7483-01,,TCGA Tumor,LGG,3.024773803,-10.20466955
TCGA-24-1545-01,,TCGA Tumor,OV,1.403019395,7.850396086
TCGA-OR-A5L3-01,,TCGA Tumor,ACC,-3.448019776,-8.64178903
TCGA-V4-A9E5-01,,TCGA Tumor,UVM,6.703233209,4.422589232
TARGET-10-PAPDUF-09,,TCGA Tumor,Target-ALL,-8.290641341,-8.257377218
TCGA-ZF-AA5P-01,,TCGA Tumor,BLCA,-4.029745135,-0.51261736
TCGA-SG-A849-01,,TCGA Tumor,SARC,1.142235604,1.17020588
TCGA-E9-A1NH-01,,TCGA Tumor,BRCA,3.788058009,-1.61117668
TCGA-X7-A8D6-01,,TCGA Tumor,THYM,-10.90607789,6.098485399
TCGA-VS-A94Z-01,,TCGA Tumor,CESC,-6.227887187,1.59776764
TCGA-HT-8108-01,,TCGA Tumor,LGG,2.372573581,-10.67368276
TCGA-EW-A2FW-01,,TCGA Tumor,BRCA,5.612595048,-1.559539985
TCGA-D3-A1Q5-06,,TCGA Tumor,SKCM,4.973866906,3.432448078
TARGET-20-PANSBH-09,,TCGA Tumor,LAML,-8.403679404,-8.361136984
TCGA-CD-8530-01,,TCGA Tumor,STAD,-2.61404017,-1.934802245
TARGET-30-PASHFA-01,,TCGA Tumor,NB,2.654768672,12.8982281
TCGA-CJ-4902-01,,TCGA Tumor,KIRC,6.16871449,-5.557763647
TCGA-CN-6998-01,,TCGA Tumor,HNSC,-6.824601207,0.631592442
TCGA-55-6975-01,,TCGA Tumor,LUAD,-1.273308906,-2.240297626
TCGA-2G-AAGC-01,,TCGA Tumor,TGCT,-1.682167802,5.178082873
TCGA-DW-7840-01,,TCGA Tumor,KIRP,-0.978503618,7.813628603
TCGA-GU-A42Q-01,,TCGA Tumor,BLCA,-5.202209029,1.667212058
TCGA-A7-A3IY-01,,TCGA Tumor,BRCA,0.980639901,-0.958973359
TCGA-CC-A1HT-01,,TCGA Tumor,LIHC,0.187552583,3.370998312
TCGA-77-8156-01,,TCGA Tumor,LUSC,-5.336551223,2.378673483
TCGA-DJ-A2PP-01,,TCGA Tumor,THCA,11.42410132,0.913611759
TCGA-G3-AAUZ-01,,TCGA Tumor,LIHC,0.871654328,4.134427
TCGA-CX-7085-01,,TCGA Tumor,HNSC,-6.376619372,0.161580261
TCGA-BR-6457-01,,TCGA Tumor,STAD,-2.498573813,-1.89037795
TCGA-AO-A0J8-01,,TCGA Tumor,BRCA,4.663572278,-1.258672546
TCGA-61-1918-01,,TCGA Tumor,OV,1.743496385,8.461427141
TCGA-HF-7132-01,,TCGA Tumor,STAD,-4.719821486,-3.590286087
TCGA-A6-5660-01,,TCGA Tumor,COAD,-6.080484423,-3.687720131
TARGET-30-PATHVK-01,,TCGA Tumor,NB,2.570953574,12.83013766
TCGA-DD-A4NH-01,,TCGA Tumor,LIHC,0.273185697,3.457042147
TCGA-DJ-A1QG-01,,TCGA Tumor,THCA,11.42577311,0.864130963
TCGA-CZ-5467-01,,TCGA Tumor,KIRC,6.186682191,-5.540480684
TCGA-SC-A6LP-01,,TCGA Tumor,MESO,0.023286071,1.348413755
TCGA-AB-3006-03,,TCGA Tumor,LAML,-4.948603663,-11.48604352
TCGA-HT-7620-01,,TCGA Tumor,LGG,2.871235099,-10.40284116
TCGA-2G-AAH3-01,,TCGA Tumor,TGCT,-1.925631079,5.465628077
TCGA-HT-7480-01,,TCGA Tumor,LGG,3.045399633,-10.30758626
TCGA-A2-A4S0-01,,TCGA Tumor,BRCA,5.968815294,-1.654763769
TCGA-ET-A25O-01,,TCGA Tumor,THCA,11.02234217,-0.541948091
TCGA-MS-A51U-01,,TCGA Tumor,BRCA,4.456957307,-1.652383279
TCGA-06-0157-01,,TCGA Tumor,GBM,1.230904486,-9.923681806
TCGA-B0-4694-01,,TCGA Tumor,KIRC,6.078729596,-5.51723535
TCGA-DX-A1KU-01,,TCGA Tumor,SARC,1.264486935,1.313935567
TCGA-BR-8592-01,,TCGA Tumor,STAD,-2.497234616,-1.874949764
TCGA-BR-8295-01,,TCGA Tumor,STAD,-4.907084975,-1.949457477
TCGA-04-1343-01,,TCGA Tumor,OV,1.45623168,7.984420706
TCGA-CM-5862-01,,TCGA Tumor,COAD,-5.847467456,-3.547125172
TCGA-D7-A6F0-01,,TCGA Tumor,STAD,-4.910658393,-1.954035114
TCGA-25-1626-01,,TCGA Tumor,OV,1.443074074,7.651388098
TCGA-HC-7077-01,,TCGA Tumor,PRAD,8.078846421,8.606648852
TCGA-S9-A7J0-01,,TCGA Tumor,LGG,1.786977854,-9.301251005
TCGA-WC-A87U-01,,TCGA Tumor,UVM,6.734246698,4.444877554
TCGA-B1-5398-01,,TCGA Tumor,KIRP,-0.807189975,7.557352949
TCGA-X7-A8DE-01,,TCGA Tumor,THYM,-10.89126447,6.02482741
TCGA-B7-5816-01,,TCGA Tumor,STAD,-4.245960269,-3.490583252
TCGA-B8-A54F-01,,TCGA Tumor,KIRC,6.208003965,-6.33850057
TCGA-A7-A3IZ-01,,TCGA Tumor,BRCA,5.599994626,-1.490408968
TCGA-G3-AAV6-01,,TCGA Tumor,LIHC,0.396540437,3.543016363
TARGET-20-PASPLU-09,,TCGA Tumor,LAML,-3.844201598,-12.37833936
TCGA-VW-A7QS-01,,TCGA Tumor,LGG,3.076888528,-10.52057989
TARGET-20-PASPLU-04,,TCGA Tumor,LAML,-4.578806433,-11.75240381
TCGA-BJ-A3PU-01,,TCGA Tumor,THCA,10.99073168,-0.397539984
TCGA-ZB-A96K-01,,TCGA Tumor,THYM,-11.01232007,5.929870535
TCGA-55-8208-01,,TCGA Tumor,LUAD,-0.737834368,-2.352470707
TCGA-EY-A5W2-01,,TCGA Tumor,UCEC,1.37331101,6.618118693
TCGA-PG-A6IB-01,,TCGA Tumor,UCEC,0.12538543,0.357581366
TCGA-XK-AAJA-01,,TCGA Tumor,PRAD,8.622459855,8.195792605
TCGA-13-1492-01,,TCGA Tumor,OV,-0.699270758,-2.061101984
TCGA-F4-6805-01,,TCGA Tumor,COAD,-5.725982222,-3.745233368
TCGA-12-3653-01,,TCGA Tumor,GBM,1.241008904,-9.898286413
TCGA-DX-AB2H-01,,TCGA Tumor,SARC,1.131634739,1.549885322
TCGA-EE-A3JE-06,,TCGA Tumor,SKCM,5.465604749,3.390581776
TARGET-21-PASFLG-41,,TCGA Tumor,LAML,-4.054193053,-12.27265222
TCGA-A2-A0D2-01,,TCGA Tumor,BRCA,0.920949545,-1.411580633
TCGA-A2-A1G0-01,,TCGA Tumor,BRCA,4.2534022,-1.722557615
TCGA-2G-AAGT-01,,TCGA Tumor,TGCT,-4.913659606,-1.9416929
TCGA-AR-A0U3-01,,TCGA Tumor,BRCA,5.057769265,-1.600485395
TCGA-CQ-A4CA-01,,TCGA Tumor,HNSC,-6.354885134,0.802372147
TCGA-BK-A6W4-01,,TCGA Tumor,UCEC,1.130806115,6.641063143
TCGA-TM-A84Q-01,,TCGA Tumor,LGG,2.215906348,-10.91999013
TCGA-XF-AAMW-01,,TCGA Tumor,BLCA,-5.411027465,0.959398378
TCGA-AK-3451-01,,TCGA Tumor,KIRC,6.000608411,-6.265983652
TCGA-DD-A73F-01,,TCGA Tumor,LIHC,0.860567715,4.277503897
TCGA-WC-A87Y-01,,TCGA Tumor,UVM,6.71078917,4.420364786
TCGA-WX-AA46-01,,TCGA Tumor,LIHC,1.033434298,4.160819937
TCGA-VN-A88R-01,,TCGA Tumor,PRAD,8.747907129,8.183160235
TCGA-76-4926-01,,TCGA Tumor,GBM,1.482925143,-10.01889474
TCGA-UZ-A9PN-01,,TCGA Tumor,KIRP,-0.796875391,7.630721022
TCGA-75-6206-01,,TCGA Tumor,LUAD,-0.66418067,-2.870364498
TCGA-36-1571-01,,TCGA Tumor,OV,1.725018707,8.456028391
TCGA-D8-A1XZ-01,,TCGA Tumor,BRCA,5.62205359,-1.725551914
TCGA-CV-7407-01,,TCGA Tumor,HNSC,-5.4333711,2.121881415
TCGA-FV-A2QQ-01,,TCGA Tumor,LIHC,0.960204032,4.043692757
TCGA-55-6971-01,,TCGA Tumor,LUAD,-0.730903659,-2.239412378
TCGA-05-4410-01,,TCGA Tumor,LUAD,-0.140691016,-3.156767916
TCGA-CV-7248-01,,TCGA Tumor,HNSC,-5.916348014,2.367640663
TCGA-86-7954-01,,TCGA Tumor,LUAD,-0.267655346,-3.020556759
TCGA-26-5133-01,,TCGA Tumor,GBM,1.537809458,-9.200103353
TCGA-KS-A4I9-01,,TCGA Tumor,THCA,10.99286219,-0.378099512
TCGA-VD-AA8O-01,,TCGA Tumor,UVM,6.740366426,4.447462488
TCGA-A2-A0SW-01,,TCGA Tumor,BRCA,5.487319436,-1.72773857
TCGA-BA-A6DD-01,,TCGA Tumor,HNSC,-6.60194448,0.712110449
TCGA-FF-8041-01,,TCGA Tumor,DLBC,-8.559387717,6.918083597
TARGET-50-PAKGZX-01,,TCGA Tumor,WT,-4.561241183,7.691847731
TCGA-VD-A8KO-01,,TCGA Tumor,UVM,6.698381391,4.416784216
TCGA-36-1568-01,,TCGA Tumor,OV,2.026773539,8.189340044
TCGA-EU-5904-01,,TCGA Tumor,KIRC,6.352852788,-6.611484121
TCGA-55-8207-01,,TCGA Tumor,LUAD,-0.185401532,-3.030431341
TCGA-AB-3002-03,,TCGA Tumor,LAML,-4.965791735,-11.49418218
TCGA-GU-AATP-01,,TCGA Tumor,BLCA,-3.560671363,-1.703158449
TCGA-06-0211-02,,TCGA Tumor,GBM,1.362883058,-9.079419683
TCGA-OL-A5DA-01,,TCGA Tumor,BRCA,4.670190778,-1.598300885
TCGA-R6-A6L6-01,,TCGA Tumor,ESCA,-6.454477343,1.274910856
TCGA-A7-A5ZV-01,,TCGA Tumor,BRCA,1.02453306,-1.526752185
TCGA-LL-A50Y-01,,TCGA Tumor,BRCA,4.158916917,-1.757999967
TCGA-06-2562-01,,TCGA Tumor,GBM,1.405766335,-9.076490949
TCGA-UN-AAZ9-01,,TCGA Tumor,KIRP,0.140283581,7.020798136
TCGA-BR-7707-01,,TCGA Tumor,STAD,-4.593477282,-3.534645389
TCGA-KM-8639-01,,TCGA Tumor,KICH,-3.486057076,5.045824457
TCGA-AX-A3FT-01,,TCGA Tumor,UCEC,1.058049407,6.537379194
TCGA-BP-5007-01,,TCGA Tumor,KIRC,6.210697141,-6.798007082
TARGET-30-PAPTAN-01,,TCGA Tumor,NB,0.410918256,12.69782202
TCGA-EJ-7794-01,,TCGA Tumor,PRAD,9.019368615,8.273747851
TCGA-KS-A41J-01,,TCGA Tumor,THCA,11.06567618,-0.394457887
TCGA-A3-3374-01,,TCGA Tumor,KIRC,-3.551084075,5.099692274
TCGA-CK-4951-01,,TCGA Tumor,COAD,-5.208433184,-3.709186624
TCGA-BP-5180-01,,TCGA Tumor,KIRC,6.180005994,-6.315544676
TCGA-EY-A2OQ-01,,TCGA Tumor,UCEC,1.342386272,6.553969313
TCGA-AB-2815-03,,TCGA Tumor,LAML,-4.118921313,-12.08382757
TCGA-D7-6524-01,,TCGA Tumor,STAD,-4.086425338,-3.033062528
TCGA-F4-6704-01,,TCGA Tumor,COAD,-5.852398906,-2.927381586
TCGA-FS-A1ZW-06,,TCGA Tumor,SKCM,5.30187222,3.48580115
TCGA-A5-A7WK-01,,TCGA Tumor,UCEC,1.413972702,6.739003111
TCGA-CZ-5984-01,,TCGA Tumor,KIRC,6.087476697,-5.701317381
TCGA-EB-A4IQ-01,,TCGA Tumor,SKCM,-6.449027095,-0.019856382
TARGET-10-PAPBES-03,,TCGA Tumor,Target-ALL,-8.367239508,-8.326863836
TCGA-55-6968-01,,TCGA Tumor,LUAD,-1.291386518,-0.765195142
TCGA-F1-A72C-01,,TCGA Tumor,STAD,-4.270074401,-3.524010013
TCGA-C5-A1MQ-01,,TCGA Tumor,CESC,-4.329234156,-0.090691935
TCGA-CN-A49A-01,,TCGA Tumor,HNSC,-5.830162558,0.999987055
TARGET-30-PAMVRA-01,,TCGA Tumor,NB,2.712364164,12.9689564
TCGA-ET-A2N3-01,,TCGA Tumor,THCA,11.56440016,0.81521963
TARGET-20-PASFJB-03,,TCGA Tumor,LAML,-4.05394319,-12.21834428
TCGA-C8-A3M7-01,,TCGA Tumor,BRCA,4.369309154,-1.212311696
TARGET-20-PATIAK-04,,TCGA Tumor,LAML,-4.717144522,-11.50444753
TCGA-CZ-5986-01,,TCGA Tumor,KIRC,6.285804239,-6.798943113
TCGA-FY-A3ON-01,,TCGA Tumor,THCA,11.41606661,-0.133500035
TCGA-RY-A847-01,,TCGA Tumor,LGG,2.914956298,-9.885841917
TCGA-A2-A0EO-01,,TCGA Tumor,BRCA,4.059233871,-1.718967866
TARGET-30-PASNML-01,,TCGA Tumor,NB,2.71231648,12.96659796
TCGA-25-1634-01,,TCGA Tumor,OV,1.292610076,7.772476603
TCGA-B0-5083-01,,TCGA Tumor,KIRC,-3.536789689,5.087397505
TCGA-QB-A6FS-06,,TCGA Tumor,SKCM,6.041176286,3.646782328
TCGA-FR-A729-06,,TCGA Tumor,SKCM,5.401256051,3.666783262
TCGA-BR-A44T-01,,TCGA Tumor,STAD,-2.587966237,-1.88624997
TCGA-3X-AAVC-01,,TCGA Tumor,CHOL,5.665274587,-5.758255075
TCGA-EJ-5517-01,,TCGA Tumor,PRAD,9.011945214,8.18231814
TCGA-BK-A0CA-01,,TCGA Tumor,UCEC,-4.561339412,-3.236161302
TCGA-X6-A8C2-01,,TCGA Tumor,SARC,1.214959052,1.207829167
TCGA-CW-5581-01,,TCGA Tumor,KIRC,6.167379346,-6.749022077
TCGA-55-5899-01,,TCGA Tumor,LUAD,-1.32401875,-0.698562156
TARGET-10-PANKAK-09,,TCGA Tumor,Target-ALL,-8.408307586,-8.359600614
TCGA-KQ-A41Q-01,,TCGA Tumor,BLCA,-3.661893401,0.030284834
TCGA-E6-A2P8-01,,TCGA Tumor,UCEC,-0.274457965,-2.850644897
TCGA-QR-A70K-01,,TCGA Tumor,PCPG,-0.033951912,13.07120555
TCGA-BR-4257-01,,TCGA Tumor,STAD,-3.996025119,-3.639292549
TARGET-10-PAKSWW-03,,TCGA Tumor,Target-ALL,-8.400289092,-8.356875967
TCGA-CG-5725-01,,TCGA Tumor,STAD,-1.470735702,-0.786523055
TCGA-AR-A1AK-01,,TCGA Tumor,BRCA,4.424104181,-1.684362005
TCGA-HU-A4GX-01,,TCGA Tumor,STAD,-4.139750514,-3.614229511
TCGA-WZ-A8D5-01,,TCGA Tumor,TGCT,-1.940469775,5.480894495
TCGA-5R-AA1D-01,,TCGA Tumor,LIHC,1.021002081,4.159657408
TCGA-DD-AACF-01,,TCGA Tumor,LIHC,0.835463699,4.031076838
TCGA-BT-A20R-01,,TCGA Tumor,BLCA,-3.67069057,-0.92670251
TCGA-G9-6338-01,,TCGA Tumor,PRAD,9.288127389,8.183453013
TCGA-98-A53C-01,,TCGA Tumor,LUSC,-0.896997843,-2.01484425
TCGA-EB-A42Y-01,,TCGA Tumor,SKCM,5.848101583,3.61855929
TCGA-CK-6751-01,,TCGA Tumor,COAD,-5.489843402,-3.790932726
TCGA-22-0940-01,,TCGA Tumor,LUSC,-5.282979998,1.443755914
TCGA-DD-AAE7-01,,TCGA Tumor,LIHC,0.992600467,4.199382712
TCGA-HS-A5N7-01,,TCGA Tumor,SARC,1.953010764,1.569059302
TCGA-DS-A0VK-01,,TCGA Tumor,CESC,-5.477021251,1.942667652
TCGA-04-1337-01,,TCGA Tumor,OV,1.593695011,7.909653116
TCGA-TQ-A7RQ-01,,TCGA Tumor,LGG,3.080286231,-10.52245576
TCGA-AC-A2QH-01,,TCGA Tumor,BRCA,1.292608764,1.330255319
TCGA-ER-A19J-06,,TCGA Tumor,SKCM,6.625152555,4.378186632
TCGA-90-7964-01,,TCGA Tumor,LUSC,-5.371360335,1.525010992
TCGA-L4-A4E5-01,,TCGA Tumor,LUAD,-0.01347867,-2.89194281
TCGA-L5-A4OE-01,,TCGA Tumor,ESCA,-4.264639411,-2.741064857
TCGA-CQ-A4C9-01,,TCGA Tumor,HNSC,-6.218667064,2.156552006
TCGA-SN-A84X-01,,TCGA Tumor,TGCT,-6.193573031,0.641172279
TCGA-DZ-6135-01,,TCGA Tumor,KIRP,-0.914656791,7.72654574
TCGA-L5-A4OH-01,,TCGA Tumor,ESCA,-5.296550307,-3.518739294
TCGA-CA-5254-01,,TCGA Tumor,COAD,-5.184696708,-3.665451835
TCGA-EX-A1H6-01,,TCGA Tumor,CESC,-3.079338107,-2.295969557
TCGA-LB-A7SX-01,,TCGA Tumor,PAAD,-3.282949242,-2.340864967
TCGA-58-8393-01,,TCGA Tumor,LUSC,-5.201122794,1.95965438
TCGA-63-A5MS-01,,TCGA Tumor,LUSC,-5.288928542,0.893478979
TARGET-10-PAPNMY-09,,TCGA Tumor,Target-ALL,-8.39997724,-8.355242323
TCGA-XM-A8RD-01,,TCGA Tumor,THYM,-10.86240724,6.050465037
TCGA-AK-3431-01,,TCGA Tumor,KIRC,6.186324086,-5.303151201
TCGA-A8-A08P-01,,TCGA Tumor,BRCA,5.229683843,-1.415192078
TCGA-AD-A5EJ-01,,TCGA Tumor,COAD,-4.88096622,-3.713203501
TCGA-EM-A3FQ-06,,TCGA Tumor,THCA,11.4480147,0.452436436
TCGA-A3-3378-01,,TCGA Tumor,KIRC,6.088804689,-5.582054685
TCGA-BR-A4J7-01,,TCGA Tumor,STAD,-2.632024083,-1.940478038
TCGA-WC-AA9A-01,,TCGA Tumor,UVM,6.693514314,4.461397577
TCGA-EM-A3FQ-01,,TCGA Tumor,THCA,11.26995513,-0.100515734
TCGA-D7-6520-01,,TCGA Tumor,STAD,-2.936062131,-2.983278107
TCGA-CJ-5683-01,,TCGA Tumor,KIRC,6.282544103,-6.756331037
TCGA-30-1855-01,,TCGA Tumor,OV,1.594076719,7.889457632
TCGA-CA-6716-01,,TCGA Tumor,COAD,-6.085359607,-3.721477817
TCGA-DX-A48L-01,,TCGA Tumor,SARC,1.994128194,1.46647935
TCGA-XF-A9T3-01,,TCGA Tumor,BLCA,-3.767126117,-0.875577043
TCGA-FS-A1Z7-06,,TCGA Tumor,SKCM,5.009877649,3.417930294
TCGA-ZJ-AAXF-01,,TCGA Tumor,CESC,-6.314639601,1.499670197
TCGA-KM-8443-01,,TCGA Tumor,KICH,-3.557818208,5.109441687
TCGA-VF-A8A9-01,,TCGA Tumor,TGCT,-1.928651604,5.464696337
TCGA-B6-A0IP-01,,TCGA Tumor,BRCA,4.555779901,-1.516628932
TARGET-10-PANRDC-03,,TCGA Tumor,Target-ALL,-8.232689414,-8.198520254
TCGA-N5-A4RJ-01,,TCGA Tumor,UCS,-4.925597701,-1.96725614
TCGA-W3-A828-06,,TCGA Tumor,SKCM,-1.955633435,-2.338956903
TCGA-77-A5GF-01,,TCGA Tumor,LUSC,-5.352636847,2.325340916
TCGA-A8-A0A2-01,,TCGA Tumor,BRCA,3.960595336,-1.770421456
TCGA-AB-3011-03,,TCGA Tumor,LAML,-4.776852164,-11.49848325
TCGA-DD-AAE4-01,,TCGA Tumor,LIHC,0.911639657,4.224865366
TCGA-24-2035-01,,TCGA Tumor,OV,1.665767994,8.053133417
TCGA-57-1585-01,,TCGA Tumor,OV,1.364477065,7.867558409
TCGA-3A-A9IC-01,,TCGA Tumor,PAAD,-3.206471238,-2.670171331
TCGA-21-1080-01,,TCGA Tumor,LUSC,-5.358668361,1.758919765
TCGA-93-7347-01,,TCGA Tumor,LUAD,-0.267678592,-3.084631513
TCGA-EJ-5506-01,,TCGA Tumor,PRAD,9.129718271,8.257560183
TCGA-FG-8191-01,,TCGA Tumor,LGG,2.264696088,-10.8261152
TCGA-CW-5585-01,,TCGA Tumor,KIRC,6.274300065,-6.769768308
TCGA-E1-A7YW-01,,TCGA Tumor,LGG,2.256889191,-10.99035509
TCGA-62-A471-01,,TCGA Tumor,LUAD,-1.205425772,-2.194235634
TARGET-10-PAPLTZ-04,,TCGA Tumor,Target-ALL,-8.39246324,-8.345357488
TCGA-97-8177-01,,TCGA Tumor,LUAD,-0.347558651,-2.800307344
TCGA-CX-7082-01,,TCGA Tumor,HNSC,-5.596813712,2.468392779
TARGET-10-PAPLTZ-09,,TCGA Tumor,Target-ALL,-8.378310714,-8.335159849
TCGA-B6-A1KC-01,,TCGA Tumor,BRCA,5.962134328,-1.651634644
TCGA-AF-A56L-01,,TCGA Tumor,READ,-5.761363539,-3.462185692
TCGA-KR-A7K2-01,,TCGA Tumor,LIHC,1.034060564,4.192789484
TCGA-GV-A3QG-01,,TCGA Tumor,BLCA,-3.967782531,-0.215951781
TCGA-ZB-A963-01,,TCGA Tumor,THYM,-11.00796464,5.936198164
TCGA-A2-A1FV-01,,TCGA Tumor,BRCA,3.998323169,-1.782947968
TCGA-QQ-A5V2-01,,TCGA Tumor,SARC,9.912261453,-4.49404962
TCGA-KU-A6H7-06,,TCGA Tumor,HNSC,-5.279914412,1.229451348
TCGA-B8-4619-01,,TCGA Tumor,KIRC,-3.504628691,5.060863424
TCGA-VP-A878-01,,TCGA Tumor,PRAD,9.33362433,8.057511736
TCGA-LG-A9QC-01,,TCGA Tumor,LIHC,1.31574991,3.881143738
TCGA-KU-A6H7-01,,TCGA Tumor,HNSC,-5.863506827,2.144336392
TCGA-43-7658-01,,TCGA Tumor,LUSC,-1.268838439,-0.642863344
TCGA-OR-A5KY-01,,TCGA Tumor,ACC,-3.462103162,-8.603689741
TCGA-FR-A2OS-01,,TCGA Tumor,SKCM,5.836544004,3.398140837
TCGA-DB-5278-01,,TCGA Tumor,LGG,2.952573981,-9.919345449
TCGA-AA-A01Z-01,,TCGA Tumor,COAD,-6.13233808,-3.669276069
TCGA-GN-A266-06,,TCGA Tumor,SKCM,5.018164602,3.393366505
TCGA-KK-A8I5-01,,TCGA Tumor,PRAD,7.740058866,9.180232454
TCGA-GV-A3QK-01,,TCGA Tumor,BLCA,-3.601305518,0.105147716
TCGA-E1-A7YS-01,,TCGA Tumor,LGG,3.155504909,-10.50967176
TCGA-G9-6379-01,,TCGA Tumor,PRAD,9.268098321,8.099346567
TCGA-EM-A3FJ-01,,TCGA Tumor,THCA,11.48497244,-0.035408709
TCGA-97-7938-01,,TCGA Tumor,LUAD,-0.180199477,-3.158543419
TCGA-ZN-A9VP-01,,TCGA Tumor,MESO,-0.149817321,1.534329344
TARGET-50-PAJPCM-01,,TCGA Tumor,WT,-4.574698005,7.707737852
TCGA-L5-A4ON-01,,TCGA Tumor,ESCA,-3.825302157,-3.385098766
TCGA-21-1083-01,,TCGA Tumor,LUSC,-5.202415976,1.140554596
TCGA-DD-AAD2-01,,TCGA Tumor,LIHC,0.968934205,4.139283587
TCGA-GR-A4D4-01,,TCGA Tumor,DLBC,-8.600384269,6.925910402
TCGA-RP-A693-06,,TCGA Tumor,SKCM,5.495414224,3.480607678
TCGA-DD-A39W-01,,TCGA Tumor,LIHC,1.302208986,3.860703875
TCGA-BR-8384-01,,TCGA Tumor,STAD,-2.316964183,-1.851657103
TARGET-30-PANZVU-01,,TCGA Tumor,NB,2.709118333,12.96096175
TCGA-D8-A1JT-01,,TCGA Tumor,BRCA,5.410755124,-1.493899297
TCGA-G6-A8L7-01,,TCGA Tumor,KIRC,6.132217851,-5.343437742
TCGA-ZB-A96L-01,,TCGA Tumor,THYM,-11.05759386,5.89374106
TCGA-66-2755-01,,TCGA Tumor,LUSC,-5.336602244,0.759093453
TCGA-BL-A0C8-01,,TCGA Tumor,BLCA,-3.684216056,-0.28545181
TCGA-E9-A1R4-01,,TCGA Tumor,BRCA,5.439329114,-1.523010444
TCGA-DX-AB2O-01,,TCGA Tumor,SARC,1.264273491,1.684317042
TCGA-DX-A7EQ-01,,TCGA Tumor,SARC,-0.026092324,0.880552937
TCGA-D3-A1QA-06,,TCGA Tumor,SKCM,5.937396493,3.59082811
TCGA-D3-A1QA-07,,TCGA Tumor,SKCM,5.924204316,3.64193194
TCGA-XD-AAUL-01,,TCGA Tumor,PAAD,-3.192481789,-2.647657942
TCGA-BH-A0GY-01,,TCGA Tumor,BRCA,4.875454869,-1.389877986
TCGA-WC-A88A-01,,TCGA Tumor,UVM,6.687520948,4.405558516
TARGET-50-PALGLU-01,,TCGA Tumor,WT,-4.525362525,7.625890661
TCGA-GJ-A6C0-01,,TCGA Tumor,LIHC,0.844736543,4.111442019
TCGA-E2-A56Z-01,,TCGA Tumor,BRCA,5.628458467,-1.675764512
TCGA-55-A494-01,,TCGA Tumor,LUAD,-0.496778521,-2.84376366
TCGA-GR-7351-01,,TCGA Tumor,DLBC,-8.595875296,6.931166102
TCGA-G9-6333-01,,TCGA Tumor,PRAD,9.023996797,8.168208529
TCGA-HT-7695-01,,TCGA Tumor,LGG,2.858825412,-9.76745088
TCGA-A7-A13E-01,,TCGA Tumor,BRCA,0.828638014,-1.32561953
TCGA-DU-7012-01,,TCGA Tumor,LGG,1.431731549,-10.01823766
TCGA-RX-A8JQ-01,,TCGA Tumor,PCPG,-0.017313156,13.05845587
TARGET-50-PALJIP-02,,TCGA Tumor,WT,-4.505880389,7.61768191
TCGA-BB-A6UM-01,,TCGA Tumor,HNSC,-6.351317439,1.887833882
TARGET-50-PALJIP-01,,TCGA Tumor,WT,-4.586988005,7.719217707
TCGA-EB-A3Y7-01,,TCGA Tumor,SKCM,6.063826051,3.672591854
TCGA-F4-6806-01,,TCGA Tumor,COAD,-6.038610492,-3.666529726
TCGA-ZN-A9VS-01,,TCGA Tumor,MESO,-0.127111587,1.504128028
TCGA-SL-A6J9-01,,TCGA Tumor,UCEC,1.820487943,8.573377062
TCGA-IZ-8196-01,,TCGA Tumor,KIRP,-0.92621592,7.784192969
TCGA-04-1338-01,,TCGA Tumor,OV,1.701823797,7.943538595
TCGA-CK-6746-01,,TCGA Tumor,COAD,-4.451720748,-3.529911112
TCGA-A2-A0CP-01,,TCGA Tumor,BRCA,3.014040675,-1.170351099
TCGA-64-1677-01,,TCGA Tumor,LUAD,-0.101920876,-2.540257763
TCGA-2G-AAGY-01,,TCGA Tumor,TGCT,-1.921005521,5.452839781
TCGA-BK-A139-02,,TCGA Tumor,UCEC,1.447439161,6.554022719
TCGA-BK-A139-01,,TCGA Tumor,UCEC,-4.502238784,-3.320582222
TCGA-FD-A6TG-01,,TCGA Tumor,BLCA,-3.563927207,-0.239320706
TCGA-O2-A52N-01,,TCGA Tumor,LUSC,-5.276187453,1.203329612
TCGA-E2-A1LS-01,,TCGA Tumor,BRCA,3.482596841,-1.560177635
TCGA-DU-A7TC-01,,TCGA Tumor,LGG,2.823734727,-9.749368261
TCGA-Z4-A9VC-01,,TCGA Tumor,SARC,1.024208155,1.22961228
TCGA-BP-4992-01,,TCGA Tumor,KIRC,6.215298619,-5.736303877
TCGA-DD-A39X-01,,TCGA Tumor,LIHC,0.929874149,4.079028059
TCGA-EE-A2MQ-06,,TCGA Tumor,SKCM,5.77511498,3.54501288
TCGA-02-2483-01,,TCGA Tumor,GBM,1.745682683,-9.270587515
TCGA-69-8253-01,,TCGA Tumor,LUAD,-0.945695672,-2.458251308
TCGA-DX-A6YQ-01,,TCGA Tumor,SARC,1.167342987,1.193734337
TCGA-CV-7411-01,,TCGA Tumor,HNSC,-6.593420539,0.288231571
TCGA-B8-4622-01,,TCGA Tumor,KIRC,6.210036721,-6.816414427
TCGA-DX-A1L4-01,,TCGA Tumor,SARC,1.302806225,1.290827562
TCGA-A2-A0CX-01,,TCGA Tumor,BRCA,4.138549772,-0.913566481
TCGA-DJ-A13P-01,,TCGA Tumor,THCA,11.58673235,0.135110949
TCGA-AT-A5NU-01,,TCGA Tumor,KIRP,-0.898942623,7.731906344
TCGA-FY-A3W9-01,,TCGA Tumor,THCA,11.57034251,0.780732442
TCGA-X6-A8C6-01,,TCGA Tumor,SARC,1.244756963,1.725776125
TCGA-BH-A1FM-01,,TCGA Tumor,BRCA,3.89061543,-1.491174291
TCGA-EJ-A46D-01,,TCGA Tumor,PRAD,8.925782647,8.322527338
TARGET-20-PARYVW-09,,TCGA Tumor,LAML,-4.924137149,-11.44130952
TCGA-JY-A93E-01,,TCGA Tumor,ESCA,-3.156005416,-2.552533697
TCGA-YL-A8SI-01,,TCGA Tumor,PRAD,9.319666352,8.079790522
TCGA-D5-6531-01,,TCGA Tumor,COAD,-5.385841403,-3.300314258
TCGA-VN-A88K-01,,TCGA Tumor,PRAD,7.748712507,9.16865008
TCGA-VS-A8EH-01,,TCGA Tumor,CESC,-6.1025143,2.33914106
TARGET-20-PARYVW-04,,TCGA Tumor,LAML,-4.966592822,-11.48798807
TARGET-30-PAPUEB-01,,TCGA Tumor,NB,2.684734311,12.97072547
TCGA-GU-A766-01,,TCGA Tumor,BLCA,-5.396577391,0.8069623
TCGA-PR-A5PG-01,,TCGA Tumor,PCPG,-0.023119334,13.05924361
TCGA-2J-AABA-01,,TCGA Tumor,PAAD,-3.201732192,-2.382288526
TARGET-20-PAEIKD-09,,TCGA Tumor,LAML,-3.886909518,-12.33619459
TCGA-02-2485-01,,TCGA Tumor,GBM,1.226156678,-9.882049154
TARGET-10-PAPDJM-04,,TCGA Tumor,Target-ALL,-8.379278693,-8.338187765
TCGA-K1-A3PO-01,,TCGA Tumor,SARC,-2.276104245,-1.769775103
TCGA-ET-A40S-01,,TCGA Tumor,THCA,11.02370497,-0.139563258
TCGA-DM-A1D9-01,,TCGA Tumor,COAD,-5.953670535,-3.777066778
TCGA-W2-A7HE-01,,TCGA Tumor,PCPG,-0.075036708,13.11562102
TCGA-27-2521-01,,TCGA Tumor,GBM,1.294960287,-9.714802336
TCGA-A3-3351-01,,TCGA Tumor,KIRC,6.151559797,-6.34640653
TCGA-HT-A74H-01,,TCGA Tumor,LGG,1.721874085,-10.05564363
TCGA-HD-8224-01,,TCGA Tumor,HNSC,-6.103983912,1.065011192
TCGA-DM-A0XF-01,,TCGA Tumor,COAD,-5.808001551,-3.685601066
TCGA-A1-A0SM-01,,TCGA Tumor,BRCA,4.132738319,-1.311405848
TCGA-XF-A9SH-01,,TCGA Tumor,BLCA,-3.754082236,0.158513982
TCGA-KK-A8I8-01,,TCGA Tumor,PRAD,8.3891606,8.231649805
TCGA-DX-A6BH-01,,TCGA Tumor,SARC,1.548219528,1.355671574
TCGA-DX-A23T-01,,TCGA Tumor,SARC,1.164717641,1.149523069
TCGA-HT-7680-01,,TCGA Tumor,LGG,1.564803806,-10.0835386
TARGET-10-PAPDUV-09,,TCGA Tumor,Target-ALL,-8.375521216,-8.344318937
TCGA-DB-A4X9-01,,TCGA Tumor,LGG,2.344261971,-10.56904085
TCGA-V1-A8MF-01,,TCGA Tumor,PRAD,8.989162889,8.148595263
TCGA-EL-A3CN-01,,TCGA Tumor,THCA,10.91831633,-0.378255795
TCGA-SR-A6N0-01,,TCGA Tumor,PCPG,0.252652895,12.72177355
TCGA-VQ-A91K-01,,TCGA Tumor,STAD,-4.663124118,-3.633582901
TCGA-CN-4730-01,,TCGA Tumor,HNSC,-6.376648936,1.094342638
TCGA-AB-2986-03,,TCGA Tumor,LAML,-4.895013366,-11.47198064
TCGA-OR-A5JB-01,,TCGA Tumor,ACC,0.096944299,0.804601539
TCGA-ET-A3DW-01,,TCGA Tumor,THCA,11.01991507,-0.524615716
TCGA-V9-A7HT-01,,TCGA Tumor,KIRP,-0.803300891,7.783383299
TCGA-EL-A3T3-01,,TCGA Tumor,THCA,11.38005396,-0.17374685
TCGA-33-6738-01,,TCGA Tumor,LUSC,-5.324175391,1.336507131
TCGA-AQ-A04H-01,,TCGA Tumor,BRCA,5.661398378,-1.657278012
TCGA-HZ-A49I-01,,TCGA Tumor,PAAD,-3.031327042,-2.673215221
TCGA-BT-A20Q-01,,TCGA Tumor,BLCA,-3.787248168,0.129815098
TCGA-B9-7268-01,,TCGA Tumor,KIRP,-0.87828568,7.689143587
TCGA-BI-A0VR-01,,TCGA Tumor,CESC,-6.270035777,1.783129979
TCGA-AD-6963-01,,TCGA Tumor,COAD,-5.733547721,-3.604588579
TCGA-PJ-A5Z8-01,,TCGA Tumor,KIRP,6.016255346,-5.269073557
TCGA-ZG-A9KY-01,,TCGA Tumor,PRAD,8.379908052,8.258466173
TCGA-MT-A67F-01,,TCGA Tumor,HNSC,-6.492125544,1.248443772
TCGA-EJ-A65B-01,,TCGA Tumor,PRAD,9.129978624,8.132545878
TCGA-HZ-8001-01,,TCGA Tumor,PAAD,-2.114021811,-1.932352971
TCGA-97-7937-01,,TCGA Tumor,LUAD,-0.205985222,-3.033753942
TCGA-CJ-4901-01,,TCGA Tumor,KIRC,6.234446969,-5.369873594
TCGA-BQ-5891-01,,TCGA Tumor,KIRP,-0.842759881,7.658906389
TARGET-20-PANZKA-09,,TCGA Tumor,LAML,-4.096421275,-12.14782674
TARGET-21-PATKWH-09,,TCGA Tumor,LAML,-5.32107738,-12.34874494
TCGA-DM-A1DB-01,,TCGA Tumor,COAD,-6.151949916,-3.654672455
TCGA-AZ-6603-01,,TCGA Tumor,COAD,-5.980387721,-3.703253578
TCGA-LL-A6FP-01,,TCGA Tumor,BRCA,5.025118318,-1.410627555
TCGA-A2-A0T5-01,,TCGA Tumor,BRCA,4.506627526,-1.135266374
TCGA-VQ-A8E7-01,,TCGA Tumor,STAD,-4.825043235,-2.910014461
TCGA-RD-A8N6-01,,TCGA Tumor,STAD,-4.973912272,-2.028565
TCGA-63-A5MP-01,,TCGA Tumor,LUSC,-5.353728328,2.411573816
TCGA-K6-A3WQ-01,,TCGA Tumor,UCEC,1.387995448,6.662570883
TCGA-A6-A5ZU-01,,TCGA Tumor,COAD,-5.588577781,-3.358728241
TCGA-BR-6454-01,,TCGA Tumor,STAD,-3.440002236,-3.037599396
TCGA-SI-A71O-06,,TCGA Tumor,SARC,1.010671284,0.935651768
TCGA-EB-A6R0-01,,TCGA Tumor,SKCM,5.569499459,3.561775376
TCGA-CC-A5UE-01,,TCGA Tumor,LIHC,0.692011413,3.75377195
TCGA-VN-A88O-01,,TCGA Tumor,PRAD,8.665463891,8.203914095
TCGA-EJ-5502-01,,TCGA Tumor,PRAD,8.110165086,8.579395701
TCGA-TQ-A7RI-01,,TCGA Tumor,LGG,3.044326987,-10.52224595
TCGA-DR-A0ZM-01,,TCGA Tumor,CESC,-5.535459552,1.33335631
TCGA-NH-A5IV-01,,TCGA Tumor,COAD,-5.0451403,-3.677261185
TCGA-A7-A4SF-01,,TCGA Tumor,BRCA,5.417283025,-1.505018901
TCGA-24-1427-01,,TCGA Tumor,OV,1.846679774,8.167703081
TCGA-33-4589-01,,TCGA Tumor,LUSC,-6.735095534,0.621587981
TCGA-XF-A9T4-01,,TCGA Tumor,BLCA,-5.563241038,0.600815941
TCGA-MA-AA43-01,,TCGA Tumor,CESC,-5.534232173,0.622064282
TARGET-20-PANUTB-09,,TCGA Tumor,LAML,-4.678669009,-11.50536878
TCGA-D3-A51T-06,,TCGA Tumor,SKCM,5.620787587,3.626820494
TCGA-B6-A402-01,,TCGA Tumor,BRCA,0.896615621,-1.614109229
TCGA-J2-A4AD-01,,TCGA Tumor,LUAD,-0.17831162,-3.191158842
TCGA-A2-A25B-01,,TCGA Tumor,BRCA,5.616849866,-1.675858449
TCGA-39-5037-01,,TCGA Tumor,LUSC,-5.55943397,2.498016764
TARGET-20-PASGWH-09,,TCGA Tumor,LAML,-5.490107093,-12.45668561
TCGA-97-A4LX-01,,TCGA Tumor,LUAD,0.030126002,-2.811114143
TCGA-EM-A4FV-01,,TCGA Tumor,THCA,11.50521037,0.584034671
TCGA-A2-A3XW-01,,TCGA Tumor,BRCA,-3.745846305,-0.84001119
TCGA-YD-A89C-06,,TCGA Tumor,SKCM,5.168754544,3.507132937
TCGA-BC-A110-01,,TCGA Tumor,LIHC,0.988323715,4.2071337
TCGA-GD-A6C6-01,,TCGA Tumor,BLCA,-3.769380126,0.088082604
TCGA-KL-8328-01,,TCGA Tumor,KICH,-3.554874215,5.10469525
TCGA-2A-AAYU-01,,TCGA Tumor,PRAD,7.730874028,9.191319872
TCGA-TM-A7CA-01,,TCGA Tumor,LGG,3.029342857,-10.50522287
TCGA-FS-A1Z4-06,,TCGA Tumor,SKCM,5.344872918,3.485134054
TCGA-CA-6715-01,,TCGA Tumor,COAD,-6.097481284,-3.689828705
TCGA-C5-A7UC-01,,TCGA Tumor,CESC,-5.401014361,0.779056777
TCGA-13-0801-01,,TCGA Tumor,OV,1.750701871,8.509163309
TCGA-AB-2853-03,,TCGA Tumor,LAML,-4.922834906,-11.49964292
TCGA-YU-A90Q-01,,TCGA Tumor,TGCT,-1.956898961,5.496670176
TCGA-XE-AAOB-01,,TCGA Tumor,TGCT,-1.719057832,5.2181453
TCGA-CJ-4643-01,,TCGA Tumor,KIRC,6.33314034,-6.774633955
TCGA-62-A46P-01,,TCGA Tumor,LUAD,-0.739358339,-2.331789087
TCGA-QH-A86X-01,,TCGA Tumor,LGG,3.005465236,-10.55085714
TCGA-64-1678-01,,TCGA Tumor,LUAD,-0.944029841,-1.839911293
TCGA-EE-A29X-06,,TCGA Tumor,SKCM,6.038238015,3.714143683
TCGA-C5-A7XC-01,,TCGA Tumor,CESC,-6.193292651,1.482511808
TCGA-CL-5917-01,,TCGA Tumor,READ,-5.853796038,-3.542778324
TARGET-21-PASDKZ-41,,TCGA Tumor,LAML,-5.276386771,-12.33181913
TCGA-DU-A76R-01,,TCGA Tumor,LGG,2.936681714,-10.01459939
TCGA-DH-5144-01,,TCGA Tumor,LGG,3.151328769,-10.50775392
TCGA-06-1804-01,,TCGA Tumor,GBM,1.266623583,-9.939913343
TARGET-20-PARIMT-03,,TCGA Tumor,LAML,-4.673262152,-11.57779367
TCGA-K1-A42X-02,,TCGA Tumor,SARC,1.953456011,1.545967508
TCGA-DV-A4VX-01,,TCGA Tumor,KIRC,5.996904817,-5.90855224
TCGA-KM-8442-01,,TCGA Tumor,KICH,-3.573719773,5.12154143
TCGA-K1-A42X-01,,TCGA Tumor,SARC,1.966839757,1.557473589
TCGA-DK-AA6W-01,,TCGA Tumor,BLCA,-3.527875218,-2.290907453
TCGA-AB-2993-03,,TCGA Tumor,LAML,-4.896446738,-11.47831495
TCGA-ZH-A8Y1-01,,TCGA Tumor,CHOL,-0.112177763,3.024504591
TCGA-LG-A9QD-01,,TCGA Tumor,LIHC,1.048995998,4.134591986
TCGA-55-7816-01,,TCGA Tumor,LUAD,-0.060532573,1.407887984
TCGA-25-2399-01,,TCGA Tumor,OV,1.894911971,8.006431986
TCGA-AB-2842-03,,TCGA Tumor,LAML,-3.882091555,-12.3333555
TCGA-CM-6674-01,,TCGA Tumor,COAD,-5.075852427,-3.733518671
TCGA-97-8547-01,,TCGA Tumor,LUAD,-0.309528026,-2.839624475
TCGA-CC-A7IK-01,,TCGA Tumor,LIHC,1.298667636,3.785769392
TCGA-13-0911-01,,TCGA Tumor,OV,1.397477534,7.854600359
TARGET-50-PAJPDN-01,,TCGA Tumor,WT,-4.098901305,6.962861944
TCGA-P4-A5EB-01,,TCGA Tumor,KIRP,-0.865725431,7.665395666
TCGA-MI-A75H-01,,TCGA Tumor,LIHC,1.341128316,3.882407595
TCGA-CV-A6JZ-01,,TCGA Tumor,HNSC,-6.467290911,0.630427409
TCGA-E2-A14N-01,,TCGA Tumor,BRCA,0.883923944,-1.556397389
TCGA-B9-5156-01,,TCGA Tumor,KIRP,-0.826232943,7.620410372
TCGA-85-7844-01,,TCGA Tumor,LUSC,-5.313651118,2.281561543
TCGA-2G-AAKM-01,,TCGA Tumor,TGCT,-1.703766141,5.204907347
TCGA-AB-2808-03,,TCGA Tumor,LAML,-4.925401721,-11.50505502
TCGA-G6-A8L8-01,,TCGA Tumor,KIRC,6.351131883,-6.643162798
TCGA-AN-A049-01,,TCGA Tumor,BRCA,4.292692867,-1.727234792
TCGA-D7-6822-01,,TCGA Tumor,STAD,-3.72075418,-2.453636001
TCGA-D5-6932-01,,TCGA Tumor,COAD,-6.113479647,-3.706352304
TCGA-RD-A8N2-01,,TCGA Tumor,STAD,-2.212034259,-1.696600865
TCGA-FA-A6HN-01,,TCGA Tumor,DLBC,-8.591878447,6.954434801
TCGA-UZ-A9PU-01,,TCGA Tumor,KIRP,-0.971363935,7.810275484
TCGA-HN-A2NL-01,,TCGA Tumor,BRCA,0.35082952,-1.338743042
TCGA-AJ-A5DW-01,,TCGA Tumor,UCEC,1.367389646,6.615565706
TCGA-GS-A9TY-01,,TCGA Tumor,DLBC,-8.54894403,6.911500384
TCGA-KS-A4IC-01,,TCGA Tumor,THCA,11.15485999,-0.324226182
TCGA-55-7728-01,,TCGA Tumor,LUAD,-3.387403998,-2.92673118
TCGA-AH-6644-01,,TCGA Tumor,READ,-6.101233516,-3.641705822
TCGA-33-4586-01,,TCGA Tumor,LUSC,-5.281963382,2.407302309
TCGA-IW-A3M5-01,,TCGA Tumor,SARC,0.688771811,1.05535679
TCGA-EM-A1YD-01,,TCGA Tumor,THCA,11.56938216,0.859345902
TCGA-LN-A49S-01,,TCGA Tumor,ESCA,-6.472619567,1.695774485
TCGA-BH-A0GZ-01,,TCGA Tumor,BRCA,3.900453057,-1.778414201
TCGA-JX-A5QV-01,,TCGA Tumor,CESC,-6.19512609,2.037255932
TCGA-49-4510-01,,TCGA Tumor,LUAD,-0.385289225,-2.719669889
TCGA-09-0366-01,,TCGA Tumor,OV,1.760569062,8.54474013
TCGA-D5-5537-01,,TCGA Tumor,COAD,-6.093539748,-3.689748119
TCGA-2Z-A9JI-01,,TCGA Tumor,KIRP,5.610764947,-5.180467199
TCGA-R3-A69X-01,,TCGA Tumor,BLCA,-3.753911528,-0.114734348
TCGA-MT-A51W-01,,TCGA Tumor,HNSC,-6.755975756,0.81544583
TCGA-OR-A5JY-01,,TCGA Tumor,ACC,-3.46967462,-8.620873045
TCGA-2G-AAHC-01,,TCGA Tumor,TGCT,-1.92169312,5.46037953
TCGA-23-1027-01,,TCGA Tumor,OV,1.877865758,8.01061051
TARGET-30-PASRFS-01,,TCGA Tumor,NB,2.741361585,12.99464171
TCGA-VS-A8QH-01,,TCGA Tumor,CESC,-5.713502917,-3.528405737
TCGA-A3-3328-01,,TCGA Tumor,KIRC,-3.547953162,5.09825461
TCGA-BR-6852-01,,TCGA Tumor,STAD,-4.53591207,-3.589696716
TCGA-CV-7089-01,,TCGA Tumor,HNSC,-6.567545924,0.954160083
TCGA-FP-A8CX-01,,TCGA Tumor,STAD,-3.76936439,-3.695006441
TCGA-FY-A3WA-01,,TCGA Tumor,THCA,11.55616709,0.80998366
TCGA-24-2019-01,,TCGA Tumor,OV,1.761170831,8.566489626
TCGA-A6-6137-01,,TCGA Tumor,COAD,-5.955438647,-3.718092512
TCGA-FR-A7U8-06,,TCGA Tumor,SKCM,5.69724175,3.779362847
TCGA-KC-A7F5-01,,TCGA Tumor,PRAD,8.496886697,8.19123118
TARGET-30-PASXRG-01,,TCGA Tumor,NB,2.65600821,12.90800517
TCGA-UZ-A9PQ-01,,TCGA Tumor,KIRP,-0.842388425,7.653729845
TCGA-LP-A5U3-01,,TCGA Tumor,CESC,-5.9705129,1.584006239
TCGA-55-A493-01,,TCGA Tumor,LUAD,-0.032720033,-2.946449112
TARGET-10-PAPGNC-03,,TCGA Tumor,Target-ALL,-8.225451979,-8.192238401
TCGA-F1-A448-01,,TCGA Tumor,STAD,-4.202307257,-3.519952606
TCGA-MP-A4TE-01,,TCGA Tumor,LUAD,-0.84435657,-1.982544016
TCGA-BH-A0DP-01,,TCGA Tumor,BRCA,4.184186902,-1.698419761
TCGA-18-4721-01,,TCGA Tumor,LUSC,-5.30419496,2.491042067
TCGA-WN-A9G9-01,,TCGA Tumor,KIRP,6.002388444,-6.332512449
TCGA-RC-A7SB-01,,TCGA Tumor,LIHC,0.858311709,4.250175882
TCGA-41-5651-01,,TCGA Tumor,GBM,1.729889598,-9.24500234
TCGA-RD-A8N9-01,,TCGA Tumor,STAD,-2.643582616,-1.95004208
TCGA-CC-5264-01,,TCGA Tumor,LIHC,0.463390727,3.618792225
TCGA-E1-A7Z2-01,,TCGA Tumor,LGG,2.01959249,-9.991005491
TCGA-E9-A1RG-01,,TCGA Tumor,BRCA,4.877260175,-1.517377328
TCGA-AB-2830-03,,TCGA Tumor,LAML,-4.920534644,-11.48034437
TCGA-VQ-A8PC-01,,TCGA Tumor,STAD,-3.79212192,-3.711930107
TCGA-LN-A4A6-01,,TCGA Tumor,ESCA,-6.37518743,1.016543735
TCGA-DS-A1O9-01,,TCGA Tumor,CESC,-5.265814338,1.51704197
TCGA-HS-A5NA-01,,TCGA Tumor,SARC,1.914556351,1.59669118
TCGA-DM-A28M-01,,TCGA Tumor,COAD,-6.019929919,-3.702578853
TARGET-20-PASWPT-09,,TCGA Tumor,LAML,-4.668052707,-11.47843702
TCGA-06-0210-01,,TCGA Tumor,GBM,1.38734391,-9.091173719
TCGA-EY-A1GO-01,,TCGA Tumor,UCEC,1.075017061,7.20482247
TARGET-30-PALEVG-01,,TCGA Tumor,NB,2.630794254,12.87931292
TCGA-EE-A182-06,,TCGA Tumor,SKCM,6.116836992,3.759521176
TCGA-S5-AA26-01,,TCGA Tumor,BLCA,-3.623397383,0.126697395
TCGA-EJ-A6RA-01,,TCGA Tumor,PRAD,9.285311189,8.18475001
TCGA-B6-A0IH-01,,TCGA Tumor,BRCA,3.982796397,-1.742446731
TCGA-DD-AAC9-01,,TCGA Tumor,LIHC,1.031688121,4.160346914
TCGA-75-7030-01,,TCGA Tumor,LUAD,-3.406919751,-2.375978063
TCGA-YL-A8SF-01,,TCGA Tumor,PRAD,7.943455663,8.81510203
TCGA-AK-3455-01,,TCGA Tumor,KIRC,6.282177415,-6.809868883
TCGA-MO-A47P-01,,TCGA Tumor,SARC,1.927002039,1.539863278
TCGA-55-7227-01,,TCGA Tumor,LUAD,-0.134822461,-3.119181703
TCGA-KK-A8IJ-01,,TCGA Tumor,PRAD,8.554890123,8.241650034
TCGA-B5-A5OD-01,,TCGA Tumor,UCEC,1.360769417,6.679850031
TCGA-FG-8187-01,,TCGA Tumor,LGG,2.915170398,-10.49553449
TCGA-EL-A3T6-01,,TCGA Tumor,THCA,10.93659445,-0.253297101
TCGA-PG-A914-01,,TCGA Tumor,UCEC,1.51060411,7.471848894
TCGA-FX-A76Y-01,,TCGA Tumor,SARC,1.952603784,1.549509693
TCGA-61-1741-01,,TCGA Tumor,OV,1.512319889,7.85843556
TCGA-BT-A20U-01,,TCGA Tumor,BLCA,-5.756283793,2.013822724
TCGA-2G-AAG3-01,,TCGA Tumor,TGCT,-1.723820243,5.220586706
TCGA-LN-A49W-01,,TCGA Tumor,ESCA,-5.509061847,0.75064664
TCGA-Z2-A8RT-06,,TCGA Tumor,SKCM,5.651553121,3.631269623
TCGA-F2-6879-01,,TCGA Tumor,PAAD,-3.37194303,-2.678028654
TARGET-20-PAKSMZ-03,,TCGA Tumor,LAML,-4.13384727,-12.1056896
TCGA-BT-A42C-01,,TCGA Tumor,BLCA,-3.62212089,0.076659756
TCGA-5L-AAT1-01,,TCGA Tumor,BRCA,4.260761228,-1.697830151
TCGA-2Z-A9JM-01,,TCGA Tumor,KIRP,-0.882122669,7.718478132
TCGA-HZ-A4BH-01,,TCGA Tumor,PAAD,-3.031995568,-2.667679857
TCGA-A8-A06N-01,,TCGA Tumor,BRCA,5.616867509,-1.536280702
TCGA-D8-A27K-01,,TCGA Tumor,BRCA,4.473665204,-1.439409326
TCGA-V5-A7RC-01,,TCGA Tumor,ESCA,-5.918980632,2.421561409
TCGA-CL-5918-01,,TCGA Tumor,READ,-5.927522216,-3.565204691
TCGA-XM-A8RG-01,,TCGA Tumor,THYM,-11.05055574,5.901309897
TCGA-V5-A7RC-06,,TCGA Tumor,ESCA,-5.314832244,2.434245039
TCGA-B5-A3FH-01,,TCGA Tumor,UCEC,1.479364004,6.477598597
TCGA-VR-AA4G-01,,TCGA Tumor,ESCA,-6.537729296,0.605230201
TCGA-38-4630-01,,TCGA Tumor,LUAD,1.424480047,6.726081778
TCGA-61-2012-01,,TCGA Tumor,OV,1.577583757,7.980328013
TCGA-EX-A449-01,,TCGA Tumor,CESC,1.418103185,6.57544129
TCGA-CV-7422-01,,TCGA Tumor,HNSC,-5.999372992,2.440340687
TCGA-55-1592-01,,TCGA Tumor,LUAD,-0.235478315,-3.015714477
TCGA-L5-A8NR-01,,TCGA Tumor,ESCA,-5.36433557,-3.341178964
TCGA-MP-A4TF-01,,TCGA Tumor,LUAD,-1.459664616,-2.262031149
TCGA-BH-A0HX-01,,TCGA Tumor,BRCA,5.629707303,-1.75603206
TCGA-IR-A3LC-01,,TCGA Tumor,CESC,-5.33175138,1.291308094
TCGA-5R-AAAM-01,,TCGA Tumor,LIHC,1.083474364,4.201935221
TCGA-E1-5304-01,,TCGA Tumor,LGG,2.249148216,-10.95903451
TCGA-BC-A3KG-01,,TCGA Tumor,LIHC,0.458334219,3.651294876
TCGA-BH-A8G0-01,,TCGA Tumor,BRCA,4.115287271,-1.728756975
TARGET-10-PASDYK-03,,TCGA Tumor,Target-ALL,-8.300334487,-8.268583845
TCGA-63-A5MT-01,,TCGA Tumor,LUSC,-5.223479781,1.239674855
TCGA-CS-4943-01,,TCGA Tumor,LGG,2.271448817,-10.95605333
TCGA-WZ-A7V5-01,,TCGA Tumor,TGCT,-1.918818269,5.455433775
TCGA-XF-AAML-01,,TCGA Tumor,BLCA,-3.600532565,-0.456767629
TCGA-AX-A3GI-01,,TCGA Tumor,UCEC,1.321962085,6.685576845
TCGA-75-5146-01,,TCGA Tumor,LUAD,-0.298011455,-2.958673309
TCGA-AO-A12H-01,,TCGA Tumor,BRCA,5.649623361,-1.617663573
TARGET-30-PALXTB-01,,TCGA Tumor,NB,2.690689292,12.94778006
TCGA-EX-A69M-01,,TCGA Tumor,CESC,-5.224636588,1.201315094
TCGA-Z4-AAPF-01,,TCGA Tumor,SARC,-3.977636847,6.776291777
TCGA-CN-4738-01,,TCGA Tumor,HNSC,-6.288647685,1.665199567
TCGA-EL-A3ZQ-01,,TCGA Tumor,THCA,11.07895991,-0.431479435
TCGA-CZ-5451-01,,TCGA Tumor,KIRC,6.268715348,-6.830391477
TCGA-13-1411-01,,TCGA Tumor,OV,1.512915578,7.859157492
TCGA-64-5779-01,,TCGA Tumor,LUAD,-0.940281424,-1.750240516
TCGA-A2-A0T6-01,,TCGA Tumor,BRCA,3.732856002,-1.206675838
TCGA-WB-A80K-01,,TCGA Tumor,PCPG,0.04654887,12.9794554
TCGA-C9-A47Z-01,,TCGA Tumor,HNSC,-6.894824061,0.62990724
TCGA-61-1725-01,,TCGA Tumor,OV,1.680151549,7.881998945
TCGA-67-4679-01,,TCGA Tumor,LUAD,-0.176972959,-3.046859096
TCGA-FF-8062-01,,TCGA Tumor,DLBC,-8.575499091,6.937923838
TCGA-DX-A8BO-01,,TCGA Tumor,SARC,1.156223681,1.272454668
TARGET-21-PAMYMA-09,,TCGA Tumor,LAML,-3.948456321,-12.31814725
TCGA-CH-5738-01,,TCGA Tumor,PRAD,8.572262254,8.261413027
TCGA-VQ-A8PP-01,,TCGA Tumor,STAD,-3.359247479,-2.567684482
TCGA-CH-5748-01,,TCGA Tumor,PRAD,8.134562936,8.542881418
TCGA-19-5960-01,,TCGA Tumor,GBM,1.281496909,-9.94062097
TCGA-BJ-A45H-01,,TCGA Tumor,THCA,11.43148467,-0.06410202
TCGA-B0-4706-01,,TCGA Tumor,KIRC,6.180634465,-5.939683985
TCGA-CC-A9FV-01,,TCGA Tumor,LIHC,1.094679799,1.273939062
TCGA-E2-A15I-01,,TCGA Tumor,BRCA,4.307967391,-1.674087118
TCGA-3B-A9HJ-01,,TCGA Tumor,SARC,-8.559526,6.909246374
TCGA-JY-A6F8-01,,TCGA Tumor,ESCA,-3.800835166,-3.666695427
TCGA-L5-A8NE-01,,TCGA Tumor,ESCA,-3.789945636,-3.69161899
TCGA-CG-4436-01,,TCGA Tumor,STAD,-5.820374522,-3.664831947
TCGA-EB-A44R-06,,TCGA Tumor,SKCM,5.373753514,3.699741293
TCGA-DJ-A3V6-01,,TCGA Tumor,THCA,10.9542298,-0.302304636
TCGA-D5-6536-01,,TCGA Tumor,COAD,-6.060434851,-3.639831137
TCGA-DK-AA6P-01,,TCGA Tumor,BLCA,-3.688938174,0.098401033
TCGA-A3-3323-01,,TCGA Tumor,KIRC,6.196255174,-6.281347822
TCGA-W5-AA39-01,,TCGA Tumor,CHOL,0.902940419,4.061396528
TCGA-DH-5140-01,,TCGA Tumor,LGG,1.725696531,-9.248805593
TCGA-FU-A770-01,,TCGA Tumor,CESC,-3.090983662,-2.595934938
TCGA-LL-A5YL-01,,TCGA Tumor,BRCA,4.418487516,-1.161090683
TCGA-TM-A7CF-01,,TCGA Tumor,LGG,2.819152322,-9.743950437
TCGA-TM-A7CF-02,,TCGA Tumor,LGG,2.412618127,-10.68740041
TCGA-3B-A9I0-01,,TCGA Tumor,SARC,1.943879094,1.567569185
TCGA-FD-A6TK-01,,TCGA Tumor,BLCA,-4.051425013,-0.721888136
TCGA-E2-A9RU-01,,TCGA Tumor,BRCA,3.392989841,-1.269638728
TCGA-FS-A1ZK-06,,TCGA Tumor,SKCM,6.024574247,3.616722752
TCGA-C8-A26X-01,,TCGA Tumor,BRCA,4.098950114,-0.923228334
TCGA-FS-A1ZG-06,,TCGA Tumor,SKCM,6.044939008,3.667523552
TCGA-BP-4972-01,,TCGA Tumor,KIRC,6.10507628,-6.015326094
TCGA-XP-A8T8-01,,TCGA Tumor,ESCA,-6.02880815,2.327164818
TCGA-AB-2941-03,,TCGA Tumor,LAML,-5.493646178,-12.42398126
TCGA-LH-A9QB-06,,TCGA Tumor,SKCM,4.979970899,3.39141791
TCGA-22-5492-01,,TCGA Tumor,LUSC,-5.366651091,1.644360472
TCGA-D8-A147-01,,TCGA Tumor,BRCA,1.020824816,-1.541932653
TCGA-IB-A5SQ-01,,TCGA Tumor,PAAD,-2.781254563,-2.49256761
TCGA-S9-A6U2-01,,TCGA Tumor,LGG,2.990279403,-10.55223043
TCGA-KK-A7AW-01,,TCGA Tumor,PRAD,7.918917623,8.85263579
TCGA-IM-A3ED-01,,TCGA Tumor,THCA,11.20757815,-0.293401014
TARGET-30-PAIPGU-01,,TCGA Tumor,NB,2.624713626,12.88042395
TCGA-AB-2832-03,,TCGA Tumor,LAML,-3.851967368,-12.33420617
TCGA-EM-A2CK-01,,TCGA Tumor,THCA,11.5375075,0.829112936
TCGA-V5-AASV-01,,TCGA Tumor,ESCA,-6.566767726,0.550040026
TARGET-20-PASXNR-04,,TCGA Tumor,LAML,-5.505928073,-12.43247468
TCGA-DX-A6YR-01,,TCGA Tumor,SARC,1.310028281,1.685059239
TCGA-K4-A3WV-01,,TCGA Tumor,BLCA,-5.375871215,2.409681011
TCGA-SX-A7SP-01,,TCGA Tumor,KIRP,-0.849919591,7.665949274
TCGA-NC-A5HD-01,,TCGA Tumor,LUSC,-5.359809909,2.244570185
TCGA-DH-A7US-01,,TCGA Tumor,LGG,2.953878608,-10.55615861
TCGA-CJ-4641-01,,TCGA Tumor,KIRC,5.932800737,-5.880610536
TARGET-30-PALWVJ-01,,TCGA Tumor,NB,2.623281207,12.93296378
TCGA-AN-A0FD-01,,TCGA Tumor,BRCA,4.172645297,-1.699089598
TCGA-AN-A0AK-01,,TCGA Tumor,BRCA,5.611089673,-1.691143941
TCGA-85-8048-01,,TCGA Tumor,LUSC,-5.251014743,0.824175109
TCGA-YG-AA3P-06,,TCGA Tumor,SKCM,6.715815988,4.430377413
TCGA-HT-A61B-01,,TCGA Tumor,LGG,1.503868308,-10.16356237
TCGA-D1-A3DA-01,,TCGA Tumor,UCEC,1.453482952,6.595182825
TARGET-10-PANSBR-09,,TCGA Tumor,Target-ALL,-8.290684256,-8.250146459
TCGA-EJ-5505-01,,TCGA Tumor,PRAD,8.969422784,8.290612627
TCGA-FS-A1ZS-06,,TCGA Tumor,SKCM,1.141180005,1.118823815
TCGA-BP-5184-01,,TCGA Tumor,KIRC,6.257185426,-6.831884931
TCGA-B8-5158-01,,TCGA Tumor,KIRC,6.051567998,-5.507029127
TCGA-QQ-A5VB-01,,TCGA Tumor,SARC,1.242208507,1.213862706
TCGA-IB-7897-01,,TCGA Tumor,PAAD,-2.209528479,-1.909419965
TCGA-XU-A92U-01,,TCGA Tumor,THYM,-10.9295688,6.010991503
TCGA-MB-A8JK-01,,TCGA Tumor,SARC,1.301913705,1.691555549
TCGA-AO-A1KS-01,,TCGA Tumor,BRCA,5.375538316,-1.449462723
TCGA-WB-A81V-01,,TCGA Tumor,PCPG,0.155907106,12.8724541
TCGA-AR-A24U-01,,TCGA Tumor,BRCA,4.154746261,-0.950102757
TCGA-B0-4810-01,,TCGA Tumor,KIRC,6.027471509,-5.500388693
TCGA-WR-A838-01,,TCGA Tumor,OV,1.663216915,8.208720614
TCGA-QR-A703-01,,TCGA Tumor,PCPG,0.263563943,12.7666239
TCGA-DK-A3X2-01,,TCGA Tumor,BLCA,-4.019585643,0.258956496
TCGA-E2-A15E-06,,TCGA Tumor,BRCA,5.643112626,-1.63960297
TCGA-DD-AAEA-01,,TCGA Tumor,LIHC,0.87636989,3.940958191
TCGA-L5-A8NI-01,,TCGA Tumor,ESCA,-4.134837184,-3.542653869
TCGA-BP-5195-01,,TCGA Tumor,KIRC,6.164591279,-5.621518205
TCGA-FI-A3PX-01,,TCGA Tumor,UCEC,1.278524604,6.636713434
TCGA-CF-A9FM-01,,TCGA Tumor,BLCA,-3.682713542,0.128347759
TCGA-BR-6710-01,,TCGA Tumor,STAD,-2.740257296,-2.044418644
TCGA-DJ-A3V2-01,,TCGA Tumor,THCA,11.15026042,-0.381651144
TCGA-NC-A5HK-01,,TCGA Tumor,LUSC,-5.134381327,0.720743109
TCGA-CV-6961-01,,TCGA Tumor,HNSC,-5.801906142,0.96284293
TCGA-DJ-A2Q0-01,,TCGA Tumor,THCA,11.30067393,1.0460683
TCGA-44-7662-01,,TCGA Tumor,LUAD,-0.104601953,-2.630387853
TCGA-EE-A20H-06,,TCGA Tumor,SKCM,4.980744806,3.409604717
TCGA-EB-A4P0-01,,TCGA Tumor,SKCM,5.545965638,3.568051983
TCGA-C8-A1HI-01,,TCGA Tumor,BRCA,4.901483503,-1.248441647
TCGA-EA-A5FO-01,,TCGA Tumor,CESC,-5.755833659,1.624332834
TCGA-CU-A0YN-01,,TCGA Tumor,BLCA,-6.45603374,0.376629461
TCGA-R6-A6DN-01,,TCGA Tumor,ESCA,-3.139259133,-2.179046701
TCGA-V1-A8MM-01,,TCGA Tumor,PRAD,8.612850633,8.165308405
TCGA-38-4626-01,,TCGA Tumor,LUAD,-0.579313073,-2.464228939
TCGA-NA-A4R0-01,,TCGA Tumor,UCS,1.369408992,6.679090429
TCGA-CV-7430-01,,TCGA Tumor,HNSC,-6.469307933,1.539437104
TCGA-21-1077-01,,TCGA Tumor,LUSC,-5.334777388,2.420822788
TCGA-D6-6517-01,,TCGA Tumor,HNSC,-6.822200331,0.603119899
TCGA-EF-5831-01,,TCGA Tumor,READ,-5.934445414,-3.670470308
TCGA-E1-A7Z6-01,,TCGA Tumor,LGG,2.282258954,-10.61301668
TCGA-FU-A3HY-01,,TCGA Tumor,CESC,-6.361942324,1.409134079
TCGA-EW-A6SA-01,,TCGA Tumor,BRCA,5.662660566,-1.629607033
TCGA-VS-A8EC-01,,TCGA Tumor,CESC,-5.489192519,2.461065222
TCGA-BH-A0C3-01,,TCGA Tumor,BRCA,3.992528167,-1.736667346
TCGA-13-1506-01,,TCGA Tumor,OV,1.72746655,8.457027842
TCGA-B0-5104-01,,TCGA Tumor,KIRC,6.297780004,-6.784775328
TCGA-AJ-A3EM-01,,TCGA Tumor,UCEC,1.379029062,6.607861448
TCGA-E1-5319-01,,TCGA Tumor,LGG,3.218045678,-10.54927308
TCGA-61-1728-01,,TCGA Tumor,OV,1.644459334,8.100739885
TARGET-30-PAPVRN-01,,TCGA Tumor,NB,2.559993472,12.86439746
TCGA-EA-A5ZD-01,,TCGA Tumor,CESC,-6.260079894,1.58088081
TCGA-E3-A3E3-01,,TCGA Tumor,THCA,11.00175425,-0.580563914
TCGA-AC-A62Y-01,,TCGA Tumor,BRCA,3.89971396,-1.477524709
TCGA-S7-A7WR-01,,TCGA Tumor,PCPG,-0.039223168,13.07921641
TARGET-20-PARXNG-09,,TCGA Tumor,LAML,-3.986897025,-12.23796232
TCGA-D8-A1X9-01,,TCGA Tumor,BRCA,5.663293328,-1.659762572
TCGA-EM-A3AP-01,,TCGA Tumor,THCA,11.53740164,0.847670842
TCGA-D8-A1JD-01,,TCGA Tumor,BRCA,4.455349412,-1.512230586
TCGA-BA-4077-01,,TCGA Tumor,HNSC,-6.094208751,1.602989961
TCGA-YL-A8SB-01,,TCGA Tumor,PRAD,9.275822129,8.015777517
TARGET-30-PARACM-01,,TCGA Tumor,NB,2.752933231,13.00928824
TCGA-CG-5734-01,,TCGA Tumor,STAD,-3.758837733,-3.679391931
TCGA-E9-A1RD-01,,TCGA Tumor,BRCA,5.337964502,-1.345833491
TCGA-FF-A7CR-01,,TCGA Tumor,DLBC,-8.583699736,6.9264354
TCGA-D9-A4Z3-01,,TCGA Tumor,SKCM,5.579081502,3.728530098
TCGA-L5-A88V-01,,TCGA Tumor,ESCA,-3.727895293,-3.316592287
TCGA-E2-A15R-01,,TCGA Tumor,BRCA,5.9720225,-1.645456504
TCGA-PC-A5DO-01,,TCGA Tumor,SARC,1.877069917,1.520504285
TCGA-CU-A3YL-01,,TCGA Tumor,BLCA,-3.632405791,0.102585361
TCGA-ZF-A9R3-01,,TCGA Tumor,BLCA,-3.620595488,-0.015815768
TCGA-PD-A5DF-01,,TCGA Tumor,LIHC,0.759356942,3.88530295
TCGA-LN-A8I1-01,,TCGA Tumor,ESCA,-5.296027217,1.841100503
TCGA-HC-7212-01,,TCGA Tumor,PRAD,7.845238176,8.986534525
TCGA-55-1596-01,,TCGA Tumor,LUAD,-1.200604591,-2.269464086
TCGA-EL-A3H7-01,,TCGA Tumor,THCA,10.97593638,-0.27170242
TCGA-E9-A1N3-01,,TCGA Tumor,BRCA,5.840617624,-1.624087762
TCGA-LN-A4A5-01,,TCGA Tumor,ESCA,-5.488646064,0.731748034
TCGA-YL-A8S9-01,,TCGA Tumor,PRAD,8.390332666,8.245351244
TCGA-CH-5761-01,,TCGA Tumor,PRAD,8.230462995,8.421578814
TCGA-4J-AA1J-01,,TCGA Tumor,CESC,-6.07129148,1.427588869
TCGA-QR-A707-01,,TCGA Tumor,PCPG,-0.061021778,13.10074942
TCGA-IN-A6RI-01,,TCGA Tumor,STAD,-3.898880038,-3.613429617
TCGA-A6-2684-01,,TCGA Tumor,COAD,-4.538751159,-3.390968632
TCGA-86-6851-01,,TCGA Tumor,LUAD,-0.144864056,-2.954771828
TCGA-PL-A8LV-01,,TCGA Tumor,BRCA,0.945460167,-1.595442365
TCGA-KV-A74V-01,,TCGA Tumor,KIRP,-0.890167508,7.717411925
TCGA-DU-6392-01,,TCGA Tumor,LGG,1.63863596,-9.203934263
TCGA-ER-A2ND-06,,TCGA Tumor,SKCM,5.972084012,3.550232817
TCGA-QH-A6CU-01,,TCGA Tumor,LGG,2.346588817,-10.60710771
TARGET-50-PAKGED-01,,TCGA Tumor,WT,-4.203257594,7.141143252
TCGA-B4-5377-01,,TCGA Tumor,KIRC,6.302227941,-6.804818701
TCGA-LP-A4AV-01,,TCGA Tumor,CESC,-6.380616221,0.248707626
TCGA-BP-4960-01,,TCGA Tumor,KIRC,6.249068227,-5.57704265
TCGA-56-8622-01,,TCGA Tumor,LUSC,-6.001096282,0.950833489
TCGA-N7-A4Y8-01,,TCGA Tumor,UCS,0.568708521,1.112470437
TCGA-GM-A3XL-01,,TCGA Tumor,BRCA,0.565518272,-1.377105545
TARGET-20-PARCZL-09,,TCGA Tumor,LAML,-4.799313578,-11.38772447
TCGA-DD-A3A4-01,,TCGA Tumor,LIHC,1.006814149,4.183485438
TCGA-85-7950-01,,TCGA Tumor,LUSC,-5.182897124,1.09595697
TARGET-20-PARCZL-04,,TCGA Tumor,LAML,-4.705205474,-11.43182046
TCGA-VR-AA4D-01,,TCGA Tumor,ESCA,-4.75161222,-2.954654526
TCGA-ED-A7XP-01,,TCGA Tumor,LIHC,0.94971582,4.039279629
TCGA-3R-A8YX-01,,TCGA Tumor,SARC,1.158510592,1.18283527
TCGA-P8-A5KC-01,,TCGA Tumor,PCPG,0.160088759,12.86383002
TCGA-64-5775-01,,TCGA Tumor,LUAD,1.112081435,1.144440461
TCGA-A2-A0T2-01,,TCGA Tumor,BRCA,0.91790798,-1.502837252
TCGA-L5-A893-01,,TCGA Tumor,ESCA,-4.293802295,-2.771918606
TCGA-HV-AA8V-01,,TCGA Tumor,PAAD,-3.030310902,-2.601941418
TCGA-VW-A8FI-01,,TCGA Tumor,LGG,1.239964571,-9.926559042
TCGA-WC-A881-01,,TCGA Tumor,UVM,6.694688287,4.413006712
TCGA-61-1733-01,,TCGA Tumor,OV,1.482766953,7.827536513
TCGA-HT-A74L-01,,TCGA Tumor,LGG,2.906007972,-10.56506021
TCGA-D3-A3CC-06,,TCGA Tumor,SKCM,5.989887204,3.626467873
TCGA-CZ-5462-01,,TCGA Tumor,KIRC,6.128660646,-5.552583765
TCGA-HU-8238-01,,TCGA Tumor,STAD,-3.778480086,-3.710444282
TCGA-2A-A8W3-01,,TCGA Tumor,PRAD,8.50911757,8.181320597
TCGA-EL-A3H4-01,,TCGA Tumor,THCA,11.03228518,-0.500656735
TCGA-EL-A3GV-01,,TCGA Tumor,THCA,11.09913394,-0.452234637
TCGA-CM-6165-01,,TCGA Tumor,COAD,-6.035219703,-3.765372824
TCGA-UF-A7JS-01,,TCGA Tumor,HNSC,-6.299492869,0.131502871
TCGA-BR-6705-01,,TCGA Tumor,STAD,-2.324023042,-1.84688599
TCGA-KL-8329-01,,TCGA Tumor,KICH,-3.562652144,5.104208399
TCGA-HQ-A2OE-01,,TCGA Tumor,BLCA,-3.588568244,0.179729868
TCGA-CC-5259-01,,TCGA Tumor,LIHC,0.459200491,3.594904114
TCGA-HC-A6HX-01,,TCGA Tumor,PRAD,9.271177736,8.105403353
TCGA-CD-8524-01,,TCGA Tumor,STAD,-3.243139777,-2.533684801
TCGA-V1-A9O5-06,,TCGA Tumor,PRAD,9.308758226,8.019678045
TCGA-V1-A9O5-01,,TCGA Tumor,PRAD,9.322739091,8.02821057
TCGA-BH-A18N-01,,TCGA Tumor,BRCA,5.455026117,-1.521016787
TCGA-B6-A0RO-01,,TCGA Tumor,BRCA,4.693222013,-1.279003571
TCGA-A3-A6NI-01,,TCGA Tumor,KIRC,6.107410875,-5.796120237
TCGA-EL-A4K4-01,,TCGA Tumor,THCA,11.02346369,-0.345196973
TCGA-ZG-A9LZ-01,,TCGA Tumor,PRAD,7.861338105,9.014347483
TCGA-DJ-A1QN-01,,TCGA Tumor,THCA,11.06412455,-0.459147166
TCGA-CJ-4884-01,,TCGA Tumor,KIRC,5.99270865,-6.256545614
TCGA-KM-8441-01,,TCGA Tumor,KICH,-3.490033421,5.050284792
TCGA-25-1323-01,,TCGA Tumor,OV,1.466374483,7.857245852
TCGA-D8-A27R-01,,TCGA Tumor,BRCA,5.563323465,-1.723074387
TCGA-14-1402-02,,TCGA Tumor,GBM,1.2595835,-9.393597196
TCGA-2G-AALQ-01,,TCGA Tumor,TGCT,-4.873702082,-1.876937221
TCGA-44-7667-01,,TCGA Tumor,LUAD,-0.896806631,-1.795283626
TCGA-DX-A23Z-01,,TCGA Tumor,SARC,1.444926467,1.23978727
TCGA-B9-5155-01,,TCGA Tumor,KIRP,-0.850682411,7.65216725
TCGA-AO-A0J9-01,,TCGA Tumor,BRCA,3.320287671,-1.291093301
TCGA-EA-A43B-01,,TCGA Tumor,CESC,-5.287550006,0.719015289
TCGA-P5-A5EZ-01,,TCGA Tumor,LGG,2.277397361,-10.93006761
TCGA-P4-A5E6-01,,TCGA Tumor,KIRP,-0.850542102,7.669411589
TCGA-SX-A71W-01,,TCGA Tumor,KIRP,-0.864377293,7.699464728
TCGA-38-4629-01,,TCGA Tumor,LUAD,0.079792168,-2.523569893
TCGA-75-6212-01,,TCGA Tumor,LUAD,-0.172484133,-2.67008264
TCGA-A6-6780-01,,TCGA Tumor,COAD,-4.65479568,-3.314244579
TCGA-QK-A8ZB-01,,TCGA Tumor,HNSC,-6.576936755,0.532338459
TCGA-TS-A8AV-01,,TCGA Tumor,MESO,-0.015830073,1.413398791
TCGA-CM-6677-01,,TCGA Tumor,COAD,-6.079267058,-3.744951795
TCGA-CN-6011-01,,TCGA Tumor,HNSC,-6.621620211,0.524248381
TCGA-E9-A1NA-01,,TCGA Tumor,BRCA,5.587542501,-1.695934128
TCGA-MG-AAMC-01,,TCGA Tumor,PRAD,7.7099013,9.208558489
TCGA-ZB-A96D-01,,TCGA Tumor,THYM,-10.9432731,5.971126486
TCGA-ZU-A8S4-01,,TCGA Tumor,CHOL,-0.121353659,3.01069491
TCGA-DD-A3A8-01,,TCGA Tumor,LIHC,1.331545022,3.862351109
TCGA-B0-4713-01,,TCGA Tumor,KIRC,5.94550797,-5.861944269
TCGA-E2-A1IJ-01,,TCGA Tumor,BRCA,4.664623704,-1.544159125
TCGA-13-1408-01,,TCGA Tumor,OV,1.325779584,7.69627421
TCGA-FS-A1ZA-06,,TCGA Tumor,SKCM,5.063983884,3.41763847
TCGA-86-8281-01,,TCGA Tumor,LUAD,-1.191371116,-2.281199287
TCGA-25-1877-01,,TCGA Tumor,OV,1.217569854,7.724936415
TCGA-BP-4337-01,,TCGA Tumor,KIRC,6.220311132,-5.354595255
TCGA-B7-5818-01,,TCGA Tumor,STAD,-3.598219428,-3.160031628
TCGA-3G-AB19-01,,TCGA Tumor,THYM,-11.06926588,5.884039808
TCGA-BJ-A28Z-01,,TCGA Tumor,THCA,10.91661021,-0.253776323
TCGA-B9-A69E-01,,TCGA Tumor,KIRP,5.632533517,-5.208001684
TCGA-W3-A825-06,,TCGA Tumor,SKCM,4.964962926,3.404228617
TCGA-4A-A93X-01,,TCGA Tumor,KIRP,5.573109594,-5.191181253
TCGA-S9-A89Z-01,,TCGA Tumor,LGG,2.21277031,-10.95497758
TCGA-UB-A7MD-01,,TCGA Tumor,LIHC,1.059824016,4.108770777
TARGET-30-PANJLH-01,,TCGA Tumor,NB,2.626283851,12.8775801
TCGA-EM-A3AQ-01,,TCGA Tumor,THCA,11.59882018,0.134024535
TCGA-NC-A5HG-01,,TCGA Tumor,LUSC,-6.080274138,2.036435891
TCGA-B0-4814-01,,TCGA Tumor,KIRC,6.270657506,-6.848441671
TCGA-N9-A4PZ-01,,TCGA Tumor,UCS,1.629915443,7.746186186
TCGA-BH-A209-01,,TCGA Tumor,BRCA,4.078757014,-1.591715645
TCGA-ET-A25R-01,,TCGA Tumor,THCA,11.01047083,-0.487533103
TCGA-IM-A3U3-01,,TCGA Tumor,THCA,11.06720873,-0.539757203
TCGA-EM-A22N-01,,TCGA Tumor,THCA,11.34096476,0.98721676
TCGA-DA-A3F2-06,,TCGA Tumor,SKCM,1.214873877,1.092394997
TCGA-S9-A6TZ-01,,TCGA Tumor,LGG,2.37982842,-10.58710439
TCGA-FG-5963-01,,TCGA Tumor,LGG,1.420863595,-9.091538023
TCGA-IF-A3RQ-01,,TCGA Tumor,SARC,1.38471308,1.555053044
TCGA-FG-5963-02,,TCGA Tumor,LGG,1.572170344,-9.17740209
TCGA-DY-A1DE-01,,TCGA Tumor,READ,-6.157375369,-3.714732956
TCGA-OR-A5JR-01,,TCGA Tumor,ACC,-3.471385035,-8.620698522
TCGA-EM-A2CS-06,,TCGA Tumor,THCA,11.61211249,0.108878043
TCGA-E2-A1AZ-01,,TCGA Tumor,BRCA,0.2037162,-1.864830922
TCGA-V4-A9EU-01,,TCGA Tumor,UVM,6.734681096,4.444694449
TCGA-EM-A2CS-01,,TCGA Tumor,THCA,11.57535121,0.10417942
TCGA-X6-A7WC-01,,TCGA Tumor,SARC,1.292090979,1.24803095
TCGA-CG-4460-01,,TCGA Tumor,STAD,-4.154365573,-3.361547064
TCGA-KK-A7AV-01,,TCGA Tumor,PRAD,9.285879579,8.054830004
TCGA-13-0727-01,,TCGA Tumor,OV,1.319719162,7.851061751
TCGA-AN-A0FK-01,,TCGA Tumor,BRCA,4.574672189,-1.226451944
TCGA-56-A4ZJ-01,,TCGA Tumor,LUSC,-5.75476459,0.970993866
TCGA-EE-A2MH-06,,TCGA Tumor,SKCM,5.252122846,3.636727501
TCGA-44-6148-01,,TCGA Tumor,LUAD,-0.59830657,-2.565320085
TCGA-VQ-A8PD-01,,TCGA Tumor,STAD,-4.195648227,-3.644054722
TCGA-BR-8590-01,,TCGA Tumor,STAD,-3.787066493,-3.713133406
TCGA-BA-6873-01,,TCGA Tumor,HNSC,-6.827228579,0.723434974
TCGA-ET-A4KN-01,,TCGA Tumor,THCA,11.04770896,-0.470832359
TCGA-HT-A61A-01,,TCGA Tumor,LGG,2.804366555,-9.716471266
TCGA-HZ-8005-01,,TCGA Tumor,PAAD,-3.178638491,-2.452192377
TCGA-S9-A7IQ-01,,TCGA Tumor,LGG,2.79797956,-9.70980699
TCGA-EJ-5498-01,,TCGA Tumor,PRAD,7.715263334,9.211071421
TCGA-DO-A2HM-01,,TCGA Tumor,THCA,10.93379065,-0.376927238
TCGA-2H-A9GO-01,,TCGA Tumor,ESCA,-4.01249269,-3.645221065
TCGA-FP-8211-01,,TCGA Tumor,STAD,-3.352095637,-3.020990204
TCGA-D3-A8GN-06,,TCGA Tumor,SKCM,5.312802758,3.604031969
TCGA-S9-A89V-01,,TCGA Tumor,LGG,1.415476289,-9.083076071
TARGET-50-PAJMXF-01,,TCGA Tumor,WT,-4.634768519,7.767656733
TCGA-V4-A9ET-01,,TCGA Tumor,UVM,6.702738252,4.418687273
TCGA-G3-AAV4-01,,TCGA Tumor,LIHC,1.343012836,3.882932354
TCGA-2Y-A9GZ-01,,TCGA Tumor,LIHC,0.91576561,4.239286352
TARGET-30-PARZHA-01,,TCGA Tumor,NB,2.671400991,12.92354624
TCGA-A2-A0YI-01,,TCGA Tumor,BRCA,4.336341109,-1.344626616
TCGA-EJ-7315-01,,TCGA Tumor,PRAD,7.882112947,8.916061808
TCGA-DK-AA6M-01,,TCGA Tumor,BLCA,-5.301349673,0.769992162
TCGA-DB-A64W-01,,TCGA Tumor,LGG,2.809169498,-9.725760053
TCGA-B0-5097-01,,TCGA Tumor,KIRC,6.184330907,-5.283251833
TCGA-V1-A9OY-01,,TCGA Tumor,PRAD,7.747746434,9.175424029
TCGA-CV-7433-01,,TCGA Tumor,HNSC,-6.366372618,0.646667172
TCGA-FG-A4MX-01,,TCGA Tumor,LGG,2.329540696,-10.94978197
TCGA-CF-A47Y-01,,TCGA Tumor,BLCA,-3.678000006,0.164851439
TCGA-EJ-AB27-01,,TCGA Tumor,PRAD,9.260849443,8.198197771
TARGET-10-PANRWG-09,,TCGA Tumor,Target-ALL,-8.408785376,-8.361853193
TCGA-D8-A1XO-01,,TCGA Tumor,BRCA,4.293482032,-1.536189269
TCGA-EE-A2M6-06,,TCGA Tumor,SKCM,5.261142221,3.509154965
TCGA-P5-A72Z-01,,TCGA Tumor,LGG,3.134092059,-10.53219755
TCGA-HT-8114-01,,TCGA Tumor,LGG,2.274123755,-10.97762353
TCGA-ER-A19C-06,,TCGA Tumor,SKCM,5.926243749,3.499717165
TCGA-34-A5IX-01,,TCGA Tumor,LUSC,-5.865687403,0.965323795
TCGA-HC-7747-01,,TCGA Tumor,PRAD,7.85273644,9.027997423
TARGET-30-PAPVEB-04,,TCGA Tumor,NB,2.64655849,12.89680522
TCGA-06-2563-01,,TCGA Tumor,GBM,1.368356433,-9.437546324
TCGA-D7-6817-01,,TCGA Tumor,STAD,-3.725590262,-3.573927473
TCGA-BT-A3PH-01,,TCGA Tumor,BLCA,-3.596017155,-0.033560257
TCGA-AB-2929-03,,TCGA Tumor,LAML,-5.029243979,-11.55249364
TCGA-EO-A3KU-01,,TCGA Tumor,UCEC,1.254646864,6.716086794
TCGA-DX-A48U-01,,TCGA Tumor,SARC,1.963178482,1.545745898
TCGA-F7-A620-01,,TCGA Tumor,HNSC,-6.828825507,0.687027324
TCGA-CZ-4858-01,,TCGA Tumor,KIRC,6.13865849,-5.343957018
TCGA-S7-A7WQ-01,,TCGA Tumor,PCPG,0.233247783,12.79005854
TCGA-23-1107-01,,TCGA Tumor,OV,1.835356083,8.324575831
TCGA-EL-A3D5-01,,TCGA Tumor,THCA,11.59534308,0.779227067
TCGA-LN-A4A1-01,,TCGA Tumor,ESCA,-6.579826865,0.50635593
TARGET-20-PANAEV-09,,TCGA Tumor,LAML,-5.484212909,-12.43797166
TCGA-AZ-6607-01,,TCGA Tumor,COAD,-3.419861111,-2.402899574
TCGA-B0-4945-01,,TCGA Tumor,KIRC,6.358276334,-6.619999956
TCGA-CC-A9FS-01,,TCGA Tumor,LIHC,0.339906402,3.511046578
TCGA-G3-A7M6-01,,TCGA Tumor,LIHC,0.211778012,3.415798594
TCGA-AR-A0TT-01,,TCGA Tumor,BRCA,5.607199636,-1.696234893
TCGA-UF-A7JD-01,,TCGA Tumor,HNSC,-6.052004847,0.319311817
TCGA-A8-A0A4-01,,TCGA Tumor,BRCA,3.942981448,-1.663396667
TCGA-HU-A4G6-01,,TCGA Tumor,STAD,-3.905753646,-3.546992134
TCGA-L5-A43H-01,,TCGA Tumor,ESCA,-5.415728602,2.258896042
TCGA-CX-A4AQ-01,,TCGA Tumor,HNSC,-5.228592429,0.920308698
TCGA-CH-5743-01,,TCGA Tumor,PRAD,9.204634156,8.142850329
TCGA-ET-A2MY-01,,TCGA Tumor,THCA,11.00694319,-0.552158009
TCGA-N9-A4Q7-01,,TCGA Tumor,UCS,0.330027867,-1.514169763
TCGA-HZ-A9TJ-01,,TCGA Tumor,PAAD,-3.233753714,-2.72329409
TCGA-AS-3778-01,,TCGA Tumor,KIRC,6.146356073,-5.968817781
TCGA-58-8387-01,,TCGA Tumor,LUSC,-5.329243216,1.464024473
TCGA-E2-A576-01,,TCGA Tumor,BRCA,4.037868705,-1.789914321
TCGA-XU-AAXY-01,,TCGA Tumor,THYM,-10.9499946,5.998697687
TCGA-97-8179-01,,TCGA Tumor,LUAD,-0.644365701,-2.831846308
TCGA-EK-A2RL-01,,TCGA Tumor,CESC,-3.286240849,-2.786729406
TCGA-AC-A8OS-01,,TCGA Tumor,BRCA,3.903579202,-1.662453245
TCGA-CF-A3MH-01,,TCGA Tumor,BLCA,-3.686142001,0.134481673
TCGA-XU-AAY1-01,,TCGA Tumor,THYM,-10.85710004,6.067860533
TCGA-FC-A5OB-01,,TCGA Tumor,PRAD,8.403253999,8.251713205
TCGA-15-1444-01,,TCGA Tumor,GBM,2.108921375,-10.70541532
TCGA-24-2271-01,,TCGA Tumor,OV,1.706263271,8.330924441
TCGA-BR-A4IZ-01,,TCGA Tumor,STAD,-1.650155339,-1.890942644
TCGA-32-4213-01,,TCGA Tumor,GBM,1.283539918,-9.027683805
TCGA-WB-A822-01,,TCGA Tumor,PCPG,0.307183173,12.71912234
TCGA-AB-2936-03,,TCGA Tumor,LAML,-4.972092185,-11.5195585
TCGA-HT-7881-01,,TCGA Tumor,LGG,2.837759223,-9.763233732
TARGET-10-PAPDKJ-09,,TCGA Tumor,Target-ALL,-8.375959906,-8.33350427
TCGA-QT-A5XO-01,,TCGA Tumor,PCPG,0.036597815,13.00085871
TCGA-T3-A92N-01,,TCGA Tumor,HNSC,-5.781960521,1.09551685
TCGA-WE-A8K1-06,,TCGA Tumor,SKCM,5.94161984,3.604005028
TCGA-EE-A2GD-06,,TCGA Tumor,SKCM,5.159208741,3.462498594
TCGA-BP-4963-01,,TCGA Tumor,KIRC,6.231944051,-6.773972105
TCGA-DD-A39Z-01,,TCGA Tumor,LIHC,0.768608597,3.787168671
TCGA-W5-AA2T-01,,TCGA Tumor,CHOL,-0.104853902,3.02828591
TCGA-CN-A49C-01,,TCGA Tumor,HNSC,-6.095040831,2.271617342
TCGA-DE-A4MB-01,,TCGA Tumor,THCA,10.97586104,-0.330072026
TCGA-21-5786-01,,TCGA Tumor,LUSC,-5.684632811,1.280611921
TCGA-EL-A3GZ-01,,TCGA Tumor,THCA,11.51410624,-0.009657491
TCGA-CH-5762-01,,TCGA Tumor,PRAD,8.470993486,8.255136896
TCGA-RC-A6M5-01,,TCGA Tumor,LIHC,1.017934647,4.164563109
TCGA-EK-A3GM-01,,TCGA Tumor,CESC,-3.78507236,-3.393591474
TCGA-D8-A1X7-01,,TCGA Tumor,BRCA,4.115678754,-1.420373033
TCGA-BR-4357-01,,TCGA Tumor,STAD,-3.693156276,-2.99049313
TCGA-CF-A27C-01,,TCGA Tumor,BLCA,-3.6992102,0.124804508
TCGA-2G-AAG7-01,,TCGA Tumor,TGCT,-1.691936049,5.190543104
TCGA-5C-A9VG-01,,TCGA Tumor,LIHC,0.346652255,3.497900654
TCGA-94-8490-01,,TCGA Tumor,LUSC,-6.070966754,2.407456089
TCGA-06-0187-01,,TCGA Tumor,GBM,1.394482699,-9.333928655
TCGA-BT-A2LA-01,,TCGA Tumor,BLCA,-1.252937112,-0.618865501
TCGA-J9-A52D-01,,TCGA Tumor,PRAD,8.357389894,8.303313662
TCGA-19-1390-01,,TCGA Tumor,GBM,1.953542795,-9.837096762
TCGA-29-2428-01,,TCGA Tumor,OV,1.528862801,7.838143278
TCGA-BK-A0CC-01,,TCGA Tumor,UCEC,-4.526960406,-3.270326446
TCGA-QH-A65V-01,,TCGA Tumor,LGG,2.969123092,-10.54632909
TCGA-60-2725-01,,TCGA Tumor,LUSC,-5.349571261,0.883940328
TCGA-SR-A6MR-01,,TCGA Tumor,PCPG,0.20905703,12.81714194
TCGA-AC-A2FM-01,,TCGA Tumor,BRCA,5.535162416,-1.621608924
TCGA-BP-4789-01,,TCGA Tumor,KIRC,6.342145887,-5.865122389
TCGA-VS-A9UC-01,,TCGA Tumor,CESC,-6.397710357,1.714483906
TCGA-RT-A6YA-01,,TCGA Tumor,PCPG,0.228886452,12.79701846
TCGA-G4-6322-01,,TCGA Tumor,COAD,-4.991172824,-3.721839737
TCGA-DD-AADK-01,,TCGA Tumor,LIHC,0.648677942,3.695711304
TCGA-FB-AAPY-01,,TCGA Tumor,PAAD,-2.917582068,-2.599321913
TCGA-G2-AA3F-01,,TCGA Tumor,BLCA,-3.580007825,-0.208806675
TCGA-85-7697-01,,TCGA Tumor,LUSC,-6.101998839,2.274625231
TCGA-DM-A28H-01,,TCGA Tumor,COAD,-6.141532931,-3.702557396
TARGET-20-PAEIKD-04,,TCGA Tumor,LAML,-3.856328044,-12.36821706
TARGET-30-PAPBGH-01,,TCGA Tumor,NB,2.643204417,12.89108889
TCGA-EL-A3GY-01,,TCGA Tumor,THCA,11.14831301,-0.324379842
TCGA-ET-A3BU-01,,TCGA Tumor,THCA,11.46424624,-0.061516251
TCGA-G3-A5SL-01,,TCGA Tumor,LIHC,1.334449198,3.838805128
TCGA-CN-6995-01,,TCGA Tumor,HNSC,-6.500442061,1.036739577
TCGA-E1-5303-01,,TCGA Tumor,LGG,2.235709872,-10.78277166
TCGA-FD-A5BZ-01,,TCGA Tumor,BLCA,-3.880252871,-0.659122537
TCGA-ER-A19H-06,,TCGA Tumor,SKCM,5.34690949,3.650992323
TCGA-ZM-AA06-01,,TCGA Tumor,TGCT,-1.692620549,5.192701746
TCGA-S9-A7QX-01,,TCGA Tumor,LGG,2.275052633,-11.00581796
TCGA-3H-AB3L-01,,TCGA Tumor,MESO,-0.146795366,1.532062341
TCGA-N9-A4Q3-01,,TCGA Tumor,UCS,0.867841598,6.952917029
TCGA-Z6-A8JE-01,,TCGA Tumor,ESCA,-5.359138045,1.157837917
TCGA-IB-AAUO-01,,TCGA Tumor,PAAD,-3.162332806,-2.708087276
TCGA-CD-A4MH-01,,TCGA Tumor,STAD,-4.910418067,-1.955206465
TCGA-DC-5869-01,,TCGA Tumor,READ,-6.036083255,-3.72801597
TCGA-HW-7495-01,,TCGA Tumor,LGG,2.824644771,-9.752947401
TCGA-S7-A7X2-01,,TCGA Tumor,PCPG,-0.03429288,13.07354109
TCGA-KS-A41L-01,,TCGA Tumor,THCA,11.54702326,0.825672735
TCGA-44-7669-01,,TCGA Tumor,LUAD,-1.173927698,-1.063391398
TCGA-A6-A565-01,,TCGA Tumor,COAD,-5.496739898,-3.694371532
TCGA-FP-8631-01,,TCGA Tumor,STAD,-3.224801097,-2.860806059
TCGA-25-1320-01,,TCGA Tumor,OV,1.508871761,7.740168501
TCGA-E9-A1NF-01,,TCGA Tumor,BRCA,3.352545705,-1.283074926
TCGA-UF-A7JO-01,,TCGA Tumor,HNSC,-5.31068376,2.411215473
TCGA-CJ-6033-01,,TCGA Tumor,KIRC,6.180583921,-5.30954368
TCGA-5P-A9JV-01,,TCGA Tumor,KIRP,6.099018064,-5.784205984
TCGA-CV-7177-01,,TCGA Tumor,HNSC,-5.927682433,1.139511992
TCGA-DD-A11A-01,,TCGA Tumor,LIHC,0.890765187,4.228326727
TCGA-66-2781-01,,TCGA Tumor,LUSC,-5.340085063,2.263145615
TCGA-ER-A19L-06,,TCGA Tumor,SKCM,5.194021669,3.613974024
TCGA-77-7139-01,,TCGA Tumor,LUSC,-5.453952346,2.497241903
TCGA-EW-A1PG-01,,TCGA Tumor,BRCA,1.261245337,-1.070179175
TCGA-EM-A4FM-01,,TCGA Tumor,THCA,10.94315859,-0.253234725
TCGA-58-8392-01,,TCGA Tumor,LUSC,-5.519538913,2.508235384
TCGA-L6-A4ET-01,,TCGA Tumor,THCA,11.50414034,-0.007670961
TCGA-WE-A8K6-06,,TCGA Tumor,SKCM,5.011759248,3.414641548
TCGA-IP-7968-01,,TCGA Tumor,STAD,-3.555834088,-3.300265383
TARGET-21-PATHIU-09,,TCGA Tumor,LAML,-5.31604198,-12.34647233
TCGA-AB-2810-03,,TCGA Tumor,LAML,-4.233160529,-11.9648977
TCGA-RW-A681-01,,TCGA Tumor,PCPG,-0.009522739,13.05079405
TCGA-XE-AANR-01,,TCGA Tumor,TGCT,-1.901297841,5.435684611
TCGA-DE-A0Y3-01,,TCGA Tumor,THCA,10.98860499,-0.586487304
TCGA-E2-A1LA-01,,TCGA Tumor,BRCA,4.016784158,-1.888796281
TCGA-BB-A5HZ-01,,TCGA Tumor,HNSC,-6.403653655,0.940607537
TCGA-QR-A70M-01,,TCGA Tumor,PCPG,-0.104878459,13.14574759
TCGA-QR-A6H3-01,,TCGA Tumor,PCPG,0.249724713,12.76885169
TCGA-AJ-A8CV-01,,TCGA Tumor,UCEC,1.496378389,6.487667967
TCGA-EM-A22I-01,,TCGA Tumor,THCA,11.04045722,-0.463552426
TCGA-UY-A8OB-01,,TCGA Tumor,BLCA,-5.327235255,0.73565029
TCGA-K4-A5RJ-01,,TCGA Tumor,BLCA,0.654573914,0.493279893
TCGA-A2-A0T4-01,,TCGA Tumor,BRCA,3.963527885,-1.781165313
TCGA-UF-A7JK-01,,TCGA Tumor,HNSC,-6.806050334,0.721768011
TCGA-P7-A5NY-05,,TCGA Tumor,PCPG,0.031463739,13.00565093
TCGA-X7-A8M3-01,,TCGA Tumor,THYM,-11.01789049,5.92067473
TCGA-BI-A0VS-01,,TCGA Tumor,CESC,-5.900768313,0.946014334
TCGA-BJ-A28R-01,,TCGA Tumor,THCA,10.99411723,-0.575140606
TCGA-EE-A3J3-06,,TCGA Tumor,SKCM,5.525532689,3.488981177
TCGA-A6-A56B-01,,TCGA Tumor,COAD,-5.901318583,-3.520229172
TCGA-B0-5702-01,,TCGA Tumor,KIRC,0.878877249,6.697223116
TCGA-BP-5191-01,,TCGA Tumor,KIRC,6.175756898,-5.778970789
TCGA-EE-A2A5-06,,TCGA Tumor,SKCM,5.183108297,3.543380667
TCGA-2G-AAGE-01,,TCGA Tumor,TGCT,-1.712068591,5.210152556
TCGA-43-6773-01,,TCGA Tumor,LUSC,-5.317054305,0.828462649
TCGA-B0-4837-01,,TCGA Tumor,KIRC,6.146450486,-5.330070089
TARGET-20-PASGGK-03,,TCGA Tumor,LAML,-3.862847361,-12.34962137
TCGA-CV-A45V-01,,TCGA Tumor,HNSC,-6.572844062,0.350386609
TCGA-TQ-A8XE-02,,TCGA Tumor,LGG,2.252986994,-10.93400247
TCGA-TQ-A8XE-01,,TCGA Tumor,LGG,2.907214608,-10.61314542
TCGA-BQ-7059-01,,TCGA Tumor,KIRP,-0.908573422,7.713591982
TCGA-DK-AA75-01,,TCGA Tumor,BLCA,-3.573041711,-0.514016699
TARGET-20-PALGKX-04,,TCGA Tumor,LAML,-5.51558784,-12.43128641
TCGA-IS-A3K7-01,,TCGA Tumor,SARC,1.26116499,1.123825003
TCGA-WB-A80O-01,,TCGA Tumor,PCPG,-0.009820882,13.05021613
TCGA-49-4494-01,,TCGA Tumor,LUAD,-0.430010114,-3.026161503
TCGA-49-6745-01,,TCGA Tumor,LUAD,-0.224296305,-3.147761654
TCGA-KL-8333-01,,TCGA Tumor,KICH,-3.532060656,5.085640837
TCGA-2A-A8VO-01,,TCGA Tumor,PRAD,8.975923982,8.234671999
TCGA-DD-AAD0-01,,TCGA Tumor,LIHC,1.318462517,3.877710034
TARGET-20-PALGKX-09,,TCGA Tumor,LAML,-4.322072062,-11.93299158
TCGA-F7-A61S-01,,TCGA Tumor,HNSC,-6.872654948,0.660477806
TCGA-YS-A95C-01,,TCGA Tumor,MESO,-0.113088641,1.498304416
TCGA-A8-A07Z-01,,TCGA Tumor,BRCA,5.331370321,-1.572092127
TCGA-G9-6378-01,,TCGA Tumor,PRAD,9.311588731,8.161967684
TCGA-CZ-4854-01,,TCGA Tumor,KIRC,6.137650933,-5.487341951
TCGA-IA-A83S-01,,TCGA Tumor,KIRP,-0.92108253,7.745958258
TCGA-S7-A7WU-01,,TCGA Tumor,PCPG,0.120472785,12.90959971
TCGA-FE-A3PA-01,,TCGA Tumor,THCA,11.38522192,0.405427982
TCGA-BH-A0AZ-01,,TCGA Tumor,BRCA,3.275212255,-1.277705144
TCGA-F2-6880-01,,TCGA Tumor,PAAD,-0.99796525,-1.592313598
TCGA-VM-A8CB-01,,TCGA Tumor,LGG,3.097105947,-10.52374513
TCGA-96-8169-01,,TCGA Tumor,LUSC,-5.328893695,1.897829581
TCGA-DD-AAVS-01,,TCGA Tumor,LIHC,0.418819534,3.548989226
TCGA-KK-A6E1-01,,TCGA Tumor,PRAD,7.938644853,8.812775065
TCGA-BR-6709-01,,TCGA Tumor,STAD,2.841551271,-1.107945036
TCGA-29-2427-01,,TCGA Tumor,OV,1.026468184,-0.563969504
TCGA-BR-7959-01,,TCGA Tumor,STAD,-5.028083834,-3.100746702
TCGA-AN-A0FT-01,,TCGA Tumor,BRCA,4.259423223,-1.282992791
TCGA-CN-A6V7-01,,TCGA Tumor,HNSC,-6.021132502,2.377756525
TCGA-73-7499-01,,TCGA Tumor,LUAD,-0.339144919,-2.936784338
TCGA-43-6770-01,,TCGA Tumor,LUSC,-5.373251948,2.320426632
TCGA-XF-A9SY-01,,TCGA Tumor,BLCA,-5.294761214,0.724344124
TCGA-EM-A1CV-01,,TCGA Tumor,THCA,11.58497664,0.135845866
TCGA-J7-A8I2-01,,TCGA Tumor,KIRP,-3.692089114,0.173971992
TCGA-D7-A4YU-01,,TCGA Tumor,STAD,-4.429106746,-3.440307211
TCGA-CF-A8HX-01,,TCGA Tumor,BLCA,-3.683033023,0.157901142
TCGA-DH-A66F-01,,TCGA Tumor,LGG,2.911029783,-10.55108125
TCGA-R6-A6KZ-01,,TCGA Tumor,ESCA,-4.91780189,-1.962603401
TCGA-AA-3495-01,,TCGA Tumor,COAD,-5.853839431,-3.683318209
TCGA-BH-A0DS-01,,TCGA Tumor,BRCA,3.954324928,-1.509081553
TCGA-A6-5665-01,,TCGA Tumor,COAD,-4.449996028,-3.471221756
TCGA-HT-7694-01,,TCGA Tumor,LGG,2.823592868,-9.748523306
TCGA-E9-A1R5-01,,TCGA Tumor,BRCA,3.476583209,-1.294046234
TCGA-E9-A243-01,,TCGA Tumor,BRCA,1.040522602,-1.25989766
TCGA-HB-A3YV-01,,TCGA Tumor,SARC,1.239427593,1.694653321
TCGA-78-7158-01,,TCGA Tumor,LUAD,-0.363652978,-2.966794084
TCGA-FA-8693-01,,TCGA Tumor,DLBC,-8.542171035,6.912703444
TCGA-A2-A25D-01,,TCGA Tumor,BRCA,4.039876905,-1.833624791
TCGA-CZ-4857-01,,TCGA Tumor,KIRC,6.174249616,-5.351510595
TCGA-E2-A159-01,,TCGA Tumor,BRCA,0.749271062,-1.537897896
TCGA-DK-A2I1-01,,TCGA Tumor,BLCA,-3.737318072,0.05028978
TCGA-A8-A0A7-01,,TCGA Tumor,BRCA,4.140400615,-0.970613312
TCGA-Q3-AA2A-01,,TCGA Tumor,PAAD,-3.306991133,-2.770839046
TCGA-EI-6514-01,,TCGA Tumor,READ,-5.558191809,-3.364131044
TCGA-B6-A0X5-01,,TCGA Tumor,BRCA,5.6298947,-1.693876814
TCGA-B0-5706-01,,TCGA Tumor,KIRC,6.219730344,-5.457156252
TCGA-BQ-5881-01,,TCGA Tumor,KIRP,-0.707343612,7.423949171
TCGA-J4-A83I-01,,TCGA Tumor,PRAD,7.712333646,9.204149653
TCGA-OR-A5KV-01,,TCGA Tumor,ACC,-3.469093833,-8.62162454
TCGA-BP-4967-01,,TCGA Tumor,KIRC,6.169668641,-5.384728979
TARGET-20-PARDDY-09,,TCGA Tumor,LAML,-5.498825106,-12.43702276
TCGA-71-6725-01,,TCGA Tumor,LUAD,-0.433032903,-2.95157988
TARGET-30-PASWYR-01,,TCGA Tumor,NB,2.663291183,12.91446536
TCGA-H9-A6BX-01,,TCGA Tumor,PRAD,9.194244828,8.230019022
TCGA-DV-5569-01,,TCGA Tumor,KIRC,6.355846372,-6.292043756
TCGA-B1-A47M-01,,TCGA Tumor,KIRP,-0.897080574,7.733197142
TCGA-VN-A943-01,,TCGA Tumor,PRAD,8.38666245,8.271732737
TCGA-3A-A9IU-01,,TCGA Tumor,PAAD,-3.207148824,-2.453131031
TCGA-EE-A2MP-06,,TCGA Tumor,SKCM,5.389182534,3.500085522
TCGA-GN-A26D-06,,TCGA Tumor,SKCM,5.928586927,3.511381317
TCGA-CE-A3ME-01,,TCGA Tumor,THCA,11.00244185,-0.598665367
TCGA-B6-A0RE-01,,TCGA Tumor,BRCA,0.995290246,-1.478426527
TCGA-EW-A1IX-01,,TCGA Tumor,BRCA,4.145851817,-1.740335058
TCGA-A6-2677-01,,TCGA Tumor,COAD,-4.60784534,-3.338846992
TCGA-EJ-5494-01,,TCGA Tumor,PRAD,9.304270234,8.029225279
TCGA-DK-A1AF-01,,TCGA Tumor,BLCA,-3.887238059,0.102021475
TARGET-30-PATBMM-01,,TCGA Tumor,NB,2.667719808,12.9132828
TCGA-A2-A0CY-01,,TCGA Tumor,BRCA,-0.559170518,-1.930802654
TCGA-CM-6162-01,,TCGA Tumor,COAD,-5.626689467,-3.757878374
TCGA-VS-A94W-01,,TCGA Tumor,CESC,-5.459714446,1.477080871
TCGA-GU-A764-01,,TCGA Tumor,BLCA,-5.166148696,0.674474586
TCGA-B8-4153-01,,TCGA Tumor,KIRC,6.277952161,-6.703591417
TCGA-HT-7471-01,,TCGA Tumor,LGG,3.007223573,-10.52327306
TCGA-CG-4472-01,,TCGA Tumor,STAD,-3.94744924,-3.552400421
TCGA-JL-A3YX-01,,TCGA Tumor,BRCA,4.757765737,-1.542903732
TCGA-2Z-A9J7-01,,TCGA Tumor,KIRP,-0.791093502,7.658873011
TCGA-AC-A3QP-01,,TCGA Tumor,BRCA,3.937510457,-1.788071703
TCGA-AF-A56N-01,,TCGA Tumor,READ,-6.104041133,-3.640421699
TCGA-US-A77E-01,,TCGA Tumor,PAAD,-3.057879243,-2.644562076
TCGA-EW-A1PH-01,,TCGA Tumor,BRCA,1.019322958,-1.508036207
TCGA-OR-A5K6-01,,TCGA Tumor,ACC,-3.469563517,-8.618548941
TCGA-E9-A1R7-01,,TCGA Tumor,BRCA,5.578317609,-1.640774082
TCGA-D3-A2J9-06,,TCGA Tumor,SKCM,5.541379895,3.481190373
TCGA-P4-A5ED-01,,TCGA Tumor,KIRP,3.612583604,-1.011136841
TCGA-EM-A22L-01,,TCGA Tumor,THCA,11.55200144,0.85065775
TCGA-FG-A4MT-01,,TCGA Tumor,LGG,2.349108424,-10.92294462
TCGA-FG-A4MT-02,,TCGA Tumor,LGG,2.807955709,-9.756811689
TCGA-IN-AB1V-01,,TCGA Tumor,STAD,-4.300274405,-2.665087532
TCGA-FS-A4FB-06,,TCGA Tumor,SKCM,5.162444082,3.533944298
TCGA-3A-A9I5-01,,TCGA Tumor,PAAD,-2.192972693,-2.336502146
TCGA-B0-5709-01,,TCGA Tumor,KIRC,5.981770959,-5.756121706
TCGA-C5-A1MK-01,,TCGA Tumor,CESC,-6.447356734,1.636105825
TCGA-G4-6627-01,,TCGA Tumor,COAD,-5.803918872,-3.630747866
TCGA-RC-A6M6-01,,TCGA Tumor,LIHC,0.222886082,3.401384998
TCGA-09-2045-01,,TCGA Tumor,OV,1.638965693,8.267023493
TCGA-SR-A6MQ-01,,TCGA Tumor,PCPG,-0.043410007,13.08468669
TCGA-BP-4804-01,,TCGA Tumor,KIRC,6.085604158,-5.659071039
TCGA-CQ-5330-01,,TCGA Tumor,HNSC,-6.288655314,0.454588849
TCGA-GC-A6I3-01,,TCGA Tumor,BLCA,-3.662386451,0.057958903
TCGA-BH-A0DH-01,,TCGA Tumor,BRCA,5.034406152,-1.524755071
TCGA-J4-A67Q-01,,TCGA Tumor,PRAD,9.19399878,8.122850825
TCGA-AY-6197-01,,TCGA Tumor,COAD,-5.021938834,-3.701723884
TCGA-36-1570-01,,TCGA Tumor,OV,1.794615712,8.585578371
TCGA-55-A4DF-01,,TCGA Tumor,LUAD,-0.721816454,-2.070223163
TCGA-BR-8487-01,,TCGA Tumor,STAD,-4.145413432,-3.584799837
TCGA-EE-A29Q-06,,TCGA Tumor,SKCM,5.580227342,3.619529654
TCGA-85-8355-01,,TCGA Tumor,LUSC,-5.619539771,2.451777865
TCGA-B0-5710-01,,TCGA Tumor,KIRC,6.34842011,-6.055578302
TCGA-KK-A5A1-01,,TCGA Tumor,PRAD,9.343558755,8.038505961
TCGA-AR-A0TY-01,,TCGA Tumor,BRCA,5.521379914,-1.537039827
TCGA-DD-AAE9-01,,TCGA Tumor,LIHC,1.338883307,3.82995813
TCGA-18-3419-01,,TCGA Tumor,LUSC,-6.006151709,2.377717425
TCGA-24-1550-01,,TCGA Tumor,OV,1.282958236,7.695895601
TCGA-HS-A5N8-01,,TCGA Tumor,SARC,0.640352156,0.956646968
TCGA-L9-A743-01,,TCGA Tumor,LUAD,-0.279505763,-3.028630089
TCGA-DB-A4XD-01,,TCGA Tumor,LGG,2.263618794,-10.94959695
TCGA-D8-A3Z6-01,,TCGA Tumor,BRCA,4.348011461,-1.243291806
TCGA-E2-A155-01,,TCGA Tumor,BRCA,5.666073289,-1.644799422
TCGA-CJ-4639-01,,TCGA Tumor,KIRC,6.328393903,-6.741943907
TCGA-LN-A7HV-01,,TCGA Tumor,ESCA,-6.635031256,0.873470296
TCGA-25-1324-01,,TCGA Tumor,OV,1.264200654,7.728310038
TCGA-B6-A0X1-01,,TCGA Tumor,BRCA,0.822172311,-1.535504054
TCGA-2Y-A9GV-01,,TCGA Tumor,LIHC,1.001181212,4.21408074
TCGA-EL-A3CO-01,,TCGA Tumor,THCA,11.56943079,0.18744712
TCGA-55-8206-01,,TCGA Tumor,LUAD,-0.373197171,-2.871123146
TCGA-DD-AADS-01,,TCGA Tumor,LIHC,0.978565839,4.153751303
TCGA-SI-AA8B-01,,TCGA Tumor,SARC,1.239696589,1.20930605
TCGA-D7-A6EY-01,,TCGA Tumor,STAD,-4.520819697,-3.53288586
TCGA-DX-A3LS-01,,TCGA Tumor,SARC,1.425795641,1.282598663
TCGA-RW-A7CZ-01,,TCGA Tumor,PCPG,0.180543628,12.84667342
TCGA-A8-A07U-01,,TCGA Tumor,BRCA,0.913375583,-1.370135139
TCGA-QH-A6XA-01,,TCGA Tumor,LGG,2.335584011,-10.53812368
TCGA-CJ-4900-01,,TCGA Tumor,KIRC,6.302025285,-5.53866012
TCGA-CG-4476-01,,TCGA Tumor,STAD,-3.936172042,-3.618433069
TCGA-B1-A654-01,,TCGA Tumor,KIRP,-0.91025773,7.735842634
TCGA-DK-A6B1-01,,TCGA Tumor,BLCA,-3.59583858,-0.505230497
TCGA-AB-2814-03,,TCGA Tumor,LAML,-4.998761687,-11.58158262
TCGA-FD-A5BY-01,,TCGA Tumor,BLCA,-4.626050029,0.581100453
TCGA-EY-A2OP-01,,TCGA Tumor,UCEC,1.425867882,6.610183169
TCGA-GM-A2DM-01,,TCGA Tumor,BRCA,5.498055425,-1.453067969
TARGET-50-PAJPDC-01,,TCGA Tumor,WT,-4.534333262,7.66066878
TCGA-TQ-A7RK-02,,TCGA Tumor,LGG,2.242040005,-11.00002916
TCGA-TQ-A7RK-01,,TCGA Tumor,LGG,2.258675184,-10.98647077
TCGA-EB-A44Q-06,,TCGA Tumor,SKCM,5.891299215,3.612711598
TCGA-S3-A6ZH-01,,TCGA Tumor,BRCA,5.492223706,-1.536965441
TCGA-P3-A6T8-01,,TCGA Tumor,HNSC,-5.580372367,0.754237999
TCGA-BR-6455-01,,TCGA Tumor,STAD,-3.85583404,-3.6152714
TCGA-HT-7475-01,,TCGA Tumor,LGG,2.855818477,-9.790202688
TCGA-G9-6362-01,,TCGA Tumor,PRAD,7.752064195,9.181610514
TCGA-13-0724-01,,TCGA Tumor,OV,1.919973221,8.040616442
TCGA-HC-8258-01,,TCGA Tumor,PRAD,9.282546487,8.090451647
TCGA-22-4591-01,,TCGA Tumor,LUSC,-5.383955989,2.155376364
TCGA-IB-7649-01,,TCGA Tumor,PAAD,-0.974897179,-1.617133807
TCGA-A2-A3XU-01,,TCGA Tumor,BRCA,0.885345009,-1.385001372
TCGA-BR-8678-01,,TCGA Tumor,STAD,-3.983413729,-2.234125208
TCGA-BH-A0WA-01,,TCGA Tumor,BRCA,1.031031039,-1.515748333
TCGA-B5-A3F9-01,,TCGA Tumor,UCEC,1.494962063,6.514642168
TARGET-50-PAEBXA-01,,TCGA Tumor,WT,-4.581079993,7.71159165
TCGA-J4-A6G1-01,,TCGA Tumor,PRAD,9.327702966,8.151641298
TCGA-BJ-A190-01,,TCGA Tumor,THCA,11.48831984,0.903339852
TARGET-10-PAPHGD-09,,TCGA Tumor,Target-ALL,-8.403114829,-8.364536833
TCGA-A7-A4SA-01,,TCGA Tumor,BRCA,5.578179326,-1.720470737
TARGET-20-PASSSI-09,,TCGA Tumor,LAML,-3.889691863,-12.32667405
TCGA-E8-A44M-01,,TCGA Tumor,THCA,11.11170241,0.252138023
TCGA-CG-4305-01,,TCGA Tumor,STAD,-4.057514701,-3.641779493
TCGA-AB-2970-03,,TCGA Tumor,LAML,-4.730132136,-11.49801786
TARGET-10-PATCTI-04,,TCGA Tumor,Target-ALL,-8.402378592,-8.352820944
TCGA-SI-A71Q-01,,TCGA Tumor,SARC,1.038468507,0.882328142
TCGA-D7-A6F2-01,,TCGA Tumor,STAD,-5.004420314,-3.514302324
TCGA-GM-A5PV-01,,TCGA Tumor,BRCA,3.940505948,-1.79647262
TCGA-TQ-A7RO-01,,TCGA Tumor,LGG,3.049745765,-10.52980955
TCGA-HZ-7924-01,,TCGA Tumor,PAAD,-3.677482638,-3.562118601
TCGA-CV-5978-01,,TCGA Tumor,HNSC,-5.339031729,2.457067896
TCGA-N1-A6IA-01,,TCGA Tumor,SARC,1.299308803,1.250895072
TCGA-FG-A711-01,,TCGA Tumor,LGG,2.376763549,-10.40105874
TCGA-CD-5798-01,,TCGA Tumor,STAD,-2.694846186,-2.001017641
TCGA-SL-A6JA-01,,TCGA Tumor,UCEC,1.414945569,6.576322962
TCGA-85-A513-01,,TCGA Tumor,LUSC,-0.133268449,-2.666678976
TCGA-G3-A5SJ-01,,TCGA Tumor,LIHC,0.198006403,3.384376455
TCGA-60-2709-01,,TCGA Tumor,LUSC,-5.242454085,1.787116934
TCGA-B8-A54D-01,,TCGA Tumor,KIRC,6.010751214,-6.353084158
TCGA-YU-A90P-01,,TCGA Tumor,TGCT,-1.702737365,5.201244284
TCGA-06-2557-01,,TCGA Tumor,GBM,1.223595348,-9.882422994
TCGA-86-A4P7-01,,TCGA Tumor,LUAD,-0.339657757,-2.815374922
TCGA-13-1483-01,,TCGA Tumor,OV,1.72078785,7.942624022
TCGA-WC-AA9E-01,,TCGA Tumor,UVM,6.72288939,4.438859392
TCGA-EJ-5508-01,,TCGA Tumor,PRAD,8.077804055,8.615262438
TCGA-2G-AAGF-01,,TCGA Tumor,TGCT,-1.669911418,5.164170672
TCGA-DB-5276-01,,TCGA Tumor,LGG,2.769103971,-9.766563963
TCGA-P5-A730-01,,TCGA Tumor,LGG,3.094202485,-10.54965265
TCGA-IA-A83W-01,,TCGA Tumor,KIRP,-0.947832379,7.790221144
TARGET-30-PATDWN-01,,TCGA Tumor,NB,2.640593734,12.88735716
TCGA-PC-A5DK-01,,TCGA Tumor,SARC,1.972525921,1.558860828
TCGA-VQ-A91N-01,,TCGA Tumor,STAD,-3.843661341,-3.68156917
TCGA-ET-A3DV-01,,TCGA Tumor,THCA,11.5541062,0.836850036
TCGA-BH-A0AV-01,,TCGA Tumor,BRCA,1.057047751,-1.504150342
TCGA-A2-A0D0-01,,TCGA Tumor,BRCA,0.541638058,-1.477866005
TCGA-XE-AAOC-01,,TCGA Tumor,TGCT,-2.224575314,-2.576368402
TCGA-A8-A08S-01,,TCGA Tumor,BRCA,4.047421899,-1.81202824
TCGA-DK-A3X1-01,,TCGA Tumor,BLCA,-3.784358058,0.086305898
TCGA-EW-A2FR-01,,TCGA Tumor,BRCA,3.489038911,-1.309857081
TCGA-C8-A133-01,,TCGA Tumor,BRCA,5.643473592,-1.616722773
TCGA-A2-A3XY-01,,TCGA Tumor,BRCA,1.032861378,-1.51976199
TCGA-29-1697-01,,TCGA Tumor,OV,1.740333166,8.52515452
TCGA-25-1318-01,,TCGA Tumor,OV,1.684601512,8.130649019
TCGA-FD-A43U-01,,TCGA Tumor,BLCA,-3.664378199,0.039147478
TCGA-B9-A5W7-01,,TCGA Tumor,KIRP,-0.97086719,7.821290899
TCGA-GV-A3JV-01,,TCGA Tumor,BLCA,-3.621256385,0.119112309
TCGA-EW-A3E8-01,,TCGA Tumor,BRCA,4.354725089,-1.727749776
TCGA-D5-6541-01,,TCGA Tumor,COAD,-6.067698035,-3.729992937
TCGA-09-2054-01,,TCGA Tumor,OV,1.264780369,7.743199755
TCGA-B0-4834-01,,TCGA Tumor,KIRC,-3.505977187,5.063088823
TCGA-CG-4441-01,,TCGA Tumor,STAD,-4.002120528,-3.655774902
TCGA-E1-A7YD-01,,TCGA Tumor,LGG,1.244118061,-9.912779402
TCGA-EM-A3FO-01,,TCGA Tumor,THCA,11.35684153,-0.140944671
TCGA-39-5030-01,,TCGA Tumor,LUSC,-5.295506511,0.834209312
TCGA-A2-A0SU-01,,TCGA Tumor,BRCA,4.041277852,-1.780323814
TCGA-CJ-5682-01,,TCGA Tumor,KIRC,6.246120897,-5.761829923
TCGA-AB-2995-03,,TCGA Tumor,LAML,-4.99219707,-11.52147157
TCGA-95-8039-01,,TCGA Tumor,LUAD,-0.210710857,-3.116289924
TCGA-HE-7130-01,,TCGA Tumor,KIRP,-3.664112601,-0.044790867
TCGA-TS-A7OZ-01,,TCGA Tumor,MESO,-0.210418198,1.401537467
TCGA-BP-4959-01,,TCGA Tumor,KIRC,5.976346936,-5.950661253
TCGA-EJ-5514-01,,TCGA Tumor,PRAD,8.198136296,8.459220339
TCGA-D3-A3C3-06,,TCGA Tumor,SKCM,5.395785775,3.707648445
TCGA-AJ-A3OK-01,,TCGA Tumor,UCEC,1.541868892,6.449446131
TCGA-CM-5348-01,,TCGA Tumor,COAD,-5.362076316,-3.264793943
TCGA-D3-A51R-06,,TCGA Tumor,SKCM,0.136454251,0.927876223
TCGA-E7-A3Y1-01,,TCGA Tumor,BLCA,-3.709693465,0.17481504
TCGA-CZ-4853-01,,TCGA Tumor,KIRC,6.200286355,-6.798416685
TCGA-FE-A3PB-01,,TCGA Tumor,THCA,10.96532961,-0.257655751
TCGA-HT-A74O-01,,TCGA Tumor,LGG,2.197347131,-10.89943559
TCGA-XJ-A83G-01,,TCGA Tumor,PRAD,8.550456491,8.150041033
TCGA-CV-7414-01,,TCGA Tumor,HNSC,-5.57814363,1.963119794
TCGA-ZB-A96V-01,,TCGA Tumor,THYM,-5.297302756,0.903676797
TCGA-ZG-A8QZ-01,,TCGA Tumor,PRAD,7.725525346,9.199045588
TCGA-GD-A3OS-01,,TCGA Tumor,BLCA,0.507818271,0.895819057
TCGA-G4-6586-01,,TCGA Tumor,COAD,-5.156767878,-3.704372
TCGA-KK-A8IL-01,,TCGA Tumor,PRAD,8.740398851,8.19083922
TCGA-AQ-A04L-01,,TCGA Tumor,BRCA,4.090518203,-0.92761166
TCGA-FC-A8O0-01,,TCGA Tumor,PRAD,9.297773805,8.17465346
TCGA-YL-A9WJ-01,,TCGA Tumor,PRAD,8.529126611,8.208736826
TCGA-Z2-AA3V-06,,TCGA Tumor,SKCM,6.107824769,3.812026192
TCGA-25-1314-01,,TCGA Tumor,OV,1.801793065,8.065871645
TCGA-HT-8015-01,,TCGA Tumor,LGG,2.790451732,-9.710249494
TCGA-BA-6868-01,,TCGA Tumor,HNSC,-5.871694598,0.883123208
TCGA-EL-A3GO-01,,TCGA Tumor,THCA,11.49712512,0.876456429
TCGA-22-5479-01,,TCGA Tumor,LUSC,-5.337679896,2.300858666
TCGA-4T-AA8H-01,,TCGA Tumor,COAD,-5.70910934,-3.524180483
TCGA-EB-A4IS-01,,TCGA Tumor,SKCM,5.45800921,3.455435921
TCGA-66-2773-01,,TCGA Tumor,LUSC,-5.252809558,1.959878613
TCGA-ZH-A8Y6-01,,TCGA Tumor,CHOL,0.22098611,3.401284386
TCGA-50-5055-01,,TCGA Tumor,LUAD,-0.581521783,-2.357969831
TCGA-VS-A9UI-01,,TCGA Tumor,CESC,-6.385098014,1.767210532
TCGA-UZ-A9PS-05,,TCGA Tumor,KIRP,5.69643208,-5.789239477
TCGA-EB-A3HV-01,,TCGA Tumor,SKCM,5.277084317,3.911391665
TCGA-UZ-A9PS-01,,TCGA Tumor,None,-0.668310318,7.41679423
TCGA-EB-A431-01,,TCGA Tumor,SKCM,6.017422166,3.604611326
TCGA-E7-A97Q-01,,TCGA Tumor,BLCA,-3.787360225,0.026136443
TCGA-BR-A4QM-01,,TCGA Tumor,STAD,-4.436810527,-3.439685892
TCGA-2F-A9KT-01,,TCGA Tumor,BLCA,-3.675455127,0.123916682
TCGA-BP-5178-01,,TCGA Tumor,KIRC,6.132954087,-5.367351126
TCGA-ZB-A96R-01,,TCGA Tumor,THYM,-10.86033967,6.072743345
TCGA-C8-A1HE-01,,TCGA Tumor,BRCA,4.799272027,-1.289252471
TCGA-HT-A74J-01,,TCGA Tumor,LGG,2.369868245,-10.44839437
TCGA-FD-A6TB-01,,TCGA Tumor,BLCA,-4.011173281,-0.204720687
TCGA-H7-8501-01,,TCGA Tumor,HNSC,-5.372750315,0.945504178
TCGA-EJ-5526-01,,TCGA Tumor,PRAD,7.716368165,9.201179911
TCGA-78-7150-01,,TCGA Tumor,LUAD,-1.392153892,-2.134681295
TCGA-24-1560-01,,TCGA Tumor,OV,1.68227109,8.371636797
TARGET-30-PASJZC-01,,TCGA Tumor,NB,2.729250875,12.98576014
TCGA-D7-8578-01,,TCGA Tumor,STAD,-4.937202964,-3.002982925
TCGA-AO-A0JI-01,,TCGA Tumor,BRCA,5.638387647,-1.618533563
TCGA-29-1693-01,,TCGA Tumor,OV,1.495654192,7.931707312
TCGA-RZ-AB0B-01,,TCGA Tumor,UVM,6.707177129,4.422184397
TCGA-LN-A49N-01,,TCGA Tumor,ESCA,-5.466823134,2.014840175
TCGA-CD-5803-01,,TCGA Tumor,STAD,-2.644030366,-1.924702476
TCGA-SW-A7EB-01,,TCGA Tumor,STAD,-4.936483893,-1.989468407
TCGA-EM-A3O9-01,,TCGA Tumor,THCA,11.36555335,0.988832225
TARGET-20-PAMVKZ-09,,TCGA Tumor,LAML,-4.650664363,-11.43150957
TCGA-13-0905-01,,TCGA Tumor,OV,2.00870904,8.176351954
TCGA-ZB-A969-01,,TCGA Tumor,THYM,-11.06655458,5.885876585
TCGA-EL-A3TB-01,,TCGA Tumor,THCA,11.57081362,0.098255203
TCGA-IB-7646-01,,TCGA Tumor,PAAD,-3.177743706,-2.391651701
TARGET-20-PARJCR-09,,TCGA Tumor,LAML,-3.927239451,-12.27695234
TCGA-BP-4329-01,,TCGA Tumor,KIRC,6.262946573,-5.713688444
TCGA-CF-A5UA-01,,TCGA Tumor,BLCA,-3.7251263,0.117261399
TCGA-EI-6917-01,,TCGA Tumor,READ,-4.565483126,-3.55412681
TCGA-B6-A0RM-01,,TCGA Tumor,BRCA,5.265074697,-1.54008181
TCGA-5M-AATA-01,,TCGA Tumor,COAD,-5.735856089,-3.477024387
TCGA-06-0878-01,,TCGA Tumor,GBM,1.357903626,-9.223471235
TCGA-BH-A0E0-01,,TCGA Tumor,BRCA,4.061764922,-0.868684779
TCGA-DD-AACE-01,,TCGA Tumor,LIHC,0.920359519,4.221981455
TCGA-IG-A50L-01,,TCGA Tumor,ESCA,-5.335980925,2.212189366
TCGA-CW-6088-01,,TCGA Tumor,KIRC,6.338155236,-6.801071237
TCGA-A2-A0YE-01,,TCGA Tumor,BRCA,0.967378226,-1.496192526
TCGA-SH-A9CU-01,,TCGA Tumor,MESO,-0.152801249,1.538237024
TCGA-G9-6347-01,,TCGA Tumor,PRAD,9.299841371,8.151064325
TARGET-10-PARJZZ-04,,TCGA Tumor,Target-ALL,-8.380137954,-8.347760748
TCGA-XV-AAZY-01,,TCGA Tumor,SKCM,6.001838174,3.657675434
TCGA-CV-5977-01,,TCGA Tumor,HNSC,-6.860271487,0.675077904
TCGA-78-7536-01,,TCGA Tumor,LUAD,-0.834186229,-2.022759985
TARGET-20-PASVYL-09,,TCGA Tumor,LAML,-3.861905608,-12.39494283
TCGA-2G-AAGI-05,,TCGA Tumor,TGCT,-1.937699351,5.474743773
TCGA-G9-6332-01,,TCGA Tumor,PRAD,7.70762631,9.216839243
TCGA-2G-AAGI-01,,TCGA Tumor,TGCT,-4.862653289,-1.867877196
TCGA-FS-A1ZZ-06,,TCGA Tumor,SKCM,5.929973569,3.704918553
TCGA-DH-A669-02,,TCGA Tumor,LGG,2.056824293,-9.545445989
TCGA-DH-A669-01,,TCGA Tumor,LGG,1.94287416,-9.414638113
TCGA-N6-A4VE-01,,TCGA Tumor,UCS,-1.134450588,-0.559621404
TCGA-Q1-A6DV-01,,TCGA Tumor,CESC,-0.67472342,-2.207670997
TCGA-2G-AAM3-01,,TCGA Tumor,TGCT,-4.867698703,-1.862379621
TCGA-E2-A3DX-01,,TCGA Tumor,BRCA,4.008088794,-1.754722546
TCGA-63-A5MM-01,,TCGA Tumor,LUSC,-5.291210208,0.780519832
TCGA-XM-A8RF-01,,TCGA Tumor,THYM,-11.0600572,5.891600538
TCGA-Z6-AAPN-01,,TCGA Tumor,ESCA,-6.52924541,0.574902762
TCGA-AB-2919-03,,TCGA Tumor,LAML,-4.90945724,-11.51100118
TCGA-C5-A1ML-01,,TCGA Tumor,CESC,-5.85437921,1.68381672
TCGA-CV-7242-01,,TCGA Tumor,HNSC,-6.133048568,2.074106861
TCGA-64-1681-01,,TCGA Tumor,LUAD,-0.376985345,-2.805241178
TCGA-DX-AB2W-01,,TCGA Tumor,SARC,1.371970918,1.20738237
TCGA-DM-A28G-01,,TCGA Tumor,COAD,-6.06664041,-3.709087204
TCGA-06-0129-01,,TCGA Tumor,GBM,2.214414683,-10.89331872
TCGA-CQ-A4CH-01,,TCGA Tumor,HNSC,-6.561781916,0.549211044
TCGA-VR-A8EQ-01,,TCGA Tumor,ESCA,-3.838573966,-3.629241537
TCGA-HT-A617-01,,TCGA Tumor,LGG,1.610467043,-10.09014661
TCGA-HE-A5NI-01,,TCGA Tumor,KIRP,-0.875835094,7.706977297
TCGA-XG-A823-01,,TCGA Tumor,PCPG,0.269843754,12.74175685
TCGA-AF-6655-01,,TCGA Tumor,READ,-6.124593291,-3.682936262
TARGET-50-PAKSCC-01,,TCGA Tumor,WT,-4.515977416,7.642014433
TCGA-5L-AAT0-01,,TCGA Tumor,BRCA,4.708044019,-1.560964297
TCGA-HB-A43Z-01,,TCGA Tumor,SARC,1.970735994,1.586028863
TCGA-G9-6343-01,,TCGA Tumor,PRAD,9.00187346,8.239136149
TARGET-20-PASMGW-09,,TCGA Tumor,LAML,-3.973725352,-12.26854761
TCGA-31-1953-01,,TCGA Tumor,OV,1.682437506,8.008538653
TCGA-BH-A0BL-01,,TCGA Tumor,BRCA,0.940222528,-1.479416202
TCGA-DA-A1I7-06,,TCGA Tumor,SKCM,4.928279367,3.396517683
TCGA-FB-AAPQ-01,,TCGA Tumor,PAAD,-3.298800025,-2.91685016
TCGA-VS-A8QM-01,,TCGA Tumor,CESC,-6.208197627,1.770398189
TCGA-QT-A5XJ-01,,TCGA Tumor,PCPG,-1.210633073,-0.591075848
TCGA-CW-6087-01,,TCGA Tumor,KIRC,6.015056577,-5.240074705
TARGET-30-PAPVFD-01,,TCGA Tumor,NB,2.727631059,12.98150199
TCGA-QR-A70N-01,,TCGA Tumor,PCPG,0.25358167,12.76817935
TCGA-D8-A3Z5-01,,TCGA Tumor,BRCA,4.767150846,-1.538353514
TCGA-ZJ-AAXB-01,,TCGA Tumor,CESC,-3.822931323,-0.841377925
TCGA-CG-4475-01,,TCGA Tumor,STAD,-2.759154591,-2.592780422
TARGET-20-PAEERJ-04,,TCGA Tumor,LAML,-4.807594332,-11.50997503
TCGA-A4-7915-01,,TCGA Tumor,KIRP,-0.626871381,7.39474814
TCGA-97-8552-01,,TCGA Tumor,LUAD,-0.364528093,-2.852615188
TCGA-BP-4798-01,,TCGA Tumor,KIRC,6.095013585,-5.569250177
TCGA-IC-A6RF-01,,TCGA Tumor,ESCA,-6.546847853,1.26835208
TCGA-EL-A3ZP-01,,TCGA Tumor,THCA,11.25700518,-0.024877209
TCGA-DV-5574-01,,TCGA Tumor,KIRC,6.164625135,-5.324558328
TCGA-DD-AAVX-01,,TCGA Tumor,LIHC,1.05868676,4.151308943
TCGA-09-1666-01,,TCGA Tumor,OV,1.952047911,8.312169481
TCGA-16-1045-01,,TCGA Tumor,GBM,1.232626763,-9.830040525
TCGA-HC-A76X-01,,TCGA Tumor,PRAD,7.718216386,9.202922274
TCGA-GM-A2DN-01,,TCGA Tumor,BRCA,4.601538625,-1.270419906
TCGA-ET-A2N5-01,,TCGA Tumor,THCA,11.5525088,0.835792411
TCGA-98-A53I-01,,TCGA Tumor,LUSC,-5.438892398,2.456451822
TCGA-5M-AATE-01,,TCGA Tumor,COAD,-6.039319548,-3.635205339
TCGA-FD-A6TI-01,,TCGA Tumor,BLCA,-3.638374362,-0.401545774
TCGA-VR-A8EU-01,,TCGA Tumor,ESCA,-6.422888312,0.439884294
TCGA-D3-A3BZ-06,,TCGA Tumor,SKCM,5.839887109,3.430102039
TCGA-D7-5577-01,,TCGA Tumor,STAD,-3.638326201,-3.428520988
TCGA-06-2567-01,,TCGA Tumor,GBM,1.258581784,-9.918511938
TCGA-CH-5745-01,,TCGA Tumor,PRAD,8.583083596,8.234003473
TCGA-DX-AB2F-01,,TCGA Tumor,SARC,1.251419273,1.711468745
TCGA-EE-A3AC-06,,TCGA Tumor,SKCM,5.894692388,3.484602381
TCGA-DS-A1OD-01,,TCGA Tumor,CESC,-5.154940161,1.296194364
TCGA-DU-A6S6-01,,TCGA Tumor,LGG,2.847912278,-9.753192495
TCGA-CE-A483-01,,TCGA Tumor,THCA,11.00824877,-0.548638772
TCGA-RM-A68W-01,,TCGA Tumor,PCPG,0.245704454,12.77822154
TCGA-OR-A5LP-01,,TCGA Tumor,ACC,-3.471710477,-8.618141722
TCGA-B0-5697-01,,TCGA Tumor,KIRC,-0.767812285,7.600607802
TCGA-MP-A4TK-01,,TCGA Tumor,LUAD,-0.223303053,-2.743286918
TCGA-85-8287-01,,TCGA Tumor,LUSC,-5.273985896,0.858543922
TCGA-BH-A0BP-01,,TCGA Tumor,BRCA,3.845977273,-1.73353846
TCGA-CV-7254-01,,TCGA Tumor,HNSC,-5.347620997,2.282311846
TCGA-QH-A6X5-01,,TCGA Tumor,LGG,3.014566627,-10.54420431
TCGA-32-2616-01,,TCGA Tumor,GBM,1.434799876,-9.927545141
TCGA-BH-A0BO-01,,TCGA Tumor,BRCA,4.046890702,-1.713307332
TCGA-ZF-A9RF-01,,TCGA Tumor,BLCA,0.452649929,0.400450725
TCGA-DW-7836-01,,TCGA Tumor,KIRP,-0.882177863,7.702900816
TCGA-UY-A78P-01,,TCGA Tumor,BLCA,-5.319296393,1.36357503
TCGA-D3-A5GO-06,,TCGA Tumor,SKCM,5.499591794,3.445810963
TCGA-HC-8264-01,,TCGA Tumor,PRAD,9.105656114,8.198642183
TCGA-BJ-A0Z3-01,,TCGA Tumor,THCA,11.37694499,-0.125794377
TCGA-DM-A28C-01,,TCGA Tumor,COAD,-6.095786128,-3.705938171
TCGA-IN-A6RL-01,,TCGA Tumor,STAD,-3.811302218,-3.661688875
TARGET-50-PAJLPX-01,,TCGA Tumor,WT,-4.527372393,7.64879172
TCGA-GC-A3OO-01,,TCGA Tumor,BLCA,-3.168550525,-2.40073974
TARGET-20-PANKKE-09,,TCGA Tumor,LAML,-4.037350688,-12.2269779
TCGA-RG-A7D4-01,,TCGA Tumor,LIHC,0.643382576,3.712953497
TCGA-X6-A8C3-01,,TCGA Tumor,SARC,1.1348156,1.211428095
TCGA-60-2706-01,,TCGA Tumor,LUSC,-1.499340687,-1.326071094
TCGA-HT-7605-01,,TCGA Tumor,LGG,2.830162969,-9.765428137
TARGET-30-PAMYCE-01,,TCGA Tumor,NB,2.647796836,12.90513651
TCGA-G6-A8L6-01,,TCGA Tumor,KIRC,6.278372255,-6.069162916
TCGA-EE-A29N-06,,TCGA Tumor,SKCM,5.779396024,3.672909905
TCGA-CJ-4888-01,,TCGA Tumor,KIRC,6.184263673,-5.324612688
TCGA-ZF-AA4R-01,,TCGA Tumor,BLCA,-5.610281501,1.050632704
TCGA-QR-A70A-01,,TCGA Tumor,PCPG,0.218134713,12.80746882
TCGA-LL-A6FQ-01,,TCGA Tumor,BRCA,4.005161491,-1.786711286
TCGA-FS-A1ZQ-06,,TCGA Tumor,SKCM,6.039295163,3.665234972
TCGA-N5-A4RO-01,,TCGA Tumor,UCS,0.643737983,1.124950935
TCGA-BP-5186-01,,TCGA Tumor,KIRC,6.280098882,-6.76185758
TCGA-EL-A3T0-01,,TCGA Tumor,THCA,11.6167874,0.565541793
TCGA-E9-A248-01,,TCGA Tumor,BRCA,4.092968908,-1.066589545
TCGA-A7-A26I-01,,TCGA Tumor,BRCA,0.803844151,-1.301514458
TCGA-24-1430-01,,TCGA Tumor,OV,1.433512416,7.910318304
TCGA-ET-A39R-01,,TCGA Tumor,THCA,11.06475779,-0.38557304
TCGA-S9-A6WO-01,,TCGA Tumor,LGG,2.273389068,-10.97798211
TCGA-HC-8213-01,,TCGA Tumor,PRAD,7.67983624,9.247450281
TCGA-63-5131-01,,TCGA Tumor,LUSC,-5.778914962,2.20175593
TCGA-DJ-A4V4-01,,TCGA Tumor,THCA,11.09396025,-0.236253898
TCGA-SX-A7SQ-01,,TCGA Tumor,KIRP,-0.867661986,7.786364008
TCGA-CJ-4894-01,,TCGA Tumor,KIRC,6.227388349,-6.8150254
TCGA-HC-A6AL-01,,TCGA Tumor,PRAD,7.989121404,8.740784098
TCGA-IM-A41Y-01,,TCGA Tumor,THCA,10.98683497,-0.533351671
TCGA-C8-A12Q-01,,TCGA Tumor,BRCA,4.163014856,-0.953086685
TCGA-BH-A0HU-01,,TCGA Tumor,BRCA,4.890255418,-1.462892245
TCGA-CF-A5U8-01,,TCGA Tumor,BLCA,-3.710650477,0.137509872
TCGA-23-2081-01,,TCGA Tumor,OV,2.015360441,8.180245806
TCGA-09-2053-01,,TCGA Tumor,OV,1.431089487,7.966422487
TCGA-69-7974-01,,TCGA Tumor,LUAD,-0.098140243,-3.007591318
TCGA-E8-A2EA-01,,TCGA Tumor,THCA,10.94147154,-0.294055324
TCGA-XY-A9T9-01,,TCGA Tumor,TGCT,-1.927490506,5.464044977
TCGA-28-5208-01,,TCGA Tumor,GBM,1.314532247,-9.617343496
TCGA-V1-A9ZG-01,,TCGA Tumor,PRAD,7.911241498,8.87161677
TCGA-B6-A0WX-01,,TCGA Tumor,BRCA,1.001521077,-1.442688416
TCGA-CV-7413-01,,TCGA Tumor,HNSC,-6.515749011,0.6009668
TCGA-DD-A4NO-01,,TCGA Tumor,LIHC,1.06886014,4.108404089
TCGA-YJ-A8SW-01,,TCGA Tumor,PRAD,8.504963365,8.203576494
TCGA-CQ-A4CG-01,,TCGA Tumor,HNSC,-6.78176311,0.767559398
TCGA-MZ-A6I9-01,,TCGA Tumor,HNSC,-6.248061213,2.056507279
TCGA-CQ-6225-01,,TCGA Tumor,HNSC,-6.104782138,2.323581625
TCGA-BP-5182-01,,TCGA Tumor,KIRC,5.988034215,-5.799055647
TCGA-DK-A1AE-01,,TCGA Tumor,BLCA,-5.236308131,2.273877789
TCGA-EI-6509-01,,TCGA Tumor,READ,-5.780783686,-3.472387146
TCGA-FS-A1ZU-06,,TCGA Tumor,SKCM,5.23844048,3.566269089
TCGA-D7-6526-01,,TCGA Tumor,STAD,-5.381588492,-3.326778721
TCGA-PG-A916-01,,TCGA Tumor,UCEC,1.531815257,6.439131189
TCGA-D3-A2JK-06,,TCGA Tumor,SKCM,5.846174684,3.45640247
TCGA-US-A779-01,,TCGA Tumor,PAAD,-2.879964862,-2.571957182
TCGA-EJ-A46F-01,,TCGA Tumor,PRAD,7.895830121,8.892437388
TCGA-DK-A3IU-01,,TCGA Tumor,BLCA,-4.008468661,-0.689376305
TCGA-YL-A8SK-01,,TCGA Tumor,PRAD,9.135680642,8.177994181
TCGA-D3-A1Q7-06,,TCGA Tumor,SKCM,5.773667302,3.668286968
TCGA-L3-A4E7-01,,TCGA Tumor,LUSC,-5.430106673,1.200778891
TCGA-QQ-A8VD-01,,TCGA Tumor,SARC,1.877456751,1.165185739
TCGA-X4-A8KS-01,,TCGA Tumor,PRAD,9.305728402,8.078125406
TCGA-A5-A2K2-01,,TCGA Tumor,UCEC,1.149658587,6.613826204
TCGA-D8-A1Y2-01,,TCGA Tumor,BRCA,3.372037854,-1.272520255
TCGA-CV-7250-01,,TCGA Tumor,HNSC,-6.447431597,1.488354136
TCGA-FY-A40K-01,,TCGA Tumor,THCA,11.37170455,-0.033273171
TCGA-A2-A0CR-01,,TCGA Tumor,BRCA,4.033151117,-1.681620072
TCGA-49-AAR0-01,,TCGA Tumor,LUAD,-0.809250865,-2.117632698
TCGA-AN-A0AR-01,,TCGA Tumor,BRCA,0.93931761,-1.471843551
TCGA-04-1365-01,,TCGA Tumor,OV,1.776127544,8.569496561
TCGA-WE-AAA0-06,,TCGA Tumor,SKCM,5.959591832,3.551145722
TCGA-DU-8166-01,,TCGA Tumor,LGG,2.326165762,-10.41502244
TCGA-D8-A146-01,,TCGA Tumor,BRCA,4.019231048,-1.686989259
TCGA-50-5072-01,,TCGA Tumor,LUAD,-1.335907731,-2.191186975
TCGA-DM-A0XD-01,,TCGA Tumor,COAD,-5.686188254,-3.494184326
TCGA-CN-5363-01,,TCGA Tumor,HNSC,-5.493101153,0.764904548
TCGA-DX-A6BB-01,,TCGA Tumor,SARC,2.019400921,1.313672591
TCGA-A8-A06P-01,,TCGA Tumor,BRCA,4.784010854,-1.527488898
TCGA-IE-A4EJ-01,,TCGA Tumor,SARC,1.318851319,1.649051953
TCGA-QT-A5XM-01,,TCGA Tumor,PCPG,0.018154618,13.01421778
TCGA-VS-A954-01,,TCGA Tumor,CESC,-6.237458739,1.363934327
TCGA-CD-5804-01,,TCGA Tumor,STAD,-3.001405272,-2.473717522
TCGA-A3-3372-01,,TCGA Tumor,KIRC,6.300898042,-6.776025366
TCGA-W2-A7H7-01,,TCGA Tumor,PCPG,0.212807518,12.80285685
TCGA-XP-A8T6-01,,TCGA Tumor,ESCA,-6.124187026,2.292418171
TCGA-AC-A62X-01,,TCGA Tumor,BRCA,0.993987229,-1.540201854
TARGET-10-PARGHW-04,,TCGA Tumor,Target-ALL,-8.360467467,-8.374863218
TCGA-DW-5561-01,,TCGA Tumor,KIRP,-0.90824059,7.767120291
TCGA-AC-A2FO-01,,TCGA Tumor,BRCA,4.055894819,-1.718715381
TCGA-31-1951-01,,TCGA Tumor,OV,1.72423872,8.051401068
TCGA-CV-A6JD-01,,TCGA Tumor,HNSC,-6.5961943,0.646068264
TCGA-53-7624-01,,TCGA Tumor,LUAD,-4.000180278,-0.916694652
TCGA-LN-A49M-01,,TCGA Tumor,ESCA,-6.900167022,0.644336988
TCGA-2G-AAKD-01,,TCGA Tumor,TGCT,-1.693984065,5.19268458
TCGA-34-5231-01,,TCGA Tumor,LUSC,-5.332733664,2.214186598
TARGET-30-PARNNC-01,,TCGA Tumor,NB,2.719487157,12.97404807
TCGA-DD-AAEG-01,,TCGA Tumor,LIHC,0.930994239,4.107135702
TCGA-XR-A8TF-01,,TCGA Tumor,LIHC,1.116182592,3.988652636
TCGA-HT-8018-01,,TCGA Tumor,LGG,2.789193835,-9.709707807
TCGA-HC-A8D0-01,,TCGA Tumor,PRAD,9.275045839,8.191150118
TCGA-OR-A5LK-01,,TCGA Tumor,ACC,-3.475619826,-8.621339392
TARGET-10-PARJSR-04,,TCGA Tumor,Target-ALL,-8.370186362,-8.327180456
TCGA-B0-5402-01,,TCGA Tumor,KIRC,6.254142728,-6.825825285
TCGA-XS-A8TJ-01,,TCGA Tumor,CESC,-6.12349132,2.250259329
TCGA-KC-A4BL-01,,TCGA Tumor,PRAD,9.205015626,8.176121164
TCGA-CV-7418-01,,TCGA Tumor,HNSC,-5.43404058,2.503546168
TCGA-EL-A3CP-01,,TCGA Tumor,THCA,11.33940646,-0.178901832
TARGET-10-PAMXHJ-09,,TCGA Tumor,Target-ALL,-8.40311769,-8.347298216
TCGA-33-4587-01,,TCGA Tumor,LUSC,0.844241079,-1.465471934
TCGA-XU-A92O-01,,TCGA Tumor,THYM,-11.0389953,5.911614824
TCGA-GU-A763-01,,TCGA Tumor,BLCA,-3.761716399,0.172390212
TCGA-LB-A9Q5-01,,TCGA Tumor,PAAD,-0.968963299,-1.733187031
TCGA-B6-A3ZX-01,,TCGA Tumor,BRCA,1.023972061,-1.539127778
TCGA-QH-A6CX-01,,TCGA Tumor,LGG,1.33814421,-9.891513418
TCGA-VQ-A8PU-01,,TCGA Tumor,STAD,-3.812404189,-3.704577755
TCGA-EW-A1PB-01,,TCGA Tumor,BRCA,0.87300187,-1.52158172
TCGA-B0-5691-01,,TCGA Tumor,KIRC,5.96261498,-5.592489313
TCGA-YL-A8SO-01,,TCGA Tumor,PRAD,9.234571901,8.105866839
TCGA-BA-5557-01,,TCGA Tumor,HNSC,-6.442579303,0.169632379
TCGA-85-A510-01,,TCGA Tumor,LUSC,-1.346501622,-0.785745095
TCGA-DF-A2KU-01,,TCGA Tumor,UCEC,1.40273675,6.597925593
TCGA-37-A5EN-01,,TCGA Tumor,LUSC,-5.54026607,2.483183552
TCGA-MH-A561-01,,TCGA Tumor,KIRP,-0.917509589,7.747818876
TARGET-10-PARLAF-04,,TCGA Tumor,Target-ALL,-8.200733695,-8.167180609
TCGA-44-2661-01,,TCGA Tumor,LUAD,-0.145617399,-2.679892849
TCGA-14-2554-01,,TCGA Tumor,GBM,1.242795732,-9.785516332
TCGA-E8-A437-01,,TCGA Tumor,THCA,11.36877963,0.414482613
TCGA-CV-7427-01,,TCGA Tumor,HNSC,-6.594470534,1.288077642
TCGA-BF-A5ES-01,,TCGA Tumor,SKCM,6.008044687,3.554128815
TCGA-EB-A3XF-01,,TCGA Tumor,SKCM,5.286360707,3.892573525
TCGA-LP-A4AW-01,,TCGA Tumor,CESC,-5.588985476,1.135364462
TCGA-ZH-A8Y8-01,,TCGA Tumor,CHOL,0.258115303,3.44223826
TCGA-2Z-A9JQ-01,,TCGA Tumor,KIRP,-0.881334576,7.699166704
TCGA-ED-A66Y-01,,TCGA Tumor,LIHC,0.447353192,3.571645666
TCGA-P5-A5F4-01,,TCGA Tumor,LGG,2.820167985,-9.74292333
TCGA-CX-7219-01,,TCGA Tumor,HNSC,-6.113584075,0.878438402
TCGA-BC-A112-01,,TCGA Tumor,LIHC,0.162949603,3.326484848
TCGA-AB-2845-03,,TCGA Tumor,LAML,-4.94111875,-11.47807367
TCGA-BR-6707-01,,TCGA Tumor,STAD,-4.387288604,-3.474026274
TCGA-D8-A142-01,,TCGA Tumor,BRCA,0.964327004,-1.430480312
TCGA-KD-A5QU-01,,TCGA Tumor,SARC,1.973342862,1.592274834
TCGA-DX-A23Y-01,,TCGA Tumor,SARC,1.191557553,1.255972434
TCGA-VP-A87D-01,,TCGA Tumor,PRAD,7.74592444,9.158770014
TCGA-LD-A9QF-01,,TCGA Tumor,BRCA,4.17069861,-0.971734952
TCGA-XQ-A8TA-01,,TCGA Tumor,PRAD,9.354720559,8.028345514
TCGA-YU-A90W-01,,TCGA Tumor,TGCT,-1.932582888,5.468955923
TCGA-HC-7232-01,,TCGA Tumor,PRAD,7.732871499,9.177236963
TCGA-XF-AAN8-01,,TCGA Tumor,BLCA,1.552970495,1.379113961
TCGA-61-2097-01,,TCGA Tumor,OV,1.773207989,8.426251818
TCGA-V7-A7HQ-01,,TCGA Tumor,BRCA,4.746741262,-1.627998184
TCGA-S9-A6UA-01,,TCGA Tumor,LGG,1.399816539,-9.087823461
TCGA-BW-A5NO-01,,TCGA Tumor,LIHC,0.649306652,3.924986769
TCGA-E9-A5UP-01,,TCGA Tumor,BRCA,4.958872285,-1.490096282
TCGA-AB-2889-03,,TCGA Tumor,LAML,-4.788480792,-11.53701837
TCGA-JW-A5VK-01,,TCGA Tumor,CESC,-5.200270209,1.438123275
TCGA-QD-A8IV-01,,TCGA Tumor,THCA,11.56599185,0.826219369
TCGA-BH-A0DX-01,,TCGA Tumor,BRCA,3.807649102,-1.65566511
TCGA-50-5946-02,,TCGA Tumor,LUAD,-0.394786987,-2.731584381
TCGA-50-5946-01,,TCGA Tumor,LUAD,-0.28503922,-2.962796282
TCGA-DU-5874-01,,TCGA Tumor,LGG,3.182691779,-10.47990186
TCGA-CR-7364-01,,TCGA Tumor,HNSC,-6.351294551,1.574460198
TCGA-AB-2893-03,,TCGA Tumor,LAML,-3.860451731,-12.36579091
TCGA-OR-A5JW-01,,TCGA Tumor,ACC,-3.467148576,-8.618458341
TCGA-CI-6620-01,,TCGA Tumor,READ,-6.061535868,-3.648173879
TCGA-43-6143-01,,TCGA Tumor,LUSC,-5.215737376,1.468313981
TCGA-KM-8440-01,,TCGA Tumor,KICH,-3.553838763,5.100309302
TCGA-D3-A3MU-06,,TCGA Tumor,SKCM,5.963479486,3.696066548
TCGA-E7-A678-01,,TCGA Tumor,BLCA,-3.68621305,0.085603547
TCGA-BQ-5894-01,,TCGA Tumor,KIRP,5.555174794,-5.175194334
TCGA-2G-AAH0-01,,TCGA Tumor,TGCT,-1.914236102,5.448151041
TCGA-G9-6369-01,,TCGA Tumor,PRAD,8.719909158,8.174766947
TCGA-ZH-A8Y4-01,,TCGA Tumor,CHOL,-0.032972876,3.11648028
TCGA-P5-A5EV-01,,TCGA Tumor,LGG,2.284841981,-10.92539651
TCGA-G2-A2EC-01,,TCGA Tumor,BLCA,-3.776110205,0.119831156
TCGA-QH-A6CS-01,,TCGA Tumor,LGG,1.6029385,-10.08892496
TCGA-09-1669-01,,TCGA Tumor,OV,1.463841286,7.982621123
TCGA-EW-A1J6-01,,TCGA Tumor,BRCA,4.013351169,-1.73466153
TCGA-DJ-A3UT-01,,TCGA Tumor,THCA,11.53223368,0.84527855
TCGA-MU-A5YI-01,,TCGA Tumor,CESC,-5.426997218,1.096996952
TCGA-MP-A4TH-01,,TCGA Tumor,LUAD,-0.363905582,-2.852011751
TCGA-E9-A22B-01,,TCGA Tumor,BRCA,3.957486596,-1.816086363
TCGA-VM-A8CH-01,,TCGA Tumor,LGG,2.27663919,-10.98123987
TCGA-HT-7609-01,,TCGA Tumor,LGG,2.241867748,-10.89794023
TCGA-XV-A9W2-01,,TCGA Tumor,SKCM,-6.445589099,0.002283
TCGA-27-2528-01,,TCGA Tumor,GBM,1.316621986,-9.062521528
TCGA-EM-A3AL-01,,TCGA Tumor,THCA,11.56022593,0.831842412
TCGA-TP-A8TV-01,,TCGA Tumor,PRAD,8.438472238,8.202990938
TCGA-DO-A1JZ-01,,TCGA Tumor,THCA,11.51572653,-0.000602025
TCGA-LC-A66R-01,,TCGA Tumor,BLCA,-5.25601438,0.718639661
TCGA-DX-A1KW-01,,TCGA Tumor,SARC,1.225856688,1.720888306
TCGA-91-6829-01,,TCGA Tumor,LUAD,-0.395346734,-2.810449671
TCGA-AB-2882-03,,TCGA Tumor,LAML,-5.017640147,-11.55071504
TARGET-50-CAAAAC-01,,TCGA Tumor,WT,-4.637776885,7.770170141
TCGA-J9-A8CN-01,,TCGA Tumor,PRAD,8.462276902,8.253527094
TCGA-UB-A7MF-01,,TCGA Tumor,LIHC,0.672072795,3.898724724
TCGA-BP-4177-01,,TCGA Tumor,KIRC,0.960351136,6.623506952
TCGA-RW-A67X-01,,TCGA Tumor,PCPG,0.289737147,12.72304957
TCGA-E2-A106-01,,TCGA Tumor,BRCA,5.602406945,-1.690336775
TCGA-SP-A6QI-01,,TCGA Tumor,PCPG,-0.042458001,13.08297961
TCGA-59-2354-01,,TCGA Tumor,OV,1.589271631,7.817834784
TCGA-DU-A5TP-01,,TCGA Tumor,LGG,2.244467702,-10.93740995
TCGA-QH-A6X4-01,,TCGA Tumor,LGG,2.994013992,-10.55101259
TCGA-CN-4739-01,,TCGA Tumor,HNSC,-6.372838053,1.634931971
TCGA-WX-AA44-01,,TCGA Tumor,LIHC,0.451214362,3.586159159
TCGA-OR-A5JK-01,,TCGA Tumor,ACC,-3.468980107,-8.622567724
TCGA-IF-A4AK-01,,TCGA Tumor,SARC,1.950439897,1.56371193
TCGA-DY-A1DG-01,,TCGA Tumor,READ,-5.805950675,-3.513672899
TCGA-HT-7857-01,,TCGA Tumor,LGG,1.384963777,-9.074666571
TCGA-CJ-4889-01,,TCGA Tumor,KIRC,6.113605466,-5.539994787
TARGET-20-PASTUH-03,,TCGA Tumor,LAML,-3.922884497,-12.35329778
TARGET-20-PANDIX-09,,TCGA Tumor,LAML,-5.470528159,-12.43695505
TARGET-20-PASTUH-04,,TCGA Tumor,LAML,-4.348918948,-11.89866979
TCGA-KK-A59Y-01,,TCGA Tumor,PRAD,7.718816247,9.200347353
TCGA-BP-4799-01,,TCGA Tumor,KIRC,6.26227757,-5.330970835
TCGA-CV-5442-01,,TCGA Tumor,HNSC,-6.522568259,0.997681428
TCGA-DH-A7UV-01,,TCGA Tumor,LGG,2.265259352,-10.9675308
TCGA-XF-AAN7-01,,TCGA Tumor,BLCA,1.088748243,1.255007912
TCGA-KC-A7FD-01,,TCGA Tumor,PRAD,8.348304715,8.322318484
TCGA-78-7540-01,,TCGA Tumor,LUAD,-3.290328774,-2.779774021
TCGA-95-A4VN-01,,TCGA Tumor,LUAD,-0.122338686,-3.118112396
TARGET-50-PAJNRL-01,,TCGA Tumor,WT,-4.600317511,7.733235766
TCGA-WA-A7H4-01,,TCGA Tumor,HNSC,-5.872002158,0.598694194
TCGA-BP-4169-01,,TCGA Tumor,KIRC,6.196792093,-5.386292051
TCGA-J8-A4HY-01,,TCGA Tumor,THCA,10.97193285,-0.626010608
TCGA-85-8664-01,,TCGA Tumor,LUSC,-5.272908244,2.003359486
TARGET-10-PAPIGX-09,,TCGA Tumor,Target-ALL,-8.349432502,-8.315220426
TCGA-A3-3357-01,,TCGA Tumor,KIRC,5.979661432,-5.889124464
TCGA-OL-A5RV-01,,TCGA Tumor,BRCA,4.88821837,-1.497919511
TCGA-E2-A1BC-01,,TCGA Tumor,BRCA,3.905017343,-1.682209681
TCGA-KC-A7F3-01,,TCGA Tumor,PRAD,8.718615022,8.219313074
TCGA-RS-A6TP-01,,TCGA Tumor,HNSC,-5.921208415,1.534237195
TCGA-BP-4977-01,,TCGA Tumor,KIRC,6.099774327,-6.573430609
TCGA-66-2778-01,,TCGA Tumor,LUSC,-5.771454844,0.914643277
TCGA-KK-A7AY-01,,TCGA Tumor,PRAD,7.716482129,9.200186182
TARGET-10-PANSHK-09,,TCGA Tumor,Target-ALL,-8.440581832,-8.394226621
TCGA-TM-A7C3-01,,TCGA Tumor,LGG,1.216448453,-9.912876676
TCGA-EK-A2H0-01,,TCGA Tumor,CESC,-5.469963584,1.220570613
TCGA-DM-A282-01,,TCGA Tumor,COAD,-6.114477668,-3.66236503
TCGA-DY-A1DC-01,,TCGA Tumor,READ,-6.067243132,-3.633264135
TCGA-24-1563-01,,TCGA Tumor,OV,2.00442895,8.102123667
TARGET-10-PARJZZ-09,,TCGA Tumor,Target-ALL,-8.366185698,-8.323188375
TCGA-EA-A3HQ-01,,TCGA Tumor,CESC,-6.325430903,1.602755357
TCGA-S9-A6WG-01,,TCGA Tumor,LGG,2.201628771,-10.78516347
TCGA-24-0979-01,,TCGA Tumor,OV,1.815576401,8.307721544
TCGA-B9-4113-01,,TCGA Tumor,KIRP,-0.992677245,7.803864885
TCGA-BH-A0W7-01,,TCGA Tumor,BRCA,4.332839694,-1.717150997
TCGA-24-1467-01,,TCGA Tumor,OV,1.738452759,8.515077997
TCGA-E2-A15C-01,,TCGA Tumor,BRCA,4.851432767,-1.551799249
TCGA-D3-A2JH-06,,TCGA Tumor,SKCM,5.565036741,3.735836912
TCGA-99-8025-01,,TCGA Tumor,LUAD,-0.277781162,-2.885781835
TCGA-IB-A5SO-01,,TCGA Tumor,PAAD,-3.046075854,-2.579791378
TCGA-KO-8408-01,,TCGA Tumor,KICH,-3.553610835,5.102761675
TCGA-DJ-A3UP-01,,TCGA Tumor,THCA,11.56167933,0.778889466
TCGA-E2-A1IK-01,,TCGA Tumor,BRCA,5.691271749,-1.638797473
TCGA-A4-A5DU-01,,TCGA Tumor,KIRP,-0.966060314,7.824316908
TCGA-BG-A3EW-01,,TCGA Tumor,UCEC,1.421680894,6.594588686
TCGA-06-5858-01,,TCGA Tumor,GBM,1.273521867,-9.832462858
TCGA-R5-A7ZR-01,,TCGA Tumor,STAD,-3.798005614,-3.713634323
TCGA-HU-8249-01,,TCGA Tumor,STAD,-5.832586322,-3.500971865
TCGA-CM-4744-01,,TCGA Tumor,COAD,-5.727191005,-3.623067688
TCGA-ZB-A96O-01,,TCGA Tumor,THYM,-10.85431055,6.057621885
TCGA-B0-4690-01,,TCGA Tumor,KIRC,6.105810609,-5.32570846
TCGA-CV-7428-01,,TCGA Tumor,HNSC,-6.364216838,1.307898689
TCGA-44-8120-01,,TCGA Tumor,LUAD,-0.301756534,-2.95875151
TCGA-97-7554-01,,TCGA Tumor,LUAD,-0.104515228,-2.842099499
TCGA-EE-A2GR-06,,TCGA Tumor,SKCM,5.989040818,3.55502813
TCGA-FG-6690-01,,TCGA Tumor,LGG,2.264337387,-10.73753698
TCGA-N5-A59F-01,,TCGA Tumor,UCS,1.256299224,7.700314451
TCGA-MO-A47R-01,,TCGA Tumor,SARC,0.714269754,1.065336634
TCGA-BP-4166-01,,TCGA Tumor,KIRC,6.299743142,-5.463905882
TCGA-YT-A95E-01,,TCGA Tumor,THYM,-10.91198209,6.03744166
TCGA-BR-4361-01,,TCGA Tumor,STAD,-4.518347773,-3.567782472
TCGA-CJ-4871-01,,TCGA Tumor,KIRC,6.204918351,-5.438719343
TCGA-AZ-6605-01,,TCGA Tumor,COAD,-5.877980742,-3.668007921
TCGA-L5-A8NM-01,,TCGA Tumor,ESCA,-4.72099832,-3.518193077
TCGA-2G-AAFY-01,,TCGA Tumor,TGCT,-1.685378108,5.181711126
TCGA-EI-6881-01,,TCGA Tumor,READ,-6.112048182,-3.709771704
TARGET-50-CAAAAO-01,,TCGA Tumor,WT,-4.581267867,7.712619711
TCGA-E9-A5FK-01,,TCGA Tumor,BRCA,4.197957721,-1.674188565
TCGA-2G-AAKH-01,,TCGA Tumor,TGCT,-1.681866441,5.181121279
TCGA-DU-8167-01,,TCGA Tumor,LGG,2.342289772,-10.88213975
TCGA-G3-A25U-01,,TCGA Tumor,LIHC,0.893869039,4.11815684
TCGA-QH-A65X-01,,TCGA Tumor,LGG,2.827261415,-10.20656354
TCGA-85-8049-01,,TCGA Tumor,LUSC,-5.490017924,1.92721038
TCGA-49-4486-01,,TCGA Tumor,LUAD,-0.804918561,-2.725999426
TCGA-A4-8312-01,,TCGA Tumor,KIRP,0.94048604,6.544279028
TARGET-10-PAPNMY-04,,TCGA Tumor,Target-ALL,-8.411387954,-8.388249945
TCGA-CH-5741-01,,TCGA Tumor,PRAD,7.712336984,9.210145403
TCGA-KK-A59V-01,,TCGA Tumor,PRAD,8.684555497,8.152089525
TCGA-XF-A9SV-01,,TCGA Tumor,BLCA,-3.762384448,0.181396623
TCGA-J4-8200-01,,TCGA Tumor,PRAD,9.059561219,8.248269488
TCGA-WK-A8XZ-01,,TCGA Tumor,SARC,1.968892064,1.551330615
TCGA-E8-A415-01,,TCGA Tumor,THCA,11.03047701,-0.455097567
TCGA-HE-A5NJ-01,,TCGA Tumor,KIRP,-0.929098997,7.73477595
TCGA-EJ-5532-01,,TCGA Tumor,PRAD,8.494635072,8.265768458
TCGA-63-7020-01,,TCGA Tumor,LUSC,-5.665148291,1.646446277
TCGA-GS-A9U4-01,,TCGA Tumor,DLBC,-8.636723075,6.936514307
TCGA-3B-A9HR-01,,TCGA Tumor,SARC,1.978144374,1.548427035
TCGA-HL-7533-01,,TCGA Tumor,HNSC,-5.546210322,1.053108383
TCGA-YU-A94I-01,,TCGA Tumor,TGCT,-4.909316573,-1.935084413
TCGA-CN-4740-01,,TCGA Tumor,HNSC,-6.321761641,0.189127956
TCGA-13-0919-01,,TCGA Tumor,OV,1.579276409,7.773589064
TCGA-BH-A0HW-01,,TCGA Tumor,BRCA,5.647630182,-1.655498575
TCGA-NC-A5HQ-01,,TCGA Tumor,LUSC,-5.827102694,2.380650927
TCGA-96-7545-01,,TCGA Tumor,LUSC,-5.454721007,2.459618975
TCGA-XU-A933-01,,TCGA Tumor,THYM,-5.146159682,0.902655889
TCGA-AZ-6601-01,,TCGA Tumor,COAD,-5.447146449,-3.669463705
TCGA-GV-A3JZ-01,,TCGA Tumor,BLCA,-3.620975051,-0.812229704
TCGA-P4-AAVM-01,,TCGA Tumor,KIRP,-0.75683311,7.50231402
TCGA-KL-8343-01,,TCGA Tumor,KICH,-3.522929463,5.078447271
TCGA-LN-A5U6-01,,TCGA Tumor,ESCA,-5.627475295,1.550946642
TCGA-55-8094-01,,TCGA Tumor,LUAD,-1.146861467,-2.206411909
TCGA-66-2791-01,,TCGA Tumor,LUSC,-5.297489676,2.072101046
TCGA-GM-A3NW-01,,TCGA Tumor,BRCA,3.97776362,-1.787728618
TCGA-ZG-A9N3-01,,TCGA Tumor,PRAD,8.519043412,8.200938631
TCGA-HV-AA8X-01,,TCGA Tumor,PAAD,-3.087035451,-2.80419619
TCGA-EM-A2P0-01,,TCGA Tumor,THCA,11.51574751,-0.003283783
TCGA-B9-4617-01,,TCGA Tumor,KIRP,-0.906888757,7.727627684
TCGA-BQ-5893-01,,TCGA Tumor,KIRP,5.555051294,-5.175899099
TCGA-FS-A4F4-06,,TCGA Tumor,SKCM,5.847098317,3.474071909
TCGA-P3-A5QF-01,,TCGA Tumor,HNSC,-6.158763442,2.188018013
TCGA-CZ-5988-01,,TCGA Tumor,KIRC,6.101190057,-5.296660017
TCGA-24-1616-01,,TCGA Tumor,OV,1.782742706,8.439132143
TCGA-OR-A5JD-01,,TCGA Tumor,ACC,-3.476256642,-8.631259512
TCGA-HW-8319-01,,TCGA Tumor,LGG,2.344225135,-10.34079797
TCGA-06-0178-01,,TCGA Tumor,GBM,1.319626954,-9.487255644
TCGA-RD-A7BS-01,,TCGA Tumor,STAD,-4.151452575,-2.771858763
TCGA-49-6743-01,,TCGA Tumor,LUAD,-1.211583409,-2.253885816
TCGA-RN-A68Q-01,,TCGA Tumor,SARC,4.992786374,3.406017948
TCGA-EJ-5511-01,,TCGA Tumor,PRAD,8.110019174,8.567390848
TCGA-EJ-7327-01,,TCGA Tumor,PRAD,7.740723577,9.185827662
TCGA-FY-A3TY-01,,TCGA Tumor,THCA,11.02068945,-0.189776878
TCGA-BP-4993-01,,TCGA Tumor,KIRC,6.285643068,-5.81136043
TCGA-DD-A1EK-01,,TCGA Tumor,LIHC,0.866851118,4.187047888
TCGA-66-2788-01,,TCGA Tumor,LUSC,-6.052824054,0.864813794
TCGA-UF-A7J9-01,,TCGA Tumor,HNSC,-5.384157214,2.333540369
TCGA-EB-A3XE-01,,TCGA Tumor,SKCM,5.276770082,3.912264038
TCGA-99-AA5R-01,,TCGA Tumor,LUAD,-0.587405119,-2.243154358
TCGA-D8-A1XU-01,,TCGA Tumor,BRCA,4.181977239,-1.463745784
TCGA-MP-A4T7-01,,TCGA Tumor,LUAD,-1.225379143,-2.251995872
TCGA-OR-A5L4-01,,TCGA Tumor,ACC,-3.469301734,-8.618789266
TCGA-PL-A8LX-01,,TCGA Tumor,BRCA,5.519936052,-1.672295164
TCGA-B5-A0JR-01,,TCGA Tumor,UCEC,1.358532455,6.614900995
TCGA-D9-A4Z6-06,,TCGA Tumor,SKCM,5.921383825,3.583169867
TCGA-3G-AB0T-01,,TCGA Tumor,THYM,-10.92180589,6.040032316
TCGA-HZ-A77O-01,,TCGA Tumor,PAAD,-2.799480471,-2.476784061
TCGA-CJ-4875-01,,TCGA Tumor,KIRC,6.264893499,-6.752559732
TCGA-13-0730-01,,TCGA Tumor,OV,1.24059197,7.71465962
TCGA-EL-A4KH-01,,TCGA Tumor,THCA,11.60244509,0.115398776
TCGA-VR-A8EY-01,,TCGA Tumor,ESCA,-6.444448504,0.997139622
TCGA-22-5483-01,,TCGA Tumor,LUSC,-1.517015729,-0.821514915
TCGA-CJ-6032-01,,TCGA Tumor,KIRC,6.325736966,-6.794776987
TCGA-4Z-AA7N-01,,TCGA Tumor,BLCA,-3.959304366,-0.051588442
TCGA-GI-A2C8-01,,TCGA Tumor,BRCA,3.565060106,-1.358279895
TCGA-34-5927-01,,TCGA Tumor,LUSC,-5.385684047,2.465196539
TCGA-VQ-A8P2-01,,TCGA Tumor,STAD,-4.858189616,-3.651836227
TCGA-DX-A8BT-01,,TCGA Tumor,SARC,1.273358669,1.649003674
TCGA-B6-A0IN-01,,TCGA Tumor,BRCA,5.476681676,-1.722252916
TCGA-P5-A780-01,,TCGA Tumor,LGG,2.294381705,-10.96399743
TCGA-KL-8327-01,,TCGA Tumor,KICH,-3.534668717,5.085730959
TCGA-BJ-A191-01,,TCGA Tumor,THCA,11.49476,0.597565044
TCGA-D1-A3DH-01,,TCGA Tumor,UCEC,1.391266074,6.614833761
TCGA-DD-A1EE-01,,TCGA Tumor,LIHC,1.299275604,3.874905516
TCGA-E1-5302-01,,TCGA Tumor,LGG,2.231570211,-10.40630109
TCGA-RW-A68D-01,,TCGA Tumor,PCPG,-0.036979738,13.07405322
TCGA-14-1823-01,,TCGA Tumor,GBM,1.298089054,-9.31988294
TCGA-KO-8407-01,,TCGA Tumor,KICH,-3.561380658,5.104963709
TCGA-HW-A5KJ-01,,TCGA Tumor,LGG,3.113530603,-10.47992189
TCGA-DX-A7EL-01,,TCGA Tumor,SARC,1.955644217,1.549783994
TCGA-D7-8574-01,,TCGA Tumor,STAD,-2.728909764,-1.90705664
TARGET-50-PADZUB-01,,TCGA Tumor,WT,-4.587646041,7.716646124
TCGA-CV-7095-01,,TCGA Tumor,HNSC,-6.875560794,0.656683136
TARGET-10-PARMXF-04,,TCGA Tumor,Target-ALL,-3.883646998,-12.34370382
TCGA-G9-7522-01,,TCGA Tumor,PRAD,7.887078252,8.913014818
TCGA-MQ-A4LV-01,,TCGA Tumor,MESO,-0.131510291,1.522719074
TCGA-ER-A194-01,,TCGA Tumor,SKCM,6.13133761,3.796774794
TCGA-IB-AAUN-01,,TCGA Tumor,PAAD,-3.026035819,-2.651031565
TCGA-KN-8433-01,,TCGA Tumor,KICH,-3.559359822,5.103332449
TCGA-EE-A2GI-06,,TCGA Tumor,SKCM,5.763808694,3.580868174
TCGA-68-7756-01,,TCGA Tumor,LUSC,-5.761279139,1.446633865
TCGA-2A-A8VV-01,,TCGA Tumor,PRAD,7.712948766,9.207508494
TCGA-G9-7519-01,,TCGA Tumor,PRAD,9.119153466,8.248794962
TCGA-A8-A097-01,,TCGA Tumor,BRCA,5.031309095,-1.396793555
TCGA-CJ-5678-01,,TCGA Tumor,KIRC,6.117680516,-6.654548715
TCGA-C5-A902-01,,TCGA Tumor,CESC,-5.340818438,1.286942173
TCGA-FA-A4BB-01,,TCGA Tumor,DLBC,-8.635138068,6.936077524
TCGA-55-8090-01,,TCGA Tumor,LUAD,-0.33631489,-2.928970884
TCGA-E9-A22E-01,,TCGA Tumor,BRCA,3.247477975,-1.250659894
TCGA-DJ-A3VG-01,,TCGA Tumor,THCA,11.50295207,0.870940078
TCGA-CR-7389-01,,TCGA Tumor,HNSC,-6.574151072,0.422786583
TCGA-AB-2872-03,,TCGA Tumor,LAML,-4.166214499,-12.04043443
TCGA-29-1777-01,,TCGA Tumor,OV,0.906458822,-0.518044602
TCGA-92-8064-01,,TCGA Tumor,LUSC,-5.272976432,2.194128204
TCGA-BP-4987-01,,TCGA Tumor,KIRC,6.282825914,-6.81074531
TARGET-10-PAPEAB-04,,TCGA Tumor,Target-ALL,-8.383265052,-8.346329283
TCGA-CC-A8HV-01,,TCGA Tumor,LIHC,0.212473747,3.412128616
TCGA-BJ-A18Z-01,,TCGA Tumor,THCA,11.00605818,-0.208248537
TCGA-V4-A9EC-01,,TCGA Tumor,UVM,6.713819471,4.428513456
TCGA-97-A4M6-01,,TCGA Tumor,LUAD,-0.371072385,-2.791675161
TCGA-KO-8416-01,,TCGA Tumor,KICH,-3.562609706,5.114171435
TCGA-YT-A95F-01,,TCGA Tumor,THYM,-10.97395757,5.955416132
TCGA-AB-2933-03,,TCGA Tumor,LAML,-4.691978965,-11.65040929
TCGA-A2-A04X-01,,TCGA Tumor,BRCA,4.891804662,-1.2404886
TCGA-J9-A8CM-01,,TCGA Tumor,PRAD,8.90041205,8.305101801
TCGA-F5-6464-01,,TCGA Tumor,READ,-5.003760371,-3.079704355
TCGA-QR-A70D-01,,TCGA Tumor,PCPG,0.16000731,12.86709159
TCGA-HU-8604-01,,TCGA Tumor,STAD,-5.393546614,-3.353379797
TCGA-EP-A12J-01,,TCGA Tumor,LIHC,1.338366535,3.849264074
TARGET-10-PANKRG-03,,TCGA Tumor,Target-ALL,-8.400857482,-8.348541807
TCGA-DU-6404-02,,TCGA Tumor,LGG,1.343785432,-9.136161398
TCGA-2H-A9GJ-01,,TCGA Tumor,ESCA,-3.86918262,-3.63765962
TCGA-MA-AA3X-01,,TCGA Tumor,CESC,-6.453487906,1.644771386
TCGA-D7-6820-01,,TCGA Tumor,STAD,-3.801629576,-3.660473179
TCGA-2Z-A9J9-01,,TCGA Tumor,KIRP,0.94315454,6.58501618
TCGA-DJ-A3V0-01,,TCGA Tumor,THCA,11.03862616,-0.260593574
TCGA-IG-A5S3-01,,TCGA Tumor,ESCA,-6.60694364,0.366412301
TCGA-CR-7393-01,,TCGA Tumor,HNSC,-6.466673407,0.290865336
TCGA-CV-A45R-01,,TCGA Tumor,HNSC,-6.57142118,0.507378299
TCGA-LL-A441-01,,TCGA Tumor,BRCA,1.00416508,-1.537089657
TCGA-HC-A8D1-01,,TCGA Tumor,PRAD,7.773844686,9.144789148
TCGA-AC-A3BB-01,,TCGA Tumor,BRCA,4.121061053,-1.696958731
TCGA-D9-A1JX-06,,TCGA Tumor,SKCM,5.572698083,3.686155726
TCGA-A8-A094-01,,TCGA Tumor,BRCA,4.149401155,-0.934946786
TCGA-C8-A12Z-01,,TCGA Tumor,BRCA,4.488346544,-1.104092788
TCGA-D3-A2JL-06,,TCGA Tumor,SKCM,5.912426915,3.620095421
TCGA-TT-A6YK-01,,TCGA Tumor,PCPG,0.232684728,12.79587596
TCGA-D5-6927-01,,TCGA Tumor,COAD,-5.2392979,-3.736377071
TCGA-G9-6494-01,,TCGA Tumor,PRAD,7.905215707,8.900048662
TCGA-HF-7134-01,,TCGA Tumor,STAD,-4.659685645,-3.775991272
TCGA-4V-A9QU-01,,TCGA Tumor,THYM,-10.85035089,6.071503569
TCGA-KL-8323-01,,TCGA Tumor,KICH,-3.563767943,5.108250548
TCGA-EE-A2MM-06,,TCGA Tumor,SKCM,5.025286641,3.405734707
TCGA-EM-A1YB-01,,TCGA Tumor,THCA,11.37107321,0.97402661
TCGA-79-5596-01,,TCGA Tumor,LUSC,-5.97046617,2.406388689
TCGA-D8-A1XF-01,,TCGA Tumor,BRCA,5.756546941,-1.658695887
TCGA-S7-A7WL-01,,TCGA Tumor,PCPG,-0.042113248,13.0824446
TCGA-55-8514-01,,TCGA Tumor,LUAD,-0.345904145,-3.008933615
TCGA-CV-5432-01,,TCGA Tumor,HNSC,-6.327834639,1.135344793
TCGA-RW-A68G-01,,TCGA Tumor,PCPG,0.214100119,12.81519168
TCGA-VQ-A8PM-01,,TCGA Tumor,STAD,-3.951894793,-3.64809234
TCGA-A5-A2K5-01,,TCGA Tumor,UCEC,1.367944029,6.568711687
TCGA-AO-A0JD-01,,TCGA Tumor,BRCA,4.041934934,-1.579332661
TCGA-62-8402-01,,TCGA Tumor,LUAD,-0.426943395,-2.667815756
TCGA-04-1536-01,,TCGA Tumor,OV,1.90682241,8.191493441
TCGA-R8-A6MO-01,,TCGA Tumor,LGG,3.07399055,-10.53171403
TCGA-KL-8332-01,,TCGA Tumor,KICH,-3.533260379,5.086310793
TCGA-66-2787-01,,TCGA Tumor,LUSC,-5.318287883,2.499133993
TCGA-05-4424-01,,TCGA Tumor,LUAD,-0.308934364,-2.864816259
TCGA-A8-A082-01,,TCGA Tumor,BRCA,5.445410218,-1.595300506
TCGA-27-1837-01,,TCGA Tumor,GBM,1.287609246,-9.970542501
TCGA-CD-8535-01,,TCGA Tumor,STAD,-3.95229486,-2.232486318
TCGA-EA-A3HS-01,,TCGA Tumor,CESC,-6.227848563,1.523379375
TCGA-L3-A524-01,,TCGA Tumor,LUSC,-5.299117598,2.397983481
TCGA-FG-7636-01,,TCGA Tumor,LGG,2.414884057,-10.86515005
TCGA-3C-AALJ-01,,TCGA Tumor,BRCA,5.578301397,-1.671075534
TCGA-DD-AAED-01,,TCGA Tumor,LIHC,0.370666147,3.543436695
TCGA-CQ-5324-01,,TCGA Tumor,HNSC,-6.526437316,0.419184823
TCGA-C5-A7CO-01,,TCGA Tumor,CESC,-5.754273925,1.547318984
TCGA-MK-A4N6-01,,TCGA Tumor,THCA,11.00774714,-0.45693339
TCGA-HT-8109-01,,TCGA Tumor,LGG,2.825869527,-9.755430769
TCGA-CS-6290-01,,TCGA Tumor,LGG,2.233603921,-10.76385076
TCGA-HU-A4GJ-01,,TCGA Tumor,STAD,-3.981179747,-3.506022524
TCGA-DD-AADO-01,,TCGA Tumor,LIHC,0.502108846,3.612913061
TCGA-LL-A440-01,,TCGA Tumor,BRCA,3.335431304,-1.357076596
TCGA-38-4632-01,,TCGA Tumor,LUAD,0.030534324,-2.780755113
TCGA-AR-A2LK-01,,TCGA Tumor,BRCA,4.764407602,-1.603366326
TARGET-50-PAJMVU-01,,TCGA Tumor,WT,-4.608453307,7.741918017
TCGA-EV-5902-01,,TCGA Tumor,KIRP,-0.898260746,7.700891901
TCGA-13-1507-01,,TCGA Tumor,OV,1.665297475,7.792618681
TCGA-56-8624-01,,TCGA Tumor,LUSC,-6.247501406,1.452056814
TCGA-C5-A0TN-01,,TCGA Tumor,CESC,-5.281962428,0.756841887
TCGA-KS-A4I3-01,,TCGA Tumor,THCA,10.97336432,-0.669901024
TCGA-D6-A6ES-01,,TCGA Tumor,HNSC,-6.329331431,0.142712701
TCGA-MQ-A6BN-01,,TCGA Tumor,MESO,-0.140265677,1.531372596
TCGA-OR-A5KT-01,,TCGA Tumor,ACC,-3.492749963,-8.600334715
TCGA-49-6761-01,,TCGA Tumor,LUAD,-0.07264683,-3.010231088
TCGA-EJ-A8FU-01,,TCGA Tumor,PRAD,9.151860681,8.274719645
TCGA-A8-A07G-01,,TCGA Tumor,BRCA,4.067290511,-1.694946359
TCGA-EJ-A7NH-01,,TCGA Tumor,PRAD,9.292476144,8.186460901
TCGA-PK-A5H9-01,,TCGA Tumor,ACC,-3.451778683,-8.6214195
TCGA-KN-8425-01,,TCGA Tumor,KICH,-3.561095509,5.103573252
TCGA-QK-A6IF-01,,TCGA Tumor,HNSC,-5.757730517,1.780160595
TCGA-YU-A94D-01,,TCGA Tumor,TGCT,-3.955126319,6.747793604
TCGA-DA-A95X-06,,TCGA Tumor,SKCM,5.482551065,3.439949204
TCGA-HZ-7918-01,,TCGA Tumor,PAAD,-1.397357735,-0.943901967
TCGA-BH-A0DI-01,,TCGA Tumor,BRCA,3.032666412,-1.171492766
TCGA-XF-A9SW-01,,TCGA Tumor,BLCA,3.484694209,-1.630892109
TCGA-A3-A8OV-01,,TCGA Tumor,KIRC,6.26344296,-6.835911344
TCGA-ET-A25J-01,,TCGA Tumor,THCA,10.97992178,-0.582049142
TCGA-QR-A70W-01,,TCGA Tumor,PCPG,0.005188581,13.03504603
TCGA-W3-AA1W-06,,TCGA Tumor,SKCM,5.84690186,3.474995781
TCGA-05-4432-01,,TCGA Tumor,LUAD,-0.659005079,-2.454483103
TCGA-LN-A5U5-01,,TCGA Tumor,ESCA,-5.318053756,1.969455887
TCGA-BH-A0B7-01,,TCGA Tumor,BRCA,4.123720613,-0.9366122
TCGA-K1-A6RU-01,,TCGA Tumor,SARC,1.256582048,1.690208365
TCGA-AY-A71X-01,,TCGA Tumor,COAD,-5.158798728,-3.708106588
TCGA-V4-A9EH-01,,TCGA Tumor,UVM,6.725035634,4.441563059
TCGA-DD-A1EG-01,,TCGA Tumor,LIHC,0.920462277,4.014183451
TCGA-QR-A70I-01,,TCGA Tumor,PCPG,0.086423722,12.94540923
TCGA-CV-5436-01,,TCGA Tumor,HNSC,-6.847579512,0.634319891
TCGA-DK-A3WX-01,,TCGA Tumor,BLCA,-6.351456198,0.658008922
TARGET-50-PAJMRL-01,,TCGA Tumor,WT,-4.62723783,7.761900355
TCGA-C5-A2LV-01,,TCGA Tumor,CESC,-5.324441466,0.747178842
TCGA-CZ-5982-01,,TCGA Tumor,KIRC,6.356536832,-6.624939512
TCGA-P7-A5NX-01,,TCGA Tumor,PCPG,0.043844905,12.99205535
TCGA-DX-A3LY-01,,TCGA Tumor,SARC,1.178393688,1.229525019
TCGA-FY-A3R7-01,,TCGA Tumor,THCA,11.51078078,0.581561555
TCGA-RA-A741-01,,TCGA Tumor,CESC,-5.565650973,1.303884078
TCGA-HC-A6AP-01,,TCGA Tumor,PRAD,9.279112306,8.111350466
TCGA-CF-A9FH-01,,TCGA Tumor,BLCA,-3.642636332,0.150395137
TCGA-R6-A6XG-01,,TCGA Tumor,ESCA,-3.788693938,-3.697749924
TARGET-10-PASKAY-09,,TCGA Tumor,Target-ALL,-8.425620589,-8.380244802
TCGA-F5-6811-01,,TCGA Tumor,READ,-5.740074191,-3.621124338
TCGA-BC-A10R-01,,TCGA Tumor,LIHC,0.976278749,4.113550116
TARGET-10-PASCIU-03,,TCGA Tumor,Target-ALL,-8.208338294,-8.171581816
TCGA-QK-A6VC-01,,TCGA Tumor,HNSC,-6.424958739,1.690796543
TCGA-M7-A725-01,,TCGA Tumor,PRAD,8.400898423,8.271888186
TCGA-49-AAQV-01,,TCGA Tumor,LUAD,-0.258833203,-2.930570434
TCGA-A2-A0EX-01,,TCGA Tumor,BRCA,3.831721273,-1.681271385
TARGET-10-PANTSM-09,,TCGA Tumor,Target-ALL,-8.248616729,-8.215631079
TCGA-EE-A2MF-06,,TCGA Tumor,SKCM,5.492999044,3.685646702
TARGET-10-PANTSM-04,,TCGA Tumor,Target-ALL,-8.388187918,-8.351429533
TCGA-D8-A1XR-01,,TCGA Tumor,BRCA,4.384707179,-1.160294246
TCGA-EB-A5SH-06,,TCGA Tumor,SKCM,6.592861142,4.317509104
TCGA-AB-2964-03,,TCGA Tumor,LAML,-4.937431369,-11.49767358
TCGA-VP-A87C-01,,TCGA Tumor,PRAD,9.308898416,8.148335863
TARGET-30-PAPZYP-01,,TCGA Tumor,NB,2.662735906,12.91687148
TCGA-AR-A0TQ-01,,TCGA Tumor,BRCA,5.647801366,-1.714268755
TCGA-G3-A3CG-01,,TCGA Tumor,LIHC,1.023113456,4.202321936
TCGA-ER-A19E-06,,TCGA Tumor,SKCM,5.14266726,3.482763935
TCGA-DK-AA6U-01,,TCGA Tumor,BLCA,-3.589737687,-0.637584876
TCGA-MA-AA3Z-01,,TCGA Tumor,CESC,-6.250477824,2.031235863
TCGA-BR-8286-01,,TCGA Tumor,STAD,-3.8058534,-3.704552721
TCGA-18-3409-01,,TCGA Tumor,LUSC,-5.309716735,0.755030442
TCGA-JV-A75J-01,,TCGA Tumor,SARC,0.416284481,1.048688401
TCGA-DD-A1ED-01,,TCGA Tumor,LIHC,1.057835307,4.153388907
TCGA-BH-A18P-01,,TCGA Tumor,BRCA,4.739871946,-1.207494925
TCGA-XU-AAY0-01,,TCGA Tumor,THYM,-10.86831907,6.055699755
TCGA-A6-6782-01,,TCGA Tumor,COAD,-5.818012271,-3.479173254
TCGA-BH-A0B3-01,,TCGA Tumor,BRCA,0.896654304,-1.451463651
TCGA-BR-A4CR-01,,TCGA Tumor,STAD,-1.267898593,-0.64682753
TCGA-2Y-A9H8-01,,TCGA Tumor,LIHC,0.739852842,3.882114102
TCGA-61-1721-01,,TCGA Tumor,OV,1.496401396,1.61653762
TCGA-56-8628-01,,TCGA Tumor,LUSC,-5.201785121,1.341460515
TCGA-CW-5591-01,,TCGA Tumor,KIRC,-0.732939038,7.572140146
TCGA-G4-6626-01,,TCGA Tumor,COAD,-6.049923453,-3.66446812
TCGA-2Y-A9GT-01,,TCGA Tumor,LIHC,0.931380239,4.190068651
TCGA-EO-A3AZ-01,,TCGA Tumor,UCEC,0.946148482,6.677498747
TCGA-3N-A9WD-06,,TCGA Tumor,SKCM,5.921859231,3.563874651
TCGA-G3-A3CJ-01,,TCGA Tumor,LIHC,1.311137703,3.883906294
TCGA-YL-A9WK-01,,TCGA Tumor,PRAD,9.345577684,8.027447153
TCGA-2L-AAQI-01,,TCGA Tumor,PAAD,-2.739399705,-2.459391664
TCGA-HS-A5N9-01,,TCGA Tumor,SARC,1.953804341,1.585691262
TCGA-VS-A9UT-01,,TCGA Tumor,CESC,0.875973132,7.018256594
TCGA-E2-A15O-01,,TCGA Tumor,BRCA,5.545877423,-1.512459468
TCGA-50-5045-01,,TCGA Tumor,LUAD,0.070227679,-2.52827413
TCGA-SR-A6MU-01,,TCGA Tumor,PCPG,0.24039748,12.78526251
TCGA-DA-A95W-06,,TCGA Tumor,SKCM,6.648432222,4.378523279
TARGET-10-PAPECF-04,,TCGA Tumor,Target-ALL,-8.380281005,-8.341870855
TCGA-BP-4332-01,,TCGA Tumor,KIRC,6.24591538,-5.770762037
TARGET-50-PAJNSL-01,,TCGA Tumor,WT,-4.56512979,7.69766276
TCGA-AO-A12C-01,,TCGA Tumor,BRCA,3.81746861,-1.625572633
TCGA-FF-8043-01,,TCGA Tumor,DLBC,-8.617752585,6.991652418
TCGA-P3-A5Q5-01,,TCGA Tumor,HNSC,-6.039563212,2.354921271
TCGA-N8-A4PQ-01,,TCGA Tumor,UCS,-3.959206137,6.757034708
TCGA-ZJ-AAX8-01,,TCGA Tumor,CESC,-6.270523104,1.646284987
TCGA-DJ-A2QC-01,,TCGA Tumor,THCA,11.58945509,0.196889747
TCGA-OL-A97C-01,,TCGA Tumor,BRCA,1.115325835,7.500963617
TCGA-18-3416-01,,TCGA Tumor,LUSC,-5.267693553,2.222371508
TCGA-DA-A1IB-06,,TCGA Tumor,SKCM,5.828573671,3.58255427
TCGA-AB-2937-03,,TCGA Tumor,LAML,-4.738235507,-11.38898046
TCGA-68-7755-01,,TCGA Tumor,LUSC,-5.380088362,2.412801911
TCGA-EE-A2GN-06,,TCGA Tumor,SKCM,5.641194787,3.868398119
TCGA-V1-A9ZR-01,,TCGA Tumor,PRAD,8.896186319,8.291199137
TCGA-EO-A3KW-01,,TCGA Tumor,UCEC,1.756588068,8.568574358
TCGA-NH-A8F8-01,,TCGA Tumor,COAD,-5.803832564,-3.499148439
TCGA-EL-A3GP-01,,TCGA Tumor,THCA,11.00987288,-0.30561177
TCGA-G3-AAV2-01,,TCGA Tumor,LIHC,1.331543412,3.858315874
TCGA-HC-7081-01,,TCGA Tumor,PRAD,7.720582929,9.192932535
TCGA-DD-A73C-01,,TCGA Tumor,LIHC,0.979804006,4.21152537
TCGA-H2-A3RI-01,,TCGA Tumor,THCA,11.01612517,-0.52681167
TCGA-21-5787-01,,TCGA Tumor,LUSC,-1.237522874,-2.114054512
TCGA-BJ-A45D-01,,TCGA Tumor,THCA,11.65232417,0.700291563
TCGA-D7-A6EX-01,,TCGA Tumor,STAD,-2.513139043,-1.913571905
TCGA-TM-A84B-01,,TCGA Tumor,LGG,1.225611057,-9.909006666
TCGA-OR-A5K0-01,,TCGA Tumor,ACC,-3.460123811,-8.625674795
TCGA-FY-A4B4-01,,TCGA Tumor,THCA,10.98367068,-0.310257148
TCGA-BH-A18G-01,,TCGA Tumor,BRCA,1.109040227,-1.353941988
TCGA-13-0725-01,,TCGA Tumor,OV,2.001360264,8.146722246
TCGA-B6-A0IA-01,,TCGA Tumor,BRCA,4.638967004,-1.483662199
TCGA-A8-A090-01,,TCGA Tumor,BRCA,5.163982835,-1.512591909
TCGA-BB-4217-01,,TCGA Tumor,HNSC,-8.559714827,6.923615862
TCGA-5T-A9QA-01,,TCGA Tumor,BRCA,5.649261441,-1.665103506
TCGA-TN-A7HJ-01,,TCGA Tumor,HNSC,-6.583313498,0.918979038
TCGA-AN-A0XT-01,,TCGA Tumor,BRCA,4.067294088,-1.773092817
TCGA-TS-A8AS-01,,TCGA Tumor,MESO,-0.111900303,1.493857909
TCGA-QR-A70C-01,,TCGA Tumor,PCPG,0.226934728,12.79923766
TCGA-78-7145-01,,TCGA Tumor,LUAD,-0.101104352,-3.053615879
TCGA-EE-A29L-06,,TCGA Tumor,SKCM,6.019129243,3.553263594
TCGA-44-2659-01,,TCGA Tumor,LUAD,-0.144071791,-2.643528532
TCGA-4X-A9F9-01,,TCGA Tumor,THYM,-10.84487966,6.062526156
TCGA-C5-A1BJ-01,,TCGA Tumor,CESC,-6.32653049,1.541853596
TCGA-G2-AA3C-01,,TCGA Tumor,BLCA,1.070252147,1.136542846
TCGA-HU-8602-01,,TCGA Tumor,STAD,-4.416424784,-3.50925691
TCGA-CR-6470-01,,TCGA Tumor,HNSC,-5.924333606,1.890025545
TCGA-CH-5768-01,,TCGA Tumor,PRAD,8.10470244,8.571196009
TCGA-2H-A9GM-01,,TCGA Tumor,ESCA,-4.084071669,-2.928788732
TCGA-XH-A853-01,,TCGA Tumor,THYM,-10.88977579,6.055141855
TCGA-CM-4751-01,,TCGA Tumor,COAD,-5.650701556,-3.541104387
TCGA-AO-A0J4-01,,TCGA Tumor,BRCA,0.97488704,-1.573271107
TCGA-78-7160-01,,TCGA Tumor,LUAD,-1.245070967,-2.254318308
TCGA-77-6844-01,,TCGA Tumor,LUSC,-6.012761149,2.237769295
TCGA-B8-5549-01,,TCGA Tumor,KIRC,6.233334031,-6.690197061
TCGA-CS-4944-01,,TCGA Tumor,LGG,2.174350705,-10.62200029
TCGA-A2-A0YK-01,,TCGA Tumor,BRCA,4.078553405,-1.708797048
TCGA-18-3414-01,,TCGA Tumor,LUSC,-5.762348685,1.544946123
TCGA-13-1481-01,,TCGA Tumor,OV,1.494879928,7.789276529
TCGA-BP-4803-01,,TCGA Tumor,KIRC,6.234822717,-5.598986219
TCGA-A8-A09K-01,,TCGA Tumor,BRCA,5.522443738,-1.591030549
TCGA-61-1907-01,,TCGA Tumor,OV,1.790339318,8.449233462
TCGA-IB-7885-01,,TCGA Tumor,PAAD,-2.892839942,-2.616631817
TCGA-95-7947-01,,TCGA Tumor,LUAD,-0.42463151,-2.933669876
TCGA-VQ-AA6F-01,,TCGA Tumor,STAD,-3.777063403,-3.636545252
TCGA-BR-8588-01,,TCGA Tumor,STAD,-4.412866626,-3.454848121
TCGA-24-2254-01,,TCGA Tumor,OV,-0.320846829,-2.733024191
TCGA-DD-A115-01,,TCGA Tumor,LIHC,0.885600891,4.210734297