,case_id3,cancer_type,cell_type,Diagnosis_TCGA_HCMI_Code,CCLE_Disease,umap1,umap2
TCGA-19-1787-01,,Glioblastoma,TCGA Tumor,GBM,Brain Cancer,1.261220899,-9.910667967
TCGA-F4-6854-01,,Colorectal Cancer,TCGA Tumor,COAD,Colon/Colorectal Cancer,-6.143769297,-3.640988659
TCGA-HU-8243-01,,Gastric Cancer,TCGA Tumor,STAD,Gastric Cancer,-4.814543757,-2.09134252
TCGA-EE-A17X-06,,Skin Cancer,TCGA Tumor,SKCM,Skin Cancer,6.037219968,3.701516796
TCGA-05-4420-01,,Lung Cancer,TCGA Tumor,LUAD,Lung Cancer,0.011884567,-3.079869818
TCGA-DX-A3U8-01,,Sarcoma,TCGA Tumor,SARC,Sarcoma,-3.769572768,6.601433684
TCGA-CC-A3MA-01,,Liver Cancer,TCGA Tumor,LIHC,Liver Cancer,0.217878949,3.440584351
TCGA-IN-7808-01,,Gastric Cancer,TCGA Tumor,STAD,Gastric Cancer,-4.368680987,-3.279570888
TCGA-CC-A9FW-01,,Liver Cancer,TCGA Tumor,LIHC,Liver Cancer,0.383307418,3.536965777
TCGA-RP-A695-06,,Skin Cancer,TCGA Tumor,SKCM,Skin Cancer,6.126868215,3.7389354
TCGA-AX-A3G6-01,,Endometrial/Uterine Cancer,TCGA Tumor,UCEC,Endometrial/Uterine Cancer,1.475939241,6.569035937
TCGA-PC-A5DM-01,,Sarcoma,TCGA Tumor,SARC,Sarcoma,1.918316212,1.568621803
TCGA-BR-A4QL-01,,Gastric Cancer,TCGA Tumor,STAD,Gastric Cancer,-4.414312873,-3.473529171
TCGA-A2-A3XX-01,,Breast Cancer,TCGA Tumor,BRCA,Breast Cancer,1.062575128,-1.655888866
TCGA-DQ-5624-01,,Head and Neck Cancer,TCGA Tumor,HNSC,Head and Neck Cancer,-6.542038951,0.500918258
TCGA-06-5412-01,,Glioblastoma,TCGA Tumor,GBM,Brain Cancer,1.300691095,-9.031351637
TCGA-BP-4989-01,,Kidney Cancer,TCGA Tumor,KIRC,Kidney Cancer,6.214151826,-5.809781145
TCGA-24-1426-01,,Ovarian Cancer,TCGA Tumor,OV,Ovarian Cancer,1.315920201,7.880011488
TCGA-CZ-5459-01,,Kidney Cancer,TCGA Tumor,KIRC,Kidney Cancer,6.190415349,-5.981685709
TCGA-44-6778-01,,Lung Cancer,TCGA Tumor,LUAD,Lung Cancer,-1.245350036,-0.775977205
TCGA-KP-A3W3-01,,Endometrial/Uterine Cancer,TCGA Tumor,UCEC,Endometrial/Uterine Cancer,1.417651739,6.570926596
TCGA-IQ-A61O-01,,Head and Neck Cancer,TCGA Tumor,HNSC,Head and Neck Cancer,0.166508314,1.280278493
TCGA-BH-A18K-01,,Breast Cancer,TCGA Tumor,BRCA,Breast Cancer,4.305699077,-1.360991668
TCGA-DD-AAW0-01,,Liver Cancer,TCGA Tumor,LIHC,Liver Cancer,0.915842679,3.888098646
TARGET-50-PAJMSE-01,,Kidney Cancer,TCGA Tumor,WT,Kidney Cancer,-4.637149367,7.772781302
TCGA-AA-3511-01,,Colorectal Cancer,TCGA Tumor,COAD,Colon/Colorectal Cancer,-6.10632566,-3.668485235
TCGA-Z7-A8R5-01,,Breast Cancer,TCGA Tumor,BRCA,Breast Cancer,1.090336111,-1.366165708
TCGA-39-5031-01,,Lung Cancer,TCGA Tumor,LUSC,Lung Cancer,-5.73877624,2.161369969
TCGA-DJ-A3UX-01,,Thyroid Cancer,TCGA Tumor,THCA,Thyroid Cancer,11.07756087,-0.102106567
TCGA-C8-A1HL-01,,Breast Cancer,TCGA Tumor,BRCA,Breast Cancer,4.955391374,-1.28582878
TCGA-EI-6512-01,,Colorectal Cancer,TCGA Tumor,READ,Colon/Colorectal Cancer,-5.679698024,-3.632826637
TCGA-DK-A1AA-01,,Bladder Cancer,TCGA Tumor,BLCA,Bladder Cancer,-3.697227034,0.136453946
TCGA-2H-A9GF-01,,Esophageal Cancer,TCGA Tumor,ESCA,Esophageal Cancer,4.891693559,-1.476798247
TCGA-HZ-7922-01,,Pancreatic Cancer,TCGA Tumor,PAAD,Pancreatic Cancer,-2.869648728,-2.527726959
TCGA-DD-AACA-02,,Liver Cancer,TCGA Tumor,LIHC,Liver Cancer,1.297089246,3.871815373
TCGA-BJ-A192-01,,Thyroid Cancer,TCGA Tumor,THCA,Thyroid Cancer,11.50236556,0.86397915
TCGA-D3-A8GD-06,,Skin Cancer,TCGA Tumor,SKCM,Skin Cancer,5.672334161,3.591467549
TCGA-13-1485-01,,Ovarian Cancer,TCGA Tumor,OV,Ovarian Cancer,1.895871129,8.170824457
TCGA-BR-8372-01,,Gastric Cancer,TCGA Tumor,STAD,Gastric Cancer,-4.424142871,-3.553220104
TCGA-64-1679-01,,Lung Cancer,TCGA Tumor,LUAD,Lung Cancer,-0.376445029,-2.861543011
TCGA-CV-5976-01,,Head and Neck Cancer,TCGA Tumor,HNSC,Head and Neck Cancer,-6.601817164,0.592651952
TCGA-25-1315-01,,Ovarian Cancer,TCGA Tumor,OV,Ovarian Cancer,1.485244956,7.776026179
TCGA-A2-A0EM-01,,Breast Cancer,TCGA Tumor,BRCA,Breast Cancer,3.957447257,-1.731637906
TCGA-R6-A8WC-01,,Esophageal Cancer,TCGA Tumor,ESCA,Esophageal Cancer,-5.005949054,-3.621901106
TCGA-LN-A4MQ-01,,Esophageal Cancer,TCGA Tumor,ESCA,Esophageal Cancer,-5.942965541,2.28071015
TCGA-CV-6948-01,,Head and Neck Cancer,TCGA Tumor,HNSC,Head and Neck Cancer,-5.344848189,2.458443333
TCGA-K7-AAU7-01,,Liver Cancer,TCGA Tumor,LIHC,Liver Cancer,0.251724225,3.441081215
TCGA-CJ-6028-01,,Kidney Cancer,TCGA Tumor,KIRC,Kidney Cancer,6.145122495,-5.60660417
TCGA-24-2297-01,,Ovarian Cancer,TCGA Tumor,OV,Ovarian Cancer,1.629928794,8.175553728
TCGA-EL-A3D0-01,,Thyroid Cancer,TCGA Tumor,THCA,Thyroid Cancer,11.1579909,-0.215182732
TCGA-EM-A22Q-01,,Thyroid Cancer,TCGA Tumor,THCA,Thyroid Cancer,11.50975176,0.657412518
TCGA-49-6744-01,,Lung Cancer,TCGA Tumor,LUAD,Lung Cancer,-0.179367695,-2.997869562
TCGA-IB-7891-01,,Pancreatic Cancer,TCGA Tumor,PAAD,Pancreatic Cancer,-2.119611296,-2.240573477
TCGA-Q3-A5QY-01,,Pancreatic Cancer,TCGA Tumor,PAAD,Pancreatic Cancer,-2.782953534,-2.138816665
TCGA-41-2571-01,,Glioblastoma,TCGA Tumor,GBM,Brain Cancer,1.537762966,-9.155483793
TCGA-AJ-A3BI-01,,Endometrial/Uterine Cancer,TCGA Tumor,UCEC,Endometrial/Uterine Cancer,1.415876475,6.586191584
TCGA-E3-A3E2-01,,Thyroid Cancer,TCGA Tumor,THCA,Thyroid Cancer,11.37703749,-0.1133801
TCGA-FB-A545-01,,Pancreatic Cancer,TCGA Tumor,PAAD,Pancreatic Cancer,-3.105637345,-2.673717569
TCGA-G4-6320-01,,Colorectal Cancer,TCGA Tumor,COAD,Colon/Colorectal Cancer,-4.979040656,-3.715389322
TCGA-EB-A41A-01,,Skin Cancer,TCGA Tumor,SKCM,Skin Cancer,5.851886239,3.513516594
TCGA-PZ-A5RE-01,,Pancreatic Cancer,TCGA Tumor,PAAD,Pancreatic Cancer,-3.186542544,-2.69439752
TCGA-55-6982-01,,Lung Cancer,TCGA Tumor,LUAD,Lung Cancer,-0.096860323,-2.939496588
TCGA-CD-8528-01,,Gastric Cancer,TCGA Tumor,STAD,Gastric Cancer,-4.442901644,-3.488020967
TCGA-13-0897-01,,Ovarian Cancer,TCGA Tumor,OV,Ovarian Cancer,2.018207159,8.223414827
TCGA-CM-6164-01,,Colorectal Cancer,TCGA Tumor,COAD,Colon/Colorectal Cancer,-5.791497741,-3.563467811
TCGA-09-0369-01,,Ovarian Cancer,TCGA Tumor,OV,Ovarian Cancer,1.303809014,7.708991457
TCGA-E2-A2P6-01,,Breast Cancer,TCGA Tumor,BRCA,Breast Cancer,4.480592218,-1.645058702
TARGET-50-PAJMIZ-01,,Kidney Cancer,TCGA Tumor,WT,Kidney Cancer,-4.589873347,7.722428728
TCGA-EL-A4JZ-01,,Thyroid Cancer,TCGA Tumor,THCA,Thyroid Cancer,11.13965651,-0.047959577
TCGA-CV-A6K0-01,,Head and Neck Cancer,TCGA Tumor,HNSC,Head and Neck Cancer,-6.580515418,0.431549598
TCGA-13-1512-01,,Ovarian Cancer,TCGA Tumor,OV,Ovarian Cancer,1.523772922,7.834243227
TARGET-50-PAJLTI-01,,Kidney Cancer,TCGA Tumor,WT,Kidney Cancer,-4.540328059,7.667377402
TCGA-AO-A1KT-01,,Breast Cancer,TCGA Tumor,BRCA,Breast Cancer,5.66162869,-1.765318345
TCGA-D3-A3CE-06,,Skin Cancer,TCGA Tumor,SKCM,Skin Cancer,5.360332456,3.637422968
TCGA-12-5299-01,,Glioblastoma,TCGA Tumor,GBM,Brain Cancer,1.297447767,-9.708310675
TARGET-50-PAJPAR-01,,Kidney Cancer,TCGA Tumor,WT,Kidney Cancer,-4.570942912,7.704493929
TCGA-29-1761-01,,Ovarian Cancer,TCGA Tumor,OV,Ovarian Cancer,0.515747656,-1.032157134
TCGA-BJ-A0ZJ-01,,Thyroid Cancer,TCGA Tumor,THCA,Thyroid Cancer,11.45222136,-0.073507156
TCGA-J8-A3O2-06,,Thyroid Cancer,TCGA Tumor,THCA,Thyroid Cancer,11.28241774,-0.232154142
TCGA-DJ-A4V2-01,,Thyroid Cancer,TCGA Tumor,THCA,Thyroid Cancer,11.04853865,-0.393526923
TCGA-J8-A3O2-01,,Thyroid Cancer,TCGA Tumor,THCA,Thyroid Cancer,11.35429045,-0.139898758
TCGA-E9-A3HO-01,,Breast Cancer,TCGA Tumor,BRCA,Breast Cancer,4.380963769,-1.707467626
TCGA-A6-A567-01,,Colorectal Cancer,TCGA Tumor,COAD,Colon/Colorectal Cancer,-5.716179881,-3.462391208
TCGA-58-A46N-01,,Lung Cancer,TCGA Tumor,LUSC,Lung Cancer,-5.339436087,2.462020804
TCGA-BH-A18V-06,,Breast Cancer,TCGA Tumor,BRCA,Breast Cancer,0.421597869,-1.176502656
TCGA-CG-4466-01,,Gastric Cancer,TCGA Tumor,STAD,Gastric Cancer,-4.342183146,-3.422006916
TCGA-A3-3383-01,,Kidney Cancer,TCGA Tumor,KIRC,Kidney Cancer,6.243102041,-6.851228308
TCGA-NJ-A4YI-01,,Lung Cancer,TCGA Tumor,LUAD,Lung Cancer,-0.324559424,-3.013544153
TCGA-D8-A1XJ-01,,Breast Cancer,TCGA Tumor,BRCA,Breast Cancer,4.698499646,-1.05299754
TCGA-EE-A2GB-06,,Skin Cancer,TCGA Tumor,SKCM,Skin Cancer,5.620088067,3.641632248
TCGA-75-7027-01,,Lung Cancer,TCGA Tumor,LUAD,Lung Cancer,-1.221915517,-2.202875208
TCGA-A2-A04P-01,,Breast Cancer,TCGA Tumor,BRCA,Breast Cancer,0.733761575,-1.353925418
TCGA-BA-6870-01,,Head and Neck Cancer,TCGA Tumor,HNSC,Head and Neck Cancer,-6.641150031,0.667337407
TCGA-73-4666-01,,Lung Cancer,TCGA Tumor,LUAD,Lung Cancer,-0.006344173,-3.018637728
TCGA-MV-A51V-01,,Bladder Cancer,TCGA Tumor,BLCA,Bladder Cancer,-3.528487716,-0.46906222
TCGA-77-A5G6-01,,Lung Cancer,TCGA Tumor,LUSC,Lung Cancer,-5.214764151,1.789432098
TCGA-56-A4BX-01,,Lung Cancer,TCGA Tumor,LUSC,Lung Cancer,-5.974359069,2.436771561
TCGA-34-7107-01,,Lung Cancer,TCGA Tumor,LUSC,Lung Cancer,-5.280739817,2.15847056
TCGA-BR-A4J9-01,,Gastric Cancer,TCGA Tumor,STAD,Gastric Cancer,-2.301251921,-1.765850734
TCGA-BJ-A290-01,,Thyroid Cancer,TCGA Tumor,THCA,Thyroid Cancer,11.46884295,-0.068144563
TCGA-CV-6955-01,,Head and Neck Cancer,TCGA Tumor,HNSC,Head and Neck Cancer,-6.512570414,1.63326471
TCGA-P3-A5Q6-01,,Head and Neck Cancer,TCGA Tumor,HNSC,Head and Neck Cancer,-5.783400569,0.702955414
TCGA-D7-A4Z0-01,,Gastric Cancer,TCGA Tumor,STAD,Gastric Cancer,-4.048310313,-3.6495517
TCGA-24-2293-01,,Ovarian Cancer,TCGA Tumor,OV,Ovarian Cancer,1.551058378,7.769329001
TCGA-QK-A64Z-01,,Head and Neck Cancer,TCGA Tumor,HNSC,Head and Neck Cancer,-6.683606181,0.679723848
TCGA-2J-AABI-01,,Pancreatic Cancer,TCGA Tumor,PAAD,Pancreatic Cancer,-5.147392306,0.871343483
TCGA-AC-A2FK-01,,Breast Cancer,TCGA Tumor,BRCA,Breast Cancer,3.407151189,-1.605811786
TCGA-29-A5NZ-01,,Ovarian Cancer,TCGA Tumor,OV,Ovarian Cancer,1.508669105,7.759084631
TCGA-CG-4462-01,,Gastric Cancer,TCGA Tumor,STAD,Gastric Cancer,-2.724128279,-2.086703132
TCGA-37-4129-01,,Lung Cancer,TCGA Tumor,LUSC,Lung Cancer,-1.203849468,-0.575841795
TCGA-DD-AAVZ-01,,Liver Cancer,TCGA Tumor,LIHC,Liver Cancer,0.472263147,3.603599478
TCGA-D5-6534-01,,Colorectal Cancer,TCGA Tumor,COAD,Colon/Colorectal Cancer,-5.7050176,-3.474862408
TCGA-B0-5117-01,,Kidney Cancer,TCGA Tumor,KIRC,Kidney Cancer,-3.520150218,5.068861891
TCGA-DJ-A13R-01,,Thyroid Cancer,TCGA Tumor,THCA,Thyroid Cancer,11.100059,0.369218458
TARGET-50-PAJMJT-01,,Kidney Cancer,TCGA Tumor,WT,Kidney Cancer,-4.541241202,7.6737489
TCGA-61-2113-01,,Ovarian Cancer,TCGA Tumor,OV,Ovarian Cancer,1.57586309,7.699100424
TCGA-77-8145-01,,Lung Cancer,TCGA Tumor,LUSC,Lung Cancer,-5.606500659,1.698888231
TCGA-LL-A740-01,,Breast Cancer,TCGA Tumor,BRCA,Breast Cancer,-4.564311061,-1.442218613
TCGA-F5-6863-01,,Colorectal Cancer,TCGA Tumor,READ,Colon/Colorectal Cancer,-6.174683604,-3.62992103
TCGA-06-2565-01,,Glioblastoma,TCGA Tumor,GBM,Brain Cancer,1.319882777,-9.123022627
TCGA-33-AASD-01,,Lung Cancer,TCGA Tumor,LUSC,Lung Cancer,-5.256086383,2.369018723
TCGA-ET-A3BS-01,,Thyroid Cancer,TCGA Tumor,THCA,Thyroid Cancer,11.01588866,-0.416791599
TCGA-BH-A0BZ-01,,Breast Cancer,TCGA Tumor,BRCA,Breast Cancer,5.606145826,-1.690576028
TCGA-22-5478-01,,Lung Cancer,TCGA Tumor,LUSC,Lung Cancer,-5.544424567,1.689898301
TCGA-29-1768-01,,Ovarian Cancer,TCGA Tumor,OV,Ovarian Cancer,1.12830576,-0.576126348
TCGA-EL-A3T1-01,,Thyroid Cancer,TCGA Tumor,THCA,Thyroid Cancer,10.9448218,-0.460746538
TCGA-ED-A627-01,,Liver Cancer,TCGA Tumor,LIHC,Liver Cancer,0.553590771,3.659268786
TCGA-16-0846-01,,Glioblastoma,TCGA Tumor,GBM,Brain Cancer,1.211170938,-9.837341856
TCGA-C8-A3M8-01,,Breast Cancer,TCGA Tumor,BRCA,Breast Cancer,5.637565103,-1.713071059
TCGA-BJ-A0ZF-01,,Thyroid Cancer,TCGA Tumor,THCA,Thyroid Cancer,11.58451029,0.825606991
TCGA-BH-A0BM-01,,Breast Cancer,TCGA Tumor,BRCA,Breast Cancer,4.098872152,-0.943093489
TCGA-DM-A0X9-01,,Colorectal Cancer,TCGA Tumor,COAD,Colon/Colorectal Cancer,-6.077657733,-3.659061264
TCGA-AY-A69D-01,,Colorectal Cancer,TCGA Tumor,COAD,Colon/Colorectal Cancer,-5.952051673,-3.747568439
TCGA-55-A4DG-01,,Lung Cancer,TCGA Tumor,LUAD,Lung Cancer,-0.194434438,-3.130911659
TARGET-50-PAJNTJ-02,,Kidney Cancer,TCGA Tumor,WT,Kidney Cancer,-4.623096976,7.759065081
TARGET-50-PAJNTJ-01,,Kidney Cancer,TCGA Tumor,WT,Kidney Cancer,-4.58992866,7.722776343
TCGA-ET-A2N4-01,,Thyroid Cancer,TCGA Tumor,THCA,Thyroid Cancer,11.60063502,0.187784393
TCGA-58-A46J-01,,Lung Cancer,TCGA Tumor,LUSC,Lung Cancer,-5.743494067,1.853471566
TCGA-EE-A3AB-06,,Skin Cancer,TCGA Tumor,SKCM,Skin Cancer,4.968811002,3.397469689
TCGA-24-1551-01,,Ovarian Cancer,TCGA Tumor,OV,Ovarian Cancer,1.83698484,8.57774489
TCGA-78-7146-01,,Lung Cancer,TCGA Tumor,LUAD,Lung Cancer,-0.044127438,-2.996922325
TCGA-06-2561-01,,Glioblastoma,TCGA Tumor,GBM,Brain Cancer,1.515138712,-10.04494531
TCGA-IN-8663-01,,Gastric Cancer,TCGA Tumor,STAD,Gastric Cancer,-5.200835738,-3.350562881
TCGA-DD-AAVV-01,,Liver Cancer,TCGA Tumor,LIHC,Liver Cancer,0.399056252,3.555953909
TCGA-37-4133-01,,Lung Cancer,TCGA Tumor,LUSC,Lung Cancer,-5.205750022,1.817445089
TCGA-77-8146-01,,Lung Cancer,TCGA Tumor,LUSC,Lung Cancer,-5.190084491,1.396119643
TCGA-RL-AAAS-01,,Pancreatic Cancer,TCGA Tumor,PAAD,Pancreatic Cancer,-2.429394517,-2.408693861
TCGA-L9-A5IP-01,,Lung Cancer,TCGA Tumor,LUAD,Lung Cancer,-1.323509249,-2.199667286
TCGA-CJ-5672-01,,Kidney Cancer,TCGA Tumor,KIRC,Kidney Cancer,5.990090337,-6.415517401
TCGA-73-4662-01,,Lung Cancer,TCGA Tumor,LUAD,Lung Cancer,-0.409882638,-3.016302894
TCGA-CQ-5327-01,,Head and Neck Cancer,TCGA Tumor,HNSC,Head and Neck Cancer,-6.55842689,0.432534892
TCGA-E2-A1LL-01,,Breast Cancer,TCGA Tumor,BRCA,Breast Cancer,-3.839377436,0.290179927
TCGA-FD-A3SR-01,,Bladder Cancer,TCGA Tumor,BLCA,Bladder Cancer,-3.677523169,-0.877029132
TCGA-24-1435-01,,Ovarian Cancer,TCGA Tumor,OV,Ovarian Cancer,1.560703483,7.787018706
TCGA-BH-A28O-01,,Breast Cancer,TCGA Tumor,BRCA,Breast Cancer,1.348871794,-1.259124826
TCGA-XV-AAZW-01,,Skin Cancer,TCGA Tumor,SKCM,Skin Cancer,5.258990255,3.916743685
TCGA-F2-7276-01,,Pancreatic Cancer,TCGA Tumor,PAAD,Pancreatic Cancer,-2.439149413,-2.452419113
TCGA-BJ-A0Z2-01,,Thyroid Cancer,TCGA Tumor,THCA,Thyroid Cancer,11.56350943,0.802080978
TCGA-DK-A6B0-01,,Bladder Cancer,TCGA Tumor,BLCA,Bladder Cancer,-3.731722865,0.053285246
TCGA-B0-4846-01,,Kidney Cancer,TCGA Tumor,KIRC,Kidney Cancer,6.313868013,-6.82180364
TCGA-ET-A2N0-01,,Thyroid Cancer,TCGA Tumor,THCA,Thyroid Cancer,11.06721541,-0.417007368
TCGA-FB-A7DR-01,,Pancreatic Cancer,TCGA Tumor,PAAD,Pancreatic Cancer,-2.476550135,-1.830553483
TCGA-YB-A89D-01,,Pancreatic Cancer,TCGA Tumor,PAAD,Pancreatic Cancer,-3.044075761,-2.555068325
TCGA-77-7142-01,,Lung Cancer,TCGA Tumor,LUSC,Lung Cancer,-5.088616404,1.016530801
TCGA-CR-7374-01,,Head and Neck Cancer,TCGA Tumor,HNSC,Head and Neck Cancer,-6.033119235,2.390720297
TCGA-KS-A4I1-01,,Thyroid Cancer,TCGA Tumor,THCA,Thyroid Cancer,11.41515967,-0.140895839
TCGA-60-2719-01,,Lung Cancer,TCGA Tumor,LUSC,Lung Cancer,-5.780995879,2.162909199
TCGA-VR-A8Q7-01,,Esophageal Cancer,TCGA Tumor,ESCA,Esophageal Cancer,-5.028088126,0.686508466
TCGA-A7-A4SC-01,,Breast Cancer,TCGA Tumor,BRCA,Breast Cancer,4.34808847,-1.146440219
TCGA-FD-A5BS-01,,Bladder Cancer,TCGA Tumor,BLCA,Bladder Cancer,0.634729173,0.132304039
TCGA-85-8351-01,,Lung Cancer,TCGA Tumor,LUSC,Lung Cancer,-4.982396159,0.745155622
TCGA-CN-6013-01,,Head and Neck Cancer,TCGA Tumor,HNSC,Head and Neck Cancer,-6.535032782,1.574086953
TCGA-E9-A24A-01,,Breast Cancer,TCGA Tumor,BRCA,Breast Cancer,4.023453918,-1.525660347
TCGA-BC-4073-01,,Liver Cancer,TCGA Tumor,LIHC,Liver Cancer,0.157892149,3.344684292
TCGA-AC-A6IV-01,,Breast Cancer,TCGA Tumor,BRCA,Breast Cancer,3.631420102,-1.563990663
TCGA-DK-A1AD-01,,Bladder Cancer,TCGA Tumor,BLCA,Bladder Cancer,-3.661131892,0.081975531
TCGA-B6-A400-01,,Breast Cancer,TCGA Tumor,BRCA,Breast Cancer,1.030560162,-1.571721505
TCGA-EM-A2OW-01,,Thyroid Cancer,TCGA Tumor,THCA,Thyroid Cancer,11.40890643,0.958940197
TCGA-XF-AAMQ-01,,Bladder Cancer,TCGA Tumor,BLCA,Bladder Cancer,-3.734379802,0.100631036
TCGA-A8-A096-01,,Breast Cancer,TCGA Tumor,BRCA,Breast Cancer,4.040375438,-1.790940355
TCGA-AG-3742-01,,Colorectal Cancer,TCGA Tumor,READ,Colon/Colorectal Cancer,-5.700941596,-3.427118133
TCGA-CN-4722-01,,Head and Neck Cancer,TCGA Tumor,HNSC,Head and Neck Cancer,-6.351132426,0.143255871
TCGA-B0-5075-01,,Kidney Cancer,TCGA Tumor,KIRC,Kidney Cancer,5.981931653,-5.877257894
TCGA-W3-AA1R-06,,Skin Cancer,TCGA Tumor,SKCM,Skin Cancer,5.859627214,3.643936087
TCGA-13-0899-01,,Ovarian Cancer,TCGA Tumor,OV,Ovarian Cancer,1.390248206,7.842315127
TCGA-AY-A8YK-01,,Colorectal Cancer,TCGA Tumor,COAD,Colon/Colorectal Cancer,-5.861555133,-3.759381126
TCGA-QA-A7B7-01,,Liver Cancer,TCGA Tumor,LIHC,Liver Cancer,0.821282383,4.105472017
TCGA-DA-A1IC-06,,Skin Cancer,TCGA Tumor,SKCM,Skin Cancer,6.059110131,3.670169998
TCGA-A5-AB3J-01,,Endometrial/Uterine Cancer,TCGA Tumor,UCEC,Endometrial/Uterine Cancer,1.091950741,6.612192084
TCGA-50-8460-01,,Lung Cancer,TCGA Tumor,LUAD,Lung Cancer,-0.202462408,-3.093051504
TCGA-PG-A917-01,,Endometrial/Uterine Cancer,TCGA Tumor,UCEC,Endometrial/Uterine Cancer,1.250435975,6.633715082
TCGA-IB-7889-01,,Pancreatic Cancer,TCGA Tumor,PAAD,Pancreatic Cancer,-2.951152358,-2.089257549
TCGA-EM-A3SY-01,,Thyroid Cancer,TCGA Tumor,THCA,Thyroid Cancer,11.29893157,1.02970611
TCGA-CN-5361-01,,Head and Neck Cancer,TCGA Tumor,HNSC,Head and Neck Cancer,-6.709393058,0.667457749
TCGA-50-5933-01,,Lung Cancer,TCGA Tumor,LUAD,Lung Cancer,0.07111704,-2.561763119
TCGA-EM-A3O7-01,,Thyroid Cancer,TCGA Tumor,THCA,Thyroid Cancer,11.539103,0.039449689
TCGA-IE-A4EH-01,,Sarcoma,TCGA Tumor,SARC,Sarcoma,1.977926936,1.589549829
TCGA-A2-A04Y-01,,Breast Cancer,TCGA Tumor,BRCA,Breast Cancer,5.368897405,-1.603378009
TCGA-43-3394-01,,Lung Cancer,TCGA Tumor,LUSC,Lung Cancer,-5.422708068,2.471502472
TCGA-ZF-AA4T-01,,Bladder Cancer,TCGA Tumor,BLCA,Bladder Cancer,-3.56689671,-0.522166859
TCGA-ET-A39P-01,,Thyroid Cancer,TCGA Tumor,THCA,Thyroid Cancer,11.00120207,-0.578674268
TCGA-29-1769-01,,Ovarian Cancer,TCGA Tumor,OV,Ovarian Cancer,1.68044087,7.613396097
TCGA-78-7155-01,,Lung Cancer,TCGA Tumor,LUAD,Lung Cancer,-0.372990701,0.001621064
TCGA-CJ-4899-01,,Kidney Cancer,TCGA Tumor,KIRC,Kidney Cancer,6.221167054,-5.912118505
TCGA-E7-A3X6-01,,Bladder Cancer,TCGA Tumor,BLCA,Bladder Cancer,-3.778560195,0.121586237
TCGA-5M-AAT4-01,,Colorectal Cancer,TCGA Tumor,COAD,Colon/Colorectal Cancer,-6.054780516,-3.564661096
TCGA-EL-A4K7-01,,Thyroid Cancer,TCGA Tumor,THCA,Thyroid Cancer,11.17224642,-0.317103367
TCGA-E2-A1IH-01,,Breast Cancer,TCGA Tumor,BRCA,Breast Cancer,3.892109361,-1.705680441
TCGA-24-1474-01,,Ovarian Cancer,TCGA Tumor,OV,Ovarian Cancer,1.753321614,8.56054442
TCGA-CM-6167-01,,Colorectal Cancer,TCGA Tumor,COAD,Colon/Colorectal Cancer,-5.285425219,-3.11820371
TCGA-14-0736-02,,Glioblastoma,TCGA Tumor,GBM,Brain Cancer,1.262127426,-9.426258634
TCGA-CR-7370-01,,Head and Neck Cancer,TCGA Tumor,HNSC,Head and Neck Cancer,-5.519754443,2.191608597
TCGA-B6-A0RH-01,,Breast Cancer,TCGA Tumor,BRCA,Breast Cancer,3.957502094,-1.428226303
TCGA-EL-A3ZG-01,,Thyroid Cancer,TCGA Tumor,THCA,Thyroid Cancer,11.53740641,0.65791874
TCGA-EL-A3CR-01,,Thyroid Cancer,TCGA Tumor,THCA,Thyroid Cancer,10.97064539,-0.234650831
TCGA-44-6774-01,,Lung Cancer,TCGA Tumor,LUAD,Lung Cancer,-0.852620277,-2.010592769
TCGA-GU-A762-01,,Bladder Cancer,TCGA Tumor,BLCA,Bladder Cancer,-5.372528109,0.759212364
TCGA-AX-A3G8-01,,Endometrial/Uterine Cancer,TCGA Tumor,UCEC,Endometrial/Uterine Cancer,1.416178313,6.504023482
TCGA-AR-A1AS-01,,Breast Cancer,TCGA Tumor,BRCA,Breast Cancer,3.827615466,-1.669427346
TCGA-09-2048-01,,Ovarian Cancer,TCGA Tumor,OV,Ovarian Cancer,1.232662466,7.680148531
TCGA-HU-A4GQ-01,,Gastric Cancer,TCGA Tumor,STAD,Gastric Cancer,-4.477797065,-3.493610453
TCGA-73-4670-01,,Lung Cancer,TCGA Tumor,LUAD,Lung Cancer,-1.288641009,-2.187395166
TCGA-MT-A7BN-01,,Head and Neck Cancer,TCGA Tumor,HNSC,Head and Neck Cancer,3.888385024,-0.81690849
TCGA-D3-A51G-06,,Skin Cancer,TCGA Tumor,SKCM,Skin Cancer,5.038958993,3.431140352
TCGA-BR-4371-01,,Gastric Cancer,TCGA Tumor,STAD,Gastric Cancer,-5.648945365,-3.24159963
TCGA-B0-5700-01,,Kidney Cancer,TCGA Tumor,KIRC,Kidney Cancer,6.413206544,-6.765397142
TCGA-B0-4847-01,,Kidney Cancer,TCGA Tumor,KIRC,Kidney Cancer,6.051839795,-6.539149832
TCGA-BF-A5ER-01,,Skin Cancer,TCGA Tumor,SKCM,Skin Cancer,6.109019246,3.764635969
TCGA-56-A4BW-01,,Lung Cancer,TCGA Tumor,LUSC,Lung Cancer,-5.882113013,1.635952641
TCGA-56-8308-01,,Lung Cancer,TCGA Tumor,LUSC,Lung Cancer,-5.312366042,2.471349407
TCGA-59-2348-01,,Ovarian Cancer,TCGA Tumor,OV,Ovarian Cancer,1.715588536,8.067855288
TCGA-CV-6956-01,,Head and Neck Cancer,TCGA Tumor,HNSC,Head and Neck Cancer,-6.630057368,0.689011086
TCGA-AA-3489-01,,Colorectal Cancer,TCGA Tumor,COAD,Colon/Colorectal Cancer,-6.149261508,-3.649654936
TCGA-24-1470-01,,Ovarian Cancer,TCGA Tumor,OV,Ovarian Cancer,1.823186841,8.508789469
TCGA-36-1580-01,,Ovarian Cancer,TCGA Tumor,OV,Ovarian Cancer,1.404825297,7.93556111
TCGA-QG-A5YX-01,,Colorectal Cancer,TCGA Tumor,COAD,Colon/Colorectal Cancer,-5.708089862,-3.747320722
TCGA-BR-7716-01,,Gastric Cancer,TCGA Tumor,STAD,Gastric Cancer,-4.938907656,-1.973448824
TCGA-HP-A5N0-01,,Liver Cancer,TCGA Tumor,LIHC,Liver Cancer,1.097806242,4.167750765
TCGA-CR-7369-01,,Head and Neck Cancer,TCGA Tumor,HNSC,Head and Neck Cancer,-6.542132888,0.958095242
TCGA-AY-A54L-01,,Colorectal Cancer,TCGA Tumor,COAD,Colon/Colorectal Cancer,-5.993735823,-3.778821539
TCGA-FD-A43S-01,,Bladder Cancer,TCGA Tumor,BLCA,Bladder Cancer,-3.87499145,0.107558672
TCGA-5B-A90C-01,,Endometrial/Uterine Cancer,TCGA Tumor,UCEC,Endometrial/Uterine Cancer,1.355380085,6.626912047
TCGA-DC-6681-01,,Colorectal Cancer,TCGA Tumor,READ,Colon/Colorectal Cancer,-5.812264476,-3.678350519
TCGA-EW-A1P0-01,,Breast Cancer,TCGA Tumor,BRCA,Breast Cancer,5.680677381,-1.634235929
TCGA-DE-A7U5-01,,Thyroid Cancer,TCGA Tumor,THCA,Thyroid Cancer,10.956346,-0.323671143
TCGA-D3-A5GU-06,,Skin Cancer,TCGA Tumor,SKCM,Skin Cancer,5.990709272,3.620634724
TCGA-XF-A8HE-01,,Bladder Cancer,TCGA Tumor,BLCA,Bladder Cancer,-6.472865615,1.727083136
TCGA-QK-A6IG-01,,Head and Neck Cancer,TCGA Tumor,HNSC,Head and Neck Cancer,-5.755097899,0.676214803
TCGA-AO-A126-01,,Breast Cancer,TCGA Tumor,BRCA,Breast Cancer,3.728131023,-1.574430178
TCGA-22-4604-01,,Lung Cancer,TCGA Tumor,LUSC,Lung Cancer,-5.338536773,2.280424763
TCGA-BT-A42F-01,,Bladder Cancer,TCGA Tumor,BLCA,Bladder Cancer,-5.718548331,0.844139327
TCGA-61-1900-01,,Ovarian Cancer,TCGA Tumor,OV,Ovarian Cancer,1.426720348,7.800957609
TCGA-DC-5337-01,,Colorectal Cancer,TCGA Tumor,READ,Colon/Colorectal Cancer,-6.072135482,-3.810216736
TCGA-CV-7261-01,,Head and Neck Cancer,TCGA Tumor,HNSC,Head and Neck Cancer,-5.411341224,2.476560045
TCGA-FR-A8YD-06,,Skin Cancer,TCGA Tumor,SKCM,Skin Cancer,6.385751691,4.079049517
TCGA-KL-8345-01,,Kidney Cancer,TCGA Tumor,KICH,Kidney Cancer,-3.561045203,5.110409189
TCGA-BP-4998-01,,Kidney Cancer,TCGA Tumor,KIRC,Kidney Cancer,6.118117776,-5.590081285
TCGA-ZH-A8Y5-01,,Bile Duct Cancer,TCGA Tumor,CHOL,Bile Duct Cancer,-0.112459037,3.025578667
TCGA-EL-A3T9-01,,Thyroid Cancer,TCGA Tumor,THCA,Thyroid Cancer,10.86148116,-0.239479702
TCGA-BR-8363-01,,Gastric Cancer,TCGA Tumor,STAD,Gastric Cancer,-4.42505363,-3.354896139
TCGA-T2-A6X2-01,,Head and Neck Cancer,TCGA Tumor,HNSC,Head and Neck Cancer,-6.833509002,0.613546063
TCGA-CR-6492-01,,Head and Neck Cancer,TCGA Tumor,HNSC,Head and Neck Cancer,-6.587357077,1.208724667
TCGA-G2-A3IB-01,,Bladder Cancer,TCGA Tumor,BLCA,Bladder Cancer,-6.580058608,1.417930413
TCGA-EW-A1PC-01,,Breast Cancer,TCGA Tumor,BRCA,Breast Cancer,5.014156785,-1.472204994
TCGA-FK-A3SB-01,,Thyroid Cancer,TCGA Tumor,THCA,Thyroid Cancer,11.56980082,0.087690328
TCGA-CJ-5675-01,,Kidney Cancer,TCGA Tumor,KIRC,Kidney Cancer,6.103305307,-6.767866682
TCGA-CU-A3KJ-01,,Bladder Cancer,TCGA Tumor,BLCA,Bladder Cancer,-6.093048129,1.160465528
TCGA-A7-A0CH-01,,Breast Cancer,TCGA Tumor,BRCA,Breast Cancer,4.247384515,-1.452816914
TCGA-CM-6168-01,,Colorectal Cancer,TCGA Tumor,COAD,Colon/Colorectal Cancer,-5.697738681,-3.564207386
TCGA-E9-A2JS-01,,Breast Cancer,TCGA Tumor,BRCA,Breast Cancer,5.708540406,-1.780547212
TCGA-L6-A4EP-01,,Thyroid Cancer,TCGA Tumor,THCA,Thyroid Cancer,11.43871352,-0.102521564
TCGA-G4-6314-01,,Colorectal Cancer,TCGA Tumor,COAD,Colon/Colorectal Cancer,-5.572801146,-3.273877453
TCGA-4E-A92E-01,,Endometrial/Uterine Cancer,TCGA Tumor,UCEC,Endometrial/Uterine Cancer,1.466008511,6.547106196
TCGA-EL-A3ZL-01,,Thyroid Cancer,TCGA Tumor,THCA,Thyroid Cancer,11.35537669,0.451010485
TCGA-44-A47A-01,,Lung Cancer,TCGA Tumor,LUAD,Lung Cancer,-0.285441253,-2.982440304
TCGA-B6-A0WV-01,,Breast Cancer,TCGA Tumor,BRCA,Breast Cancer,5.539927449,-1.532026361
TCGA-05-4398-01,,Lung Cancer,TCGA Tumor,LUAD,Lung Cancer,-0.041831616,-3.010860514
TCGA-HD-7753-01,,Head and Neck Cancer,TCGA Tumor,HNSC,Head and Neck Cancer,-6.682207141,0.55656128
TCGA-BA-5559-01,,Head and Neck Cancer,TCGA Tumor,HNSC,Head and Neck Cancer,-5.486086402,1.57583325
TCGA-UL-AAZ6-01,,Breast Cancer,TCGA Tumor,BRCA,Breast Cancer,5.419664827,-1.645076226
TCGA-B6-A0RG-01,,Breast Cancer,TCGA Tumor,BRCA,Breast Cancer,4.034633365,-1.856424044
TCGA-SJ-A6ZI-01,,Endometrial/Uterine Cancer,TCGA Tumor,UCEC,Endometrial/Uterine Cancer,1.390296247,6.529997278
TCGA-24-1562-01,,Ovarian Cancer,TCGA Tumor,OV,Ovarian Cancer,1.844997254,8.326983858
TCGA-A8-A07S-01,,Breast Cancer,TCGA Tumor,BRCA,Breast Cancer,4.606614557,-1.462542962
TCGA-EM-A3SU-01,,Thyroid Cancer,TCGA Tumor,THCA,Thyroid Cancer,10.89060732,-0.345039468
TCGA-EM-A3SU-06,,Thyroid Cancer,TCGA Tumor,THCA,Thyroid Cancer,11.05994078,-0.389220964
TCGA-77-8007-01,,Lung Cancer,TCGA Tumor,LUSC,Lung Cancer,-0.007073912,-2.598053049
TCGA-FS-A1ZB-06,,Skin Cancer,TCGA Tumor,SKCM,Skin Cancer,5.924807039,3.715075184
TCGA-A7-A0DC-01,,Breast Cancer,TCGA Tumor,BRCA,Breast Cancer,3.95117661,-1.680778812
TCGA-FK-A3SG-01,,Thyroid Cancer,TCGA Tumor,THCA,Thyroid Cancer,11.58356425,0.194575984
TCGA-77-7463-01,,Lung Cancer,TCGA Tumor,LUSC,Lung Cancer,-5.353768382,2.52200215
TCGA-BH-A6R9-01,,Breast Cancer,TCGA Tumor,BRCA,Breast Cancer,2.892273393,-1.134921025
TCGA-CZ-5456-01,,Kidney Cancer,TCGA Tumor,KIRC,Kidney Cancer,6.057815042,-5.663398336
TCGA-D3-A2J8-06,,Skin Cancer,TCGA Tumor,SKCM,Skin Cancer,0.761990693,0.984028925
TARGET-50-PAJNAA-01,,Kidney Cancer,TCGA Tumor,WT,Kidney Cancer,-4.600681815,7.73463719
TCGA-39-5039-01,,Lung Cancer,TCGA Tumor,LUSC,Lung Cancer,-5.869672332,0.941215147
TCGA-BR-4363-01,,Gastric Cancer,TCGA Tumor,STAD,Gastric Cancer,-3.786241565,-3.344543527
TCGA-64-5781-01,,Lung Cancer,TCGA Tumor,LUAD,Lung Cancer,-1.209648762,-2.14387257
TCGA-L5-A4OX-01,,Esophageal Cancer,TCGA Tumor,ESCA,Esophageal Cancer,-4.963580165,-3.754444193
TCGA-HN-A2OB-01,,Breast Cancer,TCGA Tumor,BRCA,Breast Cancer,3.407688108,-1.347719382
TCGA-CQ-7068-01,,Head and Neck Cancer,TCGA Tumor,HNSC,Head and Neck Cancer,-6.429737124,0.834368039
TCGA-D8-A141-01,,Breast Cancer,TCGA Tumor,BRCA,Breast Cancer,3.765502897,-1.500931691
TCGA-UU-A93S-01,,Breast Cancer,TCGA Tumor,BRCA,Breast Cancer,4.104190078,-0.888163756
TCGA-QC-AA9N-01,,Sarcoma,TCGA Tumor,SARC,Sarcoma,1.091130402,1.104422022
TCGA-CV-5444-01,,Head and Neck Cancer,TCGA Tumor,HNSC,Head and Neck Cancer,-6.289771113,0.61351328
TCGA-AR-A24P-01,,Breast Cancer,TCGA Tumor,BRCA,Breast Cancer,4.309913364,-1.546412538
TCGA-18-5595-01,,Lung Cancer,TCGA Tumor,LUSC,Lung Cancer,-5.287031684,2.265136648
TCGA-DJ-A4V5-01,,Thyroid Cancer,TCGA Tumor,THCA,Thyroid Cancer,11.26288649,-0.071339074
TCGA-DD-AAEI-01,,Liver Cancer,TCGA Tumor,LIHC,Liver Cancer,0.965823319,4.181483198
TCGA-AZ-4615-01,,Colorectal Cancer,TCGA Tumor,COAD,Colon/Colorectal Cancer,-4.927287135,-3.690283369
TCGA-06-0132-01,,Glioblastoma,TCGA Tumor,GBM,Brain Cancer,2.7938728,-9.717134069
TCGA-VR-A8EO-01,,Esophageal Cancer,TCGA Tumor,ESCA,Esophageal Cancer,-5.280525718,0.762200464
TCGA-ET-A25G-01,,Thyroid Cancer,TCGA Tumor,THCA,Thyroid Cancer,11.14807269,-0.294520389
TCGA-CR-7395-01,,Head and Neck Cancer,TCGA Tumor,HNSC,Head and Neck Cancer,-6.638696704,0.423764903
TCGA-VQ-A91D-01,,Gastric Cancer,TCGA Tumor,STAD,Gastric Cancer,-4.53326324,-3.545107435
TCGA-BR-7196-01,,Gastric Cancer,TCGA Tumor,STAD,Gastric Cancer,-2.662786279,-1.963495087
TCGA-23-1113-01,,Ovarian Cancer,TCGA Tumor,OV,Ovarian Cancer,1.547746864,7.942621637
TCGA-GM-A3XG-01,,Breast Cancer,TCGA Tumor,BRCA,Breast Cancer,1.330749359,-1.307870935
TCGA-24-2290-01,,Ovarian Cancer,TCGA Tumor,OV,Ovarian Cancer,1.731957522,8.479652811
TCGA-ET-A39J-01,,Thyroid Cancer,TCGA Tumor,THCA,Thyroid Cancer,11.57420393,0.167018574
TCGA-E9-A1N9-01,,Breast Cancer,TCGA Tumor,BRCA,Breast Cancer,5.421764817,-1.719399403
TCGA-B6-A0I9-01,,Breast Cancer,TCGA Tumor,BRCA,Breast Cancer,5.290407624,-1.628177117
TCGA-CN-6022-01,,Head and Neck Cancer,TCGA Tumor,HNSC,Head and Neck Cancer,-6.01799253,0.765109767
TCGA-E8-A242-01,,Thyroid Cancer,TCGA Tumor,THCA,Thyroid Cancer,10.93817374,-0.326315712
TCGA-DJ-A2Q5-01,,Thyroid Cancer,TCGA Tumor,THCA,Thyroid Cancer,11.06072756,-0.421554338
TCGA-E2-A1L9-01,,Breast Cancer,TCGA Tumor,BRCA,Breast Cancer,3.856683459,-1.716289948
TCGA-AC-A23H-01,,Breast Cancer,TCGA Tumor,BRCA,Breast Cancer,5.068014589,-1.260372709
TCGA-E5-A4U1-01,,Bladder Cancer,TCGA Tumor,BLCA,Bladder Cancer,-3.555856499,0.016909145
TCGA-OE-A75W-01,,Pancreatic Cancer,TCGA Tumor,PAAD,Pancreatic Cancer,-3.204152379,-2.711402725
TCGA-DX-AB3C-01,,Sarcoma,TCGA Tumor,SARC,Sarcoma,0.177471888,0.949904193
TCGA-BP-4762-01,,Kidney Cancer,TCGA Tumor,KIRC,Kidney Cancer,6.292608705,-5.740102838
TCGA-AR-A1AP-01,,Breast Cancer,TCGA Tumor,BRCA,Breast Cancer,5.390162435,-1.679951977
TCGA-44-3919-01,,Lung Cancer,TCGA Tumor,LUAD,Lung Cancer,-0.165774617,-3.154607843
TCGA-AZ-6598-01,,Colorectal Cancer,TCGA Tumor,COAD,Colon/Colorectal Cancer,-4.769703421,-3.711911033
TCGA-A6-6653-01,,Colorectal Cancer,TCGA Tumor,COAD,Colon/Colorectal Cancer,-4.89778665,-3.739314388
TCGA-CV-6952-01,,Head and Neck Cancer,TCGA Tumor,HNSC,Head and Neck Cancer,-6.906646762,0.78958105
TCGA-NH-A50V-01,,Colorectal Cancer,TCGA Tumor,COAD,Colon/Colorectal Cancer,-6.00993875,-3.611218523
TCGA-B0-5109-01,,Kidney Cancer,TCGA Tumor,KIRC,Kidney Cancer,0.878148225,6.736266543
TCGA-BH-A0H5-01,,Breast Cancer,TCGA Tumor,BRCA,Breast Cancer,4.17263433,-1.788233827
TCGA-OK-A5Q2-01,,Breast Cancer,TCGA Tumor,BRCA,Breast Cancer,4.795964208,-1.509711455
TCGA-B5-A0K9-01,,Endometrial/Uterine Cancer,TCGA Tumor,UCEC,Endometrial/Uterine Cancer,1.361590114,6.536409308
TCGA-CV-A45P-01,,Head and Neck Cancer,TCGA Tumor,HNSC,Head and Neck Cancer,-6.643737826,0.79285257
TCGA-BH-A0E6-01,,Breast Cancer,TCGA Tumor,BRCA,Breast Cancer,0.951083269,-1.424232076
TCGA-D8-A1JA-01,,Breast Cancer,TCGA Tumor,BRCA,Breast Cancer,4.160067287,-0.93848605
TCGA-56-7221-01,,Lung Cancer,TCGA Tumor,LUSC,Lung Cancer,-5.812814746,2.338116337
TCGA-AD-6899-01,,Colorectal Cancer,TCGA Tumor,COAD,Colon/Colorectal Cancer,-6.018200907,-3.725754093
TCGA-4G-AAZT-01,,Bile Duct Cancer,TCGA Tumor,CHOL,Bile Duct Cancer,-0.105977747,3.041933466
TCGA-VR-A8EX-01,,Esophageal Cancer,TCGA Tumor,ESCA,Esophageal Cancer,-6.371650252,1.802377511
TCGA-B0-4844-01,,Kidney Cancer,TCGA Tumor,KIRC,Kidney Cancer,6.040706601,-5.594679903
TCGA-BP-4352-01,,Kidney Cancer,TCGA Tumor,KIRC,Kidney Cancer,6.142495122,-5.384168695
TCGA-99-8032-01,,Lung Cancer,TCGA Tumor,LUAD,Lung Cancer,-0.872872147,-1.869770955
TCGA-BH-A0BW-01,,Breast Cancer,TCGA Tumor,BRCA,Breast Cancer,1.00357863,-1.577042292
TCGA-13-0762-01,,Ovarian Cancer,TCGA Tumor,OV,Ovarian Cancer,1.312693503,7.897453715
TCGA-CV-A6JN-01,,Head and Neck Cancer,TCGA Tumor,HNSC,Head and Neck Cancer,-6.290830645,0.178082589
TCGA-BH-A0HB-01,,Breast Cancer,TCGA Tumor,BRCA,Breast Cancer,4.002472129,-1.866560768
TCGA-29-1695-01,,Ovarian Cancer,TCGA Tumor,OV,Ovarian Cancer,1.719401207,7.819286276
TCGA-H2-A2K9-01,,Thyroid Cancer,TCGA Tumor,THCA,Thyroid Cancer,11.60772177,0.787355651
TCGA-FV-A2QR-01,,Liver Cancer,TCGA Tumor,LIHC,Liver Cancer,1.188439455,3.923174311
TCGA-19-2629-01,,Glioblastoma,TCGA Tumor,GBM,Brain Cancer,1.366828706,-9.973579954
TCGA-B2-4098-01,,Kidney Cancer,TCGA Tumor,KIRC,Kidney Cancer,5.625268903,-5.185488294
TCGA-D7-8575-01,,Gastric Cancer,TCGA Tumor,STAD,Gastric Cancer,-3.742882285,-3.669859718
TCGA-CR-7380-01,,Head and Neck Cancer,TCGA Tumor,HNSC,Head and Neck Cancer,-6.628954444,0.517939616
TCGA-43-2576-01,,Lung Cancer,TCGA Tumor,LUSC,Lung Cancer,-0.256620381,-2.741877149
TCGA-DJ-A2PW-01,,Thyroid Cancer,TCGA Tumor,THCA,Thyroid Cancer,11.51063677,-0.015847232
TCGA-B7-A5TJ-01,,Gastric Cancer,TCGA Tumor,STAD,Gastric Cancer,-5.146911177,-3.314125847
TCGA-BR-8367-01,,Gastric Cancer,TCGA Tumor,STAD,Gastric Cancer,-2.813675198,-2.04690988
TCGA-ET-A3BW-01,,Thyroid Cancer,TCGA Tumor,THCA,Thyroid Cancer,11.60288474,0.128151965
TCGA-06-0238-01,,Glioblastoma,TCGA Tumor,GBM,Brain Cancer,1.526184764,-9.197005819
TCGA-FB-AAQ3-01,,Pancreatic Cancer,TCGA Tumor,PAAD,Pancreatic Cancer,-2.918729815,-2.570065807
TCGA-3B-A9HX-01,,Sarcoma,TCGA Tumor,SARC,Sarcoma,1.895324435,1.627285172
TCGA-CJ-5679-01,,Kidney Cancer,TCGA Tumor,KIRC,Kidney Cancer,6.116239038,-5.36115558
TCGA-AQ-A54O-01,,Breast Cancer,TCGA Tumor,BRCA,Breast Cancer,5.47281548,-1.52483363
TCGA-KL-8346-01,,Kidney Cancer,TCGA Tumor,KICH,Kidney Cancer,-3.55760673,5.102162768
TCGA-FE-A239-01,,Thyroid Cancer,TCGA Tumor,THCA,Thyroid Cancer,11.58520171,0.781825651
TCGA-DQ-7594-01,,Head and Neck Cancer,TCGA Tumor,HNSC,Head and Neck Cancer,-6.340078864,1.925544072
TCGA-XF-A8HF-01,,Bladder Cancer,TCGA Tumor,BLCA,Bladder Cancer,-3.868412051,0.01534506
TCGA-KQ-A41P-01,,Bladder Cancer,TCGA Tumor,BLCA,Bladder Cancer,-3.641675505,-0.138394456
TCGA-BP-4766-01,,Kidney Cancer,TCGA Tumor,KIRC,Kidney Cancer,6.363941159,-6.742309164
TCGA-DD-AACT-01,,Liver Cancer,TCGA Tumor,LIHC,Liver Cancer,1.027873125,4.198442866
TCGA-DX-A7EU-01,,Sarcoma,TCGA Tumor,SARC,Sarcoma,1.255276885,1.712140847
TCGA-B6-A0WZ-01,,Breast Cancer,TCGA Tumor,BRCA,Breast Cancer,4.036806789,-1.718240928
TCGA-C8-A135-01,,Breast Cancer,TCGA Tumor,BRCA,Breast Cancer,4.098929134,-0.910210322
TCGA-24-1546-01,,Ovarian Cancer,TCGA Tumor,OV,Ovarian Cancer,1.355964449,7.876439024
TCGA-39-5027-01,,Lung Cancer,TCGA Tumor,LUSC,Lung Cancer,-5.333873782,2.434768845
TCGA-HD-7917-01,,Head and Neck Cancer,TCGA Tumor,HNSC,Head and Neck Cancer,-6.432574305,1.143057157
TCGA-22-5485-01,,Lung Cancer,TCGA Tumor,LUSC,Lung Cancer,-5.372425589,2.502876927
TCGA-EL-A4K1-01,,Thyroid Cancer,TCGA Tumor,THCA,Thyroid Cancer,10.85971877,-0.083719652
TCGA-BP-4341-01,,Kidney Cancer,TCGA Tumor,KIRC,Kidney Cancer,6.391610112,-6.662833284
TCGA-H4-A2HQ-01,,Bladder Cancer,TCGA Tumor,BLCA,Bladder Cancer,-3.667438063,-0.051457394
TCGA-AK-3427-01,,Kidney Cancer,TCGA Tumor,KIRC,Kidney Cancer,-3.513420615,5.071770121
TCGA-DJ-A2PX-01,,Thyroid Cancer,TCGA Tumor,THCA,Thyroid Cancer,11.45958373,0.469923098
TCGA-BH-A0BJ-01,,Breast Cancer,TCGA Tumor,BRCA,Breast Cancer,3.951963392,-1.838088583
TCGA-BH-A203-01,,Breast Cancer,TCGA Tumor,BRCA,Breast Cancer,4.164791074,-0.977336
TCGA-A3-3352-01,,Kidney Cancer,TCGA Tumor,KIRC,Kidney Cancer,6.259446111,-6.824337553
TCGA-24-1419-01,,Ovarian Cancer,TCGA Tumor,OV,Ovarian Cancer,1.406520572,6.815271784
TCGA-13-A5FT-01,,Ovarian Cancer,TCGA Tumor,OV,Ovarian Cancer,1.703198281,8.515138079
TCGA-IB-AAUW-01,,Pancreatic Cancer,TCGA Tumor,PAAD,Pancreatic Cancer,-2.400522742,-2.430336069
TCGA-F7-A50J-01,,Head and Neck Cancer,TCGA Tumor,HNSC,Head and Neck Cancer,-6.695276294,0.552400161
TCGA-AH-6643-01,,Colorectal Cancer,TCGA Tumor,READ,Colon/Colorectal Cancer,-6.055661235,-3.607309889
TCGA-55-A491-01,,Lung Cancer,TCGA Tumor,LUAD,Lung Cancer,-0.296298179,-2.760035585
TCGA-FY-A3NM-01,,Thyroid Cancer,TCGA Tumor,THCA,Thyroid Cancer,11.36183211,1.013284434
TCGA-06-0749-01,,Glioblastoma,TCGA Tumor,GBM,Brain Cancer,1.609885421,-10.05346734
TCGA-46-6025-01,,Lung Cancer,TCGA Tumor,LUSC,Lung Cancer,-5.329308543,2.088228155
TCGA-FE-A236-01,,Thyroid Cancer,TCGA Tumor,THCA,Thyroid Cancer,10.9792256,-0.650202822
TCGA-ZF-AA4W-01,,Bladder Cancer,TCGA Tumor,BLCA,Bladder Cancer,-6.131026778,1.118486811
TCGA-UY-A9PA-01,,Bladder Cancer,TCGA Tumor,BLCA,Bladder Cancer,-3.713954959,0.176558305
TCGA-ET-A3DP-01,,Thyroid Cancer,TCGA Tumor,THCA,Thyroid Cancer,11.24934241,-0.304912071
TCGA-AJ-A3NF-01,,Endometrial/Uterine Cancer,TCGA Tumor,UCEC,Endometrial/Uterine Cancer,1.331977453,6.640873839
TCGA-BH-A0C7-01,,Breast Cancer,TCGA Tumor,BRCA,Breast Cancer,5.247884717,-1.561352323
TCGA-50-6595-01,,Lung Cancer,TCGA Tumor,LUAD,Lung Cancer,-0.690253172,-1.735712003
TCGA-BP-4981-01,,Kidney Cancer,TCGA Tumor,KIRC,Kidney Cancer,6.256439653,-5.671985697
TCGA-AK-3428-01,,Kidney Cancer,TCGA Tumor,KIRC,Kidney Cancer,6.328274217,-6.10236318
TCGA-CR-7373-01,,Head and Neck Cancer,TCGA Tumor,HNSC,Head and Neck Cancer,-6.835734401,0.616939474
TCGA-G4-6311-01,,Colorectal Cancer,TCGA Tumor,COAD,Colon/Colorectal Cancer,-5.766921077,-3.575894665
TCGA-BH-A8FZ-01,,Breast Cancer,TCGA Tumor,BRCA,Breast Cancer,4.750264135,-1.436809491
TCGA-S3-AA17-01,,Breast Cancer,TCGA Tumor,BRCA,Breast Cancer,5.523994889,-1.606869768
TCGA-DF-A2L0-01,,Endometrial/Uterine Cancer,TCGA Tumor,UCEC,Endometrial/Uterine Cancer,1.375582364,6.563162733
TCGA-CI-6619-01,,Colorectal Cancer,TCGA Tumor,READ,Colon/Colorectal Cancer,-6.055931601,-3.687617849
TCGA-B7-A5TI-01,,Gastric Cancer,TCGA Tumor,STAD,Gastric Cancer,-3.780484233,-3.7172652
TCGA-D8-A13Z-01,,Breast Cancer,TCGA Tumor,BRCA,Breast Cancer,0.692471948,-1.577482056
TCGA-BA-5152-01,,Head and Neck Cancer,TCGA Tumor,HNSC,Head and Neck Cancer,-6.784722838,0.526797939
TCGA-DD-AAEE-01,,Liver Cancer,TCGA Tumor,LIHC,Liver Cancer,1.310295727,3.872448612
TCGA-ER-A19M-06,,Skin Cancer,TCGA Tumor,SKCM,Skin Cancer,5.673768487,3.519881893
TCGA-L5-A88T-01,,Esophageal Cancer,TCGA Tumor,ESCA,Esophageal Cancer,-6.552454028,1.409132529
TCGA-QK-A6II-01,,Head and Neck Cancer,TCGA Tumor,HNSC,Head and Neck Cancer,-6.386697325,0.243495707
TCGA-UF-A71D-01,,Head and Neck Cancer,TCGA Tumor,HNSC,Head and Neck Cancer,-6.484872374,1.486097742
TCGA-23-2078-01,,Ovarian Cancer,TCGA Tumor,OV,Ovarian Cancer,1.540204969,7.811860491
TCGA-A7-A6VX-01,,Breast Cancer,TCGA Tumor,BRCA,Breast Cancer,4.595314946,-1.575158547
TCGA-60-2713-01,,Lung Cancer,TCGA Tumor,LUSC,Lung Cancer,-5.267213378,2.405220677
TCGA-95-A4VP-01,,Lung Cancer,TCGA Tumor,LUAD,Lung Cancer,-0.926391754,-1.902944635
TCGA-BP-4340-01,,Kidney Cancer,TCGA Tumor,KIRC,Kidney Cancer,6.319559541,-6.804423403
TARGET-50-PAKKNS-01,,Kidney Cancer,TCGA Tumor,WT,Kidney Cancer,-4.62365869,7.75936215
TCGA-EE-A3AF-06,,Skin Cancer,TCGA Tumor,SKCM,Skin Cancer,6.146350827,3.71855085
TARGET-50-PADXAY-01,,Kidney Cancer,TCGA Tumor,WT,Kidney Cancer,-4.572337661,7.705893446
TCGA-85-A512-01,,Lung Cancer,TCGA Tumor,LUSC,Lung Cancer,-6.063733611,2.410121609
TCGA-ET-A25P-01,,Thyroid Cancer,TCGA Tumor,THCA,Thyroid Cancer,11.55722949,0.809192468
TCGA-DJ-A3VI-01,,Thyroid Cancer,TCGA Tumor,THCA,Thyroid Cancer,10.95812747,-0.456951808
TCGA-55-8302-01,,Lung Cancer,TCGA Tumor,LUAD,Lung Cancer,-0.067976121,-3.021922897
TCGA-44-4112-01,,Lung Cancer,TCGA Tumor,LUAD,Lung Cancer,-0.045577738,-1.977653574
TCGA-60-2710-01,,Lung Cancer,TCGA Tumor,LUSC,Lung Cancer,-5.422709498,2.482051064
TCGA-AF-3911-01,,Colorectal Cancer,TCGA Tumor,READ,Colon/Colorectal Cancer,-6.047884021,-3.702661108
TCGA-UF-A7JJ-01,,Head and Neck Cancer,TCGA Tumor,HNSC,Head and Neck Cancer,-6.574998412,0.540110458
TCGA-05-4430-01,,Lung Cancer,TCGA Tumor,LUAD,Lung Cancer,-0.228802953,-2.895725321
TCGA-AR-A255-01,,Breast Cancer,TCGA Tumor,BRCA,Breast Cancer,4.319807735,-1.748422693
TCGA-HZ-7919-01,,Pancreatic Cancer,TCGA Tumor,PAAD,Pancreatic Cancer,-2.872530494,-2.49610145
TCGA-CN-5366-01,,Head and Neck Cancer,TCGA Tumor,HNSC,Head and Neck Cancer,-6.852661643,0.643983771
TARGET-50-PAJLSP-01,,Kidney Cancer,TCGA Tumor,WT,Kidney Cancer,-4.613773856,7.747778822
TCGA-AR-A1AT-01,,Breast Cancer,TCGA Tumor,BRCA,Breast Cancer,4.463891473,-1.103552412
TCGA-E5-A2PC-01,,Bladder Cancer,TCGA Tumor,BLCA,Bladder Cancer,-4.027204547,0.354106326
TCGA-CD-A486-01,,Gastric Cancer,TCGA Tumor,STAD,Gastric Cancer,-3.427370581,-2.663458656
TCGA-DA-A95Y-06,,Skin Cancer,TCGA Tumor,SKCM,Skin Cancer,6.067844835,3.674887348
TCGA-UY-A9PE-01,,Bladder Cancer,TCGA Tumor,BLCA,Bladder Cancer,-3.673065219,-0.097008314
TCGA-CQ-7071-01,,Head and Neck Cancer,TCGA Tumor,HNSC,Head and Neck Cancer,-6.591874156,0.470419247
TCGA-D1-A3DG-01,,Endometrial/Uterine Cancer,TCGA Tumor,UCEC,Endometrial/Uterine Cancer,1.423871126,6.585824419
TCGA-VQ-A8PX-01,,Gastric Cancer,TCGA Tumor,STAD,Gastric Cancer,-3.767038379,-3.726906132
TCGA-24-1924-01,,Ovarian Cancer,TCGA Tumor,OV,Ovarian Cancer,1.764592972,8.569671084
TCGA-DX-A6BG-01,,Sarcoma,TCGA Tumor,SARC,Sarcoma,1.469855991,1.300007869
TCGA-EE-A184-06,,Skin Cancer,TCGA Tumor,SKCM,Skin Cancer,6.104485955,3.757033516
TCGA-E7-A6MF-01,,Bladder Cancer,TCGA Tumor,BLCA,Bladder Cancer,-3.711172614,0.107308757
TCGA-MM-A84U-01,,Kidney Cancer,TCGA Tumor,KIRC,Kidney Cancer,6.0343084,-5.685123514
TCGA-CV-6933-01,,Head and Neck Cancer,TCGA Tumor,HNSC,Head and Neck Cancer,-5.941442046,2.491016556
TCGA-E2-A1B0-01,,Breast Cancer,TCGA Tumor,BRCA,Breast Cancer,4.075288978,-0.95828576
TCGA-63-6202-01,,Lung Cancer,TCGA Tumor,LUSC,Lung Cancer,-0.067970965,-3.035983871
TCGA-BF-AAP2-01,,Skin Cancer,TCGA Tumor,SKCM,Skin Cancer,5.812040296,3.613459517
TCGA-FS-A1YY-06,,Skin Cancer,TCGA Tumor,SKCM,Skin Cancer,6.071273771,3.681727816
TCGA-46-3767-01,,Lung Cancer,TCGA Tumor,LUSC,Lung Cancer,-5.443985972,0.755593408
TCGA-13-1496-01,,Ovarian Cancer,TCGA Tumor,OV,Ovarian Cancer,2.030350533,8.152890612
TCGA-CI-6622-01,,Colorectal Cancer,TCGA Tumor,READ,Colon/Colorectal Cancer,-5.989695105,-3.747497391
TCGA-58-A46L-01,,Lung Cancer,TCGA Tumor,LUSC,Lung Cancer,-6.102315459,2.362644125
TCGA-BP-4167-01,,Kidney Cancer,TCGA Tumor,KIRC,Kidney Cancer,6.040584054,-5.480157923
TCGA-ZP-A9D2-01,,Liver Cancer,TCGA Tumor,LIHC,Liver Cancer,0.182934743,3.363053967
TCGA-BH-A18R-01,,Breast Cancer,TCGA Tumor,BRCA,Breast Cancer,5.441851583,-1.686781238
TCGA-BA-7269-01,,Head and Neck Cancer,TCGA Tumor,HNSC,Head and Neck Cancer,-5.824666533,0.973775197
TCGA-HU-A4G3-01,,Gastric Cancer,TCGA Tumor,STAD,Gastric Cancer,-3.758770022,-3.769086193
TCGA-ER-A19A-06,,Skin Cancer,TCGA Tumor,SKCM,Skin Cancer,5.033682313,3.40498655
TCGA-NH-A6GC-01,,Colorectal Cancer,TCGA Tumor,COAD,Colon/Colorectal Cancer,-5.890368972,-3.628761839
TCGA-DX-A48K-01,,Sarcoma,TCGA Tumor,SARC,Sarcoma,-3.961977992,6.746040274
TCGA-DD-A73B-01,,Liver Cancer,TCGA Tumor,LIHC,Liver Cancer,0.820722338,4.076767851
TCGA-AC-A4ZE-01,,Breast Cancer,TCGA Tumor,BRCA,Breast Cancer,4.874688592,-1.611868571
TCGA-DK-AA6X-01,,Bladder Cancer,TCGA Tumor,BLCA,Bladder Cancer,-3.007231269,-1.55121858
TCGA-BR-7722-01,,Gastric Cancer,TCGA Tumor,STAD,Gastric Cancer,-3.78537086,-3.669932197
TCGA-B6-A0RS-01,,Breast Cancer,TCGA Tumor,BRCA,Breast Cancer,4.112247672,-0.917120587
TCGA-33-AAS8-01,,Lung Cancer,TCGA Tumor,LUSC,Lung Cancer,-5.30441669,2.337475229
TCGA-AR-A24H-01,,Breast Cancer,TCGA Tumor,BRCA,Breast Cancer,5.050995794,-1.285554003
TCGA-E8-A432-01,,Thyroid Cancer,TCGA Tumor,THCA,Thyroid Cancer,11.46796366,0.470608164
TCGA-MZ-A5BI-01,,Head and Neck Cancer,TCGA Tumor,HNSC,Head and Neck Cancer,-6.295982871,1.161098887
TCGA-06-0174-01,,Glioblastoma,TCGA Tumor,GBM,Brain Cancer,1.660477605,-9.202244352
TARGET-50-PAKZER-01,,Kidney Cancer,TCGA Tumor,WT,Kidney Cancer,-4.510175738,7.627943922
TCGA-ZF-A9R9-01,,Bladder Cancer,TCGA Tumor,BLCA,Bladder Cancer,-3.842999015,-0.4908172
TCGA-A8-A099-01,,Breast Cancer,TCGA Tumor,BRCA,Breast Cancer,4.628320184,-1.224162649
TCGA-CM-6679-01,,Colorectal Cancer,TCGA Tumor,COAD,Colon/Colorectal Cancer,-5.906098876,-3.606050562
TCGA-KL-8342-01,,Kidney Cancer,TCGA Tumor,KICH,Kidney Cancer,-3.576316867,5.101123263
TCGA-06-0210-02,,Glioblastoma,TCGA Tumor,GBM,Brain Cancer,1.268732157,-9.768903326
TCGA-DC-6157-01,,Colorectal Cancer,TCGA Tumor,READ,Colon/Colorectal Cancer,-6.227461371,-3.589731525
TCGA-66-2790-01,,Lung Cancer,TCGA Tumor,LUSC,Lung Cancer,-5.16312984,1.466701556
TCGA-24-1845-01,,Ovarian Cancer,TCGA Tumor,OV,Ovarian Cancer,1.687939253,8.431530405
TCGA-BH-A42T-01,,Breast Cancer,TCGA Tumor,BRCA,Breast Cancer,4.840714421,-1.601595234
TCGA-HU-A4GD-01,,Gastric Cancer,TCGA Tumor,STAD,Gastric Cancer,-5.707969699,-3.475296091
TCGA-VQ-A94U-01,,Gastric Cancer,TCGA Tumor,STAD,Gastric Cancer,-3.859260592,-3.526686024
TCGA-XF-AAN1-01,,Bladder Cancer,TCGA Tumor,BLCA,Bladder Cancer,-3.678554091,0.088318482
TCGA-FV-A4ZP-01,,Liver Cancer,TCGA Tumor,LIHC,Liver Cancer,0.338495516,3.490685631
TCGA-KN-8435-01,,Kidney Cancer,TCGA Tumor,KICH,Kidney Cancer,-3.559387717,5.115686823
TCGA-NC-A5HI-01,,Lung Cancer,TCGA Tumor,LUSC,Lung Cancer,-5.909056697,2.330254007
TCGA-CV-6937-01,,Head and Neck Cancer,TCGA Tumor,HNSC,Head and Neck Cancer,-5.723956618,1.049029399
TCGA-AJ-A3QS-01,,Endometrial/Uterine Cancer,TCGA Tumor,UCEC,Endometrial/Uterine Cancer,1.267604676,6.694516588
TCGA-DD-AACS-01,,Liver Cancer,TCGA Tumor,LIHC,Liver Cancer,0.804823842,3.980654408
TCGA-EB-A6QZ-01,,Skin Cancer,TCGA Tumor,SKCM,Skin Cancer,5.037348237,3.39495318
TCGA-38-4627-01,,Lung Cancer,TCGA Tumor,LUAD,Lung Cancer,-0.39608309,-2.787031244
TCGA-RP-A694-06,,Skin Cancer,TCGA Tumor,SKCM,Skin Cancer,6.057632413,3.696602036
TCGA-A8-A09R-01,,Breast Cancer,TCGA Tumor,BRCA,Breast Cancer,5.435484376,-1.475531291
TCGA-DK-AA6S-01,,Bladder Cancer,TCGA Tumor,BLCA,Bladder Cancer,-5.250817809,0.904342521
TCGA-DD-A4NK-01,,Liver Cancer,TCGA Tumor,LIHC,Liver Cancer,0.971490708,4.218372751
TCGA-VQ-A8PJ-01,,Gastric Cancer,TCGA Tumor,STAD,Gastric Cancer,-3.758519206,-3.391118358
TCGA-KQ-A41S-01,,Bladder Cancer,TCGA Tumor,BLCA,Bladder Cancer,-3.595109496,-0.584312867
TCGA-44-2668-01,,Lung Cancer,TCGA Tumor,LUAD,Lung Cancer,-0.033494208,-1.979686331
TCGA-B6-A0RN-01,,Breast Cancer,TCGA Tumor,BRCA,Breast Cancer,4.272130933,-1.424925517
TCGA-55-8507-01,,Lung Cancer,TCGA Tumor,LUAD,Lung Cancer,-0.641017232,-2.416692566
TCGA-DJ-A3UN-01,,Thyroid Cancer,TCGA Tumor,THCA,Thyroid Cancer,11.58381506,0.10148754
TCGA-B0-4841-01,,Kidney Cancer,TCGA Tumor,KIRC,Kidney Cancer,6.238160577,-5.368796419
TCGA-CC-5261-01,,Liver Cancer,TCGA Tumor,LIHC,Liver Cancer,0.355443202,3.516496111
TCGA-CR-6471-01,,Head and Neck Cancer,TCGA Tumor,HNSC,Head and Neck Cancer,-6.673309359,0.408451636
TCGA-D8-A27G-01,,Breast Cancer,TCGA Tumor,BRCA,Breast Cancer,4.227091279,-1.531425904
TCGA-B0-5699-01,,Kidney Cancer,TCGA Tumor,KIRC,Kidney Cancer,6.036962953,-6.636138986
TCGA-DK-A3IK-01,,Bladder Cancer,TCGA Tumor,BLCA,Bladder Cancer,-3.626496348,-0.06477097
TCGA-37-5819-01,,Lung Cancer,TCGA Tumor,LUSC,Lung Cancer,-1.321489248,-0.731453966
TCGA-22-A5C4-01,,Lung Cancer,TCGA Tumor,LUSC,Lung Cancer,-5.190327201,1.349912454
TCGA-HB-A2OT-01,,Sarcoma,TCGA Tumor,SARC,Sarcoma,1.176626291,1.135311175
TCGA-85-A4CL-01,,Lung Cancer,TCGA Tumor,LUSC,Lung Cancer,-5.360322032,2.517035414
TCGA-06-0184-01,,Glioblastoma,TCGA Tumor,GBM,Brain Cancer,1.301628616,-9.060743879
TCGA-BP-4801-01,,Kidney Cancer,TCGA Tumor,KIRC,Kidney Cancer,6.16062304,-5.683016847
TCGA-D8-A1XC-01,,Breast Cancer,TCGA Tumor,BRCA,Breast Cancer,5.644662824,-1.585176896
TCGA-DC-6158-01,,Colorectal Cancer,TCGA Tumor,READ,Colon/Colorectal Cancer,-5.867332969,-3.696217607
TCGA-FW-A3TU-06,,Skin Cancer,TCGA Tumor,SKCM,Skin Cancer,6.116058316,3.74382465
TCGA-D5-5538-01,,Colorectal Cancer,TCGA Tumor,COAD,Colon/Colorectal Cancer,-5.733094249,-3.614775251
TCGA-EM-A3FM-01,,Thyroid Cancer,TCGA Tumor,THCA,Thyroid Cancer,10.93469473,-0.266011458
TCGA-TN-A7HL-01,,Head and Neck Cancer,TCGA Tumor,HNSC,Head and Neck Cancer,-5.887986216,1.802473355
TCGA-3B-A9HT-01,,Sarcoma,TCGA Tumor,SARC,Sarcoma,-3.916253123,6.720021177
TCGA-CN-4742-01,,Head and Neck Cancer,TCGA Tumor,HNSC,Head and Neck Cancer,-6.552852187,0.323816676
TCGA-BH-A1FJ-01,,Breast Cancer,TCGA Tumor,BRCA,Breast Cancer,4.111830201,-1.587800454
TCGA-FR-A3YO-06,,Skin Cancer,TCGA Tumor,SKCM,Skin Cancer,6.159331765,3.463928152
TCGA-DD-AACX-01,,Liver Cancer,TCGA Tumor,LIHC,Liver Cancer,1.302108612,3.842296768
TCGA-78-8640-01,,Lung Cancer,TCGA Tumor,LUAD,Lung Cancer,-0.073432419,-2.886796306
TCGA-DJ-A3UY-01,,Thyroid Cancer,TCGA Tumor,THCA,Thyroid Cancer,10.96423861,-0.227548908
TCGA-EW-A1PE-01,,Breast Cancer,TCGA Tumor,BRCA,Breast Cancer,5.064302888,-1.227568578
TCGA-69-7979-01,,Lung Cancer,TCGA Tumor,LUAD,Lung Cancer,-0.355577919,-2.790374826
TCGA-E2-A1II-01,,Breast Cancer,TCGA Tumor,BRCA,Breast Cancer,0.278449554,-1.446502041
TCGA-S3-AA14-01,,Breast Cancer,TCGA Tumor,BRCA,Breast Cancer,4.261966434,-1.896536659
TCGA-CR-7392-01,,Head and Neck Cancer,TCGA Tumor,HNSC,Head and Neck Cancer,-6.420679126,0.39438032
TCGA-CV-7100-01,,Head and Neck Cancer,TCGA Tumor,HNSC,Head and Neck Cancer,-5.430661235,1.138397862
TCGA-A8-A09B-01,,Breast Cancer,TCGA Tumor,BRCA,Breast Cancer,5.379441705,-1.595526766
TCGA-60-2714-01,,Lung Cancer,TCGA Tumor,LUSC,Lung Cancer,-0.077154103,-3.071954559
TCGA-GN-A9SD-06,,Skin Cancer,TCGA Tumor,SKCM,Skin Cancer,5.535729852,3.728817631
TCGA-AR-A5QP-01,,Breast Cancer,TCGA Tumor,BRCA,Breast Cancer,4.69952723,-1.46735866
TCGA-AJ-A3EL-01,,Endometrial/Uterine Cancer,TCGA Tumor,UCEC,Endometrial/Uterine Cancer,1.349827376,6.587994028
TCGA-DD-AAE0-01,,Liver Cancer,TCGA Tumor,LIHC,Liver Cancer,0.306636554,3.490541626
TCGA-D9-A6EG-06,,Skin Cancer,TCGA Tumor,SKCM,Skin Cancer,6.047670331,3.631580521
TCGA-E9-A6HE-01,,Breast Cancer,TCGA Tumor,BRCA,Breast Cancer,4.209504571,-1.624365639
TCGA-BR-8291-01,,Gastric Cancer,TCGA Tumor,STAD,Gastric Cancer,-2.671158347,-1.982968878
TCGA-DD-AADA-01,,Liver Cancer,TCGA Tumor,LIHC,Liver Cancer,0.924906638,4.091628958
TCGA-ER-A1A1-06,,Skin Cancer,TCGA Tumor,SKCM,Skin Cancer,-8.609606299,6.970725943
TCGA-BH-A0HI-01,,Breast Cancer,TCGA Tumor,BRCA,Breast Cancer,3.900675025,-1.588728856
TCGA-ET-A3DT-01,,Thyroid Cancer,TCGA Tumor,THCA,Thyroid Cancer,10.9310126,-0.349854331
TCGA-DD-A1EI-01,,Liver Cancer,TCGA Tumor,LIHC,Liver Cancer,0.432427071,3.570455242
TCGA-NH-A50U-01,,Colorectal Cancer,TCGA Tumor,COAD,Colon/Colorectal Cancer,-5.698360476,-3.544120382
TARGET-50-CAAAAJ-01,,Kidney Cancer,TCGA Tumor,WT,Kidney Cancer,-4.556032214,7.688374926
TCGA-BP-4790-01,,Kidney Cancer,TCGA Tumor,KIRC,Kidney Cancer,6.165182557,-5.535001825
TCGA-BP-5008-01,,Kidney Cancer,TCGA Tumor,KIRC,Kidney Cancer,6.283225503,-5.751091074
TCGA-BP-4170-01,,Kidney Cancer,TCGA Tumor,KIRC,Kidney Cancer,6.29638907,-6.81396396
TCGA-AJ-A3BK-01,,Endometrial/Uterine Cancer,TCGA Tumor,UCEC,Endometrial/Uterine Cancer,1.416208234,6.551094938
TCGA-04-1530-01,,Ovarian Cancer,TCGA Tumor,OV,Ovarian Cancer,1.513321605,7.872779776
TCGA-FS-A4FC-06,,Skin Cancer,TCGA Tumor,SKCM,Skin Cancer,5.274103132,3.892741133
TCGA-CR-6480-01,,Head and Neck Cancer,TCGA Tumor,HNSC,Head and Neck Cancer,-6.333531413,1.890648652
TCGA-EL-A3D1-01,,Thyroid Cancer,TCGA Tumor,THCA,Thyroid Cancer,11.48086974,-0.035096075
TCGA-AO-A03V-01,,Breast Cancer,TCGA Tumor,BRCA,Breast Cancer,4.034339633,-1.844611596
TCGA-A2-A0CS-01,,Breast Cancer,TCGA Tumor,BRCA,Breast Cancer,4.178732124,-1.56028087
TCGA-28-2513-01,,Glioblastoma,TCGA Tumor,GBM,Brain Cancer,1.255838123,-9.141419004
TCGA-D3-A1Q6-06,,Skin Cancer,TCGA Tumor,SKCM,Skin Cancer,5.021231141,3.429720331
TCGA-JU-AAVI-01,,Endometrial/Uterine Cancer,TCGA Tumor,UCEC,Endometrial/Uterine Cancer,0.964096692,6.680204798
TCGA-OL-A66P-01,,Breast Cancer,TCGA Tumor,BRCA,Breast Cancer,4.099370923,-0.923730027
TCGA-EE-A3JA-06,,Skin Cancer,TCGA Tumor,SKCM,Skin Cancer,6.403612581,4.101851393
TCGA-A2-A1G4-01,,Breast Cancer,TCGA Tumor,BRCA,Breast Cancer,5.529018846,-1.547910761
TCGA-33-4583-01,,Lung Cancer,TCGA Tumor,LUSC,Lung Cancer,-5.226504359,2.239525009
TCGA-55-7573-01,,Lung Cancer,TCGA Tumor,LUAD,Lung Cancer,-0.240160498,-2.974067043
TCGA-L5-A4OR-01,,Esophageal Cancer,TCGA Tumor,ESCA,Esophageal Cancer,-3.814646277,-3.645733427
TCGA-25-2042-01,,Ovarian Cancer,TCGA Tumor,OV,Ovarian Cancer,1.822101917,7.97274058
TCGA-CV-A45W-01,,Head and Neck Cancer,TCGA Tumor,HNSC,Head and Neck Cancer,-6.025739226,2.383435417
TCGA-E2-A573-01,,Breast Cancer,TCGA Tumor,BRCA,Breast Cancer,1.055792775,-1.52831788
TCGA-DD-A4NI-01,,Liver Cancer,TCGA Tumor,LIHC,Liver Cancer,1.06868979,4.166715552
TCGA-2L-AAQL-01,,Pancreatic Cancer,TCGA Tumor,PAAD,Pancreatic Cancer,-3.038938079,-2.569274734
TCGA-AD-6965-01,,Colorectal Cancer,TCGA Tumor,COAD,Colon/Colorectal Cancer,-5.944458995,-3.630080294
TCGA-BJ-A3PR-01,,Thyroid Cancer,TCGA Tumor,THCA,Thyroid Cancer,10.95675131,-0.030176576
TCGA-H2-A422-01,,Thyroid Cancer,TCGA Tumor,THCA,Thyroid Cancer,10.99085661,-0.535093974
TCGA-EY-A549-01,,Endometrial/Uterine Cancer,TCGA Tumor,UCEC,Endometrial/Uterine Cancer,1.429576721,6.521234919
TCGA-DX-A6YU-01,,Sarcoma,TCGA Tumor,SARC,Sarcoma,0.927857008,1.004259337
TCGA-DV-A4W0-05,,Kidney Cancer,TCGA Tumor,KIRC,Kidney Cancer,0.925938573,6.577891756
TCGA-VQ-A928-01,,Gastric Cancer,TCGA Tumor,STAD,Gastric Cancer,-2.704262051,-2.0924762
TCGA-D5-6931-01,,Colorectal Cancer,TCGA Tumor,COAD,Colon/Colorectal Cancer,-5.847190413,-3.632971834
TCGA-DX-A6Z2-01,,Sarcoma,TCGA Tumor,SARC,Sarcoma,1.973057595,1.555254508
TCGA-C4-A0F6-01,,Bladder Cancer,TCGA Tumor,BLCA,Bladder Cancer,-3.763041529,0.077965021
TCGA-43-5668-01,,Lung Cancer,TCGA Tumor,LUSC,Lung Cancer,-0.216441247,-2.651030372
TCGA-FB-AAQ0-01,,Pancreatic Cancer,TCGA Tumor,PAAD,Pancreatic Cancer,-3.385870967,-2.816964935
TCGA-BF-AAP1-01,,Skin Cancer,TCGA Tumor,SKCM,Skin Cancer,5.627049413,3.570680786
TCGA-A2-A0EV-01,,Breast Cancer,TCGA Tumor,BRCA,Breast Cancer,5.316952195,-1.645149659
TCGA-24-1413-01,,Ovarian Cancer,TCGA Tumor,OV,Ovarian Cancer,1.751644101,8.524970461
TCGA-18-4083-01,,Lung Cancer,TCGA Tumor,LUSC,Lung Cancer,-5.263530288,2.229305674
TCGA-YD-A9TB-06,,Skin Cancer,TCGA Tumor,SKCM,Skin Cancer,5.303527322,3.460092951
TCGA-CV-7104-01,,Head and Neck Cancer,TCGA Tumor,HNSC,Head and Neck Cancer,-6.619241271,0.492985089
TCGA-UF-A7JC-01,,Head and Neck Cancer,TCGA Tumor,HNSC,Head and Neck Cancer,-6.933943305,0.621223916
TCGA-A8-A08A-01,,Breast Cancer,TCGA Tumor,BRCA,Breast Cancer,4.183294263,-1.399698447
TCGA-CD-8526-01,,Gastric Cancer,TCGA Tumor,STAD,Gastric Cancer,-1.34067503,-0.609813939
TCGA-BR-7703-01,,Gastric Cancer,TCGA Tumor,STAD,Gastric Cancer,-4.915370021,-3.591519665
TCGA-W8-A86G-01,,Breast Cancer,TCGA Tumor,BRCA,Breast Cancer,4.73702189,-1.483511757
TCGA-YF-AA3M-01,,Bladder Cancer,TCGA Tumor,BLCA,Bladder Cancer,-3.889711413,0.242034082
TCGA-76-4929-01,,Glioblastoma,TCGA Tumor,GBM,Brain Cancer,1.374175515,-9.991538595
TCGA-2Y-A9H6-01,,Liver Cancer,TCGA Tumor,LIHC,Liver Cancer,1.065714267,4.101007868
TCGA-EE-A2MU-06,,Skin Cancer,TCGA Tumor,SKCM,Skin Cancer,5.931902852,3.639762331
TCGA-A6-5656-01,,Colorectal Cancer,TCGA Tumor,COAD,Colon/Colorectal Cancer,-4.748382602,-3.375857185
TCGA-43-8115-01,,Lung Cancer,TCGA Tumor,LUSC,Lung Cancer,-5.294172797,1.228669573
TCGA-3A-A9IX-01,,Pancreatic Cancer,TCGA Tumor,PAAD,Pancreatic Cancer,-2.471422705,-2.447012972
TCGA-EI-6884-01,,Colorectal Cancer,TCGA Tumor,READ,Colon/Colorectal Cancer,-5.951471362,-3.78194363
TCGA-67-3771-01,,Lung Cancer,TCGA Tumor,LUAD,Lung Cancer,-1.119813356,-2.039206098
TARGET-50-PAJMLI-01,,Kidney Cancer,TCGA Tumor,WT,Kidney Cancer,-4.559043917,7.691963125
TARGET-50-PAJNEC-01,,Kidney Cancer,TCGA Tumor,WT,Kidney Cancer,-4.318007026,7.318391253
TCGA-ER-A3EV-06,,Skin Cancer,TCGA Tumor,SKCM,Skin Cancer,6.586350885,4.285462309
TCGA-E8-A413-01,,Thyroid Cancer,TCGA Tumor,THCA,Thyroid Cancer,11.00091979,-0.206507783
TCGA-D3-A1Q9-06,,Skin Cancer,TCGA Tumor,SKCM,Skin Cancer,5.960625138,3.628757168
TCGA-BA-6871-01,,Head and Neck Cancer,TCGA Tumor,HNSC,Head and Neck Cancer,-5.253446135,0.768826116
TCGA-CN-6017-01,,Head and Neck Cancer,TCGA Tumor,HNSC,Head and Neck Cancer,-6.074302707,0.318743963
TCGA-CC-A7IH-01,,Liver Cancer,TCGA Tumor,LIHC,Liver Cancer,1.338023868,3.867586542
TCGA-D7-A747-01,,Gastric Cancer,TCGA Tumor,STAD,Gastric Cancer,-2.569061789,-1.86026461
TCGA-3A-A9IO-01,,Pancreatic Cancer,TCGA Tumor,PAAD,Pancreatic Cancer,-1.264385614,-0.680819165
TCGA-DD-A4NG-01,,Liver Cancer,TCGA Tumor,LIHC,Liver Cancer,0.867140469,3.905459572
TCGA-BP-5170-01,,Kidney Cancer,TCGA Tumor,KIRC,Kidney Cancer,6.349092927,-5.368542265
TCGA-EE-A2GT-06,,Skin Cancer,TCGA Tumor,SKCM,Skin Cancer,6.08269259,3.644909788
TCGA-KN-8436-01,,Kidney Cancer,TCGA Tumor,KICH,Kidney Cancer,-3.554216895,5.098191191
TCGA-43-A474-01,,Lung Cancer,TCGA Tumor,LUSC,Lung Cancer,-5.430027995,2.077425648
TCGA-06-0645-01,,Glioblastoma,TCGA Tumor,GBM,Brain Cancer,1.392560568,-9.127677511
TCGA-33-AASI-01,,Lung Cancer,TCGA Tumor,LUSC,Lung Cancer,-5.187084708,1.270779658
TCGA-DM-A1DA-01,,Colorectal Cancer,TCGA Tumor,COAD,Colon/Colorectal Cancer,-6.052625689,-3.653748821
TCGA-IB-7647-01,,Pancreatic Cancer,TCGA Tumor,PAAD,Pancreatic Cancer,-2.911508593,-2.438062977
TCGA-BJ-A2N9-01,,Thyroid Cancer,TCGA Tumor,THCA,Thyroid Cancer,11.41171023,0.961166311
TCGA-EE-A29R-06,,Skin Cancer,TCGA Tumor,SKCM,Skin Cancer,5.138318029,3.489137818
TCGA-EM-A1CS-01,,Thyroid Cancer,TCGA Tumor,THCA,Thyroid Cancer,11.57091567,0.066157736
TCGA-HF-7131-01,,Gastric Cancer,TCGA Tumor,STAD,Gastric Cancer,-3.774839434,-3.633606027
TCGA-CF-A7I0-01,,Bladder Cancer,TCGA Tumor,BLCA,Bladder Cancer,-3.627906356,0.099008013
TCGA-EE-A29H-06,,Skin Cancer,TCGA Tumor,SKCM,Skin Cancer,5.973182645,3.636398007
TCGA-25-1625-01,,Ovarian Cancer,TCGA Tumor,OV,Ovarian Cancer,1.956048694,8.106319834
TCGA-WJ-A86L-01,,Liver Cancer,TCGA Tumor,LIHC,Liver Cancer,0.851797309,4.201928545
TCGA-DX-AB2X-01,,Sarcoma,TCGA Tumor,SARC,Sarcoma,1.228409674,1.062410165
TCGA-MJ-A850-01,,Sarcoma,TCGA Tumor,SARC,Sarcoma,0.480520744,1.003239919
TCGA-49-4506-01,,Lung Cancer,TCGA Tumor,LUAD,Lung Cancer,-1.262751255,-2.153820347
TCGA-B0-5713-01,,Kidney Cancer,TCGA Tumor,KIRC,Kidney Cancer,6.345524755,-6.723598551
TCGA-AO-A03R-01,,Breast Cancer,TCGA Tumor,BRCA,Breast Cancer,3.998988357,-1.89023311
TCGA-BR-6564-01,,Gastric Cancer,TCGA Tumor,STAD,Gastric Cancer,-2.489948783,-1.881437372
TARGET-50-PAJMKJ-01,,Kidney Cancer,TCGA Tumor,WT,Kidney Cancer,-4.498431239,7.628929545
TCGA-B2-5633-01,,Kidney Cancer,TCGA Tumor,KIRC,Kidney Cancer,6.305587259,-5.602670263
TCGA-DM-A1D4-01,,Colorectal Cancer,TCGA Tumor,COAD,Colon/Colorectal Cancer,-6.117343459,-3.804471802
TCGA-A2-A0ER-01,,Breast Cancer,TCGA Tumor,BRCA,Breast Cancer,5.571407762,-1.584595751
TCGA-IG-A8O2-01,,Esophageal Cancer,TCGA Tumor,ESCA,Esophageal Cancer,-6.04067615,2.38294809
TCGA-AX-A1C7-01,,Endometrial/Uterine Cancer,TCGA Tumor,UCEC,Endometrial/Uterine Cancer,1.337991324,7.847231795
TCGA-BP-4982-01,,Kidney Cancer,TCGA Tumor,KIRC,Kidney Cancer,6.349782911,-6.76045854
TCGA-XF-AAMG-01,,Bladder Cancer,TCGA Tumor,BLCA,Bladder Cancer,-3.702019248,-0.730558287
TCGA-CU-A0YR-01,,Bladder Cancer,TCGA Tumor,BLCA,Bladder Cancer,-3.545260939,0.042553595
TCGA-EO-A22X-01,,Endometrial/Uterine Cancer,TCGA Tumor,UCEC,Endometrial/Uterine Cancer,1.376444247,6.597309996
TCGA-91-6830-01,,Lung Cancer,TCGA Tumor,LUAD,Lung Cancer,-1.192300234,-2.277409624
TCGA-B0-5088-01,,Kidney Cancer,TCGA Tumor,KIRC,Kidney Cancer,6.25144383,-6.113241266
TCGA-B8-5162-01,,Kidney Cancer,TCGA Tumor,KIRC,Kidney Cancer,6.32115027,-5.449336122
TCGA-66-2785-01,,Lung Cancer,TCGA Tumor,LUSC,Lung Cancer,-1.028792653,-1.771292518
TCGA-25-1630-01,,Ovarian Cancer,TCGA Tumor,OV,Ovarian Cancer,1.741383877,8.464746882
TCGA-OL-A66K-01,,Breast Cancer,TCGA Tumor,BRCA,Breast Cancer,4.6604633,-1.567316245
TCGA-Q9-A6FW-01,,Esophageal Cancer,TCGA Tumor,ESCA,Esophageal Cancer,-4.221769843,-2.728850435
TCGA-IN-7806-01,,Gastric Cancer,TCGA Tumor,STAD,Gastric Cancer,-4.111160788,-2.567669462
TCGA-BP-4325-01,,Kidney Cancer,TCGA Tumor,KIRC,Kidney Cancer,6.242413488,-6.755831312
TCGA-QK-A8Z8-01,,Head and Neck Cancer,TCGA Tumor,HNSC,Head and Neck Cancer,-6.225949321,2.187014986
TCGA-CQ-5326-01,,Head and Neck Cancer,TCGA Tumor,HNSC,Head and Neck Cancer,-6.688754115,0.461607207
TCGA-2Y-A9H2-01,,Liver Cancer,TCGA Tumor,LIHC,Liver Cancer,0.166673761,3.380167891
TCGA-KU-A66T-01,,Head and Neck Cancer,TCGA Tumor,HNSC,Head and Neck Cancer,-6.595012698,0.641103197
TCGA-CJ-4905-01,,Kidney Cancer,TCGA Tumor,KIRC,Kidney Cancer,6.269759145,-5.816866468
TCGA-EP-A2KC-01,,Liver Cancer,TCGA Tumor,LIHC,Liver Cancer,1.31650367,3.88742416
TCGA-LN-A7HY-01,,Esophageal Cancer,TCGA Tumor,ESCA,Esophageal Cancer,-5.882088694,1.267659832
TCGA-86-8669-01,,Lung Cancer,TCGA Tumor,LUAD,Lung Cancer,-0.580646786,-2.521696638
TCGA-IE-A3OV-01,,Sarcoma,TCGA Tumor,SARC,Sarcoma,1.977793303,1.58430152
TCGA-CC-A7IL-01,,Liver Cancer,TCGA Tumor,LIHC,Liver Cancer,1.18546727,3.95544355
TCGA-EW-A1OX-01,,Breast Cancer,TCGA Tumor,BRCA,Breast Cancer,5.664487329,-1.665408801
TCGA-55-7911-01,,Lung Cancer,TCGA Tumor,LUAD,Lung Cancer,-0.107579801,-3.012886118
TCGA-22-4605-01,,Lung Cancer,TCGA Tumor,LUSC,Lung Cancer,-5.853799853,1.988722135
TCGA-BP-5174-01,,Kidney Cancer,TCGA Tumor,KIRC,Kidney Cancer,5.952458348,-6.284690451
TCGA-61-2009-01,,Ovarian Cancer,TCGA Tumor,OV,Ovarian Cancer,1.404103723,7.873928953
TCGA-20-1684-01,,Ovarian Cancer,TCGA Tumor,OV,Ovarian Cancer,1.628355589,8.411297251
TCGA-05-4402-01,,Lung Cancer,TCGA Tumor,LUAD,Lung Cancer,-0.370494697,-2.931339096
TCGA-CX-7086-01,,Head and Neck Cancer,TCGA Tumor,HNSC,Head and Neck Cancer,-6.152367148,1.939038802
TCGA-ET-A25L-01,,Thyroid Cancer,TCGA Tumor,THCA,Thyroid Cancer,10.97876975,-0.306564133
TCGA-A8-A0A9-01,,Breast Cancer,TCGA Tumor,BRCA,Breast Cancer,5.31304976,-1.580790471
TCGA-BL-A13I-01,,Bladder Cancer,TCGA Tumor,BLCA,Bladder Cancer,1.159486141,1.201303888
TCGA-DD-A4NS-01,,Liver Cancer,TCGA Tumor,LIHC,Liver Cancer,0.523951453,3.634882141
TCGA-AN-A04D-01,,Breast Cancer,TCGA Tumor,BRCA,Breast Cancer,0.962338772,-1.549033116
TCGA-AX-A3FS-01,,Endometrial/Uterine Cancer,TCGA Tumor,UCEC,Endometrial/Uterine Cancer,-5.154471907,0.610583295
TCGA-BH-A1FB-01,,Breast Cancer,TCGA Tumor,BRCA,Breast Cancer,4.073329416,-1.756200265
TCGA-44-8119-01,,Lung Cancer,TCGA Tumor,LUAD,Lung Cancer,-0.900843057,-1.783589076
TCGA-13-0886-01,,Ovarian Cancer,TCGA Tumor,OV,Ovarian Cancer,1.723566737,7.77745812
TCGA-B8-A54E-01,,Kidney Cancer,TCGA Tumor,KIRC,Kidney Cancer,5.765167203,-5.362350057
TCGA-BP-4759-01,,Kidney Cancer,TCGA Tumor,KIRC,Kidney Cancer,6.332120385,-5.541780065
TCGA-GN-A262-06,,Skin Cancer,TCGA Tumor,SKCM,Skin Cancer,5.459288087,3.71486776
TCGA-24-2288-01,,Ovarian Cancer,TCGA Tumor,OV,Ovarian Cancer,1.471123901,7.853701521
TCGA-F4-6461-01,,Colorectal Cancer,TCGA Tumor,COAD,Colon/Colorectal Cancer,-5.22937921,-3.725992512
TCGA-90-A4EE-01,,Lung Cancer,TCGA Tumor,LUSC,Lung Cancer,-5.094498191,1.106970359
TCGA-CD-8533-01,,Gastric Cancer,TCGA Tumor,STAD,Gastric Cancer,-1.351955924,-0.711983274
TCGA-IS-A3K8-01,,Sarcoma,TCGA Tumor,SARC,Sarcoma,1.932802048,1.244715382
TCGA-55-6972-01,,Lung Cancer,TCGA Tumor,LUAD,Lung Cancer,-0.666119132,-2.763989281
TCGA-DK-A1A6-01,,Bladder Cancer,TCGA Tumor,BLCA,Bladder Cancer,-3.634536299,0.097385709
TCGA-A3-3319-01,,Kidney Cancer,TCGA Tumor,KIRC,Kidney Cancer,6.120304074,-5.425036978
TCGA-DD-AADI-01,,Liver Cancer,TCGA Tumor,LIHC,Liver Cancer,0.422598018,3.55855887
TCGA-CC-A7IG-01,,Liver Cancer,TCGA Tumor,LIHC,Liver Cancer,0.302714538,3.482905079
TCGA-MR-A8JO-01,,Liver Cancer,TCGA Tumor,LIHC,Liver Cancer,1.019176331,4.165646959
TCGA-GC-A3YS-01,,Bladder Cancer,TCGA Tumor,BLCA,Bladder Cancer,-5.231394324,0.764555443
TCGA-CR-7379-01,,Head and Neck Cancer,TCGA Tumor,HNSC,Head and Neck Cancer,-6.396584544,0.545116235
TCGA-AN-A0XW-01,,Breast Cancer,TCGA Tumor,BRCA,Breast Cancer,4.136292186,-1.798140239
TCGA-CJ-4918-01,,Kidney Cancer,TCGA Tumor,KIRC,Kidney Cancer,6.272095647,-5.401113104
TCGA-A8-A07J-01,,Breast Cancer,TCGA Tumor,BRCA,Breast Cancer,3.295852151,-1.279873561
TCGA-L5-A4OU-01,,Esophageal Cancer,TCGA Tumor,ESCA,Esophageal Cancer,-3.061805281,-2.605080198
TCGA-X9-A971-01,,Sarcoma,TCGA Tumor,SARC,Sarcoma,1.956239548,1.570141722
TCGA-D6-6826-01,,Head and Neck Cancer,TCGA Tumor,HNSC,Head and Neck Cancer,-6.435696635,0.616321195
TCGA-A2-A0SX-01,,Breast Cancer,TCGA Tumor,BRCA,Breast Cancer,0.840666112,-1.339590143
TCGA-57-1994-01,,Ovarian Cancer,TCGA Tumor,OV,Ovarian Cancer,1.74597713,8.471392084
TCGA-B8-5545-01,,Kidney Cancer,TCGA Tumor,KIRC,Kidney Cancer,6.095273938,-5.585917066
TCGA-US-A776-01,,Pancreatic Cancer,TCGA Tumor,PAAD,Pancreatic Cancer,-4.822298083,-3.715962242
TCGA-BR-8484-01,,Gastric Cancer,TCGA Tumor,STAD,Gastric Cancer,-4.042777095,-3.658179115
TCGA-55-7724-01,,Lung Cancer,TCGA Tumor,LUAD,Lung Cancer,-5.688652072,-2.841935467
TCGA-F4-6703-01,,Colorectal Cancer,TCGA Tumor,COAD,Colon/Colorectal Cancer,-6.308915171,1.214731504
TCGA-HU-A4G8-01,,Gastric Cancer,TCGA Tumor,STAD,Gastric Cancer,-4.354543242,-3.520780395
TCGA-BC-A10W-01,,Liver Cancer,TCGA Tumor,LIHC,Liver Cancer,0.196519357,3.380144764
TCGA-DX-AB2Q-01,,Sarcoma,TCGA Tumor,SARC,Sarcoma,1.210085299,1.23850422
TCGA-44-6776-01,,Lung Cancer,TCGA Tumor,LUAD,Lung Cancer,-0.565794918,-2.926134657
TCGA-49-4514-01,,Lung Cancer,TCGA Tumor,LUAD,Lung Cancer,-1.230863127,-2.256205868
TCGA-05-4396-01,,Lung Cancer,TCGA Tumor,LUAD,Lung Cancer,-1.185809645,-2.261952232
TCGA-85-A50Z-01,,Lung Cancer,TCGA Tumor,LUSC,Lung Cancer,-5.294294867,2.003047396
TCGA-FS-A1ZT-06,,Skin Cancer,TCGA Tumor,SKCM,Skin Cancer,5.605612722,3.765510489
TCGA-B2-3923-01,,Kidney Cancer,TCGA Tumor,KIRC,Kidney Cancer,-3.534377608,5.081475187
TCGA-55-8204-01,,Lung Cancer,TCGA Tumor,LUAD,Lung Cancer,-5.770135436,1.063017536
TCGA-77-7337-01,,Lung Cancer,TCGA Tumor,LUSC,Lung Cancer,-6.055626426,0.851483871
TCGA-QS-A5YR-01,,Endometrial/Uterine Cancer,TCGA Tumor,UCEC,Endometrial/Uterine Cancer,1.500694003,6.471077849
TCGA-L4-A4E6-01,,Lung Cancer,TCGA Tumor,LUAD,Lung Cancer,-0.587948415,-2.503212046
TCGA-L5-A8NJ-01,,Esophageal Cancer,TCGA Tumor,ESCA,Esophageal Cancer,-3.918048892,-3.412644457
TCGA-DX-A1L0-01,,Sarcoma,TCGA Tumor,SARC,Sarcoma,1.254761722,1.711638142
TCGA-BH-A0AW-01,,Breast Cancer,TCGA Tumor,BRCA,Breast Cancer,4.82553145,-1.205885838
TCGA-25-2392-01,,Ovarian Cancer,TCGA Tumor,OV,Ovarian Cancer,1.753126588,8.494716097
TCGA-XD-AAUH-01,,Pancreatic Cancer,TCGA Tumor,PAAD,Pancreatic Cancer,-2.213482413,-1.849147271
TCGA-AX-A3FW-01,,Endometrial/Uterine Cancer,TCGA Tumor,UCEC,Endometrial/Uterine Cancer,1.38940486,6.563072134
TCGA-BH-A2L8-01,,Breast Cancer,TCGA Tumor,BRCA,Breast Cancer,4.581624952,-1.569994997
TCGA-HU-A4GC-01,,Gastric Cancer,TCGA Tumor,STAD,Gastric Cancer,-3.888868365,-3.722989391
TCGA-EB-A5SE-01,,Skin Cancer,TCGA Tumor,SKCM,Skin Cancer,5.242565122,3.814163614
TCGA-BH-A0B6-01,,Breast Cancer,TCGA Tumor,BRCA,Breast Cancer,4.26292893,-1.398450326
TCGA-AA-3492-01,,Colorectal Cancer,TCGA Tumor,COAD,Colon/Colorectal Cancer,-5.213601146,-3.743814062
TCGA-FV-A3I0-01,,Liver Cancer,TCGA Tumor,LIHC,Liver Cancer,-0.122278425,3.020581175
TCGA-A3-3362-01,,Kidney Cancer,TCGA Tumor,KIRC,Kidney Cancer,6.427934137,-6.609086584
TCGA-CZ-5457-01,,Kidney Cancer,TCGA Tumor,KIRC,Kidney Cancer,6.299429383,-6.8733402
TCGA-BB-7866-01,,Head and Neck Cancer,TCGA Tumor,HNSC,Head and Neck Cancer,-5.969734225,1.789393831
TCGA-31-1959-01,,Ovarian Cancer,TCGA Tumor,OV,Ovarian Cancer,1.400157061,7.110516478
TCGA-HD-7832-01,,Head and Neck Cancer,TCGA Tumor,HNSC,Head and Neck Cancer,-6.898963008,0.683794011
TCGA-A8-A08I-01,,Breast Cancer,TCGA Tumor,BRCA,Breast Cancer,5.145761934,-1.524358105
TCGA-14-0790-01,,Glioblastoma,TCGA Tumor,GBM,Brain Cancer,1.239185479,-9.947477888
TCGA-BH-A0BS-01,,Breast Cancer,TCGA Tumor,BRCA,Breast Cancer,4.010900464,-1.857957791
TCGA-2J-AABV-01,,Pancreatic Cancer,TCGA Tumor,PAAD,Pancreatic Cancer,-0.97256628,-1.625838946
TCGA-DJ-A4UL-01,,Thyroid Cancer,TCGA Tumor,THCA,Thyroid Cancer,11.48375651,-0.039863627
TCGA-CD-A48C-01,,Gastric Cancer,TCGA Tumor,STAD,Gastric Cancer,-3.807664428,-3.681780409
TCGA-75-6205-01,,Lung Cancer,TCGA Tumor,LUAD,Lung Cancer,-0.043701056,-2.667559694
TCGA-FP-8099-01,,Gastric Cancer,TCGA Tumor,STAD,Gastric Cancer,-3.412836346,-3.045997213
TCGA-B6-A0IG-01,,Breast Cancer,TCGA Tumor,BRCA,Breast Cancer,4.886418786,-1.282909583
TCGA-XN-A8T5-01,,Pancreatic Cancer,TCGA Tumor,PAAD,Pancreatic Cancer,-2.522192988,-1.962773155
TCGA-AA-3496-01,,Colorectal Cancer,TCGA Tumor,COAD,Colon/Colorectal Cancer,-6.086220298,-3.721245359
TCGA-23-1022-01,,Ovarian Cancer,TCGA Tumor,OV,Ovarian Cancer,1.942713824,8.203713823
TCGA-ZF-AA4N-01,,Bladder Cancer,TCGA Tumor,BLCA,Bladder Cancer,-5.290818248,2.105447937
TCGA-GC-A3RC-01,,Bladder Cancer,TCGA Tumor,BLCA,Bladder Cancer,-6.709844622,0.455421914
TCGA-DJ-A13T-01,,Thyroid Cancer,TCGA Tumor,THCA,Thyroid Cancer,11.55761763,0.08810059
TCGA-AX-A3FX-01,,Endometrial/Uterine Cancer,TCGA Tumor,UCEC,Endometrial/Uterine Cancer,1.432269063,6.540786196
TCGA-CJ-4923-01,,Kidney Cancer,TCGA Tumor,KIRC,Kidney Cancer,6.044253316,-5.663799356
TCGA-06-5416-01,,Glioblastoma,TCGA Tumor,GBM,Brain Cancer,1.366572228,-9.051936697
TCGA-CZ-5987-01,,Kidney Cancer,TCGA Tumor,KIRC,Kidney Cancer,6.095649209,-5.793858122
TCGA-98-A538-01,,Lung Cancer,TCGA Tumor,LUSC,Lung Cancer,-5.742956672,2.229151179
TCGA-ET-A3BO-01,,Thyroid Cancer,TCGA Tumor,THCA,Thyroid Cancer,11.04383894,-0.514113139
TCGA-BJ-A28W-01,,Thyroid Cancer,TCGA Tumor,THCA,Thyroid Cancer,-8.712084327,7.038461615
TCGA-EB-A5VV-06,,Skin Cancer,TCGA Tumor,SKCM,Skin Cancer,-8.592885527,6.933560778
TCGA-KP-A3W0-01,,Endometrial/Uterine Cancer,TCGA Tumor,UCEC,Endometrial/Uterine Cancer,1.663955655,8.005487848
TCGA-CV-6436-01,,Head and Neck Cancer,TCGA Tumor,HNSC,Head and Neck Cancer,-6.545689139,0.236077462
TCGA-BP-4159-01,,Kidney Cancer,TCGA Tumor,KIRC,Kidney Cancer,6.302913633,-5.340276312
TCGA-85-6561-01,,Lung Cancer,TCGA Tumor,LUSC,Lung Cancer,-5.412119422,2.244419027
TCGA-EE-A29A-06,,Skin Cancer,TCGA Tumor,SKCM,Skin Cancer,4.975941148,3.393354584
TCGA-ZF-A9RL-01,,Bladder Cancer,TCGA Tumor,BLCA,Bladder Cancer,-3.627429042,0.120424215
TCGA-25-1633-01,,Ovarian Cancer,TCGA Tumor,OV,Ovarian Cancer,1.450385418,7.676150728
TCGA-25-2396-01,,Ovarian Cancer,TCGA Tumor,OV,Ovarian Cancer,1.73997685,8.52105086
TCGA-BR-7715-01,,Gastric Cancer,TCGA Tumor,STAD,Gastric Cancer,-3.929778132,-2.211890053
TCGA-BH-A0DO-01,,Breast Cancer,TCGA Tumor,BRCA,Breast Cancer,4.674118962,-1.251569342
TCGA-DY-A0XA-01,,Colorectal Cancer,TCGA Tumor,READ,Colon/Colorectal Cancer,-6.217357192,-3.610229801
TCGA-DM-A28E-01,,Colorectal Cancer,TCGA Tumor,COAD,Colon/Colorectal Cancer,-5.888761077,-3.499673199
TCGA-5R-AA1C-01,,Liver Cancer,TCGA Tumor,LIHC,Liver Cancer,1.345187571,3.852311302
TCGA-CK-6747-01,,Colorectal Cancer,TCGA Tumor,COAD,Colon/Colorectal Cancer,-5.465914759,-3.725377392
TCGA-CJ-5680-01,,Kidney Cancer,TCGA Tumor,KIRC,Kidney Cancer,5.987053838,-5.751433443
TCGA-34-5234-01,,Lung Cancer,TCGA Tumor,LUSC,Lung Cancer,-5.619897399,0.625577916
TCGA-A6-5667-01,,Colorectal Cancer,TCGA Tumor,COAD,Colon/Colorectal Cancer,-5.7623525,-3.543297123
TCGA-IB-8126-01,,Pancreatic Cancer,TCGA Tumor,PAAD,Pancreatic Cancer,-0.917012605,-1.635068249
TCGA-XF-A9T0-01,,Bladder Cancer,TCGA Tumor,BLCA,Bladder Cancer,-3.923396621,0.070011372
TCGA-FW-A5DX-01,,Skin Cancer,TCGA Tumor,SKCM,Skin Cancer,5.083115068,3.478349854
TCGA-HZ-7920-01,,Pancreatic Cancer,TCGA Tumor,PAAD,Pancreatic Cancer,-2.168092522,-1.918507766
TCGA-04-1517-01,,Ovarian Cancer,TCGA Tumor,OV,Ovarian Cancer,1.701867547,8.102572848
TCGA-CN-6989-01,,Head and Neck Cancer,TCGA Tumor,HNSC,Head and Neck Cancer,-5.490109954,2.305020739
TARGET-50-PAJNJJ-01,,Kidney Cancer,TCGA Tumor,WT,Kidney Cancer,-4.595982108,7.729341913
TCGA-56-7822-01,,Lung Cancer,TCGA Tumor,LUSC,Lung Cancer,-6.197535071,1.394678284
TCGA-13-1487-01,,Ovarian Cancer,TCGA Tumor,OV,Ovarian Cancer,1.649130192,7.986809183
TCGA-LL-A73Y-01,,Breast Cancer,TCGA Tumor,BRCA,Breast Cancer,1.050900426,-1.477933
TCGA-BC-A10X-01,,Liver Cancer,TCGA Tumor,LIHC,Liver Cancer,1.044457164,4.17612641
TCGA-UY-A78M-01,,Bladder Cancer,TCGA Tumor,BLCA,Bladder Cancer,-3.772995505,0.046725634
TCGA-BH-A0DK-01,,Breast Cancer,TCGA Tumor,BRCA,Breast Cancer,4.856574502,-1.259034466
TCGA-GC-A4ZW-01,,Bladder Cancer,TCGA Tumor,BLCA,Bladder Cancer,-3.553377185,-0.509791921
TARGET-50-PAKZHF-01,,Kidney Cancer,TCGA Tumor,WT,Kidney Cancer,-4.572547469,7.704711367
TCGA-K4-A4AC-01,,Bladder Cancer,TCGA Tumor,BLCA,Bladder Cancer,-6.769707713,0.700179983
TCGA-25-1628-01,,Ovarian Cancer,TCGA Tumor,OV,Ovarian Cancer,1.540670362,7.787648607
TCGA-85-A4JB-01,,Lung Cancer,TCGA Tumor,LUSC,Lung Cancer,-5.864118609,1.005148877
TCGA-62-A472-01,,Lung Cancer,TCGA Tumor,LUAD,Lung Cancer,-0.011331174,-3.153452705
TCGA-30-1714-01,,Ovarian Cancer,TCGA Tumor,OV,Ovarian Cancer,2.008464184,8.183758188
TCGA-NJ-A55R-01,,Lung Cancer,TCGA Tumor,LUAD,Lung Cancer,-1.347957644,-0.747261773
TCGA-23-1026-01,,Ovarian Cancer,TCGA Tumor,OV,Ovarian Cancer,2.022426095,8.138152529
TCGA-VQ-A8E3-01,,Gastric Cancer,TCGA Tumor,STAD,Gastric Cancer,-4.519883189,-3.577811788
TCGA-F5-6702-01,,Colorectal Cancer,TCGA Tumor,READ,Colon/Colorectal Cancer,-5.712780509,-3.407190393
TCGA-BH-A0BG-01,,Breast Cancer,TCGA Tumor,BRCA,Breast Cancer,0.988939669,-1.511288952
TCGA-AJ-A23N-01,,Endometrial/Uterine Cancer,TCGA Tumor,UCEC,Endometrial/Uterine Cancer,1.590652552,7.410444189
TCGA-W5-AA34-01,,Bile Duct Cancer,TCGA Tumor,CHOL,Bile Duct Cancer,-0.101031992,3.038416554
TCGA-CA-5255-01,,Colorectal Cancer,TCGA Tumor,COAD,Colon/Colorectal Cancer,-5.77232984,-3.643390726
TCGA-93-A4JP-01,,Lung Cancer,TCGA Tumor,LUAD,Lung Cancer,-0.34956548,-2.836754631
TCGA-CK-4947-01,,Colorectal Cancer,TCGA Tumor,COAD,Colon/Colorectal Cancer,-5.749383483,-3.751875471
TCGA-IE-A6BZ-01,,Sarcoma,TCGA Tumor,SARC,Sarcoma,1.278019991,1.658453513
TCGA-A8-A06Z-01,,Breast Cancer,TCGA Tumor,BRCA,Breast Cancer,5.573829141,-1.752872537
TCGA-KP-A3W1-01,,Endometrial/Uterine Cancer,TCGA Tumor,UCEC,Endometrial/Uterine Cancer,1.114200499,6.617299963
TCGA-G5-6233-01,,Colorectal Cancer,TCGA Tumor,READ,Colon/Colorectal Cancer,-5.682615313,-3.543944429
TCGA-62-8395-01,,Lung Cancer,TCGA Tumor,LUAD,Lung Cancer,-0.433399353,-2.905366491
TCGA-24-2261-01,,Ovarian Cancer,TCGA Tumor,OV,Ovarian Cancer,1.760505405,8.489977289
TCGA-AN-A0AT-01,,Breast Cancer,TCGA Tumor,BRCA,Breast Cancer,0.93929812,-1.497022938
TCGA-13-0800-01,,Ovarian Cancer,TCGA Tumor,OV,Ovarian Cancer,1.541651216,7.803788592
TCGA-77-8136-01,,Lung Cancer,TCGA Tumor,LUSC,Lung Cancer,-5.74934772,1.136481215
TCGA-D1-A2G0-01,,Endometrial/Uterine Cancer,TCGA Tumor,UCEC,Endometrial/Uterine Cancer,1.216247227,6.544000555
TCGA-ET-A40P-01,,Thyroid Cancer,TCGA Tumor,THCA,Thyroid Cancer,11.5930123,0.721981455
TCGA-13-0765-01,,Ovarian Cancer,TCGA Tumor,OV,Ovarian Cancer,1.927650538,8.025781084
TCGA-CW-5589-01,,Kidney Cancer,TCGA Tumor,KIRC,Kidney Cancer,5.982465234,-5.50314958
TCGA-VQ-A8E0-01,,Gastric Cancer,TCGA Tumor,STAD,Gastric Cancer,-3.784012351,-3.660568308
TCGA-66-2756-01,,Lung Cancer,TCGA Tumor,LUSC,Lung Cancer,-0.95013884,-1.575187277
TCGA-61-1998-01,,Ovarian Cancer,TCGA Tumor,OV,Ovarian Cancer,1.75040504,8.163932253
TCGA-23-1029-01,,Ovarian Cancer,TCGA Tumor,OV,Ovarian Cancer,1.968661752,8.312766482
TCGA-EE-A3J4-06,,Skin Cancer,TCGA Tumor,SKCM,Skin Cancer,6.582929578,4.332344938
TCGA-95-7567-01,,Lung Cancer,TCGA Tumor,LUAD,Lung Cancer,-0.05122501,-3.054954838
TCGA-E2-A14U-01,,Breast Cancer,TCGA Tumor,BRCA,Breast Cancer,4.864517656,-1.529139232
TCGA-AD-6888-01,,Colorectal Cancer,TCGA Tumor,COAD,Colon/Colorectal Cancer,-5.746655974,-3.592610906
TCGA-F4-6809-01,,Colorectal Cancer,TCGA Tumor,COAD,Colon/Colorectal Cancer,-5.916222129,-3.530373405
TCGA-A3-3385-01,,Kidney Cancer,TCGA Tumor,KIRC,Kidney Cancer,6.354062524,-6.77108581
TCGA-50-5051-01,,Lung Cancer,TCGA Tumor,LUAD,Lung Cancer,-0.82680038,-2.061087679
TCGA-BP-5000-01,,Kidney Cancer,TCGA Tumor,KIRC,Kidney Cancer,6.308237043,-5.559509348
TCGA-B0-5108-01,,Kidney Cancer,TCGA Tumor,KIRC,Kidney Cancer,6.21366736,-5.384859156
TCGA-CK-5914-01,,Colorectal Cancer,TCGA Tumor,COAD,Colon/Colorectal Cancer,-5.964178595,-3.762358736
TARGET-50-PAKWPM-01,,Kidney Cancer,TCGA Tumor,WT,Kidney Cancer,-4.570754084,7.70379727
TCGA-23-1030-01,,Ovarian Cancer,TCGA Tumor,OV,Ovarian Cancer,1.375023213,8.023808409
TCGA-H2-A26U-01,,Thyroid Cancer,TCGA Tumor,THCA,Thyroid Cancer,11.04055926,-0.512825977
TCGA-D1-A3JP-01,,Endometrial/Uterine Cancer,TCGA Tumor,UCEC,Endometrial/Uterine Cancer,-2.551368985,-2.510519337
TCGA-43-8116-01,,Lung Cancer,TCGA Tumor,LUSC,Lung Cancer,-5.153948817,1.073906709
TCGA-18-3410-01,,Lung Cancer,TCGA Tumor,LUSC,Lung Cancer,-5.25753406,1.084022809
TCGA-BR-7704-01,,Gastric Cancer,TCGA Tumor,STAD,Gastric Cancer,-3.877370868,-3.435878586
TCGA-61-2003-01,,Ovarian Cancer,TCGA Tumor,OV,Ovarian Cancer,1.709303346,8.048947264
TCGA-MW-A4EC-01,,Kidney Cancer,TCGA Tumor,KIRC,Kidney Cancer,6.290098157,-6.793957781
TCGA-A3-3343-01,,Kidney Cancer,TCGA Tumor,KIRC,Kidney Cancer,6.237824407,-6.837751936
TCGA-L5-A4OM-01,,Esophageal Cancer,TCGA Tumor,ESCA,Esophageal Cancer,-6.092094455,2.29463451
TCGA-BK-A13B-01,,Endometrial/Uterine Cancer,TCGA Tumor,UCEC,Endometrial/Uterine Cancer,1.488877263,6.514779497
TCGA-55-A48Y-01,,Lung Cancer,TCGA Tumor,LUAD,Lung Cancer,-1.009003076,-2.040935825
TARGET-50-PAKNXS-01,,Kidney Cancer,TCGA Tumor,WT,Kidney Cancer,-4.560587439,7.697453428
TCGA-BJ-A45F-01,,Thyroid Cancer,TCGA Tumor,THCA,Thyroid Cancer,11.41351935,0.952293326
TCGA-AK-3447-01,,Kidney Cancer,TCGA Tumor,KIRC,Kidney Cancer,-3.516130719,5.071377684
TCGA-D5-6532-01,,Colorectal Cancer,TCGA Tumor,COAD,Colon/Colorectal Cancer,-6.126685176,-3.718763899
TCGA-86-A456-01,,Lung Cancer,TCGA Tumor,LUAD,Lung Cancer,-0.138903591,-3.121637892
TCGA-33-AASB-01,,Lung Cancer,TCGA Tumor,LUSC,Lung Cancer,-1.277969513,-2.229929041
TCGA-FE-A22Z-01,,Thyroid Cancer,TCGA Tumor,THCA,Thyroid Cancer,10.95676848,-0.308554958
TCGA-50-5068-01,,Lung Cancer,TCGA Tumor,LUAD,Lung Cancer,0.005284425,-2.473239254
TCGA-NK-A5CR-01,,Lung Cancer,TCGA Tumor,LUSC,Lung Cancer,-5.306147609,2.406436611
TCGA-NJ-A55A-01,,Lung Cancer,TCGA Tumor,LUAD,Lung Cancer,-0.423383925,-2.695119213
TCGA-ZS-A9CF-01,,Liver Cancer,TCGA Tumor,LIHC,Liver Cancer,0.897137042,4.214886118
TCGA-69-7973-01,,Lung Cancer,TCGA Tumor,LUAD,Lung Cancer,-0.840980801,-2.14842112
TCGA-D3-A2J7-06,,Skin Cancer,TCGA Tumor,SKCM,Skin Cancer,5.544284787,3.515441347
TCGA-DK-AA6T-01,,Bladder Cancer,TCGA Tumor,BLCA,Bladder Cancer,-8.604213271,6.906087328
TCGA-56-7580-01,,Lung Cancer,TCGA Tumor,LUSC,Lung Cancer,-5.225934062,1.741044928
TCGA-AR-A0U0-01,,Breast Cancer,TCGA Tumor,BRCA,Breast Cancer,0.880992767,-1.498814057
TCGA-S4-A8RM-01,,Pancreatic Cancer,TCGA Tumor,PAAD,Pancreatic Cancer,-3.404790673,-3.169514488
TCGA-DX-AB2S-01,,Sarcoma,TCGA Tumor,SARC,Sarcoma,1.144396212,1.247012545
TCGA-GD-A3OP-01,,Bladder Cancer,TCGA Tumor,BLCA,Bladder Cancer,-3.579304728,-0.054479342
TCGA-90-7769-01,,Lung Cancer,TCGA Tumor,LUSC,Lung Cancer,-5.702484641,2.352319647
TCGA-CR-6467-01,,Head and Neck Cancer,TCGA Tumor,HNSC,Head and Neck Cancer,-5.889449153,1.810790945
TCGA-22-4613-01,,Lung Cancer,TCGA Tumor,LUSC,Lung Cancer,-5.42165235,2.505406548
TCGA-IG-A97H-01,,Esophageal Cancer,TCGA Tumor,ESCA,Esophageal Cancer,-6.59365848,0.700473298
TCGA-37-4135-01,,Lung Cancer,TCGA Tumor,LUSC,Lung Cancer,-0.611133966,-1.596005987
TCGA-IG-A5B8-01,,Esophageal Cancer,TCGA Tumor,ESCA,Esophageal Cancer,-6.51933578,0.640030373
TCGA-BP-5196-01,,Kidney Cancer,TCGA Tumor,KIRC,Kidney Cancer,6.152330842,-5.29171903
TCGA-BD-A3EP-01,,Liver Cancer,TCGA Tumor,LIHC,Liver Cancer,0.965410736,4.168082167
TCGA-DX-A8BQ-01,,Sarcoma,TCGA Tumor,SARC,Sarcoma,1.134914544,1.158011485
TCGA-EW-A1P5-01,,Breast Cancer,TCGA Tumor,BRCA,Breast Cancer,5.615731206,-1.622896265
TCGA-37-3792-01,,Lung Cancer,TCGA Tumor,LUSC,Lung Cancer,-0.849960956,-1.771868299
TCGA-FD-A3SL-01,,Bladder Cancer,TCGA Tumor,BLCA,Bladder Cancer,-3.646930251,-0.907138478
TCGA-ET-A39L-01,,Thyroid Cancer,TCGA Tumor,THCA,Thyroid Cancer,11.63435408,0.773572494
TCGA-BH-A1FN-01,,Breast Cancer,TCGA Tumor,BRCA,Breast Cancer,4.955308881,-1.523576688
TCGA-J8-A3YH-06,,Thyroid Cancer,TCGA Tumor,THCA,Thyroid Cancer,11.39501997,-0.15936638
TCGA-AZ-6600-01,,Colorectal Cancer,TCGA Tumor,COAD,Colon/Colorectal Cancer,-5.795866523,-3.601473402
TCGA-MM-A564-01,,Kidney Cancer,TCGA Tumor,KIRC,Kidney Cancer,6.295142617,-5.328899454
TCGA-E9-A3X8-01,,Breast Cancer,TCGA Tumor,BRCA,Breast Cancer,3.96425077,-1.702099632
TCGA-51-4079-01,,Lung Cancer,TCGA Tumor,LUSC,Lung Cancer,-5.375881705,2.30805843
TCGA-HZ-8002-01,,Pancreatic Cancer,TCGA Tumor,PAAD,Pancreatic Cancer,-2.224446807,-2.304682564
TCGA-3A-A9IH-01,,Pancreatic Cancer,TCGA Tumor,PAAD,Pancreatic Cancer,-3.15432981,-2.674337458
TCGA-B5-A3FC-01,,Endometrial/Uterine Cancer,TCGA Tumor,UCEC,Endometrial/Uterine Cancer,1.168667283,6.743162085
TCGA-98-8020-01,,Lung Cancer,TCGA Tumor,LUSC,Lung Cancer,-6.492451224,0.606804539
TCGA-CV-5970-01,,Head and Neck Cancer,TCGA Tumor,HNSC,Head and Neck Cancer,-6.499733481,0.49230345
TCGA-DX-AB2G-01,,Sarcoma,TCGA Tumor,SARC,Sarcoma,1.272332754,1.450806428
TARGET-50-PALEZT-01,,Kidney Cancer,TCGA Tumor,WT,Kidney Cancer,-4.647388491,7.780893732
TCGA-A1-A0SJ-01,,Breast Cancer,TCGA Tumor,BRCA,Breast Cancer,3.930763927,-1.824550222
TCGA-J2-A4AG-01,,Lung Cancer,TCGA Tumor,LUAD,Lung Cancer,-0.178762708,-3.17865951
TCGA-EI-6510-01,,Colorectal Cancer,TCGA Tumor,READ,Colon/Colorectal Cancer,-5.958654437,-3.834600519
TCGA-G4-6588-01,,Colorectal Cancer,TCGA Tumor,COAD,Colon/Colorectal Cancer,-4.893058333,-3.727708887
TCGA-22-5471-01,,Lung Cancer,TCGA Tumor,LUSC,Lung Cancer,-5.206262145,2.353976656
TCGA-VQ-A91V-01,,Gastric Cancer,TCGA Tumor,STAD,Gastric Cancer,-3.720032725,-3.439153265
TCGA-CV-7425-01,,Head and Neck Cancer,TCGA Tumor,HNSC,Head and Neck Cancer,-6.903479609,0.604560364
TCGA-BH-A201-01,,Breast Cancer,TCGA Tumor,BRCA,Breast Cancer,3.051022735,-1.272102546
TCGA-66-2744-01,,Lung Cancer,TCGA Tumor,LUSC,Lung Cancer,-5.162677798,1.073117901
TCGA-61-2016-01,,Ovarian Cancer,TCGA Tumor,OV,Ovarian Cancer,1.949944463,8.296716143
TCGA-CN-4733-01,,Head and Neck Cancer,TCGA Tumor,HNSC,Head and Neck Cancer,-6.095340762,0.182963748
TCGA-05-4405-01,,Lung Cancer,TCGA Tumor,LUAD,Lung Cancer,-0.273875747,-2.916534733
TCGA-99-8033-01,,Lung Cancer,TCGA Tumor,LUAD,Lung Cancer,-1.202300463,-2.096682381
TCGA-DD-AA3A-01,,Liver Cancer,TCGA Tumor,LIHC,Liver Cancer,-0.090694818,3.033111025
TCGA-13-0885-01,,Ovarian Cancer,TCGA Tumor,OV,Ovarian Cancer,1.704037037,8.241478373
TCGA-E9-A22H-01,,Breast Cancer,TCGA Tumor,BRCA,Breast Cancer,5.352230039,-1.409431409
TCGA-FP-A4BF-01,,Gastric Cancer,TCGA Tumor,STAD,Gastric Cancer,-4.226126704,-3.074204754
TCGA-49-AARE-01,,Lung Cancer,TCGA Tumor,LUAD,Lung Cancer,-0.352145109,-2.862692188
TCGA-76-4925-01,,Glioblastoma,TCGA Tumor,GBM,Brain Cancer,1.253801432,-9.686493467
TCGA-CZ-5469-01,,Kidney Cancer,TCGA Tumor,KIRC,Kidney Cancer,6.07121655,-5.349198889
TCGA-B6-A0RP-01,,Breast Cancer,TCGA Tumor,BRCA,Breast Cancer,4.281435456,-1.285565685
TCGA-D8-A27V-01,,Breast Cancer,TCGA Tumor,BRCA,Breast Cancer,4.244697299,-1.561729621
TCGA-ZF-AA4V-01,,Bladder Cancer,TCGA Tumor,BLCA,Bladder Cancer,0.820986566,-1.424681376
TCGA-RD-A8N1-01,,Gastric Cancer,TCGA Tumor,STAD,Gastric Cancer,-3.71620563,-3.634651493
TCGA-BR-8687-01,,Gastric Cancer,TCGA Tumor,STAD,Gastric Cancer,-3.850684676,-3.700102638
TCGA-EM-A2CO-01,,Thyroid Cancer,TCGA Tumor,THCA,Thyroid Cancer,11.32882353,0.986295034
TCGA-BR-A4IY-01,,Gastric Cancer,TCGA Tumor,STAD,Gastric Cancer,-5.502752814,0.707849849
TCGA-50-6673-01,,Lung Cancer,TCGA Tumor,LUAD,Lung Cancer,-0.342860255,-2.97597773
TCGA-CR-7372-01,,Head and Neck Cancer,TCGA Tumor,HNSC,Head and Neck Cancer,-6.632566485,0.52352785
TCGA-EM-A3AN-01,,Thyroid Cancer,TCGA Tumor,THCA,Thyroid Cancer,11.54401728,0.067289856
TCGA-F2-A44H-01,,Pancreatic Cancer,TCGA Tumor,PAAD,Pancreatic Cancer,-0.95225409,-1.884084176
TCGA-EM-A2OZ-01,,Thyroid Cancer,TCGA Tumor,THCA,Thyroid Cancer,10.99191805,-0.616705369
TCGA-55-7727-01,,Lung Cancer,TCGA Tumor,LUAD,Lung Cancer,-0.175926897,-3.176682304
TCGA-24-2020-01,,Ovarian Cancer,TCGA Tumor,OV,Ovarian Cancer,-4.872997794,-1.929256986
TCGA-A1-A0SE-01,,Breast Cancer,TCGA Tumor,BRCA,Breast Cancer,4.570449319,-1.355608653
TCGA-77-8153-01,,Lung Cancer,TCGA Tumor,LUSC,Lung Cancer,-5.318026576,2.478049685
TCGA-L5-A88Y-01,,Esophageal Cancer,TCGA Tumor,ESCA,Esophageal Cancer,-4.138640437,-2.770520042
TCGA-A8-A06Y-01,,Breast Cancer,TCGA Tumor,BRCA,Breast Cancer,4.228020396,-1.499919723
TCGA-QS-A8F1-01,,Endometrial/Uterine Cancer,TCGA Tumor,UCEC,Endometrial/Uterine Cancer,1.364360657,7.915757586
TCGA-G3-A25S-01,,Liver Cancer,TCGA Tumor,LIHC,Liver Cancer,0.486158681,3.762856175
TCGA-ER-A19K-01,,Skin Cancer,TCGA Tumor,SKCM,Skin Cancer,6.001016107,3.696978975
TCGA-EL-A3ZM-01,,Thyroid Cancer,TCGA Tumor,THCA,Thyroid Cancer,10.91381785,-0.271393221
TCGA-DJ-A13X-01,,Thyroid Cancer,TCGA Tumor,THCA,Thyroid Cancer,11.59971663,0.110062901
TCGA-DX-A1L3-01,,Sarcoma,TCGA Tumor,SARC,Sarcoma,1.25880101,1.447345782
TCGA-AR-A1AM-01,,Breast Cancer,TCGA Tumor,BRCA,Breast Cancer,4.762838807,-1.530714344
TCGA-13-0890-01,,Ovarian Cancer,TCGA Tumor,OV,Ovarian Cancer,1.383737829,7.505084444
TCGA-A6-6138-01,,Colorectal Cancer,TCGA Tumor,COAD,Colon/Colorectal Cancer,-6.191370997,-3.653605055
TCGA-CV-7238-01,,Head and Neck Cancer,TCGA Tumor,HNSC,Head and Neck Cancer,-6.716236625,0.599521388
TCGA-EL-A3T7-01,,Thyroid Cancer,TCGA Tumor,THCA,Thyroid Cancer,11.17879626,-0.44318987
TCGA-AN-A041-01,,Breast Cancer,TCGA Tumor,BRCA,Breast Cancer,3.649248567,-1.385925244
TCGA-CN-5367-01,,Head and Neck Cancer,TCGA Tumor,HNSC,Head and Neck Cancer,-6.869751487,0.652065028
TCGA-MP-A4T8-01,,Lung Cancer,TCGA Tumor,LUAD,Lung Cancer,-1.106623087,-2.157604526
TCGA-D6-A74Q-01,,Head and Neck Cancer,TCGA Tumor,HNSC,Head and Neck Cancer,-6.062319312,1.188533951
TCGA-86-8279-01,,Lung Cancer,TCGA Tumor,LUAD,Lung Cancer,-0.231422994,-3.115109276
TCGA-E7-A6MD-01,,Bladder Cancer,TCGA Tumor,BLCA,Bladder Cancer,-3.840519938,0.142313432
TCGA-CR-5250-01,,Head and Neck Cancer,TCGA Tumor,HNSC,Head and Neck Cancer,-5.99251512,1.908995796
TCGA-B0-5100-01,,Kidney Cancer,TCGA Tumor,KIRC,Kidney Cancer,6.259881463,-5.316051554
TCGA-BH-A28Q-01,,Breast Cancer,TCGA Tumor,BRCA,Breast Cancer,4.266211238,-1.340200971
TCGA-BP-4775-01,,Kidney Cancer,TCGA Tumor,KIRC,Kidney Cancer,6.336753812,-6.73883016
TCGA-44-3917-01,,Lung Cancer,TCGA Tumor,LUAD,Lung Cancer,-4.526933703,-3.281698059
TCGA-61-2000-01,,Ovarian Cancer,TCGA Tumor,OV,Ovarian Cancer,1.753508177,8.569176127
TCGA-75-5125-01,,Lung Cancer,TCGA Tumor,LUAD,Lung Cancer,-0.078122351,-3.198614906
TCGA-BR-4369-01,,Gastric Cancer,TCGA Tumor,STAD,Gastric Cancer,-4.966822181,-2.0094393
TCGA-B0-5400-01,,Kidney Cancer,TCGA Tumor,KIRC,Kidney Cancer,6.110632386,-5.293944429
TCGA-G4-6317-02,,Colorectal Cancer,TCGA Tumor,COAD,Colon/Colorectal Cancer,-5.788320098,-3.591950964
TCGA-G4-6317-01,,Colorectal Cancer,TCGA Tumor,COAD,Colon/Colorectal Cancer,-6.033933673,-3.627500843
TCGA-HU-8244-01,,Gastric Cancer,TCGA Tumor,STAD,Gastric Cancer,-3.836279902,-3.717052292
TCGA-25-2404-01,,Ovarian Cancer,TCGA Tumor,OV,Ovarian Cancer,1.984763708,8.153842379
TCGA-CV-7437-01,,Head and Neck Cancer,TCGA Tumor,HNSC,Head and Neck Cancer,-5.400201354,2.081961085
TCGA-55-7913-01,,Lung Cancer,TCGA Tumor,LUAD,Lung Cancer,-1.211032781,-2.249371122
TCGA-K7-A5RG-01,,Liver Cancer,TCGA Tumor,LIHC,Liver Cancer,0.408670141,3.584502865
TCGA-13-0768-01,,Ovarian Cancer,TCGA Tumor,OV,Ovarian Cancer,1.671231356,7.88776343
TCGA-B6-A409-01,,Breast Cancer,TCGA Tumor,BRCA,Breast Cancer,0.990253356,-1.552626084
TCGA-B8-5552-01,,Kidney Cancer,TCGA Tumor,KIRC,Kidney Cancer,6.279727426,-5.910285543
TCGA-BP-4330-01,,Kidney Cancer,TCGA Tumor,KIRC,Kidney Cancer,6.09401032,-6.673003267
TCGA-21-1078-01,,Lung Cancer,TCGA Tumor,LUSC,Lung Cancer,-3.819471869,0.243509878
TCGA-34-2600-01,,Lung Cancer,TCGA Tumor,LUSC,Lung Cancer,-6.028136287,2.301172186
TCGA-SG-A6Z4-01,,Sarcoma,TCGA Tumor,SARC,Sarcoma,1.340177562,1.242293645
TCGA-3B-A9HZ-01,,Sarcoma,TCGA Tumor,SARC,Sarcoma,1.944596138,1.624414731
TCGA-CJ-4873-01,,Kidney Cancer,TCGA Tumor,KIRC,Kidney Cancer,6.091356721,-5.679011415
TCGA-BH-A1EX-01,,Breast Cancer,TCGA Tumor,BRCA,Breast Cancer,4.14014956,-0.92903937
TCGA-CK-4952-01,,Colorectal Cancer,TCGA Tumor,COAD,Colon/Colorectal Cancer,-4.72706655,-3.63712437
TCGA-G4-6309-01,,Colorectal Cancer,TCGA Tumor,COAD,Colon/Colorectal Cancer,-5.013750586,-3.68190534
TCGA-E8-A433-01,,Thyroid Cancer,TCGA Tumor,THCA,Thyroid Cancer,11.37861201,-0.154078852
TCGA-55-8615-01,,Lung Cancer,TCGA Tumor,LUAD,Lung Cancer,-0.933440242,-2.165779899
TCGA-HZ-A4BK-01,,Pancreatic Cancer,TCGA Tumor,PAAD,Pancreatic Cancer,-2.680120263,-2.46742494
TCGA-BH-A0B2-01,,Breast Cancer,TCGA Tumor,BRCA,Breast Cancer,3.956334319,-1.739116381
TCGA-BK-A26L-01,,Endometrial/Uterine Cancer,TCGA Tumor,UCEC,Endometrial/Uterine Cancer,-4.58922008,-3.305449318
TCGA-A2-A0CT-01,,Breast Cancer,TCGA Tumor,BRCA,Breast Cancer,5.261992421,-1.758477281
TCGA-56-7823-01,,Lung Cancer,TCGA Tumor,LUSC,Lung Cancer,-5.934992347,2.434898306
TCGA-G2-A2EO-01,,Bladder Cancer,TCGA Tumor,BLCA,Bladder Cancer,-5.273957286,2.448440481
TCGA-D6-A6EO-01,,Head and Neck Cancer,TCGA Tumor,HNSC,Head and Neck Cancer,-6.49132112,1.224278618
TCGA-29-1778-01,,Ovarian Cancer,TCGA Tumor,OV,Ovarian Cancer,1.609992471,8.323905398
TCGA-EB-A24C-01,,Skin Cancer,TCGA Tumor,SKCM,Skin Cancer,5.364855733,3.76383679
TCGA-AK-3443-01,,Kidney Cancer,TCGA Tumor,KIRC,Kidney Cancer,-3.536779914,5.08901446
TCGA-A7-A0CJ-01,,Breast Cancer,TCGA Tumor,BRCA,Breast Cancer,5.601153817,-1.545343708
TCGA-B5-A3FB-01,,Endometrial/Uterine Cancer,TCGA Tumor,UCEC,Endometrial/Uterine Cancer,1.431976643,6.511670042
TCGA-BP-4776-01,,Kidney Cancer,TCGA Tumor,KIRC,Kidney Cancer,6.349548307,-6.355676245
TCGA-CM-5868-01,,Colorectal Cancer,TCGA Tumor,COAD,Colon/Colorectal Cancer,-6.021251712,-3.721881222
TARGET-50-PAJNZK-01,,Kidney Cancer,TCGA Tumor,WT,Kidney Cancer,-4.595287833,7.728228022
TCGA-55-6979-01,,Lung Cancer,TCGA Tumor,LUAD,Lung Cancer,-0.187733266,-2.693995546
TCGA-VQ-A91Z-01,,Gastric Cancer,TCGA Tumor,STAD,Gastric Cancer,-5.405411753,-3.178827118
TCGA-A2-A4S2-01,,Breast Cancer,TCGA Tumor,BRCA,Breast Cancer,4.820227113,-1.451890301
TCGA-61-2092-01,,Ovarian Cancer,TCGA Tumor,OV,Ovarian Cancer,1.412534919,6.308076311
TCGA-W5-AA2X-01,,Bile Duct Cancer,TCGA Tumor,CHOL,Bile Duct Cancer,-1.263555441,-2.218758653
TCGA-BJ-A291-01,,Thyroid Cancer,TCGA Tumor,THCA,Thyroid Cancer,11.49037119,0.89994805
TCGA-KO-8410-01,,Kidney Cancer,TCGA Tumor,KICH,Kidney Cancer,-3.53991488,5.084524561
TCGA-BH-A0H0-01,,Breast Cancer,TCGA Tumor,BRCA,Breast Cancer,5.302722898,-1.577958058
TCGA-LN-A4A9-01,,Esophageal Cancer,TCGA Tumor,ESCA,Esophageal Cancer,-6.362818751,0.45975091
TCGA-LL-A5YO-01,,Breast Cancer,TCGA Tumor,BRCA,Breast Cancer,4.090733495,-0.914543341
TCGA-86-A4JF-01,,Lung Cancer,TCGA Tumor,LUAD,Lung Cancer,-0.158430371,-3.139216255
TCGA-DC-6156-01,,Colorectal Cancer,TCGA Tumor,READ,Colon/Colorectal Cancer,-5.707519564,-3.622893642
TCGA-FI-A3PV-01,,Endometrial/Uterine Cancer,TCGA Tumor,UCEC,Endometrial/Uterine Cancer,1.305693057,6.708520342
TCGA-FS-A1Z3-06,,Skin Cancer,TCGA Tumor,SKCM,Skin Cancer,5.610442128,3.571440626
TCGA-AN-A0FW-01,,Breast Cancer,TCGA Tumor,BRCA,Breast Cancer,5.627808061,-1.742721151
TCGA-VQ-A8PH-01,,Gastric Cancer,TCGA Tumor,STAD,Gastric Cancer,-4.94266418,-1.991842579
TCGA-AC-A6IX-06,,Breast Cancer,TCGA Tumor,BRCA,Breast Cancer,4.563492265,-1.339798044
TCGA-AC-A6IX-01,,Breast Cancer,TCGA Tumor,BRCA,Breast Cancer,4.144757238,-1.691657852
TCGA-XF-A8HH-01,,Bladder Cancer,TCGA Tumor,BLCA,Bladder Cancer,-3.607525382,0.041774874
TCGA-EB-A551-01,,Skin Cancer,TCGA Tumor,SKCM,Skin Cancer,5.395226445,3.441350628
TCGA-EL-A4K2-01,,Thyroid Cancer,TCGA Tumor,THCA,Thyroid Cancer,11.56695982,0.756555487
TCGA-FS-A1ZD-06,,Skin Cancer,TCGA Tumor,SKCM,Skin Cancer,4.984452214,3.419683148
TCGA-86-7701-01,,Lung Cancer,TCGA Tumor,LUAD,Lung Cancer,-0.894388709,-1.898025941
TCGA-GN-A267-06,,Skin Cancer,TCGA Tumor,SKCM,Skin Cancer,5.980920282,3.546863009
TCGA-A3-3320-01,,Kidney Cancer,TCGA Tumor,KIRC,Kidney Cancer,6.322574582,-6.799227785
TCGA-FT-A3EE-01,,Bladder Cancer,TCGA Tumor,BLCA,Bladder Cancer,-3.760006938,0.126065795
TCGA-D3-A8GP-06,,Skin Cancer,TCGA Tumor,SKCM,Skin Cancer,5.192712274,3.648193289
TCGA-L9-A443-01,,Lung Cancer,TCGA Tumor,LUAD,Lung Cancer,-0.161841366,-3.164517235
TCGA-DJ-A2PN-01,,Thyroid Cancer,TCGA Tumor,THCA,Thyroid Cancer,11.32338854,-0.207843464
TCGA-D3-A2JF-06,,Skin Cancer,TCGA Tumor,SKCM,Skin Cancer,5.011724439,3.40943401
TCGA-66-2767-01,,Lung Cancer,TCGA Tumor,LUSC,Lung Cancer,-5.726352248,1.80971234
TCGA-MR-A520-01,,Liver Cancer,TCGA Tumor,LIHC,Liver Cancer,0.954562273,4.219448973
TCGA-78-8660-01,,Lung Cancer,TCGA Tumor,LUAD,Lung Cancer,-0.130181823,-3.103459667
TCGA-KL-8325-01,,Kidney Cancer,TCGA Tumor,KICH,Kidney Cancer,-3.570093903,5.114015986
TCGA-EE-A2MC-06,,Skin Cancer,TCGA Tumor,SKCM,Skin Cancer,1.077867177,1.126329352
TCGA-K4-A3WU-01,,Bladder Cancer,TCGA Tumor,BLCA,Bladder Cancer,-3.910758052,-0.659923326
TCGA-AG-4021-01,,Colorectal Cancer,TCGA Tumor,READ,Colon/Colorectal Cancer,-5.763735804,-3.548930477
TCGA-E2-A156-01,,Breast Cancer,TCGA Tumor,BRCA,Breast Cancer,5.474641767,-1.366826247
TCGA-BH-A0B4-01,,Breast Cancer,TCGA Tumor,BRCA,Breast Cancer,3.443051305,-1.351865243
TCGA-EM-A2CL-01,,Thyroid Cancer,TCGA Tumor,THCA,Thyroid Cancer,11.57764098,0.804151584
TCGA-CF-A47V-01,,Bladder Cancer,TCGA Tumor,BLCA,Bladder Cancer,-3.670487914,0.138632689
TCGA-AR-A24R-01,,Breast Cancer,TCGA Tumor,BRCA,Breast Cancer,5.663663831,-1.597628425
TCGA-3B-A9I3-01,,Sarcoma,TCGA Tumor,SARC,Sarcoma,-2.594794307,-1.919491242
TCGA-E2-A1LH-01,,Breast Cancer,TCGA Tumor,BRCA,Breast Cancer,0.911918249,-1.39878888
TCGA-NC-A5HO-01,,Lung Cancer,TCGA Tumor,LUSC,Lung Cancer,-5.840798888,2.365168501
TCGA-QQ-A5VA-01,,Sarcoma,TCGA Tumor,SARC,Sarcoma,0.86734381,1.046998192
TCGA-A6-6648-01,,Colorectal Cancer,TCGA Tumor,COAD,Colon/Colorectal Cancer,-6.04111484,-3.69546492
TCGA-BF-A1PZ-01,,Skin Cancer,TCGA Tumor,SKCM,Skin Cancer,6.024654355,3.686753679
TCGA-50-6590-01,,Lung Cancer,TCGA Tumor,LUAD,Lung Cancer,0.217906561,-1.839320134
TCGA-78-7148-01,,Lung Cancer,TCGA Tumor,LUAD,Lung Cancer,-1.2261484,-2.293175052
TCGA-D8-A1JP-01,,Breast Cancer,TCGA Tumor,BRCA,Breast Cancer,4.365599599,-1.621211838
TCGA-24-0970-01,,Ovarian Cancer,TCGA Tumor,OV,Ovarian Cancer,1.44969162,7.829374243
TCGA-13-1501-01,,Ovarian Cancer,TCGA Tumor,OV,Ovarian Cancer,1.337167111,7.875537325
TCGA-AN-A0FS-01,,Breast Cancer,TCGA Tumor,BRCA,Breast Cancer,3.970276561,-1.823103141
TCGA-77-8154-01,,Lung Cancer,TCGA Tumor,LUSC,Lung Cancer,-6.001142535,2.401383091
TCGA-DJ-A3V5-01,,Thyroid Cancer,TCGA Tumor,THCA,Thyroid Cancer,11.01943633,-0.336367737
TCGA-WE-A8ZX-06,,Skin Cancer,TCGA Tumor,SKCM,Skin Cancer,5.497263875,3.77185886
TCGA-AC-A3TM-01,,Breast Cancer,TCGA Tumor,BRCA,Breast Cancer,4.8581247,-1.530267309
TCGA-DJ-A2Q3-01,,Thyroid Cancer,TCGA Tumor,THCA,Thyroid Cancer,11.2002463,-0.292112421
TCGA-D6-8568-01,,Head and Neck Cancer,TCGA Tumor,HNSC,Head and Neck Cancer,-6.436346564,0.621279586
TCGA-CV-7446-01,,Head and Neck Cancer,TCGA Tumor,HNSC,Head and Neck Cancer,-6.019401583,2.399657656
TCGA-DJ-A2PY-01,,Thyroid Cancer,TCGA Tumor,THCA,Thyroid Cancer,11.08384558,-0.294532131
TCGA-AK-3444-01,,Kidney Cancer,TCGA Tumor,KIRC,Kidney Cancer,6.308004823,-6.761732172
TCGA-C8-A12K-01,,Breast Cancer,TCGA Tumor,BRCA,Breast Cancer,0.841208425,-1.564869832
TCGA-AR-A2LE-01,,Breast Cancer,TCGA Tumor,BRCA,Breast Cancer,3.955606904,-1.760835241
TCGA-AD-6964-01,,Colorectal Cancer,TCGA Tumor,COAD,Colon/Colorectal Cancer,-5.057751689,-3.696866344
TCGA-37-A5EL-01,,Lung Cancer,TCGA Tumor,LUSC,Lung Cancer,-5.169484172,2.133145977
TCGA-26-1442-01,,Glioblastoma,TCGA Tumor,GBM,Brain Cancer,2.453848806,-10.83459432
TCGA-B0-4688-01,,Kidney Cancer,TCGA Tumor,KIRC,Kidney Cancer,0.935333457,1.016658415
TCGA-BH-A0HK-01,,Breast Cancer,TCGA Tumor,BRCA,Breast Cancer,3.382991042,-1.576535653
TCGA-G4-6295-01,,Colorectal Cancer,TCGA Tumor,COAD,Colon/Colorectal Cancer,-6.158209357,-3.658486437
TCGA-RD-A8NB-01,,Gastric Cancer,TCGA Tumor,STAD,Gastric Cancer,-4.511903319,-3.549195598
TCGA-B2-4101-01,,Kidney Cancer,TCGA Tumor,KIRC,Kidney Cancer,6.211904969,-6.81684215
TCGA-55-A490-01,,Lung Cancer,TCGA Tumor,LUAD,Lung Cancer,-0.070110146,-2.917802166
TCGA-4Z-AA81-01,,Bladder Cancer,TCGA Tumor,BLCA,Bladder Cancer,-3.4577463,-2.109268974
TCGA-CF-A3MG-01,,Bladder Cancer,TCGA Tumor,BLCA,Bladder Cancer,-3.508053336,0.02238933
TCGA-24-2023-01,,Ovarian Cancer,TCGA Tumor,OV,Ovarian Cancer,1.952240195,8.280520846
TCGA-BR-A4PE-01,,Gastric Cancer,TCGA Tumor,STAD,Gastric Cancer,-3.75130466,-3.663736414
TCGA-NH-A50T-01,,Colorectal Cancer,TCGA Tumor,COAD,Colon/Colorectal Cancer,-6.150280509,-3.673158954
TCGA-FE-A237-01,,Thyroid Cancer,TCGA Tumor,THCA,Thyroid Cancer,11.22057768,-0.238558869
TCGA-ZS-A9CE-01,,Liver Cancer,TCGA Tumor,LIHC,Liver Cancer,0.895439592,4.264481951
TCGA-AR-A250-01,,Breast Cancer,TCGA Tumor,BRCA,Breast Cancer,4.990467038,-1.281387638
TCGA-D8-A1JG-01,,Breast Cancer,TCGA Tumor,BRCA,Breast Cancer,4.158449855,-0.961128305
TCGA-KL-8337-01,,Kidney Cancer,TCGA Tumor,KICH,Kidney Cancer,-3.560545716,5.110437323
TCGA-ZF-A9R4-01,,Bladder Cancer,TCGA Tumor,BLCA,Bladder Cancer,-3.611726794,-0.07714514
TCGA-E2-A152-01,,Breast Cancer,TCGA Tumor,BRCA,Breast Cancer,4.14081904,-0.948646377
TCGA-CV-7097-01,,Head and Neck Cancer,TCGA Tumor,HNSC,Head and Neck Cancer,-6.528394732,0.574027647
TCGA-GN-A26C-01,,Skin Cancer,TCGA Tumor,SKCM,Skin Cancer,5.038146939,3.448251415
TCGA-AR-A24V-01,,Breast Cancer,TCGA Tumor,BRCA,Breast Cancer,3.306376662,-1.27474327
TCGA-85-8070-01,,Lung Cancer,TCGA Tumor,LUSC,Lung Cancer,-5.38272098,2.285196949
TCGA-ED-A7PZ-01,,Liver Cancer,TCGA Tumor,LIHC,Liver Cancer,0.228178051,3.392023493
TCGA-AK-3429-01,,Kidney Cancer,TCGA Tumor,KIRC,Kidney Cancer,6.267103162,-6.830357622
TCGA-PC-A5DL-01,,Sarcoma,TCGA Tumor,SARC,Sarcoma,1.976140108,1.580094744
TCGA-JV-A5VF-01,,Sarcoma,TCGA Tumor,SARC,Sarcoma,9.902259317,-4.485934328
TCGA-AH-6903-01,,Colorectal Cancer,TCGA Tumor,READ,Colon/Colorectal Cancer,-6.100750003,-3.769060921
TCGA-D7-6815-01,,Gastric Cancer,TCGA Tumor,STAD,Gastric Cancer,-5.242874179,-3.465931486
TCGA-BS-A0V4-01,,Endometrial/Uterine Cancer,TCGA Tumor,UCEC,Endometrial/Uterine Cancer,1.32339802,6.638825346
TCGA-AN-A0FX-01,,Breast Cancer,TCGA Tumor,BRCA,Breast Cancer,1.039558377,-1.529449772
TCGA-CV-5966-01,,Head and Neck Cancer,TCGA Tumor,HNSC,Head and Neck Cancer,-5.367754969,0.834281613
TCGA-AC-A62V-01,,Breast Cancer,TCGA Tumor,BRCA,Breast Cancer,5.642175164,-1.72503693
TCGA-CN-6988-01,,Head and Neck Cancer,TCGA Tumor,HNSC,Head and Neck Cancer,-6.457986388,1.725392271
TCGA-ET-A39O-01,,Thyroid Cancer,TCGA Tumor,THCA,Thyroid Cancer,10.97345873,-0.387360315
TCGA-FK-A3S3-01,,Thyroid Cancer,TCGA Tumor,THCA,Thyroid Cancer,11.64070841,0.324170877
TCGA-FB-AAQ1-01,,Pancreatic Cancer,TCGA Tumor,PAAD,Pancreatic Cancer,-2.841947827,-2.465424608
TCGA-AC-A2QI-01,,Breast Cancer,TCGA Tumor,BRCA,Breast Cancer,4.442663636,-1.402877878
TCGA-GF-A3OT-06,,Skin Cancer,TCGA Tumor,SKCM,Skin Cancer,1.103854385,1.146117021
TCGA-GM-A3XN-01,,Breast Cancer,TCGA Tumor,BRCA,Breast Cancer,4.198731389,-1.660500597
TCGA-US-A77J-01,,Pancreatic Cancer,TCGA Tumor,PAAD,Pancreatic Cancer,-2.342182193,-2.008305858
TCGA-C8-A275-01,,Breast Cancer,TCGA Tumor,BRCA,Breast Cancer,5.093679872,-1.168015789
TCGA-AK-3433-01,,Kidney Cancer,TCGA Tumor,KIRC,Kidney Cancer,-3.544416699,5.093361784
TCGA-DD-AAD8-01,,Liver Cancer,TCGA Tumor,LIHC,Liver Cancer,0.840366956,4.270368982
TCGA-AO-A129-01,,Breast Cancer,TCGA Tumor,BRCA,Breast Cancer,0.92081913,-1.374811124
TCGA-P3-A6T3-01,,Head and Neck Cancer,TCGA Tumor,HNSC,Head and Neck Cancer,-6.659179721,0.492920597
TCGA-ER-A19G-06,,Skin Cancer,TCGA Tumor,SKCM,Skin Cancer,5.708207097,3.623421122
TCGA-22-4601-01,,Lung Cancer,TCGA Tumor,LUSC,Lung Cancer,-5.536270652,2.439174343
TCGA-CV-A468-01,,Head and Neck Cancer,TCGA Tumor,HNSC,Head and Neck Cancer,-6.510693106,0.548050661
TCGA-DX-A8BV-01,,Sarcoma,TCGA Tumor,SARC,Sarcoma,1.273826804,1.696193505
TCGA-AO-A12E-01,,Breast Cancer,TCGA Tumor,BRCA,Breast Cancer,4.652843442,-1.503001641
TCGA-YF-AA3L-01,,Bladder Cancer,TCGA Tumor,BLCA,Bladder Cancer,-3.628906283,-0.012649219
TCGA-55-A48Z-01,,Lung Cancer,TCGA Tumor,LUAD,Lung Cancer,-0.355114732,-2.767545055
TCGA-56-7730-01,,Lung Cancer,TCGA Tumor,LUSC,Lung Cancer,-5.433888945,2.585841585
TCGA-BR-8059-01,,Gastric Cancer,TCGA Tumor,STAD,Gastric Cancer,-2.668079886,-1.973467897
TCGA-EL-A3MZ-01,,Thyroid Cancer,TCGA Tumor,THCA,Thyroid Cancer,10.98427531,-0.284373235
TCGA-CD-8527-01,,Gastric Cancer,TCGA Tumor,STAD,Gastric Cancer,-3.044821534,-2.7191828
TCGA-BH-A1F8-01,,Breast Cancer,TCGA Tumor,BRCA,Breast Cancer,5.353895154,-1.818690609
TCGA-G3-AAV3-01,,Liver Cancer,TCGA Tumor,LIHC,Liver Cancer,1.328912046,3.868658711
TCGA-QK-A6V9-01,,Head and Neck Cancer,TCGA Tumor,HNSC,Head and Neck Cancer,-5.958006415,2.103650738
TCGA-A3-3306-01,,Kidney Cancer,TCGA Tumor,KIRC,Kidney Cancer,6.228468862,-6.832172941
TCGA-XF-A9SJ-01,,Bladder Cancer,TCGA Tumor,BLCA,Bladder Cancer,-3.427177224,-1.969520878
TCGA-D8-A1JK-01,,Breast Cancer,TCGA Tumor,BRCA,Breast Cancer,4.135367599,-0.89824612
TCGA-WE-A8ZO-06,,Skin Cancer,TCGA Tumor,SKCM,Skin Cancer,5.766448465,3.763156344
TCGA-ZF-A9R0-01,,Bladder Cancer,TCGA Tumor,BLCA,Bladder Cancer,-3.698675666,-0.115389417
TCGA-A8-A08X-01,,Breast Cancer,TCGA Tumor,BRCA,Breast Cancer,4.093193498,-0.889286767
TCGA-AR-A2LN-01,,Breast Cancer,TCGA Tumor,BRCA,Breast Cancer,4.127760139,-1.36478443
TCGA-HJ-7597-01,,Gastric Cancer,TCGA Tumor,STAD,Gastric Cancer,-4.490844283,-3.525075268
TCGA-EI-6882-01,,Colorectal Cancer,TCGA Tumor,READ,Colon/Colorectal Cancer,-4.983259234,-3.725197862
TCGA-BP-4975-01,,Kidney Cancer,TCGA Tumor,KIRC,Kidney Cancer,6.25999352,-6.857866834
TCGA-AZ-4315-01,,Colorectal Cancer,TCGA Tumor,COAD,Colon/Colorectal Cancer,-6.150690589,-3.851225208
TCGA-3M-AB46-01,,Gastric Cancer,TCGA Tumor,STAD,Gastric Cancer,-4.110910449,-3.631736111
TCGA-DX-A48R-01,,Sarcoma,TCGA Tumor,SARC,Sarcoma,1.975989309,1.568262268
TCGA-EB-A85I-01,,Skin Cancer,TCGA Tumor,SKCM,Skin Cancer,5.789544549,3.4418494
TCGA-D6-A6EK-01,,Head and Neck Cancer,TCGA Tumor,HNSC,Head and Neck Cancer,-6.44109014,0.142783624
TCGA-CJ-4869-01,,Kidney Cancer,TCGA Tumor,KIRC,Kidney Cancer,5.945205178,-6.051387857
TCGA-AA-3506-01,,Colorectal Cancer,TCGA Tumor,COAD,Colon/Colorectal Cancer,-5.83474401,-3.594884228
TCGA-3A-A9I9-01,,Pancreatic Cancer,TCGA Tumor,PAAD,Pancreatic Cancer,-2.959240231,-2.427804779
TCGA-BR-4255-01,,Gastric Cancer,TCGA Tumor,STAD,Gastric Cancer,-2.730156932,-2.002443146
TCGA-IN-A7NT-01,,Gastric Cancer,TCGA Tumor,STAD,Gastric Cancer,-6.036543879,1.109947492
TCGA-29-1784-01,,Ovarian Cancer,TCGA Tumor,OV,Ovarian Cancer,1.777532068,8.52738135
TCGA-AN-A0FF-01,,Breast Cancer,TCGA Tumor,BRCA,Breast Cancer,5.45526835,-1.430376481
TCGA-EB-A4OZ-01,,Skin Cancer,TCGA Tumor,SKCM,Skin Cancer,-6.433364901,0.00789284
TCGA-J8-A3YD-01,,Thyroid Cancer,TCGA Tumor,THCA,Thyroid Cancer,11.43215605,0.92029636
TCGA-06-0743-01,,Glioblastoma,TCGA Tumor,GBM,Brain Cancer,1.211033192,-9.920020651
TCGA-E9-A1R6-01,,Breast Cancer,TCGA Tumor,BRCA,Breast Cancer,5.505799737,-1.612401675
TCGA-R5-A7ZI-01,,Gastric Cancer,TCGA Tumor,STAD,Gastric Cancer,-4.460745368,-3.443668197
TCGA-23-1119-01,,Ovarian Cancer,TCGA Tumor,OV,Ovarian Cancer,1.647918787,7.845400263
TCGA-AJ-A3NC-01,,Endometrial/Uterine Cancer,TCGA Tumor,UCEC,Endometrial/Uterine Cancer,1.362016287,6.603776385
TCGA-G3-A25X-01,,Liver Cancer,TCGA Tumor,LIHC,Liver Cancer,0.289786864,3.464993645
TCGA-BP-4983-01,,Kidney Cancer,TCGA Tumor,KIRC,Kidney Cancer,6.062436071,-5.463760446
TCGA-B4-5378-01,,Kidney Cancer,TCGA Tumor,KIRC,Kidney Cancer,0.919250217,6.595119406
TCGA-BR-A4J6-01,,Gastric Cancer,TCGA Tumor,STAD,Gastric Cancer,-3.121958766,-2.875700067
TCGA-DQ-7591-01,,Head and Neck Cancer,TCGA Tumor,HNSC,Head and Neck Cancer,-5.603344474,1.837634255
TCGA-A8-A09A-01,,Breast Cancer,TCGA Tumor,BRCA,Breast Cancer,3.993905034,-1.863886665
TCGA-G3-A3CK-01,,Liver Cancer,TCGA Tumor,LIHC,Liver Cancer,1.290180829,3.912126232
TCGA-BR-6801-01,,Gastric Cancer,TCGA Tumor,STAD,Gastric Cancer,-5.128474269,-3.174093794
TCGA-IQ-A61I-01,,Head and Neck Cancer,TCGA Tumor,HNSC,Head and Neck Cancer,-5.999140296,1.879164625
TCGA-29-1694-01,,Ovarian Cancer,TCGA Tumor,OV,Ovarian Cancer,1.938014116,8.314776827
TCGA-D3-A8GE-06,,Skin Cancer,TCGA Tumor,SKCM,Skin Cancer,0.236781683,0.915025343
TCGA-HD-A6I0-01,,Head and Neck Cancer,TCGA Tumor,HNSC,Head and Neck Cancer,-6.23180202,0.148479481
TCGA-A8-A07W-01,,Breast Cancer,TCGA Tumor,BRCA,Breast Cancer,5.665996518,-1.765823077
TCGA-EM-A3AR-01,,Thyroid Cancer,TCGA Tumor,THCA,Thyroid Cancer,11.62206027,0.547213246
TCGA-57-1582-01,,Ovarian Cancer,TCGA Tumor,OV,Ovarian Cancer,1.540734496,7.831619192
TCGA-HB-A3L4-01,,Sarcoma,TCGA Tumor,SARC,Sarcoma,1.960494604,1.555155684
TCGA-3A-A9IB-01,,Pancreatic Cancer,TCGA Tumor,PAAD,Pancreatic Cancer,-2.747401271,-2.487144302
TCGA-31-1946-01,,Ovarian Cancer,TCGA Tumor,OV,Ovarian Cancer,1.680875864,7.888015677
TCGA-02-0055-01,,Glioblastoma,TCGA Tumor,GBM,Brain Cancer,1.366987136,-9.013122152
TCGA-BD-A2L6-01,,Liver Cancer,TCGA Tumor,LIHC,Liver Cancer,0.864160296,4.141601015
TCGA-B2-5639-01,,Kidney Cancer,TCGA Tumor,KIRC,Kidney Cancer,6.042731729,-6.473645281
TCGA-GK-A6C7-01,,Kidney Cancer,TCGA Tumor,KIRC,Kidney Cancer,6.343346086,-6.665979933
TCGA-30-1857-01,,Ovarian Cancer,TCGA Tumor,OV,Ovarian Cancer,2.124821511,8.248613764
TCGA-DJ-A1QI-01,,Thyroid Cancer,TCGA Tumor,THCA,Thyroid Cancer,11.47470233,-0.04626489
TCGA-B5-A1MW-01,,Endometrial/Uterine Cancer,TCGA Tumor,UCEC,Endometrial/Uterine Cancer,1.375700321,6.511910845
TCGA-DJ-A2PQ-01,,Thyroid Cancer,TCGA Tumor,THCA,Thyroid Cancer,11.53402659,0.011289958
TCGA-A8-A08O-01,,Breast Cancer,TCGA Tumor,BRCA,Breast Cancer,4.320483175,-1.814429354
TCGA-13-0720-01,,Ovarian Cancer,TCGA Tumor,OV,Ovarian Cancer,1.92934319,8.099191118
TCGA-EM-A22M-01,,Thyroid Cancer,TCGA Tumor,THCA,Thyroid Cancer,10.95671889,-0.430864971
TCGA-A3-3359-01,,Kidney Cancer,TCGA Tumor,KIRC,Kidney Cancer,6.331213918,-6.86448295
TCGA-CV-6962-01,,Head and Neck Cancer,TCGA Tumor,HNSC,Head and Neck Cancer,-5.633293185,2.470788647
TCGA-21-1082-01,,Lung Cancer,TCGA Tumor,LUSC,Lung Cancer,-6.082568679,2.34025519
TCGA-35-4123-01,,Lung Cancer,TCGA Tumor,LUAD,Lung Cancer,0.053247091,-2.526261638
TCGA-A2-A4RY-01,,Breast Cancer,TCGA Tumor,BRCA,Breast Cancer,4.567895856,-1.575683903
TCGA-ER-A2NF-01,,Skin Cancer,TCGA Tumor,SKCM,Skin Cancer,6.709308114,4.422316958
TCGA-UF-A7JT-01,,Head and Neck Cancer,TCGA Tumor,HNSC,Head and Neck Cancer,-6.799428973,0.641697634
TCGA-DX-AB3A-01,,Sarcoma,TCGA Tumor,SARC,Sarcoma,1.260843899,1.709500481
TCGA-R5-A805-01,,Gastric Cancer,TCGA Tumor,STAD,Gastric Cancer,-3.819337401,-3.69033749
TCGA-A2-A0SY-01,,Breast Cancer,TCGA Tumor,BRCA,Breast Cancer,4.001355138,-1.915129613
TCGA-AC-A8OP-01,,Breast Cancer,TCGA Tumor,BRCA,Breast Cancer,5.273980584,-1.582475256
TCGA-98-A53J-01,,Lung Cancer,TCGA Tumor,LUSC,Lung Cancer,-6.112616572,2.3217973
TCGA-EM-A4FF-01,,Thyroid Cancer,TCGA Tumor,THCA,Thyroid Cancer,10.98653075,-0.53754742
TCGA-CJ-4878-01,,Kidney Cancer,TCGA Tumor,KIRC,Kidney Cancer,6.371153798,-6.605991434
TCGA-DD-A11D-01,,Liver Cancer,TCGA Tumor,LIHC,Liver Cancer,0.961357084,4.218045164
TCGA-AO-A0J6-01,,Breast Cancer,TCGA Tumor,BRCA,Breast Cancer,0.981281307,-1.551262807
TCGA-24-2033-01,,Ovarian Cancer,TCGA Tumor,OV,Ovarian Cancer,1.35920867,7.902676989
TCGA-D5-5539-01,,Colorectal Cancer,TCGA Tumor,COAD,Colon/Colorectal Cancer,-6.077447924,-3.680591654
TCGA-DD-AACK-01,,Liver Cancer,TCGA Tumor,LIHC,Liver Cancer,1.098511842,3.952877928
TCGA-D8-A27F-01,,Breast Cancer,TCGA Tumor,BRCA,Breast Cancer,0.932912793,-1.484135341
TCGA-D3-A3C8-06,,Skin Cancer,TCGA Tumor,SKCM,Skin Cancer,5.168148008,3.453317572
TCGA-56-7579-01,,Lung Cancer,TCGA Tumor,LUSC,Lung Cancer,-6.088755641,2.365509201
TCGA-MJ-A68J-01,,Sarcoma,TCGA Tumor,SARC,Sarcoma,1.579203215,1.346195627
TCGA-DD-A118-01,,Liver Cancer,TCGA Tumor,LIHC,Liver Cancer,0.358726781,3.509484697
TCGA-AU-6004-01,,Colorectal Cancer,TCGA Tumor,COAD,Colon/Colorectal Cancer,-5.135341677,-3.689081739
TCGA-KD-A5QS-01,,Sarcoma,TCGA Tumor,SARC,Sarcoma,1.25115278,1.424396683
TCGA-A5-A3LP-01,,Endometrial/Uterine Cancer,TCGA Tumor,UCEC,Endometrial/Uterine Cancer,1.470675674,6.766205717
TCGA-25-1627-01,,Ovarian Cancer,TCGA Tumor,OV,Ovarian Cancer,1.769113865,8.489520479
TCGA-63-A5MJ-01,,Lung Cancer,TCGA Tumor,LUSC,Lung Cancer,-5.258288893,2.438729454
TCGA-EW-A2FV-01,,Breast Cancer,TCGA Tumor,BRCA,Breast Cancer,5.373082605,-1.425574612
TCGA-31-1950-01,,Ovarian Cancer,TCGA Tumor,OV,Ovarian Cancer,1.741016116,8.529419352
TCGA-AY-6386-01,,Colorectal Cancer,TCGA Tumor,COAD,Colon/Colorectal Cancer,-5.227580581,-3.756238293
TCGA-D7-A74A-01,,Gastric Cancer,TCGA Tumor,STAD,Gastric Cancer,-3.790006194,-3.696070265
TCGA-B0-4701-01,,Kidney Cancer,TCGA Tumor,KIRC,Kidney Cancer,6.316275563,-6.743506979
TCGA-33-4538-01,,Lung Cancer,TCGA Tumor,LUSC,Lung Cancer,-5.323797259,2.45023935
TCGA-26-5136-01,,Glioblastoma,TCGA Tumor,GBM,Brain Cancer,1.24508169,-9.933311056
TCGA-GU-A42P-01,,Bladder Cancer,TCGA Tumor,BLCA,Bladder Cancer,-3.582436356,-0.530186426
TCGA-E9-A54X-01,,Breast Cancer,TCGA Tumor,BRCA,Breast Cancer,5.471007791,-1.410934757
TCGA-AO-A0JB-01,,Breast Cancer,TCGA Tumor,BRCA,Breast Cancer,1.021383372,-0.463689338
TCGA-2F-A9KP-01,,Bladder Cancer,TCGA Tumor,BLCA,Bladder Cancer,-3.543483052,0.011763346
TCGA-A2-A1G1-01,,Breast Cancer,TCGA Tumor,BRCA,Breast Cancer,0.987592247,-1.459466647
TCGA-AC-A3W5-01,,Breast Cancer,TCGA Tumor,BRCA,Breast Cancer,4.10010263,-0.917959105
TCGA-A6-5661-01,,Colorectal Cancer,TCGA Tumor,COAD,Colon/Colorectal Cancer,-4.439147506,-3.461509298
TCGA-DJ-A1QF-01,,Thyroid Cancer,TCGA Tumor,THCA,Thyroid Cancer,11.02073809,-0.528922926
TCGA-KL-8338-01,,Kidney Cancer,TCGA Tumor,KICH,Kidney Cancer,-3.539525065,5.101952959
TCGA-CA-5797-01,,Colorectal Cancer,TCGA Tumor,COAD,Colon/Colorectal Cancer,-6.101658854,-3.261305879
TCGA-D3-A3C7-06,,Skin Cancer,TCGA Tumor,SKCM,Skin Cancer,4.98640677,3.39629357
TCGA-A7-A13G-01,,Breast Cancer,TCGA Tumor,BRCA,Breast Cancer,3.323480096,-1.260263513
TCGA-14-1034-01,,Glioblastoma,TCGA Tumor,GBM,Brain Cancer,1.237775233,-9.795187544
TCGA-14-1034-02,,Glioblastoma,TCGA Tumor,GBM,Brain Cancer,1.233236697,-9.805159162
TCGA-B0-4691-01,,Kidney Cancer,TCGA Tumor,KIRC,Kidney Cancer,6.023571935,-5.865599703
TCGA-CN-A6V3-01,,Head and Neck Cancer,TCGA Tumor,HNSC,Head and Neck Cancer,-6.402588877,1.54606073
TCGA-G3-AAV7-01,,Liver Cancer,TCGA Tumor,LIHC,Liver Cancer,0.20053209,3.393288065
TCGA-CU-A3QU-01,,Bladder Cancer,TCGA Tumor,BLCA,Bladder Cancer,-3.587376628,-0.497606884
TCGA-ER-A19D-06,,Skin Cancer,TCGA Tumor,SKCM,Skin Cancer,4.94500443,3.374425102
TCGA-C8-A1HJ-01,,Breast Cancer,TCGA Tumor,BRCA,Breast Cancer,0.969203677,-1.470638226
TCGA-24-0966-01,,Ovarian Cancer,TCGA Tumor,OV,Ovarian Cancer,1.986339655,8.25053351
TCGA-AC-A3EH-01,,Breast Cancer,TCGA Tumor,BRCA,Breast Cancer,4.861701932,-1.221169065
TCGA-12-3652-01,,Glioblastoma,TCGA Tumor,GBM,Brain Cancer,1.297862556,-9.538754057
TCGA-A3-A6NN-01,,Kidney Cancer,TCGA Tumor,KIRC,Kidney Cancer,6.230121579,-6.792167734
TCGA-D8-A1Y1-01,,Breast Cancer,TCGA Tumor,BRCA,Breast Cancer,3.35586473,-1.291424941
TCGA-BR-8677-01,,Gastric Cancer,TCGA Tumor,STAD,Gastric Cancer,-2.942058358,-1.969957661
TCGA-24-2026-01,,Ovarian Cancer,TCGA Tumor,OV,Ovarian Cancer,1.710540381,7.895711828
TCGA-CJ-5689-01,,Kidney Cancer,TCGA Tumor,KIRC,Kidney Cancer,6.155859914,-5.371359896
TCGA-DK-AA6Q-01,,Bladder Cancer,TCGA Tumor,BLCA,Bladder Cancer,-5.296201739,1.889239122
TCGA-B0-5085-01,,Kidney Cancer,TCGA Tumor,KIRC,Kidney Cancer,6.355684724,-6.627864431
TCGA-EY-A1GP-01,,Endometrial/Uterine Cancer,TCGA Tumor,UCEC,Endometrial/Uterine Cancer,1.416980353,6.595430781
TCGA-76-4927-01,,Glioblastoma,TCGA Tumor,GBM,Brain Cancer,1.258229223,-9.767157148
TCGA-21-A5DI-01,,Lung Cancer,TCGA Tumor,LUSC,Lung Cancer,-5.58396295,0.902808894
TCGA-CN-5373-01,,Head and Neck Cancer,TCGA Tumor,HNSC,Head and Neck Cancer,-6.699873004,0.502567102
TCGA-CZ-4860-01,,Kidney Cancer,TCGA Tumor,KIRC,Kidney Cancer,6.133121457,-5.313202928
TCGA-E3-A3DZ-01,,Thyroid Cancer,TCGA Tumor,THCA,Thyroid Cancer,11.58391234,0.79743575
TCGA-26-5132-01,,Glioblastoma,TCGA Tumor,GBM,Brain Cancer,1.241199341,-9.864298414
TCGA-A3-3363-01,,Kidney Cancer,TCGA Tumor,KIRC,Kidney Cancer,-0.993230018,7.844994475
TCGA-X6-A8C4-01,,Sarcoma,TCGA Tumor,SARC,Sarcoma,1.284183946,1.237105776
TCGA-36-1574-01,,Ovarian Cancer,TCGA Tumor,OV,Ovarian Cancer,1.565946903,7.496608664
TCGA-ER-A19S-06,,Skin Cancer,TCGA Tumor,SKCM,Skin Cancer,5.53558537,3.560509373
TCGA-DD-AADL-01,,Liver Cancer,TCGA Tumor,LIHC,Liver Cancer,0.800055828,3.941983153
TCGA-BT-A20P-01,,Bladder Cancer,TCGA Tumor,BLCA,Bladder Cancer,-3.638596091,0.136955012
TCGA-FB-AAPZ-01,,Pancreatic Cancer,TCGA Tumor,PAAD,Pancreatic Cancer,-3.072839532,-2.585458587
TCGA-98-A53A-01,,Lung Cancer,TCGA Tumor,LUSC,Lung Cancer,-5.287830386,2.51805513
TCGA-CD-5799-01,,Gastric Cancer,TCGA Tumor,STAD,Gastric Cancer,-5.143864665,-3.362929176
TCGA-EU-5905-01,,Kidney Cancer,TCGA Tumor,KIRC,Kidney Cancer,6.090871301,-5.394577097
TCGA-CZ-5985-01,,Kidney Cancer,TCGA Tumor,KIRC,Kidney Cancer,6.048283544,-5.785368513
TCGA-55-6969-01,,Lung Cancer,TCGA Tumor,LUAD,Lung Cancer,-1.046318683,-1.364917587
TCGA-69-7764-01,,Lung Cancer,TCGA Tumor,LUAD,Lung Cancer,-0.458256159,-3.069733213
TCGA-04-1331-01,,Ovarian Cancer,TCGA Tumor,OV,Ovarian Cancer,1.530371871,7.765764643
TCGA-W3-AA21-06,,Skin Cancer,TCGA Tumor,SKCM,Skin Cancer,6.136091676,3.778129984
TCGA-DE-A4MC-01,,Thyroid Cancer,TCGA Tumor,THCA,Thyroid Cancer,11.00570723,-0.446460735
TARGET-50-PALLFB-01,,Kidney Cancer,TCGA Tumor,WT,Kidney Cancer,-4.685474429,7.82155316
TCGA-D7-6525-01,,Gastric Cancer,TCGA Tumor,STAD,Gastric Cancer,-3.069533858,-2.508747887
TCGA-91-8497-01,,Lung Cancer,TCGA Tumor,LUAD,Lung Cancer,-0.421668145,-2.665263008
TCGA-A5-A7WJ-01,,Endometrial/Uterine Cancer,TCGA Tumor,UCEC,Endometrial/Uterine Cancer,1.421520319,6.593012739
TCGA-ZF-A9RN-01,,Bladder Cancer,TCGA Tumor,BLCA,Bladder Cancer,-5.415701899,1.144555737
TCGA-NC-A5HL-01,,Lung Cancer,TCGA Tumor,LUSC,Lung Cancer,-5.223229441,2.505983997
TCGA-FS-A1ZY-06,,Skin Cancer,TCGA Tumor,SKCM,Skin Cancer,5.850726571,3.829995323
TCGA-BR-A4J1-01,,Gastric Cancer,TCGA Tumor,STAD,Gastric Cancer,-4.920198951,-1.96285684
TCGA-CC-A5UD-01,,Liver Cancer,TCGA Tumor,LIHC,Liver Cancer,0.470935073,3.60835426
TCGA-IN-A6RO-01,,Gastric Cancer,TCGA Tumor,STAD,Gastric Cancer,-3.81593183,-3.68562014
TCGA-B7-A5TK-01,,Gastric Cancer,TCGA Tumor,STAD,Gastric Cancer,-3.143752847,-2.548811506
TCGA-X6-A7WD-01,,Sarcoma,TCGA Tumor,SARC,Sarcoma,1.934798446,1.568601061
TCGA-A2-A0EN-01,,Breast Cancer,TCGA Tumor,BRCA,Breast Cancer,3.946061816,-1.12243874
TCGA-GV-A3QI-01,,Bladder Cancer,TCGA Tumor,BLCA,Bladder Cancer,-0.430433306,-2.505938124
TCGA-W5-AA2H-01,,Bile Duct Cancer,TCGA Tumor,CHOL,Bile Duct Cancer,-8.599742446,6.976294447
TCGA-DX-A6YX-01,,Sarcoma,TCGA Tumor,SARC,Sarcoma,1.158911493,1.162394096
TCGA-3X-AAVB-01,,Bile Duct Cancer,TCGA Tumor,CHOL,Bile Duct Cancer,-2.788095746,-2.594498943
TCGA-FB-AAPU-01,,Pancreatic Cancer,TCGA Tumor,PAAD,Pancreatic Cancer,-3.729012999,-3.403733562
TCGA-VQ-A8PO-01,,Gastric Cancer,TCGA Tumor,STAD,Gastric Cancer,-4.997174773,-3.651500057
TCGA-DD-AAE6-01,,Liver Cancer,TCGA Tumor,LIHC,Liver Cancer,0.34898258,3.531607557
TCGA-J1-A4AH-01,,Lung Cancer,TCGA Tumor,LUSC,Lung Cancer,-5.324515376,2.543600966
TCGA-B0-5081-01,,Kidney Cancer,TCGA Tumor,KIRC,Kidney Cancer,6.308844533,-5.483973574
TCGA-33-AASL-01,,Lung Cancer,TCGA Tumor,LUSC,Lung Cancer,-6.033602748,2.409617592
TCGA-CW-5587-01,,Kidney Cancer,TCGA Tumor,KIRC,Kidney Cancer,6.167298761,-6.760771822
TCGA-CG-4301-01,,Gastric Cancer,TCGA Tumor,STAD,Gastric Cancer,-4.017942462,-3.611773084
TCGA-BA-5149-01,,Head and Neck Cancer,TCGA Tumor,HNSC,Head and Neck Cancer,-6.749182734,0.659449805
TCGA-E9-A1R2-01,,Breast Cancer,TCGA Tumor,BRCA,Breast Cancer,5.603610006,-1.693786095
TCGA-62-A470-01,,Lung Cancer,TCGA Tumor,LUAD,Lung Cancer,-0.842469725,-2.184314798
TCGA-2H-A9GG-01,,Esophageal Cancer,TCGA Tumor,ESCA,Esophageal Cancer,-1.356881532,-0.731809865
TCGA-A8-A08L-01,,Breast Cancer,TCGA Tumor,BRCA,Breast Cancer,4.986163583,-1.200486254
TCGA-A7-A3RF-01,,Breast Cancer,TCGA Tumor,BRCA,Breast Cancer,5.876527276,-1.638652157
TCGA-53-A4EZ-01,,Lung Cancer,TCGA Tumor,LUAD,Lung Cancer,-0.683577928,-2.318440269
TCGA-78-7162-01,,Lung Cancer,TCGA Tumor,LUAD,Lung Cancer,-0.632874999,-2.898519825
TCGA-IG-A51D-01,,Esophageal Cancer,TCGA Tumor,ESCA,Esophageal Cancer,-6.484337363,0.564481426
TCGA-FD-A5BU-01,,Bladder Cancer,TCGA Tumor,BLCA,Bladder Cancer,-5.765527282,1.349860955
TCGA-68-8251-01,,Lung Cancer,TCGA Tumor,LUSC,Lung Cancer,-5.228862796,0.848005165
TCGA-97-7552-01,,Lung Cancer,TCGA Tumor,LUAD,Lung Cancer,-3.354407344,-2.70912845
TCGA-FS-A1Z0-06,,Skin Cancer,TCGA Tumor,SKCM,Skin Cancer,5.46906754,3.759455134
TCGA-F4-6808-01,,Colorectal Cancer,TCGA Tumor,COAD,Colon/Colorectal Cancer,-6.069646392,-3.683453869
TCGA-76-4932-01,,Glioblastoma,TCGA Tumor,GBM,Brain Cancer,1.365676429,-9.57254846
TCGA-A2-A0D4-01,,Breast Cancer,TCGA Tumor,BRCA,Breast Cancer,5.622642484,-1.704093765
TCGA-EW-A1IW-01,,Breast Cancer,TCGA Tumor,BRCA,Breast Cancer,4.697281327,-1.441302132
TCGA-FY-A4B3-01,,Thyroid Cancer,TCGA Tumor,THCA,Thyroid Cancer,11.46253439,-0.058548208
TCGA-CV-6003-01,,Head and Neck Cancer,TCGA Tumor,HNSC,Head and Neck Cancer,-6.864753756,0.69402342
TCGA-21-1081-01,,Lung Cancer,TCGA Tumor,LUSC,Lung Cancer,-5.990579161,1.004580606
TCGA-AO-A03M-01,,Breast Cancer,TCGA Tumor,BRCA,Breast Cancer,5.484649148,-1.523238252
TCGA-D7-6521-01,,Gastric Cancer,TCGA Tumor,STAD,Gastric Cancer,-2.895503077,-2.346156668
TCGA-58-8391-01,,Lung Cancer,TCGA Tumor,LUSC,Lung Cancer,-5.315880332,2.432621885
TCGA-HF-A5NB-01,,Gastric Cancer,TCGA Tumor,STAD,Gastric Cancer,-4.672197852,-3.621180843
TCGA-B6-A0IQ-01,,Breast Cancer,TCGA Tumor,BRCA,Breast Cancer,0.627689761,-1.290505718
TCGA-62-8398-01,,Lung Cancer,TCGA Tumor,LUAD,Lung Cancer,-1.248486075,-2.215393137
TCGA-AK-3465-01,,Kidney Cancer,TCGA Tumor,KIRC,Kidney Cancer,-3.499980006,5.055427958
TCGA-BH-A1FG-01,,Breast Cancer,TCGA Tumor,BRCA,Breast Cancer,5.05195662,-1.529366087
TCGA-AR-A0TS-01,,Breast Cancer,TCGA Tumor,BRCA,Breast Cancer,0.94201627,-1.574249338
TCGA-66-2754-01,,Lung Cancer,TCGA Tumor,LUSC,Lung Cancer,-1.292881999,-0.696885895
TCGA-CJ-5686-01,,Kidney Cancer,TCGA Tumor,KIRC,Kidney Cancer,5.969569173,-6.187324594
TCGA-A2-A0CM-01,,Breast Cancer,TCGA Tumor,BRCA,Breast Cancer,0.913563457,-1.492588829
TCGA-FD-A3NA-01,,Bladder Cancer,TCGA Tumor,BLCA,Bladder Cancer,-3.86660913,0.147053603
TCGA-85-A4QQ-01,,Lung Cancer,TCGA Tumor,LUSC,Lung Cancer,-6.339118037,0.98346274
TCGA-13-0795-01,,Ovarian Cancer,TCGA Tumor,OV,Ovarian Cancer,1.796244111,7.556937147
TCGA-A8-A06X-01,,Breast Cancer,TCGA Tumor,BRCA,Breast Cancer,5.615260091,-1.669594478
TCGA-KF-A41W-01,,Sarcoma,TCGA Tumor,SARC,Sarcoma,1.219907072,1.208564449
TCGA-QB-AA9O-06,,Skin Cancer,TCGA Tumor,SKCM,Skin Cancer,5.840513673,3.661467005
TCGA-AR-A0TZ-01,,Breast Cancer,TCGA Tumor,BRCA,Breast Cancer,5.533490148,-1.482965063
TCGA-KB-A93J-01,,Gastric Cancer,TCGA Tumor,STAD,Gastric Cancer,-3.740490947,-3.706258129
TCGA-49-AAR4-01,,Lung Cancer,TCGA Tumor,LUAD,Lung Cancer,-0.053632203,-3.067292761
TCGA-EY-A1GX-01,,Endometrial/Uterine Cancer,TCGA Tumor,UCEC,Endometrial/Uterine Cancer,1.453551736,6.483210493
TCGA-29-1763-01,,Ovarian Cancer,TCGA Tumor,OV,Ovarian Cancer,1.469928351,7.881731917
TCGA-ET-A40Q-01,,Thyroid Cancer,TCGA Tumor,THCA,Thyroid Cancer,10.93234297,-0.379680913
TCGA-EB-A3Y6-01,,Skin Cancer,TCGA Tumor,SKCM,Skin Cancer,5.958438363,3.581831146
TCGA-63-A5MB-01,,Lung Cancer,TCGA Tumor,LUSC,Lung Cancer,-5.292608294,2.499512125
TCGA-24-1418-01,,Ovarian Cancer,TCGA Tumor,OV,Ovarian Cancer,1.375665751,7.862397123
TCGA-BP-5001-01,,Kidney Cancer,TCGA Tumor,KIRC,Kidney Cancer,6.380335298,-6.678747724
TCGA-A6-5662-01,,Colorectal Cancer,TCGA Tumor,COAD,Colon/Colorectal Cancer,-5.873417411,-3.553092073
TCGA-32-1970-01,,Glioblastoma,TCGA Tumor,GBM,Brain Cancer,1.260381427,-9.925566267
TCGA-61-2111-01,,Ovarian Cancer,TCGA Tumor,OV,Ovarian Cancer,1.368993666,6.648127009
TCGA-BP-4968-01,,Kidney Cancer,TCGA Tumor,KIRC,Kidney Cancer,6.103326287,-5.842016291
TCGA-DK-AA76-01,,Bladder Cancer,TCGA Tumor,BLCA,Bladder Cancer,-3.634970698,0.007243634
TCGA-BP-4770-01,,Kidney Cancer,TCGA Tumor,KIRC,Kidney Cancer,1.281402734,1.210840036
TCGA-L5-A4OO-01,,Esophageal Cancer,TCGA Tumor,ESCA,Esophageal Cancer,-3.289906058,-2.759594988
TCGA-EE-A2MS-06,,Skin Cancer,TCGA Tumor,SKCM,Skin Cancer,5.212992635,3.640712191
TCGA-BJ-A0ZC-01,,Thyroid Cancer,TCGA Tumor,THCA,Thyroid Cancer,11.41535231,0.974330951
TCGA-43-5670-01,,Lung Cancer,TCGA Tumor,LUSC,Lung Cancer,-5.709774527,0.987698783
TCGA-B0-4838-01,,Kidney Cancer,TCGA Tumor,KIRC,Kidney Cancer,6.337565866,-6.772797655
TCGA-62-A46Y-01,,Lung Cancer,TCGA Tumor,LUAD,Lung Cancer,-0.11445472,-3.092477154
TARGET-50-PAJNBN-01,,Kidney Cancer,TCGA Tumor,WT,Kidney Cancer,-4.670372996,7.802028586
TCGA-66-2758-01,,Lung Cancer,TCGA Tumor,LUSC,Lung Cancer,-5.255524668,2.2591285
TCGA-3N-A9WB-06,,Skin Cancer,TCGA Tumor,SKCM,Skin Cancer,5.936615434,3.529138733
TCGA-DJ-A4UQ-01,,Thyroid Cancer,TCGA Tumor,THCA,Thyroid Cancer,11.42335269,-0.17003275
TCGA-DQ-5631-01,,Head and Neck Cancer,TCGA Tumor,HNSC,Head and Neck Cancer,-5.611895594,0.630743076
TCGA-A2-A0CZ-01,,Breast Cancer,TCGA Tumor,BRCA,Breast Cancer,3.046025958,-1.184760999
TCGA-AF-2687-01,,Colorectal Cancer,TCGA Tumor,READ,Colon/Colorectal Cancer,-5.533956084,-3.243776869
TCGA-DD-AAD3-01,,Liver Cancer,TCGA Tumor,LIHC,Liver Cancer,1.110049095,4.200713087
TCGA-85-8353-01,,Lung Cancer,TCGA Tumor,LUSC,Lung Cancer,-5.292052302,1.099715401
TCGA-AN-A0XS-01,,Breast Cancer,TCGA Tumor,BRCA,Breast Cancer,4.315658536,-1.775053214
TCGA-DD-A39V-01,,Liver Cancer,TCGA Tumor,LIHC,Liver Cancer,0.686513719,3.733844925
TCGA-BF-A3DJ-01,,Skin Cancer,TCGA Tumor,SKCM,Skin Cancer,5.279342618,3.884396721
TCGA-A2-A04Q-01,,Breast Cancer,TCGA Tumor,BRCA,Breast Cancer,0.234921556,-0.753871154
TCGA-WA-A7GZ-01,,Head and Neck Cancer,TCGA Tumor,HNSC,Head and Neck Cancer,-6.733902964,0.748778869
TCGA-WE-AAA4-06,,Skin Cancer,TCGA Tumor,SKCM,Skin Cancer,5.947040048,3.636896301
TCGA-AZ-6599-01,,Colorectal Cancer,TCGA Tumor,COAD,Colon/Colorectal Cancer,-5.036099944,-3.763255905
TCGA-BR-8381-01,,Gastric Cancer,TCGA Tumor,STAD,Gastric Cancer,-4.289150271,-3.515976976
TCGA-K1-A3PN-02,,Sarcoma,TCGA Tumor,SARC,Sarcoma,1.980308738,1.591690351
TCGA-K1-A3PN-01,,Sarcoma,TCGA Tumor,SARC,Sarcoma,1.98634943,1.590289045
TCGA-ED-A97K-01,,Liver Cancer,TCGA Tumor,LIHC,Liver Cancer,0.239410159,3.425480295
TCGA-DA-A1IA-06,,Skin Cancer,TCGA Tumor,SKCM,Skin Cancer,6.11194798,3.766405035
TCGA-HZ-A9TJ-06,,Pancreatic Cancer,TCGA Tumor,PAAD,Pancreatic Cancer,-3.208164487,-2.739679169
TCGA-94-7557-01,,Lung Cancer,TCGA Tumor,LUSC,Lung Cancer,-5.212517772,1.644191791
TCGA-DJ-A3UV-01,,Thyroid Cancer,TCGA Tumor,THCA,Thyroid Cancer,11.36836382,0.436427195
TCGA-CN-5374-01,,Head and Neck Cancer,TCGA Tumor,HNSC,Head and Neck Cancer,-6.320156607,1.815279652
TCGA-G4-6299-01,,Colorectal Cancer,TCGA Tumor,COAD,Colon/Colorectal Cancer,-4.3972545,-3.509173225
TCGA-98-7454-01,,Lung Cancer,TCGA Tumor,LUSC,Lung Cancer,-0.992915067,-1.863585185
TCGA-BH-A0BV-01,,Breast Cancer,TCGA Tumor,BRCA,Breast Cancer,5.565289941,-1.633686255
TCGA-E2-A109-01,,Breast Cancer,TCGA Tumor,BRCA,Breast Cancer,5.649022546,-1.733378719
TARGET-50-CAAAAL-01,,Kidney Cancer,TCGA Tumor,WT,Kidney Cancer,-4.693270716,7.828704764
TCGA-AC-A5XS-01,,Breast Cancer,TCGA Tumor,BRCA,Breast Cancer,4.238795486,-1.670606564
TCGA-FD-A6TF-01,,Bladder Cancer,TCGA Tumor,BLCA,Bladder Cancer,-4.076592479,-0.55102558
TCGA-86-8672-01,,Lung Cancer,TCGA Tumor,LUAD,Lung Cancer,-1.180611763,-2.146116089
TCGA-13-1410-01,,Ovarian Cancer,TCGA Tumor,OV,Ovarian Cancer,1.456135121,7.94483893
TARGET-50-PAJNUP-01,,Kidney Cancer,TCGA Tumor,WT,Kidney Cancer,-3.882604632,6.773512293
TCGA-BT-A20W-01,,Bladder Cancer,TCGA Tumor,BLCA,Bladder Cancer,-3.598887954,0.087247122
TCGA-BH-A1FL-01,,Breast Cancer,TCGA Tumor,BRCA,Breast Cancer,4.65449616,-1.56023712
TCGA-IQ-A6SG-01,,Head and Neck Cancer,TCGA Tumor,HNSC,Head and Neck Cancer,-6.511379275,0.570792485
TCGA-B2-A4SR-01,,Kidney Cancer,TCGA Tumor,KIRC,Kidney Cancer,6.339830842,-6.089117121
TCGA-E9-A1NI-01,,Breast Cancer,TCGA Tumor,BRCA,Breast Cancer,4.772491899,-1.647651385
TCGA-33-A5GW-01,,Lung Cancer,TCGA Tumor,LUSC,Lung Cancer,-5.850397143,2.22099917
TCGA-EM-A1YA-01,,Thyroid Cancer,TCGA Tumor,THCA,Thyroid Cancer,11.36652895,0.996653486
TCGA-A8-A07R-01,,Breast Cancer,TCGA Tumor,BRCA,Breast Cancer,1.050668326,-1.445629548
TCGA-62-A46R-01,,Lung Cancer,TCGA Tumor,LUAD,Lung Cancer,-0.083223495,-3.087962698
TCGA-CJ-4903-01,,Kidney Cancer,TCGA Tumor,KIRC,Kidney Cancer,6.268675771,-6.82435758
TCGA-EP-A2KA-01,,Liver Cancer,TCGA Tumor,LIHC,Liver Cancer,0.452914376,3.56619661
TCGA-AN-A03Y-01,,Breast Cancer,TCGA Tumor,BRCA,Breast Cancer,4.86102387,-1.606395196
TCGA-B5-A3FA-01,,Endometrial/Uterine Cancer,TCGA Tumor,UCEC,Endometrial/Uterine Cancer,1.416310754,6.584206034
TCGA-EL-A3CL-01,,Thyroid Cancer,TCGA Tumor,THCA,Thyroid Cancer,11.49152133,-0.027641836
TCGA-A2-A0CV-01,,Breast Cancer,TCGA Tumor,BRCA,Breast Cancer,4.193606582,-1.651070904
TCGA-BH-A0C1-01,,Breast Cancer,TCGA Tumor,BRCA,Breast Cancer,4.728438821,-1.196414422
TCGA-63-A5MV-01,,Lung Cancer,TCGA Tumor,LUSC,Lung Cancer,-5.86209825,2.331559588
TCGA-D3-A1Q3-06,,Skin Cancer,TCGA Tumor,SKCM,Skin Cancer,6.045979467,3.619554688
TCGA-GU-A767-01,,Bladder Cancer,TCGA Tumor,BLCA,Bladder Cancer,-3.732039962,0.131162059
TCGA-DD-AAE2-01,,Liver Cancer,TCGA Tumor,LIHC,Liver Cancer,0.893313881,4.215278078
TCGA-BR-6456-01,,Gastric Cancer,TCGA Tumor,STAD,Gastric Cancer,-5.048545871,-3.099610399
TCGA-BH-A1FH-01,,Breast Cancer,TCGA Tumor,BRCA,Breast Cancer,3.244589057,-1.286006163
TCGA-B6-A1KF-01,,Breast Cancer,TCGA Tumor,BRCA,Breast Cancer,1.002694276,-1.505303215
TCGA-DK-A6B2-01,,Bladder Cancer,TCGA Tumor,BLCA,Bladder Cancer,-3.627190146,-0.106470685
TCGA-29-1710-01,,Ovarian Cancer,TCGA Tumor,OV,Ovarian Cancer,1.774628487,7.958164145
TCGA-55-6712-01,,Lung Cancer,TCGA Tumor,LUAD,Lung Cancer,-0.217633877,-3.156987261
TCGA-ER-A3PL-06,,Skin Cancer,TCGA Tumor,SKCM,Skin Cancer,5.717332807,3.449246813
TCGA-BP-5189-01,,Kidney Cancer,TCGA Tumor,KIRC,Kidney Cancer,6.198727575,-5.926273893
TCGA-CN-4731-01,,Head and Neck Cancer,TCGA Tumor,HNSC,Head and Neck Cancer,-6.055613551,1.057075668
TCGA-D7-A6EV-01,,Gastric Cancer,TCGA Tumor,STAD,Gastric Cancer,-3.833602462,-3.725851845
TCGA-L5-A8NT-01,,Esophageal Cancer,TCGA Tumor,ESCA,Esophageal Cancer,-3.34661654,-2.218383859
TCGA-A8-A08H-01,,Breast Cancer,TCGA Tumor,BRCA,Breast Cancer,1.203065899,-0.700859259
TCGA-04-1648-01,,Ovarian Cancer,TCGA Tumor,OV,Ovarian Cancer,1.778501597,8.49137633
TCGA-3X-AAVA-01,,Bile Duct Cancer,TCGA Tumor,CHOL,Bile Duct Cancer,-0.115937385,3.014228989
TCGA-IG-A3YA-01,,Esophageal Cancer,TCGA Tumor,ESCA,Esophageal Cancer,-5.738679442,1.814068009
TCGA-HZ-A49H-01,,Pancreatic Cancer,TCGA Tumor,PAAD,Pancreatic Cancer,-2.310537848,-2.378970455
TCGA-KR-A7K8-01,,Liver Cancer,TCGA Tumor,LIHC,Liver Cancer,0.907991615,4.157261301
TCGA-AN-A0XN-01,,Breast Cancer,TCGA Tumor,BRCA,Breast Cancer,3.293117013,-1.27069373
TCGA-A1-A0SK-01,,Breast Cancer,TCGA Tumor,BRCA,Breast Cancer,-1.251060877,-0.634560953
TCGA-BP-4807-01,,Kidney Cancer,TCGA Tumor,KIRC,Kidney Cancer,6.181840387,-5.781806539
TCGA-AO-A125-01,,Breast Cancer,TCGA Tumor,BRCA,Breast Cancer,4.851968732,-1.463150452
TCGA-XF-A9T5-01,,Bladder Cancer,TCGA Tumor,BLCA,Bladder Cancer,-5.435461077,2.082322527
TARGET-50-PAJNDU-01,,Kidney Cancer,TCGA Tumor,WT,Kidney Cancer,-4.291596923,7.279325892
TCGA-B8-A54G-01,,Kidney Cancer,TCGA Tumor,KIRC,Kidney Cancer,5.986749616,-6.344697069
TCGA-13-0884-01,,Ovarian Cancer,TCGA Tumor,OV,Ovarian Cancer,2.030891624,8.197996546
TCGA-06-0219-01,,Glioblastoma,TCGA Tumor,GBM,Brain Cancer,1.240870264,-9.360944342
TCGA-PE-A5DC-01,,Breast Cancer,TCGA Tumor,BRCA,Breast Cancer,4.325461116,-1.82882018
TCGA-AD-5900-01,,Colorectal Cancer,TCGA Tumor,COAD,Colon/Colorectal Cancer,-4.992651019,-3.661943268
TCGA-BH-A0AU-01,,Breast Cancer,TCGA Tumor,BRCA,Breast Cancer,5.342459169,-1.579720806
TARGET-50-CAAAAH-01,,Kidney Cancer,TCGA Tumor,WT,Kidney Cancer,-4.236859832,7.193642546
TCGA-AK-3450-01,,Kidney Cancer,TCGA Tumor,KIRC,Kidney Cancer,6.303372827,-6.762764524
TCGA-G3-A7M5-01,,Liver Cancer,TCGA Tumor,LIHC,Liver Cancer,0.948848393,4.230669428
TCGA-GC-A3RB-01,,Bladder Cancer,TCGA Tumor,BLCA,Bladder Cancer,-3.82912353,0.124417182
TCGA-DX-AB2L-01,,Sarcoma,TCGA Tumor,SARC,Sarcoma,1.793787208,1.350205589
TCGA-CC-A7IE-01,,Liver Cancer,TCGA Tumor,LIHC,Liver Cancer,0.480825652,3.589114596
TCGA-24-1553-01,,Ovarian Cancer,TCGA Tumor,OV,Ovarian Cancer,1.712233272,8.346787859
TCGA-12-0618-01,,Glioblastoma,TCGA Tumor,GBM,Brain Cancer,1.478113857,-9.207788061
TCGA-BJ-A28X-01,,Thyroid Cancer,TCGA Tumor,THCA,Thyroid Cancer,10.93482253,-0.324459266
TCGA-L9-A8F4-01,,Lung Cancer,TCGA Tumor,LUAD,Lung Cancer,-0.209119055,-2.818368267
TCGA-H5-A2HR-01,,Endometrial/Uterine Cancer,TCGA Tumor,UCEC,Endometrial/Uterine Cancer,1.839684096,8.295621325
TCGA-B0-4811-01,,Kidney Cancer,TCGA Tumor,KIRC,Kidney Cancer,6.29495379,-6.779104303
TCGA-27-2524-01,,Glioblastoma,TCGA Tumor,GBM,Brain Cancer,1.342875328,-9.021169256
TCGA-55-6983-01,,Lung Cancer,TCGA Tumor,LUAD,Lung Cancer,-0.646658931,-2.380360674
TCGA-GM-A2DB-01,,Breast Cancer,TCGA Tumor,BRCA,Breast Cancer,4.125553575,-1.125544261
TCGA-RD-A8N0-01,,Gastric Cancer,TCGA Tumor,STAD,Gastric Cancer,-4.035080943,-3.573601555
TCGA-B8-5550-01,,Kidney Cancer,TCGA Tumor,KIRC,Kidney Cancer,5.978526559,-5.58735473
TCGA-4R-AA8I-01,,Liver Cancer,TCGA Tumor,LIHC,Liver Cancer,0.883670714,4.143453528
TCGA-E9-A244-01,,Breast Cancer,TCGA Tumor,BRCA,Breast Cancer,1.007003811,-1.401382636
TCGA-56-8307-01,,Lung Cancer,TCGA Tumor,LUSC,Lung Cancer,-5.152020964,1.171509195
TCGA-B0-4813-01,,Kidney Cancer,TCGA Tumor,KIRC,Kidney Cancer,6.285492387,-5.27024753
TCGA-CG-4442-01,,Gastric Cancer,TCGA Tumor,STAD,Gastric Cancer,-4.368379626,-3.505938362
TCGA-A8-A0AB-01,,Breast Cancer,TCGA Tumor,BRCA,Breast Cancer,4.97426745,-1.368553113
TCGA-55-7726-01,,Lung Cancer,TCGA Tumor,LUAD,Lung Cancer,-5.19858459,0.708899189
TCGA-2E-A9G8-01,,Endometrial/Uterine Cancer,TCGA Tumor,UCEC,Endometrial/Uterine Cancer,1.813652244,8.390526224
TCGA-A2-A3XV-01,,Breast Cancer,TCGA Tumor,BRCA,Breast Cancer,4.099648442,-0.931201707
TCGA-78-8648-01,,Lung Cancer,TCGA Tumor,LUAD,Lung Cancer,0.278982703,-0.799016486
TCGA-A6-5666-01,,Colorectal Cancer,TCGA Tumor,COAD,Colon/Colorectal Cancer,-6.143108878,-3.661608766
TCGA-08-0386-01,,Glioblastoma,TCGA Tumor,GBM,Brain Cancer,1.288295713,-9.935251783
TCGA-BP-5194-01,,Kidney Cancer,TCGA Tumor,KIRC,Kidney Cancer,6.254224267,-6.854888986
TCGA-CN-4735-01,,Head and Neck Cancer,TCGA Tumor,HNSC,Head and Neck Cancer,-5.209952864,1.603949596
TCGA-49-4512-01,,Lung Cancer,TCGA Tumor,LUAD,Lung Cancer,-0.364029023,-2.781044315
TCGA-DM-A1D7-01,,Colorectal Cancer,TCGA Tumor,COAD,Colon/Colorectal Cancer,-5.990268264,-3.780915331
TCGA-AN-A04A-01,,Breast Cancer,TCGA Tumor,BRCA,Breast Cancer,4.735854593,-1.268775772
TCGA-DX-A1L2-01,,Sarcoma,TCGA Tumor,SARC,Sarcoma,1.324825194,1.691278983
TCGA-EM-A22P-01,,Thyroid Cancer,TCGA Tumor,THCA,Thyroid Cancer,11.4935126,-0.041149202
TCGA-B8-A54K-01,,Kidney Cancer,TCGA Tumor,KIRC,Kidney Cancer,0.941769865,6.584494997
TCGA-FW-A3R5-06,,Skin Cancer,TCGA Tumor,SKCM,Skin Cancer,5.923493829,3.502750803
TCGA-E2-A14O-01,,Breast Cancer,TCGA Tumor,BRCA,Breast Cancer,5.039180246,-1.596687983
TCGA-A2-A0T7-01,,Breast Cancer,TCGA Tumor,BRCA,Breast Cancer,4.300458875,-1.761813592
TCGA-FS-A1ZJ-06,,Skin Cancer,TCGA Tumor,SKCM,Skin Cancer,5.618250814,3.640601565
TCGA-A7-A0D9-01,,Breast Cancer,TCGA Tumor,BRCA,Breast Cancer,3.917773929,-1.884945582
TCGA-BF-AAOX-01,,Skin Cancer,TCGA Tumor,SKCM,Skin Cancer,5.967370954,3.65673225
TCGA-FR-A7U9-06,,Skin Cancer,TCGA Tumor,SKCM,Skin Cancer,1.098938551,1.162375261
TCGA-2J-AABK-01,,Pancreatic Cancer,TCGA Tumor,PAAD,Pancreatic Cancer,-2.441875014,-2.403688501
TCGA-24-1567-01,,Ovarian Cancer,TCGA Tumor,OV,Ovarian Cancer,1.492917981,6.794913698
TCGA-HZ-7289-01,,Pancreatic Cancer,TCGA Tumor,PAAD,Pancreatic Cancer,-4.880537543,-3.717966865
TCGA-AO-A0JJ-01,,Breast Cancer,TCGA Tumor,BRCA,Breast Cancer,3.97086927,-1.724340986
TCGA-AA-A02Y-01,,Colorectal Cancer,TCGA Tumor,COAD,Colon/Colorectal Cancer,-5.548650775,-3.753088783
TCGA-CJ-4890-01,,Kidney Cancer,TCGA Tumor,KIRC,Kidney Cancer,6.294332948,-5.406339716
TCGA-DX-A240-01,,Sarcoma,TCGA Tumor,SARC,Sarcoma,1.620823112,1.349635769
TCGA-MX-A666-01,,Gastric Cancer,TCGA Tumor,STAD,Gastric Cancer,-4.940788779,-1.990027737
TCGA-3A-A9J0-01,,Pancreatic Cancer,TCGA Tumor,PAAD,Pancreatic Cancer,-3.052822861,-2.539013695
TCGA-34-5241-01,,Lung Cancer,TCGA Tumor,LUSC,Lung Cancer,-5.71151689,0.822957266
TARGET-50-PAJMUF-01,,Kidney Cancer,TCGA Tumor,WT,Kidney Cancer,-4.54648355,7.679794718
TCGA-E9-A1RE-01,,Breast Cancer,TCGA Tumor,BRCA,Breast Cancer,5.631901231,-1.665770363
TCGA-13-0906-01,,Ovarian Cancer,TCGA Tumor,OV,Ovarian Cancer,1.668769326,7.915613104
TCGA-77-8133-01,,Lung Cancer,TCGA Tumor,LUSC,Lung Cancer,-5.500333342,2.475173165
TCGA-28-5204-01,,Glioblastoma,TCGA Tumor,GBM,Brain Cancer,1.325064388,-9.985039305
TCGA-BP-4326-01,,Kidney Cancer,TCGA Tumor,KIRC,Kidney Cancer,6.247086969,-5.388227056
TCGA-43-6647-01,,Lung Cancer,TCGA Tumor,LUSC,Lung Cancer,-5.500946078,0.671300579
TCGA-CD-5800-01,,Gastric Cancer,TCGA Tumor,STAD,Gastric Cancer,-4.889559779,-1.961844515
TCGA-SW-A7EA-01,,Gastric Cancer,TCGA Tumor,STAD,Gastric Cancer,-4.104115042,-2.984657358
TCGA-DX-AB2E-01,,Sarcoma,TCGA Tumor,SARC,Sarcoma,1.155454602,1.167960097
TCGA-BR-8365-01,,Gastric Cancer,TCGA Tumor,STAD,Gastric Cancer,-2.503418956,-1.86783297
TCGA-AN-A046-01,,Breast Cancer,TCGA Tumor,BRCA,Breast Cancer,4.283367839,-1.409900497
TCGA-09-0367-01,,Ovarian Cancer,TCGA Tumor,OV,Ovarian Cancer,2.066593495,8.186891962
TCGA-BK-A4ZD-01,,Endometrial/Uterine Cancer,TCGA Tumor,UCEC,Endometrial/Uterine Cancer,1.413111296,6.602363993
TCGA-VR-A8ER-01,,Esophageal Cancer,TCGA Tumor,ESCA,Esophageal Cancer,-6.01807836,2.402177502
TCGA-FX-A8OO-01,,Sarcoma,TCGA Tumor,SARC,Sarcoma,0.139154341,0.901311268
TCGA-23-1028-01,,Ovarian Cancer,TCGA Tumor,OV,Ovarian Cancer,2.014264193,8.241408755
TCGA-D8-A1X6-01,,Breast Cancer,TCGA Tumor,BRCA,Breast Cancer,5.572007146,-1.603674959
TCGA-XF-AAME-01,,Bladder Cancer,TCGA Tumor,BLCA,Bladder Cancer,-5.88790277,0.884683598
TCGA-KO-8411-01,,Kidney Cancer,TCGA Tumor,KICH,Kidney Cancer,-3.561084065,5.093976904
TCGA-73-A9RS-01,,Lung Cancer,TCGA Tumor,LUAD,Lung Cancer,-1.242908869,-2.214666675
TCGA-CJ-4893-01,,Kidney Cancer,TCGA Tumor,KIRC,Kidney Cancer,6.332298722,-6.708356928
TCGA-A3-3329-01,,Kidney Cancer,TCGA Tumor,KIRC,Kidney Cancer,6.255030599,-6.845842432
TCGA-HZ-A77P-01,,Pancreatic Cancer,TCGA Tumor,PAAD,Pancreatic Cancer,-2.286442075,-1.843001198
TCGA-MP-A4TD-01,,Lung Cancer,TCGA Tumor,LUAD,Lung Cancer,-0.850209508,-2.08237965
TCGA-DD-AAD5-01,,Liver Cancer,TCGA Tumor,LIHC,Liver Cancer,0.123849269,3.312036682
TCGA-EL-A3H5-01,,Thyroid Cancer,TCGA Tumor,THCA,Thyroid Cancer,10.84871146,-0.120779585
TCGA-CC-A5UC-01,,Liver Cancer,TCGA Tumor,LIHC,Liver Cancer,0.382552868,3.525692631
TCGA-FD-A6TE-01,,Bladder Cancer,TCGA Tumor,BLCA,Bladder Cancer,-3.609742675,-0.369567345
TCGA-BJ-A45J-01,,Thyroid Cancer,TCGA Tumor,THCA,Thyroid Cancer,11.45053145,-0.07559226
TCGA-R6-A8W5-01,,Esophageal Cancer,TCGA Tumor,ESCA,Esophageal Cancer,-3.944967303,-3.293944906
TCGA-W3-AA1Q-06,,Skin Cancer,TCGA Tumor,SKCM,Skin Cancer,5.933893171,3.619755913
TCGA-L7-A56G-01,,Esophageal Cancer,TCGA Tumor,ESCA,Esophageal Cancer,-6.540657077,1.287356068
TCGA-DF-A2KY-01,,Endometrial/Uterine Cancer,TCGA Tumor,UCEC,Endometrial/Uterine Cancer,-0.015508297,0.407680173
TCGA-D9-A1JW-06,,Skin Cancer,TCGA Tumor,SKCM,Skin Cancer,6.107861009,3.695359875
TCGA-NJ-A4YG-01,,Lung Cancer,TCGA Tumor,LUAD,Lung Cancer,-0.229398403,-3.135174345
TCGA-GN-A268-06,,Skin Cancer,TCGA Tumor,SKCM,Skin Cancer,6.024554219,3.705235888
TCGA-GN-A4U7-06,,Skin Cancer,TCGA Tumor,SKCM,Skin Cancer,5.906655278,3.576239515
TCGA-AO-A0JF-01,,Breast Cancer,TCGA Tumor,BRCA,Breast Cancer,3.886349168,-1.814150523
TCGA-A2-A0T0-01,,Breast Cancer,TCGA Tumor,BRCA,Breast Cancer,0.980894711,-1.56842513
TCGA-BH-A0EA-01,,Breast Cancer,TCGA Tumor,BRCA,Breast Cancer,4.428769078,-1.373916696
TCGA-BT-A20O-01,,Bladder Cancer,TCGA Tumor,BLCA,Bladder Cancer,1.071031239,1.206303168
TCGA-E2-A10A-01,,Breast Cancer,TCGA Tumor,BRCA,Breast Cancer,5.48649117,-1.508330773
TCGA-66-2765-01,,Lung Cancer,TCGA Tumor,LUSC,Lung Cancer,-5.772540126,0.92848133
TCGA-75-5147-01,,Lung Cancer,TCGA Tumor,LUAD,Lung Cancer,-0.040615294,-2.685650896
TCGA-IB-7654-01,,Pancreatic Cancer,TCGA Tumor,PAAD,Pancreatic Cancer,-2.776547942,-2.417013954
TCGA-E2-A572-01,,Breast Cancer,TCGA Tumor,BRCA,Breast Cancer,3.957902398,-1.714741062
TCGA-56-7731-01,,Lung Cancer,TCGA Tumor,LUSC,Lung Cancer,-5.845598254,0.976040233
TCGA-61-1740-01,,Ovarian Cancer,TCGA Tumor,OV,Ovarian Cancer,1.821306076,8.530639101
TARGET-50-PAKNRX-01,,Kidney Cancer,TCGA Tumor,WT,Kidney Cancer,-4.547926936,7.683027197
TCGA-63-A5MN-01,,Lung Cancer,TCGA Tumor,LUSC,Lung Cancer,-5.677223716,-3.448865723
TCGA-44-7671-01,,Lung Cancer,TCGA Tumor,LUAD,Lung Cancer,-1.15903655,-2.30432875
TCGA-E9-A54Y-01,,Breast Cancer,TCGA Tumor,BRCA,Breast Cancer,4.996948209,-1.654292177
TCGA-D3-A5GL-06,,Skin Cancer,TCGA Tumor,SKCM,Skin Cancer,5.936006513,3.511197735
TCGA-MI-A75C-01,,Liver Cancer,TCGA Tumor,LIHC,Liver Cancer,1.230393496,3.825565268
TCGA-46-3768-01,,Lung Cancer,TCGA Tumor,LUSC,Lung Cancer,-5.246269259,2.535240818
TCGA-CW-5590-01,,Kidney Cancer,TCGA Tumor,KIRC,Kidney Cancer,6.192156282,-6.720763754
TCGA-AK-3458-01,,Kidney Cancer,TCGA Tumor,KIRC,Kidney Cancer,6.167936292,-6.9010082
TCGA-V5-A7RB-01,,Esophageal Cancer,TCGA Tumor,ESCA,Esophageal Cancer,-4.320380244,-2.759809803
TCGA-06-0190-01,,Glioblastoma,TCGA Tumor,GBM,Brain Cancer,1.3689343,-9.060506414
TCGA-06-0190-02,,Glioblastoma,TCGA Tumor,GBM,Brain Cancer,1.072510567,0.628086675
TCGA-GN-A4U4-06,,Skin Cancer,TCGA Tumor,SKCM,Skin Cancer,5.880076852,3.599722792
TCGA-38-4631-01,,Lung Cancer,TCGA Tumor,LUAD,Lung Cancer,-1.477071438,-2.072602104
TCGA-D3-A2JD-06,,Skin Cancer,TCGA Tumor,SKCM,Skin Cancer,6.128023591,3.768924881
TCGA-A3-3358-01,,Kidney Cancer,TCGA Tumor,KIRC,Kidney Cancer,6.222955671,-6.823755812
TCGA-CM-6676-01,,Colorectal Cancer,TCGA Tumor,COAD,Colon/Colorectal Cancer,-5.719826731,-3.459304642
TCGA-L5-A8NS-01,,Esophageal Cancer,TCGA Tumor,ESCA,Esophageal Cancer,-3.336181197,-2.921791147
TCGA-CJ-4882-01,,Kidney Cancer,TCGA Tumor,KIRC,Kidney Cancer,6.17454001,-5.378287386
TCGA-F1-6177-01,,Gastric Cancer,TCGA Tumor,STAD,Gastric Cancer,-4.971123252,-3.731529068
TCGA-EY-A4KR-01,,Endometrial/Uterine Cancer,TCGA Tumor,UCEC,Endometrial/Uterine Cancer,1.373878267,6.729125906
TCGA-IB-AAUQ-01,,Pancreatic Cancer,TCGA Tumor,PAAD,Pancreatic Cancer,-2.769491944,-2.572021316
TCGA-WE-A8JZ-06,,Skin Cancer,TCGA Tumor,SKCM,Skin Cancer,5.741466489,3.46522801
TCGA-61-1737-01,,Ovarian Cancer,TCGA Tumor,OV,Ovarian Cancer,1.736752477,7.930447031
TCGA-C8-A26Y-01,,Breast Cancer,TCGA Tumor,BRCA,Breast Cancer,4.139505115,-0.941179823
TCGA-MZ-A7D7-01,,Head and Neck Cancer,TCGA Tumor,HNSC,Head and Neck Cancer,-5.664639983,0.649565507
TCGA-D7-8570-01,,Gastric Cancer,TCGA Tumor,STAD,Gastric Cancer,-3.473753009,-2.956148456
TCGA-CV-A6JT-01,,Head and Neck Cancer,TCGA Tumor,HNSC,Head and Neck Cancer,-6.442216906,0.302464206
TCGA-B0-4833-01,,Kidney Cancer,TCGA Tumor,KIRC,Kidney Cancer,6.342982736,-6.719089102
TCGA-NC-A5HF-01,,Lung Cancer,TCGA Tumor,LUSC,Lung Cancer,-5.662549052,1.39940672
TCGA-06-5415-01,,Glioblastoma,TCGA Tumor,GBM,Brain Cancer,1.235236135,-9.846980642
TCGA-AN-A0FJ-01,,Breast Cancer,TCGA Tumor,BRCA,Breast Cancer,0.961500313,-1.417290639
TCGA-CG-5723-01,,Gastric Cancer,TCGA Tumor,STAD,Gastric Cancer,-4.388273272,-3.46591575
TCGA-NJ-A55O-01,,Lung Cancer,TCGA Tumor,LUAD,Lung Cancer,-2.775520835,-2.779551338
TCGA-EL-A3ZS-01,,Thyroid Cancer,TCGA Tumor,THCA,Thyroid Cancer,11.33188292,-0.126482945
TCGA-CJ-4881-01,,Kidney Cancer,TCGA Tumor,KIRC,Kidney Cancer,6.163146463,-5.305598329
TCGA-AA-3660-01,,Colorectal Cancer,TCGA Tumor,COAD,Colon/Colorectal Cancer,-6.122822318,-3.710034441
TCGA-DD-A3A1-01,,Liver Cancer,TCGA Tumor,LIHC,Liver Cancer,0.842800554,4.076374937
TARGET-50-PAJLNJ-01,,Kidney Cancer,TCGA Tumor,WT,Kidney Cancer,-4.560292277,7.691223551
TCGA-BH-A1EV-01,,Breast Cancer,TCGA Tumor,BRCA,Breast Cancer,4.511327234,-1.193043422
TCGA-IM-A3EB-01,,Thyroid Cancer,TCGA Tumor,THCA,Thyroid Cancer,11.00442931,-0.526173245
TCGA-D7-6519-01,,Gastric Cancer,TCGA Tumor,STAD,Gastric Cancer,-3.187434945,-2.543501209
TCGA-06-0745-01,,Glioblastoma,TCGA Tumor,GBM,Brain Cancer,1.509204831,-9.209063124
TCGA-VQ-A8PE-01,,Gastric Cancer,TCGA Tumor,STAD,Gastric Cancer,-4.914894614,-1.980458092
TCGA-BR-A452-01,,Gastric Cancer,TCGA Tumor,STAD,Gastric Cancer,-3.956647906,-2.214036058
TCGA-75-6211-01,,Lung Cancer,TCGA Tumor,LUAD,Lung Cancer,-0.893949423,-1.933288287
TCGA-B6-A0IK-01,,Breast Cancer,TCGA Tumor,BRCA,Breast Cancer,4.412500348,-1.172317695
TCGA-F7-A50I-01,,Head and Neck Cancer,TCGA Tumor,HNSC,Head and Neck Cancer,-6.152125392,1.122256328
TCGA-CV-7253-01,,Head and Neck Cancer,TCGA Tumor,HNSC,Head and Neck Cancer,-6.368919883,1.563345839
TCGA-3B-A9I1-01,,Sarcoma,TCGA Tumor,SARC,Sarcoma,1.952904549,1.604688455
TCGA-BF-A5EO-01,,Skin Cancer,TCGA Tumor,SKCM,Skin Cancer,5.369739499,3.879638601
TCGA-DJ-A3V8-01,,Thyroid Cancer,TCGA Tumor,THCA,Thyroid Cancer,11.02244231,-0.549919556
TCGA-JL-A3YW-01,,Breast Cancer,TCGA Tumor,BRCA,Breast Cancer,3.588352647,-1.004165005
TCGA-L5-A8NH-01,,Esophageal Cancer,TCGA Tumor,ESCA,Esophageal Cancer,-3.798708472,-3.672363829
TCGA-BP-4973-01,,Kidney Cancer,TCGA Tumor,KIRC,Kidney Cancer,6.2291536,-6.849373888
TCGA-DI-A2QY-01,,Endometrial/Uterine Cancer,TCGA Tumor,UCEC,Endometrial/Uterine Cancer,1.330295708,6.623012472
TCGA-A3-3326-01,,Kidney Cancer,TCGA Tumor,KIRC,Kidney Cancer,6.207890001,-6.839527677
TCGA-AK-3445-01,,Kidney Cancer,TCGA Tumor,KIRC,Kidney Cancer,6.148517575,-5.358032297
TCGA-UB-A7MB-01,,Liver Cancer,TCGA Tumor,LIHC,Liver Cancer,0.852695939,4.127420832
TCGA-52-7810-01,,Lung Cancer,TCGA Tumor,LUSC,Lung Cancer,-5.709913287,0.818553854
TCGA-CV-7432-01,,Head and Neck Cancer,TCGA Tumor,HNSC,Head and Neck Cancer,-6.811321292,0.634338308
TCGA-05-5420-01,,Lung Cancer,TCGA Tumor,LUAD,Lung Cancer,-0.590793762,-1.472719144
TCGA-EE-A29V-06,,Skin Cancer,TCGA Tumor,SKCM,Skin Cancer,5.982252088,3.710576464
TCGA-D6-6515-01,,Head and Neck Cancer,TCGA Tumor,HNSC,Head and Neck Cancer,-6.576243434,0.572783877
TCGA-CJ-4636-01,,Kidney Cancer,TCGA Tumor,KIRC,Kidney Cancer,5.927422967,-5.791083406
TCGA-90-6837-01,,Lung Cancer,TCGA Tumor,LUSC,Lung Cancer,-6.190639529,1.06635492
TCGA-66-2766-01,,Lung Cancer,TCGA Tumor,LUSC,Lung Cancer,-5.36941627,2.35635059
TCGA-BR-8382-01,,Gastric Cancer,TCGA Tumor,STAD,Gastric Cancer,-4.445304427,-3.471921514
TCGA-QQ-A8VG-01,,Sarcoma,TCGA Tumor,SARC,Sarcoma,4.99418303,3.401508022
TCGA-V5-AASW-01,,Esophageal Cancer,TCGA Tumor,ESCA,Esophageal Cancer,-5.718047652,-3.467209648
TCGA-BR-A4IV-01,,Gastric Cancer,TCGA Tumor,STAD,Gastric Cancer,-2.264221701,-1.758990358
TCGA-ZS-A9CD-01,,Liver Cancer,TCGA Tumor,LIHC,Liver Cancer,1.047021952,4.121102739
TCGA-FY-A3NP-01,,Thyroid Cancer,TCGA Tumor,THCA,Thyroid Cancer,11.51949736,0.858750869
TCGA-CV-7236-01,,Head and Neck Cancer,TCGA Tumor,HNSC,Head and Neck Cancer,-6.065973315,0.875465263
TCGA-CW-5583-01,,Kidney Cancer,TCGA Tumor,KIRC,Kidney Cancer,6.130381551,-5.815117906
TCGA-XF-AAMJ-01,,Bladder Cancer,TCGA Tumor,BLCA,Bladder Cancer,-3.958164725,-0.100167062
TCGA-24-1930-01,,Ovarian Cancer,TCGA Tumor,OV,Ovarian Cancer,1.604184952,8.064771105
TCGA-E2-A15D-01,,Breast Cancer,TCGA Tumor,BRCA,Breast Cancer,4.291037765,-1.461127709
TCGA-FS-A1ZR-06,,Skin Cancer,TCGA Tumor,SKCM,Skin Cancer,5.16541287,3.508508373
TCGA-E9-A1RB-01,,Breast Cancer,TCGA Tumor,BRCA,Breast Cancer,4.925249543,-1.448659133
TCGA-BP-5185-01,,Kidney Cancer,TCGA Tumor,KIRC,Kidney Cancer,6.296859231,-5.742724966
TCGA-60-2711-01,,Lung Cancer,TCGA Tumor,LUSC,Lung Cancer,-5.42465261,2.527279068
TCGA-96-7544-01,,Lung Cancer,TCGA Tumor,LUSC,Lung Cancer,-5.499557528,2.453425099
TCGA-AO-A12D-01,,Breast Cancer,TCGA Tumor,BRCA,Breast Cancer,4.143984761,-0.949369978
TCGA-IG-A3QL-01,,Esophageal Cancer,TCGA Tumor,ESCA,Esophageal Cancer,-5.306539092,2.469504524
TCGA-UB-A7MA-01,,Liver Cancer,TCGA Tumor,LIHC,Liver Cancer,0.26503883,3.451342274
TCGA-EM-A4G1-01,,Thyroid Cancer,TCGA Tumor,THCA,Thyroid Cancer,11.24121615,0.514235843
TCGA-CJ-4897-01,,Kidney Cancer,TCGA Tumor,KIRC,Kidney Cancer,6.283235994,-6.787557196
TARGET-50-PAJNCZ-01,,Kidney Cancer,TCGA Tumor,WT,Kidney Cancer,-4.573473487,7.706792284
TCGA-AZ-4323-01,,Colorectal Cancer,TCGA Tumor,COAD,Colon/Colorectal Cancer,-2.246461186,-1.559662055
TCGA-55-1594-01,,Lung Cancer,TCGA Tumor,LUAD,Lung Cancer,-1.245949421,-1.903609465
TCGA-CF-A9FL-01,,Bladder Cancer,TCGA Tumor,BLCA,Bladder Cancer,-3.901938472,0.189021189
TCGA-DX-AB36-01,,Sarcoma,TCGA Tumor,SARC,Sarcoma,1.355504599,1.375697781
TCGA-85-8071-01,,Lung Cancer,TCGA Tumor,LUSC,Lung Cancer,-6.034501586,2.396882225
TCGA-NH-A8F7-06,,Colorectal Cancer,TCGA Tumor,COAD,Colon/Colorectal Cancer,-5.817705664,-3.651636194
TCGA-NH-A8F7-01,,Colorectal Cancer,TCGA Tumor,COAD,Colon/Colorectal Cancer,-5.95766643,-3.633857082
TCGA-26-5135-01,,Glioblastoma,TCGA Tumor,GBM,Brain Cancer,1.527449813,-9.141968321
TCGA-D3-A3MR-06,,Skin Cancer,TCGA Tumor,SKCM,Skin Cancer,5.804885831,3.386156727
TCGA-BH-A18H-01,,Breast Cancer,TCGA Tumor,BRCA,Breast Cancer,5.391228166,-1.660534571
TCGA-BH-A0HF-01,,Breast Cancer,TCGA Tumor,BRCA,Breast Cancer,3.959422555,-1.724137615
TCGA-DX-A23R-01,,Sarcoma,TCGA Tumor,SARC,Sarcoma,1.186395076,1.713749577
TCGA-BP-5198-01,,Kidney Cancer,TCGA Tumor,KIRC,Kidney Cancer,6.136361566,-5.379179071
TCGA-C8-A12M-01,,Breast Cancer,TCGA Tumor,BRCA,Breast Cancer,5.6578612,-1.688041281
TCGA-FP-8209-01,,Gastric Cancer,TCGA Tumor,STAD,Gastric Cancer,-2.248172793,-1.72606356
TCGA-BP-4962-01,,Kidney Cancer,TCGA Tumor,KIRC,Kidney Cancer,5.894581762,-5.839570116
TCGA-21-1076-01,,Lung Cancer,TCGA Tumor,LUSC,Lung Cancer,-5.632733378,2.453935553
TCGA-4P-AA8J-01,,Head and Neck Cancer,TCGA Tumor,HNSC,Head and Neck Cancer,-5.827327761,0.936364938
TCGA-EF-5830-01,,Colorectal Cancer,TCGA Tumor,READ,Colon/Colorectal Cancer,-5.882670436,-3.531392645
TCGA-BA-4076-01,,Head and Neck Cancer,TCGA Tumor,HNSC,Head and Neck Cancer,-6.63005403,0.50360914
TCGA-BP-4342-01,,Kidney Cancer,TCGA Tumor,KIRC,Kidney Cancer,6.172083822,-5.350932192
TCGA-C8-A26V-01,,Breast Cancer,TCGA Tumor,BRCA,Breast Cancer,4.164716449,-1.812804412
TCGA-06-0882-01,,Glioblastoma,TCGA Tumor,GBM,Brain Cancer,1.377640453,-9.342519354
TCGA-29-1785-01,,Ovarian Cancer,TCGA Tumor,OV,Ovarian Cancer,1.836017814,8.449475695
TCGA-56-1622-01,,Lung Cancer,TCGA Tumor,LUSC,Lung Cancer,-5.797936473,1.616307069
TCGA-H4-A2HO-01,,Bladder Cancer,TCGA Tumor,BLCA,Bladder Cancer,-3.57571033,-0.483411979
TCGA-FS-A4F0-06,,Skin Cancer,TCGA Tumor,SKCM,Skin Cancer,5.655581918,3.608963896
TCGA-DE-A69J-01,,Thyroid Cancer,TCGA Tumor,THCA,Thyroid Cancer,11.27914473,-0.2565311
TCGA-CZ-5464-01,,Kidney Cancer,TCGA Tumor,KIRC,Kidney Cancer,6.001731363,-5.766568731
TCGA-IG-A3YB-01,,Esophageal Cancer,TCGA Tumor,ESCA,Esophageal Cancer,-5.508992228,1.508722593
TCGA-DE-A4MD-01,,Thyroid Cancer,TCGA Tumor,THCA,Thyroid Cancer,10.9943318,-0.606388341
TCGA-67-3773-01,,Lung Cancer,TCGA Tumor,LUAD,Lung Cancer,-0.091149632,-2.593673061
TCGA-EL-A3GX-01,,Thyroid Cancer,TCGA Tumor,THCA,Thyroid Cancer,10.99428698,-0.476309429
TCGA-AA-3712-01,,Colorectal Cancer,TCGA Tumor,COAD,Colon/Colorectal Cancer,-5.822917018,-3.57252581
TCGA-EM-A1CW-01,,Thyroid Cancer,TCGA Tumor,THCA,Thyroid Cancer,11.35432002,1.018590439
TCGA-24-1604-01,,Ovarian Cancer,TCGA Tumor,OV,Ovarian Cancer,1.882637229,8.336370875
TCGA-FY-A76V-01,,Thyroid Cancer,TCGA Tumor,THCA,Thyroid Cancer,11.61296317,0.731386889
TCGA-B6-A1KN-01,,Breast Cancer,TCGA Tumor,BRCA,Breast Cancer,4.908665624,-1.221375297
TCGA-IQ-A61H-01,,Head and Neck Cancer,TCGA Tumor,HNSC,Head and Neck Cancer,-5.149642024,2.28189819
TCGA-CE-A484-01,,Thyroid Cancer,TCGA Tumor,THCA,Thyroid Cancer,11.59826228,0.752764333
TCGA-E2-A15S-01,,Breast Cancer,TCGA Tumor,BRCA,Breast Cancer,5.679050889,-1.711750697
TCGA-VQ-A94O-01,,Gastric Cancer,TCGA Tumor,STAD,Gastric Cancer,-4.921587024,-1.991964172
TCGA-E9-A1RI-01,,Breast Cancer,TCGA Tumor,BRCA,Breast Cancer,3.96138927,-1.656326603
TCGA-RD-A8MW-01,,Gastric Cancer,TCGA Tumor,STAD,Gastric Cancer,-2.697321925,-1.986504387
TCGA-GM-A2DI-01,,Breast Cancer,TCGA Tumor,BRCA,Breast Cancer,4.133208003,-1.817750882
TCGA-E2-A15L-01,,Breast Cancer,TCGA Tumor,BRCA,Breast Cancer,4.046421256,-0.933389376
TCGA-05-4244-01,,Lung Cancer,TCGA Tumor,LUAD,Lung Cancer,-0.162203822,-3.211159777
TCGA-61-2094-01,,Ovarian Cancer,TCGA Tumor,OV,Ovarian Cancer,1.766365376,8.556836535
TCGA-64-5774-01,,Lung Cancer,TCGA Tumor,LUAD,Lung Cancer,-0.732221041,-2.117821525
TCGA-BA-A6DJ-01,,Head and Neck Cancer,TCGA Tumor,HNSC,Head and Neck Cancer,-6.843597445,0.586171497
TCGA-CJ-4886-01,,Kidney Cancer,TCGA Tumor,KIRC,Kidney Cancer,6.353179422,-6.723651956
TCGA-A8-A09T-01,,Breast Cancer,TCGA Tumor,BRCA,Breast Cancer,5.064027276,-1.545912455
TCGA-A3-3346-01,,Kidney Cancer,TCGA Tumor,KIRC,Kidney Cancer,6.150287595,-5.320693086
TCGA-B6-A0RV-01,,Breast Cancer,TCGA Tumor,BRCA,Breast Cancer,4.52236506,-1.615147184
TCGA-D8-A27T-01,,Breast Cancer,TCGA Tumor,BRCA,Breast Cancer,4.030950513,-1.669294547
TCGA-75-7031-01,,Lung Cancer,TCGA Tumor,LUAD,Lung Cancer,-1.146031055,-2.098707985
TCGA-50-5941-01,,Lung Cancer,TCGA Tumor,LUAD,Lung Cancer,-0.18881515,-3.034112762
TCGA-C8-A278-01,,Breast Cancer,TCGA Tumor,BRCA,Breast Cancer,4.100636687,-0.892432343
TCGA-G3-A25Z-01,,Liver Cancer,TCGA Tumor,LIHC,Liver Cancer,0.965008166,4.262183119
TCGA-EM-A2CQ-01,,Thyroid Cancer,TCGA Tumor,THCA,Thyroid Cancer,11.36184355,0.992072571
TCGA-BC-A217-01,,Liver Cancer,TCGA Tumor,LIHC,Liver Cancer,0.57768054,3.796608139
TCGA-EW-A2FS-01,,Breast Cancer,TCGA Tumor,BRCA,Breast Cancer,5.597156491,-1.686001848
TCGA-A8-A09C-01,,Breast Cancer,TCGA Tumor,BRCA,Breast Cancer,5.041660753,-1.521226357
TCGA-BH-A18L-01,,Breast Cancer,TCGA Tumor,BRCA,Breast Cancer,5.691376176,-1.664610814
TCGA-60-2723-01,,Lung Cancer,TCGA Tumor,LUSC,Lung Cancer,-5.320684466,1.850474049
TCGA-44-2662-01,,Lung Cancer,TCGA Tumor,LUAD,Lung Cancer,0.091164019,-2.456065964
TCGA-D3-A3MV-06,,Skin Cancer,TCGA Tumor,SKCM,Skin Cancer,5.005412069,3.410487343
TCGA-DQ-7590-01,,Head and Neck Cancer,TCGA Tumor,HNSC,Head and Neck Cancer,-6.311552081,1.069779564
TCGA-XV-AB01-06,,Skin Cancer,TCGA Tumor,SKCM,Skin Cancer,6.123056855,3.788525034
TCGA-21-1072-01,,Lung Cancer,TCGA Tumor,LUSC,Lung Cancer,-5.252016101,2.414604832
TCGA-GM-A2DK-01,,Breast Cancer,TCGA Tumor,BRCA,Breast Cancer,3.926437583,-1.850726436
TCGA-EM-A4FQ-01,,Thyroid Cancer,TCGA Tumor,THCA,Thyroid Cancer,11.03803393,-0.444983642
TCGA-E9-A22A-01,,Breast Cancer,TCGA Tumor,BRCA,Breast Cancer,3.252947059,-1.263653945
TCGA-DD-A3A9-01,,Liver Cancer,TCGA Tumor,LIHC,Liver Cancer,0.352820244,3.499672581
TCGA-AC-A3YJ-01,,Breast Cancer,TCGA Tumor,BRCA,Breast Cancer,5.41431376,-1.428968738
TCGA-EM-A3AK-01,,Thyroid Cancer,TCGA Tumor,THCA,Thyroid Cancer,11.5884194,0.163130168
TCGA-CM-4743-01,,Colorectal Cancer,TCGA Tumor,COAD,Colon/Colorectal Cancer,-4.522808108,-3.532411884
TCGA-13-1409-01,,Ovarian Cancer,TCGA Tumor,OV,Ovarian Cancer,1.395858016,7.922982622
TCGA-14-0787-01,,Glioblastoma,TCGA Tumor,GBM,Brain Cancer,1.176872995,-9.800110411
TCGA-21-5782-01,,Lung Cancer,TCGA Tumor,LUSC,Lung Cancer,-5.595198664,1.719812442
TCGA-IW-A3M4-01,,Sarcoma,TCGA Tumor,SARC,Sarcoma,1.514611211,1.27964573
TCGA-10-0928-01,,Ovarian Cancer,TCGA Tumor,OV,Ovarian Cancer,1.690296855,8.420257975
TCGA-Z5-AAPL-01,,Pancreatic Cancer,TCGA Tumor,PAAD,Pancreatic Cancer,-4.05958179,-3.381413053
TCGA-CN-4736-01,,Head and Neck Cancer,TCGA Tumor,HNSC,Head and Neck Cancer,-6.745844874,0.567038883
TCGA-D3-A8GC-06,,Skin Cancer,TCGA Tumor,SKCM,Skin Cancer,5.633888688,3.548068691
TCGA-24-1469-01,,Ovarian Cancer,TCGA Tumor,OV,Ovarian Cancer,1.71151587,8.535379816
TCGA-CZ-5460-01,,Kidney Cancer,TCGA Tumor,KIRC,Kidney Cancer,6.237133947,-6.825861524
TCGA-B0-4816-01,,Kidney Cancer,TCGA Tumor,KIRC,Kidney Cancer,6.23658463,-6.788810324
TCGA-EO-A3KX-01,,Endometrial/Uterine Cancer,TCGA Tumor,UCEC,Endometrial/Uterine Cancer,1.315162268,6.59507506
TCGA-E3-A3E0-01,,Thyroid Cancer,TCGA Tumor,THCA,Thyroid Cancer,11.51169154,0.301669661
TCGA-AC-A23C-01,,Breast Cancer,TCGA Tumor,BRCA,Breast Cancer,4.275297132,-1.539613198
TCGA-DA-A3F3-06,,Skin Cancer,TCGA Tumor,SKCM,Skin Cancer,6.416304078,4.061948229
TCGA-CN-A63W-01,,Head and Neck Cancer,TCGA Tumor,HNSC,Head and Neck Cancer,-6.551785025,1.081493188
TCGA-D8-A1XM-01,,Breast Cancer,TCGA Tumor,BRCA,Breast Cancer,4.090112176,-1.746725391
TCGA-DD-A119-01,,Liver Cancer,TCGA Tumor,LIHC,Liver Cancer,1.035675969,4.153363634
TCGA-BH-A1EU-01,,Breast Cancer,TCGA Tumor,BRCA,Breast Cancer,3.847593751,-1.625011395
TCGA-GM-A2DD-01,,Breast Cancer,TCGA Tumor,BRCA,Breast Cancer,4.110082593,-0.899873506
TCGA-OL-A5S0-01,,Breast Cancer,TCGA Tumor,BRCA,Breast Cancer,1.047721234,-1.529697489
TCGA-FS-A4F5-06,,Skin Cancer,TCGA Tumor,SKCM,Skin Cancer,5.488037553,3.39970534
TCGA-VQ-A8PB-01,,Gastric Cancer,TCGA Tumor,STAD,Gastric Cancer,-4.420744452,-3.477676224
TCGA-L5-A8NW-01,,Esophageal Cancer,TCGA Tumor,ESCA,Esophageal Cancer,-4.281030211,-2.676575254
TCGA-DJ-A3US-01,,Thyroid Cancer,TCGA Tumor,THCA,Thyroid Cancer,11.36625239,0.5336379
TCGA-DX-A8BX-01,,Sarcoma,TCGA Tumor,SARC,Sarcoma,1.286273029,1.670600463
TCGA-13-1405-01,,Ovarian Cancer,TCGA Tumor,OV,Ovarian Cancer,1.638277855,8.056410242
TCGA-EL-A3TA-01,,Thyroid Cancer,TCGA Tumor,THCA,Thyroid Cancer,11.49137637,0.054737168
TCGA-24-1464-01,,Ovarian Cancer,TCGA Tumor,OV,Ovarian Cancer,2.043481794,8.155850817
TCGA-86-8075-01,,Lung Cancer,TCGA Tumor,LUAD,Lung Cancer,-0.357022497,-2.780890058
TCGA-DD-AACI-01,,Liver Cancer,TCGA Tumor,LIHC,Liver Cancer,0.914510515,3.840943266
TCGA-L5-A43E-01,,Esophageal Cancer,TCGA Tumor,ESCA,Esophageal Cancer,-3.809223685,-3.69594128
TCGA-97-A4M2-01,,Lung Cancer,TCGA Tumor,LUAD,Lung Cancer,-0.670199904,-2.8032418
TCGA-CR-7398-01,,Head and Neck Cancer,TCGA Tumor,HNSC,Head and Neck Cancer,-6.185276542,1.399080325
TCGA-D3-A8GL-06,,Skin Cancer,TCGA Tumor,SKCM,Skin Cancer,5.907205548,3.523566891
TCGA-A2-A0YG-01,,Breast Cancer,TCGA Tumor,BRCA,Breast Cancer,5.185221639,-1.350279521
TCGA-FR-A3YN-06,,Skin Cancer,TCGA Tumor,SKCM,Skin Cancer,5.781457391,3.597453762
TCGA-55-7995-01,,Lung Cancer,TCGA Tumor,LUAD,Lung Cancer,-1.096421037,-2.254897665
TCGA-BB-7870-01,,Head and Neck Cancer,TCGA Tumor,HNSC,Head and Neck Cancer,-6.299512896,1.067369033
TCGA-A8-A09G-01,,Breast Cancer,TCGA Tumor,BRCA,Breast Cancer,4.276372638,-0.988575529
TCGA-24-1104-01,,Ovarian Cancer,TCGA Tumor,OV,Ovarian Cancer,2.000409093,8.129826952
TCGA-G4-6315-01,,Colorectal Cancer,TCGA Tumor,COAD,Colon/Colorectal Cancer,-5.96582416,-3.753549408
TCGA-DX-A2J1-01,,Sarcoma,TCGA Tumor,SARC,Sarcoma,1.107968655,1.17264073
TCGA-E9-A2JT-01,,Breast Cancer,TCGA Tumor,BRCA,Breast Cancer,-8.537671599,6.946203161
TCGA-NK-A7XE-01,,Lung Cancer,TCGA Tumor,LUSC,Lung Cancer,-5.195189032,1.257649113
TCGA-FJ-A3Z7-01,,Bladder Cancer,TCGA Tumor,BLCA,Bladder Cancer,-4.067481551,-0.582100998
TCGA-D8-A27E-01,,Breast Cancer,TCGA Tumor,BRCA,Breast Cancer,5.741786924,-1.542648624
TCGA-AC-A8OQ-01,,Breast Cancer,TCGA Tumor,BRCA,Breast Cancer,1.037308183,-1.560074877
TCGA-HD-8634-01,,Head and Neck Cancer,TCGA Tumor,HNSC,Head and Neck Cancer,-6.814307246,0.749531974
TCGA-AF-6136-01,,Colorectal Cancer,TCGA Tumor,READ,Colon/Colorectal Cancer,-6.010767016,-3.763288092
TCGA-B0-4703-01,,Kidney Cancer,TCGA Tumor,KIRC,Kidney Cancer,6.216583219,-5.29569013
TCGA-UB-A7ME-01,,Liver Cancer,TCGA Tumor,LIHC,Liver Cancer,0.532814425,3.664764572
TCGA-CM-4747-01,,Colorectal Cancer,TCGA Tumor,COAD,Colon/Colorectal Cancer,-6.151750121,-3.626279663
TCGA-56-5897-01,,Lung Cancer,TCGA Tumor,LUSC,Lung Cancer,-6.04654983,0.400678862
TCGA-A1-A0SO-01,,Breast Cancer,TCGA Tumor,BRCA,Breast Cancer,0.819428083,-1.640109967
TCGA-R6-A8WG-01,,Esophageal Cancer,TCGA Tumor,ESCA,Esophageal Cancer,-4.919056926,-1.949893307
TCGA-BR-4191-01,,Gastric Cancer,TCGA Tumor,STAD,Gastric Cancer,-3.920380626,-3.606355022
TCGA-43-A475-01,,Lung Cancer,TCGA Tumor,LUSC,Lung Cancer,-5.293960128,2.428443361
TCGA-D9-A149-06,,Skin Cancer,TCGA Tumor,SKCM,Skin Cancer,6.002443757,3.607574154
TCGA-95-7043-01,,Lung Cancer,TCGA Tumor,LUAD,Lung Cancer,-0.514828834,-2.759567093
TCGA-BA-A6DE-01,,Head and Neck Cancer,TCGA Tumor,HNSC,Head and Neck Cancer,-6.443795714,1.152405192
TCGA-OL-A66H-01,,Breast Cancer,TCGA Tumor,BRCA,Breast Cancer,4.26225802,-1.901595663
TCGA-BP-4165-01,,Kidney Cancer,TCGA Tumor,KIRC,Kidney Cancer,6.285473314,-6.771520208
TCGA-CJ-4876-01,,Kidney Cancer,TCGA Tumor,KIRC,Kidney Cancer,6.283247438,-6.748570513
TCGA-X6-A7WB-01,,Sarcoma,TCGA Tumor,SARC,Sarcoma,1.968560662,1.609744002
TCGA-97-A4M1-01,,Lung Cancer,TCGA Tumor,LUAD,Lung Cancer,-0.41148201,-2.76903684
TCGA-D8-A1XA-01,,Breast Cancer,TCGA Tumor,BRCA,Breast Cancer,5.323436704,-1.584998201
TCGA-AO-A1KQ-01,,Breast Cancer,TCGA Tumor,BRCA,Breast Cancer,5.553925004,-1.537683438
TCGA-EE-A2MI-06,,Skin Cancer,TCGA Tumor,SKCM,Skin Cancer,4.922980752,3.338731218
TCGA-A8-A0A6-01,,Breast Cancer,TCGA Tumor,BRCA,Breast Cancer,4.030217138,-1.744569849
TCGA-56-A4ZK-01,,Lung Cancer,TCGA Tumor,LUSC,Lung Cancer,-5.882445845,2.437535692
TCGA-L5-A43J-01,,Esophageal Cancer,TCGA Tumor,ESCA,Esophageal Cancer,-5.364004168,0.76656418
TCGA-DK-A3IS-01,,Bladder Cancer,TCGA Tumor,BLCA,Bladder Cancer,-3.696430239,0.099155192
TCGA-78-7149-01,,Lung Cancer,TCGA Tumor,LUAD,Lung Cancer,-1.190789256,-2.294870447
TCGA-AQ-A04J-01,,Breast Cancer,TCGA Tumor,BRCA,Breast Cancer,0.933308926,-1.401155423
TCGA-37-3789-01,,Lung Cancer,TCGA Tumor,LUSC,Lung Cancer,-6.260495696,0.862390627
TCGA-27-1831-01,,Glioblastoma,TCGA Tumor,GBM,Brain Cancer,1.261230436,-9.36121137
TCGA-BH-A0W4-01,,Breast Cancer,TCGA Tumor,BRCA,Breast Cancer,4.236661878,-1.901904057
TCGA-CV-6943-01,,Head and Neck Cancer,TCGA Tumor,HNSC,Head and Neck Cancer,-6.589960131,0.513292779
TCGA-FX-A3RE-01,,Sarcoma,TCGA Tumor,SARC,Sarcoma,1.331462648,1.427393485
TCGA-AP-A5FX-01,,Endometrial/Uterine Cancer,TCGA Tumor,UCEC,Endometrial/Uterine Cancer,1.522710886,6.454937864
TCGA-28-1753-01,,Glioblastoma,TCGA Tumor,GBM,Brain Cancer,1.523653951,-9.126637052
TCGA-37-A5EM-01,,Lung Cancer,TCGA Tumor,LUSC,Lung Cancer,-5.542086158,1.74990194
TCGA-DK-AA6L-01,,Bladder Cancer,TCGA Tumor,BLCA,Bladder Cancer,-3.762909922,0.046303643
TCGA-RD-A8N4-01,,Gastric Cancer,TCGA Tumor,STAD,Gastric Cancer,-2.259789977,-1.754259418
TCGA-BP-4965-01,,Kidney Cancer,TCGA Tumor,KIRC,Kidney Cancer,6.39232966,-5.969715666
TCGA-EL-A3H2-01,,Thyroid Cancer,TCGA Tumor,THCA,Thyroid Cancer,11.54776236,0.826811362
TCGA-HR-A5NC-01,,Skin Cancer,TCGA Tumor,SKCM,Skin Cancer,5.257437196,3.922042538
TCGA-CV-7102-01,,Head and Neck Cancer,TCGA Tumor,HNSC,Head and Neck Cancer,-6.315283808,0.423031588
TCGA-D8-A1X5-01,,Breast Cancer,TCGA Tumor,BRCA,Breast Cancer,5.650993314,-1.765452336
TCGA-66-2792-01,,Lung Cancer,TCGA Tumor,LUSC,Lung Cancer,-5.283882174,2.468755413
TCGA-12-5295-01,,Glioblastoma,TCGA Tumor,GBM,Brain Cancer,1.277906862,-9.64479215
TCGA-24-2024-01,,Ovarian Cancer,TCGA Tumor,OV,Ovarian Cancer,1.782089677,8.217255045
TCGA-EM-A2P3-01,,Thyroid Cancer,TCGA Tumor,THCA,Thyroid Cancer,11.21869418,-0.211565505
TCGA-13-0924-01,,Ovarian Cancer,TCGA Tumor,OV,Ovarian Cancer,2.067682114,8.20714419
TCGA-P3-A6T5-01,,Head and Neck Cancer,TCGA Tumor,HNSC,Head and Neck Cancer,-6.693984542,0.56028818
TCGA-AA-3697-01,,Colorectal Cancer,TCGA Tumor,COAD,Colon/Colorectal Cancer,-6.016924891,-3.674866508
TCGA-BT-A3PJ-01,,Bladder Cancer,TCGA Tumor,BLCA,Bladder Cancer,-5.301820788,0.705279936
TCGA-B0-4707-01,,Kidney Cancer,TCGA Tumor,KIRC,Kidney Cancer,6.162610021,-5.360344957
TCGA-85-7699-01,,Lung Cancer,TCGA Tumor,LUSC,Lung Cancer,-5.430947337,0.785069455
TCGA-A2-A4RW-01,,Breast Cancer,TCGA Tumor,BRCA,Breast Cancer,5.392971959,-1.479172896
TCGA-AZ-6606-01,,Colorectal Cancer,TCGA Tumor,COAD,Colon/Colorectal Cancer,-5.451891455,-3.670079779
TCGA-D8-A1XV-01,,Breast Cancer,TCGA Tumor,BRCA,Breast Cancer,5.792205777,-1.61853249
TCGA-D8-A13Y-01,,Breast Cancer,TCGA Tumor,BRCA,Breast Cancer,-1.241603408,-0.616231989
TCGA-E8-A419-01,,Thyroid Cancer,TCGA Tumor,THCA,Thyroid Cancer,10.88859793,-0.221928518
TCGA-AR-A0TU-01,,Breast Cancer,TCGA Tumor,BRCA,Breast Cancer,0.810625252,-1.586495828
TCGA-BH-A0B0-01,,Breast Cancer,TCGA Tumor,BRCA,Breast Cancer,4.104092088,-1.128941487
TCGA-MN-A4N1-01,,Lung Cancer,TCGA Tumor,LUAD,Lung Cancer,-0.314519021,-2.911572765
TCGA-E2-A15P-01,,Breast Cancer,TCGA Tumor,BRCA,Breast Cancer,3.907131162,-1.735753487
TCGA-D8-A1JN-01,,Breast Cancer,TCGA Tumor,BRCA,Breast Cancer,4.334567037,-1.082357596
TCGA-EP-A26S-01,,Liver Cancer,TCGA Tumor,LIHC,Liver Cancer,1.328647819,3.871713329
TCGA-KN-8434-01,,Kidney Cancer,TCGA Tumor,KICH,Kidney Cancer,-3.560063157,5.101615359
TCGA-MP-A4TC-01,,Lung Cancer,TCGA Tumor,LUAD,Lung Cancer,-0.24056283,-2.832560133
TCGA-BH-A0B8-01,,Breast Cancer,TCGA Tumor,BRCA,Breast Cancer,5.712891069,-1.720106434
TCGA-V5-A7RE-01,,Esophageal Cancer,TCGA Tumor,ESCA,Esophageal Cancer,-3.87967256,-3.661812853
TCGA-D5-6928-01,,Colorectal Cancer,TCGA Tumor,COAD,Colon/Colorectal Cancer,-4.784499202,-3.690913032
TCGA-ER-A42K-06,,Skin Cancer,TCGA Tumor,SKCM,Skin Cancer,5.03820559,3.367945124
TCGA-K4-A5RH-01,,Bladder Cancer,TCGA Tumor,BLCA,Bladder Cancer,0.945148912,1.051152397
TCGA-XV-A9W5-01,,Skin Cancer,TCGA Tumor,SKCM,Skin Cancer,4.997424093,3.401510407
TCGA-CJ-4640-01,,Kidney Cancer,TCGA Tumor,KIRC,Kidney Cancer,5.723962274,-5.338071894
TCGA-W5-AA2U-01,,Bile Duct Cancer,TCGA Tumor,CHOL,Bile Duct Cancer,-0.09150875,3.061066796
TCGA-NC-A5HM-01,,Lung Cancer,TCGA Tumor,LUSC,Lung Cancer,-5.315764937,1.545820404
TCGA-WE-A8K4-01,,Skin Cancer,TCGA Tumor,SKCM,Skin Cancer,5.981508222,3.618067433
TCGA-56-8305-01,,Lung Cancer,TCGA Tumor,LUSC,Lung Cancer,-5.962925467,1.147705127
TCGA-EE-A2GJ-06,,Skin Cancer,TCGA Tumor,SKCM,Skin Cancer,5.634992089,3.414473225
TCGA-21-5783-01,,Lung Cancer,TCGA Tumor,LUSC,Lung Cancer,-5.733552966,0.883409072
TCGA-DJ-A3VD-01,,Thyroid Cancer,TCGA Tumor,THCA,Thyroid Cancer,10.95642516,-0.347259741
TCGA-EM-A4FK-01,,Thyroid Cancer,TCGA Tumor,THCA,Thyroid Cancer,11.53060957,0.90216576
TCGA-60-2724-01,,Lung Cancer,TCGA Tumor,LUSC,Lung Cancer,-6.293691668,1.17494886
TCGA-DJ-A3V3-01,,Thyroid Cancer,TCGA Tumor,THCA,Thyroid Cancer,11.58765742,0.319324483
TCGA-2Y-A9H4-01,,Liver Cancer,TCGA Tumor,LIHC,Liver Cancer,0.901657965,4.238501002
TCGA-BT-A0YX-01,,Bladder Cancer,TCGA Tumor,BLCA,Bladder Cancer,-6.300112281,1.706967999
TCGA-61-2101-01,,Ovarian Cancer,TCGA Tumor,OV,Ovarian Cancer,1.320421603,7.801339556
TCGA-XF-A9SK-01,,Bladder Cancer,TCGA Tumor,BLCA,Bladder Cancer,-4.610701594,0.568309177
TCGA-A3-3325-01,,Kidney Cancer,TCGA Tumor,KIRC,Kidney Cancer,6.228850808,-6.847800802
TCGA-P3-A6SW-01,,Head and Neck Cancer,TCGA Tumor,HNSC,Head and Neck Cancer,-6.172739539,2.230670382
TCGA-85-7696-01,,Lung Cancer,TCGA Tumor,LUSC,Lung Cancer,-5.247406516,2.218963314
TCGA-2H-A9GI-01,,Esophageal Cancer,TCGA Tumor,ESCA,Esophageal Cancer,-4.784613166,-3.541861128
TCGA-10-0927-01,,Ovarian Cancer,TCGA Tumor,OV,Ovarian Cancer,1.413462248,7.924957682
TCGA-UY-A9PH-01,,Bladder Cancer,TCGA Tumor,BLCA,Bladder Cancer,-3.613941703,-0.020317245
TCGA-AJ-A8CW-01,,Endometrial/Uterine Cancer,TCGA Tumor,UCEC,Endometrial/Uterine Cancer,1.485847798,6.488134314
TARGET-50-PAKYFC-01,,Kidney Cancer,TCGA Tumor,WT,Kidney Cancer,-4.533074889,7.663061548
TCGA-DX-A7EO-01,,Sarcoma,TCGA Tumor,SARC,Sarcoma,0.181248885,0.842418183
TCGA-BP-4974-01,,Kidney Cancer,TCGA Tumor,KIRC,Kidney Cancer,6.255547967,-6.034343313
TCGA-34-5928-01,,Lung Cancer,TCGA Tumor,LUSC,Lung Cancer,-5.415155921,0.726140071
TCGA-A2-A3KD-01,,Breast Cancer,TCGA Tumor,BRCA,Breast Cancer,4.636332479,-1.46898992
TCGA-91-6849-01,,Lung Cancer,TCGA Tumor,LUAD,Lung Cancer,-0.93441144,-2.419975828
TCGA-A6-6142-01,,Colorectal Cancer,TCGA Tumor,COAD,Colon/Colorectal Cancer,-5.832788977,-3.383312296
TCGA-24-0968-01,,Ovarian Cancer,TCGA Tumor,OV,Ovarian Cancer,1.757678714,7.834627081
TCGA-J8-A3NZ-01,,Thyroid Cancer,TCGA Tumor,THCA,Thyroid Cancer,11.00244853,-0.569216381
TCGA-VQ-AA6J-01,,Gastric Cancer,TCGA Tumor,STAD,Gastric Cancer,-4.0072265,-3.608212303
TCGA-Z6-A8JD-01,,Esophageal Cancer,TCGA Tumor,ESCA,Esophageal Cancer,-6.354507956,0.633416523
TCGA-P3-A6T6-01,,Head and Neck Cancer,TCGA Tumor,HNSC,Head and Neck Cancer,-6.193358454,1.572255303
TCGA-CM-6171-01,,Colorectal Cancer,TCGA Tumor,COAD,Colon/Colorectal Cancer,-4.785533938,-3.714139055
TCGA-KL-8335-01,,Kidney Cancer,TCGA Tumor,KICH,Kidney Cancer,-3.540871177,5.108485151
TCGA-ZF-A9RC-01,,Bladder Cancer,TCGA Tumor,BLCA,Bladder Cancer,-3.716150794,0.067480104
TCGA-AJ-A3OJ-01,,Endometrial/Uterine Cancer,TCGA Tumor,UCEC,Endometrial/Uterine Cancer,1.28393313,6.636146952
TCGA-AR-A1AU-01,,Breast Cancer,TCGA Tumor,BRCA,Breast Cancer,3.728604999,-1.538464617
TCGA-KO-8415-01,,Kidney Cancer,TCGA Tumor,KICH,Kidney Cancer,-3.63860372,5.047650744
TCGA-86-8054-01,,Lung Cancer,TCGA Tumor,LUAD,Lung Cancer,-0.847295675,-1.975574802
TCGA-W5-AA2Q-01,,Bile Duct Cancer,TCGA Tumor,CHOL,Bile Duct Cancer,-0.105796072,3.036609818
TCGA-68-8250-01,,Lung Cancer,TCGA Tumor,LUSC,Lung Cancer,-5.218387637,1.486445714
TCGA-A3-3308-01,,Kidney Cancer,TCGA Tumor,KIRC,Kidney Cancer,6.242619481,-5.365621637
TCGA-AC-A6NO-01,,Breast Cancer,TCGA Tumor,BRCA,Breast Cancer,4.653642621,-1.46898074
TCGA-A2-A0CO-01,,Breast Cancer,TCGA Tumor,BRCA,Breast Cancer,3.861958232,-1.647963237
TCGA-66-2780-01,,Lung Cancer,TCGA Tumor,LUSC,Lung Cancer,-5.507017169,0.791977931
TCGA-BP-4349-01,,Kidney Cancer,TCGA Tumor,KIRC,Kidney Cancer,6.383644548,-6.639969896
TCGA-CG-4438-01,,Gastric Cancer,TCGA Tumor,STAD,Gastric Cancer,-5.749446425,-3.542515825
TCGA-DD-AAVR-01,,Liver Cancer,TCGA Tumor,LIHC,Liver Cancer,1.035568979,4.177318026
TCGA-AN-A0FZ-01,,Breast Cancer,TCGA Tumor,BRCA,Breast Cancer,5.605410543,-1.720711421
TCGA-99-8028-01,,Lung Cancer,TCGA Tumor,LUAD,Lung Cancer,0.016686794,-2.672274183
TCGA-A2-A0YD-01,,Breast Cancer,TCGA Tumor,BRCA,Breast Cancer,4.590309587,-1.595808934
TCGA-DE-A0Y2-01,,Thyroid Cancer,TCGA Tumor,THCA,Thyroid Cancer,11.04370162,-0.586900781
TCGA-09-2056-01,,Ovarian Cancer,TCGA Tumor,OV,Ovarian Cancer,1.773716297,8.367702891
TCGA-BR-4294-01,,Gastric Cancer,TCGA Tumor,STAD,Gastric Cancer,0.131227162,-0.849682103
TCGA-CQ-5323-01,,Head and Neck Cancer,TCGA Tumor,HNSC,Head and Neck Cancer,-6.149495635,2.012912799
TCGA-EM-A4FO-01,,Thyroid Cancer,TCGA Tumor,THCA,Thyroid Cancer,11.34913966,0.749637116
TCGA-BR-6458-01,,Gastric Cancer,TCGA Tumor,STAD,Gastric Cancer,-3.288317952,-3.02463777
TCGA-EM-A3OB-01,,Thyroid Cancer,TCGA Tumor,THCA,Thyroid Cancer,11.55890605,0.838996459
TCGA-55-8505-01,,Lung Cancer,TCGA Tumor,LUAD,Lung Cancer,-1.315259132,-2.16967256
TCGA-C8-A12N-01,,Breast Cancer,TCGA Tumor,BRCA,Breast Cancer,4.652306524,-1.612631153
TCGA-B0-4827-01,,Kidney Cancer,TCGA Tumor,KIRC,Kidney Cancer,6.03145453,-5.321166586
TCGA-FD-A62P-01,,Bladder Cancer,TCGA Tumor,BLCA,Bladder Cancer,-6.145803008,1.168606092
TCGA-B0-5703-01,,Kidney Cancer,TCGA Tumor,KIRC,Kidney Cancer,6.270559278,-6.860116075
TCGA-X6-A7WA-01,,Sarcoma,TCGA Tumor,SARC,Sarcoma,1.99372324,1.578759123
TCGA-A2-A25F-01,,Breast Cancer,TCGA Tumor,BRCA,Breast Cancer,0.553985309,0.315526355
TCGA-DK-AA74-01,,Bladder Cancer,TCGA Tumor,BLCA,Bladder Cancer,-5.394099746,0.812731017
TCGA-IB-8127-01,,Pancreatic Cancer,TCGA Tumor,PAAD,Pancreatic Cancer,-3.079904589,-2.580191206
TCGA-10-0936-01,,Ovarian Cancer,TCGA Tumor,OV,Ovarian Cancer,1.749299731,8.542095591
TCGA-A8-A0A1-01,,Breast Cancer,TCGA Tumor,BRCA,Breast Cancer,3.832386699,-1.65080614
TCGA-55-8096-01,,Lung Cancer,TCGA Tumor,LUAD,Lung Cancer,-0.337409291,-2.812663149
TCGA-BP-4969-01,,Kidney Cancer,TCGA Tumor,KIRC,Kidney Cancer,6.360239473,-6.706792902
TCGA-CV-5435-01,,Head and Neck Cancer,TCGA Tumor,HNSC,Head and Neck Cancer,-5.255838427,1.946594049
TCGA-DA-A1I4-06,,Skin Cancer,TCGA Tumor,SKCM,Skin Cancer,6.014680352,3.460632969
TCGA-CQ-5332-01,,Head and Neck Cancer,TCGA Tumor,HNSC,Head and Neck Cancer,-5.614829573,2.379441906
TCGA-HU-A4H0-01,,Gastric Cancer,TCGA Tumor,STAD,Gastric Cancer,-3.906919036,-3.548942398
TCGA-22-4599-01,,Lung Cancer,TCGA Tumor,LUSC,Lung Cancer,-5.178576503,2.214935471
TCGA-DV-5568-01,,Kidney Cancer,TCGA Tumor,KIRC,Kidney Cancer,6.121920552,-5.385708879
TCGA-EL-A3N3-01,,Thyroid Cancer,TCGA Tumor,THCA,Thyroid Cancer,10.87664839,-0.271763276
TCGA-EW-A1IZ-01,,Breast Cancer,TCGA Tumor,BRCA,Breast Cancer,5.614233937,-1.698615741
TCGA-A6-2675-01,,Colorectal Cancer,TCGA Tumor,COAD,Colon/Colorectal Cancer,-5.994044814,-3.709451031
TCGA-2Y-A9GX-01,,Liver Cancer,TCGA Tumor,LIHC,Liver Cancer,1.016389992,4.151662279
TCGA-KL-8331-01,,Kidney Cancer,TCGA Tumor,KICH,Kidney Cancer,-3.560060773,5.100967814
TCGA-B6-A0IB-01,,Breast Cancer,TCGA Tumor,BRCA,Breast Cancer,4.436010328,-1.265007566
TCGA-CN-4726-01,,Head and Neck Cancer,TCGA Tumor,HNSC,Head and Neck Cancer,-6.438560042,0.168150675
TCGA-A8-A08Z-01,,Breast Cancer,TCGA Tumor,BRCA,Breast Cancer,3.440096345,-1.268432092
TCGA-DJ-A2PS-01,,Thyroid Cancer,TCGA Tumor,THCA,Thyroid Cancer,11.53841921,0.038247306
TCGA-BH-A0DT-01,,Breast Cancer,TCGA Tumor,BRCA,Breast Cancer,4.127315965,-1.736323785
TCGA-66-2759-01,,Lung Cancer,TCGA Tumor,LUSC,Lung Cancer,-5.417006049,1.790233303
TCGA-DD-AADQ-01,,Liver Cancer,TCGA Tumor,LIHC,Liver Cancer,1.057890203,4.126660753
TCGA-AC-A3QQ-01,,Breast Cancer,TCGA Tumor,BRCA,Breast Cancer,3.299209562,-1.229031752
TCGA-XF-A9SX-01,,Bladder Cancer,TCGA Tumor,BLCA,Bladder Cancer,-3.233080659,-2.198098253
TCGA-E2-A15T-01,,Breast Cancer,TCGA Tumor,BRCA,Breast Cancer,5.690232721,-1.604936193
TCGA-AR-A2LL-01,,Breast Cancer,TCGA Tumor,BRCA,Breast Cancer,5.232974496,-1.545291017
TCGA-3C-AALI-01,,Breast Cancer,TCGA Tumor,BRCA,Breast Cancer,4.990850892,-1.253155779
TCGA-IN-A7NR-01,,Gastric Cancer,TCGA Tumor,STAD,Gastric Cancer,-3.91139749,-2.578528475
TCGA-BH-A0BC-01,,Breast Cancer,TCGA Tumor,BRCA,Breast Cancer,4.025121894,-1.796193193
TCGA-HU-A4HD-01,,Gastric Cancer,TCGA Tumor,STAD,Gastric Cancer,-5.117288146,-2.532864641
TCGA-EB-A82B-01,,Skin Cancer,TCGA Tumor,SKCM,Skin Cancer,6.02699038,3.661770512
TCGA-38-4628-01,,Lung Cancer,TCGA Tumor,LUAD,Lung Cancer,-0.00389171,-2.625945162
TCGA-AR-A0TV-01,,Breast Cancer,TCGA Tumor,BRCA,Breast Cancer,5.504720178,-1.506546925
TCGA-22-1016-01,,Lung Cancer,TCGA Tumor,LUSC,Lung Cancer,-5.236152205,0.746450354
TCGA-FS-A4FD-06,,Skin Cancer,TCGA Tumor,SKCM,Skin Cancer,6.023045984,3.979974199
TCGA-B0-5707-01,,Kidney Cancer,TCGA Tumor,KIRC,Kidney Cancer,-0.766408596,7.626764227
TCGA-CQ-A4CI-01,,Head and Neck Cancer,TCGA Tumor,HNSC,Head and Neck Cancer,-5.342949424,2.431743075
TCGA-05-4250-01,,Lung Cancer,TCGA Tumor,LUAD,Lung Cancer,0.04813945,-2.762641023
TARGET-50-PALGAZ-01,,Kidney Cancer,TCGA Tumor,WT,Kidney Cancer,-4.559194121,7.691676069
TCGA-12-3650-01,,Glioblastoma,TCGA Tumor,GBM,Brain Cancer,1.574578967,-9.191996168
TCGA-D3-A3C6-06,,Skin Cancer,TCGA Tumor,SKCM,Skin Cancer,5.127294507,3.488362242
TCGA-94-8035-01,,Lung Cancer,TCGA Tumor,LUSC,Lung Cancer,-5.835249934,2.286599089
TCGA-E2-A154-01,,Breast Cancer,TCGA Tumor,BRCA,Breast Cancer,4.852356878,-1.564605664
TCGA-BP-4777-01,,Kidney Cancer,TCGA Tumor,KIRC,Kidney Cancer,5.98603436,-6.320502352
TCGA-AA-3675-01,,Colorectal Cancer,TCGA Tumor,COAD,Colon/Colorectal Cancer,-6.112870726,-3.693714451
TCGA-85-A4CN-01,,Lung Cancer,TCGA Tumor,LUSC,Lung Cancer,-5.32741693,2.47349136
TCGA-56-A5DS-01,,Lung Cancer,TCGA Tumor,LUSC,Lung Cancer,-6.063607249,2.317626167
TCGA-CG-5718-01,,Gastric Cancer,TCGA Tumor,STAD,Gastric Cancer,-3.592493806,-3.192047905
TCGA-BC-A69I-01,,Liver Cancer,TCGA Tumor,LIHC,Liver Cancer,1.278281954,3.945177723
TCGA-B0-5694-01,,Kidney Cancer,TCGA Tumor,KIRC,Kidney Cancer,6.22673842,-5.820076059
TCGA-CG-4474-01,,Gastric Cancer,TCGA Tumor,STAD,Gastric Cancer,-5.520958934,-3.356506656
TCGA-K1-A6RV-01,,Sarcoma,TCGA Tumor,SARC,Sarcoma,1.254686501,1.245504786
TCGA-E2-A15E-01,,Breast Cancer,TCGA Tumor,BRCA,Breast Cancer,4.269943681,-1.878185223
TCGA-66-2770-01,,Lung Cancer,TCGA Tumor,LUSC,Lung Cancer,-5.268599067,2.392021347
TCGA-67-3774-01,,Lung Cancer,TCGA Tumor,LUAD,Lung Cancer,-0.404156539,-2.908292364
TCGA-AC-A3OD-01,,Breast Cancer,TCGA Tumor,BRCA,Breast Cancer,3.455913272,-1.370962929
TCGA-80-5608-01,,Lung Cancer,TCGA Tumor,LUAD,Lung Cancer,-1.073088679,-2.204947304
TCGA-CN-6021-01,,Head and Neck Cancer,TCGA Tumor,HNSC,Head and Neck Cancer,-5.989943538,2.385816027
TCGA-DE-A4MD-06,,Thyroid Cancer,TCGA Tumor,THCA,Thyroid Cancer,11.27635142,0.356737156
TCGA-13-0726-01,,Ovarian Cancer,TCGA Tumor,OV,Ovarian Cancer,1.912156668,8.154711176
TCGA-AJ-A3EJ-01,,Endometrial/Uterine Cancer,TCGA Tumor,UCEC,Endometrial/Uterine Cancer,1.459048476,6.92767613
TCGA-FD-A43X-01,,Bladder Cancer,TCGA Tumor,BLCA,Bladder Cancer,-3.701770339,0.128563043
TCGA-57-1583-01,,Ovarian Cancer,TCGA Tumor,OV,Ovarian Cancer,1.577698317,8.297003199
TCGA-13-0908-01,,Ovarian Cancer,TCGA Tumor,OV,Ovarian Cancer,2.016258087,8.174818445
TCGA-FP-7998-01,,Gastric Cancer,TCGA Tumor,STAD,Gastric Cancer,-2.788679871,-2.064302276
TCGA-EB-A5SG-06,,Skin Cancer,TCGA Tumor,SKCM,Skin Cancer,5.908657518,3.66141193
TCGA-K4-A3WS-01,,Bladder Cancer,TCGA Tumor,BLCA,Bladder Cancer,-4.171388182,0.297277216
TCGA-IG-A4QS-01,,Esophageal Cancer,TCGA Tumor,ESCA,Esophageal Cancer,-4.098969493,-3.641803573
TCGA-25-1329-01,,Ovarian Cancer,TCGA Tumor,OV,Ovarian Cancer,1.549748507,7.838475157
TCGA-39-5036-01,,Lung Cancer,TCGA Tumor,LUSC,Lung Cancer,-5.630694899,2.038929154
TCGA-EL-A3CZ-01,,Thyroid Cancer,TCGA Tumor,THCA,Thyroid Cancer,11.50860735,0.889060665
TCGA-AO-A124-01,,Breast Cancer,TCGA Tumor,BRCA,Breast Cancer,0.994708922,-1.505438517
TCGA-S3-A6ZF-01,,Breast Cancer,TCGA Tumor,BRCA,Breast Cancer,5.2244167,-1.432497691
TCGA-G2-AA3D-01,,Bladder Cancer,TCGA Tumor,BLCA,Bladder Cancer,-3.636026892,-0.122220736
TCGA-AM-5820-01,,Colorectal Cancer,TCGA Tumor,COAD,Colon/Colorectal Cancer,-6.105007682,-3.734213661
TCGA-A8-A09D-01,,Breast Cancer,TCGA Tumor,BRCA,Breast Cancer,5.596243825,-1.703292202
TCGA-60-2707-01,,Lung Cancer,TCGA Tumor,LUSC,Lung Cancer,-5.928865466,1.078653027
TCGA-GU-AATQ-01,,Bladder Cancer,TCGA Tumor,BLCA,Bladder Cancer,-5.285721335,1.700278927
TCGA-GM-A5PX-01,,Breast Cancer,TCGA Tumor,BRCA,Breast Cancer,3.92728087,-1.701314281
TCGA-X8-AAAR-01,,Esophageal Cancer,TCGA Tumor,ESCA,Esophageal Cancer,-3.482940707,-2.392899345
TCGA-05-4389-01,,Lung Cancer,TCGA Tumor,LUAD,Lung Cancer,-0.906588349,-2.483001303
TCGA-22-1012-01,,Lung Cancer,TCGA Tumor,LUSC,Lung Cancer,-5.541250739,2.39186566
TCGA-B8-4154-01,,Kidney Cancer,TCGA Tumor,KIRC,Kidney Cancer,6.257429567,-6.845316957
TCGA-EE-A29W-06,,Skin Cancer,TCGA Tumor,SKCM,Skin Cancer,5.01383492,3.413769413
TCGA-AN-A0XO-01,,Breast Cancer,TCGA Tumor,BRCA,Breast Cancer,1.047520128,-1.46725459
TCGA-2Y-A9GW-01,,Liver Cancer,TCGA Tumor,LIHC,Liver Cancer,0.830703315,3.862991978
TCGA-18-3417-01,,Lung Cancer,TCGA Tumor,LUSC,Lung Cancer,-5.353023562,0.685104002
TCGA-DD-A4NQ-01,,Liver Cancer,TCGA Tumor,LIHC,Liver Cancer,0.159997832,3.332822491
TCGA-GD-A3OQ-01,,Bladder Cancer,TCGA Tumor,BLCA,Bladder Cancer,-3.796751532,0.113110058
TCGA-DX-A8BR-01,,Sarcoma,TCGA Tumor,SARC,Sarcoma,1.213387814,1.331900645
TCGA-91-6848-01,,Lung Cancer,TCGA Tumor,LUAD,Lung Cancer,0.854852137,0.913657416
TCGA-SI-AA8C-01,,Nerve,TCGA Tumor,SARC,Nerve,0.484665964,1.065862943
TCGA-IB-7886-01,,Pancreatic Cancer,TCGA Tumor,PAAD,Pancreatic Cancer,-2.99402574,-2.633992266
TCGA-24-1555-01,,Ovarian Cancer,TCGA Tumor,OV,Ovarian Cancer,1.79550704,8.479903628
TARGET-50-PALKCW-01,,Kidney Cancer,TCGA Tumor,WT,Kidney Cancer,-4.598041568,7.731759478
TCGA-BR-8679-01,,Gastric Cancer,TCGA Tumor,STAD,Gastric Cancer,-3.802057299,-3.704520534
TCGA-A2-A4S3-01,,Breast Cancer,TCGA Tumor,BRCA,Breast Cancer,5.381710019,-1.489780258
TCGA-13-0916-01,,Ovarian Cancer,TCGA Tumor,OV,Ovarian Cancer,1.772019472,8.575407435
TCGA-AX-A2HH-01,,Endometrial/Uterine Cancer,TCGA Tumor,UCEC,Endometrial/Uterine Cancer,1.381840911,6.510780264
TCGA-BP-4797-01,,Kidney Cancer,TCGA Tumor,KIRC,Kidney Cancer,5.972537484,-5.894729685
TCGA-A2-A0D1-01,,Breast Cancer,TCGA Tumor,BRCA,Breast Cancer,4.867047754,-1.327823352
TCGA-R6-A6DQ-01,,Esophageal Cancer,TCGA Tumor,ESCA,Esophageal Cancer,-3.725646529,-3.600319218
TCGA-AK-3461-01,,Kidney Cancer,TCGA Tumor,KIRC,Kidney Cancer,6.223154035,-6.000289511
TCGA-AJ-A3IA-01,,Endometrial/Uterine Cancer,TCGA Tumor,UCEC,Endometrial/Uterine Cancer,1.425410118,6.751676966
TCGA-AO-A0J3-01,,Breast Cancer,TCGA Tumor,BRCA,Breast Cancer,5.935660806,-1.660221409
TCGA-CV-7183-01,,Head and Neck Cancer,TCGA Tumor,HNSC,Head and Neck Cancer,-6.459525142,0.216574211
TCGA-KB-A6F7-01,,Gastric Cancer,TCGA Tumor,STAD,Gastric Cancer,-4.926523719,-1.98032267
TCGA-29-1781-01,,Ovarian Cancer,TCGA Tumor,OV,Ovarian Cancer,1.670283642,8.500906397
TCGA-CG-4304-01,,Gastric Cancer,TCGA Tumor,STAD,Gastric Cancer,-4.0164471,-3.673245024
TCGA-BF-A9VF-01,,Skin Cancer,TCGA Tumor,SKCM,Skin Cancer,6.047512498,3.673052002
TCGA-DX-A8BL-01,,Sarcoma,TCGA Tumor,SARC,Sarcoma,1.021510031,0.977963556
TCGA-DD-AAW3-01,,Liver Cancer,TCGA Tumor,LIHC,Liver Cancer,1.316309717,3.897832323
TCGA-B0-4693-01,,Kidney Cancer,TCGA Tumor,KIRC,Kidney Cancer,6.333207574,-6.760856222
TCGA-25-1312-01,,Ovarian Cancer,TCGA Tumor,OV,Ovarian Cancer,1.428744164,7.950227667
TCGA-A6-6654-01,,Colorectal Cancer,TCGA Tumor,COAD,Colon/Colorectal Cancer,-5.840390715,-3.486280512
TCGA-C9-A480-01,,Head and Neck Cancer,TCGA Tumor,HNSC,Head and Neck Cancer,-6.917639766,0.64005052
TCGA-DD-AACN-01,,Liver Cancer,TCGA Tumor,LIHC,Liver Cancer,0.460858316,3.596163679
TCGA-VQ-A925-01,,Gastric Cancer,TCGA Tumor,STAD,Gastric Cancer,-3.743001971,-3.733743023
TCGA-A2-A25A-01,,Breast Cancer,TCGA Tumor,BRCA,Breast Cancer,3.566642251,-1.638132285
TCGA-13-1482-01,,Ovarian Cancer,TCGA Tumor,OV,Ovarian Cancer,2.005756464,8.32784598
TCGA-IB-A6UF-01,,Pancreatic Cancer,TCGA Tumor,PAAD,Pancreatic Cancer,-3.008816752,-2.617768596
TCGA-CK-5912-01,,Colorectal Cancer,TCGA Tumor,COAD,Colon/Colorectal Cancer,-6.15917686,-3.768711161
TCGA-DK-A3WW-01,,Bladder Cancer,TCGA Tumor,BLCA,Bladder Cancer,-5.247229132,0.766361643
TCGA-2H-A9GQ-01,,Esophageal Cancer,TCGA Tumor,ESCA,Esophageal Cancer,-3.180362258,-1.803617548
TCGA-C8-A1HK-01,,Breast Cancer,TCGA Tumor,BRCA,Breast Cancer,4.917345014,-1.196753572
TCGA-75-6203-01,,Lung Cancer,TCGA Tumor,LUAD,Lung Cancer,-0.344241175,-2.765947889
TCGA-EL-A3MX-01,,Thyroid Cancer,TCGA Tumor,THCA,Thyroid Cancer,11.38029715,-0.115141254
TCGA-63-A5MG-01,,Lung Cancer,TCGA Tumor,LUSC,Lung Cancer,-6.302703414,1.581510473
TCGA-29-1696-01,,Ovarian Cancer,TCGA Tumor,OV,Ovarian Cancer,1.932176438,8.317003657
TCGA-43-7657-01,,Lung Cancer,TCGA Tumor,LUSC,Lung Cancer,-5.326650653,2.263509442
TCGA-IC-A6RE-01,,Esophageal Cancer,TCGA Tumor,ESCA,Esophageal Cancer,-4.85981277,-3.681185554
TCGA-EB-A44P-01,,Skin Cancer,TCGA Tumor,SKCM,Skin Cancer,5.624713388,3.445735623
TCGA-6D-AA2E-01,,Kidney Cancer,TCGA Tumor,KIRC,Kidney Cancer,5.670388665,-5.283313822
TCGA-CR-7402-01,,Head and Neck Cancer,TCGA Tumor,HNSC,Head and Neck Cancer,-6.143507514,1.593053747
TCGA-39-5035-01,,Lung Cancer,TCGA Tumor,LUSC,Lung Cancer,-5.807929072,0.797035028
TCGA-EM-A3O3-01,,Thyroid Cancer,TCGA Tumor,THCA,Thyroid Cancer,10.89769217,-0.269166033
TCGA-CZ-5455-01,,Kidney Cancer,TCGA Tumor,KIRC,Kidney Cancer,6.105241742,-6.692634176
TCGA-BH-A0B5-01,,Breast Cancer,TCGA Tumor,BRCA,Breast Cancer,4.728188958,-1.652182053
TCGA-94-A4VJ-01,,Lung Cancer,TCGA Tumor,LUSC,Lung Cancer,-5.724356208,1.056279708
TCGA-RC-A6M3-01,,Liver Cancer,TCGA Tumor,LIHC,Liver Cancer,0.246994894,3.426237274
TCGA-HU-A4H8-01,,Gastric Cancer,TCGA Tumor,STAD,Gastric Cancer,-4.178381953,-3.697146963
TCGA-36-1577-01,,Ovarian Cancer,TCGA Tumor,OV,Ovarian Cancer,1.432162848,6.719321657
TCGA-36-1576-01,,Ovarian Cancer,TCGA Tumor,OV,Ovarian Cancer,1.452524986,7.801018644
TCGA-E3-A3E5-01,,Thyroid Cancer,TCGA Tumor,THCA,Thyroid Cancer,11.53971335,-0.007938731
TCGA-CM-5349-01,,Colorectal Cancer,TCGA Tumor,COAD,Colon/Colorectal Cancer,-6.06612638,-3.706033062
TCGA-2J-AAB6-01,,Pancreatic Cancer,TCGA Tumor,PAAD,Pancreatic Cancer,-3.052376542,-2.457529615
TCGA-AR-A0TR-01,,Breast Cancer,TCGA Tumor,BRCA,Breast Cancer,5.384111371,-1.388480138
TCGA-24-2036-01,,Ovarian Cancer,TCGA Tumor,OV,Ovarian Cancer,1.778034654,8.372726847
TCGA-49-AARO-01,,Lung Cancer,TCGA Tumor,LUAD,Lung Cancer,-0.093071643,-2.931595157
TCGA-BR-4367-01,,Gastric Cancer,TCGA Tumor,STAD,Gastric Cancer,-3.796629939,-3.701261114
TCGA-06-2570-01,,Glioblastoma,TCGA Tumor,GBM,Brain Cancer,1.846022096,-9.396524023
TCGA-85-6175-01,,Lung Cancer,TCGA Tumor,LUSC,Lung Cancer,-5.547776255,0.661554981
TCGA-13-1511-01,,Ovarian Cancer,TCGA Tumor,OV,Ovarian Cancer,1.695280876,7.849842955
TCGA-39-5024-01,,Lung Cancer,TCGA Tumor,LUSC,Lung Cancer,-5.922146354,1.582643319
TCGA-PQ-A6FI-01,,Bladder Cancer,TCGA Tumor,BLCA,Bladder Cancer,-6.490399871,0.573078979
TCGA-CV-6945-01,,Head and Neck Cancer,TCGA Tumor,HNSC,Head and Neck Cancer,-6.445841822,0.481553126
TCGA-AC-A2B8-01,,Breast Cancer,TCGA Tumor,BRCA,Breast Cancer,4.47686049,-1.589952539
TCGA-B0-5080-01,,Kidney Cancer,TCGA Tumor,KIRC,Kidney Cancer,6.304789033,-5.448707174
TCGA-06-2569-01,,Glioblastoma,TCGA Tumor,GBM,Brain Cancer,0.092986014,0.917903353
TCGA-KM-8439-01,,Kidney Cancer,TCGA Tumor,KICH,Kidney Cancer,-3.473511729,5.031804491
TCGA-25-1316-01,,Ovarian Cancer,TCGA Tumor,OV,Ovarian Cancer,1.132764545,7.526990343
TCGA-H6-8124-01,,Pancreatic Cancer,TCGA Tumor,PAAD,Pancreatic Cancer,-3.258403096,-2.39751799
TCGA-EE-A3AE-06,,Skin Cancer,TCGA Tumor,SKCM,Skin Cancer,5.772357431,3.597272087
TCGA-A8-A06T-01,,Breast Cancer,TCGA Tumor,BRCA,Breast Cancer,5.057005849,-1.535050463
TCGA-D9-A3Z3-06,,Skin Cancer,TCGA Tumor,SKCM,Skin Cancer,6.08008143,3.718038012
TCGA-DX-A1KZ-01,,Sarcoma,TCGA Tumor,SARC,Sarcoma,1.155938354,1.20515256
TCGA-BP-4787-01,,Kidney Cancer,TCGA Tumor,KIRC,Kidney Cancer,6.149858918,-5.331787657
TCGA-55-6981-01,,Lung Cancer,TCGA Tumor,LUAD,Lung Cancer,-0.220507178,-2.857459616
TCGA-LL-A9Q3-01,,Breast Cancer,TCGA Tumor,BRCA,Breast Cancer,4.102383342,-1.399222206
TCGA-55-7903-01,,Lung Cancer,TCGA Tumor,LUAD,Lung Cancer,-0.150490973,-3.122127127
TCGA-VT-A80G-01,,Sarcoma,TCGA Tumor,SARC,Sarcoma,1.627093997,1.144930292
TCGA-HZ-A8P0-01,,Pancreatic Cancer,TCGA Tumor,PAAD,Pancreatic Cancer,-2.990224156,-2.555687975
TCGA-BA-A4IH-01,,Head and Neck Cancer,TCGA Tumor,HNSC,Head and Neck Cancer,-5.676795516,1.477163483
TCGA-DM-A28A-01,,Colorectal Cancer,TCGA Tumor,COAD,Colon/Colorectal Cancer,-6.139551673,-3.639142584
TCGA-13-2060-01,,Ovarian Cancer,TCGA Tumor,OV,Ovarian Cancer,1.656846848,7.916955877
TCGA-49-AAR9-01,,Lung Cancer,TCGA Tumor,LUAD,Lung Cancer,-1.616514239,-2.456750463
TCGA-B6-A0RL-01,,Breast Cancer,TCGA Tumor,BRCA,Breast Cancer,5.622549501,-1.586638402
TCGA-EL-A3CV-01,,Thyroid Cancer,TCGA Tumor,THCA,Thyroid Cancer,11.27390524,-0.21845008
TCGA-64-1680-01,,Lung Cancer,TCGA Tumor,LUAD,Lung Cancer,-0.298618409,-3.131526302
TCGA-09-1668-01,,Ovarian Cancer,TCGA Tumor,OV,Ovarian Cancer,1.689256754,8.41879027
TCGA-49-4488-01,,Lung Cancer,TCGA Tumor,LUAD,Lung Cancer,0.009329465,-2.985435795
TCGA-63-A5ML-01,,Lung Cancer,TCGA Tumor,LUSC,Lung Cancer,-5.252192054,2.519497801
TCGA-22-5477-01,,Lung Cancer,TCGA Tumor,LUSC,Lung Cancer,-5.353167567,2.456636835
TCGA-FY-A3NN-01,,Thyroid Cancer,TCGA Tumor,THCA,Thyroid Cancer,11.01410815,-0.654902052
TCGA-DD-AACU-01,,Liver Cancer,TCGA Tumor,LIHC,Liver Cancer,0.738859501,3.849817921
TCGA-78-7537-01,,Lung Cancer,TCGA Tumor,LUAD,Lung Cancer,-0.449790094,-3.086887907
TCGA-BL-A5ZZ-01,,Bladder Cancer,TCGA Tumor,BLCA,Bladder Cancer,0.516112719,0.850311328
TCGA-EL-A3T2-01,,Thyroid Cancer,TCGA Tumor,THCA,Thyroid Cancer,11.53104826,0.851989974
TCGA-98-A53H-01,,Lung Cancer,TCGA Tumor,LUSC,Lung Cancer,-0.780569944,-2.266414236
TCGA-A7-A26G-01,,Breast Cancer,TCGA Tumor,BRCA,Breast Cancer,1.046680179,-1.222885441
TCGA-E2-A1LG-01,,Breast Cancer,TCGA Tumor,BRCA,Breast Cancer,0.810796168,-1.372301172
TCGA-57-1586-01,,Ovarian Cancer,TCGA Tumor,OV,Ovarian Cancer,1.685608711,8.438373018
TCGA-E7-A5KE-01,,Bladder Cancer,TCGA Tumor,BLCA,Bladder Cancer,-3.602520022,-0.238072376
TCGA-B8-4143-01,,Kidney Cancer,TCGA Tumor,KIRC,Kidney Cancer,6.031449762,-5.539383482
TCGA-CQ-6228-01,,Head and Neck Cancer,TCGA Tumor,HNSC,Head and Neck Cancer,-5.859617743,2.375330378
TCGA-CV-7243-01,,Head and Neck Cancer,TCGA Tumor,HNSC,Head and Neck Cancer,-6.372494254,0.418202419
TCGA-58-A46M-01,,Lung Cancer,TCGA Tumor,LUSC,Lung Cancer,-5.273711715,2.461008478
TCGA-FY-A3BL-01,,Thyroid Cancer,TCGA Tumor,THCA,Thyroid Cancer,10.96204421,-0.632362555
TCGA-80-5611-01,,Lung Cancer,TCGA Tumor,LUAD,Lung Cancer,-0.454917881,-2.971930336
TCGA-FD-A3SQ-01,,Bladder Cancer,TCGA Tumor,BLCA,Bladder Cancer,-3.816776786,0.12577999
TCGA-CG-4465-01,,Gastric Cancer,TCGA Tumor,STAD,Gastric Cancer,-5.008535418,-3.694498133
TCGA-04-1350-01,,Ovarian Cancer,TCGA Tumor,OV,Ovarian Cancer,1.253125456,7.732619215
TCGA-63-A5MH-01,,Lung Cancer,TCGA Tumor,LUSC,Lung Cancer,-5.372688803,0.676975061
TCGA-D6-A6EP-01,,Head and Neck Cancer,TCGA Tumor,HNSC,Head and Neck Cancer,0.538300094,1.174168636
TCGA-A7-A6VW-01,,Breast Cancer,TCGA Tumor,BRCA,Breast Cancer,0.871082809,-1.380943965
TCGA-CQ-A4CE-01,,Head and Neck Cancer,TCGA Tumor,HNSC,Head and Neck Cancer,-6.51073173,0.248165537
TCGA-29-1699-01,,Ovarian Cancer,TCGA Tumor,OV,Ovarian Cancer,1.624258366,8.5052418
TCGA-EL-A3CU-01,,Thyroid Cancer,TCGA Tumor,THCA,Thyroid Cancer,11.05536028,-0.419640105
TCGA-61-2109-01,,Ovarian Cancer,TCGA Tumor,OV,Ovarian Cancer,1.774546352,8.50759833
TCGA-86-A4D0-01,,Lung Cancer,TCGA Tumor,LUAD,Lung Cancer,-1.350111756,-0.836263846
TCGA-CJ-5684-01,,Kidney Cancer,TCGA Tumor,KIRC,Kidney Cancer,6.258918252,-6.835493635
TCGA-KH-A6WC-01,,Esophageal Cancer,TCGA Tumor,ESCA,Esophageal Cancer,-6.503227744,1.601973582
TCGA-60-2704-01,,Lung Cancer,TCGA Tumor,LUSC,Lung Cancer,-5.244985614,0.749458362
TCGA-EE-A3AA-06,,Skin Cancer,TCGA Tumor,SKCM,Skin Cancer,5.378389325,3.459793974
TCGA-IB-AAUS-01,,Pancreatic Cancer,TCGA Tumor,PAAD,Pancreatic Cancer,-2.20690206,-2.217598986
TCGA-EO-A3B1-01,,Endometrial/Uterine Cancer,TCGA Tumor,UCEC,Endometrial/Uterine Cancer,1.316237178,6.567567278
TCGA-AH-6549-01,,Colorectal Cancer,TCGA Tumor,READ,Colon/Colorectal Cancer,-5.837952647,-3.587079357
TCGA-97-7941-01,,Lung Cancer,TCGA Tumor,LUAD,Lung Cancer,-3.180302892,-2.601128887
TCGA-BD-A3ER-01,,Liver Cancer,TCGA Tumor,LIHC,Liver Cancer,1.072360423,4.143129278
TARGET-50-CAAAAR-01,,Kidney Cancer,TCGA Tumor,WT,Kidney Cancer,-3.985388312,6.766766955
TCGA-CJ-5671-01,,Kidney Cancer,TCGA Tumor,KIRC,Kidney Cancer,6.17042109,-5.573137831
TCGA-AC-A3W7-01,,Breast Cancer,TCGA Tumor,BRCA,Breast Cancer,4.672595468,-1.514853786
TCGA-E2-A1LK-01,,Breast Cancer,TCGA Tumor,BRCA,Breast Cancer,1.003322211,-1.545618724
TCGA-91-6840-01,,Lung Cancer,TCGA Tumor,LUAD,Lung Cancer,-0.350076887,-2.717582296
TCGA-DD-AAVY-01,,Liver Cancer,TCGA Tumor,LIHC,Liver Cancer,1.316353109,3.880344082
TCGA-09-2051-01,,Ovarian Cancer,TCGA Tumor,OV,Ovarian Cancer,1.792039242,8.607862879
TCGA-EI-6507-01,,Colorectal Cancer,TCGA Tumor,READ,Colon/Colorectal Cancer,-4.525307212,-3.463557552
TCGA-ET-A39S-01,,Thyroid Cancer,TCGA Tumor,THCA,Thyroid Cancer,11.5929341,0.214562167
TCGA-CE-A482-01,,Thyroid Cancer,TCGA Tumor,THCA,Thyroid Cancer,11.35466048,0.056729808
TCGA-HQ-A2OF-01,,Bladder Cancer,TCGA Tumor,BLCA,Bladder Cancer,-5.657498393,-3.263404201
TCGA-XV-A9VZ-01,,Skin Cancer,TCGA Tumor,SKCM,Skin Cancer,-5.653176341,0.883760263
TCGA-A3-3370-01,,Kidney Cancer,TCGA Tumor,KIRC,Kidney Cancer,6.21067616,-6.74652965
TCGA-A6-6649-01,,Colorectal Cancer,TCGA Tumor,COAD,Colon/Colorectal Cancer,-5.008970294,-3.737939905
TCGA-B6-A0RT-01,,Breast Cancer,TCGA Tumor,BRCA,Breast Cancer,0.346047689,-1.20031948
TCGA-DK-A1AG-01,,Bladder Cancer,TCGA Tumor,BLCA,Bladder Cancer,-3.680137667,0.092574492
TCGA-D7-6528-01,,Gastric Cancer,TCGA Tumor,STAD,Gastric Cancer,-5.549789462,-3.558477234
TCGA-KO-8409-01,,Kidney Cancer,TCGA Tumor,KICH,Kidney Cancer,-3.539986405,5.085929323
TCGA-CJ-4634-01,,Kidney Cancer,TCGA Tumor,KIRC,Kidney Cancer,6.406277147,-6.656811785
TCGA-R6-A6Y2-01,,Esophageal Cancer,TCGA Tumor,ESCA,Esophageal Cancer,-4.703374896,-2.254751753
TCGA-52-7811-01,,Lung Cancer,TCGA Tumor,LUSC,Lung Cancer,-5.803268943,1.32676952
TCGA-69-7978-01,,Lung Cancer,TCGA Tumor,LUAD,Lung Cancer,-0.057524982,-2.926419329
TCGA-50-5930-01,,Lung Cancer,TCGA Tumor,LUAD,Lung Cancer,-1.199248109,-2.207886051
TCGA-CV-7252-01,,Head and Neck Cancer,TCGA Tumor,HNSC,Head and Neck Cancer,-6.891655955,0.638724435
TCGA-D8-A1Y3-01,,Breast Cancer,TCGA Tumor,BRCA,Breast Cancer,4.188024249,-1.732561897
TCGA-CQ-7063-01,,Head and Neck Cancer,TCGA Tumor,HNSC,Head and Neck Cancer,-6.838144812,0.651101757
TCGA-QQ-A5V9-01,,Sarcoma,TCGA Tumor,SARC,Sarcoma,1.360533204,1.108690549
TCGA-06-2559-01,,Glioblastoma,TCGA Tumor,GBM,Brain Cancer,1.396385517,-9.079615187
TCGA-HV-A5A3-01,,Pancreatic Cancer,TCGA Tumor,PAAD,Pancreatic Cancer,-3.249110732,-2.655825685
TCGA-A8-A07C-01,,Breast Cancer,TCGA Tumor,BRCA,Breast Cancer,0.903494861,-1.553204488
TCGA-BJ-A0YZ-01,,Thyroid Cancer,TCGA Tumor,THCA,Thyroid Cancer,11.54635378,0.89733528
TCGA-93-8067-01,,Lung Cancer,TCGA Tumor,LUAD,Lung Cancer,-1.188761744,-2.272567819
TCGA-06-0139-01,,Glioblastoma,TCGA Tumor,GBM,Brain Cancer,1.275782254,-9.07084329
TCGA-E3-A3E1-01,,Thyroid Cancer,TCGA Tumor,THCA,Thyroid Cancer,11.05608031,-0.528537344
TCGA-A8-A06U-01,,Breast Cancer,TCGA Tumor,BRCA,Breast Cancer,5.413834062,-1.449522208
TCGA-CV-7101-01,,Head and Neck Cancer,TCGA Tumor,HNSC,Head and Neck Cancer,-6.067264113,2.318812061
TCGA-AG-3592-01,,Colorectal Cancer,TCGA Tumor,READ,Colon/Colorectal Cancer,-6.063822779,-3.763485741
TCGA-D3-A8GK-06,,Skin Cancer,TCGA Tumor,SKCM,Skin Cancer,6.099751439,3.815527369
TCGA-AX-A3G7-01,,Endometrial/Uterine Cancer,TCGA Tumor,UCEC,Endometrial/Uterine Cancer,1.833560672,8.302679468
TCGA-BA-A4IG-01,,Head and Neck Cancer,TCGA Tumor,HNSC,Head and Neck Cancer,-5.952046904,2.308488299
TCGA-29-1766-01,,Ovarian Cancer,TCGA Tumor,OV,Ovarian Cancer,1.475184407,7.882795263
TCGA-D8-A73W-01,,Breast Cancer,TCGA Tumor,BRCA,Breast Cancer,4.671387639,-1.078111957
TCGA-B0-4848-01,,Kidney Cancer,TCGA Tumor,KIRC,Kidney Cancer,6.111394849,-5.684826921
TCGA-AH-6547-01,,Colorectal Cancer,TCGA Tumor,READ,Colon/Colorectal Cancer,-5.651325259,-3.711920809
TCGA-E9-A245-01,,Breast Cancer,TCGA Tumor,BRCA,Breast Cancer,5.958565202,-1.652239632
TCGA-CR-7377-01,,Head and Neck Cancer,TCGA Tumor,HNSC,Head and Neck Cancer,-6.481071982,0.411759723
TCGA-34-2596-01,,Lung Cancer,TCGA Tumor,LUSC,Lung Cancer,-5.326812777,2.469766308
TCGA-B6-A0X0-01,,Breast Cancer,TCGA Tumor,BRCA,Breast Cancer,4.488450494,-1.589735459
TCGA-DK-A3IT-01,,Bladder Cancer,TCGA Tumor,BLCA,Bladder Cancer,-3.848034415,0.052037395
TCGA-3P-A9WA-01,,Ovarian Cancer,TCGA Tumor,OV,Ovarian Cancer,1.821837869,8.555351664
TCGA-EM-A2OV-01,,Thyroid Cancer,TCGA Tumor,THCA,Thyroid Cancer,11.38407179,0.983254422
TCGA-M9-A5M8-01,,Esophageal Cancer,TCGA Tumor,ESCA,Esophageal Cancer,-3.797977004,-3.5870517
TCGA-25-2400-01,,Ovarian Cancer,TCGA Tumor,OV,Ovarian Cancer,1.780555692,8.529680658
TCGA-24-1842-01,,Ovarian Cancer,TCGA Tumor,OV,Ovarian Cancer,1.743110266,8.422704149
TCGA-EI-6508-01,,Colorectal Cancer,TCGA Tumor,READ,Colon/Colorectal Cancer,-5.554405722,-3.761377882
TCGA-EM-A1YC-01,,Thyroid Cancer,TCGA Tumor,THCA,Thyroid Cancer,11.35498377,0.996760834
TCGA-04-1364-01,,Ovarian Cancer,TCGA Tumor,OV,Ovarian Cancer,1.466057267,7.779368807
TCGA-2J-AAB1-01,,Pancreatic Cancer,TCGA Tumor,PAAD,Pancreatic Cancer,-3.199863705,-3.053046774
TCGA-FY-A2QD-01,,Thyroid Cancer,TCGA Tumor,THCA,Thyroid Cancer,11.53402945,0.832455505
TCGA-XF-AAMR-01,,Bladder Cancer,TCGA Tumor,BLCA,Bladder Cancer,-3.628688845,-0.302527558
TCGA-WS-AB45-01,,Colorectal Cancer,TCGA Tumor,COAD,Colon/Colorectal Cancer,-4.090327773,-2.657996248
TCGA-AH-6897-01,,Colorectal Cancer,TCGA Tumor,READ,Colon/Colorectal Cancer,-5.878188643,-3.316722463
TCGA-BA-5556-01,,Head and Neck Cancer,TCGA Tumor,HNSC,Head and Neck Cancer,-6.543551955,1.266321827
TCGA-56-8082-01,,Lung Cancer,TCGA Tumor,LUSC,Lung Cancer,-5.549415145,2.249909092
TCGA-GN-A4U9-06,,Skin Cancer,TCGA Tumor,SKCM,Skin Cancer,0.142838534,0.905481983
TCGA-EB-A3XD-01,,Skin Cancer,TCGA Tumor,SKCM,Skin Cancer,-6.438317809,0.157990504
TCGA-85-A5B5-01,,Lung Cancer,TCGA Tumor,LUSC,Lung Cancer,-5.478223834,2.453716208
TCGA-CV-A6JE-01,,Head and Neck Cancer,TCGA Tumor,HNSC,Head and Neck Cancer,-6.370043788,0.321332295
TCGA-78-7152-01,,Lung Cancer,TCGA Tumor,LUAD,Lung Cancer,-0.245191667,-3.135938715
TCGA-Z4-A8JB-01,,Sarcoma,TCGA Tumor,SARC,Sarcoma,1.833709684,1.156293799
TCGA-AR-A1AX-01,,Breast Cancer,TCGA Tumor,BRCA,Breast Cancer,4.079685655,-1.677332472
TCGA-SI-A71P-01,,Nerve,TCGA Tumor,SARC,Nerve,4.947506871,3.381907154
TCGA-IG-A3YC-01,,Esophageal Cancer,TCGA Tumor,ESCA,Esophageal Cancer,-6.520642314,0.614618171
TCGA-A8-A06Q-01,,Breast Cancer,TCGA Tumor,BRCA,Breast Cancer,4.731536832,-1.034763526
TARGET-50-PAJNLT-01,,Kidney Cancer,TCGA Tumor,WT,Kidney Cancer,-4.544168505,7.667417456
TCGA-IE-A4EK-01,,Sarcoma,TCGA Tumor,SARC,Sarcoma,1.966721382,1.569361139
TCGA-CZ-4863-01,,Kidney Cancer,TCGA Tumor,KIRC,Kidney Cancer,6.154760804,-6.646510195
TCGA-E9-A1R0-01,,Breast Cancer,TCGA Tumor,BRCA,Breast Cancer,3.95160934,-1.849809359
TCGA-FK-A3SH-01,,Thyroid Cancer,TCGA Tumor,THCA,Thyroid Cancer,11.4991841,-0.08538125
TCGA-55-8619-01,,Lung Cancer,TCGA Tumor,LUAD,Lung Cancer,-3.318948064,-2.726655315
TCGA-HQ-A5NE-01,,Bladder Cancer,TCGA Tumor,BLCA,Bladder Cancer,-5.187704596,0.967191924
TCGA-22-1011-01,,Lung Cancer,TCGA Tumor,LUSC,Lung Cancer,-5.27880815,1.125980426
TCGA-DD-AAD1-01,,Liver Cancer,TCGA Tumor,LIHC,Liver Cancer,0.485589575,3.612800289
TCGA-CQ-6220-01,,Head and Neck Cancer,TCGA Tumor,HNSC,Head and Neck Cancer,-6.889570269,0.631940414
TCGA-2J-AABU-01,,Pancreatic Cancer,TCGA Tumor,PAAD,Pancreatic Cancer,-3.255478892,-2.316813063
TCGA-BH-A0DZ-01,,Breast Cancer,TCGA Tumor,BRCA,Breast Cancer,4.880016771,-1.270562838
TCGA-E9-A1N5-01,,Breast Cancer,TCGA Tumor,BRCA,Breast Cancer,4.218152013,-1.728522014
TCGA-AD-6548-01,,Colorectal Cancer,TCGA Tumor,COAD,Colon/Colorectal Cancer,-5.636566195,-3.573532413
TCGA-23-2084-01,,Ovarian Cancer,TCGA Tumor,OV,Ovarian Cancer,1.957551804,8.277285982
TCGA-CN-5355-01,,Head and Neck Cancer,TCGA Tumor,HNSC,Head and Neck Cancer,-6.404480967,0.715039064
TCGA-24-1556-01,,Ovarian Cancer,TCGA Tumor,OV,Ovarian Cancer,1.741088834,8.540696551
TCGA-ED-A5KG-01,,Liver Cancer,TCGA Tumor,LIHC,Liver Cancer,0.387443588,3.546661068
TCGA-AN-A0XP-01,,Breast Cancer,TCGA Tumor,BRCA,Breast Cancer,4.42970654,-1.180313062
TCGA-ZH-A8Y2-01,,Bile Duct Cancer,TCGA Tumor,CHOL,Bile Duct Cancer,-0.081569437,3.05976503
TCGA-61-1724-01,,Ovarian Cancer,TCGA Tumor,OV,Ovarian Cancer,1.746725764,8.195483614
TCGA-EW-A6S9-01,,Breast Cancer,TCGA Tumor,BRCA,Breast Cancer,4.79562613,-1.336338352
TCGA-ZF-AA52-01,,Bladder Cancer,TCGA Tumor,BLCA,Bladder Cancer,-3.642212901,-0.840741288
TCGA-E7-A541-01,,Bladder Cancer,TCGA Tumor,BLCA,Bladder Cancer,-3.745710406,0.050062761
TCGA-ED-A66X-01,,Liver Cancer,TCGA Tumor,LIHC,Liver Cancer,0.287684698,3.470200468
TCGA-13-0766-01,,Ovarian Cancer,TCGA Tumor,OV,Ovarian Cancer,0.868152913,-0.574851583
TCGA-27-2526-01,,Glioblastoma,TCGA Tumor,GBM,Brain Cancer,1.298041847,-9.936204504
TCGA-H7-A6C4-01,,Head and Neck Cancer,TCGA Tumor,HNSC,Head and Neck Cancer,-6.62161735,0.431614269
TCGA-CQ-6218-01,,Head and Neck Cancer,TCGA Tumor,HNSC,Head and Neck Cancer,-6.824570689,0.5759223
TCGA-FK-A3SD-01,,Thyroid Cancer,TCGA Tumor,THCA,Thyroid Cancer,11.63656374,0.876647819
TCGA-E8-A436-01,,Thyroid Cancer,TCGA Tumor,THCA,Thyroid Cancer,10.95106265,-0.317129027
TCGA-E8-A2JQ-01,,Thyroid Cancer,TCGA Tumor,THCA,Thyroid Cancer,10.94156786,-0.248181026
TCGA-A8-A095-01,,Breast Cancer,TCGA Tumor,BRCA,Breast Cancer,4.617252317,-1.616437744
TCGA-D8-A143-01,,Breast Cancer,TCGA Tumor,BRCA,Breast Cancer,0.56813052,-1.552769612
TCGA-BF-A5EQ-01,,Skin Cancer,TCGA Tumor,SKCM,Skin Cancer,6.069708791,3.489450384
TCGA-HU-A4H4-01,,Gastric Cancer,TCGA Tumor,STAD,Gastric Cancer,-4.278354201,-3.568802189
TCGA-CN-4737-01,,Head and Neck Cancer,TCGA Tumor,HNSC,Head and Neck Cancer,-6.530084643,0.507470776
TCGA-BR-8058-01,,Gastric Cancer,TCGA Tumor,STAD,Gastric Cancer,-3.779500518,-3.67059214
TCGA-06-5856-01,,Glioblastoma,TCGA Tumor,GBM,Brain Cancer,1.460954752,-9.352808546
TCGA-EM-A3O6-01,,Thyroid Cancer,TCGA Tumor,THCA,Thyroid Cancer,11.53899714,0.893845071
TCGA-EM-A3AJ-01,,Thyroid Cancer,TCGA Tumor,THCA,Thyroid Cancer,11.55854746,0.835519124
TCGA-AA-3509-01,,Colorectal Cancer,TCGA Tumor,COAD,Colon/Colorectal Cancer,-6.138757262,-3.689804386
TCGA-XF-AAN5-01,,Bladder Cancer,TCGA Tumor,BLCA,Bladder Cancer,-5.305047068,0.779000033
TCGA-A5-A1OH-01,,Endometrial/Uterine Cancer,TCGA Tumor,UCEC,Endometrial/Uterine Cancer,1.187711444,7.602672506
TCGA-EB-A6L9-06,,Skin Cancer,TCGA Tumor,SKCM,Skin Cancer,6.141691175,3.780973841
TCGA-E7-A97P-01,,Bladder Cancer,TCGA Tumor,BLCA,Bladder Cancer,-5.339356456,0.861617614
TCGA-PE-A5DE-01,,Breast Cancer,TCGA Tumor,BRCA,Breast Cancer,4.074603524,-1.741118621
TCGA-EL-A3ZO-01,,Thyroid Cancer,TCGA Tumor,THCA,Thyroid Cancer,10.93634364,-0.280397158
TCGA-DD-AACH-01,,Liver Cancer,TCGA Tumor,LIHC,Liver Cancer,0.172768366,3.357002665
TCGA-D5-6926-01,,Colorectal Cancer,TCGA Tumor,COAD,Colon/Colorectal Cancer,-5.940354857,-3.627790521
TCGA-2V-A95S-01,,Liver Cancer,TCGA Tumor,LIHC,Liver Cancer,0.28722724,3.458885122
TCGA-44-A479-01,,Lung Cancer,TCGA Tumor,LUAD,Lung Cancer,-0.894705448,-1.912448596
TCGA-IW-A3M6-01,,Sarcoma,TCGA Tumor,SARC,Sarcoma,1.88779625,1.37092774
TCGA-55-8087-01,,Lung Cancer,TCGA Tumor,LUAD,Lung Cancer,-0.364315603,-2.968113016
TCGA-CE-A481-01,,Thyroid Cancer,TCGA Tumor,THCA,Thyroid Cancer,11.34605261,0.157997404
TCGA-BH-AB28-01,,Breast Cancer,TCGA Tumor,BRCA,Breast Cancer,4.620799508,-1.494866561
TCGA-A8-A09N-01,,Breast Cancer,TCGA Tumor,BRCA,Breast Cancer,4.705881562,-1.212172579
TCGA-86-6562-01,,Lung Cancer,TCGA Tumor,LUAD,Lung Cancer,-0.453355822,-2.927788328
TCGA-05-4425-01,,Lung Cancer,TCGA Tumor,LUAD,Lung Cancer,-0.284668121,-2.880190204
TCGA-E2-A15A-06,,Breast Cancer,TCGA Tumor,BRCA,Breast Cancer,5.602758851,-1.735072326
TCGA-D3-A2JN-06,,Skin Cancer,TCGA Tumor,SKCM,Skin Cancer,5.012071099,3.406699349
TCGA-E2-A15A-01,,Breast Cancer,TCGA Tumor,BRCA,Breast Cancer,5.587202039,-1.7640527
TCGA-GC-A3RD-01,,Bladder Cancer,TCGA Tumor,BLCA,Bladder Cancer,-3.66479114,-0.041053075
TCGA-EM-A3O8-01,,Thyroid Cancer,TCGA Tumor,THCA,Thyroid Cancer,11.51979777,0.810191263
TCGA-NK-A5D1-01,,Lung Cancer,TCGA Tumor,LUSC,Lung Cancer,-0.950692448,-1.095708321
TCGA-DJ-A3UR-01,,Thyroid Cancer,TCGA Tumor,THCA,Thyroid Cancer,11.59262892,0.166284357
TCGA-22-4607-01,,Lung Cancer,TCGA Tumor,LUSC,Lung Cancer,-5.614264998,1.061519672
TCGA-BG-A0MK-01,,Endometrial/Uterine Cancer,TCGA Tumor,UCEC,Endometrial/Uterine Cancer,1.531838742,6.434950758
TCGA-3B-A9HP-01,,Sarcoma,TCGA Tumor,SARC,Sarcoma,1.847847905,1.618446876
TCGA-MP-A4SW-01,,Lung Cancer,TCGA Tumor,LUAD,Lung Cancer,-0.265589688,-3.043384384
TCGA-BH-A0HQ-01,,Breast Cancer,TCGA Tumor,BRCA,Breast Cancer,4.833156553,-1.382427882
TCGA-13-1404-01,,Ovarian Cancer,TCGA Tumor,OV,Ovarian Cancer,0.51223312,-0.547762941
TCGA-HZ-8317-01,,Pancreatic Cancer,TCGA Tumor,PAAD,Pancreatic Cancer,-2.73941997,-2.023428272
TCGA-BJ-A4O8-01,,Thyroid Cancer,TCGA Tumor,THCA,Thyroid Cancer,11.0194678,-0.265405696
TCGA-DX-A3LT-01,,Sarcoma,TCGA Tumor,SARC,Sarcoma,1.183170107,1.207504083
TCGA-AX-A05W-01,,Endometrial/Uterine Cancer,TCGA Tumor,UCEC,Endometrial/Uterine Cancer,1.425609079,6.518066336
TCGA-90-A59Q-01,,Lung Cancer,TCGA Tumor,LUSC,Lung Cancer,-5.083513293,0.973124076
TCGA-24-1423-01,,Ovarian Cancer,TCGA Tumor,OV,Ovarian Cancer,1.868571725,8.299033571
TCGA-E7-A7XN-01,,Bladder Cancer,TCGA Tumor,BLCA,Bladder Cancer,-5.494414363,1.511506964
TCGA-CR-6491-01,,Head and Neck Cancer,TCGA Tumor,HNSC,Head and Neck Cancer,-6.81020597,0.713796843
TCGA-66-2783-01,,Lung Cancer,TCGA Tumor,LUSC,Lung Cancer,-5.498374495,2.24474876
TCGA-IF-A4AJ-01,,Sarcoma,TCGA Tumor,SARC,Sarcoma,1.980501023,1.593553592
TCGA-AG-3732-01,,Colorectal Cancer,TCGA Tumor,READ,Colon/Colorectal Cancer,-5.429399524,-3.451946091
TCGA-E2-A1L6-01,,Breast Cancer,TCGA Tumor,BRCA,Breast Cancer,4.790345636,-1.509255241
TCGA-DX-A8BH-01,,Sarcoma,TCGA Tumor,SARC,Sarcoma,1.072431233,1.137706329
TCGA-EY-A1GL-01,,Endometrial/Uterine Cancer,TCGA Tumor,UCEC,Endometrial/Uterine Cancer,-6.23467258,0.276964311
TCGA-B6-A0I2-01,,Breast Cancer,TCGA Tumor,BRCA,Breast Cancer,0.931532946,-1.295621942
TCGA-CV-5443-01,,Head and Neck Cancer,TCGA Tumor,HNSC,Head and Neck Cancer,-5.659690413,1.522728015
TCGA-86-8668-01,,Lung Cancer,TCGA Tumor,LUAD,Lung Cancer,-0.273252878,-2.919861626
TCGA-55-8512-01,,Lung Cancer,TCGA Tumor,LUAD,Lung Cancer,-0.661734495,-2.475180458
TCGA-B0-5712-01,,Kidney Cancer,TCGA Tumor,KIRC,Kidney Cancer,6.284416642,-6.73392732
TCGA-13-0920-01,,Ovarian Cancer,TCGA Tumor,OV,Ovarian Cancer,1.394516614,7.842085768
TCGA-EE-A29S-06,,Skin Cancer,TCGA Tumor,SKCM,Skin Cancer,5.979142633,3.55403464
TCGA-B0-4845-01,,Kidney Cancer,TCGA Tumor,KIRC,Kidney Cancer,6.234559503,-6.871813368
TCGA-67-3770-01,,Lung Cancer,TCGA Tumor,LUAD,Lung Cancer,-0.019692544,-2.622625183
TCGA-CR-6484-01,,Head and Neck Cancer,TCGA Tumor,HNSC,Head and Neck Cancer,-6.554846797,0.663904179
TCGA-CN-6018-01,,Head and Neck Cancer,TCGA Tumor,HNSC,Head and Neck Cancer,-6.096812758,0.687471379
TCGA-D8-A73X-01,,Breast Cancer,TCGA Tumor,BRCA,Breast Cancer,4.683084932,-1.570127438
TCGA-GV-A3JX-01,,Bladder Cancer,TCGA Tumor,BLCA,Bladder Cancer,-3.303503785,-2.632172178
TCGA-50-6592-01,,Lung Cancer,TCGA Tumor,LUAD,Lung Cancer,-1.333921346,-2.051074098
TCGA-BJ-A28V-01,,Thyroid Cancer,TCGA Tumor,THCA,Thyroid Cancer,11.59700152,0.781440545
TCGA-A8-A084-01,,Breast Cancer,TCGA Tumor,BRCA,Breast Cancer,4.674409833,-1.049378704
TCGA-MX-A663-01,,Gastric Cancer,TCGA Tumor,STAD,Gastric Cancer,-4.929633651,-1.979144167
TCGA-29-1702-01,,Ovarian Cancer,TCGA Tumor,OV,Ovarian Cancer,1.392416802,7.7680115
TCGA-B0-4818-01,,Kidney Cancer,TCGA Tumor,KIRC,Kidney Cancer,6.335276094,-6.707025598
TCGA-AR-A24M-01,,Breast Cancer,TCGA Tumor,BRCA,Breast Cancer,4.252552715,-1.50306518
TCGA-BP-4774-01,,Kidney Cancer,TCGA Tumor,KIRC,Kidney Cancer,6.370956388,-6.711827825
TCGA-NC-A5HP-01,,Lung Cancer,TCGA Tumor,LUSC,Lung Cancer,-5.206671271,1.293216516
TCGA-33-4566-01,,Lung Cancer,TCGA Tumor,LUSC,Lung Cancer,-0.916516814,-1.536891054
TCGA-S2-AA1A-01,,Lung Cancer,TCGA Tumor,LUAD,Lung Cancer,-0.898910913,-2.082062553
TCGA-53-7626-01,,Lung Cancer,TCGA Tumor,LUAD,Lung Cancer,-0.247338805,-2.94438393
TCGA-KO-8405-01,,Kidney Cancer,TCGA Tumor,KICH,Kidney Cancer,-3.551183972,5.101716448
TCGA-LN-A4A2-01,,Esophageal Cancer,TCGA Tumor,ESCA,Esophageal Cancer,-5.529440436,1.935008694
TCGA-55-8511-01,,Lung Cancer,TCGA Tumor,LUAD,Lung Cancer,-0.182839367,-2.907287191
TCGA-06-5418-01,,Glioblastoma,TCGA Tumor,GBM,Brain Cancer,1.379202631,-9.071058821
TCGA-A7-A2KD-01,,Breast Cancer,TCGA Tumor,BRCA,Breast Cancer,5.107080903,-1.344629358
TCGA-BA-A6DI-01,,Head and Neck Cancer,TCGA Tumor,HNSC,Head and Neck Cancer,-6.546965632,1.014723886
TCGA-77-A5GH-01,,Lung Cancer,TCGA Tumor,LUSC,Lung Cancer,-5.250188861,0.78317051
TCGA-EB-A3XC-01,,Skin Cancer,TCGA Tumor,SKCM,Skin Cancer,5.301200357,3.897107054
TCGA-4Z-AA83-01,,Bladder Cancer,TCGA Tumor,BLCA,Bladder Cancer,-3.641599688,0.143102695
TCGA-18-5592-01,,Lung Cancer,TCGA Tumor,LUSC,Lung Cancer,-5.259597811,1.982392241
TCGA-34-8454-01,,Lung Cancer,TCGA Tumor,LUSC,Lung Cancer,-5.31320909,1.28930204
TCGA-3E-AAAZ-01,,Pancreatic Cancer,TCGA Tumor,PAAD,Pancreatic Cancer,-2.712412629,-1.992980312
TCGA-BP-4163-01,,Kidney Cancer,TCGA Tumor,KIRC,Kidney Cancer,6.017579522,-5.821165632
TCGA-CV-6951-01,,Head and Neck Cancer,TCGA Tumor,HNSC,Head and Neck Cancer,-5.611107383,2.231855322
TCGA-AR-A252-01,,Breast Cancer,TCGA Tumor,BRCA,Breast Cancer,4.356743541,-1.592761706
TCGA-05-4434-01,,Lung Cancer,TCGA Tumor,LUAD,Lung Cancer,-0.758485231,-2.360809873
TCGA-EL-A3H8-01,,Thyroid Cancer,TCGA Tumor,THCA,Thyroid Cancer,11.3081927,-0.215419065
TCGA-CD-8534-01,,Gastric Cancer,TCGA Tumor,STAD,Gastric Cancer,-4.386832747,-3.470739435
TCGA-AR-A0U2-01,,Breast Cancer,TCGA Tumor,BRCA,Breast Cancer,5.314718213,-1.424173187
TCGA-ZF-AA5N-01,,Bladder Cancer,TCGA Tumor,BLCA,Bladder Cancer,-4.121463809,0.326030512
TCGA-AA-A02K-01,,Colorectal Cancer,TCGA Tumor,COAD,Colon/Colorectal Cancer,-5.828131709,-3.721604418
TCGA-63-7021-01,,Lung Cancer,TCGA Tumor,LUSC,Lung Cancer,-6.083453688,2.329227854
TCGA-23-1114-01,,Ovarian Cancer,TCGA Tumor,OV,Ovarian Cancer,1.432574716,7.77683251
TCGA-85-7698-01,,Lung Cancer,TCGA Tumor,LUSC,Lung Cancer,-5.349878821,2.33667009
TCGA-CK-6748-01,,Colorectal Cancer,TCGA Tumor,COAD,Colon/Colorectal Cancer,-6.125497374,-3.540298532
TCGA-IB-AAUT-01,,Pancreatic Cancer,TCGA Tumor,PAAD,Pancreatic Cancer,-2.424886021,-2.459315847
TCGA-B0-4821-01,,Kidney Cancer,TCGA Tumor,KIRC,Kidney Cancer,6.113671746,-5.341370176
TCGA-FR-A8YC-06,,Skin Cancer,TCGA Tumor,SKCM,Skin Cancer,6.532030072,4.266335894
TCGA-AR-A24L-01,,Breast Cancer,TCGA Tumor,BRCA,Breast Cancer,3.869236675,-1.662472438
TCGA-D3-A5GR-06,,Skin Cancer,TCGA Tumor,SKCM,Skin Cancer,5.116855111,3.485526491
TCGA-D7-8576-01,,Gastric Cancer,TCGA Tumor,STAD,Gastric Cancer,-3.79432157,-3.688545059
TCGA-24-1436-01,,Ovarian Cancer,TCGA Tumor,OV,Ovarian Cancer,1.691850629,8.0659508
TCGA-BR-8368-01,,Gastric Cancer,TCGA Tumor,STAD,Gastric Cancer,-3.941029582,-3.690127682
TCGA-G2-A2EF-01,,Bladder Cancer,TCGA Tumor,BLCA,Bladder Cancer,-5.228633437,0.839083124
TCGA-96-A4JK-01,,Lung Cancer,TCGA Tumor,LUSC,Lung Cancer,-5.44277719,2.589836527
TCGA-BP-4765-01,,Kidney Cancer,TCGA Tumor,KIRC,Kidney Cancer,6.359367814,-6.666470121
TCGA-55-8092-01,,Lung Cancer,TCGA Tumor,LUAD,Lung Cancer,-1.106327567,-2.069825958
TCGA-BR-8284-01,,Gastric Cancer,TCGA Tumor,STAD,Gastric Cancer,-4.351798091,-3.515910219
TCGA-CR-7383-01,,Head and Neck Cancer,TCGA Tumor,HNSC,Head and Neck Cancer,-5.470620189,1.905176092
TCGA-BH-A0E2-01,,Breast Cancer,TCGA Tumor,BRCA,Breast Cancer,3.938577857,-1.740548204
TCGA-WE-A8ZR-06,,Skin Cancer,TCGA Tumor,SKCM,Skin Cancer,5.946304765,3.542921473
TCGA-DJ-A3VF-01,,Thyroid Cancer,TCGA Tumor,THCA,Thyroid Cancer,10.94613883,-0.334665876
TCGA-66-2794-01,,Lung Cancer,TCGA Tumor,LUSC,Lung Cancer,-5.313056979,2.378840614
TCGA-29-1776-01,,Ovarian Cancer,TCGA Tumor,OV,Ovarian Cancer,2.013387647,8.134876658
TCGA-H8-A6C1-01,,Pancreatic Cancer,TCGA Tumor,PAAD,Pancreatic Cancer,-2.993652139,-2.660339187
TCGA-EL-A4KI-01,,Thyroid Cancer,TCGA Tumor,THCA,Thyroid Cancer,11.60799357,0.541990895
TCGA-BH-A18V-01,,Breast Cancer,TCGA Tumor,BRCA,Breast Cancer,0.909440961,-1.408868264
TCGA-D3-A3ML-06,,Skin Cancer,TCGA Tumor,SKCM,Skin Cancer,5.92675015,3.498243977
TCGA-D5-6898-01,,Colorectal Cancer,TCGA Tumor,COAD,Colon/Colorectal Cancer,-5.806296859,-3.586281132
TCGA-EB-A44N-01,,Skin Cancer,TCGA Tumor,SKCM,Skin Cancer,-6.438996348,-0.031422194
TCGA-DJ-A3VM-01,,Thyroid Cancer,TCGA Tumor,THCA,Thyroid Cancer,11.42816493,0.93298303
TCGA-3X-AAV9-01,,Bile Duct Cancer,TCGA Tumor,CHOL,Bile Duct Cancer,-3.056927476,-2.227617096
TCGA-LL-A5YN-01,,Breast Cancer,TCGA Tumor,BRCA,Breast Cancer,4.582513776,-1.575135421
TCGA-56-7222-01,,Lung Cancer,TCGA Tumor,LUSC,Lung Cancer,-5.246806178,1.456202794
TCGA-B6-A0WY-01,,Breast Cancer,TCGA Tumor,BRCA,Breast Cancer,3.982523647,-1.772603344
TCGA-L9-A50W-01,,Lung Cancer,TCGA Tumor,LUAD,Lung Cancer,-0.351792071,-2.832667183
TCGA-EW-A423-01,,Breast Cancer,TCGA Tumor,BRCA,Breast Cancer,4.545629945,-1.368397068
TCGA-39-5028-01,,Lung Cancer,TCGA Tumor,LUSC,Lung Cancer,-6.087855849,1.016412188
TCGA-A6-2685-01,,Colorectal Cancer,TCGA Tumor,COAD,Colon/Colorectal Cancer,-5.716982398,-3.786768745
TCGA-FE-A23A-01,,Thyroid Cancer,TCGA Tumor,THCA,Thyroid Cancer,10.89215323,-0.357676666
TCGA-BP-4756-01,,Kidney Cancer,TCGA Tumor,KIRC,Kidney Cancer,6.024002519,-6.477148126
TCGA-22-5482-01,,Lung Cancer,TCGA Tumor,LUSC,Lung Cancer,-5.630693469,1.475278069
TCGA-55-7281-01,,Lung Cancer,TCGA Tumor,LUAD,Lung Cancer,-0.206745598,-3.120298456
TCGA-24-1923-01,,Ovarian Cancer,TCGA Tumor,OV,Ovarian Cancer,1.418626275,7.948704649
TCGA-A3-3324-01,,Kidney Cancer,TCGA Tumor,KIRC,Kidney Cancer,6.116017308,-6.604856085
TCGA-66-2800-01,,Lung Cancer,TCGA Tumor,LUSC,Lung Cancer,-5.479815516,2.563742329
TCGA-44-7661-01,,Lung Cancer,TCGA Tumor,LUAD,Lung Cancer,-0.09125838,-2.745824169
TCGA-DX-A7EM-01,,Sarcoma,TCGA Tumor,SARC,Sarcoma,1.966870513,1.577127982
TCGA-BB-A5HY-01,,Head and Neck Cancer,TCGA Tumor,HNSC,Head and Neck Cancer,-5.19697145,1.446686913
TCGA-CE-A485-01,,Thyroid Cancer,TCGA Tumor,THCA,Thyroid Cancer,11.38323161,0.082114907
TCGA-VQ-A8P3-01,,Gastric Cancer,TCGA Tumor,STAD,Gastric Cancer,-4.061049971,-3.623437475
TCGA-VR-A8EW-01,,Esophageal Cancer,TCGA Tumor,ESCA,Esophageal Cancer,-6.163970504,2.288067986
TCGA-LN-A9FO-01,,Esophageal Cancer,TCGA Tumor,ESCA,Esophageal Cancer,-5.884426627,1.329644967
TCGA-EB-A24D-01,,Skin Cancer,TCGA Tumor,SKCM,Skin Cancer,6.59790751,4.306258131
TCGA-C8-A12X-01,,Breast Cancer,TCGA Tumor,BRCA,Breast Cancer,5.516901937,-1.565732311
TCGA-KN-8432-01,,Kidney Cancer,TCGA Tumor,KICH,Kidney Cancer,-3.575166974,5.116864611
TCGA-44-2656-01,,Lung Cancer,TCGA Tumor,LUAD,Lung Cancer,-0.021896902,-1.993387293
TCGA-D3-A2JB-06,,Skin Cancer,TCGA Tumor,SKCM,Skin Cancer,5.909807172,3.577505518
TCGA-SG-A6Z7-01,,Sarcoma,TCGA Tumor,SARC,Sarcoma,0.569940847,1.158164431
TCGA-E9-A5UO-01,,Breast Cancer,TCGA Tumor,BRCA,Breast Cancer,5.584996667,-1.703210901
TCGA-DJ-A3VJ-01,,Thyroid Cancer,TCGA Tumor,THCA,Thyroid Cancer,11.39770075,-0.1123535
TCGA-F2-A8YN-01,,Pancreatic Cancer,TCGA Tumor,PAAD,Pancreatic Cancer,-3.260626111,-2.801238369
TCGA-BH-A18U-01,,Breast Cancer,TCGA Tumor,BRCA,Breast Cancer,4.733082738,-1.53070433
TCGA-D3-A3MO-06,,Skin Cancer,TCGA Tumor,SKCM,Skin Cancer,5.060712781,3.439492394
TCGA-BH-A0C0-01,,Breast Cancer,TCGA Tumor,BRCA,Breast Cancer,4.856997934,-1.289693307
TCGA-09-1659-01,,Ovarian Cancer,TCGA Tumor,OV,Ovarian Cancer,1.548675981,7.927497793
TCGA-A8-A09I-01,,Breast Cancer,TCGA Tumor,BRCA,Breast Cancer,5.238940206,-1.403532456
TCGA-KO-8417-01,,Kidney Cancer,TCGA Tumor,KICH,Kidney Cancer,-3.59047893,5.132472445
TCGA-AZ-4616-01,,Colorectal Cancer,TCGA Tumor,COAD,Colon/Colorectal Cancer,-5.693683181,-3.557227205
TCGA-E9-A22D-01,,Breast Cancer,TCGA Tumor,BRCA,Breast Cancer,5.421663728,-1.461960028
TCGA-E2-A1LE-01,,Breast Cancer,TCGA Tumor,BRCA,Breast Cancer,4.110572543,-0.925349008
TCGA-E2-A15F-01,,Breast Cancer,TCGA Tumor,BRCA,Breast Cancer,5.532992807,-1.560301017
TCGA-77-A5GB-01,,Lung Cancer,TCGA Tumor,LUSC,Lung Cancer,-6.369980368,0.594134141
TCGA-B0-5110-01,,Kidney Cancer,TCGA Tumor,KIRC,Kidney Cancer,6.391310659,-6.572764467
TCGA-FE-A235-01,,Thyroid Cancer,TCGA Tumor,THCA,Thyroid Cancer,11.57857558,0.142196369
TCGA-DM-A1HA-01,,Colorectal Cancer,TCGA Tumor,COAD,Colon/Colorectal Cancer,-5.691900286,-3.404342007
TCGA-UY-A9PF-01,,Bladder Cancer,TCGA Tumor,BLCA,Bladder Cancer,-3.617443118,0.099720117
TCGA-A5-A2K4-01,,Endometrial/Uterine Cancer,TCGA Tumor,UCEC,Endometrial/Uterine Cancer,1.299206641,6.72661059
TCGA-BP-4986-01,,Kidney Cancer,TCGA Tumor,KIRC,Kidney Cancer,6.216409173,-5.433186601
TCGA-AJ-A2QM-01,,Endometrial/Uterine Cancer,TCGA Tumor,UCEC,Endometrial/Uterine Cancer,1.450761643,6.663722922
TCGA-AJ-A3BD-01,,Endometrial/Uterine Cancer,TCGA Tumor,UCEC,Endometrial/Uterine Cancer,1.277743485,6.723959852
TCGA-60-2712-01,,Lung Cancer,TCGA Tumor,LUSC,Lung Cancer,-5.299877677,0.815656413
TCGA-77-6842-01,,Lung Cancer,TCGA Tumor,LUSC,Lung Cancer,-5.228899989,1.176239897
TCGA-CV-7423-01,,Head and Neck Cancer,TCGA Tumor,HNSC,Head and Neck Cancer,-6.660513434,0.57193463
TCGA-D8-A27L-01,,Breast Cancer,TCGA Tumor,BRCA,Breast Cancer,4.955777612,-1.582545947
TCGA-05-4426-01,,Lung Cancer,TCGA Tumor,LUAD,Lung Cancer,-0.223209832,-3.146684002
TCGA-BR-7957-01,,Gastric Cancer,TCGA Tumor,STAD,Gastric Cancer,-2.654168877,-1.947690319
TCGA-BR-8371-01,,Gastric Cancer,TCGA Tumor,STAD,Gastric Cancer,-2.387888703,-1.822040867
TCGA-CG-4444-01,,Gastric Cancer,TCGA Tumor,STAD,Gastric Cancer,-5.067531142,-3.545306515
TCGA-A3-3380-01,,Kidney Cancer,TCGA Tumor,KIRC,Kidney Cancer,6.203129258,-5.829724382
TCGA-KO-8413-01,,Kidney Cancer,TCGA Tumor,KICH,Kidney Cancer,-3.547964129,5.097672392
TCGA-E6-A2P9-01,,Endometrial/Uterine Cancer,TCGA Tumor,UCEC,Endometrial/Uterine Cancer,1.481942501,6.507248808
TCGA-64-5815-01,,Lung Cancer,TCGA Tumor,LUAD,Lung Cancer,-0.226355586,-2.746175836
TCGA-69-7761-01,,Lung Cancer,TCGA Tumor,LUAD,Lung Cancer,-3.272126708,-2.937057566
TARGET-50-PALGVY-01,,Kidney Cancer,TCGA Tumor,WT,Kidney Cancer,-4.561064276,7.691907335
TCGA-VQ-A94R-01,,Gastric Cancer,TCGA Tumor,STAD,Gastric Cancer,-3.837307009,-3.780284237
TCGA-55-8299-01,,Lung Cancer,TCGA Tumor,LUAD,Lung Cancer,-1.145191107,-2.027395557
TCGA-HD-7831-01,,Head and Neck Cancer,TCGA Tumor,HNSC,Head and Neck Cancer,-5.85377315,0.542994965
TCGA-C8-A12O-01,,Breast Cancer,TCGA Tumor,BRCA,Breast Cancer,3.969869104,-1.794682335
TCGA-33-4532-01,,Lung Cancer,TCGA Tumor,LUSC,Lung Cancer,-5.400522742,1.770354797
TCGA-13-1505-01,,Ovarian Cancer,TCGA Tumor,OV,Ovarian Cancer,1.322214034,7.790784765
TCGA-95-8494-01,,Lung Cancer,TCGA Tumor,LUAD,Lung Cancer,-0.029194895,-2.943360876
TCGA-DX-A7EI-01,,Sarcoma,TCGA Tumor,SARC,Sarcoma,0.904216733,1.223085095
TCGA-85-A511-01,,Lung Cancer,TCGA Tumor,LUSC,Lung Cancer,-5.495071444,1.998091627
TCGA-BA-4074-01,,Head and Neck Cancer,TCGA Tumor,HNSC,Head and Neck Cancer,-5.649195704,0.602445711
TCGA-QQ-A8VB-01,,Sarcoma,TCGA Tumor,SARC,Sarcoma,0.808627095,1.114064027
TCGA-BP-4347-01,,Kidney Cancer,TCGA Tumor,KIRC,Kidney Cancer,6.299034085,-6.399987768
TCGA-F7-8489-01,,Head and Neck Cancer,TCGA Tumor,HNSC,Head and Neck Cancer,-6.791726146,0.742846001
TCGA-VQ-AA64-01,,Gastric Cancer,TCGA Tumor,STAD,Gastric Cancer,-3.110456738,-2.706095289
TCGA-DM-A280-01,,Colorectal Cancer,TCGA Tumor,COAD,Colon/Colorectal Cancer,-5.823308501,-3.560437988
TCGA-D8-A1XG-01,,Breast Cancer,TCGA Tumor,BRCA,Breast Cancer,4.053452935,-1.731632184
TCGA-AA-3713-01,,Colorectal Cancer,TCGA Tumor,COAD,Colon/Colorectal Cancer,-4.932480845,-3.689475845
TCGA-FS-A4F2-06,,Skin Cancer,TCGA Tumor,SKCM,Skin Cancer,5.513301816,3.473040033
TCGA-55-8301-01,,Lung Cancer,TCGA Tumor,LUAD,Lung Cancer,0.030809816,-2.743659328
TCGA-06-5414-01,,Glioblastoma,TCGA Tumor,GBM,Brain Cancer,1.416445103,-9.279825758
TCGA-DD-AACC-01,,Liver Cancer,TCGA Tumor,LIHC,Liver Cancer,0.772877481,3.823776652
TCGA-C8-A8HQ-01,,Breast Cancer,TCGA Tumor,BRCA,Breast Cancer,4.903639283,-1.500725221
TCGA-D3-A8GM-06,,Skin Cancer,TCGA Tumor,SKCM,Skin Cancer,5.984772172,3.621045281
TCGA-DA-A1I5-06,,Skin Cancer,TCGA Tumor,SKCM,Skin Cancer,5.960424867,3.572702337
TCGA-CV-5434-01,,Head and Neck Cancer,TCGA Tumor,HNSC,Head and Neck Cancer,-5.445477996,2.238095213
TCGA-44-A4SU-01,,Lung Cancer,TCGA Tumor,LUAD,Lung Cancer,-0.414207134,-2.785031389
TCGA-E2-A15M-01,,Breast Cancer,TCGA Tumor,BRCA,Breast Cancer,4.009137359,-1.659000706
TCGA-A8-A083-01,,Breast Cancer,TCGA Tumor,BRCA,Breast Cancer,5.359367337,-1.342583369
TCGA-CQ-6223-01,,Head and Neck Cancer,TCGA Tumor,HNSC,Head and Neck Cancer,-6.588421855,1.593261648
TCGA-DA-A95Z-06,,Skin Cancer,TCGA Tumor,SKCM,Skin Cancer,6.007598844,3.659632851
TCGA-CW-6090-01,,Kidney Cancer,TCGA Tumor,KIRC,Kidney Cancer,6.368560758,-5.477637838
TCGA-39-5019-01,,Lung Cancer,TCGA Tumor,LUSC,Lung Cancer,-5.396289859,2.516219784
TCGA-13-1499-01,,Ovarian Cancer,TCGA Tumor,OV,Ovarian Cancer,1.399759379,7.856321264
TCGA-D7-6818-01,,Gastric Cancer,TCGA Tumor,STAD,Gastric Cancer,-1.296358857,-0.730537247
TCGA-CV-7263-01,,Head and Neck Cancer,TCGA Tumor,HNSC,Head and Neck Cancer,-6.769445452,0.583061267
TCGA-D7-A4YY-01,,Gastric Cancer,TCGA Tumor,STAD,Gastric Cancer,-4.127963099,-3.643517326
TCGA-FY-A3R6-01,,Thyroid Cancer,TCGA Tumor,THCA,Thyroid Cancer,11.33399626,0.80953895
TCGA-ER-A2NC-06,,Skin Cancer,TCGA Tumor,SKCM,Skin Cancer,4.902375665,3.327617813
TCGA-06-5417-01,,Glioblastoma,TCGA Tumor,GBM,Brain Cancer,2.217876044,-10.96177251
TCGA-69-7765-01,,Lung Cancer,TCGA Tumor,LUAD,Lung Cancer,-0.15277085,-3.084873508
TCGA-EE-A2A0-06,,Skin Cancer,TCGA Tumor,SKCM,Skin Cancer,5.630548444,3.558838774
TCGA-DD-A1EF-01,,Liver Cancer,TCGA Tumor,LIHC,Liver Cancer,0.45492052,3.589001585
TCGA-CV-6938-01,,Head and Neck Cancer,TCGA Tumor,HNSC,Head and Neck Cancer,-6.883322749,0.645737339
TCGA-26-5134-01,,Glioblastoma,TCGA Tumor,GBM,Brain Cancer,1.318259206,-9.046177458
TCGA-DD-AACW-01,,Liver Cancer,TCGA Tumor,LIHC,Liver Cancer,0.730231937,3.790068079
TCGA-AC-A3TN-01,,Breast Cancer,TCGA Tumor,BRCA,Breast Cancer,4.410868135,-1.642165135
TCGA-DD-A73A-01,,Liver Cancer,TCGA Tumor,LIHC,Liver Cancer,0.939871159,4.185958315
TCGA-56-8629-01,,Lung Cancer,TCGA Tumor,LUSC,Lung Cancer,-5.470706019,1.484219242
TCGA-A3-A8OW-01,,Kidney Cancer,TCGA Tumor,KIRC,Kidney Cancer,6.329524007,-6.720954965
TCGA-B0-4822-01,,Kidney Cancer,TCGA Tumor,KIRC,Kidney Cancer,6.256246534,-5.369052957
TCGA-BP-4334-01,,Kidney Cancer,TCGA Tumor,KIRC,Kidney Cancer,-3.559594903,5.10344689
TCGA-B0-5696-01,,Kidney Cancer,TCGA Tumor,KIRC,Kidney Cancer,6.172386136,-6.698431085
TCGA-05-4433-01,,Lung Cancer,TCGA Tumor,LUAD,Lung Cancer,-3.35263947,-2.854270529
TCGA-EB-A5UL-06,,Skin Cancer,TCGA Tumor,SKCM,Skin Cancer,5.972684827,3.552143742
TCGA-EL-A3GU-01,,Thyroid Cancer,TCGA Tumor,THCA,Thyroid Cancer,11.13564345,-0.410126071
TCGA-CV-7099-01,,Head and Neck Cancer,TCGA Tumor,HNSC,Head and Neck Cancer,-6.795696292,1.022482384
TCGA-XF-A9SU-01,,Bladder Cancer,TCGA Tumor,BLCA,Bladder Cancer,-3.965116534,0.078584778
TCGA-55-8508-01,,Lung Cancer,TCGA Tumor,LUAD,Lung Cancer,-0.863369379,-2.067591976
TCGA-BC-A10S-01,,Liver Cancer,TCGA Tumor,LIHC,Liver Cancer,1.057019499,4.191697527
TCGA-DK-A3WY-01,,Bladder Cancer,TCGA Tumor,BLCA,Bladder Cancer,-8.557594809,6.937562872
TCGA-B6-A0IC-01,,Breast Cancer,TCGA Tumor,BRCA,Breast Cancer,5.318543878,-1.353607248
TCGA-IQ-A61E-01,,Head and Neck Cancer,TCGA Tumor,HNSC,Head and Neck Cancer,-6.435806308,0.577353765
TCGA-H6-A45N-01,,Pancreatic Cancer,TCGA Tumor,PAAD,Pancreatic Cancer,-2.59236959,-2.402687382
TCGA-56-A5DR-01,,Lung Cancer,TCGA Tumor,LUSC,Lung Cancer,-5.401529822,1.579819251
TCGA-5N-A9KM-01,,Bladder Cancer,TCGA Tumor,BLCA,Bladder Cancer,-3.683918032,-0.037370074
TARGET-50-PAJPEW-01,,Kidney Cancer,TCGA Tumor,WT,Kidney Cancer,-3.963592562,6.758538653
TCGA-24-1431-01,,Ovarian Cancer,TCGA Tumor,OV,Ovarian Cancer,1.683052864,7.814155031
TCGA-A2-A0CW-01,,Breast Cancer,TCGA Tumor,BRCA,Breast Cancer,5.494136777,-1.535981606
TCGA-QK-A6VB-01,,Head and Neck Cancer,TCGA Tumor,HNSC,Head and Neck Cancer,-6.164132628,2.209157158
TCGA-2Y-A9H7-01,,Liver Cancer,TCGA Tumor,LIHC,Liver Cancer,0.643322867,3.666931082
TCGA-A8-A092-01,,Breast Cancer,TCGA Tumor,BRCA,Breast Cancer,4.907502141,-1.491430711
TCGA-CQ-7067-01,,Head and Neck Cancer,TCGA Tumor,HNSC,Head and Neck Cancer,-6.623048339,0.692807425
TCGA-D8-A1XS-01,,Breast Cancer,TCGA Tumor,BRCA,Breast Cancer,4.515017953,-1.723263453
TCGA-AA-3502-01,,Colorectal Cancer,TCGA Tumor,COAD,Colon/Colorectal Cancer,-4.96130279,-3.706965755
TCGA-CC-A9FU-01,,Liver Cancer,TCGA Tumor,LIHC,Liver Cancer,0.400592644,3.54477923
TCGA-BB-7862-01,,Head and Neck Cancer,TCGA Tumor,HNSC,Head and Neck Cancer,-5.472837958,1.925663997
TCGA-HU-A4HB-01,,Gastric Cancer,TCGA Tumor,STAD,Gastric Cancer,-3.82478765,-3.615130495
TCGA-CR-6482-01,,Head and Neck Cancer,TCGA Tumor,HNSC,Head and Neck Cancer,-5.80144361,1.589638282
TCGA-WK-A8XO-01,,Sarcoma,TCGA Tumor,SARC,Sarcoma,1.366873052,1.2358207
TCGA-50-5044-01,,Lung Cancer,TCGA Tumor,LUAD,Lung Cancer,-0.759767208,-1.75971527
TCGA-BH-A18Q-01,,Breast Cancer,TCGA Tumor,BRCA,Breast Cancer,0.930348304,-1.566536259
TCGA-EB-A5KH-06,,Skin Cancer,TCGA Tumor,SKCM,Skin Cancer,6.158333745,3.830234457
TCGA-AO-A12B-01,,Breast Cancer,TCGA Tumor,BRCA,Breast Cancer,5.694469896,-1.594272922
TCGA-BR-A4CS-01,,Gastric Cancer,TCGA Tumor,STAD,Gastric Cancer,-3.677715812,-2.997538637
TCGA-A3-3367-01,,Kidney Cancer,TCGA Tumor,KIRC,Kidney Cancer,6.23507401,-6.821104597
TCGA-A8-A09E-01,,Breast Cancer,TCGA Tumor,BRCA,Breast Cancer,4.656049695,-1.191907238
TCGA-CR-5243-01,,Head and Neck Cancer,TCGA Tumor,HNSC,Head and Neck Cancer,-5.956705127,1.724834968
TCGA-05-4384-01,,Lung Cancer,TCGA Tumor,LUAD,Lung Cancer,-0.883566174,-2.539155077
TCGA-E5-A4TZ-01,,Bladder Cancer,TCGA Tumor,BLCA,Bladder Cancer,-6.401248965,1.895977069
TCGA-2H-A9GL-01,,Esophageal Cancer,TCGA Tumor,ESCA,Esophageal Cancer,-4.434622798,-3.530688356
TCGA-25-1328-01,,Ovarian Cancer,TCGA Tumor,OV,Ovarian Cancer,1.383739498,7.965985228
TCGA-DJ-A3UM-01,,Thyroid Cancer,TCGA Tumor,THCA,Thyroid Cancer,11.14627883,-0.308065157
TCGA-FD-A43N-01,,Bladder Cancer,TCGA Tumor,BLCA,Bladder Cancer,-3.785393271,-0.00189818
TCGA-50-6593-01,,Lung Cancer,TCGA Tumor,LUAD,Lung Cancer,-0.163042757,-3.054682802
TCGA-O1-A52J-01,,Lung Cancer,TCGA Tumor,LUAD,Lung Cancer,-0.337021801,-3.041513752
TCGA-DI-A1BU-01,,Endometrial/Uterine Cancer,TCGA Tumor,UCEC,Endometrial/Uterine Cancer,1.304705885,6.608479429
TCGA-CR-6472-01,,Head and Neck Cancer,TCGA Tumor,HNSC,Head and Neck Cancer,-6.007616553,2.4008631
TCGA-OD-A75X-06,,Skin Cancer,TCGA Tumor,SKCM,Skin Cancer,5.360132184,3.42252915
TCGA-78-7220-01,,Lung Cancer,TCGA Tumor,LUAD,Lung Cancer,-1.359118137,-2.115960192
TCGA-EE-A2GO-06,,Skin Cancer,TCGA Tumor,SKCM,Skin Cancer,4.958268609,3.36543553
TCGA-05-4422-01,,Lung Cancer,TCGA Tumor,LUAD,Lung Cancer,-1.184558067,-2.271895479
TCGA-B0-5692-01,,Kidney Cancer,TCGA Tumor,KIRC,Kidney Cancer,6.163915601,-6.755387853
TCGA-A7-A26F-01,,Breast Cancer,TCGA Tumor,BRCA,Breast Cancer,-4.847724948,-2.4705518
TCGA-EE-A17Z-06,,Skin Cancer,TCGA Tumor,SKCM,Skin Cancer,6.52255198,4.228099276
TCGA-46-3769-01,,Lung Cancer,TCGA Tumor,LUSC,Lung Cancer,0.139028933,-2.323722195
TCGA-EM-A3FN-01,,Thyroid Cancer,TCGA Tumor,THCA,Thyroid Cancer,11.54291197,0.846931685
TCGA-EL-A3GQ-01,,Thyroid Cancer,TCGA Tumor,THCA,Thyroid Cancer,11.1078715,-0.246584277
TCGA-AO-A12F-01,,Breast Cancer,TCGA Tumor,BRCA,Breast Cancer,0.992532101,-1.376787614
TCGA-DX-A3U9-01,,Sarcoma,TCGA Tumor,SARC,Sarcoma,1.984988895,1.5204448
TCGA-DD-A114-01,,Liver Cancer,TCGA Tumor,LIHC,Liver Cancer,0.345581968,3.512572457
TCGA-CK-5913-01,,Colorectal Cancer,TCGA Tumor,COAD,Colon/Colorectal Cancer,-4.98726419,-3.711415123
TCGA-28-2510-01,,Glioblastoma,TCGA Tumor,GBM,Brain Cancer,2.76500341,-9.676305364
TCGA-EW-A1P6-01,,Breast Cancer,TCGA Tumor,BRCA,Breast Cancer,4.936900106,-1.521333526
TCGA-FK-A3SE-01,,Thyroid Cancer,TCGA Tumor,THCA,Thyroid Cancer,11.36724135,-0.169602241
TCGA-E2-A14X-01,,Breast Cancer,TCGA Tumor,BRCA,Breast Cancer,0.935891535,-1.500812959
TCGA-KP-A3W4-01,,Endometrial/Uterine Cancer,TCGA Tumor,UCEC,Endometrial/Uterine Cancer,1.540600386,6.45124333
TCGA-BJ-A45E-01,,Thyroid Cancer,TCGA Tumor,THCA,Thyroid Cancer,10.83585402,-0.0645282
TCGA-BR-8080-01,,Gastric Cancer,TCGA Tumor,STAD,Gastric Cancer,-2.737075362,-1.980702471
TCGA-P3-A6T4-01,,Head and Neck Cancer,TCGA Tumor,HNSC,Head and Neck Cancer,-6.568155322,0.604857076
TCGA-AJ-A3BG-01,,Endometrial/Uterine Cancer,TCGA Tumor,UCEC,Endometrial/Uterine Cancer,1.453782883,6.533502508
TCGA-5N-A9KI-01,,Bladder Cancer,TCGA Tumor,BLCA,Bladder Cancer,-3.404620919,-2.28938372
TCGA-29-1783-01,,Ovarian Cancer,TCGA Tumor,OV,Ovarian Cancer,1.396012511,7.936218191
TCGA-24-1424-01,,Ovarian Cancer,TCGA Tumor,OV,Ovarian Cancer,1.591011968,7.798267771
TCGA-A8-A09Q-01,,Breast Cancer,TCGA Tumor,BRCA,Breast Cancer,5.605996099,-1.67827196
TCGA-AC-A2FF-01,,Breast Cancer,TCGA Tumor,BRCA,Breast Cancer,3.860448327,-1.667322348
TCGA-67-6215-01,,Lung Cancer,TCGA Tumor,LUAD,Lung Cancer,-0.191992912,-3.142885517
TCGA-4N-A93T-01,,Colorectal Cancer,TCGA Tumor,COAD,Colon/Colorectal Cancer,-6.002206836,-3.683981966
TCGA-W5-AA30-01,,Bile Duct Cancer,TCGA Tumor,CHOL,Bile Duct Cancer,-0.1138154,3.022803951
TCGA-FY-A3R9-01,,Thyroid Cancer,TCGA Tumor,THCA,Thyroid Cancer,11.4114556,0.961310733
TCGA-BH-A18J-01,,Breast Cancer,TCGA Tumor,BRCA,Breast Cancer,4.222966161,-1.638268303
TCGA-61-1917-01,,Ovarian Cancer,TCGA Tumor,OV,Ovarian Cancer,1.416819062,7.956407
TCGA-H2-A421-01,,Thyroid Cancer,TCGA Tumor,THCA,Thyroid Cancer,10.92219779,-0.271211248
TCGA-AK-3460-01,,Kidney Cancer,TCGA Tumor,KIRC,Kidney Cancer,6.221673455,-6.828305792
TCGA-KN-8423-01,,Kidney Cancer,TCGA Tumor,KICH,Kidney Cancer,-3.561780963,5.10370772
TCGA-D3-A1Q8-06,,Skin Cancer,TCGA Tumor,SKCM,Skin Cancer,4.998081651,3.409122873
TCGA-DJ-A3UZ-01,,Thyroid Cancer,TCGA Tumor,THCA,Thyroid Cancer,11.48559233,0.617791821
TCGA-L5-A4OF-01,,Esophageal Cancer,TCGA Tumor,ESCA,Esophageal Cancer,-4.953257117,-1.998575758
TCGA-VQ-A927-01,,Gastric Cancer,TCGA Tumor,STAD,Gastric Cancer,-4.085159812,-3.741126131
TCGA-77-6845-01,,Lung Cancer,TCGA Tumor,LUSC,Lung Cancer,-5.614405188,2.166720081
TCGA-C8-A12W-01,,Breast Cancer,TCGA Tumor,BRCA,Breast Cancer,5.343419519,-1.560719084
TCGA-A2-A0YJ-01,,Breast Cancer,TCGA Tumor,BRCA,Breast Cancer,0.911121037,-1.483947347
TCGA-CN-4723-01,,Head and Neck Cancer,TCGA Tumor,HNSC,Head and Neck Cancer,-6.057182345,0.886767496
TCGA-F4-6855-01,,Colorectal Cancer,TCGA Tumor,COAD,Colon/Colorectal Cancer,-6.061551127,-3.653044294
TCGA-BP-5169-01,,Kidney Cancer,TCGA Tumor,KIRC,Kidney Cancer,6.328946557,-5.568290304
TCGA-WD-A7RX-01,,Bile Duct Cancer,TCGA Tumor,CHOL,Bile Duct Cancer,0.228269082,3.433971096
TCGA-DD-AACO-01,,Liver Cancer,TCGA Tumor,LIHC,Liver Cancer,0.925339785,3.860202957
TCGA-CV-A6K2-01,,Head and Neck Cancer,TCGA Tumor,HNSC,Head and Neck Cancer,-6.487838301,0.601235319
TCGA-G3-A3CI-01,,Liver Cancer,TCGA Tumor,LIHC,Liver Cancer,0.995842185,4.186909128
TCGA-78-7156-01,,Lung Cancer,TCGA Tumor,LUAD,Lung Cancer,-0.835726533,-2.659294437
TCGA-A3-A8OX-01,,Kidney Cancer,TCGA Tumor,KIRC,Kidney Cancer,5.980089154,-5.558324407
TCGA-24-1549-01,,Ovarian Cancer,TCGA Tumor,OV,Ovarian Cancer,1.75785419,8.488946367
TCGA-44-6779-01,,Lung Cancer,TCGA Tumor,LUAD,Lung Cancer,-3.257346663,-2.323944877
TCGA-VQ-AA6K-01,,Gastric Cancer,TCGA Tumor,STAD,Gastric Cancer,-3.802893672,-3.705521892
TCGA-10-0938-01,,Ovarian Cancer,TCGA Tumor,OV,Ovarian Cancer,1.958641615,8.227704455
TCGA-30-1718-01,,Ovarian Cancer,TCGA Tumor,OV,Ovarian Cancer,1.507332292,7.829379488
TCGA-24-2280-01,,Ovarian Cancer,TCGA Tumor,OV,Ovarian Cancer,1.477369752,7.861106325
TCGA-DJ-A4UW-01,,Thyroid Cancer,TCGA Tumor,THCA,Thyroid Cancer,11.60700175,0.46397822
TCGA-66-2734-01,,Lung Cancer,TCGA Tumor,LUSC,Lung Cancer,-5.815381083,0.973904182
TCGA-A2-A259-01,,Breast Cancer,TCGA Tumor,BRCA,Breast Cancer,4.086600509,-1.780383061
TCGA-IQ-A61J-01,,Head and Neck Cancer,TCGA Tumor,HNSC,Head and Neck Cancer,-6.610934291,0.479600449
TCGA-BP-4160-01,,Kidney Cancer,TCGA Tumor,KIRC,Kidney Cancer,6.001797643,-6.33310182
TCGA-QG-A5YV-01,,Colorectal Cancer,TCGA Tumor,COAD,Colon/Colorectal Cancer,-6.111531291,-3.68717296
TCGA-DQ-5625-01,,Head and Neck Cancer,TCGA Tumor,HNSC,Head and Neck Cancer,-6.775460753,0.502159704
TCGA-06-5413-01,,Glioblastoma,TCGA Tumor,GBM,Brain Cancer,1.294438687,-9.682760786
TCGA-CV-A45X-01,,Head and Neck Cancer,TCGA Tumor,HNSC,Head and Neck Cancer,-6.585223231,1.338527132
TCGA-ET-A2MZ-01,,Thyroid Cancer,TCGA Tumor,THCA,Thyroid Cancer,11.55162379,0.055655985
TCGA-CZ-5458-01,,Kidney Cancer,TCGA Tumor,KIRC,Kidney Cancer,6.25974175,-5.734839987
TCGA-CM-6166-01,,Colorectal Cancer,TCGA Tumor,COAD,Colon/Colorectal Cancer,-6.139629874,-3.650841068
TCGA-77-A5FZ-01,,Lung Cancer,TCGA Tumor,LUSC,Lung Cancer,-0.976064119,-1.910285186
TCGA-DD-A1EB-01,,Liver Cancer,TCGA Tumor,LIHC,Liver Cancer,0.960184005,4.212611605
TCGA-A7-A3J0-01,,Breast Cancer,TCGA Tumor,BRCA,Breast Cancer,5.917269197,-1.654483031
TCGA-AQ-A1H2-01,,Breast Cancer,TCGA Tumor,BRCA,Breast Cancer,5.482782331,-1.592939686
TCGA-B5-A3S1-01,,Endometrial/Uterine Cancer,TCGA Tumor,UCEC,Endometrial/Uterine Cancer,1.341282394,6.726187159
TCGA-L5-A4OQ-01,,Esophageal Cancer,TCGA Tumor,ESCA,Esophageal Cancer,-4.932140384,-1.988560747
TCGA-AR-A24O-01,,Breast Cancer,TCGA Tumor,BRCA,Breast Cancer,3.777933088,-1.687784504
TCGA-L5-A43C-01,,Esophageal Cancer,TCGA Tumor,ESCA,Esophageal Cancer,-4.285748992,-2.944675516
TCGA-G4-6321-01,,Colorectal Cancer,TCGA Tumor,COAD,Colon/Colorectal Cancer,-4.911444697,-3.715108227
TCGA-DX-A48O-01,,Sarcoma,TCGA Tumor,SARC,Sarcoma,1.967439976,1.543466617
TCGA-06-0646-01,,Glioblastoma,TCGA Tumor,GBM,Brain Cancer,1.210998264,-9.906860899
TCGA-QF-A5YT-01,,Endometrial/Uterine Cancer,TCGA Tumor,UCEC,Endometrial/Uterine Cancer,1.393041339,6.605439593
TCGA-ET-A40T-01,,Thyroid Cancer,TCGA Tumor,THCA,Thyroid Cancer,11.21245429,-0.141246851
TCGA-EI-6513-01,,Colorectal Cancer,TCGA Tumor,READ,Colon/Colorectal Cancer,-5.779236827,-3.591094087
TCGA-04-1347-01,,Ovarian Cancer,TCGA Tumor,OV,Ovarian Cancer,1.330029216,7.80958407
TARGET-50-PAJLTH-01,,Kidney Cancer,TCGA Tumor,WT,Kidney Cancer,-4.599679503,7.733893801
TCGA-DJ-A4V0-01,,Thyroid Cancer,TCGA Tumor,THCA,Thyroid Cancer,11.39178511,0.594134737
TCGA-BH-A1FE-06,,Breast Cancer,TCGA Tumor,BRCA,Breast Cancer,1.821423378,1.496653606
TCGA-D5-6539-01,,Colorectal Cancer,TCGA Tumor,COAD,Colon/Colorectal Cancer,-5.673588786,-3.87451322
TCGA-J8-A3O0-01,,Thyroid Cancer,TCGA Tumor,THCA,Thyroid Cancer,11.58527514,0.72892778
TCGA-85-8352-01,,Lung Cancer,TCGA Tumor,LUSC,Lung Cancer,-0.118649695,-2.726629804
TCGA-DD-AADB-01,,Liver Cancer,TCGA Tumor,LIHC,Liver Cancer,0.559731227,3.645123411
TCGA-WT-AB41-01,,Breast Cancer,TCGA Tumor,BRCA,Breast Cancer,4.037053313,-1.687268089
TCGA-VQ-A923-01,,Gastric Cancer,TCGA Tumor,STAD,Gastric Cancer,-3.901447329,-3.687189888
TCGA-CR-7388-01,,Head and Neck Cancer,TCGA Tumor,HNSC,Head and Neck Cancer,-6.475999865,1.624322702
TCGA-ET-A3DS-01,,Thyroid Cancer,TCGA Tumor,THCA,Thyroid Cancer,11.47015139,0.903608729
TCGA-A8-A0AD-01,,Breast Cancer,TCGA Tumor,BRCA,Breast Cancer,3.712110009,-1.512623857
TCGA-EB-A299-01,,Skin Cancer,TCGA Tumor,SKCM,Skin Cancer,-6.435535941,0.066582371
TCGA-A7-A3J1-01,,Breast Cancer,TCGA Tumor,BRCA,Breast Cancer,4.638713804,-1.489139627
TCGA-A2-A0EQ-01,,Breast Cancer,TCGA Tumor,BRCA,Breast Cancer,4.246175733,-1.727537822
TCGA-BR-8373-01,,Gastric Cancer,TCGA Tumor,STAD,Gastric Cancer,-4.914556536,-2.039682936
TCGA-BP-5004-01,,Kidney Cancer,TCGA Tumor,KIRC,Kidney Cancer,6.222626176,-6.691241812
TCGA-BR-7901-01,,Gastric Cancer,TCGA Tumor,STAD,Gastric Cancer,-2.904000077,-2.376566957
TCGA-91-8499-01,,Lung Cancer,TCGA Tumor,LUAD,Lung Cancer,-1.229925785,-0.643272053
TCGA-D6-6824-01,,Head and Neck Cancer,TCGA Tumor,HNSC,Head and Neck Cancer,-6.08408216,1.539852072
TCGA-FX-A48G-01,,Sarcoma,TCGA Tumor,SARC,Sarcoma,1.377359178,1.240012098
TCGA-JY-A6FG-01,,Esophageal Cancer,TCGA Tumor,ESCA,Esophageal Cancer,-6.538450274,1.045486678
TCGA-91-6836-01,,Lung Cancer,TCGA Tumor,LUAD,Lung Cancer,0.006441024,-2.900821279
TCGA-CM-5344-01,,Colorectal Cancer,TCGA Tumor,COAD,Colon/Colorectal Cancer,-5.900255713,-3.699544023
TCGA-38-7271-01,,Lung Cancer,TCGA Tumor,LUAD,Lung Cancer,-0.189079079,-3.022567104
TCGA-A6-2674-01,,Colorectal Cancer,TCGA Tumor,COAD,Colon/Colorectal Cancer,-4.532675299,-3.307551931
TCGA-AJ-A3BH-01,,Endometrial/Uterine Cancer,TCGA Tumor,UCEC,Endometrial/Uterine Cancer,1.17458066,6.537181307
TCGA-O2-A52Q-01,,Lung Cancer,TCGA Tumor,LUSC,Lung Cancer,0.038898524,-2.561102461
TCGA-LD-A7W6-01,,Breast Cancer,TCGA Tumor,BRCA,Breast Cancer,4.817114797,-1.425745796
TCGA-2Y-A9H1-01,,Liver Cancer,TCGA Tumor,LIHC,Liver Cancer,1.027739313,3.806940962
TCGA-ER-A19Q-06,,Skin Cancer,TCGA Tumor,SKCM,Skin Cancer,5.920699563,3.726818253
TCGA-CZ-5453-01,,Kidney Cancer,TCGA Tumor,KIRC,Kidney Cancer,6.35986754,-6.279957842
TCGA-ZR-A9CJ-01,,Esophageal Cancer,TCGA Tumor,ESCA,Esophageal Cancer,-3.325087342,-2.184331726
TCGA-HZ-A8P1-01,,Pancreatic Cancer,TCGA Tumor,PAAD,Pancreatic Cancer,-3.751569304,-3.677918028
TCGA-BR-8483-01,,Gastric Cancer,TCGA Tumor,STAD,Gastric Cancer,-4.177579913,-3.266003202
TCGA-AF-4110-01,,Colorectal Cancer,TCGA Tumor,READ,Colon/Colorectal Cancer,-6.090855632,-3.686003279
TCGA-CD-8529-01,,Gastric Cancer,TCGA Tumor,STAD,Gastric Cancer,-4.317396197,-3.569463323
TCGA-DX-A6YV-01,,Sarcoma,TCGA Tumor,SARC,Sarcoma,1.277046468,1.688905049
TCGA-ET-A3BV-01,,Thyroid Cancer,TCGA Tumor,THCA,Thyroid Cancer,11.17594,-0.224904369
TCGA-30-1866-01,,Ovarian Cancer,TCGA Tumor,OV,Ovarian Cancer,1.458978501,8.000301768
TCGA-MM-A563-01,,Kidney Cancer,TCGA Tumor,KIRC,Kidney Cancer,6.153753724,-5.754238676
TCGA-DQ-5630-01,,Head and Neck Cancer,TCGA Tumor,HNSC,Head and Neck Cancer,-6.634304557,0.535241951
TCGA-D3-A1QB-06,,Skin Cancer,TCGA Tumor,SKCM,Skin Cancer,6.81260344,4.528487612
TCGA-CE-A27D-01,,Thyroid Cancer,TCGA Tumor,THCA,Thyroid Cancer,11.31504389,0.439732332
TCGA-A6-6140-01,,Colorectal Cancer,TCGA Tumor,COAD,Colon/Colorectal Cancer,-6.090081725,-3.710877012
TCGA-BH-A1FR-01,,Breast Cancer,TCGA Tumor,BRCA,Breast Cancer,5.954158273,-1.657088708
TCGA-UF-A7JV-01,,Head and Neck Cancer,TCGA Tumor,HNSC,Head and Neck Cancer,-5.458467994,0.556035806
TCGA-BP-5177-01,,Kidney Cancer,TCGA Tumor,KIRC,Kidney Cancer,6.251148668,-5.778447222
TCGA-EL-A4JW-01,,Thyroid Cancer,TCGA Tumor,THCA,Thyroid Cancer,11.46705386,0.592868377
TCGA-B8-4621-01,,Kidney Cancer,TCGA Tumor,KIRC,Kidney Cancer,-0.800656471,7.579492975
TCGA-73-4658-01,,Lung Cancer,TCGA Tumor,LUAD,Lung Cancer,-0.076793704,-2.820274423
TCGA-A8-A08B-01,,Breast Cancer,TCGA Tumor,BRCA,Breast Cancer,4.609739747,-1.209349345
TCGA-A6-A566-01,,Colorectal Cancer,TCGA Tumor,COAD,Colon/Colorectal Cancer,-5.514872584,-3.717572998
TCGA-A6-6141-01,,Colorectal Cancer,TCGA Tumor,COAD,Colon/Colorectal Cancer,-5.060176406,-3.725991796
TCGA-77-A5G7-01,,Lung Cancer,TCGA Tumor,LUSC,Lung Cancer,-5.338285002,2.106963326
TCGA-BF-A3DN-01,,Skin Cancer,TCGA Tumor,SKCM,Skin Cancer,5.111710992,3.433213879
TCGA-ZP-A9CY-01,,Liver Cancer,TCGA Tumor,LIHC,Liver Cancer,1.01478317,4.217123438
TCGA-D8-A1XK-01,,Breast Cancer,TCGA Tumor,BRCA,Breast Cancer,0.860895124,-1.401888918
TCGA-3C-AAAU-01,,Breast Cancer,TCGA Tumor,BRCA,Breast Cancer,5.946745839,-1.662409972
TCGA-86-8076-01,,Lung Cancer,TCGA Tumor,LUAD,Lung Cancer,-0.902235184,-2.204084467
TCGA-BR-4280-01,,Gastric Cancer,TCGA Tumor,STAD,Gastric Cancer,-5.677299533,-3.644744943
TCGA-24-1844-01,,Ovarian Cancer,TCGA Tumor,OV,Ovarian Cancer,1.719807592,8.345965792
TCGA-66-2786-01,,Lung Cancer,TCGA Tumor,LUSC,Lung Cancer,-5.367350611,1.550430466
TCGA-BH-A0BT-01,,Breast Cancer,TCGA Tumor,BRCA,Breast Cancer,4.35858294,-1.431578349
TCGA-VR-AA7I-01,,Esophageal Cancer,TCGA Tumor,ESCA,Esophageal Cancer,-6.589566741,0.522552986
TCGA-AO-A03U-01,,Breast Cancer,TCGA Tumor,BRCA,Breast Cancer,-5.11231235,0.612700452
TCGA-DD-AAVP-01,,Liver Cancer,TCGA Tumor,LIHC,Liver Cancer,1.329975155,3.878108193
TCGA-BR-8362-01,,Gastric Cancer,TCGA Tumor,STAD,Gastric Cancer,-5.23546699,-3.478132318
TCGA-77-8144-01,,Lung Cancer,TCGA Tumor,LUSC,Lung Cancer,-6.96558002,0.674711336
TCGA-BR-A4J8-01,,Gastric Cancer,TCGA Tumor,STAD,Gastric Cancer,-2.67356399,-1.966313671
TCGA-BA-6872-01,,Head and Neck Cancer,TCGA Tumor,HNSC,Head and Neck Cancer,-6.379509005,0.630682636
TCGA-55-6987-01,,Lung Cancer,TCGA Tumor,LUAD,Lung Cancer,-0.991045985,-1.898797463
TCGA-CQ-5325-01,,Head and Neck Cancer,TCGA Tumor,HNSC,Head and Neck Cancer,-6.153253588,0.180246149
TCGA-DJ-A13S-01,,Thyroid Cancer,TCGA Tumor,THCA,Thyroid Cancer,11.42245146,0.919651259
TCGA-FD-A3SP-01,,Bladder Cancer,TCGA Tumor,BLCA,Bladder Cancer,-5.215222869,0.781849016
TCGA-NJ-A4YP-01,,Lung Cancer,TCGA Tumor,LUAD,Lung Cancer,-1.210806522,-2.195049356
TCGA-61-1910-01,,Ovarian Cancer,TCGA Tumor,OV,Ovarian Cancer,1.765308466,8.51627009
TCGA-77-A5G3-01,,Lung Cancer,TCGA Tumor,LUSC,Lung Cancer,-5.792350325,2.498868633
TCGA-B0-5077-01,,Kidney Cancer,TCGA Tumor,KIRC,Kidney Cancer,6.171933618,-6.070323538
TCGA-AR-A1AJ-01,,Breast Cancer,TCGA Tumor,BRCA,Breast Cancer,0.569583025,-1.109479021
TCGA-3A-A9IR-01,,Pancreatic Cancer,TCGA Tumor,PAAD,Pancreatic Cancer,-1.267797146,-0.59564222
TCGA-R6-A6XQ-01,,Esophageal Cancer,TCGA Tumor,ESCA,Esophageal Cancer,-6.564669642,1.250673462
TCGA-MT-A67A-01,,Head and Neck Cancer,TCGA Tumor,HNSC,Head and Neck Cancer,-6.230037246,0.165712547
TCGA-BJ-A2NA-01,,Thyroid Cancer,TCGA Tumor,THCA,Thyroid Cancer,11.1067414,-0.418896567
TCGA-3A-A9IL-01,,Pancreatic Cancer,TCGA Tumor,PAAD,Pancreatic Cancer,-1.272133026,-0.6501518
TCGA-BJ-A0ZG-01,,Thyroid Cancer,TCGA Tumor,THCA,Thyroid Cancer,11.57049223,0.86460184
TCGA-EE-A2GS-06,,Skin Cancer,TCGA Tumor,SKCM,Skin Cancer,5.34396502,3.565615107
TCGA-CD-A4MG-01,,Gastric Cancer,TCGA Tumor,STAD,Gastric Cancer,-4.44784883,-3.445250343
TCGA-BR-8296-01,,Gastric Cancer,TCGA Tumor,STAD,Gastric Cancer,-3.908336673,-3.6229995
TCGA-AR-A2LR-01,,Breast Cancer,TCGA Tumor,BRCA,Breast Cancer,1.029314902,-1.505257319
TCGA-DA-A1HW-06,,Skin Cancer,TCGA Tumor,SKCM,Skin Cancer,5.706646886,3.759383131
TARGET-50-PAKUIT-01,,Kidney Cancer,TCGA Tumor,WT,Kidney Cancer,-4.608191523,7.734149862
TCGA-R6-A6Y0-01,,Esophageal Cancer,TCGA Tumor,ESCA,Esophageal Cancer,-4.291297946,-2.709303449
TARGET-50-PAJNGH-01,,Kidney Cancer,TCGA Tumor,WT,Kidney Cancer,-4.683288607,7.818926264
TCGA-D5-5541-01,,Colorectal Cancer,TCGA Tumor,COAD,Colon/Colorectal Cancer,-5.906672988,-3.643137049
TCGA-18-3412-01,,Lung Cancer,TCGA Tumor,LUSC,Lung Cancer,-5.998158965,2.397642065
TCGA-LL-A7SZ-01,,Breast Cancer,TCGA Tumor,BRCA,Breast Cancer,3.761601892,-1.665982317
TCGA-EM-A1CU-01,,Thyroid Cancer,TCGA Tumor,THCA,Thyroid Cancer,11.35859629,-0.150239106
TCGA-EI-6506-01,,Colorectal Cancer,TCGA Tumor,READ,Colon/Colorectal Cancer,-5.839577708,-3.716811727
TCGA-AM-5821-01,,Colorectal Cancer,TCGA Tumor,COAD,Colon/Colorectal Cancer,-4.045740638,-2.353498529
TCGA-20-0987-01,,Ovarian Cancer,TCGA Tumor,OV,Ovarian Cancer,1.874978986,8.358165194
TCGA-AN-A0G0-01,,Breast Cancer,TCGA Tumor,BRCA,Breast Cancer,0.845676031,-1.32438774
TCGA-HZ-8638-01,,Pancreatic Cancer,TCGA Tumor,PAAD,Pancreatic Cancer,-2.45993689,-2.411920379
TCGA-XF-AAMH-01,,Bladder Cancer,TCGA Tumor,BLCA,Bladder Cancer,-4.925460372,-2.041057419
TCGA-75-5122-01,,Lung Cancer,TCGA Tumor,LUAD,Lung Cancer,-0.021655861,-1.964874338
TCGA-CC-5262-01,,Liver Cancer,TCGA Tumor,LIHC,Liver Cancer,0.982665148,4.076274325
TCGA-85-8584-01,,Lung Cancer,TCGA Tumor,LUSC,Lung Cancer,-1.166398082,-2.274497103
TCGA-50-5931-01,,Lung Cancer,TCGA Tumor,LUAD,Lung Cancer,-5.194367442,0.954797555
TCGA-FR-A8YE-06,,Skin Cancer,TCGA Tumor,SKCM,Skin Cancer,5.178971257,3.482375075
TCGA-13-0804-01,,Ovarian Cancer,TCGA Tumor,OV,Ovarian Cancer,1.948155728,8.290326525
TCGA-DK-A2I2-01,,Bladder Cancer,TCGA Tumor,BLCA,Bladder Cancer,-5.52697185,0.700187255
TCGA-KQ-A41O-01,,Bladder Cancer,TCGA Tumor,BLCA,Bladder Cancer,-3.612456832,0.098698076
TCGA-AN-A03X-01,,Breast Cancer,TCGA Tumor,BRCA,Breast Cancer,3.330105033,-1.274392794
TCGA-59-2355-01,,Ovarian Cancer,TCGA Tumor,OV,Ovarian Cancer,1.937614646,8.314869333
TCGA-AD-6901-01,,Colorectal Cancer,TCGA Tumor,COAD,Colon/Colorectal Cancer,-5.964222464,-3.519716572
TCGA-44-2655-01,,Lung Cancer,TCGA Tumor,LUAD,Lung Cancer,-0.660604629,-2.867054771
TCGA-CM-6161-01,,Colorectal Cancer,TCGA Tumor,COAD,Colon/Colorectal Cancer,-6.160882029,-3.57223184
TCGA-WQ-AB4B-01,,Liver Cancer,TCGA Tumor,LIHC,Liver Cancer,0.994420018,4.122907091
TCGA-E2-A14Q-01,,Breast Cancer,TCGA Tumor,BRCA,Breast Cancer,4.188793626,-1.821481894
TCGA-ES-A2HS-01,,Liver Cancer,TCGA Tumor,LIHC,Liver Cancer,1.015706446,3.884839703
TCGA-DK-A3IM-01,,Bladder Cancer,TCGA Tumor,BLCA,Bladder Cancer,-6.335454974,0.580682028
TCGA-A2-A1FZ-01,,Breast Cancer,TCGA Tumor,BRCA,Breast Cancer,3.868415323,-1.719378899
TCGA-BF-AAP6-01,,Skin Cancer,TCGA Tumor,SKCM,Skin Cancer,5.648591485,3.465560366
TCGA-FB-A5VM-01,,Pancreatic Cancer,TCGA Tumor,PAAD,Pancreatic Cancer,-5.784585032,0.918795694
TCGA-57-1993-01,,Ovarian Cancer,TCGA Tumor,OV,Ovarian Cancer,1.73786017,8.513471056
TCGA-DO-A1K0-01,,Thyroid Cancer,TCGA Tumor,THCA,Thyroid Cancer,11.07003829,-0.45331062
TCGA-IB-7888-01,,Pancreatic Cancer,TCGA Tumor,PAAD,Pancreatic Cancer,-2.195716176,-1.896317314
TCGA-22-1002-01,,Lung Cancer,TCGA Tumor,LUSC,Lung Cancer,-5.325416121,0.776711513
TCGA-G5-6641-01,,Colorectal Cancer,TCGA Tumor,READ,Colon/Colorectal Cancer,-5.836045298,-3.741990637
TCGA-OL-A5D6-01,,Breast Cancer,TCGA Tumor,BRCA,Breast Cancer,4.084014383,-0.920899819
TCGA-39-5011-01,,Lung Cancer,TCGA Tumor,LUSC,Lung Cancer,-0.033924613,-2.60954554
TCGA-15-0742-01,,Glioblastoma,TCGA Tumor,GBM,Brain Cancer,1.241335895,-9.901823591
TCGA-4Z-AA7Q-01,,Bladder Cancer,TCGA Tumor,BLCA,Bladder Cancer,-3.692369971,0.080159704
TCGA-BH-A0B9-01,,Breast Cancer,TCGA Tumor,BRCA,Breast Cancer,0.866288748,-1.438074898
TCGA-73-4668-01,,Lung Cancer,TCGA Tumor,LUAD,Lung Cancer,-0.124290619,-2.94821484
TCGA-CR-5248-01,,Head and Neck Cancer,TCGA Tumor,HNSC,Head and Neck Cancer,-6.066875014,2.152884651
TCGA-AR-A1AQ-01,,Breast Cancer,TCGA Tumor,BRCA,Breast Cancer,0.57367481,-1.46177883
TCGA-85-6798-01,,Lung Cancer,TCGA Tumor,LUSC,Lung Cancer,-5.344192538,2.418857027
TCGA-91-6831-01,,Lung Cancer,TCGA Tumor,LUAD,Lung Cancer,-0.859791074,-2.023822616
TCGA-E8-A438-01,,Thyroid Cancer,TCGA Tumor,THCA,Thyroid Cancer,11.55963084,0.785891701
TCGA-L9-A444-01,,Lung Cancer,TCGA Tumor,LUAD,Lung Cancer,0.011848655,-2.720397066
TCGA-D3-A51F-06,,Skin Cancer,TCGA Tumor,SKCM,Skin Cancer,5.408132043,3.495195557
TCGA-G3-A7M9-01,,Liver Cancer,TCGA Tumor,LIHC,Liver Cancer,0.271523755,3.453738381
TCGA-IH-A3EA-01,,Skin Cancer,TCGA Tumor,SKCM,Skin Cancer,6.045851674,3.644046951
TCGA-5M-AAT5-01,,Colorectal Cancer,TCGA Tumor,COAD,Colon/Colorectal Cancer,-5.920536551,-3.793479513
TCGA-EL-A3CX-01,,Thyroid Cancer,TCGA Tumor,THCA,Thyroid Cancer,1.105790701,6.801852156
TCGA-CQ-6229-01,,Head and Neck Cancer,TCGA Tumor,HNSC,Head and Neck Cancer,-6.886252913,0.617877771
TCGA-CV-6941-01,,Head and Neck Cancer,TCGA Tumor,HNSC,Head and Neck Cancer,-6.249473605,1.192300845
TCGA-IB-7652-01,,Pancreatic Cancer,TCGA Tumor,PAAD,Pancreatic Cancer,-2.937251601,-2.580421518
TCGA-E9-A226-01,,Breast Cancer,TCGA Tumor,BRCA,Breast Cancer,4.517314878,-1.504879903
TCGA-CJ-4920-01,,Kidney Cancer,TCGA Tumor,KIRC,Kidney Cancer,6.237131562,-5.885215353
TCGA-DK-A2I6-01,,Bladder Cancer,TCGA Tumor,BLCA,Bladder Cancer,-5.064711127,0.581256021
TCGA-05-5425-01,,Lung Cancer,TCGA Tumor,LUAD,Lung Cancer,-1.299154553,-2.222239326
TCGA-36-1581-01,,Ovarian Cancer,TCGA Tumor,OV,Ovarian Cancer,1.772576299,8.608866144
TCGA-24-1557-01,,Ovarian Cancer,TCGA Tumor,OV,Ovarian Cancer,1.754796472,8.508836199
TCGA-HU-8608-01,,Gastric Cancer,TCGA Tumor,STAD,Gastric Cancer,-4.046641383,-3.524994921
TCGA-F2-A7TX-01,,Pancreatic Cancer,TCGA Tumor,PAAD,Pancreatic Cancer,-2.954211983,-2.540574859
TCGA-CV-5430-01,,Head and Neck Cancer,TCGA Tumor,HNSC,Head and Neck Cancer,-6.064357791,2.320038963
TCGA-BC-A8YO-01,,Liver Cancer,TCGA Tumor,LIHC,Liver Cancer,0.778117564,3.935550858
TCGA-DA-A1I1-06,,Skin Cancer,TCGA Tumor,SKCM,Skin Cancer,6.65171,4.382047106
TCGA-77-8140-01,,Lung Cancer,TCGA Tumor,LUSC,Lung Cancer,-5.580102,1.834363986
TCGA-A2-A0YC-01,,Breast Cancer,TCGA Tumor,BRCA,Breast Cancer,5.528134313,-1.500484299
TCGA-A2-A4S1-01,,Breast Cancer,TCGA Tumor,BRCA,Breast Cancer,9.912721124,-4.494232248
TCGA-BP-4327-01,,Kidney Cancer,TCGA Tumor,KIRC,Kidney Cancer,6.24860188,-6.331941675
TCGA-44-6775-01,,Lung Cancer,TCGA Tumor,LUAD,Lung Cancer,-0.152372334,-2.418266128
TCGA-AX-A3G9-01,,Endometrial/Uterine Cancer,TCGA Tumor,UCEC,Endometrial/Uterine Cancer,-3.299802813,-2.183847736
TCGA-D3-A51J-06,,Skin Cancer,TCGA Tumor,SKCM,Skin Cancer,5.157455888,3.475989987
TCGA-HZ-8637-01,,Pancreatic Cancer,TCGA Tumor,PAAD,Pancreatic Cancer,-2.200523171,-2.165136885
TCGA-ED-A4XI-01,,Liver Cancer,TCGA Tumor,LIHC,Liver Cancer,1.064800468,4.181875635
TCGA-DK-A6B6-01,,Bladder Cancer,TCGA Tumor,BLCA,Bladder Cancer,-3.625001941,0.088382416
TCGA-75-7025-01,,Lung Cancer,TCGA Tumor,LUAD,Lung Cancer,-0.363406513,-2.824144672
TCGA-BR-4370-01,,Gastric Cancer,TCGA Tumor,STAD,Gastric Cancer,-4.381562266,-3.450723242
TCGA-2Y-A9H3-01,,Liver Cancer,TCGA Tumor,LIHC,Liver Cancer,0.539717209,3.656592299
TCGA-12-0616-01,,Glioblastoma,TCGA Tumor,GBM,Brain Cancer,1.590350476,-9.161028456
TCGA-F2-A44G-01,,Pancreatic Cancer,TCGA Tumor,PAAD,Pancreatic Cancer,-3.233111176,-2.740873169
TCGA-T2-A6X0-01,,Head and Neck Cancer,TCGA Tumor,HNSC,Head and Neck Cancer,-5.687606845,2.48202293
TCGA-HU-A4H6-01,,Gastric Cancer,TCGA Tumor,STAD,Gastric Cancer,-3.817917857,-3.692480635
TCGA-LN-A8HZ-01,,Esophageal Cancer,TCGA Tumor,ESCA,Esophageal Cancer,-5.792517695,2.457202841
TCGA-RD-A7C1-01,,Gastric Cancer,TCGA Tumor,STAD,Gastric Cancer,-4.446538005,-3.480428289
TCGA-DQ-5629-01,,Head and Neck Cancer,TCGA Tumor,HNSC,Head and Neck Cancer,-5.358178649,2.259403397
TCGA-CU-A72E-01,,Bladder Cancer,TCGA Tumor,BLCA,Bladder Cancer,-6.015021357,1.568744827
TCGA-C8-A26W-01,,Breast Cancer,TCGA Tumor,BRCA,Breast Cancer,4.203947988,-1.824213694
TCGA-GM-A2DF-01,,Breast Cancer,TCGA Tumor,BRCA,Breast Cancer,0.990690198,-1.470852922
TCGA-2F-A9KR-01,,Bladder Cancer,TCGA Tumor,BLCA,Bladder Cancer,-3.724654708,0.096621711
TCGA-HZ-7923-01,,Pancreatic Cancer,TCGA Tumor,PAAD,Pancreatic Cancer,-2.309434685,-2.377634596
TCGA-RD-A7BW-01,,Gastric Cancer,TCGA Tumor,STAD,Gastric Cancer,-2.519042287,-1.892074417
TCGA-56-8309-01,,Lung Cancer,TCGA Tumor,LUSC,Lung Cancer,-5.237036261,0.763006259
TCGA-FR-A728-01,,Skin Cancer,TCGA Tumor,SKCM,Skin Cancer,5.849755254,3.408621479
TCGA-24-1471-01,,Ovarian Cancer,TCGA Tumor,OV,Ovarian Cancer,1.880986777,8.024676729
TCGA-DX-AATS-01,,Sarcoma,TCGA Tumor,SARC,Sarcoma,1.333748307,1.219201256
TCGA-77-8139-01,,Lung Cancer,TCGA Tumor,LUSC,Lung Cancer,-5.226439986,1.845965673
TCGA-HU-A4H2-01,,Gastric Cancer,TCGA Tumor,STAD,Gastric Cancer,-3.947894606,-3.698973249
TCGA-CR-7368-01,,Head and Neck Cancer,TCGA Tumor,HNSC,Head and Neck Cancer,-6.443724665,1.604543377
TCGA-D8-A1JH-01,,Breast Cancer,TCGA Tumor,BRCA,Breast Cancer,4.084712472,-1.823462557
TCGA-JV-A5VE-01,,Sarcoma,TCGA Tumor,SARC,Sarcoma,1.911954847,1.645976473
TCGA-05-5429-01,,Lung Cancer,TCGA Tumor,LUAD,Lung Cancer,-3.123019728,-3.018631767
TCGA-QS-A744-01,,Endometrial/Uterine Cancer,TCGA Tumor,UCEC,Endometrial/Uterine Cancer,1.41779038,6.590743948
TCGA-97-7546-01,,Lung Cancer,TCGA Tumor,LUAD,Lung Cancer,-0.170815084,-3.089444231
TCGA-BJ-A3EZ-01,,Thyroid Cancer,TCGA Tumor,THCA,Thyroid Cancer,10.96362921,-0.416743677
TCGA-IG-A625-01,,Esophageal Cancer,TCGA Tumor,ESCA,Esophageal Cancer,-5.984097514,2.418176581
TCGA-A2-A3XT-01,,Breast Cancer,TCGA Tumor,BRCA,Breast Cancer,0.942468908,-1.489559006
TARGET-50-PAKRVH-01,,Kidney Cancer,TCGA Tumor,WT,Kidney Cancer,-4.641405616,7.776483942
TCGA-FT-A61P-01,,Bladder Cancer,TCGA Tumor,BLCA,Bladder Cancer,-3.44418529,-2.092473577
TCGA-EY-A2ON-01,,Endometrial/Uterine Cancer,TCGA Tumor,UCEC,Endometrial/Uterine Cancer,1.273951676,6.595880438
TCGA-28-5215-01,,Glioblastoma,TCGA Tumor,GBM,Brain Cancer,1.301799801,-9.601362776
TCGA-G6-A5PC-01,,Kidney Cancer,TCGA Tumor,KIRC,Kidney Cancer,5.945530381,-5.905010771
TCGA-AO-A1KR-01,,Breast Cancer,TCGA Tumor,BRCA,Breast Cancer,0.665910717,-1.291434358
TCGA-CQ-A4C6-01,,Head and Neck Cancer,TCGA Tumor,HNSC,Head and Neck Cancer,-6.854753051,0.691527594
TCGA-BB-4223-01,,Head and Neck Cancer,TCGA Tumor,HNSC,Head and Neck Cancer,-5.853847537,1.965312053
TCGA-19-2620-01,,Glioblastoma,TCGA Tumor,GBM,Brain Cancer,1.178145077,-9.683887075
TCGA-BP-4999-01,,Kidney Cancer,TCGA Tumor,KIRC,Kidney Cancer,6.279477086,-6.785573076
TCGA-EL-A3T8-01,,Thyroid Cancer,TCGA Tumor,THCA,Thyroid Cancer,11.4726853,-0.038169842
TCGA-EE-A3JI-06,,Skin Cancer,TCGA Tumor,SKCM,Skin Cancer,5.819483724,3.469921995
TCGA-E2-A1IL-01,,Breast Cancer,TCGA Tumor,BRCA,Breast Cancer,4.024557796,-1.608676623
TCGA-BH-A1EW-01,,Breast Cancer,TCGA Tumor,BRCA,Breast Cancer,5.258735147,-1.485557627
TCGA-F5-6813-01,,Colorectal Cancer,TCGA Tumor,READ,Colon/Colorectal Cancer,-6.116864238,-3.768188785
TCGA-DK-A3IQ-01,,Bladder Cancer,TCGA Tumor,BLCA,Bladder Cancer,-3.866306815,-0.50476874
TCGA-CF-A1HR-01,,Bladder Cancer,TCGA Tumor,BLCA,Bladder Cancer,-3.67842916,0.118703489
TCGA-19-1389-02,,Glioblastoma,TCGA Tumor,GBM,Brain Cancer,1.320234385,-9.043785642
TCGA-E9-A3Q9-01,,Breast Cancer,TCGA Tumor,BRCA,Breast Cancer,3.27011725,-1.27130432
TCGA-BH-A0DL-01,,Breast Cancer,TCGA Tumor,BRCA,Breast Cancer,-6.475582156,1.738212515
TCGA-DJ-A2Q7-01,,Thyroid Cancer,TCGA Tumor,THCA,Thyroid Cancer,11.57432887,0.115367879
TCGA-99-7458-01,,Lung Cancer,TCGA Tumor,LUAD,Lung Cancer,-0.220937166,-3.144239734
TCGA-M8-A5N4-01,,Pancreatic Cancer,TCGA Tumor,PAAD,Pancreatic Cancer,-3.254624877,-2.611200641
TCGA-AN-A0AL-01,,Breast Cancer,TCGA Tumor,BRCA,Breast Cancer,0.86449438,-1.37191708
TCGA-UY-A78N-01,,Bladder Cancer,TCGA Tumor,BLCA,Bladder Cancer,-3.785777602,-0.020228605
TCGA-EM-A3ST-01,,Thyroid Cancer,TCGA Tumor,THCA,Thyroid Cancer,11.53590724,0.765098323
TCGA-DX-A8BK-01,,Sarcoma,TCGA Tumor,SARC,Sarcoma,1.170552638,1.241800357
TCGA-67-3772-01,,Lung Cancer,TCGA Tumor,LUAD,Lung Cancer,-0.321581576,-2.788642954
TCGA-04-1514-01,,Ovarian Cancer,TCGA Tumor,OV,Ovarian Cancer,1.425005522,7.814965655
TCGA-B6-A0WW-01,,Breast Cancer,TCGA Tumor,BRCA,Breast Cancer,3.946728912,-1.667163085
TCGA-AR-A1AI-01,,Breast Cancer,TCGA Tumor,BRCA,Breast Cancer,0.842862126,-1.469297599
TCGA-CN-A63V-01,,Head and Neck Cancer,TCGA Tumor,HNSC,Head and Neck Cancer,-5.85888246,0.705864061
TCGA-OL-A5RZ-01,,Breast Cancer,TCGA Tumor,BRCA,Breast Cancer,5.419443097,-1.500655125
TCGA-CR-7397-01,,Head and Neck Cancer,TCGA Tumor,HNSC,Head and Neck Cancer,-6.386537585,0.38060226
TCGA-85-7710-01,,Lung Cancer,TCGA Tumor,LUSC,Lung Cancer,-5.145683322,1.15827768
TCGA-D9-A3Z1-06,,Skin Cancer,TCGA Tumor,SKCM,Skin Cancer,5.991482225,3.6164109
TCGA-D8-A1JL-01,,Breast Cancer,TCGA Tumor,BRCA,Breast Cancer,0.813702073,-1.502326201
TCGA-05-4395-01,,Lung Cancer,TCGA Tumor,LUAD,Lung Cancer,-1.111589584,-2.012809347
TARGET-50-PAECJB-01,,Kidney Cancer,TCGA Tumor,WT,Kidney Cancer,-4.545829806,7.671466757
TCGA-A7-A0DB-01,,Breast Cancer,TCGA Tumor,BRCA,Breast Cancer,3.302047458,-1.260276746
TARGET-50-PAJMFY-01,,Kidney Cancer,TCGA Tumor,WT,Kidney Cancer,-4.624739203,7.76021998
TCGA-ZF-AA56-01,,Bladder Cancer,TCGA Tumor,BLCA,Bladder Cancer,-5.561389956,1.724533368
TCGA-DX-AB35-01,,Sarcoma,TCGA Tumor,SARC,Sarcoma,1.244251516,1.715056945
TCGA-CN-6023-01,,Head and Neck Cancer,TCGA Tumor,HNSC,Head and Neck Cancer,-5.288440261,2.479757715
TCGA-S8-A6BV-01,,Esophageal Cancer,TCGA Tumor,ESCA,Esophageal Cancer,-4.841561351,-2.89906032
TCGA-AK-3440-01,,Kidney Cancer,TCGA Tumor,KIRC,Kidney Cancer,-3.557777676,5.106796194
TCGA-22-4595-01,,Lung Cancer,TCGA Tumor,LUSC,Lung Cancer,-6.006170306,1.031007279
TCGA-AZ-4684-01,,Colorectal Cancer,TCGA Tumor,COAD,Colon/Colorectal Cancer,-5.807258639,-3.658872675
TCGA-AK-3425-01,,Kidney Cancer,TCGA Tumor,KIRC,Kidney Cancer,6.103157487,-5.832511972
TCGA-56-5898-01,,Lung Cancer,TCGA Tumor,LUSC,Lung Cancer,-5.56000093,2.459736515
TCGA-19-2624-01,,Glioblastoma,TCGA Tumor,GBM,Brain Cancer,1.620320883,-9.206509184
TCGA-AX-A3GB-01,,Endometrial/Uterine Cancer,TCGA Tumor,UCEC,Endometrial/Uterine Cancer,1.535403934,6.454893519
TCGA-AR-A1AV-01,,Breast Cancer,TCGA Tumor,BRCA,Breast Cancer,4.927684274,-1.415996026
TCGA-39-5034-01,,Lung Cancer,TCGA Tumor,LUSC,Lung Cancer,-0.865812812,-1.918970059
TCGA-CV-6953-01,,Head and Neck Cancer,TCGA Tumor,HNSC,Head and Neck Cancer,-6.514724765,0.23920304
TCGA-DD-A4NN-01,,Liver Cancer,TCGA Tumor,LIHC,Liver Cancer,0.422886592,3.555756498
TCGA-4Z-AA7Y-01,,Bladder Cancer,TCGA Tumor,BLCA,Bladder Cancer,-3.612504515,0.149483521
TCGA-ET-A39N-01,,Thyroid Cancer,TCGA Tumor,THCA,Thyroid Cancer,11.60649821,0.831614007
TCGA-FV-A496-01,,Liver Cancer,TCGA Tumor,LIHC,Liver Cancer,0.952547875,4.221806933
TCGA-HD-A633-01,,Head and Neck Cancer,TCGA Tumor,HNSC,Head and Neck Cancer,-6.506450209,0.646432806
TCGA-D8-A1JC-01,,Breast Cancer,TCGA Tumor,BRCA,Breast Cancer,4.072197881,-1.903038334
TCGA-BF-A3DM-01,,Skin Cancer,TCGA Tumor,SKCM,Skin Cancer,5.456502881,3.361460377
TCGA-5M-AAT6-01,,Colorectal Cancer,TCGA Tumor,COAD,Colon/Colorectal Cancer,-4.48860744,-3.340333055
TCGA-B0-4842-01,,Kidney Cancer,TCGA Tumor,KIRC,Kidney Cancer,5.989448991,-5.273117613
TCGA-30-1861-01,,Ovarian Cancer,TCGA Tumor,OV,Ovarian Cancer,1.341877129,7.813789297
TCGA-EW-A1OW-01,,Breast Cancer,TCGA Tumor,BRCA,Breast Cancer,1.050422337,-1.548597168
TCGA-58-A46K-01,,Lung Cancer,TCGA Tumor,LUSC,Lung Cancer,-5.242924723,2.418132473
TCGA-DD-AAEH-01,,Liver Cancer,TCGA Tumor,LIHC,Liver Cancer,1.223178473,3.880565096
TCGA-02-0047-01,,Glioblastoma,TCGA Tumor,GBM,Brain Cancer,1.408507791,-9.296353887
TCGA-B6-A2IU-01,,Breast Cancer,TCGA Tumor,BRCA,Breast Cancer,5.315550771,-1.50798304
TCGA-91-7771-01,,Lung Cancer,TCGA Tumor,LUAD,Lung Cancer,-0.810768041,-2.335137676
TCGA-C8-A137-01,,Breast Cancer,TCGA Tumor,BRCA,Breast Cancer,4.131378856,-0.901462268
TCGA-DJ-A2PR-01,,Thyroid Cancer,TCGA Tumor,THCA,Thyroid Cancer,11.25660845,-0.281764578
TCGA-IG-A4P3-01,,Esophageal Cancer,TCGA Tumor,ESCA,Esophageal Cancer,-6.289571318,1.847768236
TCGA-B0-5107-01,,Kidney Cancer,TCGA Tumor,KIRC,Kidney Cancer,6.012056318,-5.476180147
TCGA-29-2414-01,,Ovarian Cancer,TCGA Tumor,OV,Ovarian Cancer,1.339465645,7.847646643
TARGET-50-PAJMEN-01,,Kidney Cancer,TCGA Tumor,WT,Kidney Cancer,-4.595750842,7.729095865
TCGA-55-6984-01,,Lung Cancer,TCGA Tumor,LUAD,Lung Cancer,-3.243049893,-2.894593548
TCGA-C8-A1HN-01,,Breast Cancer,TCGA Tumor,BRCA,Breast Cancer,5.567825761,-1.604177188
TCGA-DX-AB3B-01,,Sarcoma,TCGA Tumor,SARC,Sarcoma,0.130621549,0.869409252
TCGA-ET-A39K-01,,Thyroid Cancer,TCGA Tumor,THCA,Thyroid Cancer,11.3070912,-0.223033469
TARGET-50-PAJNVE-01,,Kidney Cancer,TCGA Tumor,WT,Kidney Cancer,-4.6627498,7.801381041
TCGA-XC-AA0X-01,,Lung Cancer,TCGA Tumor,LUSC,Lung Cancer,-5.660033736,2.4599468
TCGA-BR-8369-01,,Gastric Cancer,TCGA Tumor,STAD,Gastric Cancer,-2.7411311,-1.998671125
TCGA-G2-A2EK-01,,Bladder Cancer,TCGA Tumor,BLCA,Bladder Cancer,-3.69655374,0.107531842
TCGA-CD-A489-01,,Gastric Cancer,TCGA Tumor,STAD,Gastric Cancer,-2.524877105,-1.885914039
TCGA-E2-A1L8-01,,Breast Cancer,TCGA Tumor,BRCA,Breast Cancer,3.85501596,-1.66385002
TCGA-IB-AAUU-01,,Pancreatic Cancer,TCGA Tumor,PAAD,Pancreatic Cancer,-2.894975695,-2.601455044
TCGA-FD-A3SO-01,,Bladder Cancer,TCGA Tumor,BLCA,Bladder Cancer,-5.11241487,0.54046597
TCGA-BP-4344-01,,Kidney Cancer,TCGA Tumor,KIRC,Kidney Cancer,6.350459542,-6.439609598
TCGA-G4-6302-01,,Colorectal Cancer,TCGA Tumor,COAD,Colon/Colorectal Cancer,-2.70039514,-1.970318865
TCGA-09-1665-01,,Ovarian Cancer,TCGA Tumor,OV,Ovarian Cancer,2.09503397,8.225403238
TCGA-KL-8340-01,,Kidney Cancer,TCGA Tumor,KICH,Kidney Cancer,-3.538669619,5.110416342
TCGA-50-8459-01,,Lung Cancer,TCGA Tumor,LUAD,Lung Cancer,-3.004300151,-2.483618807
TARGET-50-PAJNZS-01,,Kidney Cancer,TCGA Tumor,WT,Kidney Cancer,-4.621485266,7.756360937
TCGA-BP-4988-01,,Kidney Cancer,TCGA Tumor,KIRC,Kidney Cancer,6.221731153,-5.394530844
TCGA-F4-6570-01,,Colorectal Cancer,TCGA Tumor,COAD,Colon/Colorectal Cancer,-4.683195147,-3.63405187
TCGA-E3-A3DY-01,,Thyroid Cancer,TCGA Tumor,THCA,Thyroid Cancer,11.13994357,-0.362102072
TCGA-DD-A3A3-01,,Liver Cancer,TCGA Tumor,LIHC,Liver Cancer,0.355482228,3.531943251
TCGA-A7-A26J-01,,Breast Cancer,TCGA Tumor,BRCA,Breast Cancer,3.340214696,-1.277337264
TCGA-YG-AA3O-06,,Skin Cancer,TCGA Tumor,SKCM,Skin Cancer,6.006531205,3.636170317
TCGA-98-8023-01,,Lung Cancer,TCGA Tumor,LUSC,Lung Cancer,-5.212498221,1.020876397
TCGA-EE-A181-06,,Skin Cancer,TCGA Tumor,SKCM,Skin Cancer,5.884927716,3.716456581
TCGA-BH-A0E7-01,,Breast Cancer,TCGA Tumor,BRCA,Breast Cancer,5.320416417,-1.461636018
TCGA-39-5029-01,,Lung Cancer,TCGA Tumor,LUSC,Lung Cancer,-5.41511682,1.635714341
TCGA-BP-4353-01,,Kidney Cancer,TCGA Tumor,KIRC,Kidney Cancer,6.184276548,-5.57875831
TCGA-RB-A7B8-01,,Pancreatic Cancer,TCGA Tumor,PAAD,Pancreatic Cancer,-3.030574355,-2.598192762
TCGA-CV-A6JO-01,,Head and Neck Cancer,TCGA Tumor,HNSC,Head and Neck Cancer,-6.865061793,0.690104235
TCGA-24-1928-01,,Ovarian Cancer,TCGA Tumor,OV,Ovarian Cancer,1.5794377,7.870447565
TCGA-BR-A4QI-01,,Gastric Cancer,TCGA Tumor,STAD,Gastric Cancer,-4.482300315,-3.520921301
TCGA-55-7910-01,,Lung Cancer,TCGA Tumor,LUAD,Lung Cancer,-0.76050559,-2.292275976
TCGA-IM-A420-01,,Thyroid Cancer,TCGA Tumor,THCA,Thyroid Cancer,10.91701552,-0.237412613
TCGA-B0-5693-01,,Kidney Cancer,TCGA Tumor,KIRC,Kidney Cancer,6.35231587,-6.346493315
TCGA-FS-A1ZH-06,,Skin Cancer,TCGA Tumor,SKCM,Skin Cancer,5.028140035,3.426786114
TCGA-69-7980-01,,Lung Cancer,TCGA Tumor,LUAD,Lung Cancer,-0.387065682,-2.769132685
TCGA-77-7465-01,,Lung Cancer,TCGA Tumor,LUSC,Lung Cancer,-5.153562579,0.945131112
TCGA-AQ-A54N-01,,Breast Cancer,TCGA Tumor,BRCA,Breast Cancer,0.990804758,-1.434992265
TCGA-DJ-A2PV-01,,Thyroid Cancer,TCGA Tumor,THCA,Thyroid Cancer,11.59317156,0.115604457
TCGA-4Z-AA7M-01,,Bladder Cancer,TCGA Tumor,BLCA,Bladder Cancer,-3.562478337,-0.225510131
TCGA-BL-A3JM-01,,Bladder Cancer,TCGA Tumor,BLCA,Bladder Cancer,-1.52986947,-0.833889734
TCGA-ZF-AA4U-01,,Bladder Cancer,TCGA Tumor,BLCA,Bladder Cancer,-3.681349311,0.11147666
TCGA-ZF-AA53-01,,Bladder Cancer,TCGA Tumor,BLCA,Bladder Cancer,-5.744959388,0.61633103
TCGA-CF-A9FF-01,,Bladder Cancer,TCGA Tumor,BLCA,Bladder Cancer,-3.630034003,0.098804679
TCGA-77-8131-01,,Lung Cancer,TCGA Tumor,LUSC,Lung Cancer,-6.100961718,1.020557572
TCGA-DJ-A3VK-01,,Thyroid Cancer,TCGA Tumor,THCA,Thyroid Cancer,11.6004357,0.82417642
TCGA-AJ-A2QO-01,,Endometrial/Uterine Cancer,TCGA Tumor,UCEC,Endometrial/Uterine Cancer,1.487381306,6.501544405
TCGA-VQ-A8DU-01,,Gastric Cancer,TCGA Tumor,STAD,Gastric Cancer,-3.678817782,-2.475586962
TCGA-AJ-A3NG-01,,Endometrial/Uterine Cancer,TCGA Tumor,UCEC,Endometrial/Uterine Cancer,1.461884942,6.534867693
TCGA-JY-A6FE-01,,Esophageal Cancer,TCGA Tumor,ESCA,Esophageal Cancer,-0.229231987,1.392716337
TCGA-D8-A73U-01,,Breast Cancer,TCGA Tumor,BRCA,Breast Cancer,4.095842328,-1.151886057
TCGA-EL-A4KD-01,,Thyroid Cancer,TCGA Tumor,THCA,Thyroid Cancer,11.49172732,0.523729284
TCGA-D8-A27N-01,,Breast Cancer,TCGA Tumor,BRCA,Breast Cancer,5.062012639,-1.288652729
TCGA-24-2262-01,,Ovarian Cancer,TCGA Tumor,OV,Ovarian Cancer,1.653332319,7.968924929
TCGA-FE-A238-01,,Thyroid Cancer,TCGA Tumor,THCA,Thyroid Cancer,11.04738471,-0.496184896
TCGA-LL-A8F5-01,,Breast Cancer,TCGA Tumor,BRCA,Breast Cancer,0.359585155,-0.643290948
TCGA-DQ-7595-01,,Head and Neck Cancer,TCGA Tumor,HNSC,Head and Neck Cancer,-6.199426207,2.096731831
TCGA-LN-A7HW-01,,Esophageal Cancer,TCGA Tumor,ESCA,Esophageal Cancer,-5.382896933,2.281581808
TCGA-22-5472-01,,Lung Cancer,TCGA Tumor,LUSC,Lung Cancer,-5.816720042,1.52545755
TCGA-CR-7371-01,,Head and Neck Cancer,TCGA Tumor,HNSC,Head and Neck Cancer,-5.89163259,2.332950522
TCGA-L5-A88Z-01,,Esophageal Cancer,TCGA Tumor,ESCA,Esophageal Cancer,-6.035725627,2.40710776
TCGA-09-1661-01,,Ovarian Cancer,TCGA Tumor,OV,Ovarian Cancer,1.36990377,7.904222895
TCGA-DK-A3IV-01,,Bladder Cancer,TCGA Tumor,BLCA,Bladder Cancer,-3.644228015,-0.513006281
TCGA-BP-4174-01,,Kidney Cancer,TCGA Tumor,KIRC,Kidney Cancer,6.1751475,-6.315384935
TCGA-CV-5973-01,,Head and Neck Cancer,TCGA Tumor,HNSC,Head and Neck Cancer,-6.518003497,0.36694013
TCGA-WE-A8K5-06,,Skin Cancer,TCGA Tumor,SKCM,Skin Cancer,5.874112096,3.562800814
TCGA-KS-A4I7-01,,Thyroid Cancer,TCGA Tumor,THCA,Thyroid Cancer,11.23609778,-0.27721725
TCGA-FJ-A3Z9-01,,Bladder Cancer,TCGA Tumor,BLCA,Bladder Cancer,-3.642166171,0.055476987
TCGA-C8-A8HP-01,,Breast Cancer,TCGA Tumor,BRCA,Breast Cancer,4.489691701,-1.200781773
TCGA-CV-A6K1-01,,Head and Neck Cancer,TCGA Tumor,HNSC,Head and Neck Cancer,-6.28987268,0.140369896
TCGA-CN-5358-01,,Head and Neck Cancer,TCGA Tumor,HNSC,Head and Neck Cancer,-6.37721971,0.181056802
TCGA-BH-A6R8-01,,Breast Cancer,TCGA Tumor,BRCA,Breast Cancer,5.687009301,-1.618845056
TCGA-AK-3426-01,,Kidney Cancer,TCGA Tumor,KIRC,Kidney Cancer,6.25155541,-5.312557768
TCGA-FR-A3R1-01,,Skin Cancer,TCGA Tumor,SKCM,Skin Cancer,5.839597192,3.473874737
TCGA-BH-A202-01,,Breast Cancer,TCGA Tumor,BRCA,Breast Cancer,4.446902242,-1.096583079
TCGA-19-0957-02,,Glioblastoma,TCGA Tumor,GBM,Brain Cancer,1.605451908,-9.162832807
TCGA-EB-A430-01,,Skin Cancer,TCGA Tumor,SKCM,Skin Cancer,5.893566098,3.531124283
TCGA-XF-AAMT-01,,Bladder Cancer,TCGA Tumor,BLCA,Bladder Cancer,-5.216873202,0.995102752
TARGET-50-PAKXWB-01,,Kidney Cancer,TCGA Tumor,WT,Kidney Cancer,-4.587639365,7.720138003
TCGA-77-8150-01,,Lung Cancer,TCGA Tumor,LUSC,Lung Cancer,-5.348636184,2.464312483
TCGA-DQ-7588-01,,Head and Neck Cancer,TCGA Tumor,HNSC,Head and Neck Cancer,-6.874320063,0.625309397
TCGA-D3-A2JP-06,,Skin Cancer,TCGA Tumor,SKCM,Skin Cancer,5.337738481,3.502714087
TCGA-13-1498-01,,Ovarian Cancer,TCGA Tumor,OV,Ovarian Cancer,1.612938252,7.944645334
TCGA-CE-A13K-01,,Thyroid Cancer,TCGA Tumor,THCA,Thyroid Cancer,11.59178778,0.147042033
TCGA-50-5939-01,,Lung Cancer,TCGA Tumor,LUAD,Lung Cancer,-1.08760551,-1.979296755
TCGA-OL-A5RY-01,,Breast Cancer,TCGA Tumor,BRCA,Breast Cancer,0.782525,-1.061531257
TCGA-78-7143-01,,Lung Cancer,TCGA Tumor,LUAD,Lung Cancer,-0.160130713,-3.108056377
TCGA-XF-A8HB-01,,Bladder Cancer,TCGA Tumor,BLCA,Bladder Cancer,-3.845294509,0.194877152
TCGA-EM-A1CT-01,,Thyroid Cancer,TCGA Tumor,THCA,Thyroid Cancer,10.980329,-0.595033001
TCGA-CR-7390-01,,Head and Neck Cancer,TCGA Tumor,HNSC,Head and Neck Cancer,-6.330451999,1.375791479
TCGA-BP-4795-01,,Kidney Cancer,TCGA Tumor,KIRC,Kidney Cancer,0.927839782,6.613393236
TCGA-BT-A0S7-01,,Bladder Cancer,TCGA Tumor,BLCA,Bladder Cancer,-5.359662566,0.783448626
TCGA-CN-5364-01,,Head and Neck Cancer,TCGA Tumor,HNSC,Head and Neck Cancer,-6.550787482,1.007640589
TCGA-75-5126-01,,Lung Cancer,TCGA Tumor,LUAD,Lung Cancer,0.01568937,-2.843696426
TCGA-HV-A5A4-01,,Pancreatic Cancer,TCGA Tumor,PAAD,Pancreatic Cancer,-3.17534903,-2.744988035
TCGA-OL-A66I-01,,Breast Cancer,TCGA Tumor,BRCA,Breast Cancer,0.958900717,-1.568996977
TCGA-BP-4346-01,,Kidney Cancer,TCGA Tumor,KIRC,Kidney Cancer,6.067220178,-6.644245218
TCGA-FD-A5C1-01,,Bladder Cancer,TCGA Tumor,BLCA,Bladder Cancer,-5.25229362,0.721312929
TCGA-FE-A233-01,,Thyroid Cancer,TCGA Tumor,THCA,Thyroid Cancer,10.99349638,-0.605535399
TCGA-50-6594-01,,Lung Cancer,TCGA Tumor,LUAD,Lung Cancer,0.074548629,-2.760661672
TCGA-ER-A195-06,,Skin Cancer,TCGA Tumor,SKCM,Skin Cancer,5.003278222,3.402751137
TCGA-DX-A1KX-01,,Sarcoma,TCGA Tumor,SARC,Sarcoma,1.271034565,1.709901858
TCGA-CV-7438-01,,Head and Neck Cancer,TCGA Tumor,HNSC,Head and Neck Cancer,-6.322236094,0.485663046
TCGA-CQ-6222-01,,Head and Neck Cancer,TCGA Tumor,HNSC,Head and Neck Cancer,-6.414729152,0.17905492
TCGA-C8-A12V-01,,Breast Cancer,TCGA Tumor,BRCA,Breast Cancer,0.923893001,-1.402465175
TCGA-46-3765-01,,Lung Cancer,TCGA Tumor,LUSC,Lung Cancer,-5.33053926,2.46625321
TCGA-32-1982-01,,Glioblastoma,TCGA Tumor,GBM,Brain Cancer,1.361609068,-9.203434538
TCGA-A7-A26E-01,,Breast Cancer,TCGA Tumor,BRCA,Breast Cancer,3.334185329,-1.259190749
TCGA-G5-6572-01,,Colorectal Cancer,TCGA Tumor,READ,Colon/Colorectal Cancer,-6.037076983,-3.387746166
TCGA-G5-6572-02,,Colorectal Cancer,TCGA Tumor,READ,Colon/Colorectal Cancer,0.552378368,3.600237299
TCGA-AO-A03N-01,,Breast Cancer,TCGA Tumor,BRCA,Breast Cancer,3.837223735,-1.566079925
TCGA-MP-A5C7-01,,Lung Cancer,TCGA Tumor,LUAD,Lung Cancer,-0.573125336,-2.92975099
TARGET-50-PAJNCJ-01,,Kidney Cancer,TCGA Tumor,WT,Kidney Cancer,-4.59037641,7.724903036
TCGA-B0-5094-01,,Kidney Cancer,TCGA Tumor,KIRC,Kidney Cancer,6.132530656,-5.338134359
TCGA-DX-A48N-01,,Sarcoma,TCGA Tumor,SARC,Sarcoma,1.265467134,1.706922461
TCGA-EE-A2A2-06,,Skin Cancer,TCGA Tumor,SKCM,Skin Cancer,5.977797952,3.509923149
TCGA-ZP-A9D4-01,,Liver Cancer,TCGA Tumor,LIHC,Liver Cancer,1.354336944,3.833729674
TCGA-CE-A3MD-01,,Thyroid Cancer,TCGA Tumor,THCA,Thyroid Cancer,11.36736342,0.385172028
TCGA-44-5645-01,,Lung Cancer,TCGA Tumor,LUAD,Lung Cancer,-0.24763498,-2.617711376
TCGA-BH-A0HO-01,,Breast Cancer,TCGA Tumor,BRCA,Breast Cancer,4.195767369,-1.864127468
TCGA-CV-A45U-01,,Head and Neck Cancer,TCGA Tumor,HNSC,Head and Neck Cancer,-5.649744544,2.374071289
TCGA-24-2267-01,,Ovarian Cancer,TCGA Tumor,OV,Ovarian Cancer,1.720247474,8.449307848
TCGA-NH-A6GA-01,,Colorectal Cancer,TCGA Tumor,COAD,Colon/Colorectal Cancer,-5.673408541,-3.415512394
TCGA-UF-A719-01,,Head and Neck Cancer,TCGA Tumor,HNSC,Head and Neck Cancer,-6.160058055,2.212571789
TCGA-AR-A1AN-01,,Breast Cancer,TCGA Tumor,BRCA,Breast Cancer,3.777362313,-1.662605118
TCGA-04-1362-01,,Ovarian Cancer,TCGA Tumor,OV,Ovarian Cancer,1.795331803,8.483375002
TCGA-CQ-6224-01,,Head and Neck Cancer,TCGA Tumor,HNSC,Head and Neck Cancer,-6.184152159,0.445757766
TCGA-A8-A09X-01,,Breast Cancer,TCGA Tumor,BRCA,Breast Cancer,4.103096214,-0.901749145
TCGA-61-1911-01,,Ovarian Cancer,TCGA Tumor,OV,Ovarian Cancer,1.768032756,8.440953661
TCGA-AR-A254-01,,Breast Cancer,TCGA Tumor,BRCA,Breast Cancer,4.322291579,-1.035703729
TCGA-AA-3655-01,,Colorectal Cancer,TCGA Tumor,COAD,Colon/Colorectal Cancer,-6.128488097,-3.667217087
TCGA-67-6217-01,,Lung Cancer,TCGA Tumor,LUAD,Lung Cancer,-0.311359737,-3.055169176
TCGA-50-5935-01,,Lung Cancer,TCGA Tumor,LUAD,Lung Cancer,-0.430653009,-2.830123972
TCGA-55-7914-01,,Lung Cancer,TCGA Tumor,LUAD,Lung Cancer,-0.176478598,-2.774384569
TCGA-DX-A7ES-01,,Sarcoma,TCGA Tumor,SARC,Sarcoma,1.191483822,1.202398707
TCGA-BH-A0HL-01,,Breast Cancer,TCGA Tumor,BRCA,Breast Cancer,5.986652818,-1.649496387
TCGA-DX-A6BF-01,,Sarcoma,TCGA Tumor,SARC,Sarcoma,1.297002521,1.344352771
TCGA-HU-A4GF-01,,Gastric Cancer,TCGA Tumor,STAD,Gastric Cancer,-5.582481894,-3.585569691
TCGA-A6-6652-01,,Colorectal Cancer,TCGA Tumor,COAD,Colon/Colorectal Cancer,-5.92822555,-3.497922491
TCGA-85-A50M-01,,Lung Cancer,TCGA Tumor,LUSC,Lung Cancer,-5.082151923,0.656599332
TCGA-KN-8437-01,,Kidney Cancer,TCGA Tumor,KICH,Kidney Cancer,-3.451938901,5.033658911
TCGA-CQ-7065-01,,Head and Neck Cancer,TCGA Tumor,HNSC,Head and Neck Cancer,-6.877266917,0.63738345
TCGA-QK-AA3K-01,,Head and Neck Cancer,TCGA Tumor,HNSC,Head and Neck Cancer,0.91954216,0.831876386
TCGA-AC-A3HN-01,,Breast Cancer,TCGA Tumor,BRCA,Breast Cancer,4.233219114,-1.411193203
TCGA-A3-A6NJ-01,,Kidney Cancer,TCGA Tumor,KIRC,Kidney Cancer,6.352005449,-6.631523203
TCGA-55-7576-01,,Lung Cancer,TCGA Tumor,LUAD,Lung Cancer,-0.15616456,-3.104809831
TCGA-BH-A0H7-01,,Breast Cancer,TCGA Tumor,BRCA,Breast Cancer,3.920778003,-1.425332974
TCGA-ED-A7XO-01,,Liver Cancer,TCGA Tumor,LIHC,Liver Cancer,0.857698556,4.158501555
TARGET-50-PALDWP-01,,Kidney Cancer,TCGA Tumor,WT,Kidney Cancer,-4.636969123,7.771699358
TCGA-DC-6155-01,,Colorectal Cancer,TCGA Tumor,READ,Colon/Colorectal Cancer,-6.213532481,0.086661406
TCGA-AC-A6IW-01,,Breast Cancer,TCGA Tumor,BRCA,Breast Cancer,0.731077072,-1.34062631
TCGA-ER-A199-06,,Skin Cancer,TCGA Tumor,SKCM,Skin Cancer,5.501907315,3.651045967
TCGA-JY-A938-01,,Esophageal Cancer,TCGA Tumor,ESCA,Esophageal Cancer,-3.001573834,-2.31365354
TCGA-DX-A48J-01,,Sarcoma,TCGA Tumor,SARC,Sarcoma,1.940869775,1.55043881
TCGA-UF-A71A-06,,Head and Neck Cancer,TCGA Tumor,HNSC,Head and Neck Cancer,-5.282773528,2.368114639
TCGA-BM-6198-01,,Colorectal Cancer,TCGA Tumor,READ,Colon/Colorectal Cancer,-6.010437999,-3.757968973
TCGA-ZP-A9D0-01,,Liver Cancer,TCGA Tumor,LIHC,Liver Cancer,1.04509553,4.172831465
TCGA-EE-A2A6-06,,Skin Cancer,TCGA Tumor,SKCM,Skin Cancer,5.618466821,3.54535215
TCGA-JY-A6FD-01,,Esophageal Cancer,TCGA Tumor,ESCA,Esophageal Cancer,-6.497750315,0.59798633
TCGA-44-2666-01,,Lung Cancer,TCGA Tumor,LUAD,Lung Cancer,-0.06390557,-1.99824674
TCGA-BF-A1PU-01,,Skin Cancer,TCGA Tumor,SKCM,Skin Cancer,5.994337526,3.697542359
TCGA-55-7284-01,,Lung Cancer,TCGA Tumor,LUAD,Lung Cancer,-3.249088559,-2.735065054
TCGA-BP-4781-01,,Kidney Cancer,TCGA Tumor,KIRC,Kidney Cancer,6.181302514,-5.478709768
TCGA-EO-A3AV-01,,Endometrial/Uterine Cancer,TCGA Tumor,UCEC,Endometrial/Uterine Cancer,1.214853015,6.648157049
TCGA-DJ-A3UO-01,,Thyroid Cancer,TCGA Tumor,THCA,Thyroid Cancer,11.50939604,-0.01212712
TCGA-06-0747-01,,Glioblastoma,TCGA Tumor,GBM,Brain Cancer,1.226455476,-9.885067533
TCGA-73-4676-01,,Lung Cancer,TCGA Tumor,LUAD,Lung Cancer,-0.020539526,-2.970830034
TCGA-D3-A2JE-06,,Skin Cancer,TCGA Tumor,SKCM,Skin Cancer,5.191478696,3.523727585
TCGA-55-8616-01,,Lung Cancer,TCGA Tumor,LUAD,Lung Cancer,-0.411704275,-2.898851465
TCGA-CR-7386-01,,Head and Neck Cancer,TCGA Tumor,HNSC,Head and Neck Cancer,-6.634096179,0.424225051
TCGA-D9-A6EA-06,,Skin Cancer,TCGA Tumor,SKCM,Skin Cancer,5.734607187,3.613978554
TCGA-FD-A3B4-01,,Bladder Cancer,TCGA Tumor,BLCA,Bladder Cancer,-6.541862998,0.579341043
TCGA-20-0991-01,,Ovarian Cancer,TCGA Tumor,OV,Ovarian Cancer,1.73836824,8.49574988
TCGA-OL-A6VO-01,,Breast Cancer,TCGA Tumor,BRCA,Breast Cancer,0.910744634,-1.531511854
TCGA-AC-A23E-01,,Breast Cancer,TCGA Tumor,BRCA,Breast Cancer,3.823653188,-1.66437013
TCGA-DX-A2J4-01,,Sarcoma,TCGA Tumor,SARC,Sarcoma,1.275058832,1.225871731
TCGA-CV-6936-01,,Head and Neck Cancer,TCGA Tumor,HNSC,Head and Neck Cancer,-6.39111999,0.770737041
TCGA-IN-A6RS-01,,Gastric Cancer,TCGA Tumor,STAD,Gastric Cancer,-5.712274585,-3.59122784
TCGA-30-1853-01,,Ovarian Cancer,TCGA Tumor,OV,Ovarian Cancer,1.281323996,7.756712366
TCGA-78-7166-01,,Lung Cancer,TCGA Tumor,LUAD,Lung Cancer,-1.235265407,-2.258948635
TCGA-BJ-A45K-01,,Thyroid Cancer,TCGA Tumor,THCA,Thyroid Cancer,11.5645909,0.827634681
TCGA-A2-A0CU-01,,Breast Cancer,TCGA Tumor,BRCA,Breast Cancer,5.537827459,-1.628756117
TCGA-83-5908-01,,Lung Cancer,TCGA Tumor,LUAD,Lung Cancer,-0.07441971,-2.703639101
TCGA-IG-A6QS-01,,Esophageal Cancer,TCGA Tumor,ESCA,Esophageal Cancer,-5.427841697,1.188127805
TCGA-50-5049-01,,Lung Cancer,TCGA Tumor,LUAD,Lung Cancer,0.043271419,-2.603088211
TCGA-IG-A7DP-01,,Esophageal Cancer,TCGA Tumor,ESCA,Esophageal Cancer,-2.691327843,-1.937225412
TCGA-IQ-7631-01,,Head and Neck Cancer,TCGA Tumor,HNSC,Head and Neck Cancer,-5.490387473,0.953669478
TCGA-EE-A3J8-06,,Skin Cancer,TCGA Tumor,SKCM,Skin Cancer,5.112621274,3.484006096
TCGA-L5-A4OI-01,,Esophageal Cancer,TCGA Tumor,ESCA,Esophageal Cancer,-4.679285083,-3.544790815
TCGA-D3-A8GS-06,,Skin Cancer,TCGA Tumor,SKCM,Skin Cancer,5.783405271,3.471624066
TCGA-55-8506-01,,Lung Cancer,TCGA Tumor,LUAD,Lung Cancer,-0.434722516,-2.973708223
TCGA-CN-6012-01,,Head and Neck Cancer,TCGA Tumor,HNSC,Head and Neck Cancer,-6.096175704,2.344533135
TCGA-A8-A09W-01,,Breast Cancer,TCGA Tumor,BRCA,Breast Cancer,4.603655782,-1.415738653
TCGA-AX-A2IN-01,,Endometrial/Uterine Cancer,TCGA Tumor,UCEC,Endometrial/Uterine Cancer,-1.31651834,-0.710101913
TCGA-29-1707-02,,Ovarian Cancer,TCGA Tumor,OV,Ovarian Cancer,1.808757391,8.598690439
TCGA-B6-A0IM-01,,Breast Cancer,TCGA Tumor,BRCA,Breast Cancer,5.670290437,-1.710617017
TCGA-44-3396-01,,Lung Cancer,TCGA Tumor,LUAD,Lung Cancer,-0.035313073,-2.961615394
TCGA-HU-A4GU-01,,Gastric Cancer,TCGA Tumor,STAD,Gastric Cancer,-5.526630435,-3.55676205
TCGA-BP-5010-01,,Kidney Cancer,TCGA Tumor,KIRC,Kidney Cancer,6.27390429,-5.328810762
TCGA-B0-5116-01,,Kidney Cancer,TCGA Tumor,KIRC,Kidney Cancer,6.270880666,-5.576642107
TCGA-24-2289-01,,Ovarian Cancer,TCGA Tumor,OV,Ovarian Cancer,1.799734202,7.948272635
TCGA-97-8172-01,,Lung Cancer,TCGA Tumor,LUAD,Lung Cancer,-0.37454519,-2.768819164
TCGA-A2-A1FX-01,,Breast Cancer,TCGA Tumor,BRCA,Breast Cancer,5.675908056,-1.695384811
TCGA-BR-4366-01,,Gastric Cancer,TCGA Tumor,STAD,Gastric Cancer,0.617384073,4.025111843
TCGA-BH-A1F0-01,,Breast Cancer,TCGA Tumor,BRCA,Breast Cancer,0.922532048,-1.416138004
TCGA-AC-A5EH-01,,Breast Cancer,TCGA Tumor,BRCA,Breast Cancer,4.105633226,-0.904942881
TCGA-F4-6459-01,,Colorectal Cancer,TCGA Tumor,COAD,Colon/Colorectal Cancer,-6.041236434,-3.337369512
TCGA-4Z-AA86-01,,Bladder Cancer,TCGA Tumor,BLCA,Bladder Cancer,-5.302160773,0.717736472
TCGA-JY-A6FH-01,,Esophageal Cancer,TCGA Tumor,ESCA,Esophageal Cancer,-3.59364346,-3.190512489
TCGA-BP-4161-01,,Kidney Cancer,TCGA Tumor,KIRC,Kidney Cancer,6.226786103,-6.78200538
TCGA-EM-A22J-01,,Thyroid Cancer,TCGA Tumor,THCA,Thyroid Cancer,11.40057417,0.960302044
TCGA-85-8481-01,,Lung Cancer,TCGA Tumor,LUSC,Lung Cancer,-5.533573661,1.294330765
TCGA-B0-5098-01,,Kidney Cancer,TCGA Tumor,KIRC,Kidney Cancer,-0.653945002,7.536580015
TCGA-MK-A84Z-01,,Thyroid Cancer,TCGA Tumor,THCA,Thyroid Cancer,11.55633208,0.819416989
TCGA-T9-A92H-01,,Colorectal Cancer,TCGA Tumor,COAD,Colon/Colorectal Cancer,-5.696530852,-3.773142885
TCGA-50-6597-01,,Lung Cancer,TCGA Tumor,LUAD,Lung Cancer,-0.194090459,-3.019871305
TCGA-69-8255-01,,Lung Cancer,TCGA Tumor,LUAD,Lung Cancer,0.19560149,3.380560089
TCGA-DD-AACY-01,,Liver Cancer,TCGA Tumor,LIHC,Liver Cancer,1.000491228,4.182597567
TCGA-DD-AADW-01,,Liver Cancer,TCGA Tumor,LIHC,Liver Cancer,0.372910584,3.540805508
TCGA-EW-A1PD-01,,Breast Cancer,TCGA Tumor,BRCA,Breast Cancer,4.884908166,-1.274406265
TCGA-A5-A3LO-01,,Endometrial/Uterine Cancer,TCGA Tumor,UCEC,Endometrial/Uterine Cancer,1.444489327,6.522377421
TCGA-CV-A45Y-01,,Head and Neck Cancer,TCGA Tumor,HNSC,Head and Neck Cancer,-6.248323474,0.571374644
TCGA-D8-A1J8-01,,Breast Cancer,TCGA Tumor,BRCA,Breast Cancer,5.317788568,-1.429891061
TCGA-23-1122-01,,Ovarian Cancer,TCGA Tumor,OV,Ovarian Cancer,1.459722367,7.924224306
TCGA-3A-A9IZ-01,,Pancreatic Cancer,TCGA Tumor,PAAD,Pancreatic Cancer,-2.98427299,-2.604731392
TCGA-37-4141-01,,Lung Cancer,TCGA Tumor,LUSC,Lung Cancer,-1.566838536,-0.836103987
TCGA-62-A46U-01,,Lung Cancer,TCGA Tumor,LUAD,Lung Cancer,-0.12043837,-3.076603483
TCGA-41-3915-01,,Glioblastoma,TCGA Tumor,GBM,Brain Cancer,1.323489096,-9.099484037
TCGA-ED-A459-01,,Liver Cancer,TCGA Tumor,LIHC,Liver Cancer,0.808675763,4.037944485
TCGA-AR-A24N-01,,Breast Cancer,TCGA Tumor,BRCA,Breast Cancer,4.358645168,-1.87388594
TCGA-ED-A7PY-01,,Liver Cancer,TCGA Tumor,LIHC,Liver Cancer,0.390502473,3.535876204
TCGA-DX-A6Z0-01,,Sarcoma,TCGA Tumor,SARC,Sarcoma,1.272816982,1.710828234
TCGA-4Z-AA7O-01,,Bladder Cancer,TCGA Tumor,BLCA,Bladder Cancer,-3.750888858,0.169702012
TCGA-3B-A9HY-01,,Sarcoma,TCGA Tumor,SARC,Sarcoma,1.968423214,1.584248711
TCGA-D3-A1Q4-06,,Skin Cancer,TCGA Tumor,SKCM,Skin Cancer,4.995449987,3.408964564
TCGA-FY-A3I5-01,,Thyroid Cancer,TCGA Tumor,THCA,Thyroid Cancer,11.44501254,0.919639338
TCGA-FB-AAQ2-01,,Pancreatic Cancer,TCGA Tumor,PAAD,Pancreatic Cancer,-2.95060328,-2.366167616
TCGA-60-2715-01,,Lung Cancer,TCGA Tumor,LUSC,Lung Cancer,-5.397789511,0.721812118
TCGA-34-5232-01,,Lung Cancer,TCGA Tumor,LUSC,Lung Cancer,-5.749806914,2.324120928
TCGA-AQ-A1H3-01,,Breast Cancer,TCGA Tumor,BRCA,Breast Cancer,4.667312112,-1.511918019
TCGA-BP-4771-01,,Kidney Cancer,TCGA Tumor,KIRC,Kidney Cancer,5.954853025,-6.286173414
TCGA-J8-A3YG-01,,Thyroid Cancer,TCGA Tumor,THCA,Thyroid Cancer,10.9830651,-0.291800122
TCGA-VQ-A91E-01,,Gastric Cancer,TCGA Tumor,STAD,Gastric Cancer,-3.83026937,-3.699853014
TCGA-28-5220-01,,Glioblastoma,TCGA Tumor,GBM,Brain Cancer,1.306692269,-9.988915991
TCGA-57-1584-01,,Ovarian Cancer,TCGA Tumor,OV,Ovarian Cancer,1.780420985,8.507578303
TCGA-CC-A3M9-01,,Liver Cancer,TCGA Tumor,LIHC,Liver Cancer,1.051271227,1.061649014
TCGA-77-A5GA-01,,Lung Cancer,TCGA Tumor,LUSC,Lung Cancer,-5.290225539,2.405480076
TCGA-25-1623-01,,Ovarian Cancer,TCGA Tumor,OV,Ovarian Cancer,1.422113385,7.8319587
TCGA-29-1774-01,,Ovarian Cancer,TCGA Tumor,OV,Ovarian Cancer,1.266585496,7.722494532
TCGA-AR-A24K-01,,Breast Cancer,TCGA Tumor,BRCA,Breast Cancer,4.716588941,-1.048495363
TCGA-58-8388-01,,Lung Cancer,TCGA Tumor,LUSC,Lung Cancer,-5.311492476,0.755881954
TCGA-IB-A7LX-01,,Pancreatic Cancer,TCGA Tumor,PAAD,Pancreatic Cancer,-3.310637269,-2.320396494
TCGA-DD-A1EH-01,,Liver Cancer,TCGA Tumor,LIHC,Liver Cancer,0.363408916,3.508026529
TCGA-ER-A2NE-06,,Skin Cancer,TCGA Tumor,SKCM,Skin Cancer,6.013150182,3.652402092
TCGA-97-8176-01,,Lung Cancer,TCGA Tumor,LUAD,Lung Cancer,-1.26379684,-2.217439483
TCGA-K4-A6FZ-01,,Bladder Cancer,TCGA Tumor,BLCA,Bladder Cancer,-3.966663394,0.109458335
TCGA-ET-A3DR-01,,Thyroid Cancer,TCGA Tumor,THCA,Thyroid Cancer,11.50917765,0.118043762
TCGA-ET-A25I-01,,Thyroid Cancer,TCGA Tumor,THCA,Thyroid Cancer,11.38221499,0.960968305
TCGA-AR-A2LQ-01,,Breast Cancer,TCGA Tumor,BRCA,Breast Cancer,3.000176635,-1.182187985
TCGA-B8-A54H-01,,Kidney Cancer,TCGA Tumor,KIRC,Kidney Cancer,6.405498471,-6.63297851
TCGA-A2-A0EP-01,,Breast Cancer,TCGA Tumor,BRCA,Breast Cancer,4.042325464,-0.942881237
TCGA-A6-5657-01,,Colorectal Cancer,TCGA Tumor,COAD,Colon/Colorectal Cancer,-5.080405268,-3.185741495
TCGA-BT-A2LB-01,,Bladder Cancer,TCGA Tumor,BLCA,Bladder Cancer,-3.749822173,0.113330473
TCGA-GV-A3QF-01,,Bladder Cancer,TCGA Tumor,BLCA,Bladder Cancer,-3.629548106,-0.012782696
TCGA-29-2414-02,,Ovarian Cancer,TCGA Tumor,OV,Ovarian Cancer,1.350850013,7.917025019
TCGA-DX-A8BU-01,,Sarcoma,TCGA Tumor,SARC,Sarcoma,-3.959736857,6.751747061
TCGA-86-8358-01,,Lung Cancer,TCGA Tumor,LUAD,Lung Cancer,-1.273846183,-0.657931935
TCGA-DX-A6YT-01,,Sarcoma,TCGA Tumor,SARC,Sarcoma,1.285898712,1.666095544
TCGA-44-3918-01,,Lung Cancer,TCGA Tumor,LUAD,Lung Cancer,-0.036079052,-2.033161949
TCGA-D5-6929-01,,Colorectal Cancer,TCGA Tumor,COAD,Colon/Colorectal Cancer,-6.093533072,-3.595306944
TCGA-24-1843-01,,Ovarian Cancer,TCGA Tumor,OV,Ovarian Cancer,2.014128413,8.226915766
TCGA-BH-A0H3-01,,Breast Cancer,TCGA Tumor,BRCA,Breast Cancer,4.050746885,-1.774738621
TCGA-3K-AAZ8-01,,Liver Cancer,TCGA Tumor,LIHC,Liver Cancer,1.158440855,4.048450638
TCGA-E7-A7DV-01,,Bladder Cancer,TCGA Tumor,BLCA,Bladder Cancer,0.07489213,0.830013086
TCGA-LN-A9FQ-01,,Esophageal Cancer,TCGA Tumor,ESCA,Esophageal Cancer,-5.415083442,2.130927492
TCGA-KN-8430-01,,Kidney Cancer,TCGA Tumor,KICH,Kidney Cancer,-3.583350215,5.126988817
TCGA-CC-A8HU-01,,Liver Cancer,TCGA Tumor,LIHC,Liver Cancer,0.318619457,3.474807669
TCGA-05-4415-01,,Lung Cancer,TCGA Tumor,LUAD,Lung Cancer,-1.415501628,-2.087744545
TCGA-B6-A40C-01,,Breast Cancer,TCGA Tumor,BRCA,Breast Cancer,4.697289434,-1.572819661
TCGA-2Y-A9H0-01,,Liver Cancer,TCGA Tumor,LIHC,Liver Cancer,0.823296961,4.0862283
TCGA-D5-6930-01,,Colorectal Cancer,TCGA Tumor,COAD,Colon/Colorectal Cancer,-5.046077761,-3.709129881
TCGA-BJ-A2N7-01,,Thyroid Cancer,TCGA Tumor,THCA,Thyroid Cancer,11.47399661,0.915497113
TCGA-3A-A9IV-01,,Pancreatic Cancer,TCGA Tumor,PAAD,Pancreatic Cancer,-1.280497346,-0.662725757
TCGA-14-0817-01,,Glioblastoma,TCGA Tumor,GBM,Brain Cancer,1.253609266,-9.290862631
TCGA-BS-A0V7-01,,Endometrial/Uterine Cancer,TCGA Tumor,UCEC,Endometrial/Uterine Cancer,0.364663411,-0.5356207
TCGA-CJ-4908-01,,Kidney Cancer,TCGA Tumor,KIRC,Kidney Cancer,6.290086713,-6.167460035
TCGA-EE-A2M7-06,,Skin Cancer,TCGA Tumor,SKCM,Skin Cancer,4.991289582,3.399277855
TCGA-BP-4158-01,,Kidney Cancer,TCGA Tumor,KIRC,Kidney Cancer,6.182819333,-6.802518915
TCGA-DD-AADD-01,,Liver Cancer,TCGA Tumor,LIHC,Liver Cancer,0.335866694,3.523225952
TCGA-S4-A8RP-01,,Pancreatic Cancer,TCGA Tumor,PAAD,Pancreatic Cancer,-2.889805827,-2.516828369
TCGA-EW-A6SC-01,,Breast Cancer,TCGA Tumor,BRCA,Breast Cancer,4.712714639,-1.650043796
TCGA-IN-A6RR-01,,Gastric Cancer,TCGA Tumor,STAD,Gastric Cancer,-3.843678031,-3.681267332
TCGA-BR-6452-01,,Gastric Cancer,TCGA Tumor,STAD,Gastric Cancer,-3.826452765,-3.684930872
TCGA-R5-A7ZF-01,,Gastric Cancer,TCGA Tumor,STAD,Gastric Cancer,-3.986048732,-2.362013887
TCGA-CV-A464-01,,Head and Neck Cancer,TCGA Tumor,HNSC,Head and Neck Cancer,-6.632974181,0.527467538
TCGA-BP-5176-01,,Kidney Cancer,TCGA Tumor,KIRC,Kidney Cancer,6.247057882,-6.811066221
TCGA-78-7161-01,,Lung Cancer,TCGA Tumor,LUAD,Lung Cancer,-0.827747497,-2.222762178
TCGA-EO-A3AU-01,,Endometrial/Uterine Cancer,TCGA Tumor,UCEC,Endometrial/Uterine Cancer,-6.248800311,1.317919065
TCGA-DD-A4NF-01,,Liver Cancer,TCGA Tumor,LIHC,Liver Cancer,1.335456875,3.870812584
TCGA-06-5408-01,,Glioblastoma,TCGA Tumor,GBM,Brain Cancer,1.24802449,-9.907101225
TCGA-DV-5567-01,,Kidney Cancer,TCGA Tumor,KIRC,Kidney Cancer,0.908104744,6.591958452
TCGA-25-1632-01,,Ovarian Cancer,TCGA Tumor,OV,Ovarian Cancer,1.482221093,7.849151064
TCGA-29-1770-01,,Ovarian Cancer,TCGA Tumor,OV,Ovarian Cancer,1.464539733,7.883153368
TCGA-29-1770-02,,Ovarian Cancer,TCGA Tumor,OV,Ovarian Cancer,1.568386283,7.987268854
TCGA-B8-5163-01,,Kidney Cancer,TCGA Tumor,KIRC,Kidney Cancer,6.195915189,-5.340177606
TCGA-DD-A1EL-01,,Liver Cancer,TCGA Tumor,LIHC,Liver Cancer,0.675698307,3.681192089
TCGA-DK-A6AW-01,,Bladder Cancer,TCGA Tumor,BLCA,Bladder Cancer,1.211902406,6.515116144
TCGA-EI-6885-01,,Colorectal Cancer,TCGA Tumor,READ,Colon/Colorectal Cancer,-5.461273227,-2.52142794
TCGA-BR-A4J5-01,,Gastric Cancer,TCGA Tumor,STAD,Gastric Cancer,-2.81977633,-1.954308103
TCGA-18-3407-01,,Lung Cancer,TCGA Tumor,LUSC,Lung Cancer,-5.293268714,2.378832985
TCGA-FD-A62O-01,,Bladder Cancer,TCGA Tumor,BLCA,Bladder Cancer,-3.663266692,0.08266973
TCGA-BR-6802-01,,Gastric Cancer,TCGA Tumor,STAD,Gastric Cancer,-4.101959262,-2.868884634
TCGA-DT-5265-01,,Colorectal Cancer,TCGA Tumor,READ,Colon/Colorectal Cancer,-5.063411269,-3.195145677
TCGA-24-1544-01,,Ovarian Cancer,TCGA Tumor,OV,Ovarian Cancer,1.325522926,7.785395075
TCGA-CJ-4907-01,,Kidney Cancer,TCGA Tumor,KIRC,Kidney Cancer,6.2220225,-5.714663099
TCGA-QL-A97D-01,,Colorectal Cancer,TCGA Tumor,COAD,Colon/Colorectal Cancer,-5.653855357,-3.583202671
TCGA-E2-A1IF-01,,Breast Cancer,TCGA Tumor,BRCA,Breast Cancer,4.369501796,-1.439329575
TCGA-AO-A0JE-01,,Breast Cancer,TCGA Tumor,BRCA,Breast Cancer,4.120387283,-0.961369466
TCGA-S3-AA11-01,,Breast Cancer,TCGA Tumor,BRCA,Breast Cancer,5.419780698,-1.417172145
TCGA-JY-A93D-01,,Esophageal Cancer,TCGA Tumor,ESCA,Esophageal Cancer,-3.903465304,-3.662997078
TCGA-CJ-4912-01,,Kidney Cancer,TCGA Tumor,KIRC,Kidney Cancer,6.296552625,-5.500287126
TCGA-24-1849-01,,Ovarian Cancer,TCGA Tumor,OV,Ovarian Cancer,1.968710509,8.17336886
TCGA-ER-A19T-01,,Skin Cancer,TCGA Tumor,SKCM,Skin Cancer,6.471345868,4.178412367
TCGA-ER-A19T-06,,Skin Cancer,TCGA Tumor,SKCM,Skin Cancer,6.139152017,3.772886921
TCGA-BF-AAOU-01,,Skin Cancer,TCGA Tumor,SKCM,Skin Cancer,5.620170083,3.430050541
TCGA-23-1111-01,,Ovarian Cancer,TCGA Tumor,OV,Ovarian Cancer,1.6747013,7.968448092
TCGA-EO-A22Y-01,,Endometrial/Uterine Cancer,TCGA Tumor,UCEC,Endometrial/Uterine Cancer,1.456751909,6.517217566
TCGA-49-4507-01,,Lung Cancer,TCGA Tumor,LUAD,Lung Cancer,-1.160948787,-1.981421064
TCGA-HF-7133-01,,Gastric Cancer,TCGA Tumor,STAD,Gastric Cancer,-3.413372073,-3.064672064
TCGA-3X-AAVE-01,,Bile Duct Cancer,TCGA Tumor,CHOL,Bile Duct Cancer,-0.116912517,3.017128636
TCGA-B0-4699-01,,Kidney Cancer,TCGA Tumor,KIRC,Kidney Cancer,-3.59728888,5.068433214
TCGA-KR-A7K0-01,,Liver Cancer,TCGA Tumor,LIHC,Liver Cancer,1.326367405,3.858101298
TCGA-X9-A973-01,,Sarcoma,TCGA Tumor,SARC,Sarcoma,1.037469652,0.814747382
TCGA-FE-A230-01,,Thyroid Cancer,TCGA Tumor,THCA,Thyroid Cancer,10.99009749,-0.463326465
TCGA-56-8504-01,,Lung Cancer,TCGA Tumor,LUSC,Lung Cancer,-6.012060199,2.408569742
TCGA-KN-8426-01,,Kidney Cancer,TCGA Tumor,KICH,Kidney Cancer,-3.51613811,5.056391646
TCGA-55-8621-01,,Lung Cancer,TCGA Tumor,LUAD,Lung Cancer,-0.395058367,-2.836425136
TCGA-LA-A446-01,,Lung Cancer,TCGA Tumor,LUSC,Lung Cancer,-5.582106147,2.407002617
TCGA-D8-A27I-01,,Breast Cancer,TCGA Tumor,BRCA,Breast Cancer,4.502921548,-1.69418795
TCGA-CD-8536-01,,Gastric Cancer,TCGA Tumor,STAD,Gastric Cancer,-3.96275476,-3.645148586
TCGA-BP-4760-01,,Kidney Cancer,TCGA Tumor,KIRC,Kidney Cancer,0.918229308,6.622816969
TCGA-52-7622-01,,Lung Cancer,TCGA Tumor,LUSC,Lung Cancer,-5.480323348,2.539147545
TCGA-LN-A7HX-01,,Esophageal Cancer,TCGA Tumor,ESCA,Esophageal Cancer,-6.664151225,0.590753127
TCGA-ER-A198-06,,Skin Cancer,TCGA Tumor,SKCM,Skin Cancer,5.965573755,3.498706986
TCGA-A3-3317-01,,Kidney Cancer,TCGA Tumor,KIRC,Kidney Cancer,6.016601052,-5.768909048
TCGA-BR-4201-01,,Gastric Cancer,TCGA Tumor,STAD,Gastric Cancer,-4.399652991,-3.460103821
TCGA-G3-A5SM-01,,Liver Cancer,TCGA Tumor,LIHC,Liver Cancer,1.031384912,4.182556559
TCGA-63-A5MI-01,,Lung Cancer,TCGA Tumor,LUSC,Lung Cancer,-5.282244239,2.125264813
TCGA-KM-8476-01,,Kidney Cancer,TCGA Tumor,KICH,Kidney Cancer,-3.540483269,5.089124132
TCGA-10-0937-01,,Ovarian Cancer,TCGA Tumor,OV,Ovarian Cancer,2.024725404,8.315518786
TCGA-SJ-A6ZJ-01,,Endometrial/Uterine Cancer,TCGA Tumor,UCEC,Endometrial/Uterine Cancer,1.520122853,6.501152922
TCGA-EE-A3JD-06,,Skin Cancer,TCGA Tumor,SKCM,Skin Cancer,5.075061765,3.426217247
TCGA-13-0913-02,,Ovarian Cancer,TCGA Tumor,OV,Ovarian Cancer,1.656098929,7.583135058
TCGA-BR-7723-01,,Gastric Cancer,TCGA Tumor,STAD,Gastric Cancer,-4.945525679,-1.954240393
TCGA-DX-A3UB-01,,Sarcoma,TCGA Tumor,SARC,Sarcoma,1.771691289,1.426611591
TCGA-AC-A3W6-01,,Breast Cancer,TCGA Tumor,BRCA,Breast Cancer,3.897422757,-1.661225866
TCGA-GC-A3WC-01,,Bladder Cancer,TCGA Tumor,BLCA,Bladder Cancer,-5.453507933,2.183604647
TCGA-CG-5720-01,,Gastric Cancer,TCGA Tumor,STAD,Gastric Cancer,-4.728470359,-3.683951687
TCGA-BR-7717-01,,Gastric Cancer,TCGA Tumor,STAD,Gastric Cancer,-4.074078593,-3.54168136
TCGA-VT-A80J-01,,Sarcoma,TCGA Tumor,SARC,Sarcoma,1.058315423,1.030622114
TCGA-VT-A80J-02,,Sarcoma,TCGA Tumor,SARC,Sarcoma,0.825530168,0.792444039
TCGA-55-6970-01,,Lung Cancer,TCGA Tumor,LUAD,Lung Cancer,-1.237347994,-2.24350984
TCGA-86-7955-01,,Lung Cancer,TCGA Tumor,LUAD,Lung Cancer,-1.240204487,-2.237871479
TCGA-B0-5119-01,,Kidney Cancer,TCGA Tumor,KIRC,Kidney Cancer,6.326455083,-6.774097036
TCGA-CJ-4916-01,,Kidney Cancer,TCGA Tumor,KIRC,Kidney Cancer,6.280306306,-6.801606249
TCGA-DD-A11C-01,,Liver Cancer,TCGA Tumor,LIHC,Liver Cancer,0.934533622,4.221394945
TCGA-BC-A10Q-01,,Liver Cancer,TCGA Tumor,LIHC,Liver Cancer,-0.12594882,3.01337998
TCGA-75-6207-01,,Lung Cancer,TCGA Tumor,LUAD,Lung Cancer,-0.053838405,-3.171082329
TCGA-LT-A5Z6-01,,Bladder Cancer,TCGA Tumor,BLCA,Bladder Cancer,-3.582156691,-0.46760578
TCGA-CZ-4866-01,,Kidney Cancer,TCGA Tumor,KIRC,Kidney Cancer,5.965243783,-5.826776098
TCGA-36-1569-01,,Ovarian Cancer,TCGA Tumor,OV,Ovarian Cancer,1.413490262,7.949881006
TCGA-A8-A07L-01,,Breast Cancer,TCGA Tumor,BRCA,Breast Cancer,5.655189004,-1.68090279
TCGA-B0-4696-01,,Kidney Cancer,TCGA Tumor,KIRC,Kidney Cancer,1.100862053,1.117464472
TCGA-41-4097-01,,Glioblastoma,TCGA Tumor,GBM,Brain Cancer,1.288858857,-9.46591432
TCGA-MF-A522-01,,Lung Cancer,TCGA Tumor,LUSC,Lung Cancer,-5.300706897,2.022746969
TCGA-06-5410-01,,Glioblastoma,TCGA Tumor,GBM,Brain Cancer,1.299056139,-9.091654371
TCGA-A2-A0SV-01,,Breast Cancer,TCGA Tumor,BRCA,Breast Cancer,4.147153821,-0.926111828
TCGA-GN-A263-01,,Skin Cancer,TCGA Tumor,SKCM,Skin Cancer,5.970911947,3.546064306
TCGA-CM-5860-01,,Colorectal Cancer,TCGA Tumor,COAD,Colon/Colorectal Cancer,-5.659260783,-3.636521887
TCGA-04-1655-01,,Ovarian Cancer,TCGA Tumor,OV,Ovarian Cancer,1.292199459,7.757082869
TCGA-B0-4718-01,,Kidney Cancer,TCGA Tumor,KIRC,Kidney Cancer,6.205570665,-5.791522096
TCGA-CZ-5989-01,,Kidney Cancer,TCGA Tumor,KIRC,Kidney Cancer,5.54980227,3.07290547
TCGA-2J-AAB9-01,,Pancreatic Cancer,TCGA Tumor,PAAD,Pancreatic Cancer,-2.616539273,-2.404856275
TCGA-DX-A8BJ-01,,Sarcoma,TCGA Tumor,SARC,Sarcoma,1.222734418,1.241178681
TCGA-FD-A3B8-01,,Bladder Cancer,TCGA Tumor,BLCA,Bladder Cancer,-5.324544463,0.771881629
TCGA-CD-8532-01,,Gastric Cancer,TCGA Tumor,STAD,Gastric Cancer,-3.881102118,-3.627704452
TCGA-66-2737-01,,Lung Cancer,TCGA Tumor,LUSC,Lung Cancer,-5.333178553,2.335712124
TCGA-59-A5PD-01,,Ovarian Cancer,TCGA Tumor,OV,Ovarian Cancer,1.572882977,7.775000025
TCGA-BF-AAP8-01,,Skin Cancer,TCGA Tumor,SKCM,Skin Cancer,6.723202672,4.443530012
TCGA-A1-A0SB-01,,Breast Cancer,TCGA Tumor,BRCA,Breast Cancer,1.033300724,-1.495378803
TCGA-A7-A5ZW-01,,Breast Cancer,TCGA Tumor,BRCA,Breast Cancer,4.213947263,-1.675865005
TCGA-BB-7864-01,,Head and Neck Cancer,TCGA Tumor,HNSC,Head and Neck Cancer,-6.382009063,1.242566634
TCGA-AA-A01P-01,,Colorectal Cancer,TCGA Tumor,COAD,Colon/Colorectal Cancer,-4.457865271,-3.497991155
TCGA-20-1686-01,,Ovarian Cancer,TCGA Tumor,OV,Ovarian Cancer,1.689473238,7.542598177
TCGA-MX-A5UJ-01,,Gastric Cancer,TCGA Tumor,STAD,Gastric Cancer,-4.423670325,-3.512976478
TCGA-BR-8289-01,,Gastric Cancer,TCGA Tumor,STAD,Gastric Cancer,-2.613966737,-1.978544067
TCGA-L5-A4OT-01,,Esophageal Cancer,TCGA Tumor,ESCA,Esophageal Cancer,-4.176290068,-3.537374328
TCGA-D6-6827-01,,Head and Neck Cancer,TCGA Tumor,HNSC,Head and Neck Cancer,-5.356443438,0.803952087
TCGA-69-8254-01,,Lung Cancer,TCGA Tumor,LUAD,Lung Cancer,-3.245410714,-2.868448805
TCGA-85-A4PA-01,,Lung Cancer,TCGA Tumor,LUSC,Lung Cancer,-8.563645873,6.94575255
TCGA-BA-A4IF-01,,Head and Neck Cancer,TCGA Tumor,HNSC,Head and Neck Cancer,-6.161559615,1.244775702
TCGA-CW-5580-01,,Kidney Cancer,TCGA Tumor,KIRC,Kidney Cancer,6.245653596,-5.972917627
TCGA-CN-5370-01,,Head and Neck Cancer,TCGA Tumor,HNSC,Head and Neck Cancer,-6.532413039,0.548249472
TCGA-66-2753-01,,Lung Cancer,TCGA Tumor,LUSC,Lung Cancer,-5.38162044,0.812879373
TCGA-BR-8485-01,,Gastric Cancer,TCGA Tumor,STAD,Gastric Cancer,-4.943423304,-2.0248533
TCGA-B0-5120-01,,Kidney Cancer,TCGA Tumor,KIRC,Kidney Cancer,6.239058938,-5.745115351
TCGA-CG-5724-01,,Gastric Cancer,TCGA Tumor,STAD,Gastric Cancer,-3.420261655,-2.134922813
TCGA-DJ-A13V-01,,Thyroid Cancer,TCGA Tumor,THCA,Thyroid Cancer,11.41049716,-0.115922566
TCGA-DD-A4NB-01,,Liver Cancer,TCGA Tumor,LIHC,Liver Cancer,1.056403067,4.176538874
TCGA-A2-A0YF-01,,Breast Cancer,TCGA Tumor,BRCA,Breast Cancer,5.315080133,-1.449261259
TCGA-HU-A4GY-01,,Gastric Cancer,TCGA Tumor,STAD,Gastric Cancer,-2.705892596,-1.921481084
TCGA-B0-5690-01,,Kidney Cancer,TCGA Tumor,KIRC,Kidney Cancer,6.398650136,-6.562599729
TCGA-CK-4950-01,,Colorectal Cancer,TCGA Tumor,COAD,Colon/Colorectal Cancer,-5.813911948,-3.739817213
TCGA-J8-A3O1-01,,Thyroid Cancer,TCGA Tumor,THCA,Thyroid Cancer,10.97042319,-0.613669049
TCGA-KN-8429-01,,Kidney Cancer,TCGA Tumor,KICH,Kidney Cancer,-3.558508191,5.097242762
TCGA-98-A53B-01,,Lung Cancer,TCGA Tumor,LUSC,Lung Cancer,-5.208400283,1.376449872
TCGA-VQ-AA6B-01,,Gastric Cancer,TCGA Tumor,STAD,Gastric Cancer,-5.807020221,-3.505385708
TCGA-E9-A1NE-01,,Breast Cancer,TCGA Tumor,BRCA,Breast Cancer,5.510911432,-1.570706319
TCGA-55-8205-01,,Lung Cancer,TCGA Tumor,LUAD,Lung Cancer,0.045791593,-2.610695909
TCGA-EM-A1YE-01,,Thyroid Cancer,TCGA Tumor,THCA,Thyroid Cancer,11.57363078,0.829954613
TCGA-L5-A8NK-01,,Esophageal Cancer,TCGA Tumor,ESCA,Esophageal Cancer,-6.454799685,1.494472076
TCGA-AX-A3FV-01,,Endometrial/Uterine Cancer,TCGA Tumor,UCEC,Endometrial/Uterine Cancer,-1.256462369,-0.657144915
TCGA-BJ-A0ZB-01,,Thyroid Cancer,TCGA Tumor,THCA,Thyroid Cancer,10.97685668,-0.600160967
TCGA-FD-A6TA-01,,Bladder Cancer,TCGA Tumor,BLCA,Bladder Cancer,-3.618901286,-0.19608831
TCGA-HD-8314-01,,Head and Neck Cancer,TCGA Tumor,HNSC,Head and Neck Cancer,-6.112521205,2.216800619
TCGA-25-1635-01,,Ovarian Cancer,TCGA Tumor,OV,Ovarian Cancer,2.004247036,8.210694719
TCGA-G3-A25V-01,,Liver Cancer,TCGA Tumor,LIHC,Liver Cancer,1.02300277,4.167935301
TCGA-63-A5MR-01,,Lung Cancer,TCGA Tumor,LUSC,Lung Cancer,-6.495267901,0.924601008
TCGA-69-7763-01,,Lung Cancer,TCGA Tumor,LUAD,Lung Cancer,-0.603173647,-2.870547127
TCGA-PC-A5DP-01,,Sarcoma,TCGA Tumor,SARC,Sarcoma,1.97829124,1.575550247
TCGA-D3-A51K-06,,Skin Cancer,TCGA Tumor,SKCM,Skin Cancer,6.243046727,3.893189598
TCGA-SS-A7HO-01,,Colorectal Cancer,TCGA Tumor,COAD,Colon/Colorectal Cancer,-6.068868193,-3.765077185
TCGA-66-2763-01,,Lung Cancer,TCGA Tumor,LUSC,Lung Cancer,-5.900241408,2.06569903
TCGA-24-1846-01,,Ovarian Cancer,TCGA Tumor,OV,Ovarian Cancer,-1.006384525,-1.708444189
TCGA-BH-A0BR-01,,Breast Cancer,TCGA Tumor,BRCA,Breast Cancer,4.138529506,-0.923906635
TCGA-Z7-A8R6-01,,Breast Cancer,TCGA Tumor,BRCA,Breast Cancer,5.007669416,-1.613807272
TCGA-ER-A19P-06,,Skin Cancer,TCGA Tumor,SKCM,Skin Cancer,5.50727078,3.486164261
TCGA-FD-A3B7-01,,Bladder Cancer,TCGA Tumor,BLCA,Bladder Cancer,-5.381444487,0.781537164
TCGA-2L-AAQA-01,,Pancreatic Cancer,TCGA Tumor,PAAD,Pancreatic Cancer,-3.3236132,-2.731314014
TCGA-60-2720-01,,Lung Cancer,TCGA Tumor,LUSC,Lung Cancer,-5.512536082,0.713403512
TCGA-94-A5I6-01,,Lung Cancer,TCGA Tumor,LUSC,Lung Cancer,-5.352335963,2.323703219
TCGA-D5-6537-01,,Colorectal Cancer,TCGA Tumor,COAD,Colon/Colorectal Cancer,-5.915906939,-3.655140232
TCGA-62-8397-01,,Lung Cancer,TCGA Tumor,LUAD,Lung Cancer,-0.328168604,-2.807152819
TCGA-WQ-A9G7-01,,Liver Cancer,TCGA Tumor,LIHC,Liver Cancer,0.184097138,3.389496256
TCGA-EE-A29G-06,,Skin Cancer,TCGA Tumor,SKCM,Skin Cancer,-6.440085921,0.005442631
TCGA-OL-A5D8-01,,Breast Cancer,TCGA Tumor,BRCA,Breast Cancer,5.681892839,-1.656747769
TCGA-EY-A547-01,,Endometrial/Uterine Cancer,TCGA Tumor,UCEC,Endometrial/Uterine Cancer,1.412734118,6.765535284
TARGET-50-PAJLWT-01,,Kidney Cancer,TCGA Tumor,WT,Kidney Cancer,-4.591580901,7.724263121
TCGA-23-1023-01,,Ovarian Cancer,TCGA Tumor,OV,Ovarian Cancer,1.353774932,7.733205248
TCGA-30-1891-01,,Ovarian Cancer,TCGA Tumor,OV,Ovarian Cancer,1.738893237,7.779484678
TCGA-CW-5584-01,,Kidney Cancer,TCGA Tumor,KIRC,Kidney Cancer,6.130366292,-6.70115764
TCGA-66-2742-01,,Lung Cancer,TCGA Tumor,LUSC,Lung Cancer,-5.345260176,1.737692166
TCGA-B6-A0IJ-01,,Breast Cancer,TCGA Tumor,BRCA,Breast Cancer,0.742178407,-1.291153621
TCGA-FJ-A3ZE-01,,Bladder Cancer,TCGA Tumor,BLCA,Bladder Cancer,-3.727352652,-0.148213531
TCGA-04-1348-01,,Ovarian Cancer,TCGA Tumor,OV,Ovarian Cancer,1.741431322,8.51513331
TCGA-06-0211-01,,Glioblastoma,TCGA Tumor,GBM,Brain Cancer,1.391735401,-9.233956884
TCGA-A3-3376-01,,Kidney Cancer,TCGA Tumor,KIRC,Kidney Cancer,6.309437719,-5.982983183
TCGA-25-2401-01,,Ovarian Cancer,TCGA Tumor,OV,Ovarian Cancer,1.425912824,7.733880926
TCGA-FV-A3R3-01,,Liver Cancer,TCGA Tumor,LIHC,Liver Cancer,0.419813553,3.572605778
TCGA-D7-6522-01,,Gastric Cancer,TCGA Tumor,STAD,Gastric Cancer,-5.065768752,-3.280767273
TCGA-73-4659-01,,Lung Cancer,TCGA Tumor,LUAD,Lung Cancer,-0.864948544,-2.182552646
TCGA-2L-AAQE-01,,Pancreatic Cancer,TCGA Tumor,PAAD,Pancreatic Cancer,-3.209562812,-2.59710152
TCGA-CG-4449-01,,Gastric Cancer,TCGA Tumor,STAD,Gastric Cancer,-3.869366679,-3.418883871
TARGET-50-PAKECR-01,,Kidney Cancer,TCGA Tumor,WT,Kidney Cancer,-3.972720656,6.76794665
TCGA-A3-3349-01,,Kidney Cancer,TCGA Tumor,KIRC,Kidney Cancer,6.184929815,-5.765544962
TCGA-ET-A3BN-01,,Thyroid Cancer,TCGA Tumor,THCA,Thyroid Cancer,11.24200198,-0.302301984
TCGA-AK-3454-01,,Kidney Cancer,TCGA Tumor,KIRC,Kidney Cancer,6.328149762,-6.228467058
TCGA-PE-A5DD-01,,Breast Cancer,TCGA Tumor,BRCA,Breast Cancer,4.07971498,-1.708028983
TCGA-A2-A1FW-01,,Breast Cancer,TCGA Tumor,BRCA,Breast Cancer,5.578657117,-1.627596091
TCGA-ZF-A9RM-01,,Bladder Cancer,TCGA Tumor,BLCA,Bladder Cancer,-3.600008044,-0.455829035
TCGA-56-8304-01,,Lung Cancer,TCGA Tumor,LUSC,Lung Cancer,-5.90502933,2.269566704
TCGA-AD-A5EK-01,,Colorectal Cancer,TCGA Tumor,COAD,Colon/Colorectal Cancer,-6.090485606,-3.581973385
TCGA-G5-6235-01,,Colorectal Cancer,TCGA Tumor,READ,Colon/Colorectal Cancer,-5.827525172,-3.736787866
TCGA-37-4130-01,,Lung Cancer,TCGA Tumor,LUSC,Lung Cancer,0.2239342,3.414587427
TCGA-EE-A3JH-06,,Skin Cancer,TCGA Tumor,SKCM,Skin Cancer,6.097804513,3.771445442
TCGA-91-A4BC-01,,Lung Cancer,TCGA Tumor,LUAD,Lung Cancer,-0.954837713,-1.693363022
TCGA-D7-8573-01,,Gastric Cancer,TCGA Tumor,STAD,Gastric Cancer,-3.944755587,-3.534678291
TCGA-CJ-5681-01,,Kidney Cancer,TCGA Tumor,KIRC,Kidney Cancer,5.872759786,-5.430266451
TCGA-AC-A2QJ-01,,Breast Cancer,TCGA Tumor,BRCA,Breast Cancer,-6.370009932,0.021847112
TCGA-FP-7829-01,,Gastric Cancer,TCGA Tumor,STAD,Gastric Cancer,-4.996633563,-3.727872204
TCGA-CA-6718-01,,Colorectal Cancer,TCGA Tumor,COAD,Colon/Colorectal Cancer,-4.402142081,-3.43625934
TCGA-AJ-A3TW-01,,Endometrial/Uterine Cancer,TCGA Tumor,UCEC,Endometrial/Uterine Cancer,1.241103497,6.894387175
TCGA-UY-A78L-01,,Bladder Cancer,TCGA Tumor,BLCA,Bladder Cancer,-4.58541492,0.173897807
TCGA-VQ-A8E2-01,,Gastric Cancer,TCGA Tumor,STAD,Gastric Cancer,-4.932334456,-1.97566564
TCGA-W5-AA2G-01,,Bile Duct Cancer,TCGA Tumor,CHOL,Bile Duct Cancer,0.203047198,3.403389145
TCGA-DE-A3KN-01,,Thyroid Cancer,TCGA Tumor,THCA,Thyroid Cancer,11.69368311,0.591635574
TCGA-A7-A13H-01,,Breast Cancer,TCGA Tumor,BRCA,Breast Cancer,4.844306436,-1.536974143
TCGA-50-8457-01,,Lung Cancer,TCGA Tumor,LUAD,Lung Cancer,-0.404117021,-2.937477659
TCGA-B0-5121-01,,Kidney Cancer,TCGA Tumor,KIRC,Kidney Cancer,6.386903253,-6.118030142
TCGA-04-1519-01,,Ovarian Cancer,TCGA Tumor,OV,Ovarian Cancer,1.690919366,8.457503725
TCGA-E2-A1IO-01,,Breast Cancer,TCGA Tumor,BRCA,Breast Cancer,4.107104745,-1.826122116
TCGA-CR-6474-01,,Head and Neck Cancer,TCGA Tumor,HNSC,Head and Neck Cancer,-5.546329055,0.725611378
TCGA-AY-5543-01,,Colorectal Cancer,TCGA Tumor,COAD,Colon/Colorectal Cancer,-5.909132514,-3.769670557
TCGA-K4-A4AB-01,,Bladder Cancer,TCGA Tumor,BLCA,Bladder Cancer,-4.557102237,0.532244493
TCGA-85-A4JC-01,,Lung Cancer,TCGA Tumor,LUSC,Lung Cancer,-5.827641043,0.948047031
TCGA-WT-AB44-01,,Breast Cancer,TCGA Tumor,BRCA,Breast Cancer,3.314170804,-1.261093329
TCGA-EL-A3MY-01,,Thyroid Cancer,TCGA Tumor,THCA,Thyroid Cancer,11.15623709,-0.274217229
TCGA-97-8175-01,,Lung Cancer,TCGA Tumor,LUAD,Lung Cancer,-0.082493756,-3.104984115
TCGA-BR-8297-01,,Gastric Cancer,TCGA Tumor,STAD,Gastric Cancer,-2.460741553,-1.855166267
TCGA-DJ-A1QH-01,,Thyroid Cancer,TCGA Tumor,THCA,Thyroid Cancer,11.00687071,-0.526827823
TCGA-76-4931-01,,Glioblastoma,TCGA Tumor,GBM,Brain Cancer,1.238899257,-9.91707189
TCGA-04-1651-01,,Ovarian Cancer,TCGA Tumor,OV,Ovarian Cancer,1.760975089,8.541808535
TCGA-10-0934-01,,Ovarian Cancer,TCGA Tumor,OV,Ovarian Cancer,1.364965823,6.638579775
TCGA-BH-A0BF-01,,Breast Cancer,TCGA Tumor,BRCA,Breast Cancer,4.153579202,-1.101909112
TCGA-AR-A5QN-01,,Breast Cancer,TCGA Tumor,BRCA,Breast Cancer,4.395332303,-1.693602752
TCGA-77-7140-01,,Lung Cancer,TCGA Tumor,LUSC,Lung Cancer,-5.329134021,2.382097651
TCGA-FS-A1ZN-01,,Skin Cancer,TCGA Tumor,SKCM,Skin Cancer,5.261394944,3.921278406
TCGA-27-2519-01,,Glioblastoma,TCGA Tumor,GBM,Brain Cancer,1.374786761,-9.251632284
TCGA-F4-6807-01,,Colorectal Cancer,TCGA Tumor,COAD,Colon/Colorectal Cancer,-6.151007685,-3.598479103
TCGA-06-0156-01,,Glioblastoma,TCGA Tumor,GBM,Brain Cancer,1.343838539,-9.291109632
TCGA-23-1809-01,,Ovarian Cancer,TCGA Tumor,OV,Ovarian Cancer,1.457348075,7.832454611
TCGA-06-0686-01,,Glioblastoma,TCGA Tumor,GBM,Brain Cancer,1.606649127,-9.190004896
TCGA-EM-A3FK-01,,Thyroid Cancer,TCGA Tumor,THCA,Thyroid Cancer,11.30862566,-0.216578286
TCGA-NI-A8LF-01,,Liver Cancer,TCGA Tumor,LIHC,Liver Cancer,1.118361142,3.989497114
TCGA-DC-6683-01,,Colorectal Cancer,TCGA Tumor,READ,Colon/Colorectal Cancer,-5.856275592,-3.692254375
TCGA-34-5239-01,,Lung Cancer,TCGA Tumor,LUSC,Lung Cancer,-5.205746684,0.916923751
TARGET-50-PAJPAU-01,,Kidney Cancer,TCGA Tumor,WT,Kidney Cancer,-4.660374675,7.797197748
TCGA-S8-A6BW-01,,Esophageal Cancer,TCGA Tumor,ESCA,Esophageal Cancer,-5.551114592,2.316854883
TCGA-85-8350-01,,Lung Cancer,TCGA Tumor,LUSC,Lung Cancer,-5.698416266,1.126056005
TCGA-CV-7410-01,,Head and Neck Cancer,TCGA Tumor,HNSC,Head and Neck Cancer,-6.576930079,0.544824887
TCGA-A2-A04V-01,,Breast Cancer,TCGA Tumor,BRCA,Breast Cancer,3.473452773,-1.410387706
TCGA-66-2757-01,,Lung Cancer,TCGA Tumor,LUSC,Lung Cancer,0.676955905,-1.406431269
TCGA-DD-AADG-01,,Liver Cancer,TCGA Tumor,LIHC,Liver Cancer,1.296308902,3.911731888
TCGA-A1-A0SI-01,,Breast Cancer,TCGA Tumor,BRCA,Breast Cancer,4.206722942,-0.96804161
TCGA-63-5128-01,,Lung Cancer,TCGA Tumor,LUSC,Lung Cancer,-5.281285796,2.51027887
TCGA-CK-5915-01,,Colorectal Cancer,TCGA Tumor,COAD,Colon/Colorectal Cancer,-5.944988761,-3.258651089
TCGA-85-A4QR-01,,Lung Cancer,TCGA Tumor,LUSC,Lung Cancer,-5.74418405,2.1452729
TCGA-ET-A40R-01,,Thyroid Cancer,TCGA Tumor,THCA,Thyroid Cancer,11.59483763,0.692598511
TCGA-LA-A7SW-01,,Lung Cancer,TCGA Tumor,LUSC,Lung Cancer,-5.898562465,0.916767467
TCGA-E2-A14T-01,,Breast Cancer,TCGA Tumor,BRCA,Breast Cancer,5.76438519,-1.635144423
TCGA-BF-A3DL-01,,Skin Cancer,TCGA Tumor,SKCM,Skin Cancer,5.947474923,3.544222523
TCGA-90-7767-01,,Lung Cancer,TCGA Tumor,LUSC,Lung Cancer,-5.247251544,0.833955158
TCGA-64-1676-01,,Lung Cancer,TCGA Tumor,LUAD,Lung Cancer,0.03885999,-2.569273065
TCGA-A6-3810-01,,Colorectal Cancer,TCGA Tumor,COAD,Colon/Colorectal Cancer,-4.530581984,-3.349109243
TCGA-92-7341-01,,Lung Cancer,TCGA Tumor,LUSC,Lung Cancer,-5.290645156,2.425440003
TCGA-VQ-A91A-01,,Gastric Cancer,TCGA Tumor,STAD,Gastric Cancer,-4.369709048,-3.001768659
TCGA-24-1103-01,,Ovarian Cancer,TCGA Tumor,OV,Ovarian Cancer,1.863029685,8.423508097
TCGA-E9-A295-01,,Breast Cancer,TCGA Tumor,BRCA,Breast Cancer,4.203545299,-1.740976166
TCGA-BB-A6UO-01,,Head and Neck Cancer,TCGA Tumor,HNSC,Head and Neck Cancer,-6.722154174,0.458734203
TCGA-BP-4970-01,,Kidney Cancer,TCGA Tumor,KIRC,Kidney Cancer,6.274952378,-5.756014417
TARGET-50-PAJPGY-01,,Kidney Cancer,TCGA Tumor,WT,Kidney Cancer,-4.514719043,7.638535429
TCGA-BR-8486-01,,Gastric Cancer,TCGA Tumor,STAD,Gastric Cancer,-5.569732222,-3.551131557
TCGA-EE-A3J7-06,,Skin Cancer,TCGA Tumor,SKCM,Skin Cancer,5.484512296,3.532340933
TCGA-B8-5159-01,,Kidney Cancer,TCGA Tumor,KIRC,Kidney Cancer,6.158102002,-6.66132934
TCGA-D9-A6E9-06,,Skin Cancer,TCGA Tumor,SKCM,Skin Cancer,6.098320451,3.725996185
TCGA-DJ-A4UR-01,,Thyroid Cancer,TCGA Tumor,THCA,Thyroid Cancer,11.54095789,0.81308638
TCGA-XF-AAMZ-01,,Bladder Cancer,TCGA Tumor,BLCA,Bladder Cancer,-3.6236873,0.093071565
TCGA-55-6985-01,,Lung Cancer,TCGA Tumor,LUAD,Lung Cancer,-0.365197751,-2.839295458
TCGA-UF-A7JF-01,,Head and Neck Cancer,TCGA Tumor,HNSC,Head and Neck Cancer,-6.367148909,1.508325149
TCGA-EW-A1P4-01,,Breast Cancer,TCGA Tumor,BRCA,Breast Cancer,0.920452025,-1.404692124
TCGA-DJ-A2Q9-01,,Thyroid Cancer,TCGA Tumor,THCA,Thyroid Cancer,-5.326140437,0.683307041
TCGA-FD-A3SM-01,,Bladder Cancer,TCGA Tumor,BLCA,Bladder Cancer,-3.797393832,0.036415308
TCGA-55-A48X-01,,Lung Cancer,TCGA Tumor,LUAD,Lung Cancer,-0.224971983,-3.097038101
TCGA-EP-A2KB-01,,Liver Cancer,TCGA Tumor,LIHC,Liver Cancer,0.626174819,3.694129635
TCGA-DD-AADR-01,,Liver Cancer,TCGA Tumor,LIHC,Liver Cancer,0.956019786,3.923015047
TCGA-NK-A5CX-01,,Lung Cancer,TCGA Tumor,LUSC,Lung Cancer,-6.109892878,1.526689578
TCGA-B4-5843-01,,Kidney Cancer,TCGA Tumor,KIRC,Kidney Cancer,6.318705049,-6.092415403
TCGA-DX-A6YS-01,,Sarcoma,TCGA Tumor,SARC,Sarcoma,1.354310658,1.660293151
TCGA-BB-4225-01,,Head and Neck Cancer,TCGA Tumor,HNSC,Head and Neck Cancer,-5.677051577,1.517583777
TCGA-43-6771-01,,Lung Cancer,TCGA Tumor,LUSC,Lung Cancer,-6.580425296,0.427850087
TCGA-3A-A9IJ-01,,Pancreatic Cancer,TCGA Tumor,PAAD,Pancreatic Cancer,-1.236266765,-0.61516745
TCGA-BJ-A0ZE-01,,Thyroid Cancer,TCGA Tumor,THCA,Thyroid Cancer,11.39160105,0.931362678
TCGA-BH-A0W3-01,,Breast Cancer,TCGA Tumor,BRCA,Breast Cancer,5.318908658,-1.38396747
TCGA-22-1017-01,,Lung Cancer,TCGA Tumor,LUSC,Lung Cancer,-0.186924014,-2.892506908
TCGA-CG-4306-01,,Gastric Cancer,TCGA Tumor,STAD,Gastric Cancer,-4.425407443,-3.495605539
TCGA-BH-A42U-01,,Breast Cancer,TCGA Tumor,BRCA,Breast Cancer,1.331679311,-1.294538211
TCGA-DD-AAE1-01,,Liver Cancer,TCGA Tumor,LIHC,Liver Cancer,0.654244688,3.697522808
TCGA-B8-A7U6-01,,Kidney Cancer,TCGA Tumor,KIRC,Kidney Cancer,6.358339753,-6.330049108
TCGA-A8-A08G-01,,Breast Cancer,TCGA Tumor,BRCA,Breast Cancer,5.666259256,-1.560567926
TCGA-DF-A2KR-01,,Endometrial/Uterine Cancer,TCGA Tumor,UCEC,Endometrial/Uterine Cancer,1.768022862,8.462735583
TARGET-50-PAJNRH-01,,Kidney Cancer,TCGA Tumor,WT,Kidney Cancer,-4.679630313,7.814649035
TCGA-VQ-A91X-01,,Gastric Cancer,TCGA Tumor,STAD,Gastric Cancer,-5.678896937,-3.483222078
TCGA-BH-A0BQ-01,,Breast Cancer,TCGA Tumor,BRCA,Breast Cancer,4.315534559,-1.541973304
TCGA-13-0760-01,,Ovarian Cancer,TCGA Tumor,OV,Ovarian Cancer,1.799702492,7.521107603
TCGA-IG-A97I-01,,Esophageal Cancer,TCGA Tumor,ESCA,Esophageal Cancer,-6.102754149,1.240510989
TCGA-VQ-A92D-01,,Gastric Cancer,TCGA Tumor,STAD,Gastric Cancer,-3.836904082,-3.327174496
TCGA-HZ-A49G-01,,Pancreatic Cancer,TCGA Tumor,PAAD,Pancreatic Cancer,-2.482793841,-2.501397919
TCGA-MI-A75G-01,,Liver Cancer,TCGA Tumor,LIHC,Liver Cancer,1.072429803,4.098772932
TCGA-DM-A28K-01,,Colorectal Cancer,TCGA Tumor,COAD,Colon/Colorectal Cancer,-4.900168929,-3.703764747
TCGA-13-0887-01,,Ovarian Cancer,TCGA Tumor,OV,Ovarian Cancer,1.661900726,8.140081812
TCGA-94-7033-01,,Lung Cancer,TCGA Tumor,LUSC,Lung Cancer,-5.320905719,1.43677466
TCGA-A1-A0SH-01,,Breast Cancer,TCGA Tumor,BRCA,Breast Cancer,3.238963571,-1.26886804
TCGA-B6-A401-01,,Breast Cancer,TCGA Tumor,BRCA,Breast Cancer,4.745930162,-1.47347505
TCGA-AU-3779-01,,Colorectal Cancer,TCGA Tumor,COAD,Colon/Colorectal Cancer,-5.936831984,-3.718241285
TCGA-CV-7435-01,,Head and Neck Cancer,TCGA Tumor,HNSC,Head and Neck Cancer,-6.420053038,0.329117079
TCGA-R5-A7ZE-01,,Gastric Cancer,TCGA Tumor,STAD,Gastric Cancer,-6.514383349,1.37188356
TCGA-E2-A10E-01,,Breast Cancer,TCGA Tumor,BRCA,Breast Cancer,4.569882837,-1.270310353
TCGA-R6-A6L4-01,,Esophageal Cancer,TCGA Tumor,ESCA,Esophageal Cancer,-4.27320436,-2.702260088
TCGA-56-A49D-01,,Lung Cancer,TCGA Tumor,LUSC,Lung Cancer,-5.54692224,1.720836688
TCGA-LN-A8I0-01,,Esophageal Cancer,TCGA Tumor,ESCA,Esophageal Cancer,-5.635622535,1.712813545
TCGA-CC-A7IF-01,,Liver Cancer,TCGA Tumor,LIHC,Liver Cancer,0.947069195,3.931524683
TARGET-50-PAKGMU-01,,Kidney Cancer,TCGA Tumor,WT,Kidney Cancer,-4.637424979,7.77079146
TCGA-EM-A2CM-01,,Thyroid Cancer,TCGA Tumor,THCA,Thyroid Cancer,11.24811884,0.762880851
TCGA-MT-A67D-01,,Head and Neck Cancer,TCGA Tumor,HNSC,Head and Neck Cancer,-6.396336589,1.106757809
TCGA-GF-A6C8-06,,Skin Cancer,TCGA Tumor,SKCM,Skin Cancer,5.184604612,3.512261559
TCGA-EE-A20F-06,,Skin Cancer,TCGA Tumor,SKCM,Skin Cancer,5.829155412,3.619670797
TCGA-3B-A9HL-01,,Sarcoma,TCGA Tumor,SARC,Sarcoma,1.270968583,1.728881885
TCGA-27-2523-01,,Glioblastoma,TCGA Tumor,GBM,Brain Cancer,1.44222292,-9.204685758
TCGA-E7-A85H-01,,Bladder Cancer,TCGA Tumor,BLCA,Bladder Cancer,-3.621689353,-0.043278265
TARGET-50-PAKXXF-01,,Kidney Cancer,TCGA Tumor,WT,Kidney Cancer,-4.574795756,7.706664492
TCGA-G4-6304-01,,Colorectal Cancer,TCGA Tumor,COAD,Colon/Colorectal Cancer,-6.096611533,-3.410364698
TCGA-CV-7424-01,,Head and Neck Cancer,TCGA Tumor,HNSC,Head and Neck Cancer,-5.297894034,2.402742554
TCGA-A7-A0CG-01,,Breast Cancer,TCGA Tumor,BRCA,Breast Cancer,4.210505452,-1.283957313
TCGA-HD-7229-01,,Head and Neck Cancer,TCGA Tumor,HNSC,Head and Neck Cancer,-6.67175344,0.722867776
TCGA-44-2657-01,,Lung Cancer,TCGA Tumor,LUAD,Lung Cancer,-0.361931476,-2.792575668
TCGA-A2-A0T1-01,,Breast Cancer,TCGA Tumor,BRCA,Breast Cancer,4.078966108,-0.90483893
TCGA-95-7562-01,,Lung Cancer,TCGA Tumor,LUAD,Lung Cancer,-0.433588955,-2.842148374
TCGA-DD-A3A5-01,,Liver Cancer,TCGA Tumor,LIHC,Liver Cancer,0.858101514,4.259011198
TCGA-55-7725-01,,Lung Cancer,TCGA Tumor,LUAD,Lung Cancer,-0.219351146,-3.1571079
TCGA-EM-A3AO-01,,Thyroid Cancer,TCGA Tumor,THCA,Thyroid Cancer,11.37936541,0.355837573
TCGA-AF-2693-01,,Colorectal Cancer,TCGA Tumor,READ,Colon/Colorectal Cancer,-5.895401034,-3.727837633
TCGA-BR-8682-01,,Gastric Cancer,TCGA Tumor,STAD,Gastric Cancer,-5.034496817,-3.221409868
TCGA-D5-6924-01,,Colorectal Cancer,TCGA Tumor,COAD,Colon/Colorectal Cancer,-6.148172889,-3.642705511
TCGA-A1-A0SG-01,,Breast Cancer,TCGA Tumor,BRCA,Breast Cancer,4.890767541,-1.493902754
TCGA-GJ-A3OU-01,,Liver Cancer,TCGA Tumor,LIHC,Liver Cancer,0.723259535,3.765901495
TCGA-CQ-6219-01,,Head and Neck Cancer,TCGA Tumor,HNSC,Head and Neck Cancer,-6.135355983,0.662387718
TCGA-XF-A9T2-01,,Bladder Cancer,TCGA Tumor,BLCA,Bladder Cancer,-1.513249788,-0.821083318
TCGA-KS-A4IB-01,,Thyroid Cancer,TCGA Tumor,THCA,Thyroid Cancer,11.02444693,-0.509314309
TCGA-AX-A3G3-01,,Endometrial/Uterine Cancer,TCGA Tumor,UCEC,Endometrial/Uterine Cancer,1.801859226,8.234245707
TCGA-BC-A5W4-01,,Liver Cancer,TCGA Tumor,LIHC,Liver Cancer,1.02240571,4.11393397
TCGA-22-5474-01,,Lung Cancer,TCGA Tumor,LUSC,Lung Cancer,-5.34635118,2.179574658
TCGA-D6-A4ZB-01,,Head and Neck Cancer,TCGA Tumor,HNSC,Head and Neck Cancer,-6.534150634,0.511443962
TCGA-LN-A49R-01,,Esophageal Cancer,TCGA Tumor,ESCA,Esophageal Cancer,-5.345995936,2.235695769
TCGA-CA-6717-01,,Colorectal Cancer,TCGA Tumor,COAD,Colon/Colorectal Cancer,-5.756952319,-3.679056476
TCGA-DX-A1L1-01,,Sarcoma,TCGA Tumor,SARC,Sarcoma,1.108010378,1.21439438
TCGA-WX-AA47-01,,Liver Cancer,TCGA Tumor,LIHC,Liver Cancer,0.409699574,3.566209723
TCGA-98-A539-01,,Lung Cancer,TCGA Tumor,LUSC,Lung Cancer,-5.403329406,1.882899333
TCGA-AJ-A5DV-01,,Endometrial/Uterine Cancer,TCGA Tumor,UCEC,Endometrial/Uterine Cancer,1.515105453,6.471755434
TCGA-DX-A3LU-01,,Sarcoma,TCGA Tumor,SARC,Sarcoma,1.141965177,1.204653789
TCGA-69-A59K-01,,Lung Cancer,TCGA Tumor,LUAD,Lung Cancer,0.077486571,-2.614192556
TCGA-06-0152-02,,Glioblastoma,TCGA Tumor,GBM,Brain Cancer,1.368707922,-9.404097151
TCGA-EM-A3SZ-01,,Thyroid Cancer,TCGA Tumor,THCA,Thyroid Cancer,10.99499651,-0.453907143
TCGA-E2-A1BD-01,,Breast Cancer,TCGA Tumor,BRCA,Breast Cancer,4.269879308,-1.676232289
TCGA-E2-A14Z-01,,Breast Cancer,TCGA Tumor,BRCA,Breast Cancer,4.230326143,-1.728792738
TCGA-UF-A718-01,,Head and Neck Cancer,TCGA Tumor,HNSC,Head and Neck Cancer,-6.594714198,0.471374859
TCGA-70-6723-01,,Lung Cancer,TCGA Tumor,LUSC,Lung Cancer,-5.348383937,2.492046763
TCGA-2J-AAB8-01,,Pancreatic Cancer,TCGA Tumor,PAAD,Pancreatic Cancer,-3.14759377,-2.561468433
TCGA-CV-7568-01,,Head and Neck Cancer,TCGA Tumor,HNSC,Head and Neck Cancer,-6.417884383,0.417494554
TCGA-FS-A1ZM-06,,Skin Cancer,TCGA Tumor,SKCM,Skin Cancer,5.03895041,3.448126722
TCGA-DV-A4VZ-01,,Kidney Cancer,TCGA Tumor,KIRC,Kidney Cancer,1.203063812,6.656287123
TCGA-20-1682-01,,Ovarian Cancer,TCGA Tumor,OV,Ovarian Cancer,1.922548857,8.203968455
TCGA-B8-5553-01,,Kidney Cancer,TCGA Tumor,KIRC,Kidney Cancer,6.270652738,-5.969278406
TCGA-A2-A04R-01,,Breast Cancer,TCGA Tumor,BRCA,Breast Cancer,5.642669645,-1.659423064
TCGA-CC-A7IJ-01,,Liver Cancer,TCGA Tumor,LIHC,Liver Cancer,0.970786896,0.892200817
TCGA-05-5715-01,,Lung Cancer,TCGA Tumor,LUAD,Lung Cancer,-0.381720993,-2.899021696
TCGA-55-A492-01,,Lung Cancer,TCGA Tumor,LUAD,Lung Cancer,-1.194481168,-2.28737409
TCGA-29-1690-01,,Ovarian Cancer,TCGA Tumor,OV,Ovarian Cancer,1.906435695,8.19110911
TCGA-CZ-4856-01,,Kidney Cancer,TCGA Tumor,KIRC,Kidney Cancer,6.308473077,-6.838121008
TCGA-KO-8403-01,,Kidney Cancer,TCGA Tumor,KICH,Kidney Cancer,-3.569226537,5.113499094
TCGA-96-8170-01,,Lung Cancer,TCGA Tumor,LUSC,Lung Cancer,-6.371942553,1.674325634
TCGA-DM-A1D0-01,,Colorectal Cancer,TCGA Tumor,COAD,Colon/Colorectal Cancer,-5.779258761,-3.617806028
TCGA-MB-A5YA-01,,Sarcoma,TCGA Tumor,SARC,Sarcoma,2.006579724,1.620202709
TCGA-A7-A425-01,,Breast Cancer,TCGA Tumor,BRCA,Breast Cancer,4.821745839,-1.468660902
TCGA-E9-A1RF-01,,Breast Cancer,TCGA Tumor,BRCA,Breast Cancer,5.637670007,-1.72499318
TCGA-B6-A408-01,,Breast Cancer,TCGA Tumor,BRCA,Breast Cancer,5.167103734,-1.572948288
TCGA-BR-A4IU-01,,Gastric Cancer,TCGA Tumor,STAD,Gastric Cancer,-2.640334163,-1.950199674
TCGA-E7-A677-01,,Bladder Cancer,TCGA Tumor,BLCA,Bladder Cancer,-3.687900576,0.149183583
TARGET-50-PAJMEP-01,,Kidney Cancer,TCGA Tumor,WT,Kidney Cancer,-4.636621032,7.771904875
TCGA-AR-A1AL-01,,Breast Cancer,TCGA Tumor,BRCA,Breast Cancer,4.310205903,-1.654880952
TCGA-3Z-A93Z-01,,Kidney Cancer,TCGA Tumor,KIRC,Kidney Cancer,6.28766295,-6.066492628
TCGA-BT-A20X-01,,Bladder Cancer,TCGA Tumor,BLCA,Bladder Cancer,-5.885360274,0.777787198
TCGA-AN-A0AM-01,,Breast Cancer,TCGA Tumor,BRCA,Breast Cancer,4.204916444,-0.980961632
TCGA-D8-A1JU-01,,Breast Cancer,TCGA Tumor,BRCA,Breast Cancer,3.852259603,-1.699148964
TCGA-CJ-4872-01,,Kidney Cancer,TCGA Tumor,KIRC,Kidney Cancer,6.258541074,-5.475708078
TCGA-EQ-8122-01,,Gastric Cancer,TCGA Tumor,STAD,Gastric Cancer,-5.004125628,-2.685018133
TCGA-LN-A49V-01,,Esophageal Cancer,TCGA Tumor,ESCA,Esophageal Cancer,0.885940906,-1.478030037
TCGA-B0-5399-01,,Kidney Cancer,TCGA Tumor,KIRC,Kidney Cancer,6.236754384,-6.829096865
TCGA-63-A5MY-01,,Lung Cancer,TCGA Tumor,LUSC,Lung Cancer,-5.334802184,2.392971684
TCGA-CV-7091-01,,Head and Neck Cancer,TCGA Tumor,HNSC,Head and Neck Cancer,-6.471929107,0.745758344
TCGA-DY-A1DD-01,,Colorectal Cancer,TCGA Tumor,READ,Colon/Colorectal Cancer,-5.459944281,-3.159048389
TCGA-FI-A2EY-01,,Endometrial/Uterine Cancer,TCGA Tumor,UCEC,Endometrial/Uterine Cancer,0.904205647,6.975460936
TCGA-WE-AAA3-06,,Skin Cancer,TCGA Tumor,SKCM,Skin Cancer,6.025128808,3.720678021
TCGA-B5-A5OE-01,,Endometrial/Uterine Cancer,TCGA Tumor,UCEC,Endometrial/Uterine Cancer,1.175084617,6.66590922
TCGA-AR-A1AH-01,,Breast Cancer,TCGA Tumor,BRCA,Breast Cancer,0.584018793,-1.353393148
TCGA-86-8278-01,,Lung Cancer,TCGA Tumor,LUAD,Lung Cancer,-0.282978866,-2.988482069
TCGA-BC-A3KF-01,,Liver Cancer,TCGA Tumor,LIHC,Liver Cancer,0.556872126,3.710939575
TCGA-G3-AAV0-01,,Liver Cancer,TCGA Tumor,LIHC,Liver Cancer,1.051239577,4.121756483
TCGA-WE-A8ZN-06,,Skin Cancer,TCGA Tumor,SKCM,Skin Cancer,5.907608953,3.48441713
TCGA-69-8453-01,,Lung Cancer,TCGA Tumor,LUAD,Lung Cancer,-3.380762372,-2.546984266
TCGA-77-A5G1-01,,Lung Cancer,TCGA Tumor,LUSC,Lung Cancer,-5.418256316,0.685673226
TCGA-BH-A1EN-01,,Breast Cancer,TCGA Tumor,BRCA,Breast Cancer,4.196322646,-0.918411981
TCGA-BR-4368-01,,Gastric Cancer,TCGA Tumor,STAD,Gastric Cancer,-2.541377816,-1.893141698
TARGET-50-PAJNZI-01,,Kidney Cancer,TCGA Tumor,WT,Kidney Cancer,-4.588224444,7.721733023
TCGA-T2-A6WX-01,,Head and Neck Cancer,TCGA Tumor,HNSC,Head and Neck Cancer,-6.222779784,0.963493456
TCGA-E9-A3QA-01,,Breast Cancer,TCGA Tumor,BRCA,Breast Cancer,1.007518556,-1.603491854
TCGA-FD-A3N6-01,,Bladder Cancer,TCGA Tumor,BLCA,Bladder Cancer,-6.79868463,0.614361991
TCGA-BH-A0EB-01,,Breast Cancer,TCGA Tumor,BRCA,Breast Cancer,4.054992881,-1.767495941
TCGA-63-A5M9-01,,Lung Cancer,TCGA Tumor,LUSC,Lung Cancer,-5.279635939,2.336235453
TCGA-92-8063-01,,Lung Cancer,TCGA Tumor,LUSC,Lung Cancer,-5.355566535,1.84326737
TCGA-NC-A5HR-01,,Lung Cancer,TCGA Tumor,LUSC,Lung Cancer,-5.237925086,2.007570912
TCGA-BH-A1EY-01,,Breast Cancer,TCGA Tumor,BRCA,Breast Cancer,4.128362622,-1.458479713
TCGA-B4-5844-01,,Kidney Cancer,TCGA Tumor,KIRC,Kidney Cancer,6.353349653,-6.264775347
TCGA-LN-A49Y-01,,Esophageal Cancer,TCGA Tumor,ESCA,Esophageal Cancer,-6.193697963,0.166246552
TCGA-DX-A23V-01,,Sarcoma,TCGA Tumor,SARC,Sarcoma,1.226609316,1.370712329
TCGA-25-2409-01,,Ovarian Cancer,TCGA Tumor,OV,Ovarian Cancer,1.705881324,8.26033156
TCGA-E2-A10B-01,,Breast Cancer,TCGA Tumor,BRCA,Breast Cancer,4.118773189,-1.550953101
TCGA-DD-AAC8-01,,Liver Cancer,TCGA Tumor,LIHC,Liver Cancer,1.308957126,3.864413191
TCGA-EY-A3L3-01,,Endometrial/Uterine Cancer,TCGA Tumor,UCEC,Endometrial/Uterine Cancer,1.389186826,6.575911928
TCGA-E2-A574-01,,Breast Cancer,TCGA Tumor,BRCA,Breast Cancer,0.939206627,-1.375073384
TCGA-W3-AA1V-06,,Skin Cancer,TCGA Tumor,SKCM,Skin Cancer,-4.014049086,6.768505026
TCGA-D8-A1JB-01,,Breast Cancer,TCGA Tumor,BRCA,Breast Cancer,5.6732721,-1.70410807
TCGA-EB-A550-01,,Skin Cancer,TCGA Tumor,SKCM,Skin Cancer,-6.438214335,-0.042817857
TCGA-FX-A3NK-01,,Sarcoma,TCGA Tumor,SARC,Sarcoma,1.361083534,1.244157244
TCGA-FP-A9TM-01,,Gastric Cancer,TCGA Tumor,STAD,Gastric Cancer,-3.841236625,-3.687966417
TCGA-CG-4437-01,,Gastric Cancer,TCGA Tumor,STAD,Gastric Cancer,-3.743748221,-3.645487141
TCGA-D8-A27P-01,,Breast Cancer,TCGA Tumor,BRCA,Breast Cancer,4.335147348,-1.566291999
TCGA-VQ-A8PQ-01,,Gastric Cancer,TCGA Tumor,STAD,Gastric Cancer,-3.849382434,-3.677784752
TCGA-E9-A5FL-01,,Breast Cancer,TCGA Tumor,BRCA,Breast Cancer,-5.393780265,1.157187749
TCGA-LL-A5YM-01,,Breast Cancer,TCGA Tumor,BRCA,Breast Cancer,4.107403007,-0.943870734
TCGA-MN-A4N5-01,,Lung Cancer,TCGA Tumor,LUAD,Lung Cancer,-0.086647007,-3.103621315
TCGA-A3-3331-01,,Kidney Cancer,TCGA Tumor,KIRC,Kidney Cancer,6.305436101,-6.814122747
TCGA-BP-4763-01,,Kidney Cancer,TCGA Tumor,KIRC,Kidney Cancer,6.23704001,-5.397269319
TCGA-BH-A1FC-01,,Breast Cancer,TCGA Tumor,BRCA,Breast Cancer,0.758905109,-1.351119946
TCGA-EE-A2MD-06,,Skin Cancer,TCGA Tumor,SKCM,Skin Cancer,6.010737863,3.605866839
TARGET-50-PALFRD-01,,Kidney Cancer,TCGA Tumor,WT,Kidney Cancer,-4.64437202,7.779041697
TCGA-CM-6675-01,,Colorectal Cancer,TCGA Tumor,COAD,Colon/Colorectal Cancer,-4.885607276,-3.721999239
TCGA-DJ-A3V7-01,,Thyroid Cancer,TCGA Tumor,THCA,Thyroid Cancer,11.04870364,-0.542690884
TCGA-DC-4745-01,,Colorectal Cancer,TCGA Tumor,READ,Colon/Colorectal Cancer,-5.978152785,-3.7454787
TCGA-AF-A56K-01,,Colorectal Cancer,TCGA Tumor,READ,Colon/Colorectal Cancer,-5.727277789,-3.441087078
TCGA-CV-7440-01,,Head and Neck Cancer,TCGA Tumor,HNSC,Head and Neck Cancer,-6.248609576,0.983236958
TCGA-DX-A23U-01,,Sarcoma,TCGA Tumor,SARC,Sarcoma,1.476377931,1.237681676
TCGA-KL-8324-01,,Kidney Cancer,TCGA Tumor,KICH,Kidney Cancer,-3.559547457,5.097926546
TCGA-V5-AASX-01,,Esophageal Cancer,TCGA Tumor,ESCA,Esophageal Cancer,-3.962779078,-3.668138574
TCGA-CJ-4644-01,,Kidney Cancer,TCGA Tumor,KIRC,Kidney Cancer,6.27318665,-6.810720514
TCGA-XX-A89A-01,,Breast Cancer,TCGA Tumor,BRCA,Breast Cancer,4.15164372,-0.971494268
TCGA-Z4-AAPG-01,,Sarcoma,TCGA Tumor,SARC,Sarcoma,1.178393092,1.18836825
TCGA-EM-A2CJ-01,,Thyroid Cancer,TCGA Tumor,THCA,Thyroid Cancer,11.55828234,0.831807543
TCGA-CF-A47T-01,,Bladder Cancer,TCGA Tumor,BLCA,Bladder Cancer,-3.749357734,0.155408387
TCGA-4Z-AA7W-01,,Bladder Cancer,TCGA Tumor,BLCA,Bladder Cancer,-5.145179305,1.217244197
TCGA-A1-A0SQ-01,,Breast Cancer,TCGA Tumor,BRCA,Breast Cancer,5.398962941,-1.733096908
TCGA-XF-AAN4-01,,Bladder Cancer,TCGA Tumor,BLCA,Bladder Cancer,0.24395625,0.747258652
TCGA-64-5778-01,,Lung Cancer,TCGA Tumor,LUAD,Lung Cancer,-0.107359025,-3.083726
TCGA-DE-A0XZ-01,,Thyroid Cancer,TCGA Tumor,THCA,Thyroid Cancer,11.18322226,-0.266542684
TCGA-NC-A5HE-01,,Lung Cancer,TCGA Tumor,LUSC,Lung Cancer,-5.232714686,2.414148499
TCGA-EE-A3AG-06,,Skin Cancer,TCGA Tumor,SKCM,Skin Cancer,5.087852445,3.408370424
TCGA-A7-A26H-01,,Breast Cancer,TCGA Tumor,BRCA,Breast Cancer,4.04040977,-1.805105757
TCGA-EL-A3ZK-01,,Thyroid Cancer,TCGA Tumor,THCA,Thyroid Cancer,10.99624392,-0.431683909
TCGA-BC-A10T-01,,Liver Cancer,TCGA Tumor,LIHC,Liver Cancer,0.899289605,4.200770308
TCGA-68-A59J-01,,Lung Cancer,TCGA Tumor,LUSC,Lung Cancer,-5.534636531,2.52189057
TCGA-86-8074-01,,Lung Cancer,TCGA Tumor,LUAD,Lung Cancer,-0.383146856,-2.733304333
TCGA-A3-A8CQ-01,,Kidney Cancer,TCGA Tumor,KIRC,Kidney Cancer,6.437790361,-6.6259485
TCGA-VQ-A8PF-01,,Gastric Cancer,TCGA Tumor,STAD,Gastric Cancer,-3.856888327,-3.54946978
TCGA-4Z-AA7S-01,,Bladder Cancer,TCGA Tumor,BLCA,Bladder Cancer,-3.583611998,0.14076699
TCGA-L5-A8NG-01,,Esophageal Cancer,TCGA Tumor,ESCA,Esophageal Cancer,-4.046687159,-3.321398329
TCGA-DD-AADV-01,,Liver Cancer,TCGA Tumor,LIHC,Liver Cancer,0.807600972,4.096699644
TCGA-66-2777-01,,Lung Cancer,TCGA Tumor,LUSC,Lung Cancer,-5.447173629,2.561654736
TCGA-J2-8194-01,,Lung Cancer,TCGA Tumor,LUAD,Lung Cancer,-0.855661783,-2.440413545
TCGA-D3-A2JG-06,,Skin Cancer,TCGA Tumor,SKCM,Skin Cancer,6.00112721,3.690715481
TCGA-CV-6960-01,,Head and Neck Cancer,TCGA Tumor,HNSC,Head and Neck Cancer,-6.191682849,1.145856787
TCGA-55-A57B-01,,Lung Cancer,TCGA Tumor,LUAD,Lung Cancer,-0.296201799,-2.999290537
TCGA-FS-A4F8-06,,Skin Cancer,TCGA Tumor,SKCM,Skin Cancer,5.25893971,3.564960409
TCGA-A6-4105-01,,Colorectal Cancer,TCGA Tumor,COAD,Colon/Colorectal Cancer,-6.118424449,-3.667977403
TCGA-BJ-A2P4-01,,Thyroid Cancer,TCGA Tumor,THCA,Thyroid Cancer,11.58599707,0.787234355
TCGA-D6-6516-01,,Head and Neck Cancer,TCGA Tumor,HNSC,Head and Neck Cancer,-6.876715693,0.635892678
TCGA-ZS-A9CG-01,,Liver Cancer,TCGA Tumor,LIHC,Liver Cancer,1.334543553,3.877611328
TCGA-VT-AB3D-01,,Sarcoma,TCGA Tumor,SARC,Sarcoma,0.555196684,1.034506489
TCGA-CN-4727-01,,Head and Neck Cancer,TCGA Tumor,HNSC,Head and Neck Cancer,-5.547512088,0.824769903
TCGA-DC-4749-01,,Colorectal Cancer,TCGA Tumor,READ,Colon/Colorectal Cancer,-5.838420424,-3.730085205
TCGA-IB-A5ST-01,,Pancreatic Cancer,TCGA Tumor,PAAD,Pancreatic Cancer,-2.965233121,-2.236721824
TCGA-UY-A78K-01,,Bladder Cancer,TCGA Tumor,BLCA,Bladder Cancer,-3.586604867,-0.506732236
TCGA-77-8130-01,,Lung Cancer,TCGA Tumor,LUSC,Lung Cancer,-6.074777636,0.521893282
TCGA-AR-A24S-01,,Breast Cancer,TCGA Tumor,BRCA,Breast Cancer,3.685930696,-1.261824082
TCGA-KL-8339-01,,Kidney Cancer,TCGA Tumor,KICH,Kidney Cancer,-3.544785771,5.110748221
TCGA-F5-6465-01,,Colorectal Cancer,TCGA Tumor,READ,Colon/Colorectal Cancer,-6.036823783,-3.616183113
TCGA-E2-A15K-01,,Breast Cancer,TCGA Tumor,BRCA,Breast Cancer,4.624236551,-1.556404423
TCGA-E2-A15K-06,,Breast Cancer,TCGA Tumor,BRCA,Breast Cancer,5.32684609,-1.402704429
TCGA-GN-A26A-06,,Skin Cancer,TCGA Tumor,SKCM,Skin Cancer,5.044607129,3.435643603
TCGA-AO-A12G-01,,Breast Cancer,TCGA Tumor,BRCA,Breast Cancer,3.960200277,-1.78509302
TCGA-GN-A8LK-06,,Skin Cancer,TCGA Tumor,SKCM,Skin Cancer,5.992270436,3.609241892
TCGA-24-1603-01,,Ovarian Cancer,TCGA Tumor,OV,Ovarian Cancer,1.690018859,8.444601465
TCGA-23-1123-01,,Ovarian Cancer,TCGA Tumor,OV,Ovarian Cancer,1.768572536,8.577029635
TARGET-50-PAJNUS-01,,Kidney Cancer,TCGA Tumor,WT,Kidney Cancer,-4.564560447,7.696398665
TCGA-AK-3453-01,,Kidney Cancer,TCGA Tumor,KIRC,Kidney Cancer,-3.509053263,5.067390371
TCGA-BH-A0HA-01,,Breast Cancer,TCGA Tumor,BRCA,Breast Cancer,3.980812516,-1.772377561
TARGET-50-PAJNNR-01,,Kidney Cancer,TCGA Tumor,WT,Kidney Cancer,-4.610440287,7.743544031
TCGA-ET-A39M-01,,Thyroid Cancer,TCGA Tumor,THCA,Thyroid Cancer,10.98885771,-0.322496425
TCGA-06-0750-01,,Glioblastoma,TCGA Tumor,GBM,Brain Cancer,1.315797832,-9.061201643
TCGA-FY-A3R8-01,,Thyroid Cancer,TCGA Tumor,THCA,Thyroid Cancer,10.90035101,-0.325730633
TCGA-IN-AB1X-01,,Gastric Cancer,TCGA Tumor,STAD,Gastric Cancer,-4.258281741,-2.70536549
TCGA-BP-4994-01,,Kidney Cancer,TCGA Tumor,KIRC,Kidney Cancer,-3.532982621,5.083145071
TCGA-85-8072-01,,Lung Cancer,TCGA Tumor,LUSC,Lung Cancer,-5.268485102,2.14737599
TCGA-DK-A3IN-01,,Bladder Cancer,TCGA Tumor,BLCA,Bladder Cancer,-3.83758882,-0.571323108
TCGA-DD-AAD6-01,,Liver Cancer,TCGA Tumor,LIHC,Liver Cancer,0.736909923,3.846302677
TCGA-CV-A45O-01,,Head and Neck Cancer,TCGA Tumor,HNSC,Head and Neck Cancer,-6.526651416,0.285385538
TCGA-EE-A2MN-06,,Skin Cancer,TCGA Tumor,SKCM,Skin Cancer,6.328839746,3.990317036
TCGA-F5-6571-01,,Colorectal Cancer,TCGA Tumor,READ,Colon/Colorectal Cancer,-5.595050368,-3.397663187
TCGA-86-7711-01,,Lung Cancer,TCGA Tumor,LUAD,Lung Cancer,-0.956028137,-1.883249115
TCGA-G4-6293-01,,Colorectal Cancer,TCGA Tumor,COAD,Colon/Colorectal Cancer,-5.74415401,-3.549576591
TCGA-05-5423-01,,Lung Cancer,TCGA Tumor,LUAD,Lung Cancer,0.024109271,-2.779128145
TCGA-BP-4961-01,,Kidney Cancer,TCGA Tumor,KIRC,Kidney Cancer,6.304276433,-5.935342382
TCGA-56-8623-01,,Lung Cancer,TCGA Tumor,LUSC,Lung Cancer,-0.709422502,-2.298468899
TCGA-G3-A3CH-01,,Liver Cancer,TCGA Tumor,LIHC,Liver Cancer,0.886759099,4.08899634
TCGA-21-1071-01,,Lung Cancer,TCGA Tumor,LUSC,Lung Cancer,-5.224327597,2.244945456
TCGA-J8-A3YF-01,,Thyroid Cancer,TCGA Tumor,THCA,Thyroid Cancer,10.93657633,-0.27112488
TCGA-LG-A6GG-01,,Liver Cancer,TCGA Tumor,LIHC,Liver Cancer,0.841318932,4.257836271
TCGA-CC-5263-01,,Liver Cancer,TCGA Tumor,LIHC,Liver Cancer,0.167015311,3.347789456
TCGA-VQ-A91Y-01,,Gastric Cancer,TCGA Tumor,STAD,Gastric Cancer,-2.689448628,-1.96779425
TCGA-LN-A4A4-01,,Esophageal Cancer,TCGA Tumor,ESCA,Esophageal Cancer,-5.509464297,2.222260882
TCGA-G3-AAV1-01,,Liver Cancer,TCGA Tumor,LIHC,Liver Cancer,1.196770694,3.870000769
TCGA-ZF-A9R5-01,,Bladder Cancer,TCGA Tumor,BLCA,Bladder Cancer,-3.683702979,0.094217867
TCGA-B0-5102-01,,Kidney Cancer,TCGA Tumor,KIRC,Kidney Cancer,6.309723821,-6.67935903
TCGA-E2-A153-01,,Breast Cancer,TCGA Tumor,BRCA,Breast Cancer,3.691764798,-1.476003479
TCGA-JY-A6FA-01,,Esophageal Cancer,TCGA Tumor,ESCA,Esophageal Cancer,-6.029215846,2.37231486
TCGA-32-5222-01,,Glioblastoma,TCGA Tumor,GBM,Brain Cancer,1.140132573,-9.703322958
TCGA-E8-A3X7-01,,Thyroid Cancer,TCGA Tumor,THCA,Thyroid Cancer,11.09134623,-0.367977123
TCGA-AR-A24W-01,,Breast Cancer,TCGA Tumor,BRCA,Breast Cancer,3.43513247,-1.59411199
TCGA-D8-A1JJ-01,,Breast Cancer,TCGA Tumor,BRCA,Breast Cancer,3.781399455,-1.412881922
TCGA-4G-AAZO-01,,Bile Duct Cancer,TCGA Tumor,CHOL,Bile Duct Cancer,-2.446481499,-2.459873747
TCGA-AZ-4313-01,,Colorectal Cancer,TCGA Tumor,COAD,Colon/Colorectal Cancer,-5.104895148,-3.778964352
TCGA-DD-AADM-01,,Liver Cancer,TCGA Tumor,LIHC,Liver Cancer,0.960884001,4.056794573
TCGA-CC-5258-01,,Liver Cancer,TCGA Tumor,LIHC,Liver Cancer,0.397513206,3.564458777
TCGA-DX-A48P-01,,Sarcoma,TCGA Tumor,SARC,Sarcoma,1.979598727,1.565690328
TCGA-P3-A6T2-01,,Head and Neck Cancer,TCGA Tumor,HNSC,Head and Neck Cancer,-6.255806956,0.77808844
TCGA-ZA-A8F6-01,,Gastric Cancer,TCGA Tumor,STAD,Gastric Cancer,-2.920574221,-1.970652412
TCGA-BK-A6W3-01,,Endometrial/Uterine Cancer,TCGA Tumor,UCEC,Endometrial/Uterine Cancer,1.440546241,6.516647745
TCGA-DJ-A1QO-01,,Thyroid Cancer,TCGA Tumor,THCA,Thyroid Cancer,11.00661227,-0.417237144
TCGA-28-5209-01,,Glioblastoma,TCGA Tumor,GBM,Brain Cancer,1.330661085,-9.673766683
TCGA-CJ-4885-01,,Kidney Cancer,TCGA Tumor,KIRC,Kidney Cancer,6.265580144,-6.716312002
TARGET-50-PAKFME-01,,Kidney Cancer,TCGA Tumor,WT,Kidney Cancer,-4.603947196,7.734859873
TCGA-AJ-A3NE-01,,Endometrial/Uterine Cancer,TCGA Tumor,UCEC,Endometrial/Uterine Cancer,1.400877323,6.504858423
TCGA-91-8496-01,,Lung Cancer,TCGA Tumor,LUAD,Lung Cancer,-0.196908865,-2.658013653
TCGA-BR-7851-01,,Gastric Cancer,TCGA Tumor,STAD,Gastric Cancer,-4.668630633,-3.61233909
TCGA-G4-6307-01,,Colorectal Cancer,TCGA Tumor,COAD,Colon/Colorectal Cancer,-6.005068812,-3.666017841
TCGA-CN-A498-01,,Head and Neck Cancer,TCGA Tumor,HNSC,Head and Neck Cancer,-6.724511657,0.717699755
TCGA-DQ-7593-01,,Head and Neck Cancer,TCGA Tumor,HNSC,Head and Neck Cancer,-6.218572173,1.997614552
TCGA-ET-A3BX-01,,Thyroid Cancer,TCGA Tumor,THCA,Thyroid Cancer,11.16548678,-0.309968482
TCGA-DD-A3A6-01,,Liver Cancer,TCGA Tumor,LIHC,Liver Cancer,1.377018419,1.319812943
TCGA-E2-A158-01,,Breast Cancer,TCGA Tumor,BRCA,Breast Cancer,1.045219627,-1.528986524
TCGA-HD-A4C1-01,,Head and Neck Cancer,TCGA Tumor,HNSC,Head and Neck Cancer,-6.8522158,0.660493363
TCGA-B5-A0JN-01,,Endometrial/Uterine Cancer,TCGA Tumor,UCEC,Endometrial/Uterine Cancer,1.346132484,6.563138891
TCGA-UE-A6QT-01,,Sarcoma,TCGA Tumor,SARC,Sarcoma,1.070796874,1.148697783
TCGA-BR-4187-01,,Gastric Cancer,TCGA Tumor,STAD,Gastric Cancer,-2.729889664,-1.989097189
TCGA-B0-4712-01,,Kidney Cancer,TCGA Tumor,KIRC,Kidney Cancer,6.119141069,-5.34536035
TCGA-CJ-4868-01,,Kidney Cancer,TCGA Tumor,KIRC,Kidney Cancer,6.087047067,-5.383677076
TCGA-A8-A079-01,,Breast Cancer,TCGA Tumor,BRCA,Breast Cancer,5.66668984,-1.645780753
TCGA-CJ-6030-01,,Kidney Cancer,TCGA Tumor,KIRC,Kidney Cancer,6.219982114,-5.603416513
TCGA-A3-3307-01,,Kidney Cancer,TCGA Tumor,KIRC,Kidney Cancer,6.345058408,-6.6944247
TCGA-86-8280-01,,Lung Cancer,TCGA Tumor,LUAD,Lung Cancer,-0.326010678,-2.795005154
TCGA-3M-AB47-01,,Gastric Cancer,TCGA Tumor,STAD,Gastric Cancer,-5.541726622,-3.120977711
TCGA-BH-A204-01,,Breast Cancer,TCGA Tumor,BRCA,Breast Cancer,5.343083825,-1.52471013
TCGA-EL-A3GW-01,,Thyroid Cancer,TCGA Tumor,THCA,Thyroid Cancer,11.48201224,0.827330698
TCGA-ZF-A9R1-01,,Bladder Cancer,TCGA Tumor,BLCA,Bladder Cancer,-3.774424586,0.123606589
TCGA-CF-A47S-01,,Bladder Cancer,TCGA Tumor,BLCA,Bladder Cancer,-3.594245705,0.129889991
TCGA-61-2098-01,,Ovarian Cancer,TCGA Tumor,OV,Ovarian Cancer,1.458090987,7.759709288
TCGA-R5-A7O7-01,,Gastric Cancer,TCGA Tumor,STAD,Gastric Cancer,-2.64647511,-1.922517132
TCGA-BA-5151-01,,Head and Neck Cancer,TCGA Tumor,HNSC,Head and Neck Cancer,-6.874535594,0.627185453
TCGA-FD-A62N-01,,Bladder Cancer,TCGA Tumor,BLCA,Bladder Cancer,-5.26754621,0.766681362
TCGA-CC-A8HS-01,,Liver Cancer,TCGA Tumor,LIHC,Liver Cancer,0.41775976,3.57151096
TCGA-B0-4815-01,,Kidney Cancer,TCGA Tumor,KIRC,Kidney Cancer,6.153501954,-5.586156916
TCGA-AO-A03T-01,,Breast Cancer,TCGA Tumor,BRCA,Breast Cancer,3.939420905,-1.867924403
TCGA-IQ-A61G-01,,Head and Neck Cancer,TCGA Tumor,HNSC,Head and Neck Cancer,-6.808749709,0.743099321
TCGA-UB-AA0U-01,,Liver Cancer,TCGA Tumor,LIHC,Liver Cancer,0.811886993,4.001534392
TCGA-23-1032-01,,Ovarian Cancer,TCGA Tumor,OV,Ovarian Cancer,1.58118948,8.320166041
TCGA-96-A4JL-01,,Lung Cancer,TCGA Tumor,LUSC,Lung Cancer,-5.117211375,1.023138035
TCGA-A1-A0SP-01,,Breast Cancer,TCGA Tumor,BRCA,Breast Cancer,0.914019194,-1.393075894
TCGA-EM-A2CR-01,,Thyroid Cancer,TCGA Tumor,THCA,Thyroid Cancer,11.56705901,0.618051339
TCGA-D8-A1XL-01,,Breast Cancer,TCGA Tumor,BRCA,Breast Cancer,5.568731275,-1.602930139
TCGA-A2-A4RX-01,,Breast Cancer,TCGA Tumor,BRCA,Breast Cancer,1.003235963,-1.542932581
TCGA-60-2698-01,,Lung Cancer,TCGA Tumor,LUSC,Lung Cancer,-5.646394286,1.380847145
TCGA-FE-A231-01,,Thyroid Cancer,TCGA Tumor,THCA,Thyroid Cancer,10.97545096,-0.612536918
TCGA-G4-6310-01,,Colorectal Cancer,TCGA Tumor,COAD,Colon/Colorectal Cancer,-5.479420218,-3.311086487
TCGA-G3-A25Y-01,,Liver Cancer,TCGA Tumor,LIHC,Liver Cancer,0.40401565,3.570166756
TCGA-AR-A2LO-01,,Breast Cancer,TCGA Tumor,BRCA,Breast Cancer,4.687240091,-1.514068436
TCGA-CV-A463-01,,Head and Neck Cancer,TCGA Tumor,HNSC,Head and Neck Cancer,-6.877616439,0.658732999
TCGA-EW-A1PA-01,,Breast Cancer,TCGA Tumor,BRCA,Breast Cancer,5.619048085,-1.665093731
TCGA-24-0975-01,,Ovarian Cancer,TCGA Tumor,OV,Ovarian Cancer,1.933358636,8.207301546
TCGA-D8-A27H-01,,Breast Cancer,TCGA Tumor,BRCA,Breast Cancer,1.139030602,-1.531786751
TCGA-A6-6781-01,,Colorectal Cancer,TCGA Tumor,COAD,Colon/Colorectal Cancer,-4.464301142,-3.367478918
TCGA-86-8674-01,,Lung Cancer,TCGA Tumor,LUAD,Lung Cancer,-1.06037477,-2.43672521
TCGA-B0-4698-01,,Kidney Cancer,TCGA Tumor,KIRC,Kidney Cancer,0.890813347,1.031806697
TCGA-BR-8591-01,,Gastric Cancer,TCGA Tumor,STAD,Gastric Cancer,-4.545275721,-3.637415956
TCGA-D3-A8GO-06,,Skin Cancer,TCGA Tumor,SKCM,Skin Cancer,5.022423711,3.408948828
TCGA-HU-A4GP-01,,Gastric Cancer,TCGA Tumor,STAD,Gastric Cancer,-3.765840087,-3.701637815
TCGA-E9-A1NC-01,,Breast Cancer,TCGA Tumor,BRCA,Breast Cancer,0.960023728,-1.46469314
TCGA-YC-A89H-01,,Bladder Cancer,TCGA Tumor,BLCA,Bladder Cancer,-3.840724978,0.12965728
TCGA-L5-A88S-01,,Esophageal Cancer,TCGA Tumor,ESCA,Esophageal Cancer,-6.356876406,0.307363738
TCGA-2H-A9GN-01,,Esophageal Cancer,TCGA Tumor,ESCA,Esophageal Cancer,-5.561159167,-3.496908497
TCGA-B0-5096-01,,Kidney Cancer,TCGA Tumor,KIRC,Kidney Cancer,6.161688771,-5.269034456
TCGA-VQ-AA6A-01,,Gastric Cancer,TCGA Tumor,STAD,Gastric Cancer,-3.830647025,-3.628171991
TCGA-A2-A3XS-01,,Breast Cancer,TCGA Tumor,BRCA,Breast Cancer,0.895416167,-1.58133943
TCGA-44-6146-01,,Lung Cancer,TCGA Tumor,LUAD,Lung Cancer,-3.761450801,-3.633327555
TCGA-EL-A4K6-01,,Thyroid Cancer,TCGA Tumor,THCA,Thyroid Cancer,11.57194945,0.686227966
TCGA-A3-3316-01,,Kidney Cancer,TCGA Tumor,KIRC,Kidney Cancer,6.294471231,-5.380962442
TCGA-13-1495-01,,Ovarian Cancer,TCGA Tumor,OV,Ovarian Cancer,1.540206638,7.865132738
TCGA-63-7023-01,,Lung Cancer,TCGA Tumor,LUSC,Lung Cancer,-5.325867686,2.235538889
TCGA-5C-AAPD-01,,Liver Cancer,TCGA Tumor,LIHC,Liver Cancer,0.371060387,3.514771868
TCGA-CF-A47X-01,,Bladder Cancer,TCGA Tumor,BLCA,Bladder Cancer,-3.592127356,0.090361301
TCGA-K7-A6G5-01,,Liver Cancer,TCGA Tumor,LIHC,Liver Cancer,1.072166589,4.195416857
TCGA-DD-A116-01,,Liver Cancer,TCGA Tumor,LIHC,Liver Cancer,0.926411178,3.797417809
TCGA-BF-A1PX-01,,Skin Cancer,TCGA Tumor,SKCM,Skin Cancer,-6.42199758,-0.012835312
TCGA-EL-A3D4-01,,Thyroid Cancer,TCGA Tumor,THCA,Thyroid Cancer,11.66246554,0.750655998
TCGA-DJ-A1QD-01,,Thyroid Cancer,TCGA Tumor,THCA,Thyroid Cancer,11.04749915,-0.483823429
TCGA-L6-A4EQ-01,,Thyroid Cancer,TCGA Tumor,THCA,Thyroid Cancer,11.53149077,-0.00981624
TCGA-AO-A0J7-01,,Breast Cancer,TCGA Tumor,BRCA,Breast Cancer,5.496274438,-1.617270421
TCGA-35-4122-01,,Lung Cancer,TCGA Tumor,LUAD,Lung Cancer,0.247426372,-1.711169552
TCGA-D8-A1XY-01,,Breast Cancer,TCGA Tumor,BRCA,Breast Cancer,3.877211776,-1.715591143
TARGET-50-PAKKSE-01,,Kidney Cancer,TCGA Tumor,WT,Kidney Cancer,-3.950430426,6.746698309
TCGA-L5-A43I-01,,Esophageal Cancer,TCGA Tumor,ESCA,Esophageal Cancer,-3.829606089,-3.620698522
TCGA-20-1687-01,,Ovarian Cancer,TCGA Tumor,OV,Ovarian Cancer,2.015869942,8.213009287
TCGA-EY-A3QX-01,,Endometrial/Uterine Cancer,TCGA Tumor,UCEC,Endometrial/Uterine Cancer,-0.256168399,-2.717449259
TCGA-ER-A42H-01,,Skin Cancer,TCGA Tumor,SKCM,Skin Cancer,5.891892877,3.751794268
TCGA-58-8386-01,,Lung Cancer,TCGA Tumor,LUSC,Lung Cancer,-6.225692305,1.083322097
TCGA-41-2572-01,,Glioblastoma,TCGA Tumor,GBM,Brain Cancer,1.254146781,-9.758849691
TCGA-A2-A0CK-01,,Breast Cancer,TCGA Tumor,BRCA,Breast Cancer,4.333603111,-1.767049025
TCGA-AZ-5403-01,,Colorectal Cancer,TCGA Tumor,COAD,Colon/Colorectal Cancer,-5.82405189,-3.721582483
TCGA-CN-A6V1-01,,Head and Neck Cancer,TCGA Tumor,HNSC,Head and Neck Cancer,-6.155310187,2.224986483
TCGA-DD-AACJ-01,,Liver Cancer,TCGA Tumor,LIHC,Liver Cancer,1.290844169,3.870803047
TCGA-AC-A8OR-01,,Breast Cancer,TCGA Tumor,BRCA,Breast Cancer,5.630681005,-1.644527983
TCGA-G3-AAV5-01,,Liver Cancer,TCGA Tumor,LIHC,Liver Cancer,1.388409462,3.803441454
TCGA-CM-5861-01,,Colorectal Cancer,TCGA Tumor,COAD,Colon/Colorectal Cancer,-4.841496024,-3.711151909
TCGA-A2-A0YH-01,,Breast Cancer,TCGA Tumor,BRCA,Breast Cancer,4.090356317,-1.829700898
TCGA-ER-A19B-06,,Skin Cancer,TCGA Tumor,SKCM,Skin Cancer,5.041847673,3.435717989
TCGA-DD-A11B-01,,Liver Cancer,TCGA Tumor,LIHC,Liver Cancer,0.893281993,3.866794277
TCGA-UF-A71E-01,,Head and Neck Cancer,TCGA Tumor,HNSC,Head and Neck Cancer,-6.043448958,2.383433987
TCGA-UE-A6QU-01,,Sarcoma,TCGA Tumor,SARC,Sarcoma,0.636283335,0.931178619
TCGA-G3-A5SK-01,,Liver Cancer,TCGA Tumor,LIHC,Liver Cancer,1.033281949,4.18422978
TCGA-EL-A3H1-01,,Thyroid Cancer,TCGA Tumor,THCA,Thyroid Cancer,11.5791125,0.799104263
TCGA-2F-A9KQ-01,,Bladder Cancer,TCGA Tumor,BLCA,Bladder Cancer,-3.640893969,0.146721933
TCGA-CJ-6031-01,,Kidney Cancer,TCGA Tumor,KIRC,Kidney Cancer,6.234974351,-5.365455698
TCGA-KS-A41F-01,,Thyroid Cancer,TCGA Tumor,THCA,Thyroid Cancer,11.16130301,-0.442455392
TCGA-CV-7409-01,,Head and Neck Cancer,TCGA Tumor,HNSC,Head and Neck Cancer,-6.242391619,1.184396793
TCGA-EW-A3U0-01,,Breast Cancer,TCGA Tumor,BRCA,Breast Cancer,1.016953793,-1.5376379
TCGA-AQ-A7U7-01,,Breast Cancer,TCGA Tumor,BRCA,Breast Cancer,4.674668279,-1.514653276
TCGA-12-0821-01,,Glioblastoma,TCGA Tumor,GBM,Brain Cancer,1.251887765,-9.841325353
TCGA-B0-4700-01,,Kidney Cancer,TCGA Tumor,KIRC,Kidney Cancer,6.172022786,-5.399308752
TCGA-B0-5092-01,,Kidney Cancer,TCGA Tumor,KIRC,Kidney Cancer,5.991724458,-5.853409838
TCGA-CZ-4859-01,,Kidney Cancer,TCGA Tumor,KIRC,Kidney Cancer,6.325220552,-6.78408296
TCGA-19-2619-01,,Glioblastoma,TCGA Tumor,GBM,Brain Cancer,1.22481772,-9.857156347
TCGA-31-1956-01,,Ovarian Cancer,TCGA Tumor,OV,Ovarian Cancer,1.011579123,-0.555838775
TCGA-CN-A49B-01,,Head and Neck Cancer,TCGA Tumor,HNSC,Head and Neck Cancer,-5.981196437,1.527143408
TCGA-EE-A2GE-06,,Skin Cancer,TCGA Tumor,SKCM,Skin Cancer,4.983746495,3.387514282
TCGA-CQ-A4CB-01,,Head and Neck Cancer,TCGA Tumor,HNSC,Head and Neck Cancer,-5.488773379,0.760801841
TCGA-B7-A5TN-01,,Gastric Cancer,TCGA Tumor,STAD,Gastric Cancer,-3.10188416,-2.620159696
TCGA-DD-A73E-01,,Liver Cancer,TCGA Tumor,LIHC,Liver Cancer,1.341841605,3.86855476
TCGA-94-8491-01,,Lung Cancer,TCGA Tumor,LUSC,Lung Cancer,-5.655429873,1.949361254
TCGA-LN-A4A3-01,,Esophageal Cancer,TCGA Tumor,ESCA,Esophageal Cancer,-6.47109178,0.61739992
TCGA-CA-5796-01,,Colorectal Cancer,TCGA Tumor,COAD,Colon/Colorectal Cancer,-4.908041034,-3.736072849
TCGA-DD-AADJ-01,,Liver Cancer,TCGA Tumor,LIHC,Liver Cancer,0.406124236,3.570636202
TCGA-86-7953-01,,Lung Cancer,TCGA Tumor,LUAD,Lung Cancer,-0.176685426,-2.868148397
TCGA-59-2352-01,,Ovarian Cancer,TCGA Tumor,OV,Ovarian Cancer,1.46440598,7.903420378
TCGA-A7-A13F-01,,Breast Cancer,TCGA Tumor,BRCA,Breast Cancer,5.59747931,-1.73298211
TCGA-ET-A2MX-01,,Thyroid Cancer,TCGA Tumor,THCA,Thyroid Cancer,11.01227614,-0.477629851
TCGA-EU-5907-01,,Kidney Cancer,TCGA Tumor,KIRC,Kidney Cancer,6.192161527,-6.247123789
TCGA-LT-A8JT-01,,Bladder Cancer,TCGA Tumor,BLCA,Bladder Cancer,-3.671194587,0.108487122
TCGA-DX-A3M1-01,,Sarcoma,TCGA Tumor,SARC,Sarcoma,1.239600625,1.703357388
TCGA-5S-A9Q8-01,,Endometrial/Uterine Cancer,TCGA Tumor,UCEC,Endometrial/Uterine Cancer,1.248587277,6.648134161
TCGA-CR-5247-01,,Head and Neck Cancer,TCGA Tumor,HNSC,Head and Neck Cancer,-6.322656188,1.030198861
TCGA-60-2697-01,,Lung Cancer,TCGA Tumor,LUSC,Lung Cancer,-0.945183787,-1.888935398
TCGA-KS-A41I-01,,Thyroid Cancer,TCGA Tumor,THCA,Thyroid Cancer,11.21361777,0.539427121
TCGA-L5-A891-01,,Esophageal Cancer,TCGA Tumor,ESCA,Esophageal Cancer,-5.749544177,-3.454623054
TCGA-EE-A2M5-06,,Skin Cancer,TCGA Tumor,SKCM,Skin Cancer,1.120932069,1.11731558
TCGA-NC-A5HN-01,,Lung Cancer,TCGA Tumor,LUSC,Lung Cancer,-5.301886592,2.393082071
TCGA-C8-A8HR-01,,Breast Cancer,TCGA Tumor,BRCA,Breast Cancer,4.425039258,-1.683286976
TCGA-44-5643-01,,Lung Cancer,TCGA Tumor,LUAD,Lung Cancer,-5.65567306,1.941396166
TCGA-W5-AA2R-01,,Bile Duct Cancer,TCGA Tumor,CHOL,Bile Duct Cancer,-0.112721596,3.02422588
TCGA-EM-A3FR-01,,Thyroid Cancer,TCGA Tumor,THCA,Thyroid Cancer,11.56225058,0.800774206
TCGA-21-5784-01,,Lung Cancer,TCGA Tumor,LUSC,Lung Cancer,-5.971475634,0.967738379
TCGA-D8-A1Y0-01,,Breast Cancer,TCGA Tumor,BRCA,Breast Cancer,4.706344571,-1.661778878
TCGA-BR-8676-01,,Gastric Cancer,TCGA Tumor,STAD,Gastric Cancer,-0.626258764,-1.498297762
TCGA-MX-A5UG-01,,Gastric Cancer,TCGA Tumor,STAD,Gastric Cancer,-4.114559684,-3.650727819
TCGA-24-2027-01,,Ovarian Cancer,TCGA Tumor,OV,Ovarian Cancer,1.369489637,7.115710188
TCGA-13-1489-01,,Ovarian Cancer,TCGA Tumor,OV,Ovarian Cancer,1.943386283,8.211819101
TCGA-QS-A5YQ-01,,Endometrial/Uterine Cancer,TCGA Tumor,UCEC,Endometrial/Uterine Cancer,1.434136119,6.524116923
TCGA-22-4609-01,,Lung Cancer,TCGA Tumor,LUSC,Lung Cancer,-5.68583158,2.428158451
TCGA-P3-A6SX-01,,Head and Neck Cancer,TCGA Tumor,HNSC,Head and Neck Cancer,-6.567678008,0.617647637
TCGA-GF-A4EO-06,,Skin Cancer,TCGA Tumor,SKCM,Skin Cancer,5.262091127,3.469491411
TCGA-EM-A3OA-01,,Thyroid Cancer,TCGA Tumor,THCA,Thyroid Cancer,11.43603655,0.901176263
TCGA-FB-A78T-01,,Pancreatic Cancer,TCGA Tumor,PAAD,Pancreatic Cancer,-3.254975114,-2.694113563
TCGA-AN-A0FN-01,,Breast Cancer,TCGA Tumor,BRCA,Breast Cancer,3.270091739,-1.274246286
TCGA-GV-A6ZA-01,,Bladder Cancer,TCGA Tumor,BLCA,Bladder Cancer,-3.62534431,0.077920059
TCGA-MT-A51X-01,,Head and Neck Cancer,TCGA Tumor,HNSC,Head and Neck Cancer,-6.669512305,0.554771889
TCGA-61-2102-01,,Ovarian Cancer,TCGA Tumor,OV,Ovarian Cancer,-3.951118026,6.748839785
TCGA-25-1321-01,,Ovarian Cancer,TCGA Tumor,OV,Ovarian Cancer,1.67478725,8.421340395
TCGA-AA-3685-01,,Colorectal Cancer,TCGA Tumor,COAD,Colon/Colorectal Cancer,-6.090240989,-3.767010759
TCGA-L5-A8NV-01,,Esophageal Cancer,TCGA Tumor,ESCA,Esophageal Cancer,-3.723585639,-3.581981014
TCGA-CI-6623-01,,Colorectal Cancer,TCGA Tumor,READ,Colon/Colorectal Cancer,-6.127427611,-3.727249693
TCGA-A8-A08J-01,,Breast Cancer,TCGA Tumor,BRCA,Breast Cancer,4.980745282,-1.292225551
TCGA-DK-A3IL-01,,Bladder Cancer,TCGA Tumor,BLCA,Bladder Cancer,-3.70338777,-0.132091846
TCGA-ET-A3BT-01,,Thyroid Cancer,TCGA Tumor,THCA,Thyroid Cancer,11.22163149,-0.248698067
TCGA-4C-A93U-01,,Thyroid Cancer,TCGA Tumor,THCA,Thyroid Cancer,10.97647521,-0.262730788
TCGA-CN-A6UY-01,,Head and Neck Cancer,TCGA Tumor,HNSC,Head and Neck Cancer,-5.496325526,1.394035627
TARGET-50-PAJLKC-01,,Kidney Cancer,TCGA Tumor,WT,Kidney Cancer,-4.626219306,7.760458876
TCGA-98-A53D-01,,Lung Cancer,TCGA Tumor,LUSC,Lung Cancer,-0.994134698,-1.910861324
TCGA-FD-A5BT-01,,Bladder Cancer,TCGA Tumor,BLCA,Bladder Cancer,-0.033858034,1.41383021
TCGA-AF-2690-01,,Colorectal Cancer,TCGA Tumor,READ,Colon/Colorectal Cancer,-5.709649119,-3.084091257
TCGA-12-0619-01,,Glioblastoma,TCGA Tumor,GBM,Brain Cancer,1.334720102,-9.065093588
TCGA-FW-A3TV-06,,Skin Cancer,TCGA Tumor,SKCM,Skin Cancer,5.869979348,3.472681452
TCGA-F7-A61V-01,,Head and Neck Cancer,TCGA Tumor,HNSC,Head and Neck Cancer,-6.383853946,1.13813584
TCGA-UB-AA0V-01,,Liver Cancer,TCGA Tumor,LIHC,Liver Cancer,1.045440879,4.142837931
TCGA-05-4427-01,,Lung Cancer,TCGA Tumor,LUAD,Lung Cancer,-0.013881061,-3.065558266
TCGA-EW-A1PF-01,,Breast Cancer,TCGA Tumor,BRCA,Breast Cancer,4.123254504,-1.782863568
TCGA-AO-A03L-01,,Breast Cancer,TCGA Tumor,BRCA,Breast Cancer,4.938511815,-1.280614804
TCGA-BW-A5NP-01,,Liver Cancer,TCGA Tumor,LIHC,Liver Cancer,0.460241232,3.581591774
TCGA-25-1322-01,,Ovarian Cancer,TCGA Tumor,OV,Ovarian Cancer,1.61090323,8.136242319
TCGA-AN-A0FY-01,,Breast Cancer,TCGA Tumor,BRCA,Breast Cancer,5.161567655,-1.434861134
TCGA-QK-A8Z7-01,,Head and Neck Cancer,TCGA Tumor,HNSC,Head and Neck Cancer,-5.957874808,2.411127974
TCGA-EE-A3J5-06,,Skin Cancer,TCGA Tumor,SKCM,Skin Cancer,6.006046739,3.567988087
TCGA-77-7138-01,,Lung Cancer,TCGA Tumor,LUSC,Lung Cancer,-6.473694834,0.591882039
TCGA-L6-A4EU-01,,Thyroid Cancer,TCGA Tumor,THCA,Thyroid Cancer,10.97697112,-0.272159915
TCGA-AC-A7VC-01,,Breast Cancer,TCGA Tumor,BRCA,Breast Cancer,1.014049556,1.119469453
TCGA-13-0797-01,,Ovarian Cancer,TCGA Tumor,OV,Ovarian Cancer,1.816745248,8.251524378
TCGA-DD-A4NL-01,,Liver Cancer,TCGA Tumor,LIHC,Liver Cancer,1.009098735,4.145298411
TCGA-EP-A3JL-01,,Liver Cancer,TCGA Tumor,LIHC,Liver Cancer,0.927943316,4.031122376
TCGA-DA-A960-01,,Skin Cancer,TCGA Tumor,SKCM,Skin Cancer,5.849805799,3.400801111
TCGA-73-7498-01,,Lung Cancer,TCGA Tumor,LUAD,Lung Cancer,-0.425752673,-2.991070579
TCGA-90-A4ED-01,,Lung Cancer,TCGA Tumor,LUSC,Lung Cancer,-5.280493293,0.842031289
TCGA-SY-A9G0-01,,Bladder Cancer,TCGA Tumor,BLCA,Bladder Cancer,-4.014216933,-0.13818128
TCGA-FB-AAPP-01,,Pancreatic Cancer,TCGA Tumor,PAAD,Pancreatic Cancer,-4.894484553,-3.732058119
TCGA-E9-A1R3-01,,Breast Cancer,TCGA Tumor,BRCA,Breast Cancer,3.855397191,-1.670458745
TCGA-E2-A1IN-01,,Breast Cancer,TCGA Tumor,BRCA,Breast Cancer,3.9178476,-1.676591467
TCGA-75-6214-01,,Lung Cancer,TCGA Tumor,LUAD,Lung Cancer,-6.291955504,1.457781244
TCGA-E2-A1LB-01,,Breast Cancer,TCGA Tumor,BRCA,Breast Cancer,4.085836854,-0.904514383
TCGA-22-5491-01,,Lung Cancer,TCGA Tumor,LUSC,Lung Cancer,-5.957047019,2.379137684
TCGA-93-7348-01,,Lung Cancer,TCGA Tumor,LUAD,Lung Cancer,-0.446874115,-2.838287186
TCGA-CZ-5463-01,,Kidney Cancer,TCGA Tumor,KIRC,Kidney Cancer,6.092950311,-6.561944078
TCGA-EM-A22O-01,,Thyroid Cancer,TCGA Tumor,THCA,Thyroid Cancer,10.94461676,-0.685556303
TCGA-A6-5664-01,,Colorectal Cancer,TCGA Tumor,COAD,Colon/Colorectal Cancer,-5.887952361,-3.381596874
TCGA-AZ-5407-01,,Colorectal Cancer,TCGA Tumor,COAD,Colon/Colorectal Cancer,-5.931282553,-3.732277225
TCGA-CD-A4MJ-01,,Gastric Cancer,TCGA Tumor,STAD,Gastric Cancer,-4.56893209,-3.630802463
TCGA-97-8174-01,,Lung Cancer,TCGA Tumor,LUAD,Lung Cancer,-0.6801509,-2.789327692
TCGA-CZ-5452-01,,Kidney Cancer,TCGA Tumor,KIRC,Kidney Cancer,5.997914758,-6.393093656
TCGA-A2-A25E-01,,Breast Cancer,TCGA Tumor,BRCA,Breast Cancer,5.565599408,-1.562264155
TCGA-HU-A4H3-01,,Gastric Cancer,TCGA Tumor,STAD,Gastric Cancer,-3.843397651,-3.676328491
TCGA-ET-A3DO-01,,Thyroid Cancer,TCGA Tumor,THCA,Thyroid Cancer,10.9202542,-0.271396737
TCGA-BT-A2LD-01,,Bladder Cancer,TCGA Tumor,BLCA,Bladder Cancer,-3.924849067,-0.714589666
TCGA-B0-4839-01,,Kidney Cancer,TCGA Tumor,KIRC,Kidney Cancer,6.277626481,-5.666472029
TCGA-EE-A2GP-06,,Skin Cancer,TCGA Tumor,SKCM,Skin Cancer,5.279241052,3.442485739
TCGA-DK-A1AC-01,,Bladder Cancer,TCGA Tumor,BLCA,Bladder Cancer,-3.58234385,-0.553606044
TCGA-55-8620-01,,Lung Cancer,TCGA Tumor,LUAD,Lung Cancer,-1.269664559,-0.669565092
TCGA-CZ-5468-01,,Kidney Cancer,TCGA Tumor,KIRC,Kidney Cancer,6.197465387,-5.298336099
TCGA-XF-A9T8-01,,Bladder Cancer,TCGA Tumor,BLCA,Bladder Cancer,-6.392224345,1.59009533
TCGA-CN-4729-01,,Head and Neck Cancer,TCGA Tumor,HNSC,Head and Neck Cancer,-6.528236899,0.427230973
TCGA-58-8390-01,,Lung Cancer,TCGA Tumor,LUSC,Lung Cancer,-5.247132334,0.931661595
TCGA-CN-A6V6-01,,Head and Neck Cancer,TCGA Tumor,HNSC,Head and Neck Cancer,-6.370733294,1.878443409
TCGA-EW-A1IY-01,,Breast Cancer,TCGA Tumor,BRCA,Breast Cancer,3.967682805,-1.636475872
TCGA-B6-A0X4-01,,Breast Cancer,TCGA Tumor,BRCA,Breast Cancer,5.907685247,-1.639185499
TARGET-50-PAJNYT-01,,Kidney Cancer,TCGA Tumor,WT,Kidney Cancer,-3.957033191,6.750986982
TCGA-D8-A1XQ-01,,Breast Cancer,TCGA Tumor,BRCA,Breast Cancer,0.251500246,-1.832455109
TCGA-62-8399-01,,Lung Cancer,TCGA Tumor,LUAD,Lung Cancer,-0.638391409,-2.450515341
TCGA-EB-A41B-01,,Skin Cancer,TCGA Tumor,SKCM,Skin Cancer,5.900568452,3.591360022
TCGA-W5-AA36-01,,Bile Duct Cancer,TCGA Tumor,CHOL,Bile Duct Cancer,-0.110602412,3.023944784
TCGA-DI-A1C3-01,,Endometrial/Uterine Cancer,TCGA Tumor,UCEC,Endometrial/Uterine Cancer,1.414955464,6.57550614
TCGA-DC-6682-01,,Colorectal Cancer,TCGA Tumor,READ,Colon/Colorectal Cancer,-5.853806052,-3.639941524
TCGA-80-5607-01,,Lung Cancer,TCGA Tumor,LUAD,Lung Cancer,-0.217971775,-3.06932218
TCGA-A2-A0CL-01,,Breast Cancer,TCGA Tumor,BRCA,Breast Cancer,4.006378617,-1.800812076
TCGA-KM-8477-01,,Kidney Cancer,TCGA Tumor,KICH,Kidney Cancer,-3.526116643,5.082434107
TCGA-CJ-4892-01,,Kidney Cancer,TCGA Tumor,KIRC,Kidney Cancer,6.222466912,-6.700610231
TCGA-C8-A27A-01,,Breast Cancer,TCGA Tumor,BRCA,Breast Cancer,5.948393312,-1.652635883
TCGA-DD-A4ND-01,,Liver Cancer,TCGA Tumor,LIHC,Liver Cancer,0.544522014,3.700319458
TCGA-DD-AADF-01,,Liver Cancer,TCGA Tumor,LIHC,Liver Cancer,0.841563966,4.13445561
TCGA-EE-A20B-06,,Skin Cancer,TCGA Tumor,SKCM,Skin Cancer,4.985834089,3.387108256
TCGA-29-1762-01,,Ovarian Cancer,TCGA Tumor,OV,Ovarian Cancer,1.853674021,8.31639712
TARGET-50-PAJMEL-01,,Kidney Cancer,TCGA Tumor,WT,Kidney Cancer,-3.95742229,6.75245421
TCGA-KU-A6H8-01,,Head and Neck Cancer,TCGA Tumor,HNSC,Head and Neck Cancer,-6.110891375,0.215044786
TCGA-CQ-5331-01,,Head and Neck Cancer,TCGA Tumor,HNSC,Head and Neck Cancer,-6.682889495,0.433282871
TCGA-61-2110-01,,Ovarian Cancer,TCGA Tumor,OV,Ovarian Cancer,1.420007911,7.994505335
TCGA-FD-A6TD-01,,Bladder Cancer,TCGA Tumor,BLCA,Bladder Cancer,-5.186070952,0.697899212
TCGA-DJ-A4UP-01,,Thyroid Cancer,TCGA Tumor,THCA,Thyroid Cancer,11.53388831,0.527817596
TCGA-DK-AA77-01,,Bladder Cancer,TCGA Tumor,BLCA,Bladder Cancer,-3.600987944,0.001794927
TCGA-AY-6196-01,,Colorectal Cancer,TCGA Tumor,COAD,Colon/Colorectal Cancer,-2.703158412,-1.968634676
TCGA-E9-A249-01,,Breast Cancer,TCGA Tumor,BRCA,Breast Cancer,5.329117265,-1.36902697
TCGA-77-7141-01,,Lung Cancer,TCGA Tumor,LUSC,Lung Cancer,-5.210496936,2.477332998
TCGA-90-7766-01,,Lung Cancer,TCGA Tumor,LUSC,Lung Cancer,-5.862916026,2.209661175
TCGA-D9-A6EC-06,,Skin Cancer,TCGA Tumor,SKCM,Skin Cancer,5.655858484,3.397675444
TCGA-59-2363-01,,Ovarian Cancer,TCGA Tumor,OV,Ovarian Cancer,1.741250363,8.104187418
TCGA-EE-A29P-06,,Skin Cancer,TCGA Tumor,SKCM,Skin Cancer,5.758271661,3.595176388
TCGA-B0-5711-01,,Kidney Cancer,TCGA Tumor,KIRC,Kidney Cancer,6.197700467,-6.798901628
TCGA-B6-A0I6-01,,Breast Cancer,TCGA Tumor,BRCA,Breast Cancer,1.03396019,-1.492396306
TCGA-EE-A2GM-06,,Skin Cancer,TCGA Tumor,SKCM,Skin Cancer,5.587923017,3.771409203
TCGA-2J-AABE-01,,Pancreatic Cancer,TCGA Tumor,PAAD,Pancreatic Cancer,-3.236896786,-2.738834213
TCGA-XF-A8HC-01,,Bladder Cancer,TCGA Tumor,BLCA,Bladder Cancer,-3.579908643,-0.451768171
TCGA-D3-A8GQ-06,,Skin Cancer,TCGA Tumor,SKCM,Skin Cancer,4.952188935,3.382893253
TCGA-A2-A0ET-01,,Breast Cancer,TCGA Tumor,BRCA,Breast Cancer,5.56747767,-1.505858969
TCGA-XR-A8TC-01,,Liver Cancer,TCGA Tumor,LIHC,Liver Cancer,0.391062511,3.545417477
TCGA-RN-AAAQ-01,,Sarcoma,TCGA Tumor,SARC,Sarcoma,4.878833738,3.352939774
TCGA-A8-A07P-01,,Breast Cancer,TCGA Tumor,BRCA,Breast Cancer,5.669808831,-1.753276538
TCGA-BH-A1F5-01,,Breast Cancer,TCGA Tumor,BRCA,Breast Cancer,5.450201955,-1.448808383
TCGA-3A-A9IS-01,,Pancreatic Cancer,TCGA Tumor,PAAD,Pancreatic Cancer,-1.286135826,-0.666403722
TCGA-43-2581-01,,Lung Cancer,TCGA Tumor,LUSC,Lung Cancer,-0.104440543,-2.680463623
TCGA-49-AAR2-01,,Lung Cancer,TCGA Tumor,LUAD,Lung Cancer,-0.821052704,-2.307949613
TCGA-PQ-A6FN-01,,Bladder Cancer,TCGA Tumor,BLCA,Bladder Cancer,-5.964473281,0.962954749
TCGA-DD-AACA-01,,Liver Cancer,TCGA Tumor,LIHC,Liver Cancer,1.333839562,3.871933151
TCGA-DJ-A4UT-01,,Thyroid Cancer,TCGA Tumor,THCA,Thyroid Cancer,11.1913571,0.184003253
TCGA-XF-A9SL-01,,Bladder Cancer,TCGA Tumor,BLCA,Bladder Cancer,-3.936323676,-0.615953873
TCGA-D5-6920-01,,Colorectal Cancer,TCGA Tumor,COAD,Colon/Colorectal Cancer,-5.602603469,-3.74146397
TARGET-50-PAKPDF-01,,Kidney Cancer,TCGA Tumor,WT,Kidney Cancer,-4.580037627,7.713223387
TCGA-DD-AAE3-01,,Liver Cancer,TCGA Tumor,LIHC,Liver Cancer,1.054408338,4.190998961
TCGA-CG-4477-01,,Gastric Cancer,TCGA Tumor,STAD,Gastric Cancer,-3.368200335,-2.229960274
TCGA-EE-A185-06,,Skin Cancer,TCGA Tumor,SKCM,Skin Cancer,6.066028562,3.523851801
TCGA-B8-4151-01,,Kidney Cancer,TCGA Tumor,KIRC,Kidney Cancer,6.333512273,-6.77565391
TCGA-55-6543-01,,Lung Cancer,TCGA Tumor,LUAD,Lung Cancer,-0.41044173,-2.909949373
TCGA-JY-A93F-01,,Esophageal Cancer,TCGA Tumor,ESCA,Esophageal Cancer,-6.519640956,1.100032021
TCGA-GN-A4U5-01,,Skin Cancer,TCGA Tumor,SKCM,Skin Cancer,5.27787539,3.891649891
TCGA-2J-AABF-01,,Pancreatic Cancer,TCGA Tumor,PAAD,Pancreatic Cancer,-2.621861014,-2.488152336
TCGA-49-4501-01,,Lung Cancer,TCGA Tumor,LUAD,Lung Cancer,-0.235783312,-2.799899172
TCGA-IB-7893-01,,Pancreatic Cancer,TCGA Tumor,PAAD,Pancreatic Cancer,-2.098728213,-2.442803692
TCGA-A8-A08F-01,,Breast Cancer,TCGA Tumor,BRCA,Breast Cancer,5.667108026,-1.691803049
TCGA-CV-A461-01,,Head and Neck Cancer,TCGA Tumor,HNSC,Head and Neck Cancer,-6.211459193,1.837227155
TARGET-50-CAAAAM-01,,Kidney Cancer,TCGA Tumor,WT,Kidney Cancer,-3.966184172,6.764937807
TCGA-RC-A6M4-01,,Liver Cancer,TCGA Tumor,LIHC,Liver Cancer,1.311471846,3.880172897
TCGA-GC-A6I1-01,,Bladder Cancer,TCGA Tumor,BLCA,Bladder Cancer,-5.401180301,0.724329282
TCGA-FD-A5BX-01,,Bladder Cancer,TCGA Tumor,BLCA,Bladder Cancer,1.219851461,1.186536003
TCGA-DA-A1HY-06,,Skin Cancer,TCGA Tumor,SKCM,Skin Cancer,5.125135865,3.451472689
TCGA-BB-8596-01,,Head and Neck Cancer,TCGA Tumor,HNSC,Head and Neck Cancer,-5.652299437,1.185907651
TCGA-G4-6297-01,,Colorectal Cancer,TCGA Tumor,COAD,Colon/Colorectal Cancer,-5.632816825,-3.590895008
TCGA-G3-A7M7-01,,Liver Cancer,TCGA Tumor,LIHC,Liver Cancer,1.041984763,4.125975538
TCGA-62-A46S-01,,Lung Cancer,TCGA Tumor,LUAD,Lung Cancer,-0.681930218,-2.403756689
TCGA-BT-A20V-01,,Bladder Cancer,TCGA Tumor,BLCA,Bladder Cancer,-5.142551455,1.187027742
TCGA-85-8354-01,,Lung Cancer,TCGA Tumor,LUSC,Lung Cancer,-5.264746222,2.307745386
TCGA-LN-A7HZ-01,,Esophageal Cancer,TCGA Tumor,ESCA,Esophageal Cancer,-5.317925963,2.26854365
TCGA-AC-A5XU-01,,Breast Cancer,TCGA Tumor,BRCA,Breast Cancer,5.634263959,-1.693274092
TCGA-E8-A44K-01,,Thyroid Cancer,TCGA Tumor,THCA,Thyroid Cancer,10.91098258,-0.295470815
TCGA-CC-A3MB-01,,Liver Cancer,TCGA Tumor,LIHC,Liver Cancer,0.808103528,3.816103388
TCGA-24-1552-01,,Ovarian Cancer,TCGA Tumor,OV,Ovarian Cancer,1.655938354,7.991557528
TARGET-50-PAJNGH-02,,Kidney Cancer,TCGA Tumor,WT,Kidney Cancer,-4.635842833,7.772129465
TCGA-49-AARQ-01,,Lung Cancer,TCGA Tumor,LUAD,Lung Cancer,-0.236299071,-2.678779911
TCGA-13-1477-01,,Ovarian Cancer,TCGA Tumor,OV,Ovarian Cancer,1.229831662,7.683088232
TCGA-56-8201-01,,Lung Cancer,TCGA Tumor,LUSC,Lung Cancer,-5.340840373,0.763027657
TCGA-25-1326-01,,Ovarian Cancer,TCGA Tumor,OV,Ovarian Cancer,1.46962997,7.987447191
TCGA-AN-A0XL-01,,Breast Cancer,TCGA Tumor,BRCA,Breast Cancer,3.876770463,-1.71241815
TCGA-L5-A8NU-01,,Esophageal Cancer,TCGA Tumor,ESCA,Esophageal Cancer,-2.63583878,-1.935192894
TCGA-E9-A1ND-01,,Breast Cancer,TCGA Tumor,BRCA,Breast Cancer,-3.39039639,-0.901653599
TCGA-EE-A29T-06,,Skin Cancer,TCGA Tumor,SKCM,Skin Cancer,5.044577565,3.399121691
TCGA-EL-A3CM-01,,Thyroid Cancer,TCGA Tumor,THCA,Thyroid Cancer,11.0977225,-0.394165944
TCGA-CM-5863-01,,Colorectal Cancer,TCGA Tumor,COAD,Colon/Colorectal Cancer,-5.718788657,-3.507543634
TCGA-XR-A8TG-01,,Liver Cancer,TCGA Tumor,LIHC,Liver Cancer,0.920242098,4.151316572
TCGA-A8-A08R-01,,Breast Cancer,TCGA Tumor,BRCA,Breast Cancer,1.003753092,-1.567588281
TCGA-63-A5MW-01,,Lung Cancer,TCGA Tumor,LUSC,Lung Cancer,0.799133864,0.959567536
TCGA-28-5213-01,,Glioblastoma,TCGA Tumor,GBM,Brain Cancer,1.242401269,-9.631485533
TCGA-24-0982-01,,Ovarian Cancer,TCGA Tumor,OV,Ovarian Cancer,1.404925671,7.995583941
TCGA-EB-A5VU-01,,Skin Cancer,TCGA Tumor,SKCM,Skin Cancer,5.276462999,3.919772555
TCGA-GF-A6C9-06,,Skin Cancer,TCGA Tumor,SKCM,Skin Cancer,4.99267098,3.414842058
TCGA-GV-A3JW-01,,Bladder Cancer,TCGA Tumor,BLCA,Bladder Cancer,-3.534659419,-0.16485266
TCGA-DD-AAVW-01,,Liver Cancer,TCGA Tumor,LIHC,Liver Cancer,0.662218806,3.807365824
TCGA-D5-6540-01,,Colorectal Cancer,TCGA Tumor,COAD,Colon/Colorectal Cancer,-4.402522597,-3.528018068
TCGA-GM-A2DC-01,,Breast Cancer,TCGA Tumor,BRCA,Breast Cancer,5.601527658,-1.693873476
TCGA-93-A4JN-01,,Lung Cancer,TCGA Tumor,LUAD,Lung Cancer,-0.322723064,-2.818552326
TCGA-H7-A76A-01,,Head and Neck Cancer,TCGA Tumor,HNSC,Head and Neck Cancer,-6.185092006,1.236078311
TCGA-10-0931-01,,Ovarian Cancer,TCGA Tumor,OV,Ovarian Cancer,1.803378906,8.01392119
TCGA-AN-A04C-01,,Breast Cancer,TCGA Tumor,BRCA,Breast Cancer,4.192914453,-0.94363458
TCGA-09-1670-01,,Ovarian Cancer,TCGA Tumor,OV,Ovarian Cancer,1.710216847,8.492970873
TARGET-50-PAJMLZ-01,,Kidney Cancer,TCGA Tumor,WT,Kidney Cancer,-4.64568809,7.781198431
TCGA-2H-A9GR-01,,Esophageal Cancer,TCGA Tumor,ESCA,Esophageal Cancer,-3.940138373,-3.672888588
TCGA-60-2708-01,,Lung Cancer,TCGA Tumor,LUSC,Lung Cancer,-5.681284461,1.327106167
TCGA-KS-A4ID-01,,Thyroid Cancer,TCGA Tumor,THCA,Thyroid Cancer,11.13647601,0.337982376
TCGA-29-1688-01,,Ovarian Cancer,TCGA Tumor,OV,Ovarian Cancer,1.830096569,8.521930147
TCGA-B8-A54J-01,,Kidney Cancer,TCGA Tumor,KIRC,Kidney Cancer,6.357167688,-6.648340296
TCGA-VR-A8ET-01,,Esophageal Cancer,TCGA Tumor,ESCA,Esophageal Cancer,-6.52328876,1.271507193
TCGA-A2-A0YT-01,,Breast Cancer,TCGA Tumor,BRCA,Breast Cancer,5.615558114,-1.602407049
TCGA-91-6847-01,,Lung Cancer,TCGA Tumor,LUAD,Lung Cancer,-0.574429068,-2.075896334
TCGA-B8-5551-01,,Kidney Cancer,TCGA Tumor,KIRC,Kidney Cancer,6.039860215,-5.387294363
TCGA-24-1565-01,,Ovarian Cancer,TCGA Tumor,OV,Ovarian Cancer,1.970547047,8.329547335
TCGA-FE-A3PC-01,,Thyroid Cancer,TCGA Tumor,THCA,Thyroid Cancer,11.37581584,0.413281549
TCGA-CF-A1HS-01,,Bladder Cancer,TCGA Tumor,BLCA,Bladder Cancer,-6.510547671,0.4992054
TCGA-14-0789-01,,Glioblastoma,TCGA Tumor,GBM,Brain Cancer,1.362771061,-9.152004789
TCGA-BP-4769-01,,Kidney Cancer,TCGA Tumor,KIRC,Kidney Cancer,0.942322459,6.589287687
TCGA-25-1319-01,,Ovarian Cancer,TCGA Tumor,OV,Ovarian Cancer,1.708191362,8.483285357
TCGA-22-4593-01,,Lung Cancer,TCGA Tumor,LUSC,Lung Cancer,-5.366544757,0.834201146
TCGA-K1-A42W-01,,Sarcoma,TCGA Tumor,SARC,Sarcoma,2.039581862,1.680820872
TCGA-85-7843-01,,Lung Cancer,TCGA Tumor,LUSC,Lung Cancer,-5.965409312,2.372652937
TCGA-20-1683-01,,Ovarian Cancer,TCGA Tumor,OV,Ovarian Cancer,1.36810663,7.921540667
TCGA-60-2696-01,,Lung Cancer,TCGA Tumor,LUSC,Lung Cancer,-5.278591666,1.39374571
TCGA-55-6642-01,,Lung Cancer,TCGA Tumor,LUAD,Lung Cancer,-0.908285293,-1.996887993
TCGA-34-5240-01,,Lung Cancer,TCGA Tumor,LUSC,Lung Cancer,-5.373622927,2.342510868
TCGA-D7-8579-01,,Gastric Cancer,TCGA Tumor,STAD,Gastric Cancer,-2.673429045,-1.985976766
TCGA-B0-4836-01,,Kidney Cancer,TCGA Tumor,KIRC,Kidney Cancer,6.13265368,-5.39887483
TCGA-36-1575-01,,Ovarian Cancer,TCGA Tumor,OV,Ovarian Cancer,1.474368658,7.842274119
TCGA-25-2391-01,,Ovarian Cancer,TCGA Tumor,OV,Ovarian Cancer,1.756728378,8.530541826
TCGA-CU-A5W6-01,,Bladder Cancer,TCGA Tumor,BLCA,Bladder Cancer,-3.694024119,0.099986308
TCGA-BR-8683-01,,Gastric Cancer,TCGA Tumor,STAD,Gastric Cancer,-5.52392343,-3.458370518
TCGA-CG-4443-01,,Gastric Cancer,TCGA Tumor,STAD,Gastric Cancer,-4.01472095,-2.299875091
TCGA-ZQ-A9CR-01,,Gastric Cancer,TCGA Tumor,STAD,Gastric Cancer,-4.104128871,-2.844102215
TCGA-S3-AA10-01,,Breast Cancer,TCGA Tumor,BRCA,Breast Cancer,1.005033758,-1.543828915
TCGA-DX-A3UF-01,,Sarcoma,TCGA Tumor,SARC,Sarcoma,1.984756437,1.60384195
TCGA-09-0364-01,,Ovarian Cancer,TCGA Tumor,OV,Ovarian Cancer,1.301103082,7.706567694
TCGA-BT-A20T-01,,Bladder Cancer,TCGA Tumor,BLCA,Bladder Cancer,-3.883812938,0.169089947
TCGA-33-6737-01,,Lung Cancer,TCGA Tumor,LUSC,Lung Cancer,-1.298509035,-2.180198978
TCGA-CV-7180-01,,Head and Neck Cancer,TCGA Tumor,HNSC,Head and Neck Cancer,-6.860226187,0.772499729
TCGA-D3-A3C1-06,,Skin Cancer,TCGA Tumor,SKCM,Skin Cancer,5.098133054,3.460496594
TCGA-BH-A1EO-01,,Breast Cancer,TCGA Tumor,BRCA,Breast Cancer,3.311856475,-1.277673196
TCGA-E2-A107-01,,Breast Cancer,TCGA Tumor,BRCA,Breast Cancer,4.672287431,-1.226719927
TCGA-55-8203-01,,Lung Cancer,TCGA Tumor,LUAD,Lung Cancer,-0.717299971,-2.352027248
TCGA-A6-2686-01,,Colorectal Cancer,TCGA Tumor,COAD,Colon/Colorectal Cancer,-4.157223258,-3.614422392
TCGA-T1-A6J8-01,,Liver Cancer,TCGA Tumor,LIHC,Liver Cancer,0.940754023,4.058501173
TCGA-KB-A93H-01,,Gastric Cancer,TCGA Tumor,STAD,Gastric Cancer,-3.92600635,-3.552891325
TCGA-CV-7416-01,,Head and Neck Cancer,TCGA Tumor,HNSC,Head and Neck Cancer,-6.862690005,0.635904003
TCGA-CJ-4891-01,,Kidney Cancer,TCGA Tumor,KIRC,Kidney Cancer,6.09971663,-5.315816473
TCGA-KN-8427-01,,Kidney Cancer,TCGA Tumor,KICH,Kidney Cancer,1.104629901,1.200181533
TCGA-EW-A1J5-01,,Breast Cancer,TCGA Tumor,BRCA,Breast Cancer,5.058503118,-1.507579159
TCGA-DD-A4NE-01,,Liver Cancer,TCGA Tumor,LIHC,Liver Cancer,0.425737031,3.607623745
TCGA-C8-A131-01,,Breast Cancer,TCGA Tumor,BRCA,Breast Cancer,4.083506074,-0.893035184
TCGA-29-1691-01,,Ovarian Cancer,TCGA Tumor,OV,Ovarian Cancer,1.814135399,8.385424067
TCGA-FD-A6TC-01,,Bladder Cancer,TCGA Tumor,BLCA,Bladder Cancer,-3.60055736,-0.347417634
TCGA-GC-A3I6-01,,Bladder Cancer,TCGA Tumor,BLCA,Bladder Cancer,-5.565700087,1.252224017
TCGA-UF-A71A-01,,Head and Neck Cancer,TCGA Tumor,HNSC,Head and Neck Cancer,-5.4093366,2.342116524
TCGA-66-2771-01,,Lung Cancer,TCGA Tumor,LUSC,Lung Cancer,-5.833717379,2.327835013
TCGA-D9-A3Z4-01,,Skin Cancer,TCGA Tumor,SKCM,Skin Cancer,5.288561311,3.632643152
TCGA-DM-A28F-01,,Colorectal Cancer,TCGA Tumor,COAD,Colon/Colorectal Cancer,-5.973969016,-3.577236008
TCGA-VR-A8EP-01,,Esophageal Cancer,TCGA Tumor,ESCA,Esophageal Cancer,-6.162120852,2.083654572
TCGA-CC-A123-01,,Liver Cancer,TCGA Tumor,LIHC,Liver Cancer,0.535725784,3.660976339
TCGA-D5-7000-01,,Colorectal Cancer,TCGA Tumor,COAD,Colon/Colorectal Cancer,-5.466087374,-3.700694155
TCGA-RD-A8MV-01,,Gastric Cancer,TCGA Tumor,STAD,Gastric Cancer,-3.772545848,-3.707898449
TCGA-A2-A04W-01,,Breast Cancer,TCGA Tumor,BRCA,Breast Cancer,4.126629319,-0.915567707
TCGA-94-A5I4-01,,Lung Cancer,TCGA Tumor,LUSC,Lung Cancer,-5.44527534,2.524567295
TCGA-CV-7090-01,,Head and Neck Cancer,TCGA Tumor,HNSC,Head and Neck Cancer,-6.883472476,0.653795589
TCGA-85-A53L-01,,Lung Cancer,TCGA Tumor,LUSC,Lung Cancer,-5.444882426,1.525086809
TCGA-AO-A0JG-01,,Breast Cancer,TCGA Tumor,BRCA,Breast Cancer,5.360278096,-1.490739297
TCGA-LD-A74U-01,,Breast Cancer,TCGA Tumor,BRCA,Breast Cancer,4.520141092,-1.360954594
TARGET-50-PALDTE-01,,Kidney Cancer,TCGA Tumor,WT,Kidney Cancer,-4.579644713,7.71325152
TCGA-D3-A2JC-06,,Skin Cancer,TCGA Tumor,SKCM,Skin Cancer,5.901355233,3.498524595
TCGA-CD-5801-01,,Gastric Cancer,TCGA Tumor,STAD,Gastric Cancer,-3.781389746,-3.682356428
TCGA-E8-A414-01,,Thyroid Cancer,TCGA Tumor,THCA,Thyroid Cancer,10.96773478,-0.29876111
TCGA-MK-A4N7-01,,Thyroid Cancer,TCGA Tumor,THCA,Thyroid Cancer,11.56085345,0.041050256
TCGA-CN-6994-01,,Head and Neck Cancer,TCGA Tumor,HNSC,Head and Neck Cancer,-6.523793254,0.558273305
TCGA-B6-A0I5-01,,Breast Cancer,TCGA Tumor,BRCA,Breast Cancer,4.40191361,-1.570202302
TCGA-BH-A0RX-01,,Breast Cancer,TCGA Tumor,BRCA,Breast Cancer,0.297838133,-1.55472226
TCGA-HZ-A77Q-01,,Pancreatic Cancer,TCGA Tumor,PAAD,Pancreatic Cancer,-2.707512412,-2.001057218
TCGA-BH-A0DV-01,,Breast Cancer,TCGA Tumor,BRCA,Breast Cancer,3.268791881,-1.271873664
TCGA-R6-A8W8-01,,Esophageal Cancer,TCGA Tumor,ESCA,Esophageal Cancer,-4.836501632,-3.541969608
TCGA-CW-6093-01,,Kidney Cancer,TCGA Tumor,KIRC,Kidney Cancer,6.360741582,-6.39170463
TCGA-22-4594-01,,Lung Cancer,TCGA Tumor,LUSC,Lung Cancer,-1.142558965,-1.178888749
TCGA-44-7670-01,,Lung Cancer,TCGA Tumor,LUAD,Lung Cancer,-0.50991163,-2.788918327
TCGA-AK-3456-01,,Kidney Cancer,TCGA Tumor,KIRC,Kidney Cancer,5.602725949,-5.217270922
TCGA-CA-5256-01,,Colorectal Cancer,TCGA Tumor,COAD,Colon/Colorectal Cancer,-6.061979327,-3.645230364
TCGA-BA-A8YP-01,,Head and Neck Cancer,TCGA Tumor,HNSC,Head and Neck Cancer,-5.250848803,2.37350123
TCGA-A6-2682-01,,Colorectal Cancer,TCGA Tumor,COAD,Colon/Colorectal Cancer,-6.075080428,-3.720995258
TCGA-CV-7421-01,,Head and Neck Cancer,TCGA Tumor,HNSC,Head and Neck Cancer,-6.048054251,1.003172208
TCGA-L5-A8NQ-01,,Esophageal Cancer,TCGA Tumor,ESCA,Esophageal Cancer,-6.540138755,1.200160671
TARGET-50-PAKJGM-01,,Kidney Cancer,TCGA Tumor,WT,Kidney Cancer,-4.596581015,7.730631281
TCGA-MP-A4TJ-01,,Lung Cancer,TCGA Tumor,LUAD,Lung Cancer,-0.725383911,-2.230967115
TCGA-KN-8419-01,,Kidney Cancer,TCGA Tumor,KICH,Kidney Cancer,-3.53418735,5.086308886
TCGA-CV-7255-01,,Head and Neck Cancer,TCGA Tumor,HNSC,Head and Neck Cancer,-6.730198893,0.585874487
TCGA-FD-A6TH-01,,Bladder Cancer,TCGA Tumor,BLCA,Bladder Cancer,-4.118067298,-0.675642144
TCGA-09-2044-01,,Ovarian Cancer,TCGA Tumor,OV,Ovarian Cancer,1.622364011,8.459583689
TCGA-WK-A8Y0-01,,Sarcoma,TCGA Tumor,SARC,Sarcoma,1.126842525,1.169692804
TCGA-IB-AAUP-01,,Pancreatic Cancer,TCGA Tumor,PAAD,Pancreatic Cancer,-2.808750424,-2.190442871
TCGA-D7-8572-01,,Gastric Cancer,TCGA Tumor,STAD,Gastric Cancer,-4.91824964,-2.033192705
TCGA-GM-A2DO-01,,Breast Cancer,TCGA Tumor,BRCA,Breast Cancer,4.2469978,-1.776006292
TCGA-D3-A5GN-06,,Skin Cancer,TCGA Tumor,SKCM,Skin Cancer,5.139940229,3.491995979
TCGA-60-2721-01,,Lung Cancer,TCGA Tumor,LUSC,Lung Cancer,-6.033412013,2.348076988
TCGA-CJ-4638-01,,Kidney Cancer,TCGA Tumor,KIRC,Kidney Cancer,5.95249125,-5.910035204
TCGA-DD-A73G-01,,Liver Cancer,TCGA Tumor,LIHC,Liver Cancer,0.464043055,3.587426115
TCGA-K4-A83P-01,,Bladder Cancer,TCGA Tumor,BLCA,Bladder Cancer,-3.996096644,-0.137344982
TCGA-B8-4148-01,,Kidney Cancer,TCGA Tumor,KIRC,Kidney Cancer,6.304502931,-6.773702215
TCGA-DE-A2OL-01,,Thyroid Cancer,TCGA Tumor,THCA,Thyroid Cancer,11.56956431,0.771817673
TCGA-BT-A20N-01,,Bladder Cancer,TCGA Tumor,BLCA,Bladder Cancer,-4.036521945,0.288027797
TCGA-CN-5365-01,,Head and Neck Cancer,TCGA Tumor,HNSC,Head and Neck Cancer,-6.92275289,0.627676178
TCGA-FB-AAPS-01,,Pancreatic Cancer,TCGA Tumor,PAAD,Pancreatic Cancer,-2.430545602,-1.874819111
TCGA-CG-5722-01,,Gastric Cancer,TCGA Tumor,STAD,Gastric Cancer,-3.823509249,-3.678056549
TCGA-38-6178-01,,Lung Cancer,TCGA Tumor,LUAD,Lung Cancer,-0.359467897,-2.867327045
TCGA-85-8052-01,,Lung Cancer,TCGA Tumor,LUSC,Lung Cancer,-5.350869689,2.399244953
TCGA-43-3920-01,,Lung Cancer,TCGA Tumor,LUSC,Lung Cancer,-5.535350356,0.621138979
TCGA-BH-A1ET-01,,Breast Cancer,TCGA Tumor,BRCA,Breast Cancer,4.237513509,-1.001112174
TCGA-EB-A5FP-01,,Skin Cancer,TCGA Tumor,SKCM,Skin Cancer,6.026891675,3.660072256
TCGA-AZ-6608-01,,Colorectal Cancer,TCGA Tumor,COAD,Colon/Colorectal Cancer,-6.101236377,-3.715699266
TCGA-09-1667-01,,Ovarian Cancer,TCGA Tumor,OV,Ovarian Cancer,1.665764418,8.443645884
TCGA-B5-A3FD-01,,Endometrial/Uterine Cancer,TCGA Tumor,UCEC,Endometrial/Uterine Cancer,1.373435762,6.614757944
TCGA-A2-A3KC-01,,Breast Cancer,TCGA Tumor,BRCA,Breast Cancer,4.612325635,-1.533195566
TCGA-IB-7651-01,,Pancreatic Cancer,TCGA Tumor,PAAD,Pancreatic Cancer,-2.707750354,-2.522645305
TCGA-66-2769-01,,Lung Cancer,TCGA Tumor,LUSC,Lung Cancer,-5.335065398,0.741022695
TCGA-E2-A15J-01,,Breast Cancer,TCGA Tumor,BRCA,Breast Cancer,4.584608999,-1.268146705
TCGA-22-1000-01,,Lung Cancer,TCGA Tumor,LUSC,Lung Cancer,-6.033186469,1.027923573
TCGA-BP-5187-01,,Kidney Cancer,TCGA Tumor,KIRC,Kidney Cancer,6.204212156,-5.801178049
TCGA-GM-A2DL-01,,Breast Cancer,TCGA Tumor,BRCA,Breast Cancer,3.332378116,-1.289763759
TCGA-FS-A1ZP-06,,Skin Cancer,TCGA Tumor,SKCM,Skin Cancer,6.621546712,4.332217146
TCGA-L5-A8NF-01,,Esophageal Cancer,TCGA Tumor,ESCA,Esophageal Cancer,-3.770498786,-3.675200533
TCGA-BP-4971-01,,Kidney Cancer,TCGA Tumor,KIRC,Kidney Cancer,6.18698689,-5.729942869
TCGA-61-1736-01,,Ovarian Cancer,TCGA Tumor,OV,Ovarian Cancer,1.775569167,8.409940172
TCGA-CW-6097-01,,Kidney Cancer,TCGA Tumor,KIRC,Kidney Cancer,6.015251126,-5.75850923
TCGA-BB-4224-01,,Head and Neck Cancer,TCGA Tumor,HNSC,Head and Neck Cancer,-6.428203139,0.634409774
TCGA-52-7812-01,,Lung Cancer,TCGA Tumor,LUSC,Lung Cancer,-0.172618601,-3.107591699
TCGA-BP-4351-01,,Kidney Cancer,TCGA Tumor,KIRC,Kidney Cancer,6.183053937,-6.189482282
TCGA-AG-3591-01,,Colorectal Cancer,TCGA Tumor,READ,Colon/Colorectal Cancer,-6.007533107,-3.776396107
TCGA-FR-A44A-06,,Skin Cancer,TCGA Tumor,SKCM,Skin Cancer,5.943995919,3.625475336
TCGA-FP-A4BE-01,,Gastric Cancer,TCGA Tumor,STAD,Gastric Cancer,-4.09673408,-3.566623281
TCGA-DD-AAEB-01,,Liver Cancer,TCGA Tumor,LIHC,Liver Cancer,1.20957115,3.892695595
TCGA-MB-A8JL-01,,Sarcoma,TCGA Tumor,SARC,Sarcoma,1.753551569,1.093033363
TCGA-BP-5192-01,,Kidney Cancer,TCGA Tumor,KIRC,Kidney Cancer,6.28173348,-6.840576242
TCGA-QC-A6FX-01,,Sarcoma,TCGA Tumor,SARC,Sarcoma,1.276243773,1.249243308
TCGA-HP-A5MZ-01,,Liver Cancer,TCGA Tumor,LIHC,Liver Cancer,1.013680246,4.136372973
TCGA-BR-8380-01,,Gastric Cancer,TCGA Tumor,STAD,Gastric Cancer,-2.550516639,-1.893231105
TCGA-B0-4697-01,,Kidney Cancer,TCGA Tumor,KIRC,Kidney Cancer,6.315767732,-5.305368494
TCGA-CM-6678-01,,Colorectal Cancer,TCGA Tumor,COAD,Colon/Colorectal Cancer,-6.094025645,-3.668095421
TCGA-B5-A11R-01,,Endometrial/Uterine Cancer,TCGA Tumor,UCEC,Endometrial/Uterine Cancer,1.474039164,6.486466337
TCGA-DM-A285-01,,Colorectal Cancer,TCGA Tumor,COAD,Colon/Colorectal Cancer,-5.593167815,-3.498662304
TCGA-77-8008-01,,Lung Cancer,TCGA Tumor,LUSC,Lung Cancer,-5.954330954,0.93629222
TCGA-C8-A27B-01,,Breast Cancer,TCGA Tumor,BRCA,Breast Cancer,0.914950099,-1.559822987
TCGA-BR-A453-01,,Gastric Cancer,TCGA Tumor,STAD,Gastric Cancer,-2.272792134,-1.75627489
TCGA-97-A4M0-01,,Lung Cancer,TCGA Tumor,LUAD,Lung Cancer,-0.239875469,-3.104405474
TCGA-AN-A0AS-01,,Breast Cancer,TCGA Tumor,BRCA,Breast Cancer,3.690387454,-1.058311175
TCGA-FS-A4F9-06,,Skin Cancer,TCGA Tumor,SKCM,Skin Cancer,5.94370791,3.515753676
TCGA-EL-A3ZR-01,,Thyroid Cancer,TCGA Tumor,THCA,Thyroid Cancer,11.56792971,0.806324233
TCGA-D8-A4Z1-01,,Breast Cancer,TCGA Tumor,BRCA,Breast Cancer,4.554155317,-1.62098689
TCGA-49-6767-01,,Lung Cancer,TCGA Tumor,LUAD,Lung Cancer,0.036462274,-2.598183225
TCGA-BA-4078-01,,Head and Neck Cancer,TCGA Tumor,HNSC,Head and Neck Cancer,-5.305485282,2.415140082
TCGA-A8-A06R-01,,Breast Cancer,TCGA Tumor,BRCA,Breast Cancer,3.601555553,-1.311368655
TCGA-DX-A8BZ-01,,Sarcoma,TCGA Tumor,SARC,Sarcoma,1.387823191,1.289571811
TCGA-UY-A9PB-01,,Bladder Cancer,TCGA Tumor,BLCA,Bladder Cancer,-5.293238196,0.776198734
TCGA-D7-6518-01,,Gastric Cancer,TCGA Tumor,STAD,Gastric Cancer,-2.456823621,-1.853263329
TCGA-AO-A1KP-01,,Breast Cancer,TCGA Tumor,BRCA,Breast Cancer,4.400685277,-1.764804791
TCGA-FE-A3PD-01,,Thyroid Cancer,TCGA Tumor,THCA,Thyroid Cancer,11.5067515,0.159152132
TCGA-UB-A7MC-01,,Liver Cancer,TCGA Tumor,LIHC,Liver Cancer,1.180736985,3.932668139
TCGA-ET-A39T-01,,Thyroid Cancer,TCGA Tumor,THCA,Thyroid Cancer,10.98643061,-0.583501111
TCGA-GE-A2C6-01,,Thyroid Cancer,TCGA Tumor,THCA,Thyroid Cancer,11.39510008,-0.139992859
TCGA-AG-4022-01,,Colorectal Cancer,TCGA Tumor,READ,Colon/Colorectal Cancer,-5.926144633,-3.657405447
TCGA-CJ-4895-01,,Kidney Cancer,TCGA Tumor,KIRC,Kidney Cancer,6.095968213,-5.511355947
TCGA-ED-A8O6-01,,Liver Cancer,TCGA Tumor,LIHC,Liver Cancer,0.366720956,3.528536726
TCGA-A3-3373-01,,Kidney Cancer,TCGA Tumor,KIRC,Kidney Cancer,6.322085347,-6.736275743
TCGA-BJ-A18Y-01,,Thyroid Cancer,TCGA Tumor,THCA,Thyroid Cancer,11.58928248,0.769585658
TCGA-C8-A12P-01,,Breast Cancer,TCGA Tumor,BRCA,Breast Cancer,4.076482263,-0.861260783
TCGA-A1-A0SF-01,,Breast Cancer,TCGA Tumor,BRCA,Breast Cancer,4.70014235,-1.417543959
TCGA-E9-A1RC-01,,Breast Cancer,TCGA Tumor,BRCA,Breast Cancer,4.856900659,-1.536972116
TCGA-DJ-A3V9-01,,Thyroid Cancer,TCGA Tumor,THCA,Thyroid Cancer,11.46785876,-0.030124474
TCGA-A2-A04N-01,,Breast Cancer,TCGA Tumor,BRCA,Breast Cancer,4.701633897,-1.657179903
TCGA-55-1595-01,,Lung Cancer,TCGA Tumor,LUAD,Lung Cancer,-0.078497413,-2.952311825
TCGA-BH-A8FY-01,,Breast Cancer,TCGA Tumor,BRCA,Breast Cancer,4.175645795,-1.578605603
TCGA-A8-A09Z-01,,Breast Cancer,TCGA Tumor,BRCA,Breast Cancer,5.644773927,-1.671726297
TCGA-E7-A4IJ-01,,Bladder Cancer,TCGA Tumor,BLCA,Bladder Cancer,-3.590153966,-0.5193444
TCGA-A3-3313-01,,Kidney Cancer,TCGA Tumor,KIRC,Kidney Cancer,5.666925397,-5.238449644
TCGA-D7-6527-01,,Gastric Cancer,TCGA Tumor,STAD,Gastric Cancer,-3.804486785,-3.694737266
TCGA-CV-7415-01,,Head and Neck Cancer,TCGA Tumor,HNSC,Head and Neck Cancer,-6.616623912,0.911866356
TCGA-DD-A73D-01,,Liver Cancer,TCGA Tumor,LIHC,Liver Cancer,1.273150411,3.900374581
TARGET-50-PAKSDG-01,,Kidney Cancer,TCGA Tumor,WT,Kidney Cancer,-4.601721797,7.737351347
TCGA-L7-A6VZ-01,,Esophageal Cancer,TCGA Tumor,ESCA,Esophageal Cancer,-3.796208415,-3.666273187
TCGA-CJ-4637-01,,Kidney Cancer,TCGA Tumor,KIRC,Kidney Cancer,6.041625467,-5.448944162
TCGA-A8-A09V-01,,Breast Cancer,TCGA Tumor,BRCA,Breast Cancer,4.514543023,-1.619057368
TCGA-GM-A3NY-01,,Breast Cancer,TCGA Tumor,BRCA,Breast Cancer,4.398262706,-1.245821427
TCGA-BH-A5J0-01,,Breast Cancer,TCGA Tumor,BRCA,Breast Cancer,3.962746587,-1.777268003
TCGA-E9-A1NG-01,,Breast Cancer,TCGA Tumor,BRCA,Breast Cancer,3.360198703,-1.324649762
TCGA-61-2008-01,,Ovarian Cancer,TCGA Tumor,OV,Ovarian Cancer,1.341276732,7.895039965
TCGA-61-2008-02,,Ovarian Cancer,TCGA Tumor,OV,Ovarian Cancer,1.742118087,8.632200648
TCGA-QQ-A8VF-01,,Sarcoma,TCGA Tumor,SARC,Sarcoma,-3.960795913,6.76693051
TCGA-BP-4343-01,,Kidney Cancer,TCGA Tumor,KIRC,Kidney Cancer,6.188781705,-5.298901628
TCGA-LN-A49L-01,,Esophageal Cancer,TCGA Tumor,ESCA,Esophageal Cancer,0.786480006,-1.397649359
TCGA-AX-A3G4-01,,Endometrial/Uterine Cancer,TCGA Tumor,UCEC,Endometrial/Uterine Cancer,1.383875337,6.673784662
TCGA-70-6722-01,,Lung Cancer,TCGA Tumor,LUSC,Lung Cancer,-5.433325324,1.056569983
TCGA-ER-A2NH-06,,Skin Cancer,TCGA Tumor,SKCM,Skin Cancer,5.110995736,3.457047154
TCGA-CZ-5465-01,,Kidney Cancer,TCGA Tumor,KIRC,Kidney Cancer,6.290976014,-6.811729502
TCGA-10-0926-01,,Ovarian Cancer,TCGA Tumor,OV,Ovarian Cancer,1.285734859,7.752568651
TCGA-EO-A1Y7-01,,Endometrial/Uterine Cancer,TCGA Tumor,UCEC,Endometrial/Uterine Cancer,1.418472614,6.574123789
TCGA-FY-A3RA-01,,Thyroid Cancer,TCGA Tumor,THCA,Thyroid Cancer,10.99382445,-0.607139479
TCGA-21-1070-01,,Lung Cancer,TCGA Tumor,LUSC,Lung Cancer,-6.116782222,1.462167908
TCGA-55-6978-01,,Lung Cancer,TCGA Tumor,LUAD,Lung Cancer,-0.017349872,-2.630837034
TCGA-28-5218-01,,Glioblastoma,TCGA Tumor,GBM,Brain Cancer,0.20614196,0.934293557
TCGA-MI-A75E-01,,Liver Cancer,TCGA Tumor,LIHC,Liver Cancer,1.162924674,4.113999773
TCGA-W6-AA0S-01,,Bile Duct Cancer,TCGA Tumor,CHOL,Bile Duct Cancer,-0.124330494,3.008317162
TCGA-DK-A1A7-01,,Bladder Cancer,TCGA Tumor,BLCA,Bladder Cancer,-3.751001868,0.199728538
TCGA-VQ-AA69-01,,Gastric Cancer,TCGA Tumor,STAD,Gastric Cancer,-4.033361468,-3.450876545
TCGA-BP-5199-01,,Kidney Cancer,TCGA Tumor,KIRC,Kidney Cancer,6.235535588,-5.425002645
TCGA-CQ-6227-01,,Head and Neck Cancer,TCGA Tumor,HNSC,Head and Neck Cancer,-6.559226069,0.45277061
TCGA-BA-A6DL-01,,Head and Neck Cancer,TCGA Tumor,HNSC,Head and Neck Cancer,-6.367891345,1.741347362
TCGA-Z6-A9VB-01,,Esophageal Cancer,TCGA Tumor,ESCA,Esophageal Cancer,-6.091260466,2.32309692
TCGA-BR-6706-01,,Gastric Cancer,TCGA Tumor,STAD,Gastric Cancer,-2.750717435,-2.077493023
TCGA-49-AARR-01,,Lung Cancer,TCGA Tumor,LUAD,Lung Cancer,-0.640246186,-2.427836489
TCGA-85-8276-01,,Lung Cancer,TCGA Tumor,LUSC,Lung Cancer,-5.908807311,0.520469118
TCGA-CJ-4887-01,,Kidney Cancer,TCGA Tumor,KIRC,Kidney Cancer,6.241874662,-6.792399
TCGA-MP-A4T9-01,,Lung Cancer,TCGA Tumor,LUAD,Lung Cancer,-0.337850008,-2.923518967
TCGA-LN-A49O-01,,Esophageal Cancer,TCGA Tumor,ESCA,Esophageal Cancer,-6.782969508,0.787658383
TCGA-BH-A18I-01,,Breast Cancer,TCGA Tumor,BRCA,Breast Cancer,4.704323735,-1.626506757
TCGA-NC-A5HT-01,,Lung Cancer,TCGA Tumor,LUSC,Lung Cancer,-5.339454684,0.842343379
TCGA-AO-A0JC-01,,Breast Cancer,TCGA Tumor,BRCA,Breast Cancer,-8.544839415,6.934036184
TCGA-XR-A8TD-01,,Liver Cancer,TCGA Tumor,LIHC,Liver Cancer,0.81957024,4.264616896
TCGA-CR-7365-01,,Head and Neck Cancer,TCGA Tumor,HNSC,Head and Neck Cancer,-6.653121981,0.535699923
TCGA-ER-A2NG-06,,Skin Cancer,TCGA Tumor,SKCM,Skin Cancer,5.926051583,3.539942194
TCGA-DE-A69K-01,,Thyroid Cancer,TCGA Tumor,THCA,Thyroid Cancer,11.43788859,-0.108690079
TCGA-G4-6306-01,,Colorectal Cancer,TCGA Tumor,COAD,Colon/Colorectal Cancer,-5.806681666,-3.574344229
TCGA-D8-A140-01,,Breast Cancer,TCGA Tumor,BRCA,Breast Cancer,5.647575345,-1.654794406
TCGA-CG-5719-01,,Gastric Cancer,TCGA Tumor,STAD,Gastric Cancer,-2.905835423,-2.329149317
TCGA-A2-A04T-01,,Breast Cancer,TCGA Tumor,BRCA,Breast Cancer,0.935508456,-1.542201589
TCGA-ZF-AA51-01,,Bladder Cancer,TCGA Tumor,BLCA,Bladder Cancer,-3.62070373,0.111416698
TCGA-CJ-5676-01,,Kidney Cancer,TCGA Tumor,KIRC,Kidney Cancer,6.193761792,-5.342976641
TCGA-DJ-A3UU-01,,Thyroid Cancer,TCGA Tumor,THCA,Thyroid Cancer,11.27026125,0.008100648
TCGA-56-8625-01,,Lung Cancer,TCGA Tumor,LUSC,Lung Cancer,-5.803565058,1.722319056
TCGA-60-2703-01,,Lung Cancer,TCGA Tumor,LUSC,Lung Cancer,-5.316496882,0.837293316
TCGA-DD-A3A7-01,,Liver Cancer,TCGA Tumor,LIHC,Liver Cancer,0.397144584,3.547035624
TCGA-CI-6621-01,,Colorectal Cancer,TCGA Tumor,READ,Colon/Colorectal Cancer,-6.098685298,-3.679280828
TCGA-NC-A5HH-01,,Lung Cancer,TCGA Tumor,LUSC,Lung Cancer,-5.132822547,0.801266481
TCGA-B0-4710-01,,Kidney Cancer,TCGA Tumor,KIRC,Kidney Cancer,6.346037832,-6.664844583
TCGA-BA-5555-01,,Head and Neck Cancer,TCGA Tumor,HNSC,Head and Neck Cancer,-6.341795478,1.5967726
TCGA-VQ-A91U-01,,Gastric Cancer,TCGA Tumor,STAD,Gastric Cancer,-4.774848494,-3.601604055
TCGA-BP-4338-01,,Kidney Cancer,TCGA Tumor,KIRC,Kidney Cancer,6.092069593,-5.450474333
TCGA-E9-A1RH-01,,Breast Cancer,TCGA Tumor,BRCA,Breast Cancer,4.099180188,-0.931304048
TCGA-BH-A0H6-01,,Breast Cancer,TCGA Tumor,BRCA,Breast Cancer,4.741609063,-1.635307859
TCGA-CN-4734-01,,Head and Neck Cancer,TCGA Tumor,HNSC,Head and Neck Cancer,-6.849597487,0.615854431
TCGA-97-A4M5-01,,Lung Cancer,TCGA Tumor,LUAD,Lung Cancer,-1.203815255,-2.266338657
TARGET-50-PAJNVX-01,,Kidney Cancer,TCGA Tumor,WT,Kidney Cancer,-3.954433951,6.759649683
TCGA-BP-4176-01,,Kidney Cancer,TCGA Tumor,KIRC,Kidney Cancer,6.181218591,-5.655665468
TCGA-AG-3731-01,,Colorectal Cancer,TCGA Tumor,READ,Colon/Colorectal Cancer,-6.175462756,-3.753557752
TCGA-B0-4817-01,,Kidney Cancer,TCGA Tumor,KIRC,Kidney Cancer,6.055185285,-5.635360311
TCGA-W5-AA2W-01,,Bile Duct Cancer,TCGA Tumor,CHOL,Bile Duct Cancer,-0.11650655,3.019326616
TCGA-GM-A2DH-01,,Breast Cancer,TCGA Tumor,BRCA,Breast Cancer,4.941025701,-1.366336297
TCGA-CN-5356-01,,Head and Neck Cancer,TCGA Tumor,HNSC,Head and Neck Cancer,-6.413221392,0.966166187
TCGA-60-2722-01,,Lung Cancer,TCGA Tumor,LUSC,Lung Cancer,-5.324375663,2.420387913
TCGA-61-2095-01,,Ovarian Cancer,TCGA Tumor,OV,Ovarian Cancer,1.656206932,8.136463572
TCGA-BH-A1ES-01,,Breast Cancer,TCGA Tumor,BRCA,Breast Cancer,5.451065984,-1.62891848
TCGA-EM-A2CP-01,,Thyroid Cancer,TCGA Tumor,THCA,Thyroid Cancer,11.46540305,0.879217673
TCGA-BA-6869-01,,Head and Neck Cancer,TCGA Tumor,HNSC,Head and Neck Cancer,-6.398687396,1.488527585
TARGET-50-PAKNTW-01,,Kidney Cancer,TCGA Tumor,WT,Kidney Cancer,-4.553662333,7.684623171
TCGA-LN-A49X-01,,Esophageal Cancer,TCGA Tumor,ESCA,Esophageal Cancer,-5.767350707,0.592161347
TCGA-A3-3347-01,,Kidney Cancer,TCGA Tumor,KIRC,Kidney Cancer,6.117396798,-5.384657453
TARGET-50-PAKYLT-01,,Kidney Cancer,TCGA Tumor,WT,Kidney Cancer,-3.953430686,6.747993399
TCGA-44-6147-01,,Lung Cancer,TCGA Tumor,LUAD,Lung Cancer,3.307725158,-1.241894435
TARGET-50-PAJMVC-01,,Kidney Cancer,TCGA Tumor,WT,Kidney Cancer,-4.072124514,6.913377215
TCGA-BA-A6DG-01,,Head and Neck Cancer,TCGA Tumor,HNSC,Head and Neck Cancer,-6.523985419,0.379074116
TCGA-EY-A54A-01,,Endometrial/Uterine Cancer,TCGA Tumor,UCEC,Endometrial/Uterine Cancer,1.351593223,6.631542612
TCGA-13-1403-01,,Ovarian Cancer,TCGA Tumor,OV,Ovarian Cancer,1.593919602,8.071893145
TCGA-DJ-A3VB-01,,Thyroid Cancer,TCGA Tumor,THCA,Thyroid Cancer,10.97997042,-0.208502363
TCGA-OL-A5RW-01,,Breast Cancer,TCGA Tumor,BRCA,Breast Cancer,1.024848964,-1.534664105
TCGA-36-1578-01,,Ovarian Cancer,TCGA Tumor,OV,Ovarian Cancer,1.717801895,8.487986971
TCGA-FX-A3NJ-01,,Sarcoma,TCGA Tumor,SARC,Sarcoma,2.001342263,1.550491024
TCGA-BH-A18M-01,,Breast Cancer,TCGA Tumor,BRCA,Breast Cancer,3.96132895,-1.781710934
TCGA-BP-4976-01,,Kidney Cancer,TCGA Tumor,KIRC,Kidney Cancer,6.161548104,-6.65688331
TCGA-E2-A14R-01,,Breast Cancer,TCGA Tumor,BRCA,Breast Cancer,0.902120378,-1.569086384
TCGA-EB-A42Z-01,,Skin Cancer,TCGA Tumor,SKCM,Skin Cancer,5.384267774,3.503953625
TCGA-MN-A4N4-01,,Lung Cancer,TCGA Tumor,LUAD,Lung Cancer,-0.311510536,-2.82670338
TCGA-A8-A09M-01,,Breast Cancer,TCGA Tumor,BRCA,Breast Cancer,5.45104691,-1.68891282
TCGA-EM-A2CT-01,,Thyroid Cancer,TCGA Tumor,THCA,Thyroid Cancer,11.46061751,0.889728833
TCGA-ER-A19W-06,,Skin Cancer,TCGA Tumor,SKCM,Skin Cancer,5.693632093,3.642563988
TCGA-DJ-A3UQ-01,,Thyroid Cancer,TCGA Tumor,THCA,Thyroid Cancer,10.96101233,-0.283617388
TCGA-EO-A3L0-01,,Endometrial/Uterine Cancer,TCGA Tumor,UCEC,Endometrial/Uterine Cancer,1.518801775,6.457028319
TCGA-D3-A8GB-06,,Skin Cancer,TCGA Tumor,SKCM,Skin Cancer,5.922221151,3.662959982
TCGA-EM-A3AI-01,,Thyroid Cancer,TCGA Tumor,THCA,Thyroid Cancer,11.5761151,0.863506545
TCGA-E9-A229-01,,Breast Cancer,TCGA Tumor,BRCA,Breast Cancer,4.642798391,-1.660217356
TCGA-B0-4714-01,,Kidney Cancer,TCGA Tumor,KIRC,Kidney Cancer,6.243363824,-6.813750814
TCGA-AJ-A3NH-01,,Endometrial/Uterine Cancer,TCGA Tumor,UCEC,Endometrial/Uterine Cancer,1.452090111,6.59729283
TCGA-CG-5732-01,,Gastric Cancer,TCGA Tumor,STAD,Gastric Cancer,-3.786986384,-3.660394501
TCGA-BB-A5HU-01,,Head and Neck Cancer,TCGA Tumor,HNSC,Head and Neck Cancer,-6.512284789,0.591849674
TCGA-CZ-5461-01,,Kidney Cancer,TCGA Tumor,KIRC,Kidney Cancer,6.262268987,-5.853796076
TCGA-33-4582-01,,Lung Cancer,TCGA Tumor,LUSC,Lung Cancer,-5.267212901,2.274272371
TCGA-A1-A0SN-01,,Breast Cancer,TCGA Tumor,BRCA,Breast Cancer,5.562127557,-1.673098635
TCGA-CV-7434-01,,Head and Neck Cancer,TCGA Tumor,HNSC,Head and Neck Cancer,-6.792674098,0.684425284
TCGA-GV-A3QH-01,,Bladder Cancer,TCGA Tumor,BLCA,Bladder Cancer,-3.639485869,-0.5025555
TCGA-E7-A7PW-01,,Bladder Cancer,TCGA Tumor,BLCA,Bladder Cancer,-3.591500792,-0.493075322
TCGA-DX-A3U5-01,,Sarcoma,TCGA Tumor,SARC,Sarcoma,1.201745835,1.306659509
TCGA-DJ-A3VA-01,,Thyroid Cancer,TCGA Tumor,THCA,Thyroid Cancer,11.01482436,-0.501796912
TCGA-28-2514-01,,Glioblastoma,TCGA Tumor,GBM,Brain Cancer,1.438507047,-9.801325392
TCGA-EB-A51B-01,,Skin Cancer,TCGA Tumor,SKCM,Skin Cancer,5.700715986,3.584151198
TCGA-06-5859-01,,Glioblastoma,TCGA Tumor,GBM,Brain Cancer,1.285936322,-9.968393873
TCGA-CJ-4870-01,,Kidney Cancer,TCGA Tumor,KIRC,Kidney Cancer,6.356946912,-6.23693664
TCGA-97-A4M3-01,,Lung Cancer,TCGA Tumor,LUAD,Lung Cancer,-0.930348429,-2.437345575
TCGA-EE-A2MK-06,,Skin Cancer,TCGA Tumor,SKCM,Skin Cancer,5.110416379,3.337102581
TCGA-86-7714-01,,Lung Cancer,TCGA Tumor,LUAD,Lung Cancer,-0.194013569,-3.074390005
TCGA-G3-A25T-01,,Liver Cancer,TCGA Tumor,LIHC,Liver Cancer,0.22106595,3.399100233
TCGA-BT-A20J-01,,Bladder Cancer,TCGA Tumor,BLCA,Bladder Cancer,-5.868605647,0.922349502
TCGA-49-4487-01,,Lung Cancer,TCGA Tumor,LUAD,Lung Cancer,-0.204005394,-2.678376268
TCGA-61-1743-01,,Ovarian Cancer,TCGA Tumor,OV,Ovarian Cancer,1.57564589,8.248058726
TCGA-IQ-7632-01,,Head and Neck Cancer,TCGA Tumor,HNSC,Head and Neck Cancer,-6.645609889,0.556298364
TCGA-78-7147-01,,Lung Cancer,TCGA Tumor,LUAD,Lung Cancer,-0.301829729,-2.98650391
TCGA-EL-A3D6-01,,Thyroid Cancer,TCGA Tumor,THCA,Thyroid Cancer,10.96211955,-0.30763809
TCGA-78-7542-01,,Lung Cancer,TCGA Tumor,LUAD,Lung Cancer,-3.207143578,-2.570924829
TARGET-50-PAEAFB-01,,Kidney Cancer,TCGA Tumor,WT,Kidney Cancer,-4.619959388,7.755152632
TCGA-13-0923-01,,Ovarian Cancer,TCGA Tumor,OV,Ovarian Cancer,1.755265918,8.471576143
TCGA-85-8666-01,,Lung Cancer,TCGA Tumor,LUSC,Lung Cancer,-5.513609443,1.724847246
TCGA-95-A4VK-01,,Lung Cancer,TCGA Tumor,LUAD,Lung Cancer,-1.209368143,-2.270466398
TCGA-3B-A9HS-01,,Sarcoma,TCGA Tumor,SARC,Sarcoma,1.15791085,1.248067666
TCGA-35-3615-01,,Lung Cancer,TCGA Tumor,LUAD,Lung Cancer,-0.860450659,-2.635383438
TCGA-2Y-A9GY-01,,Liver Cancer,TCGA Tumor,LIHC,Liver Cancer,0.268009466,3.451553036
TCGA-HD-8635-01,,Head and Neck Cancer,TCGA Tumor,HNSC,Head and Neck Cancer,-6.604505572,0.492254336
TCGA-CR-7399-01,,Head and Neck Cancer,TCGA Tumor,HNSC,Head and Neck Cancer,-5.301083598,2.209689547
TCGA-13-1407-01,,Ovarian Cancer,TCGA Tumor,OV,Ovarian Cancer,1.242605951,7.70221274
TCGA-DM-A288-01,,Colorectal Cancer,TCGA Tumor,COAD,Colon/Colorectal Cancer,-5.855625186,-3.627239059
TCGA-55-7994-01,,Lung Cancer,TCGA Tumor,LUAD,Lung Cancer,-0.126548621,-3.124213528
TCGA-BB-7871-01,,Head and Neck Cancer,TCGA Tumor,HNSC,Head and Neck Cancer,-5.317154918,2.146715332
TCGA-09-1674-01,,Ovarian Cancer,TCGA Tumor,OV,Ovarian Cancer,1.335379806,7.645456721
TCGA-LN-A5U7-01,,Esophageal Cancer,TCGA Tumor,ESCA,Esophageal Cancer,-5.311964545,2.410986353
TCGA-CZ-4864-01,,Kidney Cancer,TCGA Tumor,KIRC,Kidney Cancer,6.200888124,-6.836244654
TCGA-DE-A4MA-01,,Thyroid Cancer,TCGA Tumor,THCA,Thyroid Cancer,11.07515856,-0.407952379
TCGA-D3-A8GI-06,,Skin Cancer,TCGA Tumor,SKCM,Skin Cancer,6.044540372,3.480826069
TCGA-CV-7103-01,,Head and Neck Cancer,TCGA Tumor,HNSC,Head and Neck Cancer,-5.749383006,1.830902983
TCGA-CN-4741-01,,Head and Neck Cancer,TCGA Tumor,HNSC,Head and Neck Cancer,-6.754451785,0.741594781
TCGA-VQ-A8PK-01,,Gastric Cancer,TCGA Tumor,STAD,Gastric Cancer,-3.726026091,-3.338684868
TCGA-BH-A0DD-01,,Breast Cancer,TCGA Tumor,BRCA,Breast Cancer,5.155520406,-1.42857952
TCGA-AR-A2LM-01,,Breast Cancer,TCGA Tumor,BRCA,Breast Cancer,4.374469009,-1.480920385
TCGA-E2-A10C-01,,Breast Cancer,TCGA Tumor,BRCA,Breast Cancer,4.636762586,-1.386855792
TCGA-VQ-AA6G-01,,Gastric Cancer,TCGA Tumor,STAD,Gastric Cancer,-3.807775531,-3.371141743
TCGA-WK-A8XT-01,,Sarcoma,TCGA Tumor,SARC,Sarcoma,0.14047226,0.862547506
TCGA-13-1509-01,,Ovarian Cancer,TCGA Tumor,OV,Ovarian Cancer,1.962564316,8.112389017
TCGA-E8-A417-01,,Thyroid Cancer,TCGA Tumor,THCA,Thyroid Cancer,10.98548838,-0.462652694
TCGA-D9-A148-06,,Skin Cancer,TCGA Tumor,SKCM,Skin Cancer,6.076839414,3.697815825
TARGET-50-PAJNCC-01,,Kidney Cancer,TCGA Tumor,WT,Kidney Cancer,-4.571915183,7.70498984
TCGA-49-6742-01,,Lung Cancer,TCGA Tumor,LUAD,Lung Cancer,-1.26539484,-2.220451902
TCGA-66-2789-01,,Lung Cancer,TCGA Tumor,LUSC,Lung Cancer,-5.328901801,1.195533682
TCGA-GD-A2C5-01,,Bladder Cancer,TCGA Tumor,BLCA,Bladder Cancer,-3.614834342,0.057436447
TCGA-BP-4164-01,,Kidney Cancer,TCGA Tumor,KIRC,Kidney Cancer,6.312852826,-6.805280756
TCGA-A5-A2K3-01,,Endometrial/Uterine Cancer,TCGA Tumor,UCEC,Endometrial/Uterine Cancer,0.954089251,6.591130663
TCGA-MP-A4T6-01,,Lung Cancer,TCGA Tumor,LUAD,Lung Cancer,-0.287430975,-2.968195032
TCGA-AR-A0TW-01,,Breast Cancer,TCGA Tumor,BRCA,Breast Cancer,5.661217656,-1.745428156
TCGA-LN-A49K-01,,Esophageal Cancer,TCGA Tumor,ESCA,Esophageal Cancer,-5.967062983,2.406223704
TCGA-EW-A1J1-01,,Breast Cancer,TCGA Tumor,BRCA,Breast Cancer,5.643049684,-1.626166176
TCGA-BH-A0H9-01,,Breast Cancer,TCGA Tumor,BRCA,Breast Cancer,5.645983663,-1.744292926
TCGA-28-2509-01,,Glioblastoma,TCGA Tumor,GBM,Brain Cancer,1.326682832,-9.068162512
TCGA-T2-A6WZ-01,,Head and Neck Cancer,TCGA Tumor,HNSC,Head and Neck Cancer,-6.269536052,0.722727824
TCGA-MP-A4TA-01,,Lung Cancer,TCGA Tumor,LUAD,Lung Cancer,-1.220572982,-2.230869602
TCGA-13-0799-01,,Ovarian Cancer,TCGA Tumor,OV,Ovarian Cancer,1.769285526,8.579257418
TCGA-RC-A7SH-01,,Liver Cancer,TCGA Tumor,LIHC,Liver Cancer,0.378597161,3.514327217
TCGA-BH-A0W5-01,,Breast Cancer,TCGA Tumor,BRCA,Breast Cancer,4.953691449,-1.584083747
TCGA-YR-A95A-01,,Bile Duct Cancer,TCGA Tumor,CHOL,Bile Duct Cancer,0.214909207,3.412986447
TCGA-AQ-A0Y5-01,,Breast Cancer,TCGA Tumor,BRCA,Breast Cancer,3.437253204,-1.283838104
TCGA-EE-A2MJ-06,,Skin Cancer,TCGA Tumor,SKCM,Skin Cancer,5.965577092,3.630037476
TCGA-CV-A6JU-01,,Head and Neck Cancer,TCGA Tumor,HNSC,Head and Neck Cancer,-5.986391101,0.995920349
TCGA-14-1825-01,,Glioblastoma,TCGA Tumor,GBM,Brain Cancer,1.580284801,-9.16876943
TCGA-KL-8326-01,,Kidney Cancer,TCGA Tumor,KICH,Kidney Cancer,-3.522600922,5.078156878
TCGA-MB-A5Y8-01,,Sarcoma,TCGA Tumor,SARC,Sarcoma,1.256908205,1.206084539
TCGA-KO-8406-01,,Kidney Cancer,TCGA Tumor,KICH,Kidney Cancer,-3.564037118,5.106357504
TCGA-BP-4964-01,,Kidney Cancer,TCGA Tumor,KIRC,Kidney Cancer,6.262902703,-6.749952387
TCGA-BH-A0HY-01,,Breast Cancer,TCGA Tumor,BRCA,Breast Cancer,4.683186021,-1.056828927
TCGA-YY-A8LH-01,,Pancreatic Cancer,TCGA Tumor,PAAD,Pancreatic Cancer,-3.368986878,-3.002523731
TCGA-VQ-A8P8-01,,Gastric Cancer,TCGA Tumor,STAD,Gastric Cancer,-3.938463721,-3.69097526
TCGA-66-2793-01,,Lung Cancer,TCGA Tumor,LUSC,Lung Cancer,-5.215693507,1.768201638
TCGA-68-7757-01,,Lung Cancer,TCGA Tumor,LUSC,Lung Cancer,-5.598917994,1.149287869
TCGA-38-A44F-01,,Lung Cancer,TCGA Tumor,LUAD,Lung Cancer,-3.257802043,-2.714936804
TCGA-T3-A92M-01,,Head and Neck Cancer,TCGA Tumor,HNSC,Head and Neck Cancer,-5.771192584,0.988956739
TCGA-EM-A2P2-01,,Thyroid Cancer,TCGA Tumor,THCA,Thyroid Cancer,11.64218756,0.563030411
TARGET-50-PAJNAV-01,,Kidney Cancer,TCGA Tumor,WT,Kidney Cancer,0.632503685,0.667589356
TCGA-55-8091-01,,Lung Cancer,TCGA Tumor,LUAD,Lung Cancer,-0.393607352,-2.722852062
TCGA-CV-7178-01,,Head and Neck Cancer,TCGA Tumor,HNSC,Head and Neck Cancer,-6.429410014,0.691618253
TCGA-92-8065-01,,Lung Cancer,TCGA Tumor,LUSC,Lung Cancer,-6.34045938,1.558077027
TCGA-60-2726-01,,Lung Cancer,TCGA Tumor,LUSC,Lung Cancer,-5.614021334,1.839371015
TCGA-3E-AAAY-01,,Pancreatic Cancer,TCGA Tumor,PAAD,Pancreatic Cancer,-2.886805329,-2.520139288
TCGA-DD-A1EJ-01,,Liver Cancer,TCGA Tumor,LIHC,Liver Cancer,0.388341937,3.537334133
TCGA-BT-A3PK-01,,Bladder Cancer,TCGA Tumor,BLCA,Bladder Cancer,-6.003009352,1.050626148
TCGA-FY-A3I4-01,,Thyroid Cancer,TCGA Tumor,THCA,Thyroid Cancer,11.56036707,0.092548542
TCGA-LN-A49P-01,,Esophageal Cancer,TCGA Tumor,ESCA,Esophageal Cancer,-5.892462764,2.480535198
TCGA-86-8073-01,,Lung Cancer,TCGA Tumor,LUAD,Lung Cancer,-0.109636936,-2.866671871
TCGA-D8-A1XW-01,,Breast Cancer,TCGA Tumor,BRCA,Breast Cancer,0.89205065,-1.527198504
TCGA-DX-A2J0-01,,Sarcoma,TCGA Tumor,SARC,Sarcoma,1.288905111,1.683673669
TCGA-AN-A0FL-01,,Breast Cancer,TCGA Tumor,BRCA,Breast Cancer,0.931602683,-1.496110867
TCGA-E8-A418-01,,Thyroid Cancer,TCGA Tumor,THCA,Thyroid Cancer,10.97684046,-0.497600745
TCGA-91-6828-01,,Lung Cancer,TCGA Tumor,LUAD,Lung Cancer,-0.673425827,-2.353773187
TCGA-2Y-A9H5-01,,Liver Cancer,TCGA Tumor,LIHC,Liver Cancer,0.508046445,3.648813893
TCGA-BR-8060-01,,Gastric Cancer,TCGA Tumor,STAD,Gastric Cancer,-1.279270921,-0.748895418
TCGA-LL-A5YP-01,,Breast Cancer,TCGA Tumor,BRCA,Breast Cancer,1.033764806,-1.510635208
TCGA-DX-A6B7-01,,Sarcoma,TCGA Tumor,SARC,Sarcoma,1.973867264,1.51046877
TCGA-K4-A54R-01,,Bladder Cancer,TCGA Tumor,BLCA,Bladder Cancer,-3.696233783,-0.047465857
TCGA-K4-A5RI-01,,Bladder Cancer,TCGA Tumor,BLCA,Bladder Cancer,-5.204849753,1.445470263
TCGA-D3-A2JA-06,,Skin Cancer,TCGA Tumor,SKCM,Skin Cancer,4.957929578,3.353921343
TCGA-AC-A2BK-01,,Breast Cancer,TCGA Tumor,BRCA,Breast Cancer,-0.387259338,-2.284416746
TCGA-MK-A4N9-01,,Thyroid Cancer,TCGA Tumor,THCA,Thyroid Cancer,11.33895728,-0.168526258
TCGA-AJ-A6NU-01,,Endometrial/Uterine Cancer,TCGA Tumor,UCEC,Endometrial/Uterine Cancer,-2.714624676,-2.702311109
TCGA-39-5021-01,,Lung Cancer,TCGA Tumor,LUSC,Lung Cancer,-5.337911639,2.385563065
TCGA-CN-6010-01,,Head and Neck Cancer,TCGA Tumor,HNSC,Head and Neck Cancer,-5.510477576,2.16571467
TCGA-34-5929-01,,Lung Cancer,TCGA Tumor,LUSC,Lung Cancer,-5.103219542,1.372617294
TCGA-AC-A7VB-01,,Breast Cancer,TCGA Tumor,BRCA,Breast Cancer,5.6450071,-1.677914809
TCGA-44-A47B-01,,Lung Cancer,TCGA Tumor,LUAD,Lung Cancer,-0.150632355,-3.054210733
TCGA-CN-A642-01,,Head and Neck Cancer,TCGA Tumor,HNSC,Head and Neck Cancer,-5.417962584,0.931513597
TCGA-BP-4355-01,,Kidney Cancer,TCGA Tumor,KIRC,Kidney Cancer,6.253048387,-5.990580629
TCGA-BP-5173-01,,Kidney Cancer,TCGA Tumor,KIRC,Kidney Cancer,6.241180864,-6.825632643
TCGA-EE-A2GC-06,,Skin Cancer,TCGA Tumor,SKCM,Skin Cancer,5.924921479,3.506659437
TCGA-52-7809-01,,Lung Cancer,TCGA Tumor,LUSC,Lung Cancer,-5.287223372,0.752965797
TCGA-WE-A8ZQ-06,,Skin Cancer,TCGA Tumor,SKCM,Skin Cancer,5.090459314,3.478951622
TCGA-GF-A769-01,,Skin Cancer,TCGA Tumor,SKCM,Skin Cancer,5.478877988,3.426274944
TCGA-5C-A9VH-01,,Liver Cancer,TCGA Tumor,LIHC,Liver Cancer,0.51807924,3.644205023
TCGA-WP-A9GB-01,,Sarcoma,TCGA Tumor,SARC,Sarcoma,1.964373913,1.574601222
TCGA-AJ-A3I9-01,,Endometrial/Uterine Cancer,TCGA Tumor,UCEC,Endometrial/Uterine Cancer,1.424953189,6.567397524
TCGA-E2-A1IG-01,,Breast Cancer,TCGA Tumor,BRCA,Breast Cancer,3.774792638,-1.610071253
TCGA-DM-A1HB-01,,Colorectal Cancer,TCGA Tumor,COAD,Colon/Colorectal Cancer,-4.99988893,-3.736628364
TCGA-BR-A4PF-01,,Gastric Cancer,TCGA Tumor,STAD,Gastric Cancer,-4.893718276,-3.656643938
TCGA-2Y-A9HB-01,,Liver Cancer,TCGA Tumor,LIHC,Liver Cancer,1.20960119,4.003855635
TCGA-AN-A0XR-01,,Breast Cancer,TCGA Tumor,BRCA,Breast Cancer,5.013524499,-1.254491519
TCGA-B4-5832-01,,Kidney Cancer,TCGA Tumor,KIRC,Kidney Cancer,5.292306867,2.455620218
TCGA-BP-5183-01,,Kidney Cancer,TCGA Tumor,KIRC,Kidney Cancer,6.211556401,-6.789634298
TCGA-DX-A6B8-01,,Sarcoma,TCGA Tumor,SARC,Sarcoma,1.275517431,1.232561995
TCGA-DJ-A1QQ-01,,Thyroid Cancer,TCGA Tumor,THCA,Thyroid Cancer,11.28845164,-0.240481536
TCGA-CG-4469-01,,Gastric Cancer,TCGA Tumor,STAD,Gastric Cancer,-4.159161124,-3.606077026
TCGA-EP-A3RK-01,,Liver Cancer,TCGA Tumor,LIHC,Liver Cancer,1.283895459,3.872980524
TCGA-AO-A0J2-01,,Breast Cancer,TCGA Tumor,BRCA,Breast Cancer,4.111216274,-0.889088224
TCGA-35-5375-01,,Lung Cancer,TCGA Tumor,LUAD,Lung Cancer,-0.551778052,-1.443129252
TCGA-97-A4M7-01,,Lung Cancer,TCGA Tumor,LUAD,Lung Cancer,-0.386375758,-2.782830547
TCGA-6A-AB49-01,,Lung Cancer,TCGA Tumor,LUSC,Lung Cancer,-5.206039462,0.834137369
TCGA-F7-7848-01,,Head and Neck Cancer,TCGA Tumor,HNSC,Head and Neck Cancer,-6.230145964,2.002429892
TCGA-BH-A1FE-01,,Breast Cancer,TCGA Tumor,BRCA,Breast Cancer,4.088591781,-1.762861322
TCGA-CN-4728-01,,Head and Neck Cancer,TCGA Tumor,HNSC,Head and Neck Cancer,-5.960133586,0.95710193
TCGA-37-3783-01,,Lung Cancer,TCGA Tumor,LUSC,Lung Cancer,-5.637757811,0.721544434
TCGA-AC-A2FB-01,,Breast Cancer,TCGA Tumor,BRCA,Breast Cancer,4.395547118,-1.532111715
TCGA-AK-3436-01,,Kidney Cancer,TCGA Tumor,KIRC,Kidney Cancer,6.162034955,-5.606470655
TCGA-C8-A12L-01,,Breast Cancer,TCGA Tumor,BRCA,Breast Cancer,4.022932496,-0.864802014
TCGA-66-2768-01,,Lung Cancer,TCGA Tumor,LUSC,Lung Cancer,-5.685933146,1.252062012
TCGA-2H-A9GH-01,,Esophageal Cancer,TCGA Tumor,ESCA,Esophageal Cancer,-3.866131339,-3.647310089
TCGA-FP-7735-01,,Gastric Cancer,TCGA Tumor,STAD,Gastric Cancer,-3.065238509,-2.527650665
TCGA-WK-A8XY-01,,Sarcoma,TCGA Tumor,SARC,Sarcoma,1.986990657,1.584739853
TCGA-78-7539-01,,Lung Cancer,TCGA Tumor,LUAD,Lung Cancer,-0.327301595,-3.025826763
TCGA-D6-A6EQ-01,,Head and Neck Cancer,TCGA Tumor,HNSC,Head and Neck Cancer,-6.390100989,0.387260456
TCGA-J2-8192-01,,Lung Cancer,TCGA Tumor,LUAD,Lung Cancer,-0.309572074,-2.829164337
TCGA-DD-A39Y-01,,Liver Cancer,TCGA Tumor,LIHC,Liver Cancer,0.380648261,3.533654381
TCGA-CM-6170-01,,Colorectal Cancer,TCGA Tumor,COAD,Colon/Colorectal Cancer,-6.067529712,-3.704469513
TCGA-GF-A2C7-01,,Skin Cancer,TCGA Tumor,SKCM,Skin Cancer,-6.466788325,-0.030608821
TCGA-EE-A2ML-06,,Skin Cancer,TCGA Tumor,SKCM,Skin Cancer,5.823386636,3.615935255
TCGA-77-7335-01,,Lung Cancer,TCGA Tumor,LUSC,Lung Cancer,-5.372729335,2.167528559
TCGA-3C-AALK-01,,Breast Cancer,TCGA Tumor,BRCA,Breast Cancer,4.746328321,-1.431814026
TCGA-2F-A9KO-01,,Bladder Cancer,TCGA Tumor,BLCA,Bladder Cancer,-3.694716964,-0.10032941
TCGA-FV-A495-01,,Liver Cancer,TCGA Tumor,LIHC,Liver Cancer,0.868850377,3.96744578
TCGA-DD-AACP-01,,Liver Cancer,TCGA Tumor,LIHC,Liver Cancer,0.486761097,3.594727446
TCGA-43-7656-01,,Lung Cancer,TCGA Tumor,LUSC,Lung Cancer,-5.084439788,0.783235599
TCGA-EQ-A4SO-01,,Gastric Cancer,TCGA Tumor,STAD,Gastric Cancer,-3.789459262,-3.711220096
TCGA-B0-5113-01,,Kidney Cancer,TCGA Tumor,KIRC,Kidney Cancer,6.249814954,-6.780410837
TCGA-KL-8334-01,,Kidney Cancer,TCGA Tumor,KICH,Kidney Cancer,-3.559022937,5.098928858
TCGA-DV-5566-01,,Kidney Cancer,TCGA Tumor,KIRC,Kidney Cancer,6.239112344,-6.786127638
TCGA-D5-6922-01,,Colorectal Cancer,TCGA Tumor,COAD,Colon/Colorectal Cancer,-6.101147685,-3.69168837
TCGA-ES-A2HT-01,,Liver Cancer,TCGA Tumor,LIHC,Liver Cancer,1.008023348,4.127997805
TCGA-LD-A66U-01,,Breast Cancer,TCGA Tumor,BRCA,Breast Cancer,4.375769344,-1.687233638
TCGA-AO-A1KO-01,,Breast Cancer,TCGA Tumor,BRCA,Breast Cancer,3.389005389,-1.585856031
TCGA-85-8479-01,,Lung Cancer,TCGA Tumor,LUSC,Lung Cancer,-5.649142298,1.388036419
TCGA-KO-8414-01,,Kidney Cancer,TCGA Tumor,KICH,Kidney Cancer,-3.515949282,5.144118715
TCGA-BF-A1Q0-01,,Skin Cancer,TCGA Tumor,SKCM,Skin Cancer,5.007427182,3.404165436
TCGA-23-1109-01,,Ovarian Cancer,TCGA Tumor,OV,Ovarian Cancer,1.586857405,7.951302458
TCGA-H7-8502-01,,Head and Neck Cancer,TCGA Tumor,HNSC,Head and Neck Cancer,-6.591378722,0.601927448
TARGET-50-PALFME-01,,Kidney Cancer,TCGA Tumor,WT,Kidney Cancer,-4.649004969,7.783754278
TARGET-50-PALFME-02,,Kidney Cancer,TCGA Tumor,WT,Kidney Cancer,-4.617686305,7.751594473
TCGA-KN-8424-01,,Kidney Cancer,TCGA Tumor,KICH,Kidney Cancer,-3.561800275,5.107899595
TCGA-AS-3777-01,,Kidney Cancer,TCGA Tumor,KIRC,Kidney Cancer,-3.504509482,5.060136248
TCGA-A5-A2K7-01,,Endometrial/Uterine Cancer,TCGA Tumor,UCEC,Endometrial/Uterine Cancer,1.306870606,6.693293501
TCGA-XF-A9SZ-01,,Bladder Cancer,TCGA Tumor,BLCA,Bladder Cancer,-3.610869441,-0.173635941
TCGA-B4-5836-01,,Kidney Cancer,TCGA Tumor,KIRC,Kidney Cancer,6.329153981,-6.490710806
TCGA-85-8580-01,,Lung Cancer,TCGA Tumor,LUSC,Lung Cancer,-5.574881587,2.487725426
TCGA-BR-7958-01,,Gastric Cancer,TCGA Tumor,STAD,Gastric Cancer,-3.801991496,-3.613345693
TCGA-YH-A8SY-01,,Pancreatic Cancer,TCGA Tumor,PAAD,Pancreatic Cancer,-3.236110959,-2.524575304
TCGA-EM-A4FN-01,,Thyroid Cancer,TCGA Tumor,THCA,Thyroid Cancer,10.97629019,-0.359298687
TCGA-P3-A6T0-01,,Head and Neck Cancer,TCGA Tumor,HNSC,Head and Neck Cancer,-6.828606639,0.632253636
TCGA-K1-A6RT-01,,Sarcoma,TCGA Tumor,SARC,Sarcoma,-3.959647689,6.757422377
TCGA-L1-A7W4-01,,Pancreatic Cancer,TCGA Tumor,PAAD,Pancreatic Cancer,-3.521183524,-1.640476893
TCGA-VR-AA7D-01,,Esophageal Cancer,TCGA Tumor,ESCA,Esophageal Cancer,-6.210528407,0.824278582
TCGA-F5-6810-01,,Colorectal Cancer,TCGA Tumor,READ,Colon/Colorectal Cancer,-6.091529403,-3.550618719
TCGA-EL-A4JX-01,,Thyroid Cancer,TCGA Tumor,THCA,Thyroid Cancer,10.86338088,-0.289840471
TCGA-BC-A216-01,,Liver Cancer,TCGA Tumor,LIHC,Liver Cancer,0.39678579,3.601909567
TCGA-ED-A82E-01,,Liver Cancer,TCGA Tumor,LIHC,Liver Cancer,-0.130241189,2.996149708
TCGA-CQ-5333-01,,Head and Neck Cancer,TCGA Tumor,HNSC,Head and Neck Cancer,-6.47622827,0.709251691
TCGA-EE-A20C-06,,Skin Cancer,TCGA Tumor,SKCM,Skin Cancer,4.956993547,3.375848938
TCGA-63-7022-01,,Lung Cancer,TCGA Tumor,LUSC,Lung Cancer,-5.311677966,0.838832487
TCGA-2J-AAB4-01,,Pancreatic Cancer,TCGA Tumor,PAAD,Pancreatic Cancer,-2.788747821,-2.568981718
TCGA-AR-A0TP-01,,Breast Cancer,TCGA Tumor,BRCA,Breast Cancer,1.000260678,-1.520190905
TARGET-50-PAJLIP-01,,Kidney Cancer,TCGA Tumor,WT,Kidney Cancer,-4.632751021,7.768056799
TCGA-B0-5705-01,,Kidney Cancer,TCGA Tumor,KIRC,Kidney Cancer,6.275619951,-6.787507128
TCGA-DJ-A1QE-01,,Thyroid Cancer,TCGA Tumor,THCA,Thyroid Cancer,11.10382887,-0.353922944
TCGA-18-3408-01,,Lung Cancer,TCGA Tumor,LUSC,Lung Cancer,-5.211130652,2.381267239
TCGA-56-8626-01,,Lung Cancer,TCGA Tumor,LUSC,Lung Cancer,-5.740337882,0.921527613
TCGA-IN-8462-01,,Gastric Cancer,TCGA Tumor,STAD,Gastric Cancer,-4.226322684,-2.757037233
TCGA-DK-A2HX-01,,Bladder Cancer,TCGA Tumor,BLCA,Bladder Cancer,-3.425497803,-2.085242103
TCGA-A8-A07I-01,,Breast Cancer,TCGA Tumor,BRCA,Breast Cancer,5.050557103,-1.264943432
TCGA-77-A5G8-01,,Lung Cancer,TCGA Tumor,LUSC,Lung Cancer,-5.356198821,2.38620155
TCGA-CG-5726-01,,Gastric Cancer,TCGA Tumor,STAD,Gastric Cancer,-3.836499247,-3.623559784
TCGA-A2-A0EY-01,,Breast Cancer,TCGA Tumor,BRCA,Breast Cancer,5.016750303,-1.144060205
TCGA-VQ-A91Q-01,,Gastric Cancer,TCGA Tumor,STAD,Gastric Cancer,-3.430796418,-3.075977157
TCGA-EL-A3N2-01,,Thyroid Cancer,TCGA Tumor,THCA,Thyroid Cancer,11.03165671,-0.467362892
TCGA-DD-AADP-01,,Liver Cancer,TCGA Tumor,LIHC,Liver Cancer,0.722977098,3.786670376
TCGA-DX-AB32-01,,Sarcoma,TCGA Tumor,SARC,Sarcoma,0.953184691,1.092391063
TCGA-KL-8330-01,,Kidney Cancer,TCGA Tumor,KICH,Kidney Cancer,-3.559064183,5.100573469
TCGA-DA-A95V-06,,Skin Cancer,TCGA Tumor,SKCM,Skin Cancer,6.409091439,4.118827749
TCGA-BP-4782-01,,Kidney Cancer,TCGA Tumor,KIRC,Kidney Cancer,5.925883737,-5.480049681
TCGA-BH-A0B1-01,,Breast Cancer,TCGA Tumor,BRCA,Breast Cancer,3.864409652,-1.80941255
TCGA-2Y-A9GU-01,,Liver Cancer,TCGA Tumor,LIHC,Liver Cancer,0.967407551,4.099545408
TCGA-XD-AAUG-01,,Pancreatic Cancer,TCGA Tumor,PAAD,Pancreatic Cancer,-2.200025353,-1.840072106
TCGA-XF-A9SM-01,,Bladder Cancer,TCGA Tumor,BLCA,Bladder Cancer,-5.230000529,1.461132456
TCGA-2J-AABO-01,,Pancreatic Cancer,TCGA Tumor,PAAD,Pancreatic Cancer,-3.016817126,-2.507415365
TCGA-2Y-A9H9-01,,Liver Cancer,TCGA Tumor,LIHC,Liver Cancer,0.959813323,4.241343905
TCGA-98-8022-01,,Lung Cancer,TCGA Tumor,LUSC,Lung Cancer,-5.281783137,1.328689743
TARGET-50-PAKRCC-01,,Kidney Cancer,TCGA Tumor,WT,Kidney Cancer,-4.680296454,7.815612246
TCGA-43-A56U-01,,Lung Cancer,TCGA Tumor,LUSC,Lung Cancer,-5.155647788,0.909280826
TCGA-EM-A2P1-01,,Thyroid Cancer,TCGA Tumor,THCA,Thyroid Cancer,10.91979071,-0.339493136
TCGA-EW-A6SB-01,,Breast Cancer,TCGA Tumor,BRCA,Breast Cancer,0.450559866,-1.294521521
TCGA-D7-A748-01,,Gastric Cancer,TCGA Tumor,STAD,Gastric Cancer,-2.778385911,-2.061809372
TCGA-H2-A3RH-01,,Thyroid Cancer,TCGA Tumor,THCA,Thyroid Cancer,11.57537123,0.721309413
TCGA-19-4065-02,,Glioblastoma,TCGA Tumor,GBM,Brain Cancer,1.364829805,-9.001209806
TCGA-19-4065-01,,Glioblastoma,TCGA Tumor,GBM,Brain Cancer,1.326733616,-9.065141271
TCGA-DI-A2QT-01,,Endometrial/Uterine Cancer,TCGA Tumor,UCEC,Endometrial/Uterine Cancer,1.114091304,6.657867838
TCGA-67-6216-01,,Lung Cancer,TCGA Tumor,LUAD,Lung Cancer,-0.24283174,-3.149837564
TCGA-F5-6861-01,,Colorectal Cancer,TCGA Tumor,READ,Colon/Colorectal Cancer,-6.062769923,-3.611794065
TCGA-A8-A091-01,,Breast Cancer,TCGA Tumor,BRCA,Breast Cancer,5.235441652,-1.60532267
TCGA-EB-A5SF-01,,Skin Cancer,TCGA Tumor,SKCM,Skin Cancer,-6.429415259,0.086912886
TCGA-EB-A82C-01,,Skin Cancer,TCGA Tumor,SKCM,Skin Cancer,5.272878137,3.92263167
TCGA-CV-A460-01,,Head and Neck Cancer,TCGA Tumor,HNSC,Head and Neck Cancer,-6.167597804,1.348298837
TCGA-D8-A1XT-01,,Breast Cancer,TCGA Tumor,BRCA,Breast Cancer,4.115516391,-0.926066052
TCGA-AO-A0JL-01,,Breast Cancer,TCGA Tumor,BRCA,Breast Cancer,0.913452294,-1.392811607
TCGA-F5-6814-01,,Colorectal Cancer,TCGA Tumor,READ,Colon/Colorectal Cancer,-6.075451884,-3.678033184
TCGA-EL-A3CT-01,,Thyroid Cancer,TCGA Tumor,THCA,Thyroid Cancer,11.09436461,-0.413630914
TCGA-PL-A8LY-01,,Breast Cancer,TCGA Tumor,BRCA,Breast Cancer,4.630632844,-1.469844292
TCGA-G2-AA3B-01,,Bladder Cancer,TCGA Tumor,BLCA,Bladder Cancer,-3.62989572,-0.208236139
TCGA-B8-5546-01,,Kidney Cancer,TCGA Tumor,KIRC,Kidney Cancer,5.882183995,-5.516698431
TCGA-EI-6511-01,,Colorectal Cancer,TCGA Tumor,READ,Colon/Colorectal Cancer,-6.047233615,-3.583575796
TCGA-F7-A622-01,,Head and Neck Cancer,TCGA Tumor,HNSC,Head and Neck Cancer,-6.586092982,0.592292119
TARGET-50-PALERC-01,,Kidney Cancer,TCGA Tumor,WT,Kidney Cancer,-4.559814486,7.69230168
TCGA-38-4625-01,,Lung Cancer,TCGA Tumor,LUAD,Lung Cancer,0.05593228,-2.16156752
TCGA-QF-A5YS-01,,Endometrial/Uterine Cancer,TCGA Tumor,UCEC,Endometrial/Uterine Cancer,1.480905261,6.501667429
TCGA-4H-AAAK-01,,Breast Cancer,TCGA Tumor,BRCA,Breast Cancer,4.690849271,-1.581922602
TCGA-D7-A4YT-01,,Gastric Cancer,TCGA Tumor,STAD,Gastric Cancer,-4.406957183,-3.557575773
TCGA-E9-A22G-01,,Breast Cancer,TCGA Tumor,BRCA,Breast Cancer,0.868384686,-1.607125114
TCGA-44-A47G-01,,Lung Cancer,TCGA Tumor,LUAD,Lung Cancer,-0.078342531,-3.154942106
TCGA-BR-8589-01,,Gastric Cancer,TCGA Tumor,STAD,Gastric Cancer,-3.893892321,-3.552545379
TCGA-BC-A69H-01,,Liver Cancer,TCGA Tumor,LIHC,Liver Cancer,0.253658127,3.442227055
TCGA-B0-5695-01,,Kidney Cancer,TCGA Tumor,KIRC,Kidney Cancer,6.337130037,-6.709088873
TCGA-GN-A8LL-06,,Skin Cancer,TCGA Tumor,SKCM,Skin Cancer,6.707921949,4.404322077
TCGA-D8-A1X8-01,,Breast Cancer,TCGA Tumor,BRCA,Breast Cancer,4.044477906,-1.796689104
TCGA-DX-A3U6-01,,Sarcoma,TCGA Tumor,SARC,Sarcoma,1.198834982,1.283082296
TCGA-KP-A3VZ-01,,Endometrial/Uterine Cancer,TCGA Tumor,UCEC,Endometrial/Uterine Cancer,1.541057077,7.882819105
TCGA-CQ-5329-01,,Head and Neck Cancer,TCGA Tumor,HNSC,Head and Neck Cancer,-6.559777293,0.603558589
TCGA-C8-A1HM-01,,Breast Cancer,TCGA Tumor,BRCA,Breast Cancer,5.432700601,-1.49319918
TCGA-39-5040-01,,Lung Cancer,TCGA Tumor,LUSC,Lung Cancer,-3.943783316,-0.650744568
TCGA-D3-A51N-06,,Skin Cancer,TCGA Tumor,SKCM,Skin Cancer,4.997855153,3.394538094
TCGA-EE-A17Y-06,,Skin Cancer,TCGA Tumor,SKCM,Skin Cancer,5.107189622,3.50766771
TCGA-CN-6020-01,,Head and Neck Cancer,TCGA Tumor,HNSC,Head and Neck Cancer,-6.582853827,0.59334128
TCGA-2Y-A9HA-01,,Liver Cancer,TCGA Tumor,LIHC,Liver Cancer,0.839859482,3.906890083
TCGA-EE-A2GH-06,,Skin Cancer,TCGA Tumor,SKCM,Skin Cancer,5.661044088,3.513454128
TCGA-DJ-A2QB-01,,Thyroid Cancer,TCGA Tumor,THCA,Thyroid Cancer,11.37477347,0.901742328
TCGA-FY-A40M-01,,Thyroid Cancer,TCGA Tumor,THCA,Thyroid Cancer,11.52990004,0.666908134
TCGA-FD-A43Y-01,,Bladder Cancer,TCGA Tumor,BLCA,Bladder Cancer,-6.582563433,0.609411527
TCGA-BH-A0E1-01,,Breast Cancer,TCGA Tumor,BRCA,Breast Cancer,4.010837045,-1.780202578
TCGA-S3-A6ZG-01,,Breast Cancer,TCGA Tumor,BRCA,Breast Cancer,5.153271165,-1.520397137
TCGA-EO-A3B0-01,,Endometrial/Uterine Cancer,TCGA Tumor,UCEC,Endometrial/Uterine Cancer,1.413654175,6.625491072
TCGA-AO-A0J5-01,,Breast Cancer,TCGA Tumor,BRCA,Breast Cancer,3.290211406,-1.273571681
TARGET-50-PAKFYV-01,,Kidney Cancer,TCGA Tumor,WT,Kidney Cancer,-4.725212607,7.86155646
TCGA-A8-A08T-01,,Breast Cancer,TCGA Tumor,BRCA,Breast Cancer,4.544664827,-1.206007074
TCGA-CK-4948-01,,Colorectal Cancer,TCGA Tumor,COAD,Colon/Colorectal Cancer,-5.685689959,-3.528589319
TCGA-AR-A1AW-01,,Breast Cancer,TCGA Tumor,BRCA,Breast Cancer,4.281036821,-1.369605731
TCGA-10-0933-01,,Ovarian Cancer,TCGA Tumor,OV,Ovarian Cancer,-0.107508991,1.265123893
TCGA-EE-A29B-06,,Skin Cancer,TCGA Tumor,SKCM,Skin Cancer,6.084359136,3.754938294
TCGA-12-1597-01,,Glioblastoma,TCGA Tumor,GBM,Brain Cancer,1.517834749,-9.1131397
TCGA-CG-4440-01,,Gastric Cancer,TCGA Tumor,STAD,Gastric Cancer,-2.708616767,-2.017839502
TCGA-A6-6651-01,,Colorectal Cancer,TCGA Tumor,COAD,Colon/Colorectal Cancer,-5.458818946,-3.207399916
TCGA-59-2350-01,,Ovarian Cancer,TCGA Tumor,OV,Ovarian Cancer,1.662776675,8.297815729
TCGA-13-0900-01,,Ovarian Cancer,TCGA Tumor,OV,Ovarian Cancer,1.506368723,7.816409517
TCGA-28-1747-01,,Glioblastoma,TCGA Tumor,GBM,Brain Cancer,1.289424029,-9.967597555
TCGA-77-8009-01,,Lung Cancer,TCGA Tumor,LUSC,Lung Cancer,-5.331775698,2.347249914
TCGA-28-2499-01,,Glioblastoma,TCGA Tumor,GBM,Brain Cancer,1.296425369,-9.890275549
TCGA-2H-A9GK-01,,Esophageal Cancer,TCGA Tumor,ESCA,Esophageal Cancer,-3.452606711,-3.124847244
TARGET-50-PAJLLF-01,,Kidney Cancer,TCGA Tumor,WT,Kidney Cancer,-4.581486735,7.715483118
TCGA-DD-AACL-01,,Liver Cancer,TCGA Tumor,LIHC,Liver Cancer,0.438227665,3.563844849
TCGA-77-8148-01,,Lung Cancer,TCGA Tumor,LUSC,Lung Cancer,-5.350194011,2.56537645
TCGA-AO-A12A-01,,Breast Cancer,TCGA Tumor,BRCA,Breast Cancer,4.090284314,-1.744765829
TCGA-A2-A0CQ-01,,Breast Cancer,TCGA Tumor,BRCA,Breast Cancer,4.502033677,-1.282184671
TCGA-D3-A8GJ-06,,Skin Cancer,TCGA Tumor,SKCM,Skin Cancer,5.514105764,3.674248625
TCGA-A2-A0YM-01,,Breast Cancer,TCGA Tumor,BRCA,Breast Cancer,1.062195745,-1.512298654
TCGA-AA-3662-01,,Colorectal Cancer,TCGA Tumor,COAD,Colon/Colorectal Cancer,-6.045405421,-3.634412598
TARGET-50-PAKZFK-01,,Kidney Cancer,TCGA Tumor,WT,Kidney Cancer,-4.591330085,7.723778177
TCGA-IB-A6UG-01,,Pancreatic Cancer,TCGA Tumor,PAAD,Pancreatic Cancer,-2.820935282,-2.201188396
TCGA-DJ-A2QA-01,,Thyroid Cancer,TCGA Tumor,THCA,Thyroid Cancer,11.59905287,0.536207158
TCGA-G3-A5SI-01,,Liver Cancer,TCGA Tumor,LIHC,Liver Cancer,0.948799339,4.138114859
TCGA-IB-7887-01,,Pancreatic Cancer,TCGA Tumor,PAAD,Pancreatic Cancer,-2.63804892,-2.503055643
TCGA-44-3398-01,,Lung Cancer,TCGA Tumor,LUAD,Lung Cancer,-0.05521718,-2.597687553
TCGA-VQ-AA6D-01,,Gastric Cancer,TCGA Tumor,STAD,Gastric Cancer,4.682360139,-1.597192835
TCGA-FR-A7UA-06,,Skin Cancer,TCGA Tumor,SKCM,Skin Cancer,5.576323476,3.463019301
TCGA-DD-A113-01,,Liver Cancer,TCGA Tumor,LIHC,Liver Cancer,0.56151272,3.644947458
TCGA-DY-A1DF-01,,Colorectal Cancer,TCGA Tumor,READ,Colon/Colorectal Cancer,-5.085830245,-3.140135835
TCGA-ZF-A9RE-01,,Bladder Cancer,TCGA Tumor,BLCA,Bladder Cancer,-6.212657962,1.747311402
TCGA-E2-A1IU-01,,Breast Cancer,TCGA Tumor,BRCA,Breast Cancer,4.037016835,-1.715480994
TCGA-D7-A6EZ-01,,Gastric Cancer,TCGA Tumor,STAD,Gastric Cancer,-3.865044627,-3.426188539
TCGA-F7-A61W-01,,Head and Neck Cancer,TCGA Tumor,HNSC,Head and Neck Cancer,-6.833830867,0.687821675
TCGA-C8-A130-01,,Breast Cancer,TCGA Tumor,BRCA,Breast Cancer,4.039383378,-1.705910515
TCGA-E2-A1B4-01,,Breast Cancer,TCGA Tumor,BRCA,Breast Cancer,3.997125354,-1.685095381
TCGA-G4-6298-01,,Colorectal Cancer,TCGA Tumor,COAD,Colon/Colorectal Cancer,-6.0762606,-3.624013733
TCGA-61-2088-01,,Ovarian Cancer,TCGA Tumor,OV,Ovarian Cancer,1.535077896,7.808321882
TCGA-LL-A73Z-01,,Breast Cancer,TCGA Tumor,BRCA,Breast Cancer,0.844853457,-1.372460436
TCGA-F2-7273-01,,Pancreatic Cancer,TCGA Tumor,PAAD,Pancreatic Cancer,-2.335848365,-2.420763563
TCGA-DK-A1A5-01,,Bladder Cancer,TCGA Tumor,BLCA,Bladder Cancer,-4.38310102,0.446238
TCGA-78-7633-01,,Lung Cancer,TCGA Tumor,LUAD,Lung Cancer,-0.632564459,-2.945081066
TCGA-W5-AA33-01,,Bile Duct Cancer,TCGA Tumor,CHOL,Bile Duct Cancer,0.20823161,3.409198929
TCGA-DV-5565-01,,Kidney Cancer,TCGA Tumor,KIRC,Kidney Cancer,6.223611322,-5.460830282
TCGA-BW-A5NQ-01,,Liver Cancer,TCGA Tumor,LIHC,Liver Cancer,0.624093648,3.744217087
TCGA-CN-6024-01,,Head and Neck Cancer,TCGA Tumor,HNSC,Head and Neck Cancer,-5.916221652,1.049421657
TCGA-LL-A6FR-01,,Breast Cancer,TCGA Tumor,BRCA,Breast Cancer,1.051534143,-1.490997981
TCGA-DJ-A1QM-01,,Thyroid Cancer,TCGA Tumor,THCA,Thyroid Cancer,11.13262793,-0.228913884
TCGA-DD-A1EA-01,,Liver Cancer,TCGA Tumor,LIHC,Liver Cancer,1.277767327,3.815082003
TCGA-60-2695-01,,Lung Cancer,TCGA Tumor,LUSC,Lung Cancer,-0.756180439,-1.949130367
TCGA-DD-AAW2-01,,Liver Cancer,TCGA Tumor,LIHC,Liver Cancer,1.320541349,3.877480436
TCGA-FV-A3I1-01,,Liver Cancer,TCGA Tumor,LIHC,Liver Cancer,0.820650425,3.945512463
TCGA-A8-A07E-01,,Breast Cancer,TCGA Tumor,BRCA,Breast Cancer,4.203193393,-1.709289264
TCGA-05-4418-01,,Lung Cancer,TCGA Tumor,LUAD,Lung Cancer,-1.37379745,-2.14322121
TCGA-25-1313-01,,Ovarian Cancer,TCGA Tumor,OV,Ovarian Cancer,2.002000776,8.14733832
TCGA-E9-A247-01,,Breast Cancer,TCGA Tumor,BRCA,Breast Cancer,4.250878539,-1.716720413
TCGA-BH-A18F-01,,Breast Cancer,TCGA Tumor,BRCA,Breast Cancer,4.417498555,-1.571589063
TCGA-VQ-A924-01,,Gastric Cancer,TCGA Tumor,STAD,Gastric Cancer,-4.950840983,-3.692771028
TCGA-B6-A1KI-01,,Breast Cancer,TCGA Tumor,BRCA,Breast Cancer,4.129729715,-1.300772976
TCGA-IB-A5SS-01,,Pancreatic Cancer,TCGA Tumor,PAAD,Pancreatic Cancer,-3.221063647,-2.319130014
TCGA-C4-A0EZ-01,,Bladder Cancer,TCGA Tumor,BLCA,Bladder Cancer,-1.195979628,-0.563095104
TCGA-F4-6856-01,,Colorectal Cancer,TCGA Tumor,COAD,Colon/Colorectal Cancer,-4.983749423,-3.727213453
TCGA-RP-A6K9-06,,Skin Cancer,TCGA Tumor,SKCM,Skin Cancer,6.710480657,4.416772295
TCGA-86-A4P8-01,,Lung Cancer,TCGA Tumor,LUAD,Lung Cancer,-0.586971316,-2.222740482
TCGA-DF-A2KN-01,,Endometrial/Uterine Cancer,TCGA Tumor,UCEC,Endometrial/Uterine Cancer,1.35964432,6.570273329
TCGA-78-7535-01,,Lung Cancer,TCGA Tumor,LUAD,Lung Cancer,-0.086691502,-3.019918751
TCGA-BP-4995-01,,Kidney Cancer,TCGA Tumor,KIRC,Kidney Cancer,-3.512597356,5.068957258
TCGA-86-8671-01,,Lung Cancer,TCGA Tumor,LUAD,Lung Cancer,-0.36608294,-2.755758356
TCGA-F4-6569-01,,Colorectal Cancer,TCGA Tumor,COAD,Colon/Colorectal Cancer,-5.277522597,-3.231512617
TCGA-B2-5641-01,,Kidney Cancer,TCGA Tumor,KIRC,Kidney Cancer,6.08028647,-5.722422193
TCGA-18-3421-01,,Lung Cancer,TCGA Tumor,LUSC,Lung Cancer,-5.265520606,0.749947537
TCGA-06-0649-01,,Glioblastoma,TCGA Tumor,GBM,Brain Cancer,1.302129891,-9.366072248
TCGA-A3-3382-01,,Kidney Cancer,TCGA Tumor,KIRC,Kidney Cancer,6.11372849,-5.446590494
TCGA-AZ-4682-01,,Colorectal Cancer,TCGA Tumor,COAD,Colon/Colorectal Cancer,-6.063272033,-3.789967131
TCGA-KN-8428-01,,Kidney Cancer,TCGA Tumor,KICH,Kidney Cancer,-3.560086522,5.103917528
TCGA-BR-8077-01,,Gastric Cancer,TCGA Tumor,STAD,Gastric Cancer,-4.985956225,-2.079806637
TCGA-2F-A9KW-01,,Bladder Cancer,TCGA Tumor,BLCA,Bladder Cancer,-4.629690203,-1.484903525
TCGA-A2-A3XZ-01,,Breast Cancer,TCGA Tumor,BRCA,Breast Cancer,4.71304318,-1.19329388
TCGA-MB-A5Y9-01,,Sarcoma,TCGA Tumor,SARC,Sarcoma,1.216162231,1.222345401
TCGA-DK-A1AB-01,,Bladder Cancer,TCGA Tumor,BLCA,Bladder Cancer,-6.130544696,1.370168258
TCGA-DX-AB2T-01,,Sarcoma,TCGA Tumor,SARC,Sarcoma,1.181633797,1.224421788
TCGA-CM-6163-01,,Colorectal Cancer,TCGA Tumor,COAD,Colon/Colorectal Cancer,-6.050023589,-3.75581963
TCGA-CZ-5454-01,,Kidney Cancer,TCGA Tumor,KIRC,Kidney Cancer,6.267924276,-5.665656637
TCGA-91-6835-01,,Lung Cancer,TCGA Tumor,LUAD,Lung Cancer,-0.201801512,-3.119300674
TCGA-B5-A1MS-01,,Endometrial/Uterine Cancer,TCGA Tumor,UCEC,Endometrial/Uterine Cancer,1.278782037,6.740399767
TCGA-A8-A07F-01,,Breast Cancer,TCGA Tumor,BRCA,Breast Cancer,4.903277841,-1.183115195
TARGET-50-PAKRZW-01,,Kidney Cancer,TCGA Tumor,WT,Kidney Cancer,-3.965675864,6.760442187
TCGA-HD-A634-01,,Head and Neck Cancer,TCGA Tumor,HNSC,Head and Neck Cancer,-0.470647845,-1.246861767
TCGA-2J-AABH-01,,Pancreatic Cancer,TCGA Tumor,PAAD,Pancreatic Cancer,-3.119516167,-2.694995951
TCGA-UP-A6WW-01,,Head and Neck Cancer,TCGA Tumor,HNSC,Head and Neck Cancer,-5.972072158,1.284384776
TCGA-OY-A56Q-01,,Ovarian Cancer,TCGA Tumor,OV,Ovarian Cancer,1.345314708,7.882699419
TCGA-GC-A3BM-01,,Bladder Cancer,TCGA Tumor,BLCA,Bladder Cancer,-3.755323443,0.093451821
TCGA-D5-6535-01,,Colorectal Cancer,TCGA Tumor,COAD,Colon/Colorectal Cancer,-5.762840304,-3.57247765
TCGA-FV-A3R2-01,,Liver Cancer,TCGA Tumor,LIHC,Liver Cancer,1.008555141,3.935507227
TCGA-ET-A3BQ-01,,Thyroid Cancer,TCGA Tumor,THCA,Thyroid Cancer,11.53520342,0.045074162
TCGA-56-6546-01,,Lung Cancer,TCGA Tumor,LUSC,Lung Cancer,-0.618429217,-2.401581835
TARGET-50-PAJMKI-01,,Kidney Cancer,TCGA Tumor,WT,Kidney Cancer,-4.606216941,7.740158011
TCGA-FD-A5BV-01,,Bladder Cancer,TCGA Tumor,BLCA,Bladder Cancer,-3.736727748,-0.285427522
TCGA-13-1510-01,,Ovarian Cancer,TCGA Tumor,OV,Ovarian Cancer,1.915987101,8.271697451
TARGET-50-PAJPDC-02,,Kidney Cancer,TCGA Tumor,WT,Kidney Cancer,0.651390609,0.931741465
TCGA-43-A56V-01,,Lung Cancer,TCGA Tumor,LUSC,Lung Cancer,-5.894334349,2.27286904
TCGA-EL-A3MW-01,,Thyroid Cancer,TCGA Tumor,THCA,Thyroid Cancer,11.54590842,0.010380991
TCGA-KM-8438-01,,Kidney Cancer,TCGA Tumor,KICH,Kidney Cancer,-3.544127974,5.092740465
TCGA-25-1317-01,,Ovarian Cancer,TCGA Tumor,OV,Ovarian Cancer,1.37639698,7.879140307
TCGA-39-5022-01,,Lung Cancer,TCGA Tumor,LUSC,Lung Cancer,-5.252083812,0.65774237
TCGA-IS-A3K6-01,,Sarcoma,TCGA Tumor,SARC,Sarcoma,1.789577451,1.558788944
TCGA-27-1835-01,,Glioblastoma,TCGA Tumor,GBM,Brain Cancer,1.242197182,-9.931766104
TCGA-EE-A3AD-06,,Skin Cancer,TCGA Tumor,SKCM,Skin Cancer,5.641809907,3.628160406
TCGA-06-2564-01,,Glioblastoma,TCGA Tumor,GBM,Brain Cancer,1.246999052,-9.89549024
TCGA-JY-A939-01,,Esophageal Cancer,TCGA Tumor,ESCA,Esophageal Cancer,-2.735600266,-2.024652313
TCGA-IQ-A6SH-01,,Head and Neck Cancer,TCGA Tumor,HNSC,Head and Neck Cancer,-6.827270064,0.550013591
TCGA-EE-A2GL-06,,Skin Cancer,TCGA Tumor,SKCM,Skin Cancer,5.304052797,3.650021721
TCGA-LD-A7W5-01,,Breast Cancer,TCGA Tumor,BRCA,Breast Cancer,4.770313707,-1.580482434
TCGA-EL-A3CW-01,,Thyroid Cancer,TCGA Tumor,THCA,Thyroid Cancer,11.44835516,0.613067557
TCGA-EE-A2M8-06,,Skin Cancer,TCGA Tumor,SKCM,Skin Cancer,5.432030168,3.615638662
TCGA-UY-A8OC-01,,Bladder Cancer,TCGA Tumor,BLCA,Bladder Cancer,-5.373410258,0.72006904
TCGA-55-6980-01,,Lung Cancer,TCGA Tumor,LUAD,Lung Cancer,-0.350437317,-2.803195309
TCGA-AA-3526-01,,Colorectal Cancer,TCGA Tumor,COAD,Colon/Colorectal Cancer,-6.018178496,-3.63495643
TCGA-56-A4BY-01,,Lung Cancer,TCGA Tumor,LUSC,Lung Cancer,-5.517562899,2.504888703
TCGA-24-1105-01,,Ovarian Cancer,TCGA Tumor,OV,Ovarian Cancer,1.420546379,7.932491232
TCGA-BK-A56F-01,,Endometrial/Uterine Cancer,TCGA Tumor,UCEC,Endometrial/Uterine Cancer,1.475519386,6.523763586
TCGA-BR-8361-01,,Gastric Cancer,TCGA Tumor,STAD,Gastric Cancer,-4.428903136,-3.456840109
TCGA-DD-AACG-01,,Liver Cancer,TCGA Tumor,LIHC,Liver Cancer,0.531856459,3.6603431
TCGA-37-4132-01,,Lung Cancer,TCGA Tumor,LUSC,Lung Cancer,-1.477715525,-0.806308876
TCGA-27-1832-01,,Glioblastoma,TCGA Tumor,GBM,Brain Cancer,1.239213076,-9.727281164
TCGA-DE-A4M8-01,,Thyroid Cancer,TCGA Tumor,THCA,Thyroid Cancer,11.11923167,0.272723262
TCGA-50-5936-01,,Lung Cancer,TCGA Tumor,LUAD,Lung Cancer,-1.268152747,-2.218846153
TCGA-AJ-A3OL-01,,Endometrial/Uterine Cancer,TCGA Tumor,UCEC,Endometrial/Uterine Cancer,1.492208448,6.522822786
TCGA-46-6026-01,,Lung Cancer,TCGA Tumor,LUSC,Lung Cancer,-5.991762671,2.334913899
TCGA-BR-8680-01,,Gastric Cancer,TCGA Tumor,STAD,Gastric Cancer,-5.708808932,-3.485025238
TCGA-FD-A3SS-01,,Bladder Cancer,TCGA Tumor,BLCA,Bladder Cancer,-3.901389155,-0.691735398
TCGA-AN-A0XV-01,,Breast Cancer,TCGA Tumor,BRCA,Breast Cancer,3.995183435,-1.820379208
TCGA-RD-A8N5-01,,Gastric Cancer,TCGA Tumor,STAD,Gastric Cancer,-4.242159877,-2.823461126
TCGA-AC-A2FE-01,,Breast Cancer,TCGA Tumor,BRCA,Breast Cancer,4.352108684,-1.684855412
TCGA-DF-A2KZ-01,,Endometrial/Uterine Cancer,TCGA Tumor,UCEC,Endometrial/Uterine Cancer,1.291974809,6.671971728
TCGA-XV-AAZV-01,,Skin Cancer,TCGA Tumor,SKCM,Skin Cancer,5.002092805,3.416829516
TCGA-BJ-A0ZH-01,,Thyroid Cancer,TCGA Tumor,THCA,Thyroid Cancer,10.97098013,-0.36130489
TCGA-14-1829-01,,Glioblastoma,TCGA Tumor,GBM,Brain Cancer,1.227871027,-9.562076162
TCGA-GV-A40G-01,,Bladder Cancer,TCGA Tumor,BLCA,Bladder Cancer,-3.634974513,-0.134483795
TCGA-13-1488-01,,Ovarian Cancer,TCGA Tumor,OV,Ovarian Cancer,1.718512383,7.96211188
TCGA-EL-A3H3-01,,Thyroid Cancer,TCGA Tumor,THCA,Thyroid Cancer,10.88041731,-0.435413103
TCGA-B0-5812-01,,Kidney Cancer,TCGA Tumor,KIRC,Kidney Cancer,6.352333036,-5.99529035
TCGA-A7-A4SB-01,,Breast Cancer,TCGA Tumor,BRCA,Breast Cancer,4.604682889,-1.412472438
TCGA-CQ-A4CD-01,,Head and Neck Cancer,TCGA Tumor,HNSC,Head and Neck Cancer,-6.410125766,0.609761585
TCGA-FD-A5BR-01,,Bladder Cancer,TCGA Tumor,BLCA,Bladder Cancer,-3.996543917,-0.000182341
TCGA-DV-5575-01,,Kidney Cancer,TCGA Tumor,KIRC,Kidney Cancer,6.257749524,-5.959794115
TCGA-AD-6895-01,,Colorectal Cancer,TCGA Tumor,COAD,Colon/Colorectal Cancer,-4.962789092,-3.702099632
TCGA-D7-5578-01,,Gastric Cancer,TCGA Tumor,STAD,Gastric Cancer,-4.852691684,-3.679736208
TARGET-50-CAAAAS-01,,Kidney Cancer,TCGA Tumor,WT,Kidney Cancer,-4.555264983,7.684840609
TCGA-EB-A1NK-01,,Skin Cancer,TCGA Tumor,SKCM,Skin Cancer,5.987004247,3.74844997
TCGA-32-2615-01,,Glioblastoma,TCGA Tumor,GBM,Brain Cancer,1.245567169,-9.87053449
TCGA-BC-4072-01,,Liver Cancer,TCGA Tumor,LIHC,Liver Cancer,0.23494662,3.418529678
TCGA-BR-6566-01,,Gastric Cancer,TCGA Tumor,STAD,Gastric Cancer,-5.164919886,-3.36416037
TCGA-AH-6544-01,,Colorectal Cancer,TCGA Tumor,READ,Colon/Colorectal Cancer,-5.728411231,-3.798055481
TCGA-66-2727-01,,Lung Cancer,TCGA Tumor,LUSC,Lung Cancer,-5.308513675,2.256513525
TCGA-EB-A97M-01,,Skin Cancer,TCGA Tumor,SKCM,Skin Cancer,5.923456159,3.582706619
TCGA-CR-7404-01,,Head and Neck Cancer,TCGA Tumor,HNSC,Head and Neck Cancer,-6.091106448,2.339302231
TCGA-AN-A0XU-01,,Breast Cancer,TCGA Tumor,BRCA,Breast Cancer,1.053507176,-1.545043897
TCGA-EE-A29M-06,,Skin Cancer,TCGA Tumor,SKCM,Skin Cancer,5.93498179,3.602679421
TCGA-A7-A6VV-01,,Breast Cancer,TCGA Tumor,BRCA,Breast Cancer,1.026945439,-1.488223027
TCGA-AO-A03P-01,,Breast Cancer,TCGA Tumor,BRCA,Breast Cancer,5.405610051,-1.728013824
TCGA-18-3415-01,,Lung Cancer,TCGA Tumor,LUSC,Lung Cancer,-5.27380279,2.40569656
TCGA-EW-A1P1-01,,Breast Cancer,TCGA Tumor,BRCA,Breast Cancer,0.956050899,-1.12718172
TCGA-B4-5835-01,,Kidney Cancer,TCGA Tumor,KIRC,Kidney Cancer,-0.735687647,7.44497769
TCGA-06-0158-01,,Glioblastoma,TCGA Tumor,GBM,Brain Cancer,1.239968446,-9.867140364
TCGA-CC-A3MC-01,,Liver Cancer,TCGA Tumor,LIHC,Liver Cancer,0.349900697,3.519845415
TCGA-X2-A95T-01,,Sarcoma,TCGA Tumor,SARC,Sarcoma,1.936668124,1.572276164
TCGA-CF-A8HY-01,,Bladder Cancer,TCGA Tumor,BLCA,Bladder Cancer,-3.717682395,0.09945878
TCGA-QQ-A8VH-01,,Nerve,TCGA Tumor,SARC,Nerve,0.106933918,0.897209991
TCGA-LI-A9QH-01,,Sarcoma,TCGA Tumor,SARC,Sarcoma,1.282814112,1.679831792
TCGA-L5-A8NN-01,,Esophageal Cancer,TCGA Tumor,ESCA,Esophageal Cancer,0.20837329,3.395623375
TCGA-LL-A442-01,,Breast Cancer,TCGA Tumor,BRCA,Breast Cancer,5.411047425,-1.425740908
TCGA-61-2104-01,,Ovarian Cancer,TCGA Tumor,OV,Ovarian Cancer,1.728938785,8.465020586
TCGA-73-4675-01,,Lung Cancer,TCGA Tumor,LUAD,Lung Cancer,-0.371977601,-2.9556957
TCGA-B2-4099-01,,Kidney Cancer,TCGA Tumor,KIRC,Kidney Cancer,6.246541467,-6.839696001
TCGA-50-5932-01,,Lung Cancer,TCGA Tumor,LUAD,Lung Cancer,-0.631429705,-3.053659748
TCGA-MI-A75I-01,,Liver Cancer,TCGA Tumor,LIHC,Liver Cancer,0.888288286,3.90728562
TCGA-BB-4228-01,,Head and Neck Cancer,TCGA Tumor,HNSC,Head and Neck Cancer,-5.845510039,1.73688655
TCGA-CJ-4635-01,,Kidney Cancer,TCGA Tumor,KIRC,Kidney Cancer,6.202158418,-6.275300573
TCGA-BJ-A0Z0-01,,Thyroid Cancer,TCGA Tumor,THCA,Thyroid Cancer,11.55017039,0.837415029
TCGA-43-2578-01,,Lung Cancer,TCGA Tumor,LUSC,Lung Cancer,-1.335970197,-0.976974319
TCGA-CV-7406-01,,Head and Neck Cancer,TCGA Tumor,HNSC,Head and Neck Cancer,-5.89949182,0.899054576
TCGA-E2-A1LI-01,,Breast Cancer,TCGA Tumor,BRCA,Breast Cancer,0.881418702,-1.540755581
TCGA-GD-A76B-01,,Bladder Cancer,TCGA Tumor,BLCA,Bladder Cancer,-3.596312318,-0.503147732
TCGA-DJ-A13O-01,,Thyroid Cancer,TCGA Tumor,THCA,Thyroid Cancer,11.30900618,-0.151248451
TCGA-DK-AA71-01,,Bladder Cancer,TCGA Tumor,BLCA,Bladder Cancer,-3.719883952,0.120350097
TCGA-EM-A2OX-01,,Thyroid Cancer,TCGA Tumor,THCA,Thyroid Cancer,11.41319033,-0.115012448
TCGA-93-A4JO-01,,Lung Cancer,TCGA Tumor,LUAD,Lung Cancer,-0.311144564,-3.020504545
TCGA-HR-A2OG-06,,Skin Cancer,TCGA Tumor,SKCM,Skin Cancer,5.222019639,3.52256601
TCGA-CN-5360-01,,Head and Neck Cancer,TCGA Tumor,HNSC,Head and Neck Cancer,-6.092332396,2.254710365
TCGA-OL-A66L-01,,Breast Cancer,TCGA Tumor,BRCA,Breast Cancer,4.415459123,-1.618640851
TCGA-B6-A0WS-01,,Breast Cancer,TCGA Tumor,BRCA,Breast Cancer,4.194582191,-1.821043562
TCGA-F7-A623-01,,Head and Neck Cancer,TCGA Tumor,HNSC,Head and Neck Cancer,-6.560731921,0.675637115
TCGA-C8-A138-01,,Breast Cancer,TCGA Tumor,BRCA,Breast Cancer,4.525401559,-1.383175086
TCGA-IE-A4EI-01,,Sarcoma,TCGA Tumor,SARC,Sarcoma,1.986862269,1.588313509
TCGA-IM-A41Z-01,,Thyroid Cancer,TCGA Tumor,THCA,Thyroid Cancer,11.42129179,0.933211614
TCGA-B6-A0X7-01,,Breast Cancer,TCGA Tumor,BRCA,Breast Cancer,3.915995326,-1.750187587
TCGA-A7-A426-01,,Breast Cancer,TCGA Tumor,BRCA,Breast Cancer,4.554513898,-1.596123289
TCGA-BA-5153-01,,Head and Neck Cancer,TCGA Tumor,HNSC,Head and Neck Cancer,-5.983824763,1.916950751
TCGA-55-8510-01,,Lung Cancer,TCGA Tumor,LUAD,Lung Cancer,-0.092990819,-3.005046676
TCGA-DD-AAW1-01,,Liver Cancer,TCGA Tumor,LIHC,Liver Cancer,1.324939695,3.861430098
TCGA-06-2558-01,,Glioblastoma,TCGA Tumor,GBM,Brain Cancer,1.585301604,-9.214800428
TCGA-X6-A8C5-01,,Sarcoma,TCGA Tumor,SARC,Sarcoma,1.94567832,1.487514425
TCGA-A7-A56D-01,,Breast Cancer,TCGA Tumor,BRCA,Breast Cancer,4.04528853,-1.623936008
TCGA-B8-4146-01,,Kidney Cancer,TCGA Tumor,KIRC,Kidney Cancer,5.317206826,2.498615194
TCGA-AF-6672-01,,Colorectal Cancer,TCGA Tumor,READ,Colon/Colorectal Cancer,-6.055827174,-3.677805971
TCGA-4Z-AA7R-01,,Bladder Cancer,TCGA Tumor,BLCA,Bladder Cancer,-3.779861483,-0.651115249
TCGA-O2-A52V-01,,Lung Cancer,TCGA Tumor,LUSC,Lung Cancer,-5.256169352,2.299922873
TCGA-FK-A4UB-01,,Thyroid Cancer,TCGA Tumor,THCA,Thyroid Cancer,11.40702292,0.456780214
TCGA-ZF-AA58-01,,Bladder Cancer,TCGA Tumor,BLCA,Bladder Cancer,-5.24043468,0.877311398
TCGA-22-1005-01,,Lung Cancer,TCGA Tumor,LUSC,Lung Cancer,-0.977187428,-1.848019432
TCGA-A8-A07B-01,,Breast Cancer,TCGA Tumor,BRCA,Breast Cancer,4.738549199,-1.000567864
TCGA-ZD-A8I3-01,,Bile Duct Cancer,TCGA Tumor,CHOL,Bile Duct Cancer,-0.092640821,3.037057091
TCGA-A8-A086-01,,Breast Cancer,TCGA Tumor,BRCA,Breast Cancer,3.941204038,-1.896530103
TCGA-BR-4292-01,,Gastric Cancer,TCGA Tumor,STAD,Gastric Cancer,-4.880547557,-3.698295664
TCGA-D5-6529-01,,Colorectal Cancer,TCGA Tumor,COAD,Colon/Colorectal Cancer,-5.806131873,-3.603830885
TCGA-49-AAR3-01,,Lung Cancer,TCGA Tumor,LUAD,Lung Cancer,-0.00641397,-2.653705906
TCGA-EM-A3SX-01,,Thyroid Cancer,TCGA Tumor,THCA,Thyroid Cancer,11.58740565,0.585581113
TCGA-78-7154-01,,Lung Cancer,TCGA Tumor,LUAD,Lung Cancer,-1.267736945,-2.162417959
TCGA-DX-A6BE-01,,Sarcoma,TCGA Tumor,SARC,Sarcoma,1.310687151,1.275150229
TCGA-24-1564-01,,Ovarian Cancer,TCGA Tumor,OV,Ovarian Cancer,1.538197961,7.782736231
TCGA-AR-A1AR-01,,Breast Cancer,TCGA Tumor,BRCA,Breast Cancer,0.549112466,-1.235313486
TCGA-BH-A1FU-01,,Breast Cancer,TCGA Tumor,BRCA,Breast Cancer,0.831493911,-1.317756485
TCGA-DV-5573-01,,Kidney Cancer,TCGA Tumor,KIRC,Kidney Cancer,5.986927953,-5.834400724
TCGA-W5-AA2I-01,,Bile Duct Cancer,TCGA Tumor,CHOL,Bile Duct Cancer,-0.016097907,3.130838562
TCGA-CG-5716-01,,Gastric Cancer,TCGA Tumor,STAD,Gastric Cancer,-3.787436518,-3.672348093
TCGA-CQ-5334-01,,Head and Neck Cancer,TCGA Tumor,HNSC,Head and Neck Cancer,-6.93825439,0.630357553
TCGA-E9-A1N6-01,,Breast Cancer,TCGA Tumor,BRCA,Breast Cancer,3.357183423,-1.286099862
TARGET-50-PAKMUB-01,,Kidney Cancer,TCGA Tumor,WT,Kidney Cancer,-4.521547828,7.630253721
TCGA-85-8288-01,,Lung Cancer,TCGA Tumor,LUSC,Lung Cancer,-5.253463778,0.880652119
TCGA-B6-A0RI-01,,Breast Cancer,TCGA Tumor,BRCA,Breast Cancer,4.887925115,-1.539892148
TCGA-97-7553-01,,Lung Cancer,TCGA Tumor,LUAD,Lung Cancer,-0.461128447,-2.712858747
TARGET-50-PAKVET-01,,Kidney Cancer,TCGA Tumor,WT,Kidney Cancer,-4.662192855,7.79770558
TCGA-IG-A3Y9-01,,Esophageal Cancer,TCGA Tumor,ESCA,Esophageal Cancer,-6.643074546,0.679037083
TCGA-E2-A1B6-01,,Breast Cancer,TCGA Tumor,BRCA,Breast Cancer,0.954279151,-1.587185453
TCGA-EI-7002-01,,Colorectal Cancer,TCGA Tumor,READ,Colon/Colorectal Cancer,-5.818784747,-3.472504448
TCGA-E9-A1N4-01,,Breast Cancer,TCGA Tumor,BRCA,Breast Cancer,3.924188581,-1.714074205
TCGA-CR-7367-01,,Head and Neck Cancer,TCGA Tumor,HNSC,Head and Neck Cancer,-6.504050765,0.409113575
TCGA-K4-A6MB-01,,Bladder Cancer,TCGA Tumor,BLCA,Bladder Cancer,-3.616895232,-0.21043257
TCGA-VR-AA7B-01,,Esophageal Cancer,TCGA Tumor,ESCA,Esophageal Cancer,-5.359380755,1.074986626
TCGA-EL-A3CS-01,,Thyroid Cancer,TCGA Tumor,THCA,Thyroid Cancer,10.96717879,-0.672104727
TCGA-2J-AABP-01,,Pancreatic Cancer,TCGA Tumor,PAAD,Pancreatic Cancer,1.125226226,1.139315773
TCGA-XR-A8TE-01,,Liver Cancer,TCGA Tumor,LIHC,Liver Cancer,1.37143543,3.902485539
TCGA-PG-A915-01,,Endometrial/Uterine Cancer,TCGA Tumor,UCEC,Endometrial/Uterine Cancer,1.37529805,6.634267737
TCGA-HZ-8003-01,,Pancreatic Cancer,TCGA Tumor,PAAD,Pancreatic Cancer,-0.976800594,-1.671589922
TCGA-OL-A66O-01,,Breast Cancer,TCGA Tumor,BRCA,Breast Cancer,5.430710759,-1.598589491
TCGA-28-5216-01,,Glioblastoma,TCGA Tumor,GBM,Brain Cancer,1.386726704,-9.077075552
TCGA-85-8277-01,,Lung Cancer,TCGA Tumor,LUSC,Lung Cancer,-5.241388831,2.105789114
TCGA-VQ-A8DZ-01,,Gastric Cancer,TCGA Tumor,STAD,Gastric Cancer,-5.175617728,-2.76071627
TCGA-A7-A6VY-01,,Breast Cancer,TCGA Tumor,BRCA,Breast Cancer,0.926019039,-1.467274617
TCGA-77-8143-01,,Lung Cancer,TCGA Tumor,LUSC,Lung Cancer,-5.989663634,1.835695912
TCGA-DK-A6B5-01,,Bladder Cancer,TCGA Tumor,BLCA,Bladder Cancer,-5.569364581,1.336375285
TCGA-T7-A92I-01,,Kidney Cancer,TCGA Tumor,KIRC,Kidney Cancer,5.700369325,-5.307043146
TCGA-XF-A9SI-01,,Bladder Cancer,TCGA Tumor,BLCA,Bladder Cancer,-3.12778357,-2.543834757
TCGA-GM-A2DA-01,,Breast Cancer,TCGA Tumor,BRCA,Breast Cancer,3.969473567,-1.644262384
TCGA-62-A46O-01,,Lung Cancer,TCGA Tumor,LUAD,Lung Cancer,-1.217180881,-2.26339228
TCGA-GN-A4U8-06,,Skin Cancer,TCGA Tumor,SKCM,Skin Cancer,5.57960793,3.547648598
TCGA-E8-A434-01,,Thyroid Cancer,TCGA Tumor,THCA,Thyroid Cancer,11.02655169,-0.159957718
TCGA-HQ-A5ND-01,,Bladder Cancer,TCGA Tumor,BLCA,Bladder Cancer,-5.214540038,1.468645025
TCGA-24-1434-01,,Ovarian Cancer,TCGA Tumor,OV,Ovarian Cancer,1.669301834,8.003323485
TCGA-DX-A2IZ-01,,Sarcoma,TCGA Tumor,SARC,Sarcoma,0.904239383,1.307052303
TCGA-EB-A44O-01,,Skin Cancer,TCGA Tumor,SKCM,Skin Cancer,6.000337568,3.599495579
TCGA-DF-A2KV-01,,Endometrial/Uterine Cancer,TCGA Tumor,UCEC,Endometrial/Uterine Cancer,1.37412962,6.564761091
TCGA-E7-A8O8-01,,Bladder Cancer,TCGA Tumor,BLCA,Bladder Cancer,-3.70263246,0.193224062
TCGA-B6-A0I1-01,,Breast Cancer,TCGA Tumor,BRCA,Breast Cancer,0.950419154,-1.549533557
TCGA-UY-A8OD-01,,Bladder Cancer,TCGA Tumor,BLCA,Bladder Cancer,-4.912283931,0.877050985
TCGA-KL-8344-01,,Kidney Cancer,TCGA Tumor,KICH,Kidney Cancer,-3.504166875,5.060949732
TCGA-CZ-4862-01,,Kidney Cancer,TCGA Tumor,KIRC,Kidney Cancer,6.068059411,-6.624861788
TCGA-EE-A2ME-06,,Skin Cancer,TCGA Tumor,SKCM,Skin Cancer,5.29874703,3.430911471
TCGA-D3-A51E-06,,Skin Cancer,TCGA Tumor,SKCM,Skin Cancer,5.992166009,3.568729569
TCGA-CR-6487-01,,Head and Neck Cancer,TCGA Tumor,HNSC,Head and Neck Cancer,-5.383301768,1.649332334
TCGA-4B-A93V-01,,Lung Cancer,TCGA Tumor,LUAD,Lung Cancer,-0.817749057,-2.026456426
TCGA-D3-A5GT-01,,Skin Cancer,TCGA Tumor,SKCM,Skin Cancer,5.820182767,3.395211626
TCGA-BH-A18T-01,,Breast Cancer,TCGA Tumor,BRCA,Breast Cancer,0.969025638,-1.48681743
TCGA-B0-5701-01,,Kidney Cancer,TCGA Tumor,KIRC,Kidney Cancer,6.032335248,-5.801556181
TCGA-CM-6169-01,,Colorectal Cancer,TCGA Tumor,COAD,Colon/Colorectal Cancer,-5.718054805,-3.491030525
TCGA-EY-A72D-01,,Endometrial/Uterine Cancer,TCGA Tumor,UCEC,Endometrial/Uterine Cancer,1.389470127,6.559808661
TCGA-RD-A7BT-01,,Gastric Cancer,TCGA Tumor,STAD,Gastric Cancer,-5.83171371,-3.649185251
TCGA-CR-6493-01,,Head and Neck Cancer,TCGA Tumor,HNSC,Head and Neck Cancer,-6.918652091,0.650874604
TCGA-HR-A2OH-06,,Skin Cancer,TCGA Tumor,SKCM,Skin Cancer,5.695784536,3.57309096
TCGA-BH-A0BD-01,,Breast Cancer,TCGA Tumor,BRCA,Breast Cancer,4.57876679,-1.579564284
TCGA-CV-6954-01,,Head and Neck Cancer,TCGA Tumor,HNSC,Head and Neck Cancer,-6.510685,0.771525968
TCGA-OL-A5RU-01,,Breast Cancer,TCGA Tumor,BRCA,Breast Cancer,4.611404386,-1.417114924
TCGA-CJ-4874-01,,Kidney Cancer,TCGA Tumor,KIRC,Kidney Cancer,6.241172757,-6.806331705
TCGA-18-3411-01,,Lung Cancer,TCGA Tumor,LUSC,Lung Cancer,-5.47326139,2.013901402
TCGA-24-1558-01,,Ovarian Cancer,TCGA Tumor,OV,Ovarian Cancer,1.37610754,6.825260092
TCGA-BA-5558-01,,Head and Neck Cancer,TCGA Tumor,HNSC,Head and Neck Cancer,-6.870791468,0.611130227
TCGA-LQ-A4E4-01,,Breast Cancer,TCGA Tumor,BRCA,Breast Cancer,4.379538503,-1.162892293
TCGA-29-1711-01,,Ovarian Cancer,TCGA Tumor,OV,Ovarian Cancer,1.613838878,7.978643824
TCGA-MP-A4SY-01,,Lung Cancer,TCGA Tumor,LUAD,Lung Cancer,-0.114927981,-2.956917595
TCGA-IM-A4EB-01,,Thyroid Cancer,TCGA Tumor,THCA,Thyroid Cancer,10.94573733,-0.273346346
TCGA-A6-6650-01,,Colorectal Cancer,TCGA Tumor,COAD,Colon/Colorectal Cancer,-5.880639109,-2.719140362
TCGA-A7-A0DA-01,,Breast Cancer,TCGA Tumor,BRCA,Breast Cancer,1.03261092,-1.550052356
TCGA-06-0138-01,,Glioblastoma,TCGA Tumor,GBM,Brain Cancer,1.219426003,-9.700491499
TCGA-56-A62T-01,,Lung Cancer,TCGA Tumor,LUSC,Lung Cancer,-5.410320792,2.071941305
TCGA-IM-A3U2-01,,Thyroid Cancer,TCGA Tumor,THCA,Thyroid Cancer,10.98485419,-0.307856928
TCGA-ER-A19N-06,,Skin Cancer,TCGA Tumor,SKCM,Skin Cancer,5.690136876,3.776981045
TCGA-28-5207-01,,Glioblastoma,TCGA Tumor,GBM,Brain Cancer,1.535400357,-9.982283186
TCGA-HZ-8315-01,,Pancreatic Cancer,TCGA Tumor,PAAD,Pancreatic Cancer,-3.043944154,-2.665280889
TCGA-FS-A1ZC-06,,Skin Cancer,TCGA Tumor,SKCM,Skin Cancer,4.991905179,3.397706677
TCGA-A2-A25C-01,,Breast Cancer,TCGA Tumor,BRCA,Breast Cancer,5.295664277,-1.430740188
TCGA-KN-8418-01,,Kidney Cancer,TCGA Tumor,KICH,Kidney Cancer,-3.560890708,5.099901606
TCGA-FY-A4B0-01,,Thyroid Cancer,TCGA Tumor,THCA,Thyroid Cancer,11.48393389,0.87578981
TCGA-PG-A7D5-01,,Endometrial/Uterine Cancer,TCGA Tumor,UCEC,Endometrial/Uterine Cancer,1.394219723,6.568966795
TCGA-C4-A0F7-01,,Bladder Cancer,TCGA Tumor,BLCA,Bladder Cancer,-5.66311172,1.243939329
TCGA-GM-A4E0-01,,Breast Cancer,TCGA Tumor,BRCA,Breast Cancer,3.777346578,-1.492941092
TCGA-BF-A5EP-01,,Skin Cancer,TCGA Tumor,SKCM,Skin Cancer,5.508704629,3.563757588
TCGA-O8-A75V-01,,Liver Cancer,TCGA Tumor,LIHC,Liver Cancer,0.896387902,3.87459438
TCGA-HU-A4H5-01,,Gastric Cancer,TCGA Tumor,STAD,Gastric Cancer,-3.650716338,-2.77315266
TCGA-E2-A14V-01,,Breast Cancer,TCGA Tumor,BRCA,Breast Cancer,4.921811547,-1.427570771
TCGA-E7-A8O7-01,,Bladder Cancer,TCGA Tumor,BLCA,Bladder Cancer,-3.622922454,0.096919444
TCGA-CV-6942-01,,Head and Neck Cancer,TCGA Tumor,HNSC,Head and Neck Cancer,-6.179219756,0.760683645
TCGA-E2-A105-01,,Breast Cancer,TCGA Tumor,BRCA,Breast Cancer,5.661569085,-1.660415005
TCGA-CV-5441-01,,Head and Neck Cancer,TCGA Tumor,HNSC,Head and Neck Cancer,-6.439982447,0.946635772
TCGA-HV-A5A5-01,,Pancreatic Cancer,TCGA Tumor,PAAD,Pancreatic Cancer,-2.447714362,-2.46127541
TCGA-BR-4362-01,,Gastric Cancer,TCGA Tumor,STAD,Gastric Cancer,-4.534254107,-3.553360294
TCGA-XF-AAMX-01,,Bladder Cancer,TCGA Tumor,BLCA,Bladder Cancer,-3.590318475,-0.421634506
TCGA-06-0130-01,,Glioblastoma,TCGA Tumor,GBM,Brain Cancer,1.344101277,-9.034164976
TARGET-50-PAKNAL-01,,Kidney Cancer,TCGA Tumor,WT,Kidney Cancer,-3.961321387,6.764458109
TCGA-EL-A3ZN-01,,Thyroid Cancer,TCGA Tumor,THCA,Thyroid Cancer,11.57525393,0.764404167
TCGA-XF-AAN0-01,,Bladder Cancer,TCGA Tumor,BLCA,Bladder Cancer,-3.427064214,-2.112024378
TCGA-B8-A8YJ-01,,Kidney Cancer,TCGA Tumor,KIRC,Kidney Cancer,6.18426415,-5.525028299
TCGA-3B-A9HQ-01,,Sarcoma,TCGA Tumor,SARC,Sarcoma,1.91842803,1.530678679
TCGA-D3-A2JO-06,,Skin Cancer,TCGA Tumor,SKCM,Skin Cancer,5.65921351,3.670598198
TCGA-CR-7394-01,,Head and Neck Cancer,TCGA Tumor,HNSC,Head and Neck Cancer,-6.48337892,0.211701189
TCGA-61-1738-01,,Ovarian Cancer,TCGA Tumor,OV,Ovarian Cancer,1.61656126,7.945385386
TCGA-BR-7197-01,,Gastric Cancer,TCGA Tumor,STAD,Gastric Cancer,-2.608140502,-1.931807588
TCGA-B0-4849-01,,Kidney Cancer,TCGA Tumor,KIRC,Kidney Cancer,6.345723119,-6.631633829
TCGA-MP-A4SV-01,,Lung Cancer,TCGA Tumor,LUAD,Lung Cancer,-0.073867801,-3.172538112
TCGA-29-1703-01,,Ovarian Cancer,TCGA Tumor,OV,Ovarian Cancer,1.695014444,8.117687632
TCGA-BH-A0HP-01,,Breast Cancer,TCGA Tumor,BRCA,Breast Cancer,4.213023391,-1.370855879
TCGA-B6-A0I8-01,,Breast Cancer,TCGA Tumor,BRCA,Breast Cancer,4.675788846,-1.205092024
TCGA-IG-A3I8-01,,Esophageal Cancer,TCGA Tumor,ESCA,Esophageal Cancer,-5.286719355,1.059635092
TCGA-E2-A1L7-01,,Breast Cancer,TCGA Tumor,BRCA,Breast Cancer,5.5975351,-1.634961914
TCGA-DX-A3UD-01,,Sarcoma,TCGA Tumor,SARC,Sarcoma,1.93521699,1.555140783
TCGA-DJ-A2Q4-01,,Thyroid Cancer,TCGA Tumor,THCA,Thyroid Cancer,11.28782794,-0.236302238
TCGA-55-8513-01,,Lung Cancer,TCGA Tumor,LUAD,Lung Cancer,-3.162479911,-2.592724871
TCGA-G4-6625-01,,Colorectal Cancer,TCGA Tumor,COAD,Colon/Colorectal Cancer,-5.932958636,-3.729165624
TARGET-50-PAKMSV-01,,Kidney Cancer,TCGA Tumor,WT,Kidney Cancer,-4.569275412,7.7007684
TARGET-50-PAKULH-01,,Kidney Cancer,TCGA Tumor,WT,Kidney Cancer,-4.580948386,7.712811876
TARGET-50-PAJNNC-01,,Kidney Cancer,TCGA Tumor,WT,Kidney Cancer,-4.501674208,7.620207239
TCGA-04-1542-01,,Ovarian Cancer,TCGA Tumor,OV,Ovarian Cancer,1.780117359,8.176902224
TCGA-P3-A6T7-01,,Head and Neck Cancer,TCGA Tumor,HNSC,Head and Neck Cancer,-6.736434493,0.563126434
TCGA-FB-AAQ6-01,,Pancreatic Cancer,TCGA Tumor,PAAD,Pancreatic Cancer,-3.273762975,-2.880835365
TCGA-56-6545-01,,Lung Cancer,TCGA Tumor,LUSC,Lung Cancer,-5.425981078,0.762754191
TCGA-34-2608-01,,Lung Cancer,TCGA Tumor,LUSC,Lung Cancer,-5.562916312,1.52973621
TCGA-CR-7391-01,,Head and Neck Cancer,TCGA Tumor,HNSC,Head and Neck Cancer,-6.394532237,0.160940651
TCGA-DX-A8BM-01,,Sarcoma,TCGA Tumor,SARC,Sarcoma,1.292350021,1.653593112
TCGA-MP-A4T4-01,,Lung Cancer,TCGA Tumor,LUAD,Lung Cancer,-0.013381902,-2.749553274
TCGA-BR-A44U-01,,Gastric Cancer,TCGA Tumor,STAD,Gastric Cancer,-4.701305899,-3.077056002
TCGA-71-8520-01,,Lung Cancer,TCGA Tumor,LUAD,Lung Cancer,-0.315975222,-2.830414842
TCGA-4Z-AA82-01,,Bladder Cancer,TCGA Tumor,BLCA,Bladder Cancer,-5.398581538,1.125848819
TCGA-P3-A5QA-01,,Head and Neck Cancer,TCGA Tumor,HNSC,Head and Neck Cancer,-5.541234526,0.741461028
TCGA-CM-6680-01,,Colorectal Cancer,TCGA Tumor,COAD,Colon/Colorectal Cancer,-5.437039885,-3.721658777
TCGA-44-7672-01,,Lung Cancer,TCGA Tumor,LUAD,Lung Cancer,0.003096041,-2.811457466
TCGA-E9-A1N8-01,,Breast Cancer,TCGA Tumor,BRCA,Breast Cancer,1.029306081,-1.473939251
TCGA-A8-A085-01,,Breast Cancer,TCGA Tumor,BRCA,Breast Cancer,5.583456483,-1.731494497
TCGA-AR-A24Q-01,,Breast Cancer,TCGA Tumor,BRCA,Breast Cancer,0.928148535,-1.399094175
TCGA-O2-A5IB-01,,Lung Cancer,TCGA Tumor,LUSC,Lung Cancer,0.779546049,-1.409426164
TCGA-E8-A416-01,,Thyroid Cancer,TCGA Tumor,THCA,Thyroid Cancer,11.53672358,0.71658485
TCGA-CV-A45Q-01,,Head and Neck Cancer,TCGA Tumor,HNSC,Head and Neck Cancer,-6.30930141,0.127180454
TCGA-AA-3663-01,,Colorectal Cancer,TCGA Tumor,COAD,Colon/Colorectal Cancer,-6.004603896,-3.788850139
TCGA-AP-A3K1-01,,Endometrial/Uterine Cancer,TCGA Tumor,UCEC,Endometrial/Uterine Cancer,1.103956547,6.68667977
TCGA-3L-AA1B-01,,Colorectal Cancer,TCGA Tumor,COAD,Colon/Colorectal Cancer,-6.057292971,-3.676180433
TCGA-30-1862-01,,Ovarian Cancer,TCGA Tumor,OV,Ovarian Cancer,1.479608264,7.908188749
TCGA-29-1698-01,,Ovarian Cancer,TCGA Tumor,OV,Ovarian Cancer,1.473888483,7.064908911
TCGA-CN-6019-01,,Head and Neck Cancer,TCGA Tumor,HNSC,Head and Neck Cancer,-5.898188624,1.031731118
TARGET-50-PAJMFU-01,,Kidney Cancer,TCGA Tumor,WT,Kidney Cancer,-4.650057826,7.785518099
TCGA-BJ-A45I-01,,Thyroid Cancer,TCGA Tumor,THCA,Thyroid Cancer,10.94459101,-0.328145127
TCGA-06-0125-01,,Glioblastoma,TCGA Tumor,GBM,Brain Cancer,1.230031636,-9.879001211
TCGA-B0-4823-01,,Kidney Cancer,TCGA Tumor,KIRC,Kidney Cancer,6.217194524,-5.666528295
TCGA-06-0125-02,,Glioblastoma,TCGA Tumor,GBM,Brain Cancer,1.442628112,-9.203589987
TCGA-BG-A3PP-01,,Endometrial/Uterine Cancer,TCGA Tumor,UCEC,Endometrial/Uterine Cancer,1.359513965,6.615364481
TCGA-KO-8404-01,,Kidney Cancer,TCGA Tumor,KICH,Kidney Cancer,1.25724509,1.165608455
TCGA-3B-A9HU-01,,Sarcoma,TCGA Tumor,SARC,Sarcoma,1.98135325,1.604396988
TCGA-22-4596-01,,Lung Cancer,TCGA Tumor,LUSC,Lung Cancer,0.021330502,-2.679900955
TCGA-B0-5084-01,,Kidney Cancer,TCGA Tumor,KIRC,Kidney Cancer,0.264450532,6.889919687
TCGA-RE-A7BO-01,,Esophageal Cancer,TCGA Tumor,ESCA,Esophageal Cancer,-5.546403918,-3.53138883
TCGA-A7-A0CE-01,,Breast Cancer,TCGA Tumor,BRCA,Breast Cancer,0.913206127,-1.458092879
TCGA-BP-4991-01,,Kidney Cancer,TCGA Tumor,KIRC,Kidney Cancer,6.27526566,-5.999430727
TCGA-23-1021-01,,Ovarian Cancer,TCGA Tumor,OV,Ovarian Cancer,1.997012701,8.241564203
TCGA-DX-AB2P-01,,Sarcoma,TCGA Tumor,SARC,Sarcoma,1.479235258,1.218136359
TCGA-23-1116-01,,Ovarian Cancer,TCGA Tumor,OV,Ovarian Cancer,2.002793637,8.078906466
TCGA-RC-A7SF-01,,Liver Cancer,TCGA Tumor,LIHC,Liver Cancer,0.894136247,4.112074782
TCGA-FP-7916-01,,Gastric Cancer,TCGA Tumor,STAD,Gastric Cancer,-3.785815749,-3.685547422
TCGA-06-0168-01,,Glioblastoma,TCGA Tumor,GBM,Brain Cancer,1.386600044,-9.462491583
TCGA-EB-A5UN-06,,Skin Cancer,TCGA Tumor,SKCM,Skin Cancer,5.649231878,3.36980765
TCGA-A3-3335-01,,Kidney Cancer,TCGA Tumor,KIRC,Kidney Cancer,6.203457322,-6.157913755
TCGA-EB-A3XB-01,,Skin Cancer,TCGA Tumor,SKCM,Skin Cancer,5.974391904,3.542389799
TCGA-B2-4102-01,,Kidney Cancer,TCGA Tumor,KIRC,Kidney Cancer,6.132674661,-6.704736303
TCGA-AK-3434-01,,Kidney Cancer,TCGA Tumor,KIRC,Kidney Cancer,6.283848253,-6.837359976
TCGA-09-1662-01,,Ovarian Cancer,TCGA Tumor,OV,Ovarian Cancer,1.850046482,8.415717531
TCGA-E6-A8L9-01,,Endometrial/Uterine Cancer,TCGA Tumor,UCEC,Endometrial/Uterine Cancer,1.37978461,6.59687369
TCGA-CZ-4861-01,,Kidney Cancer,TCGA Tumor,KIRC,Kidney Cancer,6.172038999,-5.787679743
TCGA-34-8455-01,,Lung Cancer,TCGA Tumor,LUSC,Lung Cancer,-5.260678801,1.205325771
TCGA-CV-6950-01,,Head and Neck Cancer,TCGA Tumor,HNSC,Head and Neck Cancer,-6.042712722,0.554936637
TCGA-22-5480-01,,Lung Cancer,TCGA Tumor,LUSC,Lung Cancer,-5.30218986,0.860472966
TCGA-P3-A5QE-01,,Head and Neck Cancer,TCGA Tumor,HNSC,Head and Neck Cancer,-6.116397414,1.980807472
TCGA-77-8128-01,,Lung Cancer,TCGA Tumor,LUSC,Lung Cancer,-5.402720961,2.488428999
TCGA-G2-A2ES-01,,Bladder Cancer,TCGA Tumor,BLCA,Bladder Cancer,-5.268419776,1.307906319
TCGA-CR-6481-01,,Head and Neck Cancer,TCGA Tumor,HNSC,Head and Neck Cancer,-6.099197898,2.018047501
TCGA-C8-A134-01,,Breast Cancer,TCGA Tumor,BRCA,Breast Cancer,1.042643395,-1.514164399
TCGA-DX-A6BA-01,,Sarcoma,TCGA Tumor,SARC,Sarcoma,1.9957616,1.486022998
TCGA-YC-A9TC-01,,Bladder Cancer,TCGA Tumor,BLCA,Bladder Cancer,-0.960771475,-1.844875525
TCGA-ZF-A9R7-01,,Bladder Cancer,TCGA Tumor,BLCA,Bladder Cancer,-3.637847934,0.023770592
TCGA-DJ-A2PU-01,,Thyroid Cancer,TCGA Tumor,THCA,Thyroid Cancer,11.5367026,0.0447879
TCGA-51-4081-01,,Lung Cancer,TCGA Tumor,LUSC,Lung Cancer,-5.493886981,2.240846563
TCGA-CV-6441-01,,Head and Neck Cancer,TCGA Tumor,HNSC,Head and Neck Cancer,-5.79847959,1.575587917
TCGA-C8-A12Y-01,,Breast Cancer,TCGA Tumor,BRCA,Breast Cancer,3.976970163,-1.6993335
TCGA-D3-A5GS-06,,Skin Cancer,TCGA Tumor,SKCM,Skin Cancer,5.537838903,3.479127337
TCGA-DX-A7ET-01,,Sarcoma,TCGA Tumor,SARC,Sarcoma,1.173984077,1.213162829
TCGA-DJ-A3VL-01,,Thyroid Cancer,TCGA Tumor,THCA,Thyroid Cancer,11.54387042,0.79684173
TCGA-XF-A8HG-01,,Bladder Cancer,TCGA Tumor,BLCA,Bladder Cancer,-3.596307549,-0.044916872
TCGA-IB-AAUV-01,,Pancreatic Cancer,TCGA Tumor,PAAD,Pancreatic Cancer,-2.184214148,-1.866981577
TCGA-GU-AATO-01,,Bladder Cancer,TCGA Tumor,BLCA,Bladder Cancer,-3.469219718,-1.73006637
TCGA-ER-A2NF-06,,Skin Cancer,TCGA Tumor,SKCM,Skin Cancer,6.719998803,4.432712961
TCGA-AC-A2BM-01,,Breast Cancer,TCGA Tumor,BRCA,Breast Cancer,5.610126939,-1.581869792
TCGA-A2-A0EU-01,,Breast Cancer,TCGA Tumor,BRCA,Breast Cancer,4.153779712,-1.847845863
TCGA-CR-7382-01,,Head and Neck Cancer,TCGA Tumor,HNSC,Head and Neck Cancer,-5.839354548,0.525839169
TCGA-VQ-A8P5-01,,Gastric Cancer,TCGA Tumor,STAD,Gastric Cancer,-3.296320472,-2.990741562
TCGA-32-2634-01,,Glioblastoma,TCGA Tumor,GBM,Brain Cancer,1.331139055,-9.696060728
TCGA-FX-A3TO-01,,Sarcoma,TCGA Tumor,SARC,Sarcoma,1.350887206,1.53377359
TCGA-BP-4768-01,,Kidney Cancer,TCGA Tumor,KIRC,Kidney Cancer,6.159964051,-6.258102964
TCGA-DJ-A13L-01,,Thyroid Cancer,TCGA Tumor,THCA,Thyroid Cancer,10.92747447,-0.27554525
TCGA-CJ-5677-01,,Kidney Cancer,TCGA Tumor,KIRC,Kidney Cancer,6.052265134,-5.586931776
TCGA-E7-A6ME-01,,Bladder Cancer,TCGA Tumor,BLCA,Bladder Cancer,-3.562707934,-0.506895493
TCGA-56-8503-01,,Lung Cancer,TCGA Tumor,LUSC,Lung Cancer,-5.820044551,0.936990667
TCGA-AJ-A3BF-01,,Endometrial/Uterine Cancer,TCGA Tumor,UCEC,Endometrial/Uterine Cancer,1.164323893,6.391739298
TCGA-51-4080-01,,Lung Cancer,TCGA Tumor,LUSC,Lung Cancer,-5.226537738,2.510398794
TCGA-56-7223-01,,Lung Cancer,TCGA Tumor,LUSC,Lung Cancer,-1.547119412,-0.833052467
TCGA-EL-A4KG-01,,Thyroid Cancer,TCGA Tumor,THCA,Thyroid Cancer,10.99422595,-0.393923264
TCGA-RU-A8FL-01,,Colorectal Cancer,TCGA Tumor,COAD,Colon/Colorectal Cancer,-6.10489038,-3.653034757
TCGA-HD-A6HZ-01,,Head and Neck Cancer,TCGA Tumor,HNSC,Head and Neck Cancer,-6.663871321,0.484324087
TCGA-E2-A15G-01,,Breast Cancer,TCGA Tumor,BRCA,Breast Cancer,5.429914441,-1.399444054
TCGA-56-8083-01,,Lung Cancer,TCGA Tumor,LUSC,Lung Cancer,-0.360108766,1.297406484
TCGA-C8-A12U-01,,Breast Cancer,TCGA Tumor,BRCA,Breast Cancer,5.612853017,-1.633976649
TCGA-BP-4784-01,,Kidney Cancer,TCGA Tumor,KIRC,Kidney Cancer,0.925567713,6.62399285
TCGA-F7-8298-01,,Head and Neck Cancer,TCGA Tumor,HNSC,Head and Neck Cancer,-6.367685351,0.561993946
TCGA-XF-A8HD-01,,Bladder Cancer,TCGA Tumor,BLCA,Bladder Cancer,-3.800619159,-0.498498391
TCGA-KD-A5QT-01,,Sarcoma,TCGA Tumor,SARC,Sarcoma,1.986045447,1.600954462
TCGA-DD-AACV-01,,Liver Cancer,TCGA Tumor,LIHC,Liver Cancer,0.863782402,4.166576792
TCGA-DJ-A3UK-01,,Thyroid Cancer,TCGA Tumor,THCA,Thyroid Cancer,11.55006835,0.085380905
TCGA-04-1356-01,,Ovarian Cancer,TCGA Tumor,OV,Ovarian Cancer,1.666324582,7.993879248
TCGA-VQ-A94P-01,,Gastric Cancer,TCGA Tumor,STAD,Gastric Cancer,-2.322159085,-1.78927667
TCGA-B6-A0WT-01,,Breast Cancer,TCGA Tumor,BRCA,Breast Cancer,4.212171998,-1.736613821
TCGA-44-7660-01,,Lung Cancer,TCGA Tumor,LUAD,Lung Cancer,-0.640553269,-2.028436016
TCGA-24-1548-01,,Ovarian Cancer,TCGA Tumor,OV,Ovarian Cancer,1.734157171,8.520164896
TCGA-CV-7245-01,,Head and Neck Cancer,TCGA Tumor,HNSC,Head and Neck Cancer,-6.386427436,1.117697407
TCGA-EL-A4K0-01,,Thyroid Cancer,TCGA Tumor,THCA,Thyroid Cancer,11.39382693,-0.098791595
TCGA-EE-A3AH-06,,Skin Cancer,TCGA Tumor,SKCM,Skin Cancer,5.071670022,3.459721018
TCGA-DY-A1H8-01,,Colorectal Cancer,TCGA Tumor,READ,Colon/Colorectal Cancer,-6.17606977,-3.563890528
TCGA-DJ-A2PZ-01,,Thyroid Cancer,TCGA Tumor,THCA,Thyroid Cancer,11.00062987,-0.555399309
TCGA-CN-6016-01,,Head and Neck Cancer,TCGA Tumor,HNSC,Head and Neck Cancer,-6.045105014,0.528403003
TCGA-FD-A3B3-01,,Bladder Cancer,TCGA Tumor,BLCA,Bladder Cancer,-6.562472853,0.608992327
TCGA-S3-AA12-01,,Breast Cancer,TCGA Tumor,BRCA,Breast Cancer,5.688687291,-1.670341085
TCGA-77-6843-01,,Lung Cancer,TCGA Tumor,LUSC,Lung Cancer,-5.265587363,2.499815155
TCGA-VQ-A8DV-01,,Gastric Cancer,TCGA Tumor,STAD,Gastric Cancer,0.270539295,3.453306605
TCGA-AR-A1AY-01,,Breast Cancer,TCGA Tumor,BRCA,Breast Cancer,1.026711669,-1.513403963
TCGA-BA-4075-01,,Head and Neck Cancer,TCGA Tumor,HNSC,Head and Neck Cancer,-5.516294036,0.700616945
TCGA-FJ-A3ZF-01,,Bladder Cancer,TCGA Tumor,BLCA,Bladder Cancer,-3.595548425,-0.569835376
TCGA-FE-A234-01,,Thyroid Cancer,TCGA Tumor,THCA,Thyroid Cancer,11.00980898,-0.484307002
TCGA-CA-6719-01,,Colorectal Cancer,TCGA Tumor,COAD,Colon/Colorectal Cancer,-5.85381845,-3.530603956
TCGA-CD-5813-01,,Gastric Cancer,TCGA Tumor,STAD,Gastric Cancer,-2.550265822,-1.899795722
TCGA-EE-A29E-06,,Skin Cancer,TCGA Tumor,SKCM,Skin Cancer,5.960891214,3.50162809
TCGA-VQ-AA6I-01,,Gastric Cancer,TCGA Tumor,STAD,Gastric Cancer,-3.953287158,-3.612495731
TCGA-D8-A27M-01,,Breast Cancer,TCGA Tumor,BRCA,Breast Cancer,0.944945719,-1.554105233
TCGA-UY-A9PD-01,,Bladder Cancer,TCGA Tumor,BLCA,Bladder Cancer,-3.766225371,-0.273320417
TCGA-A8-A081-01,,Breast Cancer,TCGA Tumor,BRCA,Breast Cancer,4.99787518,-1.349942755
TCGA-CQ-6221-01,,Head and Neck Cancer,TCGA Tumor,HNSC,Head and Neck Cancer,1.279237833,1.091157485
TCGA-BH-A1ES-06,,Breast Cancer,TCGA Tumor,BRCA,Breast Cancer,0.279717852,3.463313986
TCGA-AO-A03O-01,,Breast Cancer,TCGA Tumor,BRCA,Breast Cancer,5.379046884,-1.45150287
TCGA-HU-8610-01,,Gastric Cancer,TCGA Tumor,STAD,Gastric Cancer,-3.461486611,-3.02753241
TCGA-69-7760-01,,Lung Cancer,TCGA Tumor,LUAD,Lung Cancer,-0.2564908,-3.078483652
TCGA-46-3766-01,,Lung Cancer,TCGA Tumor,LUSC,Lung Cancer,-5.333338771,0.765877951
TCGA-DD-AAEK-01,,Liver Cancer,TCGA Tumor,LIHC,Liver Cancer,0.940987137,3.88829105
TCGA-CQ-7069-01,,Head and Neck Cancer,TCGA Tumor,HNSC,Head and Neck Cancer,-6.59639934,0.559646059
TCGA-33-4533-01,,Lung Cancer,TCGA Tumor,LUSC,Lung Cancer,-0.239772472,1.240965773
TCGA-04-1361-01,,Ovarian Cancer,TCGA Tumor,OV,Ovarian Cancer,2.045468893,8.189140726
TCGA-B0-4852-01,,Kidney Cancer,TCGA Tumor,KIRC,Kidney Cancer,6.340078321,-6.816204141
TCGA-BB-7872-01,,Head and Neck Cancer,TCGA Tumor,HNSC,Head and Neck Cancer,-6.784400496,0.690110851
TCGA-DJ-A2PO-01,,Thyroid Cancer,TCGA Tumor,THCA,Thyroid Cancer,11.03691622,-0.506136309
TCGA-G2-A2EL-01,,Bladder Cancer,TCGA Tumor,BLCA,Bladder Cancer,-1.293449435,-0.599866461
TCGA-CV-6939-01,,Head and Neck Cancer,TCGA Tumor,HNSC,Head and Neck Cancer,-5.733530078,1.543106605
TCGA-NH-A6GB-01,,Colorectal Cancer,TCGA Tumor,COAD,Colon/Colorectal Cancer,-5.769811663,-3.503994297
TCGA-13-1497-01,,Ovarian Cancer,TCGA Tumor,OV,Ovarian Cancer,1.547378268,7.874299456
TCGA-EO-A3AY-01,,Endometrial/Uterine Cancer,TCGA Tumor,UCEC,Endometrial/Uterine Cancer,1.389208582,6.574187685
TCGA-CZ-5470-01,,Kidney Cancer,TCGA Tumor,KIRC,Kidney Cancer,5.959367719,-6.223870348
TCGA-AX-A3G1-01,,Endometrial/Uterine Cancer,TCGA Tumor,UCEC,Endometrial/Uterine Cancer,1.438767519,6.59650271
TCGA-XF-A9SP-01,,Bladder Cancer,TCGA Tumor,BLCA,Bladder Cancer,-3.88646892,-0.63610829
TCGA-AZ-4614-01,,Colorectal Cancer,TCGA Tumor,COAD,Colon/Colorectal Cancer,-5.654126677,-3.491494726
TCGA-B0-4824-01,,Kidney Cancer,TCGA Tumor,KIRC,Kidney Cancer,6.277248826,-6.754441332
TCGA-BP-4345-01,,Kidney Cancer,TCGA Tumor,KIRC,Kidney Cancer,6.281713929,-5.335321497
TCGA-B0-5115-01,,Kidney Cancer,TCGA Tumor,KIRC,Kidney Cancer,6.321899381,-6.77083404
TCGA-BB-7863-01,,Head and Neck Cancer,TCGA Tumor,HNSC,Head and Neck Cancer,-6.908565554,0.563923885
TCGA-DD-AACB-01,,Liver Cancer,TCGA Tumor,LIHC,Liver Cancer,0.65573683,3.712385584
TCGA-ZF-AA5H-01,,Bladder Cancer,TCGA Tumor,BLCA,Bladder Cancer,-5.183673415,0.694884766
TCGA-ER-A193-06,,Skin Cancer,TCGA Tumor,SKCM,Skin Cancer,5.925990548,3.587321688
TCGA-ET-A25M-01,,Thyroid Cancer,TCGA Tumor,THCA,Thyroid Cancer,11.11455199,-0.354664098
TCGA-A6-3809-01,,Colorectal Cancer,TCGA Tumor,COAD,Colon/Colorectal Cancer,-4.507572684,-3.29601271
TCGA-PL-A8LZ-01,,Breast Cancer,TCGA Tumor,BRCA,Breast Cancer,0.956547525,-1.499459695
TCGA-CZ-4865-01,,Kidney Cancer,TCGA Tumor,KIRC,Kidney Cancer,6.224996057,-5.477267813
TCGA-CM-5864-01,,Colorectal Cancer,TCGA Tumor,COAD,Colon/Colorectal Cancer,-6.100703749,-3.630476068
TCGA-DX-A1KY-01,,Sarcoma,TCGA Tumor,SARC,Sarcoma,1.210903254,1.694705058
TCGA-ER-A19O-06,,Skin Cancer,TCGA Tumor,SKCM,Skin Cancer,6.17684218,3.821054627
TCGA-GN-A4U3-06,,Skin Cancer,TCGA Tumor,SKCM,Skin Cancer,5.863203492,3.456449677
TCGA-UF-A71B-01,,Head and Neck Cancer,TCGA Tumor,HNSC,Head and Neck Cancer,-6.877244983,0.638491858
TCGA-D8-A1JS-01,,Breast Cancer,TCGA Tumor,BRCA,Breast Cancer,5.25844523,-1.290954422
TCGA-E2-A15H-01,,Breast Cancer,TCGA Tumor,BRCA,Breast Cancer,4.95267674,-1.286879133
TCGA-CV-6935-01,,Head and Neck Cancer,TCGA Tumor,HNSC,Head and Neck Cancer,-5.452795062,2.0507298
TCGA-D7-A4YX-01,,Gastric Cancer,TCGA Tumor,STAD,Gastric Cancer,-4.03823379,-3.504394125
TCGA-FV-A4ZQ-01,,Liver Cancer,TCGA Tumor,LIHC,Liver Cancer,0.721854236,3.784478117
TCGA-EL-A3GS-01,,Thyroid Cancer,TCGA Tumor,THCA,Thyroid Cancer,11.01163813,-0.609929751
TCGA-A8-A093-01,,Breast Cancer,TCGA Tumor,BRCA,Breast Cancer,4.07237288,-1.560687493
TCGA-EY-A210-01,,Endometrial/Uterine Cancer,TCGA Tumor,UCEC,Endometrial/Uterine Cancer,1.435344901,6.65741532
TCGA-D9-A4Z5-01,,Skin Cancer,TCGA Tumor,SKCM,Skin Cancer,5.608966794,3.555052448
TCGA-BP-4758-01,,Kidney Cancer,TCGA Tumor,KIRC,Kidney Cancer,6.332316842,-6.749938558
TCGA-RB-AA9M-01,,Pancreatic Cancer,TCGA Tumor,PAAD,Pancreatic Cancer,-2.516461882,-2.432489466
TCGA-BP-5200-01,,Kidney Cancer,TCGA Tumor,KIRC,Kidney Cancer,6.305813756,-6.781765531
TCGA-EB-A5UM-01,,Skin Cancer,TCGA Tumor,SKCM,Skin Cancer,6.411425557,4.150639464
TCGA-EE-A2A1-06,,Skin Cancer,TCGA Tumor,SKCM,Skin Cancer,5.985999551,3.597657133
TCGA-34-8456-01,,Lung Cancer,TCGA Tumor,LUSC,Lung Cancer,-5.454251799,2.573744465
TCGA-FY-A3YR-01,,Thyroid Cancer,TCGA Tumor,THCA,Thyroid Cancer,10.93063971,-0.306673359
TCGA-BH-A18S-01,,Breast Cancer,TCGA Tumor,BRCA,Breast Cancer,5.30882546,-1.342917274
TCGA-UF-A7JH-01,,Head and Neck Cancer,TCGA Tumor,HNSC,Head and Neck Cancer,-6.478863749,0.447004427
TCGA-44-2665-01,,Lung Cancer,TCGA Tumor,LUAD,Lung Cancer,-0.007072035,-2.009064506
TCGA-HU-A4G2-01,,Gastric Cancer,TCGA Tumor,STAD,Gastric Cancer,-3.744339499,-3.758336376
TCGA-27-1834-01,,Glioblastoma,TCGA Tumor,GBM,Brain Cancer,1.374040988,-9.946002554
TCGA-TN-A7HI-01,,Head and Neck Cancer,TCGA Tumor,HNSC,Head and Neck Cancer,-5.253745112,0.997230877
TCGA-ZF-AA54-01,,Bladder Cancer,TCGA Tumor,BLCA,Bladder Cancer,1.014981356,1.11564653
TCGA-AC-A23G-01,,Breast Cancer,TCGA Tumor,BRCA,Breast Cancer,2.933830466,-1.155644249
TCGA-EW-A1J2-01,,Breast Cancer,TCGA Tumor,BRCA,Breast Cancer,4.286766734,-1.542224001
TCGA-BJ-A4O9-01,,Thyroid Cancer,TCGA Tumor,THCA,Thyroid Cancer,10.94473788,-0.677989315
TCGA-CR-6477-01,,Head and Neck Cancer,TCGA Tumor,HNSC,Head and Neck Cancer,-6.747384105,0.595001627
TCGA-KB-A93G-01,,Gastric Cancer,TCGA Tumor,STAD,Gastric Cancer,-4.169914279,-2.800895046
TCGA-95-7944-01,,Lung Cancer,TCGA Tumor,LUAD,Lung Cancer,-1.038510237,-1.959649395
TCGA-BP-4335-01,,Kidney Cancer,TCGA Tumor,KIRC,Kidney Cancer,6.305943933,-6.828348707
TCGA-A2-A0ST-01,,Breast Cancer,TCGA Tumor,BRCA,Breast Cancer,0.758359399,-1.281832765
TCGA-DX-A7EN-01,,Sarcoma,TCGA Tumor,SARC,Sarcoma,1.94765934,1.579752732
TCGA-XF-A9ST-01,,Bladder Cancer,TCGA Tumor,BLCA,Bladder Cancer,-4.588479075,-1.472370933
TCGA-EY-A2OO-01,,Endometrial/Uterine Cancer,TCGA Tumor,UCEC,Endometrial/Uterine Cancer,1.36111876,6.661990572
TCGA-B0-5698-01,,Kidney Cancer,TCGA Tumor,KIRC,Kidney Cancer,6.329209771,-6.766623091
TCGA-BP-4173-01,,Kidney Cancer,TCGA Tumor,KIRC,Kidney Cancer,6.110858884,-5.893396925
TCGA-BA-A4II-01,,Head and Neck Cancer,TCGA Tumor,HNSC,Head and Neck Cancer,-6.621968779,0.920591344
TCGA-Q9-A6FU-01,,Esophageal Cancer,TCGA Tumor,ESCA,Esophageal Cancer,-5.654336486,0.829725374
TCGA-FX-A2QS-01,,Sarcoma,TCGA Tumor,SARC,Sarcoma,1.07939842,1.559055616
TCGA-G3-A6UC-01,,Liver Cancer,TCGA Tumor,LIHC,Liver Cancer,1.251898136,3.912733008
TCGA-DX-A3U7-01,,Sarcoma,TCGA Tumor,SARC,Sarcoma,1.980869737,1.599070121
TCGA-HZ-7925-01,,Pancreatic Cancer,TCGA Tumor,PAAD,Pancreatic Cancer,-3.014463219,-2.532824825
TCGA-L9-A7SV-01,,Lung Cancer,TCGA Tumor,LUAD,Lung Cancer,-0.252809379,-2.970508169
TCGA-KQ-A41R-01,,Bladder Cancer,TCGA Tumor,BLCA,Bladder Cancer,-3.611006293,0.070211484
TCGA-ER-A197-06,,Skin Cancer,TCGA Tumor,SKCM,Skin Cancer,6.676716771,4.391305376
TCGA-VQ-A94T-01,,Gastric Cancer,TCGA Tumor,STAD,Gastric Cancer,-1.149696502,-2.033216785
TCGA-DX-A3UC-01,,Sarcoma,TCGA Tumor,SARC,Sarcoma,1.968409267,1.574851681
TCGA-IQ-7630-01,,Head and Neck Cancer,TCGA Tumor,HNSC,Head and Neck Cancer,-6.778969798,0.575593461
TCGA-XF-AAN3-01,,Bladder Cancer,TCGA Tumor,BLCA,Bladder Cancer,-5.180160556,1.129352499
TCGA-24-1425-01,,Ovarian Cancer,TCGA Tumor,OV,Ovarian Cancer,0.538676452,-0.299045544
TCGA-04-1332-01,,Ovarian Cancer,TCGA Tumor,OV,Ovarian Cancer,1.271307614,7.736639429
TCGA-DA-A1HV-06,,Skin Cancer,TCGA Tumor,SKCM,Skin Cancer,5.078278508,3.454541374
TCGA-EM-A3FL-01,,Thyroid Cancer,TCGA Tumor,THCA,Thyroid Cancer,11.36806437,0.996966292
TCGA-W5-AA2O-01,,Bile Duct Cancer,TCGA Tumor,CHOL,Bile Duct Cancer,0.142143932,3.317093064
TCGA-B2-5636-01,,Kidney Cancer,TCGA Tumor,KIRC,Kidney Cancer,0.894857552,6.605443884
TCGA-BF-A1PV-01,,Skin Cancer,TCGA Tumor,SKCM,Skin Cancer,6.033100572,3.678748776
TCGA-55-7283-01,,Lung Cancer,TCGA Tumor,LUAD,Lung Cancer,-0.218863818,-3.144696783
TCGA-CN-A63U-01,,Head and Neck Cancer,TCGA Tumor,HNSC,Head and Neck Cancer,-5.410555396,2.209999014
TCGA-DD-A4NJ-01,,Liver Cancer,TCGA Tumor,LIHC,Liver Cancer,0.729407039,4.002402712
TCGA-BP-5168-01,,Kidney Cancer,TCGA Tumor,KIRC,Kidney Cancer,6.286010709,-6.819588255
TCGA-RS-A6TO-01,,Head and Neck Cancer,TCGA Tumor,HNSC,Head and Neck Cancer,-6.583692584,0.519227971
TCGA-AR-A24Z-01,,Breast Cancer,TCGA Tumor,BRCA,Breast Cancer,5.349189725,-1.409745764
TCGA-D9-A1X3-06,,Skin Cancer,TCGA Tumor,SKCM,Skin Cancer,6.007996526,3.540258814
TCGA-44-8117-01,,Lung Cancer,TCGA Tumor,LUAD,Lung Cancer,-0.097826007,-3.027118753
TCGA-GI-A2C9-01,,Breast Cancer,TCGA Tumor,BRCA,Breast Cancer,0.981523659,-1.496190976
TCGA-D8-A145-01,,Breast Cancer,TCGA Tumor,BRCA,Breast Cancer,4.042860952,-1.785379838
TCGA-CR-6473-01,,Head and Neck Cancer,TCGA Tumor,HNSC,Head and Neck Cancer,-5.9007974,1.791396667
TCGA-EE-A29C-06,,Skin Cancer,TCGA Tumor,SKCM,Skin Cancer,5.990526643,3.568906714
TCGA-BH-A42V-01,,Breast Cancer,TCGA Tumor,BRCA,Breast Cancer,4.592280832,-1.650281023
TCGA-BP-4331-01,,Kidney Cancer,TCGA Tumor,KIRC,Kidney Cancer,6.223888841,-6.514817308
TCGA-D8-A1XB-01,,Breast Cancer,TCGA Tumor,BRCA,Breast Cancer,4.588848081,-1.518328737
TCGA-18-4086-01,,Lung Cancer,TCGA Tumor,LUSC,Lung Cancer,-5.289933715,2.388897587
TCGA-ET-A3DU-01,,Thyroid Cancer,TCGA Tumor,THCA,Thyroid Cancer,10.87468668,-0.349167894
TCGA-A2-A0YL-01,,Breast Cancer,TCGA Tumor,BRCA,Breast Cancer,3.95849463,-1.710561346
TCGA-A7-A5ZX-01,,Breast Cancer,TCGA Tumor,BRCA,Breast Cancer,4.405004468,-1.532803129
TCGA-B2-5635-01,,Kidney Cancer,TCGA Tumor,KIRC,Kidney Cancer,6.278439012,-5.708469461
TCGA-BP-4162-01,,Kidney Cancer,TCGA Tumor,KIRC,Kidney Cancer,6.320868936,-6.780539583
TCGA-EW-A1P7-01,,Breast Cancer,TCGA Tumor,BRCA,Breast Cancer,1.064607527,-1.377272557
TCGA-AX-A2H4-01,,Endometrial/Uterine Cancer,TCGA Tumor,UCEC,Endometrial/Uterine Cancer,1.004384067,6.671416212
TCGA-AR-A5QQ-01,,Breast Cancer,TCGA Tumor,BRCA,Breast Cancer,-5.8167806,0.744823981
TCGA-W5-AA31-01,,Bile Duct Cancer,TCGA Tumor,CHOL,Bile Duct Cancer,0.266176191,3.456615139
TCGA-GJ-A9DB-01,,Liver Cancer,TCGA Tumor,LIHC,Liver Cancer,0.67911866,4.034779001
TCGA-BP-5009-01,,Kidney Cancer,TCGA Tumor,KIRC,Kidney Cancer,6.291602578,-5.474187921
TCGA-S3-AA15-01,,Breast Cancer,TCGA Tumor,BRCA,Breast Cancer,0.318390724,-0.740005742
TCGA-HZ-8519-01,,Pancreatic Cancer,TCGA Tumor,PAAD,Pancreatic Cancer,-2.147831235,-1.939300369
TCGA-BR-8081-01,,Gastric Cancer,TCGA Tumor,STAD,Gastric Cancer,-5.02352098,-3.582615208
TCGA-B4-5838-01,,Kidney Cancer,TCGA Tumor,KIRC,Kidney Cancer,6.090713945,-5.338636946
TCGA-06-5411-01,,Glioblastoma,TCGA Tumor,GBM,Brain Cancer,2.763496843,-9.687259268
TCGA-06-0171-02,,Glioblastoma,TCGA Tumor,GBM,Brain Cancer,1.35641202,-9.081762861
TCGA-CV-A45Z-01,,Head and Neck Cancer,TCGA Tumor,HNSC,Head and Neck Cancer,-6.095027957,2.324923683
TCGA-L5-A4OG-01,,Esophageal Cancer,TCGA Tumor,ESCA,Esophageal Cancer,-4.233301673,-2.747254204
TCGA-BR-8366-01,,Gastric Cancer,TCGA Tumor,STAD,Gastric Cancer,-4.433952365,-3.439886164
TCGA-BJ-A45C-01,,Thyroid Cancer,TCGA Tumor,THCA,Thyroid Cancer,11.57471606,0.794178177
TCGA-DX-A6B9-01,,Sarcoma,TCGA Tumor,SARC,Sarcoma,1.952927079,1.392978479
TCGA-YA-A8S7-01,,Liver Cancer,TCGA Tumor,LIHC,Liver Cancer,0.146309104,3.322159935
TARGET-50-PAJPHA-01,,Kidney Cancer,TCGA Tumor,WT,Kidney Cancer,-4.530614409,7.659891535
TCGA-DD-A1EC-01,,Liver Cancer,TCGA Tumor,LIHC,Liver Cancer,0.256714251,3.425048519
TCGA-55-8089-01,,Lung Cancer,TCGA Tumor,LUAD,Lung Cancer,-3.074460301,-2.519276213
TCGA-SY-A9G5-01,,Bladder Cancer,TCGA Tumor,BLCA,Bladder Cancer,-4.608979258,0.663348187
TCGA-L5-A43M-01,,Esophageal Cancer,TCGA Tumor,ESCA,Esophageal Cancer,-3.735810313,-3.622615885
TCGA-KN-8422-01,,Kidney Cancer,TCGA Tumor,KICH,Kidney Cancer,-3.545507703,5.091006685
TCGA-4Z-AA89-01,,Bladder Cancer,TCGA Tumor,BLCA,Bladder Cancer,-3.641882453,-0.006499041
TCGA-D6-6825-01,,Head and Neck Cancer,TCGA Tumor,HNSC,Head and Neck Cancer,-6.921431098,0.583370734
TCGA-26-5139-01,,Glioblastoma,TCGA Tumor,GBM,Brain Cancer,1.237170902,-9.842101644
TCGA-3B-A9HV-01,,Sarcoma,TCGA Tumor,SARC,Sarcoma,1.963050571,1.570864249
TCGA-D3-A3CF-06,,Skin Cancer,TCGA Tumor,SKCM,Skin Cancer,5.866973367,3.607201744
TCGA-EY-A548-01,,Endometrial/Uterine Cancer,TCGA Tumor,UCEC,Endometrial/Uterine Cancer,1.311092403,6.607601572
TCGA-CV-A6JY-01,,Head and Neck Cancer,TCGA Tumor,HNSC,Head and Neck Cancer,-6.480610404,0.221855674
TCGA-B0-4828-01,,Kidney Cancer,TCGA Tumor,KIRC,Kidney Cancer,6.26441237,-6.812878679
TCGA-FD-A62S-01,,Bladder Cancer,TCGA Tumor,BLCA,Bladder Cancer,-5.801178965,0.833831478
TCGA-DJ-A3UW-01,,Thyroid Cancer,TCGA Tumor,THCA,Thyroid Cancer,10.93802401,-0.341996412
TCGA-86-8673-01,,Lung Cancer,TCGA Tumor,LUAD,Lung Cancer,-0.138986323,-2.993381332
TCGA-EM-A4FR-01,,Thyroid Cancer,TCGA Tumor,THCA,Thyroid Cancer,11.4115605,0.467805792
TCGA-BC-A10U-01,,Liver Cancer,TCGA Tumor,LIHC,Liver Cancer,0.863023218,3.99486034
TCGA-CR-6478-01,,Head and Neck Cancer,TCGA Tumor,HNSC,Head and Neck Cancer,-6.393516574,0.607887913
TCGA-66-2795-01,,Lung Cancer,TCGA Tumor,LUSC,Lung Cancer,-5.285586867,2.264078308
TCGA-B0-5095-01,,Kidney Cancer,TCGA Tumor,KIRC,Kidney Cancer,6.289103952,-5.309494089
TCGA-A2-A0EW-01,,Breast Cancer,TCGA Tumor,BRCA,Breast Cancer,3.857349839,-1.665032934
TCGA-05-4390-01,,Lung Cancer,TCGA Tumor,LUAD,Lung Cancer,-0.838729534,-2.214792084
TCGA-BP-5006-01,,Kidney Cancer,TCGA Tumor,KIRC,Kidney Cancer,6.307310071,-6.767602514
TCGA-97-8171-01,,Lung Cancer,TCGA Tumor,LUAD,Lung Cancer,-0.127975378,-2.735960792
TCGA-LI-A67I-01,,Sarcoma,TCGA Tumor,SARC,Sarcoma,1.626560774,1.394714762
TCGA-QG-A5YW-01,,Colorectal Cancer,TCGA Tumor,COAD,Colon/Colorectal Cancer,-5.738531623,-3.730772327
TCGA-D3-A3CB-06,,Skin Cancer,TCGA Tumor,SKCM,Skin Cancer,5.659342256,3.844852377
TCGA-13-0888-01,,Ovarian Cancer,TCGA Tumor,OV,Ovarian Cancer,1.306518402,7.728444029
TCGA-BH-A0DG-01,,Breast Cancer,TCGA Tumor,BRCA,Breast Cancer,4.87546536,-1.226427387
TCGA-ER-A3ES-06,,Skin Cancer,TCGA Tumor,SKCM,Skin Cancer,6.779461351,4.48875754
TCGA-LN-A4MR-01,,Esophageal Cancer,TCGA Tumor,ESCA,Esophageal Cancer,-6.505297217,0.408997078
TCGA-CN-A499-01,,Head and Neck Cancer,TCGA Tumor,HNSC,Head and Neck Cancer,-6.301538024,1.039283146
TCGA-J8-A3YH-01,,Thyroid Cancer,TCGA Tumor,THCA,Thyroid Cancer,11.48870226,-0.152953546
TCGA-ET-A3DQ-01,,Thyroid Cancer,TCGA Tumor,THCA,Thyroid Cancer,11.47187277,0.660368372
TCGA-EE-A2MT-06,,Skin Cancer,TCGA Tumor,SKCM,Skin Cancer,5.873620477,3.47768562
TCGA-50-7109-01,,Lung Cancer,TCGA Tumor,LUAD,Lung Cancer,-0.783712659,-2.161772798
TCGA-BF-AAP0-06,,Skin Cancer,TCGA Tumor,SKCM,Skin Cancer,5.590846505,3.606939961
TCGA-EW-A1P3-01,,Breast Cancer,TCGA Tumor,BRCA,Breast Cancer,4.425750222,-1.68620212
TCGA-FJ-A871-01,,Bladder Cancer,TCGA Tumor,BLCA,Bladder Cancer,0.62974016,0.962231327
TCGA-GN-A264-06,,Skin Cancer,TCGA Tumor,SKCM,Skin Cancer,6.022220102,3.560051609
TCGA-AA-A01X-01,,Colorectal Cancer,TCGA Tumor,COAD,Colon/Colorectal Cancer,-6.103847537,-3.700634788
TCGA-FY-A40N-01,,Thyroid Cancer,TCGA Tumor,THCA,Thyroid Cancer,11.43140551,0.544201453
TCGA-BH-A1FD-01,,Breast Cancer,TCGA Tumor,BRCA,Breast Cancer,4.665253606,-1.047594975
TCGA-DX-A8BN-01,,Sarcoma,TCGA Tumor,SARC,Sarcoma,1.290640679,1.671739865
TCGA-EW-A424-01,,Breast Cancer,TCGA Tumor,BRCA,Breast Cancer,4.55526587,-1.586694549
TCGA-E2-A2P5-01,,Breast Cancer,TCGA Tumor,BRCA,Breast Cancer,4.441401448,-1.166614484
TCGA-DD-AACZ-01,,Liver Cancer,TCGA Tumor,LIHC,Liver Cancer,0.184459728,3.366813112
TCGA-44-6145-01,,Lung Cancer,TCGA Tumor,LUAD,Lung Cancer,-1.228951487,-2.253340076
TCGA-PT-A8TR-01,,Sarcoma,TCGA Tumor,SARC,Sarcoma,0.046806332,0.896406878
TCGA-BR-4256-01,,Gastric Cancer,TCGA Tumor,STAD,Gastric Cancer,-2.643415007,-1.958057712
TCGA-L5-A4OP-01,,Esophageal Cancer,TCGA Tumor,ESCA,Esophageal Cancer,-5.72619823,-3.552729915
TCGA-CC-A7II-01,,Liver Cancer,TCGA Tumor,LIHC,Liver Cancer,0.805642542,1.530457665
TCGA-LN-A9FR-01,,Esophageal Cancer,TCGA Tumor,ESCA,Esophageal Cancer,-5.542253527,0.792435754
TCGA-E2-A1B1-01,,Breast Cancer,TCGA Tumor,BRCA,Breast Cancer,4.865722146,-1.411019396
TCGA-3N-A9WC-06,,Skin Cancer,TCGA Tumor,SKCM,Skin Cancer,5.849490133,3.663182665
TCGA-76-4928-01,,Glioblastoma,TCGA Tumor,GBM,Brain Cancer,1.391773906,-9.049161505
TCGA-D6-A6EM-01,,Head and Neck Cancer,TCGA Tumor,HNSC,Head and Neck Cancer,-5.409713301,0.80943637
TCGA-55-8085-01,,Lung Cancer,TCGA Tumor,LUAD,Lung Cancer,-0.286245975,-2.527518343
TCGA-D5-6538-01,,Colorectal Cancer,TCGA Tumor,COAD,Colon/Colorectal Cancer,-6.114330802,-3.651895117
TCGA-FS-A1YX-06,,Skin Cancer,TCGA Tumor,SKCM,Skin Cancer,5.1494908,3.452577759
TCGA-DD-AADC-01,,Liver Cancer,TCGA Tumor,LIHC,Liver Cancer,0.755502489,3.870985438
TCGA-06-0644-01,,Glioblastoma,TCGA Tumor,GBM,Brain Cancer,1.350170222,-8.976686071
TCGA-BR-8078-01,,Gastric Cancer,TCGA Tumor,STAD,Gastric Cancer,-4.5061622,-3.568887304
TCGA-3A-A9IN-01,,Pancreatic Cancer,TCGA Tumor,PAAD,Pancreatic Cancer,-1.273969326,-0.683284711
TCGA-DA-A1I2-06,,Skin Cancer,TCGA Tumor,SKCM,Skin Cancer,5.811006036,3.565535237
TCGA-F5-6864-01,,Colorectal Cancer,TCGA Tumor,READ,Colon/Colorectal Cancer,-5.810043845,-3.542784761
TCGA-EE-A2GK-06,,Skin Cancer,TCGA Tumor,SKCM,Skin Cancer,-8.608261618,6.975933481
TCGA-C4-A0F0-01,,Bladder Cancer,TCGA Tumor,BLCA,Bladder Cancer,-5.271169219,0.733204175
TCGA-ET-A3BP-01,,Thyroid Cancer,TCGA Tumor,THCA,Thyroid Cancer,11.59544798,0.190332238
TCGA-CN-6992-01,,Head and Neck Cancer,TCGA Tumor,HNSC,Head and Neck Cancer,-5.998591456,2.420732189
TCGA-EE-A2GU-06,,Skin Cancer,TCGA Tumor,SKCM,Skin Cancer,5.850573983,3.584328581
TCGA-CV-7247-01,,Head and Neck Cancer,TCGA Tumor,HNSC,Head and Neck Cancer,-6.22836164,0.626677383
TCGA-K4-AAQO-01,,Bladder Cancer,TCGA Tumor,BLCA,Bladder Cancer,-3.943880114,-0.693701576
TCGA-BR-6565-01,,Gastric Cancer,TCGA Tumor,STAD,Gastric Cancer,-5.141860041,-3.335501503
TCGA-A7-A0CD-01,,Breast Cancer,TCGA Tumor,BRCA,Breast Cancer,4.178210702,-1.807041596
TCGA-CR-7385-01,,Head and Neck Cancer,TCGA Tumor,HNSC,Head and Neck Cancer,-6.27134851,1.995881964
TCGA-EO-A22U-01,,Endometrial/Uterine Cancer,TCGA Tumor,UCEC,Endometrial/Uterine Cancer,-4.55392221,-1.414936255
TCGA-A2-A0ES-01,,Breast Cancer,TCGA Tumor,BRCA,Breast Cancer,3.597748246,-1.633591842
TCGA-WK-A8XQ-01,,Sarcoma,TCGA Tumor,SARC,Sarcoma,0.602118772,1.123463083
TCGA-NJ-A4YF-01,,Lung Cancer,TCGA Tumor,LUAD,Lung Cancer,-1.310289893,-2.124312233
TCGA-DA-A1I8-06,,Skin Cancer,TCGA Tumor,SKCM,Skin Cancer,5.06573483,3.487938572
TCGA-CV-5439-01,,Head and Neck Cancer,TCGA Tumor,HNSC,Head and Neck Cancer,-6.591057334,1.329074789
TCGA-33-4547-01,,Lung Cancer,TCGA Tumor,LUSC,Lung Cancer,-5.333348784,1.13506775
TCGA-24-2298-01,,Ovarian Cancer,TCGA Tumor,OV,Ovarian Cancer,1.752696839,7.987821509
TCGA-25-1631-01,,Ovarian Cancer,TCGA Tumor,OV,Ovarian Cancer,1.749121275,8.467574526
TCGA-EW-A1P8-01,,Breast Cancer,TCGA Tumor,BRCA,Breast Cancer,0.84826028,-1.381786536
TCGA-AG-3725-01,,Colorectal Cancer,TCGA Tumor,READ,Colon/Colorectal Cancer,-5.956561599,-3.683302711
TCGA-QK-A8Z9-01,,Head and Neck Cancer,TCGA Tumor,HNSC,Head and Neck Cancer,-6.738465819,0.677545596
TCGA-AJ-A8CT-01,,Endometrial/Uterine Cancer,TCGA Tumor,UCEC,Endometrial/Uterine Cancer,1.607409206,6.383742262
TCGA-NK-A5CT-01,,Lung Cancer,TCGA Tumor,LUSC,Lung Cancer,-5.2229915,0.762236227
TCGA-AR-A0U4-01,,Breast Cancer,TCGA Tumor,BRCA,Breast Cancer,0.554902207,-1.555165361
TCGA-EL-A4JV-01,,Thyroid Cancer,TCGA Tumor,THCA,Thyroid Cancer,11.58340689,0.795492042
TCGA-24-1416-01,,Ovarian Cancer,TCGA Tumor,OV,Ovarian Cancer,1.838347402,8.39513724
TCGA-B8-4620-01,,Kidney Cancer,TCGA Tumor,KIRC,Kidney Cancer,6.108055082,-5.348377298
TCGA-DJ-A3VE-01,,Thyroid Cancer,TCGA Tumor,THCA,Thyroid Cancer,11.3887076,-0.147077482
TCGA-CM-6172-01,,Colorectal Cancer,TCGA Tumor,COAD,Colon/Colorectal Cancer,-5.96737865,-3.764876675
TCGA-E7-A7DU-01,,Bladder Cancer,TCGA Tumor,BLCA,Bladder Cancer,-3.689736876,0.12336177
TCGA-CJ-4904-01,,Kidney Cancer,TCGA Tumor,KIRC,Kidney Cancer,6.372866597,-6.667707037
TCGA-66-2782-01,,Lung Cancer,TCGA Tumor,LUSC,Lung Cancer,-5.197125468,1.333050657
TCGA-GU-A42R-01,,Bladder Cancer,TCGA Tumor,BLCA,Bladder Cancer,-3.844185385,0.081998606
TCGA-NJ-A7XG-01,,Lung Cancer,TCGA Tumor,LUAD,Lung Cancer,-0.325399432,-3.072347473
TCGA-JY-A93C-01,,Esophageal Cancer,TCGA Tumor,ESCA,Esophageal Cancer,-5.242198024,-3.463884901
TCGA-CJ-4642-01,,Kidney Cancer,TCGA Tumor,KIRC,Kidney Cancer,6.210986581,-5.555268358
TCGA-D5-6533-01,,Colorectal Cancer,TCGA Tumor,COAD,Colon/Colorectal Cancer,-6.11363605,-3.691651415
TCGA-E7-A519-01,,Bladder Cancer,TCGA Tumor,BLCA,Bladder Cancer,-3.642162833,0.167568956
TCGA-X6-A7W8-01,,Sarcoma,TCGA Tumor,SARC,Sarcoma,1.121818748,1.162079025
TCGA-BJ-A3PT-01,,Thyroid Cancer,TCGA Tumor,THCA,Thyroid Cancer,11.58622023,0.818840731
TCGA-WE-A8ZT-06,,Skin Cancer,TCGA Tumor,SKCM,Skin Cancer,5.337787118,3.457640577
TCGA-D8-A1XD-01,,Breast Cancer,TCGA Tumor,BRCA,Breast Cancer,5.472744909,-1.644186925
TCGA-BJ-A2N8-01,,Thyroid Cancer,TCGA Tumor,THCA,Thyroid Cancer,11.43837019,0.721165289
TCGA-A8-A08C-01,,Breast Cancer,TCGA Tumor,BRCA,Breast Cancer,4.19389483,-1.439432572
TCGA-BP-5175-01,,Kidney Cancer,TCGA Tumor,KIRC,Kidney Cancer,6.127964463,-5.346696447
TCGA-05-4403-01,,Lung Cancer,TCGA Tumor,LUAD,Lung Cancer,-3.270375762,-2.687113594
TCGA-W3-AA1O-06,,Skin Cancer,TCGA Tumor,SKCM,Skin Cancer,6.039745774,3.555419375
TCGA-55-8097-01,,Lung Cancer,TCGA Tumor,LUAD,Lung Cancer,-0.347747478,-2.785468887
TCGA-CR-7376-01,,Head and Neck Cancer,TCGA Tumor,HNSC,Head and Neck Cancer,-6.504063639,0.475042958
TCGA-LL-A7T0-01,,Breast Cancer,TCGA Tumor,BRCA,Breast Cancer,5.620337453,-1.625444125
TCGA-NI-A4U2-01,,Liver Cancer,TCGA Tumor,LIHC,Liver Cancer,0.987994042,4.214038302
TCGA-BH-A0DQ-01,,Breast Cancer,TCGA Tumor,BRCA,Breast Cancer,3.985093084,-1.797967385
TCGA-DX-AB2Z-01,,Sarcoma,TCGA Tumor,SARC,Sarcoma,1.202034917,1.209692169
TCGA-DX-AB30-01,,Sarcoma,TCGA Tumor,SARC,Sarcoma,-3.957273993,6.754510332
TCGA-WE-AA9Y-06,,Skin Cancer,TCGA Tumor,SKCM,Skin Cancer,5.897851911,3.527593304
TCGA-13-0883-01,,Ovarian Cancer,TCGA Tumor,OV,Ovarian Cancer,1.492263522,7.295751501
TCGA-DD-AAVQ-01,,Liver Cancer,TCGA Tumor,LIHC,Liver Cancer,0.444717795,3.576889206
TCGA-20-1685-01,,Ovarian Cancer,TCGA Tumor,OV,Ovarian Cancer,1.738430467,8.515672136
TCGA-B4-5834-01,,Kidney Cancer,TCGA Tumor,KIRC,Kidney Cancer,6.329415765,-5.988998007
TCGA-85-8582-01,,Lung Cancer,TCGA Tumor,LUSC,Lung Cancer,-5.842567477,0.899959613
TCGA-CN-4725-01,,Head and Neck Cancer,TCGA Tumor,HNSC,Head and Neck Cancer,-6.90418199,0.63705187
TCGA-CD-8531-01,,Gastric Cancer,TCGA Tumor,STAD,Gastric Cancer,-8.58925775,6.93687718
TCGA-NJ-A4YQ-01,,Lung Cancer,TCGA Tumor,LUAD,Lung Cancer,-1.413813147,-2.219654392
TCGA-DK-A1A3-01,,Bladder Cancer,TCGA Tumor,BLCA,Bladder Cancer,-3.61279634,-0.901087235
TCGA-97-7547-01,,Lung Cancer,TCGA Tumor,LUAD,Lung Cancer,-0.278170202,-3.079303335
TCGA-D6-6823-01,,Head and Neck Cancer,TCGA Tumor,HNSC,Head and Neck Cancer,-6.317340884,1.131890346
TCGA-IB-7645-01,,Pancreatic Cancer,TCGA Tumor,PAAD,Pancreatic Cancer,-2.665262255,-1.977150034
TCGA-FS-A1YW-06,,Skin Cancer,TCGA Tumor,SKCM,Skin Cancer,6.44986054,4.185565878
TCGA-J8-A42S-01,,Thyroid Cancer,TCGA Tumor,THCA,Thyroid Cancer,11.49535033,-0.000371083
TCGA-KQ-A41N-01,,Bladder Cancer,TCGA Tumor,BLCA,Bladder Cancer,-3.555302892,-0.104843299
TCGA-A7-A13D-01,,Breast Cancer,TCGA Tumor,BRCA,Breast Cancer,0.997701671,-1.467881035
TCGA-FD-A3N5-01,,Bladder Cancer,TCGA Tumor,BLCA,Bladder Cancer,-6.644925627,0.484105785
TCGA-EW-A1OZ-01,,Breast Cancer,TCGA Tumor,BRCA,Breast Cancer,5.545972314,-1.685044001
TCGA-CV-7429-01,,Head and Neck Cancer,TCGA Tumor,HNSC,Head and Neck Cancer,-5.372751269,1.689334441
TCGA-F4-6460-01,,Colorectal Cancer,TCGA Tumor,COAD,Colon/Colorectal Cancer,-6.103757891,-3.62985475
TCGA-61-1919-01,,Ovarian Cancer,TCGA Tumor,OV,Ovarian Cancer,1.485012379,7.822853495
TCGA-60-2716-01,,Lung Cancer,TCGA Tumor,LUSC,Lung Cancer,-6.179215464,2.051418592
TCGA-KN-8421-01,,Kidney Cancer,TCGA Tumor,KICH,Kidney Cancer,-3.554572377,5.104604174
TCGA-E2-A10F-01,,Breast Cancer,TCGA Tumor,BRCA,Breast Cancer,4.646340337,-1.614108871
TCGA-2J-AABT-01,,Pancreatic Cancer,TCGA Tumor,PAAD,Pancreatic Cancer,-2.647587571,-1.984301161
TCGA-A7-A4SD-01,,Breast Cancer,TCGA Tumor,BRCA,Breast Cancer,0.96536341,-1.433155011
TCGA-XF-A9T6-01,,Bladder Cancer,TCGA Tumor,BLCA,Bladder Cancer,-5.002888236,0.559161712
TCGA-49-4490-01,,Lung Cancer,TCGA Tumor,LUAD,Lung Cancer,-0.378372524,-2.862396787
TCGA-EM-A2OY-01,,Thyroid Cancer,TCGA Tumor,THCA,Thyroid Cancer,11.33544013,0.971369315
TCGA-HZ-7926-01,,Pancreatic Cancer,TCGA Tumor,PAAD,Pancreatic Cancer,-2.527005467,-2.494863819
TCGA-D5-5540-01,,Colorectal Cancer,TCGA Tumor,COAD,Colon/Colorectal Cancer,-6.098818812,-3.694698166
TCGA-ET-A25N-01,,Thyroid Cancer,TCGA Tumor,THCA,Thyroid Cancer,11.24822661,-0.291979145
TCGA-43-8118-01,,Lung Cancer,TCGA Tumor,LUSC,Lung Cancer,-5.711346183,2.349647213
TCGA-DK-A2I4-01,,Bladder Cancer,TCGA Tumor,BLCA,Bladder Cancer,-3.426716361,-2.244475674
TCGA-HU-A4G9-01,,Gastric Cancer,TCGA Tumor,STAD,Gastric Cancer,-3.830968413,-3.780141662
TCGA-EB-A553-01,,Skin Cancer,TCGA Tumor,SKCM,Skin Cancer,5.812791791,3.37412994
TCGA-A6-2672-01,,Colorectal Cancer,TCGA Tumor,COAD,Colon/Colorectal Cancer,-4.654825244,-3.344373058
TARGET-50-PALKRS-01,,Kidney Cancer,TCGA Tumor,WT,Kidney Cancer,-4.091489348,6.958270956
TCGA-EM-A4FU-01,,Thyroid Cancer,TCGA Tumor,THCA,Thyroid Cancer,11.39546343,0.8987072
TCGA-05-4397-01,,Lung Cancer,TCGA Tumor,LUAD,Lung Cancer,-0.403389666,-2.553847383
TCGA-HU-A4GN-01,,Gastric Cancer,TCGA Tumor,STAD,Gastric Cancer,-4.550793681,-3.625087093
TCGA-DJ-A1QL-01,,Thyroid Cancer,TCGA Tumor,THCA,Thyroid Cancer,11.55008265,0.862153817
TCGA-DD-AAVU-01,,Liver Cancer,TCGA Tumor,LIHC,Liver Cancer,0.734274265,3.779220511
TCGA-SI-A71O-01,,Sarcoma,TCGA Tumor,SARC,Sarcoma,1.365838614,1.272893835
TCGA-25-2393-01,,Ovarian Cancer,TCGA Tumor,OV,Ovarian Cancer,1.295267608,7.662416865
TCGA-XD-AAUI-01,,Pancreatic Cancer,TCGA Tumor,PAAD,Pancreatic Cancer,-3.0208917,-2.580570768
TCGA-44-6777-01,,Lung Cancer,TCGA Tumor,LUAD,Lung Cancer,-0.186229679,-3.009419988
TCGA-F4-6463-01,,Colorectal Cancer,TCGA Tumor,COAD,Colon/Colorectal Cancer,-6.085359607,-3.601544451
TCGA-FV-A23B-01,,Liver Cancer,TCGA Tumor,LIHC,Liver Cancer,0.659615454,3.729921271
TCGA-F1-6875-01,,Gastric Cancer,TCGA Tumor,STAD,Gastric Cancer,-3.954922232,-2.234206032
TCGA-IS-A3KA-01,,Sarcoma,TCGA Tumor,SARC,Sarcoma,6.021346536,3.564989973
TCGA-55-7815-01,,Lung Cancer,TCGA Tumor,LUAD,Lung Cancer,-1.101544294,-1.904476355
TCGA-H7-7774-01,,Head and Neck Cancer,TCGA Tumor,HNSC,Head and Neck Cancer,-6.514624152,0.235768233
TCGA-E2-A1B5-01,,Breast Cancer,TCGA Tumor,BRCA,Breast Cancer,4.016920772,-1.785683941
TCGA-49-AARN-01,,Lung Cancer,TCGA Tumor,LUAD,Lung Cancer,-3.097686324,-2.73118503
TCGA-ER-A196-01,,Skin Cancer,TCGA Tumor,SKCM,Skin Cancer,-6.459118876,-0.022572104
TCGA-S5-A6DX-01,,Bladder Cancer,TCGA Tumor,BLCA,Bladder Cancer,-3.685307536,-0.009278468
TCGA-OY-A56P-01,,Ovarian Cancer,TCGA Tumor,OV,Ovarian Cancer,1.544628945,7.907901217
TCGA-BH-A0DE-01,,Breast Cancer,TCGA Tumor,BRCA,Breast Cancer,3.979877916,-1.764415096
TCGA-32-2632-01,,Glioblastoma,TCGA Tumor,GBM,Brain Cancer,1.229092863,-9.908984732
TCGA-AO-A0JM-01,,Breast Cancer,TCGA Tumor,BRCA,Breast Cancer,4.941795793,-1.279207538
TARGET-50-PAJMMY-01,,Kidney Cancer,TCGA Tumor,WT,Kidney Cancer,-4.538458857,7.657996107
TCGA-E2-A14P-01,,Breast Cancer,TCGA Tumor,BRCA,Breast Cancer,4.695745435,-1.172078561
TCGA-VQ-A91S-01,,Gastric Cancer,TCGA Tumor,STAD,Gastric Cancer,-5.366011176,-3.426860641
TCGA-BF-AAP4-01,,Skin Cancer,TCGA Tumor,SKCM,Skin Cancer,5.978070226,3.564207483
TCGA-E9-A227-01,,Breast Cancer,TCGA Tumor,BRCA,Breast Cancer,3.981752601,-1.745840262
TCGA-L5-A4OS-01,,Esophageal Cancer,TCGA Tumor,ESCA,Esophageal Cancer,-4.942768607,-1.995856356
TCGA-OL-A5D7-01,,Breast Cancer,TCGA Tumor,BRCA,Breast Cancer,0.820864346,-1.528591465
TCGA-BF-AAP7-01,,Skin Cancer,TCGA Tumor,SKCM,Skin Cancer,5.269815412,3.912245442
TCGA-44-A4SS-01,,Lung Cancer,TCGA Tumor,LUAD,Lung Cancer,-3.252691541,-2.716253351
TCGA-13-0901-01,,Ovarian Cancer,TCGA Tumor,OV,Ovarian Cancer,1.583278027,7.604311873
TCGA-FR-A69P-06,,Skin Cancer,TCGA Tumor,SKCM,Skin Cancer,5.412366834,3.667678047
TCGA-2L-AAQM-01,,Pancreatic Cancer,TCGA Tumor,PAAD,Pancreatic Cancer,-1.308848057,-0.688907634
TCGA-2J-AABR-01,,Pancreatic Cancer,TCGA Tumor,PAAD,Pancreatic Cancer,-2.538434062,-2.429375004
TCGA-AR-A2LH-01,,Breast Cancer,TCGA Tumor,BRCA,Breast Cancer,-3.390165601,-0.900475036
TCGA-A8-A07O-01,,Breast Cancer,TCGA Tumor,BRCA,Breast Cancer,0.890381154,-1.535284113
TCGA-GN-A8LN-01,,Skin Cancer,TCGA Tumor,SKCM,Skin Cancer,5.25465056,3.565522362
TCGA-BJ-A28S-01,,Thyroid Cancer,TCGA Tumor,THCA,Thyroid Cancer,11.57668158,0.784401942
TCGA-GN-A265-06,,Skin Cancer,TCGA Tumor,SKCM,Skin Cancer,5.087653127,3.455324103
TCGA-DA-A1I0-06,,Skin Cancer,TCGA Tumor,SKCM,Skin Cancer,6.070850816,3.677560974
TCGA-CD-A4MI-01,,Gastric Cancer,TCGA Tumor,STAD,Gastric Cancer,-2.639525208,-1.942465257
TCGA-AJ-A3EK-01,,Endometrial/Uterine Cancer,TCGA Tumor,UCEC,Endometrial/Uterine Cancer,1.429400768,6.597210337
TCGA-CV-5431-01,,Head and Neck Cancer,TCGA Tumor,HNSC,Head and Neck Cancer,-5.499596629,1.661466647
TCGA-BR-A4J2-01,,Gastric Cancer,TCGA Tumor,STAD,Gastric Cancer,-2.454444918,-1.86209948
TCGA-DJ-A13U-01,,Thyroid Cancer,TCGA Tumor,THCA,Thyroid Cancer,10.9606919,-0.65734763
TCGA-DD-A4NA-01,,Liver Cancer,TCGA Tumor,LIHC,Liver Cancer,-0.104332063,3.034706045
TCGA-A2-A0D3-01,,Breast Cancer,TCGA Tumor,BRCA,Breast Cancer,4.295155254,-1.434809517
TCGA-FB-A4P6-01,,Pancreatic Cancer,TCGA Tumor,PAAD,Pancreatic Cancer,-2.555390868,-2.492032598
TCGA-BT-A42E-01,,Bladder Cancer,TCGA Tumor,BLCA,Bladder Cancer,-5.168889556,1.114207078
TCGA-CR-5249-01,,Head and Neck Cancer,TCGA Tumor,HNSC,Head and Neck Cancer,-6.08762506,2.319155146
TCGA-44-7659-01,,Lung Cancer,TCGA Tumor,LUAD,Lung Cancer,-0.210390422,-3.162349295
TCGA-CJ-6027-01,,Kidney Cancer,TCGA Tumor,KIRC,Kidney Cancer,6.124964681,-5.344327997
TCGA-EE-A180-06,,Skin Cancer,TCGA Tumor,SKCM,Skin Cancer,5.919681993,3.568207909
TCGA-C8-A1HG-01,,Breast Cancer,TCGA Tumor,BRCA,Breast Cancer,5.596291032,-1.599806498
TCGA-AO-A0JA-01,,Breast Cancer,TCGA Tumor,BRCA,Breast Cancer,4.874258008,-1.268278669
TCGA-53-7813-01,,Lung Cancer,TCGA Tumor,LUAD,Lung Cancer,-0.828204427,-2.114435743
TCGA-BJ-A0ZA-01,,Thyroid Cancer,TCGA Tumor,THCA,Thyroid Cancer,11.47267195,0.870919217
TCGA-13-0891-01,,Ovarian Cancer,TCGA Tumor,OV,Ovarian Cancer,1.600858178,7.948200632
TCGA-G3-A7M8-01,,Liver Cancer,TCGA Tumor,LIHC,Liver Cancer,1.023348179,4.229194094
TCGA-AR-A0TX-01,,Breast Cancer,TCGA Tumor,BRCA,Breast Cancer,4.448300805,-1.088661503
TCGA-O2-A52S-01,,Lung Cancer,TCGA Tumor,LUSC,Lung Cancer,-5.273489032,2.460400511
TCGA-EB-A57M-01,,Skin Cancer,TCGA Tumor,SKCM,Skin Cancer,5.277590242,3.910812546
TCGA-25-2397-01,,Ovarian Cancer,TCGA Tumor,OV,Ovarian Cancer,1.656328287,8.070729662
TCGA-FR-A726-01,,Skin Cancer,TCGA Tumor,SKCM,Skin Cancer,6.477557626,4.205388952
TCGA-EL-A3CY-01,,Thyroid Cancer,TCGA Tumor,THCA,Thyroid Cancer,11.30442091,-0.166511904
TCGA-86-7713-01,,Lung Cancer,TCGA Tumor,LUAD,Lung Cancer,-1.002665791,-2.366332125
TCGA-CG-5721-01,,Gastric Cancer,TCGA Tumor,STAD,Gastric Cancer,-4.414109263,-3.440628837
TCGA-US-A774-01,,Pancreatic Cancer,TCGA Tumor,PAAD,Pancreatic Cancer,-2.661091122,-2.536720585
TCGA-D7-A4YV-01,,Gastric Cancer,TCGA Tumor,STAD,Gastric Cancer,-4.47178987,-3.535638403
TCGA-KR-A7K7-01,,Liver Cancer,TCGA Tumor,LIHC,Liver Cancer,0.514616382,3.608941485
TCGA-FW-A5DY-06,,Skin Cancer,TCGA Tumor,SKCM,Skin Cancer,5.193826642,3.530641724
TCGA-CD-A48A-01,,Gastric Cancer,TCGA Tumor,STAD,Gastric Cancer,-2.775345597,-2.055540394
TCGA-DD-A4NV-01,,Liver Cancer,TCGA Tumor,LIHC,Liver Cancer,1.044298675,4.206746985
TCGA-B6-A0IE-01,,Breast Cancer,TCGA Tumor,BRCA,Breast Cancer,4.075097051,-1.785553645
TCGA-05-4382-01,,Lung Cancer,TCGA Tumor,LUAD,Lung Cancer,-0.252268348,-2.688424181
TCGA-XN-A8T3-01,,Pancreatic Cancer,TCGA Tumor,PAAD,Pancreatic Cancer,-2.713804278,-2.547283481
TCGA-ZP-A9CV-01,,Liver Cancer,TCGA Tumor,LIHC,Liver Cancer,1.208833602,3.995179821
TCGA-BP-5181-01,,Kidney Cancer,TCGA Tumor,KIRC,Kidney Cancer,6.287854638,-6.783774446
TCGA-BC-A10Y-01,,Liver Cancer,TCGA Tumor,LIHC,Liver Cancer,0.780881312,4.068101336
TCGA-24-2281-01,,Ovarian Cancer,TCGA Tumor,OV,Ovarian Cancer,1.743505922,8.48352759
TCGA-L5-A8NL-01,,Esophageal Cancer,TCGA Tumor,ESCA,Esophageal Cancer,-2.711117778,-2.02074797
TCGA-E9-A1QZ-01,,Breast Cancer,TCGA Tumor,BRCA,Breast Cancer,4.148361411,-1.717953872
TCGA-14-0871-01,,Glioblastoma,TCGA Tumor,GBM,Brain Cancer,0.188732859,0.931677629
TCGA-AX-A3FZ-01,,Endometrial/Uterine Cancer,TCGA Tumor,UCEC,Endometrial/Uterine Cancer,0.456988763,1.226131607
TCGA-B6-A0RU-01,,Breast Cancer,TCGA Tumor,BRCA,Breast Cancer,1.03611615,-1.508565377
TCGA-FD-A43P-01,,Bladder Cancer,TCGA Tumor,BLCA,Bladder Cancer,-3.604332957,-0.491252791
TCGA-FS-A1ZF-06,,Skin Cancer,TCGA Tumor,SKCM,Skin Cancer,5.711250749,3.482571293
TCGA-27-1830-01,,Glioblastoma,TCGA Tumor,GBM,Brain Cancer,1.483625021,-9.190821241
TCGA-25-2398-01,,Ovarian Cancer,TCGA Tumor,OV,Ovarian Cancer,1.490655985,7.838295389
TCGA-93-A4JQ-01,,Lung Cancer,TCGA Tumor,LUAD,Lung Cancer,-0.110908422,-3.091169666
TCGA-BR-8364-01,,Gastric Cancer,TCGA Tumor,STAD,Gastric Cancer,-2.614608798,-1.975092243
TCGA-IG-A4QT-01,,Esophageal Cancer,TCGA Tumor,ESCA,Esophageal Cancer,-8.609127555,6.956768442
TCGA-CC-5260-01,,Liver Cancer,TCGA Tumor,LIHC,Liver Cancer,-0.126207981,3.008366753
TCGA-A3-3365-01,,Kidney Cancer,TCGA Tumor,KIRC,Kidney Cancer,6.303522077,-6.171473574
TCGA-F5-6812-01,,Colorectal Cancer,TCGA Tumor,READ,Colon/Colorectal Cancer,-5.826945338,-3.32183988
TCGA-CR-7401-01,,Head and Neck Cancer,TCGA Tumor,HNSC,Head and Neck Cancer,-6.49061111,0.437766392
TCGA-CV-6940-01,,Head and Neck Cancer,TCGA Tumor,HNSC,Head and Neck Cancer,-5.53932384,1.979077626
TCGA-FD-A3SJ-01,,Bladder Cancer,TCGA Tumor,BLCA,Bladder Cancer,-3.735798869,-0.324761342
TCGA-QK-A6IJ-01,,Head and Neck Cancer,TCGA Tumor,HNSC,Head and Neck Cancer,-6.556326422,0.507564772
TCGA-OL-A66J-01,,Breast Cancer,TCGA Tumor,BRCA,Breast Cancer,3.918070998,-1.826178979
TCGA-CN-5359-01,,Head and Neck Cancer,TCGA Tumor,HNSC,Head and Neck Cancer,-6.513357672,0.51061209
TCGA-77-8138-01,,Lung Cancer,TCGA Tumor,LUSC,Lung Cancer,-5.361797366,0.867288817
TCGA-QK-A652-01,,Head and Neck Cancer,TCGA Tumor,HNSC,Head and Neck Cancer,-6.587520156,0.483600457
TCGA-62-8394-01,,Lung Cancer,TCGA Tumor,LUAD,Lung Cancer,-0.367633734,-2.780093025
TCGA-DE-A4M9-01,,Thyroid Cancer,TCGA Tumor,THCA,Thyroid Cancer,11.5620856,0.814491976
TCGA-2L-AAQJ-01,,Pancreatic Cancer,TCGA Tumor,PAAD,Pancreatic Cancer,-3.264651809,-2.738907408
TCGA-FD-A3B6-01,,Bladder Cancer,TCGA Tumor,BLCA,Bladder Cancer,0.587016475,-1.490357827
TCGA-BJ-A28T-01,,Thyroid Cancer,TCGA Tumor,THCA,Thyroid Cancer,11.34177062,0.538795729
TCGA-VQ-A922-01,,Gastric Cancer,TCGA Tumor,STAD,Gastric Cancer,-5.057675872,-2.415581535
TCGA-05-5428-01,,Lung Cancer,TCGA Tumor,LUAD,Lung Cancer,0.087366727,-2.436694692
TCGA-EE-A29D-06,,Skin Cancer,TCGA Tumor,SKCM,Skin Cancer,5.87326571,3.501232792
TCGA-EL-A3ZT-01,,Thyroid Cancer,TCGA Tumor,THCA,Thyroid Cancer,11.42492816,-0.123800154
TCGA-23-1024-01,,Ovarian Cancer,TCGA Tumor,OV,Ovarian Cancer,1.73561379,8.344736506
TCGA-BR-4267-01,,Gastric Cancer,TCGA Tumor,STAD,Gastric Cancer,-3.335067067,-2.997901987
TCGA-CW-5588-01,,Kidney Cancer,TCGA Tumor,KIRC,Kidney Cancer,6.131253209,-5.379362654
TCGA-AC-A2FG-01,,Breast Cancer,TCGA Tumor,BRCA,Breast Cancer,3.951801267,-1.701335024
TCGA-D8-A1JI-01,,Breast Cancer,TCGA Tumor,BRCA,Breast Cancer,5.659443345,-1.580796789
TCGA-GM-A2D9-01,,Breast Cancer,TCGA Tumor,BRCA,Breast Cancer,3.939143625,-1.613018226
TCGA-OL-A5RX-01,,Breast Cancer,TCGA Tumor,BRCA,Breast Cancer,4.752000776,-1.497088384
TCGA-QQ-A5VD-01,,Sarcoma,TCGA Tumor,SARC,Sarcoma,0.759381738,0.827461113
TCGA-Z2-AA3S-06,,Skin Cancer,TCGA Tumor,SKCM,Skin Cancer,6.032618966,4.05516379
TCGA-13-1489-02,,Ovarian Cancer,TCGA Tumor,OV,Ovarian Cancer,1.840052214,7.990694929
TCGA-24-1850-01,,Ovarian Cancer,TCGA Tumor,OV,Ovarian Cancer,1.453041163,6.655363489
TCGA-A3-A8OU-01,,Kidney Cancer,TCGA Tumor,KIRC,Kidney Cancer,6.264154878,-6.824263643
TCGA-EW-A1OY-01,,Breast Cancer,TCGA Tumor,BRCA,Breast Cancer,5.028127637,-1.521694492
TCGA-DA-A3F5-06,,Skin Cancer,TCGA Tumor,SKCM,Skin Cancer,4.974255529,3.38567226
TCGA-ER-A2NB-01,,Skin Cancer,TCGA Tumor,SKCM,Skin Cancer,-6.414937529,0.105967306
TCGA-30-1892-01,,Ovarian Cancer,TCGA Tumor,OV,Ovarian Cancer,1.580639329,7.89784186
TCGA-AR-A5QM-01,,Breast Cancer,TCGA Tumor,BRCA,Breast Cancer,4.148221221,-1.576500844
TCGA-CQ-A4C7-01,,Head and Neck Cancer,TCGA Tumor,HNSC,Head and Neck Cancer,-6.479069743,0.601416637
TCGA-D1-A3JQ-01,,Endometrial/Uterine Cancer,TCGA Tumor,UCEC,Endometrial/Uterine Cancer,1.526894059,6.469844748
TCGA-F7-A624-01,,Head and Neck Cancer,TCGA Tumor,HNSC,Head and Neck Cancer,1.106740859,1.180162598
TCGA-DX-AB37-01,,Sarcoma,TCGA Tumor,SARC,Sarcoma,1.146262493,1.202520181
TCGA-BH-A0BA-01,,Breast Cancer,TCGA Tumor,BRCA,Breast Cancer,4.783501115,-1.13096423
TCGA-DJ-A2Q6-01,,Thyroid Cancer,TCGA Tumor,THCA,Thyroid Cancer,11.41666552,-0.101529371
TCGA-BP-5201-01,,Kidney Cancer,TCGA Tumor,KIRC,Kidney Cancer,6.238754239,-6.757435392
TCGA-04-1341-01,,Ovarian Cancer,TCGA Tumor,OV,Ovarian Cancer,1.380861786,7.964864184
TCGA-BJ-A3F0-01,,Thyroid Cancer,TCGA Tumor,THCA,Thyroid Cancer,11.49153563,0.897853721
TCGA-34-5236-01,,Lung Cancer,TCGA Tumor,LUSC,Lung Cancer,-5.246115718,2.481148411
TCGA-FS-A1ZE-06,,Skin Cancer,TCGA Tumor,SKCM,Skin Cancer,5.924107042,3.567936827
TCGA-C8-A26Z-01,,Breast Cancer,TCGA Tumor,BRCA,Breast Cancer,5.641438928,-1.727597903
TCGA-ET-A39I-01,,Thyroid Cancer,TCGA Tumor,THCA,Thyroid Cancer,11.51305243,0.879704822
TCGA-EM-A2CU-01,,Thyroid Cancer,TCGA Tumor,THCA,Thyroid Cancer,11.59264132,0.124824886
TCGA-BP-5190-01,,Kidney Cancer,TCGA Tumor,KIRC,Kidney Cancer,6.044411626,-6.493844103
TCGA-L5-A4OW-01,,Esophageal Cancer,TCGA Tumor,ESCA,Esophageal Cancer,-3.896767649,-3.263365339
TCGA-UY-A78O-01,,Bladder Cancer,TCGA Tumor,BLCA,Bladder Cancer,-3.538206134,-0.074907507
TCGA-IB-AAUM-01,,Pancreatic Cancer,TCGA Tumor,PAAD,Pancreatic Cancer,-1.144678507,-1.958710741
TCGA-PG-A5BC-01,,Endometrial/Uterine Cancer,TCGA Tumor,UCEC,Endometrial/Uterine Cancer,1.28080472,6.829776217
TCGA-30-1860-01,,Ovarian Cancer,TCGA Tumor,OV,Ovarian Cancer,1.77754077,8.522554804
TCGA-BP-5202-01,,Kidney Cancer,TCGA Tumor,KIRC,Kidney Cancer,6.311537233,-6.759074282
TCGA-CV-7235-01,,Head and Neck Cancer,TCGA Tumor,HNSC,Head and Neck Cancer,-6.485719714,0.629676808
TCGA-CV-5979-01,,Head and Neck Cancer,TCGA Tumor,HNSC,Head and Neck Cancer,-6.665352855,0.622287859
TCGA-W5-AA38-01,,Bile Duct Cancer,TCGA Tumor,CHOL,Bile Duct Cancer,-0.104622516,3.033049751
TCGA-ET-A25K-01,,Thyroid Cancer,TCGA Tumor,THCA,Thyroid Cancer,11.58025595,0.195401986
TCGA-E2-A14S-01,,Breast Cancer,TCGA Tumor,BRCA,Breast Cancer,5.668879476,-1.634720992
TCGA-XX-A899-01,,Breast Cancer,TCGA Tumor,BRCA,Breast Cancer,4.139252391,-1.769649218
TCGA-A8-A06O-01,,Breast Cancer,TCGA Tumor,BRCA,Breast Cancer,5.17401978,-1.594614338
TCGA-A3-3387-01,,Kidney Cancer,TCGA Tumor,KIRC,Kidney Cancer,6.022975888,-5.809346746
TCGA-J8-A4HW-06,,Thyroid Cancer,TCGA Tumor,THCA,Thyroid Cancer,11.30624053,-0.153960835
TCGA-D8-A1JM-01,,Breast Cancer,TCGA Tumor,BRCA,Breast Cancer,0.856305477,-1.410046767
TCGA-J8-A4HW-01,,Thyroid Cancer,TCGA Tumor,THCA,Thyroid Cancer,11.34861132,-0.144803177
TCGA-13-0714-01,,Ovarian Cancer,TCGA Tumor,OV,Ovarian Cancer,-6.278221164,0.112324588
TCGA-24-1422-01,,Ovarian Cancer,TCGA Tumor,OV,Ovarian Cancer,1.663409915,7.890484263
TCGA-55-6986-01,,Lung Cancer,TCGA Tumor,LUAD,Lung Cancer,-0.176570329,-3.098878216
TCGA-B5-A5OC-01,,Endometrial/Uterine Cancer,TCGA Tumor,UCEC,Endometrial/Uterine Cancer,1.377637413,6.535280157
TCGA-DC-6160-01,,Colorectal Cancer,TCGA Tumor,READ,Colon/Colorectal Cancer,-5.996349368,-3.723744463
TCGA-BH-A0EI-01,,Breast Cancer,TCGA Tumor,BRCA,Breast Cancer,5.575200525,-1.659994434
TCGA-C8-A1HO-01,,Breast Cancer,TCGA Tumor,BRCA,Breast Cancer,5.728862729,-1.598074268
TCGA-63-A5MU-01,,Lung Cancer,TCGA Tumor,LUSC,Lung Cancer,-6.005857501,2.409305979
TCGA-CV-A6JM-01,,Head and Neck Cancer,TCGA Tumor,HNSC,Head and Neck Cancer,-6.331392321,0.204883475
TCGA-E9-A228-01,,Breast Cancer,TCGA Tumor,BRCA,Breast Cancer,5.669365373,-1.701957654
TCGA-E9-A1RA-01,,Breast Cancer,TCGA Tumor,BRCA,Breast Cancer,4.376285281,-1.472502183
TCGA-CV-6959-01,,Head and Neck Cancer,TCGA Tumor,HNSC,Head and Neck Cancer,-6.264803443,0.444399644
TCGA-OL-A6VR-01,,Breast Cancer,TCGA Tumor,BRCA,Breast Cancer,5.616286245,-1.633360218
TCGA-O2-A52W-01,,Lung Cancer,TCGA Tumor,LUSC,Lung Cancer,-5.878384146,2.32368939
TCGA-BJ-A45G-01,,Thyroid Cancer,TCGA Tumor,THCA,Thyroid Cancer,11.57277915,0.829959799
TCGA-FB-A4P5-01,,Pancreatic Cancer,TCGA Tumor,PAAD,Pancreatic Cancer,-2.678101573,-2.257507395
TCGA-19-2625-01,,Glioblastoma,TCGA Tumor,GBM,Brain Cancer,1.258772936,-9.6624027
TCGA-DJ-A2Q2-01,,Thyroid Cancer,TCGA Tumor,THCA,Thyroid Cancer,11.43366381,0.943966557
TCGA-IB-A5SP-01,,Pancreatic Cancer,TCGA Tumor,PAAD,Pancreatic Cancer,-3.601280722,-3.470745634
TCGA-D5-6530-01,,Colorectal Cancer,TCGA Tumor,COAD,Colon/Colorectal Cancer,-5.012114558,-3.665937971
TCGA-YC-A8S6-01,,Bladder Cancer,TCGA Tumor,BLCA,Bladder Cancer,-3.655595336,0.075691564
TCGA-61-1995-01,,Ovarian Cancer,TCGA Tumor,OV,Ovarian Cancer,1.758692231,8.455326487
TCGA-21-1075-01,,Lung Cancer,TCGA Tumor,LUSC,Lung Cancer,-5.317316565,2.474532534
TCGA-CR-6488-01,,Head and Neck Cancer,TCGA Tumor,HNSC,Head and Neck Cancer,-6.58295587,0.456852217
TCGA-BR-4279-01,,Gastric Cancer,TCGA Tumor,STAD,Gastric Cancer,-2.648119721,-1.954386543
TCGA-EE-A183-06,,Skin Cancer,TCGA Tumor,SKCM,Skin Cancer,5.993919816,3.581139733
TCGA-E7-A5KF-01,,Bladder Cancer,TCGA Tumor,BLCA,Bladder Cancer,-3.653492961,0.080871378
TCGA-CN-A63T-01,,Head and Neck Cancer,TCGA Tumor,HNSC,Head and Neck Cancer,-6.40454391,1.174189616
TCGA-DQ-7596-01,,Head and Neck Cancer,TCGA Tumor,HNSC,Head and Neck Cancer,-6.326920066,1.8233351
TCGA-B0-5106-01,,Kidney Cancer,TCGA Tumor,KIRC,Kidney Cancer,6.190935102,-5.808224748
TCGA-B0-4843-01,,Kidney Cancer,TCGA Tumor,KIRC,Kidney Cancer,6.292805162,-5.304978918
TCGA-HV-A7OL-01,,Pancreatic Cancer,TCGA Tumor,PAAD,Pancreatic Cancer,-3.230979476,-2.651170086
TCGA-EW-A1OV-01,,Breast Cancer,TCGA Tumor,BRCA,Breast Cancer,3.911208596,-1.69466431
TCGA-DX-A3LW-01,,Sarcoma,TCGA Tumor,SARC,Sarcoma,1.27168968,1.704695154
TCGA-A2-A04U-01,,Breast Cancer,TCGA Tumor,BRCA,Breast Cancer,0.973110047,-1.46373577
TCGA-IB-7890-01,,Pancreatic Cancer,TCGA Tumor,PAAD,Pancreatic Cancer,-3.042358908,-2.50630505
TCGA-BL-A13J-01,,Bladder Cancer,TCGA Tumor,BLCA,Bladder Cancer,-4.971485171,0.929359962
TCGA-CV-5971-01,,Head and Neck Cancer,TCGA Tumor,HNSC,Head and Neck Cancer,-6.05623487,0.26364455
TCGA-D8-A1JF-01,,Breast Cancer,TCGA Tumor,BRCA,Breast Cancer,4.162272659,-0.984740328
TCGA-OL-A6VQ-01,,Breast Cancer,TCGA Tumor,BRCA,Breast Cancer,4.593149629,-1.465867351
TCGA-56-7582-01,,Lung Cancer,TCGA Tumor,LUSC,Lung Cancer,-5.393182311,2.476575543
TCGA-S4-A8RO-01,,Pancreatic Cancer,TCGA Tumor,PAAD,Pancreatic Cancer,-3.049288544,-2.572146486
TCGA-C8-A273-01,,Breast Cancer,TCGA Tumor,BRCA,Breast Cancer,5.645278897,-1.724754881
TCGA-13-0893-01,,Ovarian Cancer,TCGA Tumor,OV,Ovarian Cancer,1.785338965,8.145693232
TCGA-BA-A6DA-01,,Head and Neck Cancer,TCGA Tumor,HNSC,Head and Neck Cancer,-6.450279269,0.233412896
TCGA-BP-4985-01,,Kidney Cancer,TCGA Tumor,KIRC,Kidney Cancer,6.137639966,-5.278913568
TCGA-DJ-A2PT-01,,Thyroid Cancer,TCGA Tumor,THCA,Thyroid Cancer,11.04029414,-0.421788256
TCGA-DK-AA6R-01,,Bladder Cancer,TCGA Tumor,BLCA,Bladder Cancer,-6.479318652,0.667929519
TCGA-C8-A132-01,,Breast Cancer,TCGA Tumor,BRCA,Breast Cancer,4.909967389,-1.331358742
TCGA-91-A4BD-01,,Lung Cancer,TCGA Tumor,LUAD,Lung Cancer,-0.165785465,-3.20315535
TCGA-G2-A2EJ-01,,Bladder Cancer,TCGA Tumor,BLCA,Bladder Cancer,-6.434054408,1.542107035
TCGA-S3-AA0Z-01,,Breast Cancer,TCGA Tumor,BRCA,Breast Cancer,0.995986786,-1.520285677
TCGA-BH-A0EE-01,,Breast Cancer,TCGA Tumor,BRCA,Breast Cancer,4.413929429,-1.147112917
TCGA-FD-A3SN-01,,Bladder Cancer,TCGA Tumor,BLCA,Bladder Cancer,-4.24671844,0.365271319
TCGA-DX-AB2J-01,,Sarcoma,TCGA Tumor,SARC,Sarcoma,1.311232057,1.269660641
TCGA-B6-A0RQ-01,,Breast Cancer,TCGA Tumor,BRCA,Breast Cancer,3.608061757,-1.637271594
TCGA-OL-A66N-01,,Breast Cancer,TCGA Tumor,BRCA,Breast Cancer,4.362826076,-1.307482551
TCGA-G4-6303-01,,Colorectal Cancer,TCGA Tumor,COAD,Colon/Colorectal Cancer,-5.681545768,-3.403319906
TCGA-BR-8686-01,,Gastric Cancer,TCGA Tumor,STAD,Gastric Cancer,-2.64475945,-1.948394369
TCGA-50-5066-02,,Lung Cancer,TCGA Tumor,LUAD,Lung Cancer,-0.212432656,-2.861025881
TCGA-50-5066-01,,Lung Cancer,TCGA Tumor,LUAD,Lung Cancer,-0.525707755,-1.44565494
TCGA-KL-8341-01,,Kidney Cancer,TCGA Tumor,KICH,Kidney Cancer,-3.537200961,5.131801535
TCGA-DJ-A13M-01,,Thyroid Cancer,TCGA Tumor,THCA,Thyroid Cancer,11.5824084,0.738887955
TCGA-A7-A4SE-01,,Breast Cancer,TCGA Tumor,BRCA,Breast Cancer,1.00513288,-1.491238068
TCGA-EM-A2CN-01,,Thyroid Cancer,TCGA Tumor,THCA,Thyroid Cancer,11.4291453,0.634537448
TCGA-BJ-A0Z5-01,,Thyroid Cancer,TCGA Tumor,THCA,Thyroid Cancer,10.97579714,-0.625858318
TCGA-DD-A3A2-01,,Liver Cancer,TCGA Tumor,LIHC,Liver Cancer,0.937441733,4.253064562
TCGA-3B-A9HO-01,,Sarcoma,TCGA Tumor,SARC,Sarcoma,1.201518681,1.230261136
TCGA-KS-A4I5-01,,Thyroid Cancer,TCGA Tumor,THCA,Thyroid Cancer,11.56393763,0.15765315
TCGA-YG-AA3N-01,,Skin Cancer,TCGA Tumor,SKCM,Skin Cancer,5.957720247,3.776181151
TCGA-D8-A27W-01,,Breast Cancer,TCGA Tumor,BRCA,Breast Cancer,5.581999269,-1.707932662
TCGA-85-6560-01,,Lung Cancer,TCGA Tumor,LUSC,Lung Cancer,0.096448835,0.416948457
TCGA-HD-7754-01,,Head and Neck Cancer,TCGA Tumor,HNSC,Head and Neck Cancer,-6.103210006,2.284914423
TCGA-25-1871-01,,Ovarian Cancer,TCGA Tumor,OV,Ovarian Cancer,1.467381563,7.844747473
TCGA-AR-A2LJ-01,,Breast Cancer,TCGA Tumor,BRCA,Breast Cancer,4.079889741,-1.701045464
TCGA-A8-A075-01,,Breast Cancer,TCGA Tumor,BRCA,Breast Cancer,5.229583707,-1.421664904
TCGA-04-1357-01,,Ovarian Cancer,TCGA Tumor,OV,Ovarian Cancer,1.901736465,8.365157534
TCGA-VQ-A91W-01,,Gastric Cancer,TCGA Tumor,STAD,Gastric Cancer,-3.961725268,-3.546014856
TCGA-G2-A3VY-01,,Bladder Cancer,TCGA Tumor,BLCA,Bladder Cancer,-3.596560273,-0.49568082
TCGA-A2-A1G6-01,,Breast Cancer,TCGA Tumor,BRCA,Breast Cancer,3.616058793,-1.633959245
TCGA-A1-A0SD-01,,Breast Cancer,TCGA Tumor,BRCA,Breast Cancer,4.12631866,-1.736975383
TCGA-DA-A3F8-06,,Skin Cancer,TCGA Tumor,SKCM,Skin Cancer,5.499000993,3.458439518
TCGA-06-0221-02,,Glioblastoma,TCGA Tumor,GBM,Brain Cancer,2.794366565,-9.708326887
TCGA-D5-6923-01,,Colorectal Cancer,TCGA Tumor,COAD,Colon/Colorectal Cancer,-5.722596202,-3.525058817
TCGA-C8-A12T-01,,Breast Cancer,TCGA Tumor,BRCA,Breast Cancer,4.69504067,-1.303926419
TCGA-32-1980-01,,Glioblastoma,TCGA Tumor,GBM,Brain Cancer,2.770870176,-9.699987959
TCGA-US-A77G-01,,Pancreatic Cancer,TCGA Tumor,PAAD,Pancreatic Cancer,-3.604717288,-3.412269424
TCGA-D6-A4Z9-01,,Head and Neck Cancer,TCGA Tumor,HNSC,Head and Neck Cancer,-6.752888713,0.58778571
TCGA-VQ-A8DT-01,,Gastric Cancer,TCGA Tumor,STAD,Gastric Cancer,-3.786795649,-3.71740992
TCGA-VG-A8LO-01,,Ovarian Cancer,TCGA Tumor,OV,Ovarian Cancer,1.792230454,8.509219576
TCGA-RC-A7S9-01,,Liver Cancer,TCGA Tumor,LIHC,Liver Cancer,0.425759614,3.600521256
TCGA-QK-A6IH-01,,Head and Neck Cancer,TCGA Tumor,HNSC,Head and Neck Cancer,-6.362110648,0.323319156
TCGA-55-7907-01,,Lung Cancer,TCGA Tumor,LUAD,Lung Cancer,-0.411044094,-2.924690079
TCGA-KJ-A3U4-01,,Endometrial/Uterine Cancer,TCGA Tumor,UCEC,Endometrial/Uterine Cancer,1.837257591,8.445805002
TCGA-QC-A7B5-01,,Sarcoma,TCGA Tumor,SARC,Sarcoma,1.166168716,1.179177214
TCGA-ZP-A9CZ-01,,Liver Cancer,TCGA Tumor,LIHC,Liver Cancer,0.746685353,4.002539326
TCGA-QQ-A5VC-01,,Sarcoma,TCGA Tumor,SARC,Sarcoma,1.347604182,1.258259226
TCGA-95-7039-01,,Lung Cancer,TCGA Tumor,LUAD,Lung Cancer,-0.077963236,-2.943754505
TCGA-DX-A3M2-01,,Sarcoma,TCGA Tumor,SARC,Sarcoma,1.222287443,1.286128927
TCGA-BJ-A0Z9-01,,Thyroid Cancer,TCGA Tumor,THCA,Thyroid Cancer,10.96407935,-0.472475599
TCGA-EU-5906-01,,Kidney Cancer,TCGA Tumor,KIRC,Kidney Cancer,6.315453496,-6.774028372
TCGA-CL-4957-01,,Colorectal Cancer,TCGA Tumor,READ,Colon/Colorectal Cancer,-6.119669947,-3.681439709
TCGA-DV-5576-01,,Kidney Cancer,TCGA Tumor,KIRC,Kidney Cancer,0.90616348,6.601854254
TCGA-ZF-AA4X-01,,Bladder Cancer,TCGA Tumor,BLCA,Bladder Cancer,-3.572003636,-0.479022335
TCGA-BR-8690-01,,Gastric Cancer,TCGA Tumor,STAD,Gastric Cancer,-4.114687476,-2.929194998
TCGA-CQ-7072-01,,Head and Neck Cancer,TCGA Tumor,HNSC,Head and Neck Cancer,-5.548899684,0.716653932
TCGA-J2-A4AE-01,,Lung Cancer,TCGA Tumor,LUAD,Lung Cancer,-0.134227965,-3.176528524
TCGA-A2-A3Y0-01,,Breast Cancer,TCGA Tumor,BRCA,Breast Cancer,-6.371819529,1.541793753
TCGA-AC-A3YI-01,,Breast Cancer,TCGA Tumor,BRCA,Breast Cancer,1.190957215,-1.156278204
TCGA-E2-A570-01,,Breast Cancer,TCGA Tumor,BRCA,Breast Cancer,4.275217738,-1.522959303
TCGA-22-5473-01,,Lung Cancer,TCGA Tumor,LUSC,Lung Cancer,-5.300722155,2.485593487
TCGA-EW-A6SD-01,,Breast Cancer,TCGA Tumor,BRCA,Breast Cancer,4.741492238,-1.077299546
TCGA-CN-A641-01,,Head and Neck Cancer,TCGA Tumor,HNSC,Head and Neck Cancer,-6.363004241,1.243226935
TCGA-24-1463-01,,Ovarian Cancer,TCGA Tumor,OV,Ovarian Cancer,1.865275111,8.201282908
TCGA-CZ-5466-01,,Kidney Cancer,TCGA Tumor,KIRC,Kidney Cancer,6.132465806,-5.929278921
TCGA-L5-A4OJ-01,,Esophageal Cancer,TCGA Tumor,ESCA,Esophageal Cancer,-3.886203799,-3.523478817
TCGA-06-0744-01,,Glioblastoma,TCGA Tumor,GBM,Brain Cancer,1.231553998,-9.845293592
TCGA-EI-7004-01,,Colorectal Cancer,TCGA Tumor,READ,Colon/Colorectal Cancer,-4.786523375,-3.637872766
TCGA-QK-A8ZA-01,,Head and Neck Cancer,TCGA Tumor,HNSC,Head and Neck Cancer,-5.692084346,2.487708498
TCGA-DQ-7589-01,,Head and Neck Cancer,TCGA Tumor,HNSC,Head and Neck Cancer,-5.453434977,2.422684122
TCGA-X6-A8C7-01,,Sarcoma,TCGA Tumor,SARC,Sarcoma,0.117319193,0.83883356
TCGA-L5-A88W-01,,Esophageal Cancer,TCGA Tumor,ESCA,Esophageal Cancer,-6.58760694,0.38720106
TCGA-E2-A14W-01,,Breast Cancer,TCGA Tumor,BRCA,Breast Cancer,5.103740659,-1.49315853
TCGA-EB-A4OY-01,,Skin Cancer,TCGA Tumor,SKCM,Skin Cancer,6.502176252,4.227791239
TCGA-AD-6890-01,,Colorectal Cancer,TCGA Tumor,COAD,Colon/Colorectal Cancer,-6.063392672,-3.675560783
TCGA-CV-5440-01,,Head and Neck Cancer,TCGA Tumor,HNSC,Head and Neck Cancer,-5.585655246,2.177672554
TCGA-24-1417-01,,Ovarian Cancer,TCGA Tumor,OV,Ovarian Cancer,1.734194246,8.446177889
TCGA-4Z-AA87-01,,Bladder Cancer,TCGA Tumor,BLCA,Bladder Cancer,-3.627147231,-0.460905801
TCGA-HZ-8636-01,,Pancreatic Cancer,TCGA Tumor,PAAD,Pancreatic Cancer,-3.009350571,-2.589387964
TCGA-DD-A4NP-01,,Liver Cancer,TCGA Tumor,LIHC,Liver Cancer,1.088412967,4.148019243
TCGA-ER-A3ET-06,,Skin Cancer,TCGA Tumor,SKCM,Skin Cancer,6.699431863,4.409250189
TCGA-D3-A2J6-06,,Skin Cancer,TCGA Tumor,SKCM,Skin Cancer,5.966401544,3.557176043
TCGA-XF-AAMY-01,,Bladder Cancer,TCGA Tumor,BLCA,Bladder Cancer,-3.613005194,-0.212358992
TCGA-5X-AA5U-01,,Ovarian Cancer,TCGA Tumor,OV,Ovarian Cancer,1.539446917,7.822534014
TCGA-AD-6889-01,,Colorectal Cancer,TCGA Tumor,COAD,Colon/Colorectal Cancer,-4.994360003,-3.728304933
TCGA-AR-A256-01,,Breast Cancer,TCGA Tumor,BRCA,Breast Cancer,1.027547565,-1.451335381
TCGA-RP-A690-06,,Skin Cancer,TCGA Tumor,SKCM,Skin Cancer,6.712842431,4.441188742
TCGA-A2-A0T3-01,,Breast Cancer,TCGA Tumor,BRCA,Breast Cancer,5.471535173,-1.488501619
TCGA-ER-A42L-06,,Skin Cancer,TCGA Tumor,SKCM,Skin Cancer,-3.473307166,-8.613470625
TCGA-92-7340-01,,Lung Cancer,TCGA Tumor,LUSC,Lung Cancer,-5.500266585,1.168790985
TCGA-FD-A5C0-01,,Bladder Cancer,TCGA Tumor,BLCA,Bladder Cancer,-3.606131587,-0.292335312
TCGA-86-8359-01,,Lung Cancer,TCGA Tumor,LUAD,Lung Cancer,-1.177106175,-2.235263418
TCGA-21-1079-01,,Lung Cancer,TCGA Tumor,LUSC,Lung Cancer,-6.598788771,0.593329121
TCGA-BH-A0HN-01,,Breast Cancer,TCGA Tumor,BRCA,Breast Cancer,5.194830861,-1.370266627
TCGA-CN-5369-01,,Head and Neck Cancer,TCGA Tumor,HNSC,Head and Neck Cancer,-6.626060519,0.527272929
TCGA-K7-A5RF-01,,Liver Cancer,TCGA Tumor,LIHC,Liver Cancer,1.011917916,4.147382666
TCGA-55-8614-01,,Lung Cancer,TCGA Tumor,LUAD,Lung Cancer,-4.811397586,0.619139362
TCGA-61-2002-01,,Ovarian Cancer,TCGA Tumor,OV,Ovarian Cancer,1.605646816,7.888338495
TCGA-WE-A8ZM-06,,Skin Cancer,TCGA Tumor,SKCM,Skin Cancer,5.15300652,3.540985514
TCGA-55-7574-01,,Lung Cancer,TCGA Tumor,LUAD,Lung Cancer,-0.106493268,-2.736288856
TCGA-44-5644-01,,Lung Cancer,TCGA Tumor,LUAD,Lung Cancer,-1.347592625,-0.746976863
TCGA-CV-A45T-01,,Head and Neck Cancer,TCGA Tumor,HNSC,Head and Neck Cancer,-6.626972232,0.538681079
TCGA-HV-A5A6-01,,Pancreatic Cancer,TCGA Tumor,PAAD,Pancreatic Cancer,-3.326910529,-2.647503446
TCGA-AR-A1AO-01,,Breast Cancer,TCGA Tumor,BRCA,Breast Cancer,0.841614005,-1.154714416
TCGA-NC-A5HJ-01,,Lung Cancer,TCGA Tumor,LUSC,Lung Cancer,-0.606796059,-2.162302564
TCGA-ED-A8O5-01,,Liver Cancer,TCGA Tumor,LIHC,Liver Cancer,0.410244842,3.546978642
TCGA-29-2425-01,,Ovarian Cancer,TCGA Tumor,OV,Ovarian Cancer,1.340355363,7.85439675
TCGA-AN-A0FV-01,,Breast Cancer,TCGA Tumor,BRCA,Breast Cancer,4.79888865,-1.205907296
TCGA-CV-6934-01,,Head and Neck Cancer,TCGA Tumor,HNSC,Head and Neck Cancer,-5.885854754,0.765763391
TCGA-IB-A7M4-01,,Pancreatic Cancer,TCGA Tumor,PAAD,Pancreatic Cancer,-3.281776461,-2.69767506
TCGA-XF-A8HI-01,,Bladder Cancer,TCGA Tumor,BLCA,Bladder Cancer,-3.654044184,0.14807887
TCGA-DX-A8BS-01,,Sarcoma,TCGA Tumor,SARC,Sarcoma,1.244458046,1.172389914
TCGA-MP-A4TI-01,,Lung Cancer,TCGA Tumor,LUAD,Lung Cancer,-0.068998877,-2.630518507
TCGA-95-7948-01,,Lung Cancer,TCGA Tumor,LUAD,Lung Cancer,-0.330848846,-2.991265606
TCGA-GV-A40E-01,,Bladder Cancer,TCGA Tumor,BLCA,Bladder Cancer,-5.164731059,0.691839803
TCGA-DD-AACQ-01,,Liver Cancer,TCGA Tumor,LIHC,Liver Cancer,0.929369953,4.103750635
TCGA-73-4677-01,,Lung Cancer,TCGA Tumor,LUAD,Lung Cancer,-0.822806988,-2.749703001
TCGA-EW-A1J3-01,,Breast Cancer,TCGA Tumor,BRCA,Breast Cancer,4.060653892,-1.708906244
TCGA-DX-A7ER-01,,Sarcoma,TCGA Tumor,SARC,Sarcoma,0.142217275,0.883230914
TCGA-50-5942-01,,Lung Cancer,TCGA Tumor,LUAD,Lung Cancer,-0.364671263,-2.951249431
TCGA-FW-A3I3-06,,Skin Cancer,TCGA Tumor,SKCM,Skin Cancer,5.269217935,3.564367462
TCGA-DX-A3UA-01,,Sarcoma,TCGA Tumor,SARC,Sarcoma,0.153463152,0.901777853
TCGA-CN-6996-01,,Head and Neck Cancer,TCGA Tumor,HNSC,Head and Neck Cancer,-6.763600383,0.634591211
TCGA-A3-3322-01,,Kidney Cancer,TCGA Tumor,KIRC,Kidney Cancer,6.251244512,-6.82179458
TCGA-G2-A3IE-01,,Bladder Cancer,TCGA Tumor,BLCA,Bladder Cancer,-3.63712934,0.088145513
TCGA-68-A59I-01,,Lung Cancer,TCGA Tumor,LUSC,Lung Cancer,-5.640386138,1.785556484
TCGA-EE-A2MG-06,,Skin Cancer,TCGA Tumor,SKCM,Skin Cancer,5.327282396,3.455944229
TCGA-BH-A208-01,,Breast Cancer,TCGA Tumor,BRCA,Breast Cancer,0.972914961,0.695153822
TCGA-BH-A1F6-01,,Breast Cancer,TCGA Tumor,BRCA,Breast Cancer,0.858726737,-1.569519709
TCGA-BA-A6DB-01,,Head and Neck Cancer,TCGA Tumor,HNSC,Head and Neck Cancer,-6.537063632,0.372189958
TCGA-QK-AA3J-01,,Head and Neck Cancer,TCGA Tumor,HNSC,Head and Neck Cancer,-6.187596831,2.207285572
TCGA-CF-A47W-01,,Bladder Cancer,TCGA Tumor,BLCA,Bladder Cancer,-3.710529361,0.09801554
TCGA-DX-A8BP-01,,Sarcoma,TCGA Tumor,SARC,Sarcoma,1.137040463,1.184651662
TCGA-EL-A3ZH-01,,Thyroid Cancer,TCGA Tumor,THCA,Thyroid Cancer,11.51605555,0.844328989
TCGA-XF-AAN2-01,,Bladder Cancer,TCGA Tumor,BLCA,Bladder Cancer,-6.042065654,1.449990083
TCGA-DX-AB2V-01,,Sarcoma,TCGA Tumor,SARC,Sarcoma,1.305942562,1.698654104
TCGA-D3-A8GV-06,,Skin Cancer,TCGA Tumor,SKCM,Skin Cancer,5.943266835,3.62188666
TCGA-DC-6154-01,,Colorectal Cancer,TCGA Tumor,READ,Colon/Colorectal Cancer,-5.880135569,-3.650590967
TCGA-29-1705-02,,Ovarian Cancer,TCGA Tumor,OV,Ovarian Cancer,0.822278586,-0.168641012
TCGA-ZP-A9D1-01,,Liver Cancer,TCGA Tumor,LIHC,Liver Cancer,1.053457167,4.211137701
TCGA-22-5481-01,,Lung Cancer,TCGA Tumor,LUSC,Lung Cancer,-1.263445649,-0.666714918
TCGA-DX-A3UE-01,,Sarcoma,TCGA Tumor,SARC,Sarcoma,2.00199565,1.441016842
TCGA-DD-AADU-01,,Liver Cancer,TCGA Tumor,LIHC,Liver Cancer,1.311359134,3.867992092
TCGA-EB-A6QY-01,,Skin Cancer,TCGA Tumor,SKCM,Skin Cancer,-6.3545647,0.83329605
TCGA-AR-A24X-01,,Breast Cancer,TCGA Tumor,BRCA,Breast Cancer,4.327073302,-1.578749012
TCGA-29-1701-01,,Ovarian Cancer,TCGA Tumor,OV,Ovarian Cancer,1.627136078,7.72163241
TCGA-B6-A0IO-01,,Breast Cancer,TCGA Tumor,BRCA,Breast Cancer,5.216847863,-1.59962077
TCGA-FP-8210-01,,Gastric Cancer,TCGA Tumor,STAD,Gastric Cancer,-2.664111409,-1.935220908
TCGA-QG-A5Z2-01,,Colorectal Cancer,TCGA Tumor,COAD,Colon/Colorectal Cancer,-5.065857444,-3.732110809
TCGA-DJ-A3V4-01,,Thyroid Cancer,TCGA Tumor,THCA,Thyroid Cancer,11.01358935,-0.24954338
TCGA-BC-A10Z-01,,Liver Cancer,TCGA Tumor,LIHC,Liver Cancer,0.87614825,4.207217146
TCGA-HB-A5W3-01,,Sarcoma,TCGA Tumor,SARC,Sarcoma,1.973154035,1.568010498
TCGA-WE-A8ZY-06,,Skin Cancer,TCGA Tumor,SKCM,Skin Cancer,6.006400552,3.650774647
TCGA-D6-8569-01,,Head and Neck Cancer,TCGA Tumor,HNSC,Head and Neck Cancer,-6.495003257,0.568711866
TCGA-BB-4227-01,,Head and Neck Cancer,TCGA Tumor,HNSC,Head and Neck Cancer,-6.538014922,0.667478193
TCGA-E2-A1IE-01,,Breast Cancer,TCGA Tumor,BRCA,Breast Cancer,5.751711335,-1.65026338
TCGA-23-1118-01,,Ovarian Cancer,TCGA Tumor,OV,Ovarian Cancer,1.732264247,8.276793886
TCGA-G4-6294-01,,Colorectal Cancer,TCGA Tumor,COAD,Colon/Colorectal Cancer,-5.936106715,-3.523900341
TCGA-51-6867-01,,Lung Cancer,TCGA Tumor,LUSC,Lung Cancer,-5.257380996,2.361626793
TCGA-CN-6997-01,,Head and Neck Cancer,TCGA Tumor,HNSC,Head and Neck Cancer,-5.3374472,1.972900439
TCGA-09-1673-01,,Ovarian Cancer,TCGA Tumor,OV,Ovarian Cancer,1.300100174,7.856812407
TCGA-FD-A3B5-01,,Bladder Cancer,TCGA Tumor,BLCA,Bladder Cancer,-6.433596167,0.664548029
TCGA-4Z-AA80-01,,Bladder Cancer,TCGA Tumor,BLCA,Bladder Cancer,-3.652326617,-0.396024
TCGA-78-7167-01,,Lung Cancer,TCGA Tumor,LUAD,Lung Cancer,-0.639450941,-2.893661808
TCGA-78-8662-01,,Lung Cancer,TCGA Tumor,LUAD,Lung Cancer,-0.161955092,-2.931069206
TCGA-CF-A3MF-01,,Bladder Cancer,TCGA Tumor,BLCA,Bladder Cancer,-3.706845317,0.198048968
TCGA-B8-5165-01,,Kidney Cancer,TCGA Tumor,KIRC,Kidney Cancer,6.098645177,-5.608909201
TCGA-VQ-AA68-01,,Gastric Cancer,TCGA Tumor,STAD,Gastric Cancer,-3.648264918,-3.421967338
TCGA-86-8585-01,,Lung Cancer,TCGA Tumor,LUAD,Lung Cancer,-1.07654849,-2.24494655
TCGA-50-6591-01,,Lung Cancer,TCGA Tumor,LUAD,Lung Cancer,0.854870167,6.949107577
TCGA-DX-A8BG-01,,Sarcoma,TCGA Tumor,SARC,Sarcoma,1.222271528,1.277609397
TCGA-AN-A0AJ-01,,Breast Cancer,TCGA Tumor,BRCA,Breast Cancer,5.21532723,-1.405419182
TCGA-WK-A8XX-01,,Sarcoma,TCGA Tumor,SARC,Sarcoma,2.000083294,1.543687988
TCGA-AO-A128-01,,Breast Cancer,TCGA Tumor,BRCA,Breast Cancer,4.093578067,-0.588962327
TCGA-AR-A24T-01,,Breast Cancer,TCGA Tumor,BRCA,Breast Cancer,3.883463588,-1.799491714
TCGA-86-8055-01,,Lung Cancer,TCGA Tumor,LUAD,Lung Cancer,-0.304496739,-2.820205759
TCGA-24-1428-01,,Ovarian Cancer,TCGA Tumor,OV,Ovarian Cancer,1.777339425,8.550245691
TCGA-ET-A4KQ-01,,Thyroid Cancer,TCGA Tumor,THCA,Thyroid Cancer,11.57212588,0.817746628
TCGA-D3-A1Q1-06,,Skin Cancer,TCGA Tumor,SKCM,Skin Cancer,5.44953486,3.720767189
TCGA-QG-A5Z1-01,,Colorectal Cancer,TCGA Tumor,COAD,Colon/Colorectal Cancer,-5.768291507,-3.481330465
TCGA-94-7943-01,,Lung Cancer,TCGA Tumor,LUSC,Lung Cancer,-4.517753634,0.298534457
TCGA-23-1120-01,,Ovarian Cancer,TCGA Tumor,OV,Ovarian Cancer,1.69264957,8.467192103
TCGA-50-5944-01,,Lung Cancer,TCGA Tumor,LUAD,Lung Cancer,-0.316167924,-2.900574278
TCGA-BR-A4PD-01,,Gastric Cancer,TCGA Tumor,STAD,Gastric Cancer,-3.795854125,-3.713640999
TCGA-BH-A1F2-01,,Breast Cancer,TCGA Tumor,BRCA,Breast Cancer,3.419863906,-1.266110967
TCGA-24-2038-01,,Ovarian Cancer,TCGA Tumor,OV,Ovarian Cancer,1.367609825,7.994723726
TCGA-78-7153-01,,Lung Cancer,TCGA Tumor,LUAD,Lung Cancer,-1.150657568,-2.209456514
TCGA-DX-A7EF-01,,Sarcoma,TCGA Tumor,SARC,Sarcoma,1.454115596,1.313455869
TCGA-EM-A4FH-01,,Thyroid Cancer,TCGA Tumor,THCA,Thyroid Cancer,11.55441519,0.834840466
TCGA-D3-A8GR-06,,Skin Cancer,TCGA Tumor,SKCM,Skin Cancer,5.898611512,3.490867544
TCGA-EE-A20I-06,,Skin Cancer,TCGA Tumor,SKCM,Skin Cancer,6.014099088,3.59320562
TCGA-KU-A66S-01,,Head and Neck Cancer,TCGA Tumor,HNSC,Head and Neck Cancer,-1.433793697,-0.805885326
TCGA-D8-A1J9-01,,Breast Cancer,TCGA Tumor,BRCA,Breast Cancer,4.915126767,-1.236634444
TCGA-IB-AAUR-01,,Pancreatic Cancer,TCGA Tumor,PAAD,Pancreatic Cancer,-2.791913543,-2.157808851
TCGA-DD-AADY-01,,Liver Cancer,TCGA Tumor,LIHC,Liver Cancer,0.766178962,3.815910031
TCGA-HU-A4GT-01,,Gastric Cancer,TCGA Tumor,STAD,Gastric Cancer,-4.993735347,-3.673991751
TCGA-CF-A3MI-01,,Bladder Cancer,TCGA Tumor,BLCA,Bladder Cancer,-3.718753848,0.146336165
TCGA-DJ-A2Q1-01,,Thyroid Cancer,TCGA Tumor,THCA,Thyroid Cancer,10.94327971,-0.287231754
TCGA-B0-5099-01,,Kidney Cancer,TCGA Tumor,KIRC,Kidney Cancer,6.361093488,-6.633246015
TCGA-G4-6628-01,,Colorectal Cancer,TCGA Tumor,COAD,Colon/Colorectal Cancer,-4.542038951,-3.513897251
TCGA-YD-A9TA-06,,Skin Cancer,TCGA Tumor,SKCM,Skin Cancer,1.018626836,1.263453652
TCGA-61-1914-01,,Ovarian Cancer,TCGA Tumor,OV,Ovarian Cancer,1.617520418,7.799977709
TCGA-29-1705-01,,Ovarian Cancer,TCGA Tumor,OV,Ovarian Cancer,1.901959744,8.271075655
TCGA-77-7338-01,,Lung Cancer,TCGA Tumor,LUSC,Lung Cancer,-5.360004458,2.41980188
TCGA-EM-A22K-01,,Thyroid Cancer,TCGA Tumor,THCA,Thyroid Cancer,11.59059092,0.762750019
TCGA-E2-A150-01,,Breast Cancer,TCGA Tumor,BRCA,Breast Cancer,0.757128772,-1.486157965
TCGA-AR-A251-01,,Breast Cancer,TCGA Tumor,BRCA,Breast Cancer,0.984453287,-1.540438246
TCGA-EL-A3GR-01,,Thyroid Cancer,TCGA Tumor,THCA,Thyroid Cancer,11.35793063,-0.148093085
TCGA-CI-6624-01,,Colorectal Cancer,TCGA Tumor,READ,Colon/Colorectal Cancer,-5.837060485,-3.633662056
TCGA-EE-A3JB-06,,Skin Cancer,TCGA Tumor,SKCM,Skin Cancer,4.963342157,3.379146029
TCGA-ER-A19F-06,,Skin Cancer,TCGA Tumor,SKCM,Skin Cancer,5.905806508,3.60978644
TCGA-78-7159-01,,Lung Cancer,TCGA Tumor,LUAD,Lung Cancer,-0.772841606,-2.09471042
TCGA-EB-A4XL-01,,Skin Cancer,TCGA Tumor,SKCM,Skin Cancer,5.275227514,3.911229778
TCGA-FY-A40L-01,,Thyroid Cancer,TCGA Tumor,THCA,Thyroid Cancer,10.94180151,-0.349084388
TCGA-AF-5654-01,,Colorectal Cancer,TCGA Tumor,READ,Colon/Colorectal Cancer,-6.033083949,-3.704617094
TCGA-4Z-AA84-01,,Bladder Cancer,TCGA Tumor,BLCA,Bladder Cancer,-3.76858953,-0.898046624
TCGA-78-8655-01,,Lung Cancer,TCGA Tumor,LUAD,Lung Cancer,-0.321705315,-3.027562212
TCGA-78-7163-01,,Lung Cancer,TCGA Tumor,LUAD,Lung Cancer,-0.390027914,-2.884918999
TCGA-2Y-A9GS-01,,Liver Cancer,TCGA Tumor,LIHC,Liver Cancer,0.810542759,3.931010414
TCGA-CK-5916-01,,Colorectal Cancer,TCGA Tumor,COAD,Colon/Colorectal Cancer,-5.090793166,-3.69268639
TCGA-F1-6874-01,,Gastric Cancer,TCGA Tumor,STAD,Gastric Cancer,-4.705419574,-3.742638658
TCGA-D8-A1JE-01,,Breast Cancer,TCGA Tumor,BRCA,Breast Cancer,3.73098084,-1.53829069
TCGA-ZF-A9R2-01,,Bladder Cancer,TCGA Tumor,BLCA,Bladder Cancer,-3.681009326,0.13473345
TCGA-CG-5717-01,,Gastric Cancer,TCGA Tumor,STAD,Gastric Cancer,-6.392772708,1.675326277
TCGA-LN-A9FP-01,,Esophageal Cancer,TCGA Tumor,ESCA,Esophageal Cancer,-0.926797423,-1.687759231
TCGA-UF-A7JA-01,,Head and Neck Cancer,TCGA Tumor,HNSC,Head and Neck Cancer,-5.762284789,1.055486013
TCGA-HV-A7OP-01,,Pancreatic Cancer,TCGA Tumor,PAAD,Pancreatic Cancer,-3.809144053,-3.367859911
TCGA-05-4417-01,,Lung Cancer,TCGA Tumor,LUAD,Lung Cancer,-0.818760309,-2.050947975
TCGA-DM-A1D8-01,,Colorectal Cancer,TCGA Tumor,COAD,Colon/Colorectal Cancer,-6.041152987,-3.677472185
TCGA-55-7570-01,,Lung Cancer,TCGA Tumor,LUAD,Lung Cancer,-1.513251934,-0.85337628
TCGA-ED-A7PX-01,,Liver Cancer,TCGA Tumor,LIHC,Liver Cancer,0.221821454,3.381390501
TCGA-B8-5164-01,,Kidney Cancer,TCGA Tumor,KIRC,Kidney Cancer,6.09327313,-6.560828279
TCGA-DD-AADN-01,,Liver Cancer,TCGA Tumor,LIHC,Liver Cancer,0.416828109,3.569065977
TCGA-BB-8601-01,,Head and Neck Cancer,TCGA Tumor,HNSC,Head and Neck Cancer,-5.356771979,2.326874901
TCGA-KN-8431-01,,Kidney Cancer,TCGA Tumor,KICH,Kidney Cancer,-3.551507983,5.1085171
TCGA-CN-A497-01,,Head and Neck Cancer,TCGA Tumor,HNSC,Head and Neck Cancer,-5.777666125,2.104936768
TCGA-EL-A4K9-01,,Thyroid Cancer,TCGA Tumor,THCA,Thyroid Cancer,11.48905989,-0.047364246
TCGA-23-2077-01,,Ovarian Cancer,TCGA Tumor,OV,Ovarian Cancer,1.62561604,8.027846266
TCGA-KL-8336-01,,Kidney Cancer,TCGA Tumor,KICH,Kidney Cancer,-3.564719233,5.109490324
TCGA-IN-A7NU-01,,Gastric Cancer,TCGA Tumor,STAD,Gastric Cancer,-3.429637227,-2.197015833
TCGA-CU-A0YO-01,,Bladder Cancer,TCGA Tumor,BLCA,Bladder Cancer,-3.838271174,0.164586168
TCGA-RC-A7SK-01,,Liver Cancer,TCGA Tumor,LIHC,Liver Cancer,0.900988665,4.103351523
TCGA-EB-A85J-01,,Skin Cancer,TCGA Tumor,SKCM,Skin Cancer,6.020654645,3.657974173
TCGA-EO-A3AS-01,,Endometrial/Uterine Cancer,TCGA Tumor,UCEC,Endometrial/Uterine Cancer,1.300401714,6.692406584
TCGA-WK-A8XS-01,,Sarcoma,TCGA Tumor,SARC,Sarcoma,1.97683343,1.58535235
TCGA-J8-A3YE-01,,Thyroid Cancer,TCGA Tumor,THCA,Thyroid Cancer,10.99759718,-0.591842305
TCGA-C8-A274-01,,Breast Cancer,TCGA Tumor,BRCA,Breast Cancer,4.690844026,-1.242992114
TARGET-50-PAJLUJ-06,,Kidney Cancer,TCGA Tumor,WT,Kidney Cancer,-4.548909697,7.678737093
TCGA-EM-A3FP-01,,Thyroid Cancer,TCGA Tumor,THCA,Thyroid Cancer,11.494122,0.893902649
TCGA-BH-A5IZ-01,,Breast Cancer,TCGA Tumor,BRCA,Breast Cancer,0.901043918,-1.413377117
TCGA-49-4505-01,,Lung Cancer,TCGA Tumor,LUAD,Lung Cancer,-0.106922064,-3.085520815
TCGA-LB-A8F3-01,,Pancreatic Cancer,TCGA Tumor,PAAD,Pancreatic Cancer,-2.236337695,-2.425716709
TCGA-C4-A0F1-01,,Bladder Cancer,TCGA Tumor,BLCA,Bladder Cancer,-5.672847304,0.601194729
TCGA-EM-A2P1-06,,Thyroid Cancer,TCGA Tumor,THCA,Thyroid Cancer,10.92163512,-0.336844187
TCGA-06-0141-01,,Glioblastoma,TCGA Tumor,GBM,Brain Cancer,1.339845684,-9.171507429
TCGA-B8-A54I-01,,Kidney Cancer,TCGA Tumor,KIRC,Kidney Cancer,6.266519513,-5.658147882
TCGA-HU-A4GH-01,,Gastric Cancer,TCGA Tumor,STAD,Gastric Cancer,-3.871877703,-3.672808241
TCGA-E7-A4XJ-01,,Bladder Cancer,TCGA Tumor,BLCA,Bladder Cancer,-3.611622844,0.17753594
TCGA-W5-AA2Z-01,,Bile Duct Cancer,TCGA Tumor,CHOL,Bile Duct Cancer,-0.104584965,3.029484678
TCGA-A8-A076-01,,Breast Cancer,TCGA Tumor,BRCA,Breast Cancer,4.944349733,-1.268268417
TCGA-D6-A6EN-01,,Head and Neck Cancer,TCGA Tumor,HNSC,Head and Neck Cancer,-5.402496371,0.838242103
TCGA-DQ-7592-01,,Head and Neck Cancer,TCGA Tumor,HNSC,Head and Neck Cancer,-6.525033507,0.520239462
TCGA-PC-A5DN-01,,Sarcoma,TCGA Tumor,SARC,Sarcoma,1.097682681,1.191060711
TCGA-EE-A2MR-06,,Skin Cancer,TCGA Tumor,SKCM,Skin Cancer,5.052983728,3.43153422
TCGA-33-A4WN-01,,Lung Cancer,TCGA Tumor,LUSC,Lung Cancer,-6.007667098,2.413875509
TCGA-B2-3924-01,,Kidney Cancer,TCGA Tumor,KIRC,Kidney Cancer,6.320954766,-5.74601705
TCGA-DX-A6YZ-01,,Sarcoma,TCGA Tumor,SARC,Sarcoma,1.202413168,1.237674166
TCGA-22-5489-01,,Lung Cancer,TCGA Tumor,LUSC,Lung Cancer,-5.305905852,0.842376996
TCGA-DK-A6AV-01,,Bladder Cancer,TCGA Tumor,BLCA,Bladder Cancer,-3.755841765,0.082437192
TCGA-A3-3311-01,,Kidney Cancer,TCGA Tumor,KIRC,Kidney Cancer,6.071166005,-6.511368345
TCGA-CC-A8HT-01,,Liver Cancer,TCGA Tumor,LIHC,Liver Cancer,0.19428305,3.385667015
TCGA-E2-A14Y-01,,Breast Cancer,TCGA Tumor,BRCA,Breast Cancer,-5.92685512,0.515393604
TCGA-B6-A40B-01,,Breast Cancer,TCGA Tumor,BRCA,Breast Cancer,4.814784494,-1.522326301
TCGA-33-AASJ-01,,Lung Cancer,TCGA Tumor,LUSC,Lung Cancer,-5.348326716,2.43180554
TCGA-BR-6453-01,,Gastric Cancer,TCGA Tumor,STAD,Gastric Cancer,-4.931896243,-3.410567831
TCGA-JY-A6FB-01,,Esophageal Cancer,TCGA Tumor,ESCA,Esophageal Cancer,-3.856924567,-3.583239387
TCGA-HF-7136-01,,Gastric Cancer,TCGA Tumor,STAD,Gastric Cancer,-4.936023745,-1.98270161
TCGA-BB-7861-01,,Head and Neck Cancer,TCGA Tumor,HNSC,Head and Neck Cancer,-6.114298854,2.039615561
TCGA-BA-A6D8-01,,Head and Neck Cancer,TCGA Tumor,HNSC,Head and Neck Cancer,-5.339219603,2.254937578
TCGA-23-1110-01,,Ovarian Cancer,TCGA Tumor,OV,Ovarian Cancer,1.327370908,7.919400622
TCGA-IB-7644-01,,Pancreatic Cancer,TCGA Tumor,PAAD,Pancreatic Cancer,-3.395755324,-2.87223513
TCGA-CV-A465-01,,Head and Neck Cancer,TCGA Tumor,HNSC,Head and Neck Cancer,-6.882715735,0.62950467
TCGA-FE-A232-01,,Thyroid Cancer,TCGA Tumor,THCA,Thyroid Cancer,11.01299807,-0.572236608
TCGA-3A-A9I7-01,,Pancreatic Cancer,TCGA Tumor,PAAD,Pancreatic Cancer,-3.351084027,-2.415712665
TCGA-BR-4253-01,,Gastric Cancer,TCGA Tumor,STAD,Gastric Cancer,-4.254342112,-3.589038442
TCGA-IN-A6RJ-01,,Gastric Cancer,TCGA Tumor,STAD,Gastric Cancer,-6.42849544,1.662837793
TARGET-50-PAJLKR-01,,Kidney Cancer,TCGA Tumor,WT,Kidney Cancer,-4.558787379,7.689098288
TCGA-A6-5659-01,,Colorectal Cancer,TCGA Tumor,COAD,Colon/Colorectal Cancer,-5.902702842,-2.86523683
TCGA-BR-6563-01,,Gastric Cancer,TCGA Tumor,STAD,Gastric Cancer,-2.753782544,-1.994636368
TARGET-50-PAJNZU-01,,Kidney Cancer,TCGA Tumor,WT,Kidney Cancer,-4.522862468,7.648534704
TCGA-31-1944-01,,Ovarian Cancer,TCGA Tumor,OV,Ovarian Cancer,1.813579884,8.242896486
TCGA-CD-8525-01,,Gastric Cancer,TCGA Tumor,STAD,Gastric Cancer,-3.365402732,-2.303438734
TCGA-BP-4761-01,,Kidney Cancer,TCGA Tumor,KIRC,Kidney Cancer,6.149936166,-5.494305204
TCGA-MJ-A68H-01,,Sarcoma,TCGA Tumor,SARC,Sarcoma,1.9705722,1.546861578
TCGA-BR-A4J4-01,,Gastric Cancer,TCGA Tumor,STAD,Gastric Cancer,-2.485473904,-2.451005768
TCGA-22-0944-01,,Lung Cancer,TCGA Tumor,LUSC,Lung Cancer,-5.141615901,1.935393978
TCGA-BH-A0E9-01,,Breast Cancer,TCGA Tumor,BRCA,Breast Cancer,4.63058373,-1.308824133
TCGA-59-2351-01,,Ovarian Cancer,TCGA Tumor,OV,Ovarian Cancer,1.691295829,8.450551439
TCGA-BR-6803-01,,Gastric Cancer,TCGA Tumor,STAD,Gastric Cancer,-2.570886884,-1.921206068
TCGA-14-0781-01,,Glioblastoma,TCGA Tumor,GBM,Brain Cancer,1.338870731,-9.075653623
TCGA-24-1545-01,,Ovarian Cancer,TCGA Tumor,OV,Ovarian Cancer,1.403019395,7.850396086
TCGA-ZF-AA5P-01,,Bladder Cancer,TCGA Tumor,BLCA,Bladder Cancer,-4.029745135,-0.51261736
TCGA-SG-A849-01,,Sarcoma,TCGA Tumor,SARC,Sarcoma,1.142235604,1.17020588
TCGA-E9-A1NH-01,,Breast Cancer,TCGA Tumor,BRCA,Breast Cancer,3.788058009,-1.61117668
TCGA-EW-A2FW-01,,Breast Cancer,TCGA Tumor,BRCA,Breast Cancer,5.612595048,-1.559539985
TCGA-D3-A1Q5-06,,Skin Cancer,TCGA Tumor,SKCM,Skin Cancer,4.973866906,3.432448078
TCGA-CD-8530-01,,Gastric Cancer,TCGA Tumor,STAD,Gastric Cancer,-2.61404017,-1.934802245
TCGA-CJ-4902-01,,Kidney Cancer,TCGA Tumor,KIRC,Kidney Cancer,6.16871449,-5.557763647
TCGA-CN-6998-01,,Head and Neck Cancer,TCGA Tumor,HNSC,Head and Neck Cancer,-6.824601207,0.631592442
TCGA-55-6975-01,,Lung Cancer,TCGA Tumor,LUAD,Lung Cancer,-1.273308906,-2.240297626
TCGA-GU-A42Q-01,,Bladder Cancer,TCGA Tumor,BLCA,Bladder Cancer,-5.202209029,1.667212058
TCGA-A7-A3IY-01,,Breast Cancer,TCGA Tumor,BRCA,Breast Cancer,0.980639901,-0.958973359
TCGA-CC-A1HT-01,,Liver Cancer,TCGA Tumor,LIHC,Liver Cancer,0.187552583,3.370998312
TCGA-77-8156-01,,Lung Cancer,TCGA Tumor,LUSC,Lung Cancer,-5.336551223,2.378673483
TCGA-DJ-A2PP-01,,Thyroid Cancer,TCGA Tumor,THCA,Thyroid Cancer,11.42410132,0.913611759
TCGA-G3-AAUZ-01,,Liver Cancer,TCGA Tumor,LIHC,Liver Cancer,0.871654328,4.134427
TCGA-CX-7085-01,,Head and Neck Cancer,TCGA Tumor,HNSC,Head and Neck Cancer,-6.376619372,0.161580261
TCGA-BR-6457-01,,Gastric Cancer,TCGA Tumor,STAD,Gastric Cancer,-2.498573813,-1.89037795
TCGA-AO-A0J8-01,,Breast Cancer,TCGA Tumor,BRCA,Breast Cancer,4.663572278,-1.258672546
TCGA-61-1918-01,,Ovarian Cancer,TCGA Tumor,OV,Ovarian Cancer,1.743496385,8.461427141
TCGA-HF-7132-01,,Gastric Cancer,TCGA Tumor,STAD,Gastric Cancer,-4.719821486,-3.590286087
TCGA-A6-5660-01,,Colorectal Cancer,TCGA Tumor,COAD,Colon/Colorectal Cancer,-6.080484423,-3.687720131
TCGA-DD-A4NH-01,,Liver Cancer,TCGA Tumor,LIHC,Liver Cancer,0.273185697,3.457042147
TCGA-DJ-A1QG-01,,Thyroid Cancer,TCGA Tumor,THCA,Thyroid Cancer,11.42577311,0.864130963
TCGA-CZ-5467-01,,Kidney Cancer,TCGA Tumor,KIRC,Kidney Cancer,6.186682191,-5.540480684
TCGA-A2-A4S0-01,,Breast Cancer,TCGA Tumor,BRCA,Breast Cancer,5.968815294,-1.654763769
TCGA-ET-A25O-01,,Thyroid Cancer,TCGA Tumor,THCA,Thyroid Cancer,11.02234217,-0.541948091
TCGA-MS-A51U-01,,Breast Cancer,TCGA Tumor,BRCA,Breast Cancer,4.456957307,-1.652383279
TCGA-06-0157-01,,Glioblastoma,TCGA Tumor,GBM,Brain Cancer,1.230904486,-9.923681806
TCGA-B0-4694-01,,Kidney Cancer,TCGA Tumor,KIRC,Kidney Cancer,6.078729596,-5.51723535
TCGA-DX-A1KU-01,,Sarcoma,TCGA Tumor,SARC,Sarcoma,1.264486935,1.313935567
TCGA-BR-8592-01,,Gastric Cancer,TCGA Tumor,STAD,Gastric Cancer,-2.497234616,-1.874949764
TCGA-BR-8295-01,,Gastric Cancer,TCGA Tumor,STAD,Gastric Cancer,-4.907084975,-1.949457477
TCGA-04-1343-01,,Ovarian Cancer,TCGA Tumor,OV,Ovarian Cancer,1.45623168,7.984420706
TCGA-CM-5862-01,,Colorectal Cancer,TCGA Tumor,COAD,Colon/Colorectal Cancer,-5.847467456,-3.547125172
TCGA-D7-A6F0-01,,Gastric Cancer,TCGA Tumor,STAD,Gastric Cancer,-4.910658393,-1.954035114
TCGA-25-1626-01,,Ovarian Cancer,TCGA Tumor,OV,Ovarian Cancer,1.443074074,7.651388098
TCGA-B7-5816-01,,Gastric Cancer,TCGA Tumor,STAD,Gastric Cancer,-4.245960269,-3.490583252
TCGA-B8-A54F-01,,Kidney Cancer,TCGA Tumor,KIRC,Kidney Cancer,6.208003965,-6.33850057
TCGA-A7-A3IZ-01,,Breast Cancer,TCGA Tumor,BRCA,Breast Cancer,5.599994626,-1.490408968
TCGA-G3-AAV6-01,,Liver Cancer,TCGA Tumor,LIHC,Liver Cancer,0.396540437,3.543016363
TCGA-BJ-A3PU-01,,Thyroid Cancer,TCGA Tumor,THCA,Thyroid Cancer,10.99073168,-0.397539984
TCGA-55-8208-01,,Lung Cancer,TCGA Tumor,LUAD,Lung Cancer,-0.737834368,-2.352470707
TCGA-EY-A5W2-01,,Endometrial/Uterine Cancer,TCGA Tumor,UCEC,Endometrial/Uterine Cancer,1.37331101,6.618118693
TCGA-PG-A6IB-01,,Endometrial/Uterine Cancer,TCGA Tumor,UCEC,Endometrial/Uterine Cancer,0.12538543,0.357581366
TCGA-13-1492-01,,Ovarian Cancer,TCGA Tumor,OV,Ovarian Cancer,-0.699270758,-2.061101984
TCGA-F4-6805-01,,Colorectal Cancer,TCGA Tumor,COAD,Colon/Colorectal Cancer,-5.725982222,-3.745233368
TCGA-12-3653-01,,Glioblastoma,TCGA Tumor,GBM,Brain Cancer,1.241008904,-9.898286413
TCGA-DX-AB2H-01,,Sarcoma,TCGA Tumor,SARC,Sarcoma,1.131634739,1.549885322
TCGA-EE-A3JE-06,,Skin Cancer,TCGA Tumor,SKCM,Skin Cancer,5.465604749,3.390581776
TCGA-A2-A0D2-01,,Breast Cancer,TCGA Tumor,BRCA,Breast Cancer,0.920949545,-1.411580633
TCGA-A2-A1G0-01,,Breast Cancer,TCGA Tumor,BRCA,Breast Cancer,4.2534022,-1.722557615
TCGA-AR-A0U3-01,,Breast Cancer,TCGA Tumor,BRCA,Breast Cancer,5.057769265,-1.600485395
TCGA-CQ-A4CA-01,,Head and Neck Cancer,TCGA Tumor,HNSC,Head and Neck Cancer,-6.354885134,0.802372147
TCGA-BK-A6W4-01,,Endometrial/Uterine Cancer,TCGA Tumor,UCEC,Endometrial/Uterine Cancer,1.130806115,6.641063143
TCGA-XF-AAMW-01,,Bladder Cancer,TCGA Tumor,BLCA,Bladder Cancer,-5.411027465,0.959398378
TCGA-AK-3451-01,,Kidney Cancer,TCGA Tumor,KIRC,Kidney Cancer,6.000608411,-6.265983652
TCGA-DD-A73F-01,,Liver Cancer,TCGA Tumor,LIHC,Liver Cancer,0.860567715,4.277503897
TCGA-WX-AA46-01,,Liver Cancer,TCGA Tumor,LIHC,Liver Cancer,1.033434298,4.160819937
TCGA-76-4926-01,,Glioblastoma,TCGA Tumor,GBM,Brain Cancer,1.482925143,-10.01889474
TCGA-75-6206-01,,Lung Cancer,TCGA Tumor,LUAD,Lung Cancer,-0.66418067,-2.870364498
TCGA-36-1571-01,,Ovarian Cancer,TCGA Tumor,OV,Ovarian Cancer,1.725018707,8.456028391
TCGA-D8-A1XZ-01,,Breast Cancer,TCGA Tumor,BRCA,Breast Cancer,5.62205359,-1.725551914
TCGA-CV-7407-01,,Head and Neck Cancer,TCGA Tumor,HNSC,Head and Neck Cancer,-5.4333711,2.121881415
TCGA-FV-A2QQ-01,,Liver Cancer,TCGA Tumor,LIHC,Liver Cancer,0.960204032,4.043692757
TCGA-55-6971-01,,Lung Cancer,TCGA Tumor,LUAD,Lung Cancer,-0.730903659,-2.239412378
TCGA-05-4410-01,,Lung Cancer,TCGA Tumor,LUAD,Lung Cancer,-0.140691016,-3.156767916
TCGA-CV-7248-01,,Head and Neck Cancer,TCGA Tumor,HNSC,Head and Neck Cancer,-5.916348014,2.367640663
TCGA-86-7954-01,,Lung Cancer,TCGA Tumor,LUAD,Lung Cancer,-0.267655346,-3.020556759
TCGA-26-5133-01,,Glioblastoma,TCGA Tumor,GBM,Brain Cancer,1.537809458,-9.200103353
TCGA-KS-A4I9-01,,Thyroid Cancer,TCGA Tumor,THCA,Thyroid Cancer,10.99286219,-0.378099512
TCGA-A2-A0SW-01,,Breast Cancer,TCGA Tumor,BRCA,Breast Cancer,5.487319436,-1.72773857
TCGA-BA-A6DD-01,,Head and Neck Cancer,TCGA Tumor,HNSC,Head and Neck Cancer,-6.60194448,0.712110449
TARGET-50-PAKGZX-01,,Kidney Cancer,TCGA Tumor,WT,Kidney Cancer,-4.561241183,7.691847731
TCGA-36-1568-01,,Ovarian Cancer,TCGA Tumor,OV,Ovarian Cancer,2.026773539,8.189340044
TCGA-EU-5904-01,,Kidney Cancer,TCGA Tumor,KIRC,Kidney Cancer,6.352852788,-6.611484121
TCGA-55-8207-01,,Lung Cancer,TCGA Tumor,LUAD,Lung Cancer,-0.185401532,-3.030431341
TCGA-GU-AATP-01,,Bladder Cancer,TCGA Tumor,BLCA,Bladder Cancer,-3.560671363,-1.703158449
TCGA-06-0211-02,,Glioblastoma,TCGA Tumor,GBM,Brain Cancer,1.362883058,-9.079419683
TCGA-OL-A5DA-01,,Breast Cancer,TCGA Tumor,BRCA,Breast Cancer,4.670190778,-1.598300885
TCGA-R6-A6L6-01,,Esophageal Cancer,TCGA Tumor,ESCA,Esophageal Cancer,-6.454477343,1.274910856
TCGA-A7-A5ZV-01,,Breast Cancer,TCGA Tumor,BRCA,Breast Cancer,1.02453306,-1.526752185
TCGA-LL-A50Y-01,,Breast Cancer,TCGA Tumor,BRCA,Breast Cancer,4.158916917,-1.757999967
TCGA-06-2562-01,,Glioblastoma,TCGA Tumor,GBM,Brain Cancer,1.405766335,-9.076490949
TCGA-BR-7707-01,,Gastric Cancer,TCGA Tumor,STAD,Gastric Cancer,-4.593477282,-3.534645389
TCGA-KM-8639-01,,Kidney Cancer,TCGA Tumor,KICH,Kidney Cancer,-3.486057076,5.045824457
TCGA-AX-A3FT-01,,Endometrial/Uterine Cancer,TCGA Tumor,UCEC,Endometrial/Uterine Cancer,1.058049407,6.537379194
TCGA-BP-5007-01,,Kidney Cancer,TCGA Tumor,KIRC,Kidney Cancer,6.210697141,-6.798007082
TCGA-KS-A41J-01,,Thyroid Cancer,TCGA Tumor,THCA,Thyroid Cancer,11.06567618,-0.394457887
TCGA-A3-3374-01,,Kidney Cancer,TCGA Tumor,KIRC,Kidney Cancer,-3.551084075,5.099692274
TCGA-CK-4951-01,,Colorectal Cancer,TCGA Tumor,COAD,Colon/Colorectal Cancer,-5.208433184,-3.709186624
TCGA-BP-5180-01,,Kidney Cancer,TCGA Tumor,KIRC,Kidney Cancer,6.180005994,-6.315544676
TCGA-EY-A2OQ-01,,Endometrial/Uterine Cancer,TCGA Tumor,UCEC,Endometrial/Uterine Cancer,1.342386272,6.553969313
TCGA-D7-6524-01,,Gastric Cancer,TCGA Tumor,STAD,Gastric Cancer,-4.086425338,-3.033062528
TCGA-F4-6704-01,,Colorectal Cancer,TCGA Tumor,COAD,Colon/Colorectal Cancer,-5.852398906,-2.927381586
TCGA-FS-A1ZW-06,,Skin Cancer,TCGA Tumor,SKCM,Skin Cancer,5.30187222,3.48580115
TCGA-A5-A7WK-01,,Endometrial/Uterine Cancer,TCGA Tumor,UCEC,Endometrial/Uterine Cancer,1.413972702,6.739003111
TCGA-CZ-5984-01,,Kidney Cancer,TCGA Tumor,KIRC,Kidney Cancer,6.087476697,-5.701317381
TCGA-EB-A4IQ-01,,Skin Cancer,TCGA Tumor,SKCM,Skin Cancer,-6.449027095,-0.019856382
TCGA-55-6968-01,,Lung Cancer,TCGA Tumor,LUAD,Lung Cancer,-1.291386518,-0.765195142
TCGA-F1-A72C-01,,Gastric Cancer,TCGA Tumor,STAD,Gastric Cancer,-4.270074401,-3.524010013
TCGA-CN-A49A-01,,Head and Neck Cancer,TCGA Tumor,HNSC,Head and Neck Cancer,-5.830162558,0.999987055
TCGA-ET-A2N3-01,,Thyroid Cancer,TCGA Tumor,THCA,Thyroid Cancer,11.56440016,0.81521963
TCGA-C8-A3M7-01,,Breast Cancer,TCGA Tumor,BRCA,Breast Cancer,4.369309154,-1.212311696
TCGA-CZ-5986-01,,Kidney Cancer,TCGA Tumor,KIRC,Kidney Cancer,6.285804239,-6.798943113
TCGA-FY-A3ON-01,,Thyroid Cancer,TCGA Tumor,THCA,Thyroid Cancer,11.41606661,-0.133500035
TCGA-A2-A0EO-01,,Breast Cancer,TCGA Tumor,BRCA,Breast Cancer,4.059233871,-1.718967866
TCGA-25-1634-01,,Ovarian Cancer,TCGA Tumor,OV,Ovarian Cancer,1.292610076,7.772476603
TCGA-B0-5083-01,,Kidney Cancer,TCGA Tumor,KIRC,Kidney Cancer,-3.536789689,5.087397505
TCGA-QB-A6FS-06,,Skin Cancer,TCGA Tumor,SKCM,Skin Cancer,6.041176286,3.646782328
TCGA-FR-A729-06,,Skin Cancer,TCGA Tumor,SKCM,Skin Cancer,5.401256051,3.666783262
TCGA-BR-A44T-01,,Gastric Cancer,TCGA Tumor,STAD,Gastric Cancer,-2.587966237,-1.88624997
TCGA-3X-AAVC-01,,Bile Duct Cancer,TCGA Tumor,CHOL,Bile Duct Cancer,5.665274587,-5.758255075
TCGA-BK-A0CA-01,,Endometrial/Uterine Cancer,TCGA Tumor,UCEC,Endometrial/Uterine Cancer,-4.561339412,-3.236161302
TCGA-X6-A8C2-01,,Sarcoma,TCGA Tumor,SARC,Sarcoma,1.214959052,1.207829167
TCGA-CW-5581-01,,Kidney Cancer,TCGA Tumor,KIRC,Kidney Cancer,6.167379346,-6.749022077
TCGA-55-5899-01,,Lung Cancer,TCGA Tumor,LUAD,Lung Cancer,-1.32401875,-0.698562156
TCGA-KQ-A41Q-01,,Bladder Cancer,TCGA Tumor,BLCA,Bladder Cancer,-3.661893401,0.030284834
TCGA-E6-A2P8-01,,Endometrial/Uterine Cancer,TCGA Tumor,UCEC,Endometrial/Uterine Cancer,-0.274457965,-2.850644897
TCGA-BR-4257-01,,Gastric Cancer,TCGA Tumor,STAD,Gastric Cancer,-3.996025119,-3.639292549
TCGA-CG-5725-01,,Gastric Cancer,TCGA Tumor,STAD,Gastric Cancer,-1.470735702,-0.786523055
TCGA-AR-A1AK-01,,Breast Cancer,TCGA Tumor,BRCA,Breast Cancer,4.424104181,-1.684362005
TCGA-HU-A4GX-01,,Gastric Cancer,TCGA Tumor,STAD,Gastric Cancer,-4.139750514,-3.614229511
TCGA-5R-AA1D-01,,Liver Cancer,TCGA Tumor,LIHC,Liver Cancer,1.021002081,4.159657408
TCGA-DD-AACF-01,,Liver Cancer,TCGA Tumor,LIHC,Liver Cancer,0.835463699,4.031076838
TCGA-BT-A20R-01,,Bladder Cancer,TCGA Tumor,BLCA,Bladder Cancer,-3.67069057,-0.92670251
TCGA-98-A53C-01,,Lung Cancer,TCGA Tumor,LUSC,Lung Cancer,-0.896997843,-2.01484425
TCGA-EB-A42Y-01,,Skin Cancer,TCGA Tumor,SKCM,Skin Cancer,5.848101583,3.61855929
TCGA-CK-6751-01,,Colorectal Cancer,TCGA Tumor,COAD,Colon/Colorectal Cancer,-5.489843402,-3.790932726
TCGA-22-0940-01,,Lung Cancer,TCGA Tumor,LUSC,Lung Cancer,-5.282979998,1.443755914
TCGA-DD-AAE7-01,,Liver Cancer,TCGA Tumor,LIHC,Liver Cancer,0.992600467,4.199382712
TCGA-HS-A5N7-01,,Sarcoma,TCGA Tumor,SARC,Sarcoma,1.953010764,1.569059302
TCGA-04-1337-01,,Ovarian Cancer,TCGA Tumor,OV,Ovarian Cancer,1.593695011,7.909653116
TCGA-AC-A2QH-01,,Breast Cancer,TCGA Tumor,BRCA,Breast Cancer,1.292608764,1.330255319
TCGA-ER-A19J-06,,Skin Cancer,TCGA Tumor,SKCM,Skin Cancer,6.625152555,4.378186632
TCGA-90-7964-01,,Lung Cancer,TCGA Tumor,LUSC,Lung Cancer,-5.371360335,1.525010992
TCGA-L4-A4E5-01,,Lung Cancer,TCGA Tumor,LUAD,Lung Cancer,-0.01347867,-2.89194281
TCGA-L5-A4OE-01,,Esophageal Cancer,TCGA Tumor,ESCA,Esophageal Cancer,-4.264639411,-2.741064857
TCGA-CQ-A4C9-01,,Head and Neck Cancer,TCGA Tumor,HNSC,Head and Neck Cancer,-6.218667064,2.156552006
TCGA-L5-A4OH-01,,Esophageal Cancer,TCGA Tumor,ESCA,Esophageal Cancer,-5.296550307,-3.518739294
TCGA-CA-5254-01,,Colorectal Cancer,TCGA Tumor,COAD,Colon/Colorectal Cancer,-5.184696708,-3.665451835
TCGA-LB-A7SX-01,,Pancreatic Cancer,TCGA Tumor,PAAD,Pancreatic Cancer,-3.282949242,-2.340864967
TCGA-58-8393-01,,Lung Cancer,TCGA Tumor,LUSC,Lung Cancer,-5.201122794,1.95965438
TCGA-63-A5MS-01,,Lung Cancer,TCGA Tumor,LUSC,Lung Cancer,-5.288928542,0.893478979
TCGA-AK-3431-01,,Kidney Cancer,TCGA Tumor,KIRC,Kidney Cancer,6.186324086,-5.303151201
TCGA-A8-A08P-01,,Breast Cancer,TCGA Tumor,BRCA,Breast Cancer,5.229683843,-1.415192078
TCGA-AD-A5EJ-01,,Colorectal Cancer,TCGA Tumor,COAD,Colon/Colorectal Cancer,-4.88096622,-3.713203501
TCGA-EM-A3FQ-06,,Thyroid Cancer,TCGA Tumor,THCA,Thyroid Cancer,11.4480147,0.452436436
TCGA-A3-3378-01,,Kidney Cancer,TCGA Tumor,KIRC,Kidney Cancer,6.088804689,-5.582054685
TCGA-BR-A4J7-01,,Gastric Cancer,TCGA Tumor,STAD,Gastric Cancer,-2.632024083,-1.940478038
TCGA-EM-A3FQ-01,,Thyroid Cancer,TCGA Tumor,THCA,Thyroid Cancer,11.26995513,-0.100515734
TCGA-D7-6520-01,,Gastric Cancer,TCGA Tumor,STAD,Gastric Cancer,-2.936062131,-2.983278107
TCGA-CJ-5683-01,,Kidney Cancer,TCGA Tumor,KIRC,Kidney Cancer,6.282544103,-6.756331037
TCGA-30-1855-01,,Ovarian Cancer,TCGA Tumor,OV,Ovarian Cancer,1.594076719,7.889457632
TCGA-CA-6716-01,,Colorectal Cancer,TCGA Tumor,COAD,Colon/Colorectal Cancer,-6.085359607,-3.721477817
TCGA-DX-A48L-01,,Sarcoma,TCGA Tumor,SARC,Sarcoma,1.994128194,1.46647935
TCGA-XF-A9T3-01,,Bladder Cancer,TCGA Tumor,BLCA,Bladder Cancer,-3.767126117,-0.875577043
TCGA-FS-A1Z7-06,,Skin Cancer,TCGA Tumor,SKCM,Skin Cancer,5.009877649,3.417930294
TCGA-KM-8443-01,,Kidney Cancer,TCGA Tumor,KICH,Kidney Cancer,-3.557818208,5.109441687
TCGA-B6-A0IP-01,,Breast Cancer,TCGA Tumor,BRCA,Breast Cancer,4.555779901,-1.516628932
TCGA-W3-A828-06,,Skin Cancer,TCGA Tumor,SKCM,Skin Cancer,-1.955633435,-2.338956903
TCGA-77-A5GF-01,,Lung Cancer,TCGA Tumor,LUSC,Lung Cancer,-5.352636847,2.325340916
TCGA-A8-A0A2-01,,Breast Cancer,TCGA Tumor,BRCA,Breast Cancer,3.960595336,-1.770421456
TCGA-DD-AAE4-01,,Liver Cancer,TCGA Tumor,LIHC,Liver Cancer,0.911639657,4.224865366
TCGA-24-2035-01,,Ovarian Cancer,TCGA Tumor,OV,Ovarian Cancer,1.665767994,8.053133417
TCGA-57-1585-01,,Ovarian Cancer,TCGA Tumor,OV,Ovarian Cancer,1.364477065,7.867558409
TCGA-3A-A9IC-01,,Pancreatic Cancer,TCGA Tumor,PAAD,Pancreatic Cancer,-3.206471238,-2.670171331
TCGA-21-1080-01,,Lung Cancer,TCGA Tumor,LUSC,Lung Cancer,-5.358668361,1.758919765
TCGA-93-7347-01,,Lung Cancer,TCGA Tumor,LUAD,Lung Cancer,-0.267678592,-3.084631513
TCGA-CW-5585-01,,Kidney Cancer,TCGA Tumor,KIRC,Kidney Cancer,6.274300065,-6.769768308
TCGA-62-A471-01,,Lung Cancer,TCGA Tumor,LUAD,Lung Cancer,-1.205425772,-2.194235634
TCGA-97-8177-01,,Lung Cancer,TCGA Tumor,LUAD,Lung Cancer,-0.347558651,-2.800307344
TCGA-CX-7082-01,,Head and Neck Cancer,TCGA Tumor,HNSC,Head and Neck Cancer,-5.596813712,2.468392779
TCGA-B6-A1KC-01,,Breast Cancer,TCGA Tumor,BRCA,Breast Cancer,5.962134328,-1.651634644
TCGA-AF-A56L-01,,Colorectal Cancer,TCGA Tumor,READ,Colon/Colorectal Cancer,-5.761363539,-3.462185692
TCGA-KR-A7K2-01,,Liver Cancer,TCGA Tumor,LIHC,Liver Cancer,1.034060564,4.192789484
TCGA-GV-A3QG-01,,Bladder Cancer,TCGA Tumor,BLCA,Bladder Cancer,-3.967782531,-0.215951781
TCGA-A2-A1FV-01,,Breast Cancer,TCGA Tumor,BRCA,Breast Cancer,3.998323169,-1.782947968
TCGA-QQ-A5V2-01,,Sarcoma,TCGA Tumor,SARC,Sarcoma,9.912261453,-4.49404962
TCGA-KU-A6H7-06,,Head and Neck Cancer,TCGA Tumor,HNSC,Head and Neck Cancer,-5.279914412,1.229451348
TCGA-B8-4619-01,,Kidney Cancer,TCGA Tumor,KIRC,Kidney Cancer,-3.504628691,5.060863424
TCGA-LG-A9QC-01,,Liver Cancer,TCGA Tumor,LIHC,Liver Cancer,1.31574991,3.881143738
TCGA-KU-A6H7-01,,Head and Neck Cancer,TCGA Tumor,HNSC,Head and Neck Cancer,-5.863506827,2.144336392
TCGA-43-7658-01,,Lung Cancer,TCGA Tumor,LUSC,Lung Cancer,-1.268838439,-0.642863344
TCGA-FR-A2OS-01,,Skin Cancer,TCGA Tumor,SKCM,Skin Cancer,5.836544004,3.398140837
TCGA-AA-A01Z-01,,Colorectal Cancer,TCGA Tumor,COAD,Colon/Colorectal Cancer,-6.13233808,-3.669276069
TCGA-GN-A266-06,,Skin Cancer,TCGA Tumor,SKCM,Skin Cancer,5.018164602,3.393366505
TCGA-GV-A3QK-01,,Bladder Cancer,TCGA Tumor,BLCA,Bladder Cancer,-3.601305518,0.105147716
TCGA-EM-A3FJ-01,,Thyroid Cancer,TCGA Tumor,THCA,Thyroid Cancer,11.48497244,-0.035408709
TCGA-97-7938-01,,Lung Cancer,TCGA Tumor,LUAD,Lung Cancer,-0.180199477,-3.158543419
TARGET-50-PAJPCM-01,,Kidney Cancer,TCGA Tumor,WT,Kidney Cancer,-4.574698005,7.707737852
TCGA-L5-A4ON-01,,Esophageal Cancer,TCGA Tumor,ESCA,Esophageal Cancer,-3.825302157,-3.385098766
TCGA-21-1083-01,,Lung Cancer,TCGA Tumor,LUSC,Lung Cancer,-5.202415976,1.140554596
TCGA-DD-AAD2-01,,Liver Cancer,TCGA Tumor,LIHC,Liver Cancer,0.968934205,4.139283587
TCGA-RP-A693-06,,Skin Cancer,TCGA Tumor,SKCM,Skin Cancer,5.495414224,3.480607678
TCGA-DD-A39W-01,,Liver Cancer,TCGA Tumor,LIHC,Liver Cancer,1.302208986,3.860703875
TCGA-BR-8384-01,,Gastric Cancer,TCGA Tumor,STAD,Gastric Cancer,-2.316964183,-1.851657103
TCGA-D8-A1JT-01,,Breast Cancer,TCGA Tumor,BRCA,Breast Cancer,5.410755124,-1.493899297
TCGA-G6-A8L7-01,,Kidney Cancer,TCGA Tumor,KIRC,Kidney Cancer,6.132217851,-5.343437742
TCGA-66-2755-01,,Lung Cancer,TCGA Tumor,LUSC,Lung Cancer,-5.336602244,0.759093453
TCGA-BL-A0C8-01,,Bladder Cancer,TCGA Tumor,BLCA,Bladder Cancer,-3.684216056,-0.28545181
TCGA-E9-A1R4-01,,Breast Cancer,TCGA Tumor,BRCA,Breast Cancer,5.439329114,-1.523010444
TCGA-DX-AB2O-01,,Sarcoma,TCGA Tumor,SARC,Sarcoma,1.264273491,1.684317042
TCGA-DX-A7EQ-01,,Sarcoma,TCGA Tumor,SARC,Sarcoma,-0.026092324,0.880552937
TCGA-D3-A1QA-06,,Skin Cancer,TCGA Tumor,SKCM,Skin Cancer,5.937396493,3.59082811
TCGA-D3-A1QA-07,,Skin Cancer,TCGA Tumor,SKCM,Skin Cancer,5.924204316,3.64193194
TCGA-XD-AAUL-01,,Pancreatic Cancer,TCGA Tumor,PAAD,Pancreatic Cancer,-3.192481789,-2.647657942
TCGA-BH-A0GY-01,,Breast Cancer,TCGA Tumor,BRCA,Breast Cancer,4.875454869,-1.389877986
TARGET-50-PALGLU-01,,Kidney Cancer,TCGA Tumor,WT,Kidney Cancer,-4.525362525,7.625890661
TCGA-GJ-A6C0-01,,Liver Cancer,TCGA Tumor,LIHC,Liver Cancer,0.844736543,4.111442019
TCGA-E2-A56Z-01,,Breast Cancer,TCGA Tumor,BRCA,Breast Cancer,5.628458467,-1.675764512
TCGA-55-A494-01,,Lung Cancer,TCGA Tumor,LUAD,Lung Cancer,-0.496778521,-2.84376366
TCGA-A7-A13E-01,,Breast Cancer,TCGA Tumor,BRCA,Breast Cancer,0.828638014,-1.32561953
TARGET-50-PALJIP-02,,Kidney Cancer,TCGA Tumor,WT,Kidney Cancer,-4.505880389,7.61768191
TCGA-BB-A6UM-01,,Head and Neck Cancer,TCGA Tumor,HNSC,Head and Neck Cancer,-6.351317439,1.887833882
TARGET-50-PALJIP-01,,Kidney Cancer,TCGA Tumor,WT,Kidney Cancer,-4.586988005,7.719217707
TCGA-EB-A3Y7-01,,Skin Cancer,TCGA Tumor,SKCM,Skin Cancer,6.063826051,3.672591854
TCGA-F4-6806-01,,Colorectal Cancer,TCGA Tumor,COAD,Colon/Colorectal Cancer,-6.038610492,-3.666529726
TCGA-SL-A6J9-01,,Endometrial/Uterine Cancer,TCGA Tumor,UCEC,Endometrial/Uterine Cancer,1.820487943,8.573377062
TCGA-04-1338-01,,Ovarian Cancer,TCGA Tumor,OV,Ovarian Cancer,1.701823797,7.943538595
TCGA-CK-6746-01,,Colorectal Cancer,TCGA Tumor,COAD,Colon/Colorectal Cancer,-4.451720748,-3.529911112
TCGA-A2-A0CP-01,,Breast Cancer,TCGA Tumor,BRCA,Breast Cancer,3.014040675,-1.170351099
TCGA-64-1677-01,,Lung Cancer,TCGA Tumor,LUAD,Lung Cancer,-0.101920876,-2.540257763
TCGA-BK-A139-02,,Endometrial/Uterine Cancer,TCGA Tumor,UCEC,Endometrial/Uterine Cancer,1.447439161,6.554022719
TCGA-BK-A139-01,,Endometrial/Uterine Cancer,TCGA Tumor,UCEC,Endometrial/Uterine Cancer,-4.502238784,-3.320582222
TCGA-FD-A6TG-01,,Bladder Cancer,TCGA Tumor,BLCA,Bladder Cancer,-3.563927207,-0.239320706
TCGA-O2-A52N-01,,Lung Cancer,TCGA Tumor,LUSC,Lung Cancer,-5.276187453,1.203329612
TCGA-E2-A1LS-01,,Breast Cancer,TCGA Tumor,BRCA,Breast Cancer,3.482596841,-1.560177635
TCGA-Z4-A9VC-01,,Sarcoma,TCGA Tumor,SARC,Sarcoma,1.024208155,1.22961228
TCGA-BP-4992-01,,Kidney Cancer,TCGA Tumor,KIRC,Kidney Cancer,6.215298619,-5.736303877
TCGA-DD-A39X-01,,Liver Cancer,TCGA Tumor,LIHC,Liver Cancer,0.929874149,4.079028059
TCGA-EE-A2MQ-06,,Skin Cancer,TCGA Tumor,SKCM,Skin Cancer,5.77511498,3.54501288
TCGA-02-2483-01,,Glioblastoma,TCGA Tumor,GBM,Brain Cancer,1.745682683,-9.270587515
TCGA-69-8253-01,,Lung Cancer,TCGA Tumor,LUAD,Lung Cancer,-0.945695672,-2.458251308
TCGA-DX-A6YQ-01,,Sarcoma,TCGA Tumor,SARC,Sarcoma,1.167342987,1.193734337
TCGA-CV-7411-01,,Head and Neck Cancer,TCGA Tumor,HNSC,Head and Neck Cancer,-6.593420539,0.288231571
TCGA-B8-4622-01,,Kidney Cancer,TCGA Tumor,KIRC,Kidney Cancer,6.210036721,-6.816414427
TCGA-DX-A1L4-01,,Sarcoma,TCGA Tumor,SARC,Sarcoma,1.302806225,1.290827562
TCGA-A2-A0CX-01,,Breast Cancer,TCGA Tumor,BRCA,Breast Cancer,4.138549772,-0.913566481
TCGA-DJ-A13P-01,,Thyroid Cancer,TCGA Tumor,THCA,Thyroid Cancer,11.58673235,0.135110949
TCGA-FY-A3W9-01,,Thyroid Cancer,TCGA Tumor,THCA,Thyroid Cancer,11.57034251,0.780732442
TCGA-X6-A8C6-01,,Sarcoma,TCGA Tumor,SARC,Sarcoma,1.244756963,1.725776125
TCGA-BH-A1FM-01,,Breast Cancer,TCGA Tumor,BRCA,Breast Cancer,3.89061543,-1.491174291
TCGA-JY-A93E-01,,Esophageal Cancer,TCGA Tumor,ESCA,Esophageal Cancer,-3.156005416,-2.552533697
TCGA-D5-6531-01,,Colorectal Cancer,TCGA Tumor,COAD,Colon/Colorectal Cancer,-5.385841403,-3.300314258
TCGA-GU-A766-01,,Bladder Cancer,TCGA Tumor,BLCA,Bladder Cancer,-5.396577391,0.8069623
TCGA-2J-AABA-01,,Pancreatic Cancer,TCGA Tumor,PAAD,Pancreatic Cancer,-3.201732192,-2.382288526
TCGA-02-2485-01,,Glioblastoma,TCGA Tumor,GBM,Brain Cancer,1.226156678,-9.882049154
TCGA-K1-A3PO-01,,Sarcoma,TCGA Tumor,SARC,Sarcoma,-2.276104245,-1.769775103
TCGA-ET-A40S-01,,Thyroid Cancer,TCGA Tumor,THCA,Thyroid Cancer,11.02370497,-0.139563258
TCGA-DM-A1D9-01,,Colorectal Cancer,TCGA Tumor,COAD,Colon/Colorectal Cancer,-5.953670535,-3.777066778
TCGA-27-2521-01,,Glioblastoma,TCGA Tumor,GBM,Brain Cancer,1.294960287,-9.714802336
TCGA-A3-3351-01,,Kidney Cancer,TCGA Tumor,KIRC,Kidney Cancer,6.151559797,-6.34640653
TCGA-HD-8224-01,,Head and Neck Cancer,TCGA Tumor,HNSC,Head and Neck Cancer,-6.103983912,1.065011192
TCGA-DM-A0XF-01,,Colorectal Cancer,TCGA Tumor,COAD,Colon/Colorectal Cancer,-5.808001551,-3.685601066
TCGA-A1-A0SM-01,,Breast Cancer,TCGA Tumor,BRCA,Breast Cancer,4.132738319,-1.311405848
TCGA-XF-A9SH-01,,Bladder Cancer,TCGA Tumor,BLCA,Bladder Cancer,-3.754082236,0.158513982
TCGA-DX-A6BH-01,,Sarcoma,TCGA Tumor,SARC,Sarcoma,1.548219528,1.355671574
TCGA-DX-A23T-01,,Sarcoma,TCGA Tumor,SARC,Sarcoma,1.164717641,1.149523069
TCGA-EL-A3CN-01,,Thyroid Cancer,TCGA Tumor,THCA,Thyroid Cancer,10.91831633,-0.378255795
TCGA-VQ-A91K-01,,Gastric Cancer,TCGA Tumor,STAD,Gastric Cancer,-4.663124118,-3.633582901
TCGA-CN-4730-01,,Head and Neck Cancer,TCGA Tumor,HNSC,Head and Neck Cancer,-6.376648936,1.094342638
TCGA-ET-A3DW-01,,Thyroid Cancer,TCGA Tumor,THCA,Thyroid Cancer,11.01991507,-0.524615716
TCGA-EL-A3T3-01,,Thyroid Cancer,TCGA Tumor,THCA,Thyroid Cancer,11.38005396,-0.17374685
TCGA-33-6738-01,,Lung Cancer,TCGA Tumor,LUSC,Lung Cancer,-5.324175391,1.336507131
TCGA-AQ-A04H-01,,Breast Cancer,TCGA Tumor,BRCA,Breast Cancer,5.661398378,-1.657278012
TCGA-HZ-A49I-01,,Pancreatic Cancer,TCGA Tumor,PAAD,Pancreatic Cancer,-3.031327042,-2.673215221
TCGA-BT-A20Q-01,,Bladder Cancer,TCGA Tumor,BLCA,Bladder Cancer,-3.787248168,0.129815098
TCGA-AD-6963-01,,Colorectal Cancer,TCGA Tumor,COAD,Colon/Colorectal Cancer,-5.733547721,-3.604588579
TCGA-MT-A67F-01,,Head and Neck Cancer,TCGA Tumor,HNSC,Head and Neck Cancer,-6.492125544,1.248443772
TCGA-HZ-8001-01,,Pancreatic Cancer,TCGA Tumor,PAAD,Pancreatic Cancer,-2.114021811,-1.932352971
TCGA-97-7937-01,,Lung Cancer,TCGA Tumor,LUAD,Lung Cancer,-0.205985222,-3.033753942
TCGA-CJ-4901-01,,Kidney Cancer,TCGA Tumor,KIRC,Kidney Cancer,6.234446969,-5.369873594
TCGA-DM-A1DB-01,,Colorectal Cancer,TCGA Tumor,COAD,Colon/Colorectal Cancer,-6.151949916,-3.654672455
TCGA-AZ-6603-01,,Colorectal Cancer,TCGA Tumor,COAD,Colon/Colorectal Cancer,-5.980387721,-3.703253578
TCGA-LL-A6FP-01,,Breast Cancer,TCGA Tumor,BRCA,Breast Cancer,5.025118318,-1.410627555
TCGA-A2-A0T5-01,,Breast Cancer,TCGA Tumor,BRCA,Breast Cancer,4.506627526,-1.135266374
TCGA-VQ-A8E7-01,,Gastric Cancer,TCGA Tumor,STAD,Gastric Cancer,-4.825043235,-2.910014461
TCGA-RD-A8N6-01,,Gastric Cancer,TCGA Tumor,STAD,Gastric Cancer,-4.973912272,-2.028565
TCGA-63-A5MP-01,,Lung Cancer,TCGA Tumor,LUSC,Lung Cancer,-5.353728328,2.411573816
TCGA-K6-A3WQ-01,,Endometrial/Uterine Cancer,TCGA Tumor,UCEC,Endometrial/Uterine Cancer,1.387995448,6.662570883
TCGA-A6-A5ZU-01,,Colorectal Cancer,TCGA Tumor,COAD,Colon/Colorectal Cancer,-5.588577781,-3.358728241
TCGA-BR-6454-01,,Gastric Cancer,TCGA Tumor,STAD,Gastric Cancer,-3.440002236,-3.037599396
TCGA-SI-A71O-06,,Sarcoma,TCGA Tumor,SARC,Sarcoma,1.010671284,0.935651768
TCGA-EB-A6R0-01,,Skin Cancer,TCGA Tumor,SKCM,Skin Cancer,5.569499459,3.561775376
TCGA-CC-A5UE-01,,Liver Cancer,TCGA Tumor,LIHC,Liver Cancer,0.692011413,3.75377195
TCGA-NH-A5IV-01,,Colorectal Cancer,TCGA Tumor,COAD,Colon/Colorectal Cancer,-5.0451403,-3.677261185
TCGA-A7-A4SF-01,,Breast Cancer,TCGA Tumor,BRCA,Breast Cancer,5.417283025,-1.505018901
TCGA-24-1427-01,,Ovarian Cancer,TCGA Tumor,OV,Ovarian Cancer,1.846679774,8.167703081
TCGA-33-4589-01,,Lung Cancer,TCGA Tumor,LUSC,Lung Cancer,-6.735095534,0.621587981
TCGA-XF-A9T4-01,,Bladder Cancer,TCGA Tumor,BLCA,Bladder Cancer,-5.563241038,0.600815941
TCGA-D3-A51T-06,,Skin Cancer,TCGA Tumor,SKCM,Skin Cancer,5.620787587,3.626820494
TCGA-B6-A402-01,,Breast Cancer,TCGA Tumor,BRCA,Breast Cancer,0.896615621,-1.614109229
TCGA-J2-A4AD-01,,Lung Cancer,TCGA Tumor,LUAD,Lung Cancer,-0.17831162,-3.191158842
TCGA-A2-A25B-01,,Breast Cancer,TCGA Tumor,BRCA,Breast Cancer,5.616849866,-1.675858449
TCGA-39-5037-01,,Lung Cancer,TCGA Tumor,LUSC,Lung Cancer,-5.55943397,2.498016764
TCGA-97-A4LX-01,,Lung Cancer,TCGA Tumor,LUAD,Lung Cancer,0.030126002,-2.811114143
TCGA-EM-A4FV-01,,Thyroid Cancer,TCGA Tumor,THCA,Thyroid Cancer,11.50521037,0.584034671
TCGA-A2-A3XW-01,,Breast Cancer,TCGA Tumor,BRCA,Breast Cancer,-3.745846305,-0.84001119
TCGA-YD-A89C-06,,Skin Cancer,TCGA Tumor,SKCM,Skin Cancer,5.168754544,3.507132937
TCGA-BC-A110-01,,Liver Cancer,TCGA Tumor,LIHC,Liver Cancer,0.988323715,4.2071337
TCGA-GD-A6C6-01,,Bladder Cancer,TCGA Tumor,BLCA,Bladder Cancer,-3.769380126,0.088082604
TCGA-KL-8328-01,,Kidney Cancer,TCGA Tumor,KICH,Kidney Cancer,-3.554874215,5.10469525
TCGA-FS-A1Z4-06,,Skin Cancer,TCGA Tumor,SKCM,Skin Cancer,5.344872918,3.485134054
TCGA-CA-6715-01,,Colorectal Cancer,TCGA Tumor,COAD,Colon/Colorectal Cancer,-6.097481284,-3.689828705
TCGA-13-0801-01,,Ovarian Cancer,TCGA Tumor,OV,Ovarian Cancer,1.750701871,8.509163309
TCGA-CJ-4643-01,,Kidney Cancer,TCGA Tumor,KIRC,Kidney Cancer,6.33314034,-6.774633955
TCGA-62-A46P-01,,Lung Cancer,TCGA Tumor,LUAD,Lung Cancer,-0.739358339,-2.331789087
TCGA-64-1678-01,,Lung Cancer,TCGA Tumor,LUAD,Lung Cancer,-0.944029841,-1.839911293
TCGA-EE-A29X-06,,Skin Cancer,TCGA Tumor,SKCM,Skin Cancer,6.038238015,3.714143683
TCGA-CL-5917-01,,Colorectal Cancer,TCGA Tumor,READ,Colon/Colorectal Cancer,-5.853796038,-3.542778324
TCGA-06-1804-01,,Glioblastoma,TCGA Tumor,GBM,Brain Cancer,1.266623583,-9.939913343
TCGA-K1-A42X-02,,Sarcoma,TCGA Tumor,SARC,Sarcoma,1.953456011,1.545967508
TCGA-DV-A4VX-01,,Kidney Cancer,TCGA Tumor,KIRC,Kidney Cancer,5.996904817,-5.90855224
TCGA-KM-8442-01,,Kidney Cancer,TCGA Tumor,KICH,Kidney Cancer,-3.573719773,5.12154143
TCGA-K1-A42X-01,,Sarcoma,TCGA Tumor,SARC,Sarcoma,1.966839757,1.557473589
TCGA-DK-AA6W-01,,Bladder Cancer,TCGA Tumor,BLCA,Bladder Cancer,-3.527875218,-2.290907453
TCGA-ZH-A8Y1-01,,Bile Duct Cancer,TCGA Tumor,CHOL,Bile Duct Cancer,-0.112177763,3.024504591
TCGA-LG-A9QD-01,,Liver Cancer,TCGA Tumor,LIHC,Liver Cancer,1.048995998,4.134591986
TCGA-55-7816-01,,Lung Cancer,TCGA Tumor,LUAD,Lung Cancer,-0.060532573,1.407887984
TCGA-25-2399-01,,Ovarian Cancer,TCGA Tumor,OV,Ovarian Cancer,1.894911971,8.006431986
TCGA-CM-6674-01,,Colorectal Cancer,TCGA Tumor,COAD,Colon/Colorectal Cancer,-5.075852427,-3.733518671
TCGA-97-8547-01,,Lung Cancer,TCGA Tumor,LUAD,Lung Cancer,-0.309528026,-2.839624475
TCGA-CC-A7IK-01,,Liver Cancer,TCGA Tumor,LIHC,Liver Cancer,1.298667636,3.785769392
TCGA-13-0911-01,,Ovarian Cancer,TCGA Tumor,OV,Ovarian Cancer,1.397477534,7.854600359
TARGET-50-PAJPDN-01,,Kidney Cancer,TCGA Tumor,WT,Kidney Cancer,-4.098901305,6.962861944
TCGA-MI-A75H-01,,Liver Cancer,TCGA Tumor,LIHC,Liver Cancer,1.341128316,3.882407595
TCGA-CV-A6JZ-01,,Head and Neck Cancer,TCGA Tumor,HNSC,Head and Neck Cancer,-6.467290911,0.630427409
TCGA-E2-A14N-01,,Breast Cancer,TCGA Tumor,BRCA,Breast Cancer,0.883923944,-1.556397389
TCGA-85-7844-01,,Lung Cancer,TCGA Tumor,LUSC,Lung Cancer,-5.313651118,2.281561543
TCGA-G6-A8L8-01,,Kidney Cancer,TCGA Tumor,KIRC,Kidney Cancer,6.351131883,-6.643162798
TCGA-AN-A049-01,,Breast Cancer,TCGA Tumor,BRCA,Breast Cancer,4.292692867,-1.727234792
TCGA-D7-6822-01,,Gastric Cancer,TCGA Tumor,STAD,Gastric Cancer,-3.72075418,-2.453636001
TCGA-D5-6932-01,,Colorectal Cancer,TCGA Tumor,COAD,Colon/Colorectal Cancer,-6.113479647,-3.706352304
TCGA-RD-A8N2-01,,Gastric Cancer,TCGA Tumor,STAD,Gastric Cancer,-2.212034259,-1.696600865
TCGA-HN-A2NL-01,,Breast Cancer,TCGA Tumor,BRCA,Breast Cancer,0.35082952,-1.338743042
TCGA-AJ-A5DW-01,,Endometrial/Uterine Cancer,TCGA Tumor,UCEC,Endometrial/Uterine Cancer,1.367389646,6.615565706
TCGA-KS-A4IC-01,,Thyroid Cancer,TCGA Tumor,THCA,Thyroid Cancer,11.15485999,-0.324226182
TCGA-55-7728-01,,Lung Cancer,TCGA Tumor,LUAD,Lung Cancer,-3.387403998,-2.92673118
TCGA-AH-6644-01,,Colorectal Cancer,TCGA Tumor,READ,Colon/Colorectal Cancer,-6.101233516,-3.641705822
TCGA-33-4586-01,,Lung Cancer,TCGA Tumor,LUSC,Lung Cancer,-5.281963382,2.407302309
TCGA-IW-A3M5-01,,Sarcoma,TCGA Tumor,SARC,Sarcoma,0.688771811,1.05535679
TCGA-EM-A1YD-01,,Thyroid Cancer,TCGA Tumor,THCA,Thyroid Cancer,11.56938216,0.859345902
TCGA-LN-A49S-01,,Esophageal Cancer,TCGA Tumor,ESCA,Esophageal Cancer,-6.472619567,1.695774485
TCGA-BH-A0GZ-01,,Breast Cancer,TCGA Tumor,BRCA,Breast Cancer,3.900453057,-1.778414201
TCGA-49-4510-01,,Lung Cancer,TCGA Tumor,LUAD,Lung Cancer,-0.385289225,-2.719669889
TCGA-09-0366-01,,Ovarian Cancer,TCGA Tumor,OV,Ovarian Cancer,1.760569062,8.54474013
TCGA-D5-5537-01,,Colorectal Cancer,TCGA Tumor,COAD,Colon/Colorectal Cancer,-6.093539748,-3.689748119
TCGA-R3-A69X-01,,Bladder Cancer,TCGA Tumor,BLCA,Bladder Cancer,-3.753911528,-0.114734348
TCGA-MT-A51W-01,,Head and Neck Cancer,TCGA Tumor,HNSC,Head and Neck Cancer,-6.755975756,0.81544583
TCGA-23-1027-01,,Ovarian Cancer,TCGA Tumor,OV,Ovarian Cancer,1.877865758,8.01061051
TCGA-A3-3328-01,,Kidney Cancer,TCGA Tumor,KIRC,Kidney Cancer,-3.547953162,5.09825461
TCGA-BR-6852-01,,Gastric Cancer,TCGA Tumor,STAD,Gastric Cancer,-4.53591207,-3.589696716
TCGA-CV-7089-01,,Head and Neck Cancer,TCGA Tumor,HNSC,Head and Neck Cancer,-6.567545924,0.954160083
TCGA-FP-A8CX-01,,Gastric Cancer,TCGA Tumor,STAD,Gastric Cancer,-3.76936439,-3.695006441
TCGA-FY-A3WA-01,,Thyroid Cancer,TCGA Tumor,THCA,Thyroid Cancer,11.55616709,0.80998366
TCGA-24-2019-01,,Ovarian Cancer,TCGA Tumor,OV,Ovarian Cancer,1.761170831,8.566489626
TCGA-A6-6137-01,,Colorectal Cancer,TCGA Tumor,COAD,Colon/Colorectal Cancer,-5.955438647,-3.718092512
TCGA-FR-A7U8-06,,Skin Cancer,TCGA Tumor,SKCM,Skin Cancer,5.69724175,3.779362847
TCGA-55-A493-01,,Lung Cancer,TCGA Tumor,LUAD,Lung Cancer,-0.032720033,-2.946449112
TCGA-F1-A448-01,,Gastric Cancer,TCGA Tumor,STAD,Gastric Cancer,-4.202307257,-3.519952606
TCGA-MP-A4TE-01,,Lung Cancer,TCGA Tumor,LUAD,Lung Cancer,-0.84435657,-1.982544016
TCGA-BH-A0DP-01,,Breast Cancer,TCGA Tumor,BRCA,Breast Cancer,4.184186902,-1.698419761
TCGA-18-4721-01,,Lung Cancer,TCGA Tumor,LUSC,Lung Cancer,-5.30419496,2.491042067
TCGA-RC-A7SB-01,,Liver Cancer,TCGA Tumor,LIHC,Liver Cancer,0.858311709,4.250175882
TCGA-41-5651-01,,Glioblastoma,TCGA Tumor,GBM,Brain Cancer,1.729889598,-9.24500234
TCGA-RD-A8N9-01,,Gastric Cancer,TCGA Tumor,STAD,Gastric Cancer,-2.643582616,-1.95004208
TCGA-CC-5264-01,,Liver Cancer,TCGA Tumor,LIHC,Liver Cancer,0.463390727,3.618792225
TCGA-E9-A1RG-01,,Breast Cancer,TCGA Tumor,BRCA,Breast Cancer,4.877260175,-1.517377328
TCGA-VQ-A8PC-01,,Gastric Cancer,TCGA Tumor,STAD,Gastric Cancer,-3.79212192,-3.711930107
TCGA-LN-A4A6-01,,Esophageal Cancer,TCGA Tumor,ESCA,Esophageal Cancer,-6.37518743,1.016543735
TCGA-HS-A5NA-01,,Sarcoma,TCGA Tumor,SARC,Sarcoma,1.914556351,1.59669118
TCGA-DM-A28M-01,,Colorectal Cancer,TCGA Tumor,COAD,Colon/Colorectal Cancer,-6.019929919,-3.702578853
TCGA-06-0210-01,,Glioblastoma,TCGA Tumor,GBM,Brain Cancer,1.38734391,-9.091173719
TCGA-EY-A1GO-01,,Endometrial/Uterine Cancer,TCGA Tumor,UCEC,Endometrial/Uterine Cancer,1.075017061,7.20482247
TCGA-EE-A182-06,,Skin Cancer,TCGA Tumor,SKCM,Skin Cancer,6.116836992,3.759521176
TCGA-S5-AA26-01,,Bladder Cancer,TCGA Tumor,BLCA,Bladder Cancer,-3.623397383,0.126697395
TCGA-B6-A0IH-01,,Breast Cancer,TCGA Tumor,BRCA,Breast Cancer,3.982796397,-1.742446731
TCGA-DD-AAC9-01,,Liver Cancer,TCGA Tumor,LIHC,Liver Cancer,1.031688121,4.160346914
TCGA-75-7030-01,,Lung Cancer,TCGA Tumor,LUAD,Lung Cancer,-3.406919751,-2.375978063
TCGA-AK-3455-01,,Kidney Cancer,TCGA Tumor,KIRC,Kidney Cancer,6.282177415,-6.809868883
TCGA-MO-A47P-01,,Sarcoma,TCGA Tumor,SARC,Sarcoma,1.927002039,1.539863278
TCGA-55-7227-01,,Lung Cancer,TCGA Tumor,LUAD,Lung Cancer,-0.134822461,-3.119181703
TCGA-B5-A5OD-01,,Endometrial/Uterine Cancer,TCGA Tumor,UCEC,Endometrial/Uterine Cancer,1.360769417,6.679850031
TCGA-EL-A3T6-01,,Thyroid Cancer,TCGA Tumor,THCA,Thyroid Cancer,10.93659445,-0.253297101
TCGA-PG-A914-01,,Endometrial/Uterine Cancer,TCGA Tumor,UCEC,Endometrial/Uterine Cancer,1.51060411,7.471848894
TCGA-FX-A76Y-01,,Sarcoma,TCGA Tumor,SARC,Sarcoma,1.952603784,1.549509693
TCGA-61-1741-01,,Ovarian Cancer,TCGA Tumor,OV,Ovarian Cancer,1.512319889,7.85843556
TCGA-BT-A20U-01,,Bladder Cancer,TCGA Tumor,BLCA,Bladder Cancer,-5.756283793,2.013822724
TCGA-LN-A49W-01,,Esophageal Cancer,TCGA Tumor,ESCA,Esophageal Cancer,-5.509061847,0.75064664
TCGA-Z2-A8RT-06,,Skin Cancer,TCGA Tumor,SKCM,Skin Cancer,5.651553121,3.631269623
TCGA-F2-6879-01,,Pancreatic Cancer,TCGA Tumor,PAAD,Pancreatic Cancer,-3.37194303,-2.678028654
TCGA-BT-A42C-01,,Bladder Cancer,TCGA Tumor,BLCA,Bladder Cancer,-3.62212089,0.076659756
TCGA-5L-AAT1-01,,Breast Cancer,TCGA Tumor,BRCA,Breast Cancer,4.260761228,-1.697830151
TCGA-HZ-A4BH-01,,Pancreatic Cancer,TCGA Tumor,PAAD,Pancreatic Cancer,-3.031995568,-2.667679857
TCGA-A8-A06N-01,,Breast Cancer,TCGA Tumor,BRCA,Breast Cancer,5.616867509,-1.536280702
TCGA-D8-A27K-01,,Breast Cancer,TCGA Tumor,BRCA,Breast Cancer,4.473665204,-1.439409326
TCGA-V5-A7RC-01,,Esophageal Cancer,TCGA Tumor,ESCA,Esophageal Cancer,-5.918980632,2.421561409
TCGA-CL-5918-01,,Colorectal Cancer,TCGA Tumor,READ,Colon/Colorectal Cancer,-5.927522216,-3.565204691
TCGA-V5-A7RC-06,,Esophageal Cancer,TCGA Tumor,ESCA,Esophageal Cancer,-5.314832244,2.434245039
TCGA-B5-A3FH-01,,Endometrial/Uterine Cancer,TCGA Tumor,UCEC,Endometrial/Uterine Cancer,1.479364004,6.477598597
TCGA-VR-AA4G-01,,Esophageal Cancer,TCGA Tumor,ESCA,Esophageal Cancer,-6.537729296,0.605230201
TCGA-38-4630-01,,Lung Cancer,TCGA Tumor,LUAD,Lung Cancer,1.424480047,6.726081778
TCGA-61-2012-01,,Ovarian Cancer,TCGA Tumor,OV,Ovarian Cancer,1.577583757,7.980328013
TCGA-CV-7422-01,,Head and Neck Cancer,TCGA Tumor,HNSC,Head and Neck Cancer,-5.999372992,2.440340687
TCGA-55-1592-01,,Lung Cancer,TCGA Tumor,LUAD,Lung Cancer,-0.235478315,-3.015714477
TCGA-L5-A8NR-01,,Esophageal Cancer,TCGA Tumor,ESCA,Esophageal Cancer,-5.36433557,-3.341178964
TCGA-MP-A4TF-01,,Lung Cancer,TCGA Tumor,LUAD,Lung Cancer,-1.459664616,-2.262031149
TCGA-BH-A0HX-01,,Breast Cancer,TCGA Tumor,BRCA,Breast Cancer,5.629707303,-1.75603206
TCGA-5R-AAAM-01,,Liver Cancer,TCGA Tumor,LIHC,Liver Cancer,1.083474364,4.201935221
TCGA-BC-A3KG-01,,Liver Cancer,TCGA Tumor,LIHC,Liver Cancer,0.458334219,3.651294876
TCGA-BH-A8G0-01,,Breast Cancer,TCGA Tumor,BRCA,Breast Cancer,4.115287271,-1.728756975
TCGA-63-A5MT-01,,Lung Cancer,TCGA Tumor,LUSC,Lung Cancer,-5.223479781,1.239674855
TCGA-XF-AAML-01,,Bladder Cancer,TCGA Tumor,BLCA,Bladder Cancer,-3.600532565,-0.456767629
TCGA-AX-A3GI-01,,Endometrial/Uterine Cancer,TCGA Tumor,UCEC,Endometrial/Uterine Cancer,1.321962085,6.685576845
TCGA-75-5146-01,,Lung Cancer,TCGA Tumor,LUAD,Lung Cancer,-0.298011455,-2.958673309
TCGA-AO-A12H-01,,Breast Cancer,TCGA Tumor,BRCA,Breast Cancer,5.649623361,-1.617663573
TCGA-Z4-AAPF-01,,Sarcoma,TCGA Tumor,SARC,Sarcoma,-3.977636847,6.776291777
TCGA-CN-4738-01,,Head and Neck Cancer,TCGA Tumor,HNSC,Head and Neck Cancer,-6.288647685,1.665199567
TCGA-EL-A3ZQ-01,,Thyroid Cancer,TCGA Tumor,THCA,Thyroid Cancer,11.07895991,-0.431479435
TCGA-CZ-5451-01,,Kidney Cancer,TCGA Tumor,KIRC,Kidney Cancer,6.268715348,-6.830391477
TCGA-13-1411-01,,Ovarian Cancer,TCGA Tumor,OV,Ovarian Cancer,1.512915578,7.859157492
TCGA-64-5779-01,,Lung Cancer,TCGA Tumor,LUAD,Lung Cancer,-0.940281424,-1.750240516
TCGA-A2-A0T6-01,,Breast Cancer,TCGA Tumor,BRCA,Breast Cancer,3.732856002,-1.206675838
TCGA-C9-A47Z-01,,Head and Neck Cancer,TCGA Tumor,HNSC,Head and Neck Cancer,-6.894824061,0.62990724
TCGA-61-1725-01,,Ovarian Cancer,TCGA Tumor,OV,Ovarian Cancer,1.680151549,7.881998945
TCGA-67-4679-01,,Lung Cancer,TCGA Tumor,LUAD,Lung Cancer,-0.176972959,-3.046859096
TCGA-DX-A8BO-01,,Sarcoma,TCGA Tumor,SARC,Sarcoma,1.156223681,1.272454668
TCGA-VQ-A8PP-01,,Gastric Cancer,TCGA Tumor,STAD,Gastric Cancer,-3.359247479,-2.567684482
TCGA-19-5960-01,,Glioblastoma,TCGA Tumor,GBM,Brain Cancer,1.281496909,-9.94062097
TCGA-BJ-A45H-01,,Thyroid Cancer,TCGA Tumor,THCA,Thyroid Cancer,11.43148467,-0.06410202
TCGA-B0-4706-01,,Kidney Cancer,TCGA Tumor,KIRC,Kidney Cancer,6.180634465,-5.939683985
TCGA-CC-A9FV-01,,Liver Cancer,TCGA Tumor,LIHC,Liver Cancer,1.094679799,1.273939062
TCGA-E2-A15I-01,,Breast Cancer,TCGA Tumor,BRCA,Breast Cancer,4.307967391,-1.674087118
TCGA-3B-A9HJ-01,,Sarcoma,TCGA Tumor,SARC,Sarcoma,-8.559526,6.909246374
TCGA-JY-A6F8-01,,Esophageal Cancer,TCGA Tumor,ESCA,Esophageal Cancer,-3.800835166,-3.666695427
TCGA-L5-A8NE-01,,Esophageal Cancer,TCGA Tumor,ESCA,Esophageal Cancer,-3.789945636,-3.69161899
TCGA-CG-4436-01,,Gastric Cancer,TCGA Tumor,STAD,Gastric Cancer,-5.820374522,-3.664831947
TCGA-EB-A44R-06,,Skin Cancer,TCGA Tumor,SKCM,Skin Cancer,5.373753514,3.699741293
TCGA-DJ-A3V6-01,,Thyroid Cancer,TCGA Tumor,THCA,Thyroid Cancer,10.9542298,-0.302304636
TCGA-D5-6536-01,,Colorectal Cancer,TCGA Tumor,COAD,Colon/Colorectal Cancer,-6.060434851,-3.639831137
TCGA-DK-AA6P-01,,Bladder Cancer,TCGA Tumor,BLCA,Bladder Cancer,-3.688938174,0.098401033
TCGA-A3-3323-01,,Kidney Cancer,TCGA Tumor,KIRC,Kidney Cancer,6.196255174,-6.281347822
TCGA-W5-AA39-01,,Bile Duct Cancer,TCGA Tumor,CHOL,Bile Duct Cancer,0.902940419,4.061396528
TCGA-LL-A5YL-01,,Breast Cancer,TCGA Tumor,BRCA,Breast Cancer,4.418487516,-1.161090683
TCGA-3B-A9I0-01,,Sarcoma,TCGA Tumor,SARC,Sarcoma,1.943879094,1.567569185
TCGA-FD-A6TK-01,,Bladder Cancer,TCGA Tumor,BLCA,Bladder Cancer,-4.051425013,-0.721888136
TCGA-E2-A9RU-01,,Breast Cancer,TCGA Tumor,BRCA,Breast Cancer,3.392989841,-1.269638728
TCGA-FS-A1ZK-06,,Skin Cancer,TCGA Tumor,SKCM,Skin Cancer,6.024574247,3.616722752
TCGA-C8-A26X-01,,Breast Cancer,TCGA Tumor,BRCA,Breast Cancer,4.098950114,-0.923228334
TCGA-FS-A1ZG-06,,Skin Cancer,TCGA Tumor,SKCM,Skin Cancer,6.044939008,3.667523552
TCGA-BP-4972-01,,Kidney Cancer,TCGA Tumor,KIRC,Kidney Cancer,6.10507628,-6.015326094
TCGA-XP-A8T8-01,,Esophageal Cancer,TCGA Tumor,ESCA,Esophageal Cancer,-6.02880815,2.327164818
TCGA-LH-A9QB-06,,Skin Cancer,TCGA Tumor,SKCM,Skin Cancer,4.979970899,3.39141791
TCGA-22-5492-01,,Lung Cancer,TCGA Tumor,LUSC,Lung Cancer,-5.366651091,1.644360472
TCGA-D8-A147-01,,Breast Cancer,TCGA Tumor,BRCA,Breast Cancer,1.020824816,-1.541932653
TCGA-IB-A5SQ-01,,Pancreatic Cancer,TCGA Tumor,PAAD,Pancreatic Cancer,-2.781254563,-2.49256761
TCGA-IM-A3ED-01,,Thyroid Cancer,TCGA Tumor,THCA,Thyroid Cancer,11.20757815,-0.293401014
TCGA-EM-A2CK-01,,Thyroid Cancer,TCGA Tumor,THCA,Thyroid Cancer,11.5375075,0.829112936
TCGA-V5-AASV-01,,Esophageal Cancer,TCGA Tumor,ESCA,Esophageal Cancer,-6.566767726,0.550040026
TCGA-DX-A6YR-01,,Sarcoma,TCGA Tumor,SARC,Sarcoma,1.310028281,1.685059239
TCGA-K4-A3WV-01,,Bladder Cancer,TCGA Tumor,BLCA,Bladder Cancer,-5.375871215,2.409681011
TCGA-NC-A5HD-01,,Lung Cancer,TCGA Tumor,LUSC,Lung Cancer,-5.359809909,2.244570185
TCGA-CJ-4641-01,,Kidney Cancer,TCGA Tumor,KIRC,Kidney Cancer,5.932800737,-5.880610536
TCGA-AN-A0FD-01,,Breast Cancer,TCGA Tumor,BRCA,Breast Cancer,4.172645297,-1.699089598
TCGA-AN-A0AK-01,,Breast Cancer,TCGA Tumor,BRCA,Breast Cancer,5.611089673,-1.691143941
TCGA-85-8048-01,,Lung Cancer,TCGA Tumor,LUSC,Lung Cancer,-5.251014743,0.824175109
TCGA-YG-AA3P-06,,Skin Cancer,TCGA Tumor,SKCM,Skin Cancer,6.715815988,4.430377413
TCGA-D1-A3DA-01,,Endometrial/Uterine Cancer,TCGA Tumor,UCEC,Endometrial/Uterine Cancer,1.453482952,6.595182825
TCGA-FS-A1ZS-06,,Skin Cancer,TCGA Tumor,SKCM,Skin Cancer,1.141180005,1.118823815
TCGA-BP-5184-01,,Kidney Cancer,TCGA Tumor,KIRC,Kidney Cancer,6.257185426,-6.831884931
TCGA-B8-5158-01,,Kidney Cancer,TCGA Tumor,KIRC,Kidney Cancer,6.051567998,-5.507029127
TCGA-QQ-A5VB-01,,Sarcoma,TCGA Tumor,SARC,Sarcoma,1.242208507,1.213862706
TCGA-IB-7897-01,,Pancreatic Cancer,TCGA Tumor,PAAD,Pancreatic Cancer,-2.209528479,-1.909419965
TCGA-MB-A8JK-01,,Sarcoma,TCGA Tumor,SARC,Sarcoma,1.301913705,1.691555549
TCGA-AO-A1KS-01,,Breast Cancer,TCGA Tumor,BRCA,Breast Cancer,5.375538316,-1.449462723
TCGA-AR-A24U-01,,Breast Cancer,TCGA Tumor,BRCA,Breast Cancer,4.154746261,-0.950102757
TCGA-B0-4810-01,,Kidney Cancer,TCGA Tumor,KIRC,Kidney Cancer,6.027471509,-5.500388693
TCGA-WR-A838-01,,Ovarian Cancer,TCGA Tumor,OV,Ovarian Cancer,1.663216915,8.208720614
TCGA-DK-A3X2-01,,Bladder Cancer,TCGA Tumor,BLCA,Bladder Cancer,-4.019585643,0.258956496
TCGA-E2-A15E-06,,Breast Cancer,TCGA Tumor,BRCA,Breast Cancer,5.643112626,-1.63960297
TCGA-DD-AAEA-01,,Liver Cancer,TCGA Tumor,LIHC,Liver Cancer,0.87636989,3.940958191
TCGA-L5-A8NI-01,,Esophageal Cancer,TCGA Tumor,ESCA,Esophageal Cancer,-4.134837184,-3.542653869
TCGA-BP-5195-01,,Kidney Cancer,TCGA Tumor,KIRC,Kidney Cancer,6.164591279,-5.621518205
TCGA-FI-A3PX-01,,Endometrial/Uterine Cancer,TCGA Tumor,UCEC,Endometrial/Uterine Cancer,1.278524604,6.636713434
TCGA-CF-A9FM-01,,Bladder Cancer,TCGA Tumor,BLCA,Bladder Cancer,-3.682713542,0.128347759
TCGA-BR-6710-01,,Gastric Cancer,TCGA Tumor,STAD,Gastric Cancer,-2.740257296,-2.044418644
TCGA-DJ-A3V2-01,,Thyroid Cancer,TCGA Tumor,THCA,Thyroid Cancer,11.15026042,-0.381651144
TCGA-NC-A5HK-01,,Lung Cancer,TCGA Tumor,LUSC,Lung Cancer,-5.134381327,0.720743109
TCGA-CV-6961-01,,Head and Neck Cancer,TCGA Tumor,HNSC,Head and Neck Cancer,-5.801906142,0.96284293
TCGA-DJ-A2Q0-01,,Thyroid Cancer,TCGA Tumor,THCA,Thyroid Cancer,11.30067393,1.0460683
TCGA-44-7662-01,,Lung Cancer,TCGA Tumor,LUAD,Lung Cancer,-0.104601953,-2.630387853
TCGA-EE-A20H-06,,Skin Cancer,TCGA Tumor,SKCM,Skin Cancer,4.980744806,3.409604717
TCGA-EB-A4P0-01,,Skin Cancer,TCGA Tumor,SKCM,Skin Cancer,5.545965638,3.568051983
TCGA-C8-A1HI-01,,Breast Cancer,TCGA Tumor,BRCA,Breast Cancer,4.901483503,-1.248441647
TCGA-CU-A0YN-01,,Bladder Cancer,TCGA Tumor,BLCA,Bladder Cancer,-6.45603374,0.376629461
TCGA-R6-A6DN-01,,Esophageal Cancer,TCGA Tumor,ESCA,Esophageal Cancer,-3.139259133,-2.179046701
TCGA-38-4626-01,,Lung Cancer,TCGA Tumor,LUAD,Lung Cancer,-0.579313073,-2.464228939
TCGA-CV-7430-01,,Head and Neck Cancer,TCGA Tumor,HNSC,Head and Neck Cancer,-6.469307933,1.539437104
TCGA-21-1077-01,,Lung Cancer,TCGA Tumor,LUSC,Lung Cancer,-5.334777388,2.420822788
TCGA-D6-6517-01,,Head and Neck Cancer,TCGA Tumor,HNSC,Head and Neck Cancer,-6.822200331,0.603119899
TCGA-EF-5831-01,,Colorectal Cancer,TCGA Tumor,READ,Colon/Colorectal Cancer,-5.934445414,-3.670470308
TCGA-EW-A6SA-01,,Breast Cancer,TCGA Tumor,BRCA,Breast Cancer,5.662660566,-1.629607033
TCGA-BH-A0C3-01,,Breast Cancer,TCGA Tumor,BRCA,Breast Cancer,3.992528167,-1.736667346
TCGA-13-1506-01,,Ovarian Cancer,TCGA Tumor,OV,Ovarian Cancer,1.72746655,8.457027842
TCGA-B0-5104-01,,Kidney Cancer,TCGA Tumor,KIRC,Kidney Cancer,6.297780004,-6.784775328
TCGA-AJ-A3EM-01,,Endometrial/Uterine Cancer,TCGA Tumor,UCEC,Endometrial/Uterine Cancer,1.379029062,6.607861448
TCGA-61-1728-01,,Ovarian Cancer,TCGA Tumor,OV,Ovarian Cancer,1.644459334,8.100739885
TCGA-E3-A3E3-01,,Thyroid Cancer,TCGA Tumor,THCA,Thyroid Cancer,11.00175425,-0.580563914
TCGA-AC-A62Y-01,,Breast Cancer,TCGA Tumor,BRCA,Breast Cancer,3.89971396,-1.477524709
TCGA-D8-A1X9-01,,Breast Cancer,TCGA Tumor,BRCA,Breast Cancer,5.663293328,-1.659762572
TCGA-EM-A3AP-01,,Thyroid Cancer,TCGA Tumor,THCA,Thyroid Cancer,11.53740164,0.847670842
TCGA-D8-A1JD-01,,Breast Cancer,TCGA Tumor,BRCA,Breast Cancer,4.455349412,-1.512230586
TCGA-BA-4077-01,,Head and Neck Cancer,TCGA Tumor,HNSC,Head and Neck Cancer,-6.094208751,1.602989961
TCGA-CG-5734-01,,Gastric Cancer,TCGA Tumor,STAD,Gastric Cancer,-3.758837733,-3.679391931
TCGA-E9-A1RD-01,,Breast Cancer,TCGA Tumor,BRCA,Breast Cancer,5.337964502,-1.345833491
TCGA-D9-A4Z3-01,,Skin Cancer,TCGA Tumor,SKCM,Skin Cancer,5.579081502,3.728530098
TCGA-L5-A88V-01,,Esophageal Cancer,TCGA Tumor,ESCA,Esophageal Cancer,-3.727895293,-3.316592287
TCGA-E2-A15R-01,,Breast Cancer,TCGA Tumor,BRCA,Breast Cancer,5.9720225,-1.645456504
TCGA-PC-A5DO-01,,Sarcoma,TCGA Tumor,SARC,Sarcoma,1.877069917,1.520504285
TCGA-CU-A3YL-01,,Bladder Cancer,TCGA Tumor,BLCA,Bladder Cancer,-3.632405791,0.102585361
TCGA-ZF-A9R3-01,,Bladder Cancer,TCGA Tumor,BLCA,Bladder Cancer,-3.620595488,-0.015815768
TCGA-PD-A5DF-01,,Liver Cancer,TCGA Tumor,LIHC,Liver Cancer,0.759356942,3.88530295
TCGA-LN-A8I1-01,,Esophageal Cancer,TCGA Tumor,ESCA,Esophageal Cancer,-5.296027217,1.841100503
TCGA-55-1596-01,,Lung Cancer,TCGA Tumor,LUAD,Lung Cancer,-1.200604591,-2.269464086
TCGA-EL-A3H7-01,,Thyroid Cancer,TCGA Tumor,THCA,Thyroid Cancer,10.97593638,-0.27170242
TCGA-E9-A1N3-01,,Breast Cancer,TCGA Tumor,BRCA,Breast Cancer,5.840617624,-1.624087762
TCGA-LN-A4A5-01,,Esophageal Cancer,TCGA Tumor,ESCA,Esophageal Cancer,-5.488646064,0.731748034
TCGA-IN-A6RI-01,,Gastric Cancer,TCGA Tumor,STAD,Gastric Cancer,-3.898880038,-3.613429617
TCGA-A6-2684-01,,Colorectal Cancer,TCGA Tumor,COAD,Colon/Colorectal Cancer,-4.538751159,-3.390968632
TCGA-86-6851-01,,Lung Cancer,TCGA Tumor,LUAD,Lung Cancer,-0.144864056,-2.954771828
TCGA-PL-A8LV-01,,Breast Cancer,TCGA Tumor,BRCA,Breast Cancer,0.945460167,-1.595442365
TCGA-ER-A2ND-06,,Skin Cancer,TCGA Tumor,SKCM,Skin Cancer,5.972084012,3.550232817
TARGET-50-PAKGED-01,,Kidney Cancer,TCGA Tumor,WT,Kidney Cancer,-4.203257594,7.141143252
TCGA-B4-5377-01,,Kidney Cancer,TCGA Tumor,KIRC,Kidney Cancer,6.302227941,-6.804818701
TCGA-BP-4960-01,,Kidney Cancer,TCGA Tumor,KIRC,Kidney Cancer,6.249068227,-5.57704265
TCGA-56-8622-01,,Lung Cancer,TCGA Tumor,LUSC,Lung Cancer,-6.001096282,0.950833489
TCGA-GM-A3XL-01,,Breast Cancer,TCGA Tumor,BRCA,Breast Cancer,0.565518272,-1.377105545
TCGA-DD-A3A4-01,,Liver Cancer,TCGA Tumor,LIHC,Liver Cancer,1.006814149,4.183485438
TCGA-85-7950-01,,Lung Cancer,TCGA Tumor,LUSC,Lung Cancer,-5.182897124,1.09595697
TCGA-VR-AA4D-01,,Esophageal Cancer,TCGA Tumor,ESCA,Esophageal Cancer,-4.75161222,-2.954654526
TCGA-ED-A7XP-01,,Liver Cancer,TCGA Tumor,LIHC,Liver Cancer,0.94971582,4.039279629
TCGA-3R-A8YX-01,,Sarcoma,TCGA Tumor,SARC,Sarcoma,1.158510592,1.18283527
TCGA-64-5775-01,,Lung Cancer,TCGA Tumor,LUAD,Lung Cancer,1.112081435,1.144440461
TCGA-A2-A0T2-01,,Breast Cancer,TCGA Tumor,BRCA,Breast Cancer,0.91790798,-1.502837252
TCGA-L5-A893-01,,Esophageal Cancer,TCGA Tumor,ESCA,Esophageal Cancer,-4.293802295,-2.771918606
TCGA-HV-AA8V-01,,Pancreatic Cancer,TCGA Tumor,PAAD,Pancreatic Cancer,-3.030310902,-2.601941418
TCGA-61-1733-01,,Ovarian Cancer,TCGA Tumor,OV,Ovarian Cancer,1.482766953,7.827536513
TCGA-D3-A3CC-06,,Skin Cancer,TCGA Tumor,SKCM,Skin Cancer,5.989887204,3.626467873
TCGA-CZ-5462-01,,Kidney Cancer,TCGA Tumor,KIRC,Kidney Cancer,6.128660646,-5.552583765
TCGA-HU-8238-01,,Gastric Cancer,TCGA Tumor,STAD,Gastric Cancer,-3.778480086,-3.710444282
TCGA-EL-A3H4-01,,Thyroid Cancer,TCGA Tumor,THCA,Thyroid Cancer,11.03228518,-0.500656735
TCGA-EL-A3GV-01,,Thyroid Cancer,TCGA Tumor,THCA,Thyroid Cancer,11.09913394,-0.452234637
TCGA-CM-6165-01,,Colorectal Cancer,TCGA Tumor,COAD,Colon/Colorectal Cancer,-6.035219703,-3.765372824
TCGA-UF-A7JS-01,,Head and Neck Cancer,TCGA Tumor,HNSC,Head and Neck Cancer,-6.299492869,0.131502871
TCGA-BR-6705-01,,Gastric Cancer,TCGA Tumor,STAD,Gastric Cancer,-2.324023042,-1.84688599
TCGA-KL-8329-01,,Kidney Cancer,TCGA Tumor,KICH,Kidney Cancer,-3.562652144,5.104208399
TCGA-HQ-A2OE-01,,Bladder Cancer,TCGA Tumor,BLCA,Bladder Cancer,-3.588568244,0.179729868
TCGA-CC-5259-01,,Liver Cancer,TCGA Tumor,LIHC,Liver Cancer,0.459200491,3.594904114
TCGA-CD-8524-01,,Gastric Cancer,TCGA Tumor,STAD,Gastric Cancer,-3.243139777,-2.533684801
TCGA-BH-A18N-01,,Breast Cancer,TCGA Tumor,BRCA,Breast Cancer,5.455026117,-1.521016787
TCGA-B6-A0RO-01,,Breast Cancer,TCGA Tumor,BRCA,Breast Cancer,4.693222013,-1.279003571
TCGA-A3-A6NI-01,,Kidney Cancer,TCGA Tumor,KIRC,Kidney Cancer,6.107410875,-5.796120237
TCGA-EL-A4K4-01,,Thyroid Cancer,TCGA Tumor,THCA,Thyroid Cancer,11.02346369,-0.345196973
TCGA-DJ-A1QN-01,,Thyroid Cancer,TCGA Tumor,THCA,Thyroid Cancer,11.06412455,-0.459147166
TCGA-CJ-4884-01,,Kidney Cancer,TCGA Tumor,KIRC,Kidney Cancer,5.99270865,-6.256545614
TCGA-KM-8441-01,,Kidney Cancer,TCGA Tumor,KICH,Kidney Cancer,-3.490033421,5.050284792
TCGA-25-1323-01,,Ovarian Cancer,TCGA Tumor,OV,Ovarian Cancer,1.466374483,7.857245852
TCGA-D8-A27R-01,,Breast Cancer,TCGA Tumor,BRCA,Breast Cancer,5.563323465,-1.723074387
TCGA-14-1402-02,,Glioblastoma,TCGA Tumor,GBM,Brain Cancer,1.2595835,-9.393597196
TCGA-44-7667-01,,Lung Cancer,TCGA Tumor,LUAD,Lung Cancer,-0.896806631,-1.795283626
TCGA-DX-A23Z-01,,Sarcoma,TCGA Tumor,SARC,Sarcoma,1.444926467,1.23978727
TCGA-AO-A0J9-01,,Breast Cancer,TCGA Tumor,BRCA,Breast Cancer,3.320287671,-1.291093301
TCGA-38-4629-01,,Lung Cancer,TCGA Tumor,LUAD,Lung Cancer,0.079792168,-2.523569893
TCGA-75-6212-01,,Lung Cancer,TCGA Tumor,LUAD,Lung Cancer,-0.172484133,-2.67008264
TCGA-A6-6780-01,,Colorectal Cancer,TCGA Tumor,COAD,Colon/Colorectal Cancer,-4.65479568,-3.314244579
TCGA-QK-A8ZB-01,,Head and Neck Cancer,TCGA Tumor,HNSC,Head and Neck Cancer,-6.576936755,0.532338459
TCGA-CM-6677-01,,Colorectal Cancer,TCGA Tumor,COAD,Colon/Colorectal Cancer,-6.079267058,-3.744951795
TCGA-CN-6011-01,,Head and Neck Cancer,TCGA Tumor,HNSC,Head and Neck Cancer,-6.621620211,0.524248381
TCGA-E9-A1NA-01,,Breast Cancer,TCGA Tumor,BRCA,Breast Cancer,5.587542501,-1.695934128
TCGA-ZU-A8S4-01,,Bile Duct Cancer,TCGA Tumor,CHOL,Bile Duct Cancer,-0.121353659,3.01069491
TCGA-DD-A3A8-01,,Liver Cancer,TCGA Tumor,LIHC,Liver Cancer,1.331545022,3.862351109
TCGA-B0-4713-01,,Kidney Cancer,TCGA Tumor,KIRC,Kidney Cancer,5.94550797,-5.861944269
TCGA-E2-A1IJ-01,,Breast Cancer,TCGA Tumor,BRCA,Breast Cancer,4.664623704,-1.544159125
TCGA-13-1408-01,,Ovarian Cancer,TCGA Tumor,OV,Ovarian Cancer,1.325779584,7.69627421
TCGA-FS-A1ZA-06,,Skin Cancer,TCGA Tumor,SKCM,Skin Cancer,5.063983884,3.41763847
TCGA-86-8281-01,,Lung Cancer,TCGA Tumor,LUAD,Lung Cancer,-1.191371116,-2.281199287
TCGA-25-1877-01,,Ovarian Cancer,TCGA Tumor,OV,Ovarian Cancer,1.217569854,7.724936415
TCGA-BP-4337-01,,Kidney Cancer,TCGA Tumor,KIRC,Kidney Cancer,6.220311132,-5.354595255
TCGA-B7-5818-01,,Gastric Cancer,TCGA Tumor,STAD,Gastric Cancer,-3.598219428,-3.160031628
TCGA-BJ-A28Z-01,,Thyroid Cancer,TCGA Tumor,THCA,Thyroid Cancer,10.91661021,-0.253776323
TCGA-W3-A825-06,,Skin Cancer,TCGA Tumor,SKCM,Skin Cancer,4.964962926,3.404228617
TCGA-UB-A7MD-01,,Liver Cancer,TCGA Tumor,LIHC,Liver Cancer,1.059824016,4.108770777
TCGA-EM-A3AQ-01,,Thyroid Cancer,TCGA Tumor,THCA,Thyroid Cancer,11.59882018,0.134024535
TCGA-NC-A5HG-01,,Lung Cancer,TCGA Tumor,LUSC,Lung Cancer,-6.080274138,2.036435891
TCGA-B0-4814-01,,Kidney Cancer,TCGA Tumor,KIRC,Kidney Cancer,6.270657506,-6.848441671
TCGA-BH-A209-01,,Breast Cancer,TCGA Tumor,BRCA,Breast Cancer,4.078757014,-1.591715645
TCGA-ET-A25R-01,,Thyroid Cancer,TCGA Tumor,THCA,Thyroid Cancer,11.01047083,-0.487533103
TCGA-IM-A3U3-01,,Thyroid Cancer,TCGA Tumor,THCA,Thyroid Cancer,11.06720873,-0.539757203
TCGA-EM-A22N-01,,Thyroid Cancer,TCGA Tumor,THCA,Thyroid Cancer,11.34096476,0.98721676
TCGA-DA-A3F2-06,,Skin Cancer,TCGA Tumor,SKCM,Skin Cancer,1.214873877,1.092394997
TCGA-IF-A3RQ-01,,Sarcoma,TCGA Tumor,SARC,Sarcoma,1.38471308,1.555053044
TCGA-DY-A1DE-01,,Colorectal Cancer,TCGA Tumor,READ,Colon/Colorectal Cancer,-6.157375369,-3.714732956
TCGA-EM-A2CS-06,,Thyroid Cancer,TCGA Tumor,THCA,Thyroid Cancer,11.61211249,0.108878043
TCGA-E2-A1AZ-01,,Breast Cancer,TCGA Tumor,BRCA,Breast Cancer,0.2037162,-1.864830922
TCGA-EM-A2CS-01,,Thyroid Cancer,TCGA Tumor,THCA,Thyroid Cancer,11.57535121,0.10417942
TCGA-X6-A7WC-01,,Sarcoma,TCGA Tumor,SARC,Sarcoma,1.292090979,1.24803095
TCGA-CG-4460-01,,Gastric Cancer,TCGA Tumor,STAD,Gastric Cancer,-4.154365573,-3.361547064
TCGA-13-0727-01,,Ovarian Cancer,TCGA Tumor,OV,Ovarian Cancer,1.319719162,7.851061751
TCGA-AN-A0FK-01,,Breast Cancer,TCGA Tumor,BRCA,Breast Cancer,4.574672189,-1.226451944
TCGA-56-A4ZJ-01,,Lung Cancer,TCGA Tumor,LUSC,Lung Cancer,-5.75476459,0.970993866
TCGA-EE-A2MH-06,,Skin Cancer,TCGA Tumor,SKCM,Skin Cancer,5.252122846,3.636727501
TCGA-44-6148-01,,Lung Cancer,TCGA Tumor,LUAD,Lung Cancer,-0.59830657,-2.565320085
TCGA-VQ-A8PD-01,,Gastric Cancer,TCGA Tumor,STAD,Gastric Cancer,-4.195648227,-3.644054722
TCGA-BR-8590-01,,Gastric Cancer,TCGA Tumor,STAD,Gastric Cancer,-3.787066493,-3.713133406
TCGA-BA-6873-01,,Head and Neck Cancer,TCGA Tumor,HNSC,Head and Neck Cancer,-6.827228579,0.723434974
TCGA-ET-A4KN-01,,Thyroid Cancer,TCGA Tumor,THCA,Thyroid Cancer,11.04770896,-0.470832359
TCGA-HZ-8005-01,,Pancreatic Cancer,TCGA Tumor,PAAD,Pancreatic Cancer,-3.178638491,-2.452192377
TCGA-DO-A2HM-01,,Thyroid Cancer,TCGA Tumor,THCA,Thyroid Cancer,10.93379065,-0.376927238
TCGA-2H-A9GO-01,,Esophageal Cancer,TCGA Tumor,ESCA,Esophageal Cancer,-4.01249269,-3.645221065
TCGA-FP-8211-01,,Gastric Cancer,TCGA Tumor,STAD,Gastric Cancer,-3.352095637,-3.020990204
TCGA-D3-A8GN-06,,Skin Cancer,TCGA Tumor,SKCM,Skin Cancer,5.312802758,3.604031969
TARGET-50-PAJMXF-01,,Kidney Cancer,TCGA Tumor,WT,Kidney Cancer,-4.634768519,7.767656733
TCGA-G3-AAV4-01,,Liver Cancer,TCGA Tumor,LIHC,Liver Cancer,1.343012836,3.882932354
TCGA-2Y-A9GZ-01,,Liver Cancer,TCGA Tumor,LIHC,Liver Cancer,0.91576561,4.239286352
TCGA-A2-A0YI-01,,Breast Cancer,TCGA Tumor,BRCA,Breast Cancer,4.336341109,-1.344626616
TCGA-DK-AA6M-01,,Bladder Cancer,TCGA Tumor,BLCA,Bladder Cancer,-5.301349673,0.769992162
TCGA-B0-5097-01,,Kidney Cancer,TCGA Tumor,KIRC,Kidney Cancer,6.184330907,-5.283251833
TCGA-CV-7433-01,,Head and Neck Cancer,TCGA Tumor,HNSC,Head and Neck Cancer,-6.366372618,0.646667172
TCGA-CF-A47Y-01,,Bladder Cancer,TCGA Tumor,BLCA,Bladder Cancer,-3.678000006,0.164851439
TCGA-D8-A1XO-01,,Breast Cancer,TCGA Tumor,BRCA,Breast Cancer,4.293482032,-1.536189269
TCGA-EE-A2M6-06,,Skin Cancer,TCGA Tumor,SKCM,Skin Cancer,5.261142221,3.509154965
TCGA-ER-A19C-06,,Skin Cancer,TCGA Tumor,SKCM,Skin Cancer,5.926243749,3.499717165
TCGA-34-A5IX-01,,Lung Cancer,TCGA Tumor,LUSC,Lung Cancer,-5.865687403,0.965323795
TCGA-06-2563-01,,Glioblastoma,TCGA Tumor,GBM,Brain Cancer,1.368356433,-9.437546324
TCGA-D7-6817-01,,Gastric Cancer,TCGA Tumor,STAD,Gastric Cancer,-3.725590262,-3.573927473
TCGA-BT-A3PH-01,,Bladder Cancer,TCGA Tumor,BLCA,Bladder Cancer,-3.596017155,-0.033560257
TCGA-EO-A3KU-01,,Endometrial/Uterine Cancer,TCGA Tumor,UCEC,Endometrial/Uterine Cancer,1.254646864,6.716086794
TCGA-DX-A48U-01,,Sarcoma,TCGA Tumor,SARC,Sarcoma,1.963178482,1.545745898
TCGA-F7-A620-01,,Head and Neck Cancer,TCGA Tumor,HNSC,Head and Neck Cancer,-6.828825507,0.687027324
TCGA-CZ-4858-01,,Kidney Cancer,TCGA Tumor,KIRC,Kidney Cancer,6.13865849,-5.343957018
TCGA-23-1107-01,,Ovarian Cancer,TCGA Tumor,OV,Ovarian Cancer,1.835356083,8.324575831
TCGA-EL-A3D5-01,,Thyroid Cancer,TCGA Tumor,THCA,Thyroid Cancer,11.59534308,0.779227067
TCGA-LN-A4A1-01,,Esophageal Cancer,TCGA Tumor,ESCA,Esophageal Cancer,-6.579826865,0.50635593
TCGA-AZ-6607-01,,Colorectal Cancer,TCGA Tumor,COAD,Colon/Colorectal Cancer,-3.419861111,-2.402899574
TCGA-B0-4945-01,,Kidney Cancer,TCGA Tumor,KIRC,Kidney Cancer,6.358276334,-6.619999956
TCGA-CC-A9FS-01,,Liver Cancer,TCGA Tumor,LIHC,Liver Cancer,0.339906402,3.511046578
TCGA-G3-A7M6-01,,Liver Cancer,TCGA Tumor,LIHC,Liver Cancer,0.211778012,3.415798594
TCGA-AR-A0TT-01,,Breast Cancer,TCGA Tumor,BRCA,Breast Cancer,5.607199636,-1.696234893
TCGA-UF-A7JD-01,,Head and Neck Cancer,TCGA Tumor,HNSC,Head and Neck Cancer,-6.052004847,0.319311817
TCGA-A8-A0A4-01,,Breast Cancer,TCGA Tumor,BRCA,Breast Cancer,3.942981448,-1.663396667
TCGA-HU-A4G6-01,,Gastric Cancer,TCGA Tumor,STAD,Gastric Cancer,-3.905753646,-3.546992134
TCGA-L5-A43H-01,,Esophageal Cancer,TCGA Tumor,ESCA,Esophageal Cancer,-5.415728602,2.258896042
TCGA-CX-A4AQ-01,,Head and Neck Cancer,TCGA Tumor,HNSC,Head and Neck Cancer,-5.228592429,0.920308698
TCGA-ET-A2MY-01,,Thyroid Cancer,TCGA Tumor,THCA,Thyroid Cancer,11.00694319,-0.552158009
TCGA-HZ-A9TJ-01,,Pancreatic Cancer,TCGA Tumor,PAAD,Pancreatic Cancer,-3.233753714,-2.72329409
TCGA-AS-3778-01,,Kidney Cancer,TCGA Tumor,KIRC,Kidney Cancer,6.146356073,-5.968817781
TCGA-58-8387-01,,Lung Cancer,TCGA Tumor,LUSC,Lung Cancer,-5.329243216,1.464024473
TCGA-E2-A576-01,,Breast Cancer,TCGA Tumor,BRCA,Breast Cancer,4.037868705,-1.789914321
TCGA-97-8179-01,,Lung Cancer,TCGA Tumor,LUAD,Lung Cancer,-0.644365701,-2.831846308
TCGA-AC-A8OS-01,,Breast Cancer,TCGA Tumor,BRCA,Breast Cancer,3.903579202,-1.662453245
TCGA-CF-A3MH-01,,Bladder Cancer,TCGA Tumor,BLCA,Bladder Cancer,-3.686142001,0.134481673
TCGA-15-1444-01,,Glioblastoma,TCGA Tumor,GBM,Brain Cancer,2.108921375,-10.70541532
TCGA-24-2271-01,,Ovarian Cancer,TCGA Tumor,OV,Ovarian Cancer,1.706263271,8.330924441
TCGA-BR-A4IZ-01,,Gastric Cancer,TCGA Tumor,STAD,Gastric Cancer,-1.650155339,-1.890942644
TCGA-32-4213-01,,Glioblastoma,TCGA Tumor,GBM,Brain Cancer,1.283539918,-9.027683805
TCGA-T3-A92N-01,,Head and Neck Cancer,TCGA Tumor,HNSC,Head and Neck Cancer,-5.781960521,1.09551685
TCGA-WE-A8K1-06,,Skin Cancer,TCGA Tumor,SKCM,Skin Cancer,5.94161984,3.604005028
TCGA-EE-A2GD-06,,Skin Cancer,TCGA Tumor,SKCM,Skin Cancer,5.159208741,3.462498594
TCGA-BP-4963-01,,Kidney Cancer,TCGA Tumor,KIRC,Kidney Cancer,6.231944051,-6.773972105
TCGA-DD-A39Z-01,,Liver Cancer,TCGA Tumor,LIHC,Liver Cancer,0.768608597,3.787168671
TCGA-W5-AA2T-01,,Bile Duct Cancer,TCGA Tumor,CHOL,Bile Duct Cancer,-0.104853902,3.02828591
TCGA-CN-A49C-01,,Head and Neck Cancer,TCGA Tumor,HNSC,Head and Neck Cancer,-6.095040831,2.271617342
TCGA-DE-A4MB-01,,Thyroid Cancer,TCGA Tumor,THCA,Thyroid Cancer,10.97586104,-0.330072026
TCGA-21-5786-01,,Lung Cancer,TCGA Tumor,LUSC,Lung Cancer,-5.684632811,1.280611921
TCGA-EL-A3GZ-01,,Thyroid Cancer,TCGA Tumor,THCA,Thyroid Cancer,11.51410624,-0.009657491
TCGA-RC-A6M5-01,,Liver Cancer,TCGA Tumor,LIHC,Liver Cancer,1.017934647,4.164563109
TCGA-D8-A1X7-01,,Breast Cancer,TCGA Tumor,BRCA,Breast Cancer,4.115678754,-1.420373033
TCGA-BR-4357-01,,Gastric Cancer,TCGA Tumor,STAD,Gastric Cancer,-3.693156276,-2.99049313
TCGA-CF-A27C-01,,Bladder Cancer,TCGA Tumor,BLCA,Bladder Cancer,-3.6992102,0.124804508
TCGA-5C-A9VG-01,,Liver Cancer,TCGA Tumor,LIHC,Liver Cancer,0.346652255,3.497900654
TCGA-94-8490-01,,Lung Cancer,TCGA Tumor,LUSC,Lung Cancer,-6.070966754,2.407456089
TCGA-06-0187-01,,Glioblastoma,TCGA Tumor,GBM,Brain Cancer,1.394482699,-9.333928655
TCGA-BT-A2LA-01,,Bladder Cancer,TCGA Tumor,BLCA,Bladder Cancer,-1.252937112,-0.618865501
TCGA-19-1390-01,,Glioblastoma,TCGA Tumor,GBM,Brain Cancer,1.953542795,-9.837096762
TCGA-29-2428-01,,Ovarian Cancer,TCGA Tumor,OV,Ovarian Cancer,1.528862801,7.838143278
TCGA-BK-A0CC-01,,Endometrial/Uterine Cancer,TCGA Tumor,UCEC,Endometrial/Uterine Cancer,-4.526960406,-3.270326446
TCGA-60-2725-01,,Lung Cancer,TCGA Tumor,LUSC,Lung Cancer,-5.349571261,0.883940328
TCGA-AC-A2FM-01,,Breast Cancer,TCGA Tumor,BRCA,Breast Cancer,5.535162416,-1.621608924
TCGA-BP-4789-01,,Kidney Cancer,TCGA Tumor,KIRC,Kidney Cancer,6.342145887,-5.865122389
TCGA-G4-6322-01,,Colorectal Cancer,TCGA Tumor,COAD,Colon/Colorectal Cancer,-4.991172824,-3.721839737
TCGA-DD-AADK-01,,Liver Cancer,TCGA Tumor,LIHC,Liver Cancer,0.648677942,3.695711304
TCGA-FB-AAPY-01,,Pancreatic Cancer,TCGA Tumor,PAAD,Pancreatic Cancer,-2.917582068,-2.599321913
TCGA-G2-AA3F-01,,Bladder Cancer,TCGA Tumor,BLCA,Bladder Cancer,-3.580007825,-0.208806675
TCGA-85-7697-01,,Lung Cancer,TCGA Tumor,LUSC,Lung Cancer,-6.101998839,2.274625231
TCGA-DM-A28H-01,,Colorectal Cancer,TCGA Tumor,COAD,Colon/Colorectal Cancer,-6.141532931,-3.702557396
TCGA-EL-A3GY-01,,Thyroid Cancer,TCGA Tumor,THCA,Thyroid Cancer,11.14831301,-0.324379842
TCGA-ET-A3BU-01,,Thyroid Cancer,TCGA Tumor,THCA,Thyroid Cancer,11.46424624,-0.061516251
TCGA-G3-A5SL-01,,Liver Cancer,TCGA Tumor,LIHC,Liver Cancer,1.334449198,3.838805128
TCGA-CN-6995-01,,Head and Neck Cancer,TCGA Tumor,HNSC,Head and Neck Cancer,-6.500442061,1.036739577
TCGA-FD-A5BZ-01,,Bladder Cancer,TCGA Tumor,BLCA,Bladder Cancer,-3.880252871,-0.659122537
TCGA-ER-A19H-06,,Skin Cancer,TCGA Tumor,SKCM,Skin Cancer,5.34690949,3.650992323
TCGA-Z6-A8JE-01,,Esophageal Cancer,TCGA Tumor,ESCA,Esophageal Cancer,-5.359138045,1.157837917
TCGA-IB-AAUO-01,,Pancreatic Cancer,TCGA Tumor,PAAD,Pancreatic Cancer,-3.162332806,-2.708087276
TCGA-CD-A4MH-01,,Gastric Cancer,TCGA Tumor,STAD,Gastric Cancer,-4.910418067,-1.955206465
TCGA-DC-5869-01,,Colorectal Cancer,TCGA Tumor,READ,Colon/Colorectal Cancer,-6.036083255,-3.72801597
TCGA-KS-A41L-01,,Thyroid Cancer,TCGA Tumor,THCA,Thyroid Cancer,11.54702326,0.825672735
TCGA-44-7669-01,,Lung Cancer,TCGA Tumor,LUAD,Lung Cancer,-1.173927698,-1.063391398
TCGA-A6-A565-01,,Colorectal Cancer,TCGA Tumor,COAD,Colon/Colorectal Cancer,-5.496739898,-3.694371532
TCGA-FP-8631-01,,Gastric Cancer,TCGA Tumor,STAD,Gastric Cancer,-3.224801097,-2.860806059
TCGA-25-1320-01,,Ovarian Cancer,TCGA Tumor,OV,Ovarian Cancer,1.508871761,7.740168501
TCGA-E9-A1NF-01,,Breast Cancer,TCGA Tumor,BRCA,Breast Cancer,3.352545705,-1.283074926
TCGA-UF-A7JO-01,,Head and Neck Cancer,TCGA Tumor,HNSC,Head and Neck Cancer,-5.31068376,2.411215473
TCGA-CJ-6033-01,,Kidney Cancer,TCGA Tumor,KIRC,Kidney Cancer,6.180583921,-5.30954368
TCGA-CV-7177-01,,Head and Neck Cancer,TCGA Tumor,HNSC,Head and Neck Cancer,-5.927682433,1.139511992
TCGA-DD-A11A-01,,Liver Cancer,TCGA Tumor,LIHC,Liver Cancer,0.890765187,4.228326727
TCGA-66-2781-01,,Lung Cancer,TCGA Tumor,LUSC,Lung Cancer,-5.340085063,2.263145615
TCGA-ER-A19L-06,,Skin Cancer,TCGA Tumor,SKCM,Skin Cancer,5.194021669,3.613974024
TCGA-77-7139-01,,Lung Cancer,TCGA Tumor,LUSC,Lung Cancer,-5.453952346,2.497241903
TCGA-EW-A1PG-01,,Breast Cancer,TCGA Tumor,BRCA,Breast Cancer,1.261245337,-1.070179175
TCGA-EM-A4FM-01,,Thyroid Cancer,TCGA Tumor,THCA,Thyroid Cancer,10.94315859,-0.253234725
TCGA-58-8392-01,,Lung Cancer,TCGA Tumor,LUSC,Lung Cancer,-5.519538913,2.508235384
TCGA-L6-A4ET-01,,Thyroid Cancer,TCGA Tumor,THCA,Thyroid Cancer,11.50414034,-0.007670961
TCGA-WE-A8K6-06,,Skin Cancer,TCGA Tumor,SKCM,Skin Cancer,5.011759248,3.414641548
TCGA-IP-7968-01,,Gastric Cancer,TCGA Tumor,STAD,Gastric Cancer,-3.555834088,-3.300265383
TCGA-DE-A0Y3-01,,Thyroid Cancer,TCGA Tumor,THCA,Thyroid Cancer,10.98860499,-0.586487304
TCGA-E2-A1LA-01,,Breast Cancer,TCGA Tumor,BRCA,Breast Cancer,4.016784158,-1.888796281
TCGA-BB-A5HZ-01,,Head and Neck Cancer,TCGA Tumor,HNSC,Head and Neck Cancer,-6.403653655,0.940607537
TCGA-AJ-A8CV-01,,Endometrial/Uterine Cancer,TCGA Tumor,UCEC,Endometrial/Uterine Cancer,1.496378389,6.487667967
TCGA-EM-A22I-01,,Thyroid Cancer,TCGA Tumor,THCA,Thyroid Cancer,11.04045722,-0.463552426
TCGA-UY-A8OB-01,,Bladder Cancer,TCGA Tumor,BLCA,Bladder Cancer,-5.327235255,0.73565029
TCGA-K4-A5RJ-01,,Bladder Cancer,TCGA Tumor,BLCA,Bladder Cancer,0.654573914,0.493279893
TCGA-A2-A0T4-01,,Breast Cancer,TCGA Tumor,BRCA,Breast Cancer,3.963527885,-1.781165313
TCGA-UF-A7JK-01,,Head and Neck Cancer,TCGA Tumor,HNSC,Head and Neck Cancer,-6.806050334,0.721768011
TCGA-BJ-A28R-01,,Thyroid Cancer,TCGA Tumor,THCA,Thyroid Cancer,10.99411723,-0.575140606
TCGA-EE-A3J3-06,,Skin Cancer,TCGA Tumor,SKCM,Skin Cancer,5.525532689,3.488981177
TCGA-A6-A56B-01,,Colorectal Cancer,TCGA Tumor,COAD,Colon/Colorectal Cancer,-5.901318583,-3.520229172
TCGA-B0-5702-01,,Kidney Cancer,TCGA Tumor,KIRC,Kidney Cancer,0.878877249,6.697223116
TCGA-BP-5191-01,,Kidney Cancer,TCGA Tumor,KIRC,Kidney Cancer,6.175756898,-5.778970789
TCGA-EE-A2A5-06,,Skin Cancer,TCGA Tumor,SKCM,Skin Cancer,5.183108297,3.543380667
TCGA-43-6773-01,,Lung Cancer,TCGA Tumor,LUSC,Lung Cancer,-5.317054305,0.828462649
TCGA-B0-4837-01,,Kidney Cancer,TCGA Tumor,KIRC,Kidney Cancer,6.146450486,-5.330070089
TCGA-CV-A45V-01,,Head and Neck Cancer,TCGA Tumor,HNSC,Head and Neck Cancer,-6.572844062,0.350386609
TCGA-DK-AA75-01,,Bladder Cancer,TCGA Tumor,BLCA,Bladder Cancer,-3.573041711,-0.514016699
TCGA-IS-A3K7-01,,Sarcoma,TCGA Tumor,SARC,Sarcoma,1.26116499,1.123825003
TCGA-49-4494-01,,Lung Cancer,TCGA Tumor,LUAD,Lung Cancer,-0.430010114,-3.026161503
TCGA-49-6745-01,,Lung Cancer,TCGA Tumor,LUAD,Lung Cancer,-0.224296305,-3.147761654
TCGA-KL-8333-01,,Kidney Cancer,TCGA Tumor,KICH,Kidney Cancer,-3.532060656,5.085640837
TCGA-DD-AAD0-01,,Liver Cancer,TCGA Tumor,LIHC,Liver Cancer,1.318462517,3.877710034
TCGA-F7-A61S-01,,Head and Neck Cancer,TCGA Tumor,HNSC,Head and Neck Cancer,-6.872654948,0.660477806
TCGA-A8-A07Z-01,,Breast Cancer,TCGA Tumor,BRCA,Breast Cancer,5.331370321,-1.572092127
TCGA-CZ-4854-01,,Kidney Cancer,TCGA Tumor,KIRC,Kidney Cancer,6.137650933,-5.487341951
TCGA-FE-A3PA-01,,Thyroid Cancer,TCGA Tumor,THCA,Thyroid Cancer,11.38522192,0.405427982
TCGA-BH-A0AZ-01,,Breast Cancer,TCGA Tumor,BRCA,Breast Cancer,3.275212255,-1.277705144
TCGA-F2-6880-01,,Pancreatic Cancer,TCGA Tumor,PAAD,Pancreatic Cancer,-0.99796525,-1.592313598
TCGA-96-8169-01,,Lung Cancer,TCGA Tumor,LUSC,Lung Cancer,-5.328893695,1.897829581
TCGA-DD-AAVS-01,,Liver Cancer,TCGA Tumor,LIHC,Liver Cancer,0.418819534,3.548989226
TCGA-BR-6709-01,,Gastric Cancer,TCGA Tumor,STAD,Gastric Cancer,2.841551271,-1.107945036
TCGA-29-2427-01,,Ovarian Cancer,TCGA Tumor,OV,Ovarian Cancer,1.026468184,-0.563969504
TCGA-BR-7959-01,,Gastric Cancer,TCGA Tumor,STAD,Gastric Cancer,-5.028083834,-3.100746702
TCGA-AN-A0FT-01,,Breast Cancer,TCGA Tumor,BRCA,Breast Cancer,4.259423223,-1.282992791
TCGA-CN-A6V7-01,,Head and Neck Cancer,TCGA Tumor,HNSC,Head and Neck Cancer,-6.021132502,2.377756525
TCGA-73-7499-01,,Lung Cancer,TCGA Tumor,LUAD,Lung Cancer,-0.339144919,-2.936784338
TCGA-43-6770-01,,Lung Cancer,TCGA Tumor,LUSC,Lung Cancer,-5.373251948,2.320426632
TCGA-XF-A9SY-01,,Bladder Cancer,TCGA Tumor,BLCA,Bladder Cancer,-5.294761214,0.724344124
TCGA-EM-A1CV-01,,Thyroid Cancer,TCGA Tumor,THCA,Thyroid Cancer,11.58497664,0.135845866
TCGA-D7-A4YU-01,,Gastric Cancer,TCGA Tumor,STAD,Gastric Cancer,-4.429106746,-3.440307211
TCGA-CF-A8HX-01,,Bladder Cancer,TCGA Tumor,BLCA,Bladder Cancer,-3.683033023,0.157901142
TCGA-R6-A6KZ-01,,Esophageal Cancer,TCGA Tumor,ESCA,Esophageal Cancer,-4.91780189,-1.962603401
TCGA-AA-3495-01,,Colorectal Cancer,TCGA Tumor,COAD,Colon/Colorectal Cancer,-5.853839431,-3.683318209
TCGA-BH-A0DS-01,,Breast Cancer,TCGA Tumor,BRCA,Breast Cancer,3.954324928,-1.509081553
TCGA-A6-5665-01,,Colorectal Cancer,TCGA Tumor,COAD,Colon/Colorectal Cancer,-4.449996028,-3.471221756
TCGA-E9-A1R5-01,,Breast Cancer,TCGA Tumor,BRCA,Breast Cancer,3.476583209,-1.294046234
TCGA-E9-A243-01,,Breast Cancer,TCGA Tumor,BRCA,Breast Cancer,1.040522602,-1.25989766
TCGA-HB-A3YV-01,,Sarcoma,TCGA Tumor,SARC,Sarcoma,1.239427593,1.694653321
TCGA-78-7158-01,,Lung Cancer,TCGA Tumor,LUAD,Lung Cancer,-0.363652978,-2.966794084
TCGA-A2-A25D-01,,Breast Cancer,TCGA Tumor,BRCA,Breast Cancer,4.039876905,-1.833624791
TCGA-CZ-4857-01,,Kidney Cancer,TCGA Tumor,KIRC,Kidney Cancer,6.174249616,-5.351510595
TCGA-E2-A159-01,,Breast Cancer,TCGA Tumor,BRCA,Breast Cancer,0.749271062,-1.537897896
TCGA-DK-A2I1-01,,Bladder Cancer,TCGA Tumor,BLCA,Bladder Cancer,-3.737318072,0.05028978
TCGA-A8-A0A7-01,,Breast Cancer,TCGA Tumor,BRCA,Breast Cancer,4.140400615,-0.970613312
TCGA-Q3-AA2A-01,,Pancreatic Cancer,TCGA Tumor,PAAD,Pancreatic Cancer,-3.306991133,-2.770839046
TCGA-EI-6514-01,,Colorectal Cancer,TCGA Tumor,READ,Colon/Colorectal Cancer,-5.558191809,-3.364131044
TCGA-B6-A0X5-01,,Breast Cancer,TCGA Tumor,BRCA,Breast Cancer,5.6298947,-1.693876814
TCGA-B0-5706-01,,Kidney Cancer,TCGA Tumor,KIRC,Kidney Cancer,6.219730344,-5.457156252
TCGA-BP-4967-01,,Kidney Cancer,TCGA Tumor,KIRC,Kidney Cancer,6.169668641,-5.384728979
TCGA-71-6725-01,,Lung Cancer,TCGA Tumor,LUAD,Lung Cancer,-0.433032903,-2.95157988
TCGA-DV-5569-01,,Kidney Cancer,TCGA Tumor,KIRC,Kidney Cancer,6.355846372,-6.292043756
TCGA-3A-A9IU-01,,Pancreatic Cancer,TCGA Tumor,PAAD,Pancreatic Cancer,-3.207148824,-2.453131031
TCGA-EE-A2MP-06,,Skin Cancer,TCGA Tumor,SKCM,Skin Cancer,5.389182534,3.500085522
TCGA-GN-A26D-06,,Skin Cancer,TCGA Tumor,SKCM,Skin Cancer,5.928586927,3.511381317
TCGA-CE-A3ME-01,,Thyroid Cancer,TCGA Tumor,THCA,Thyroid Cancer,11.00244185,-0.598665367
TCGA-B6-A0RE-01,,Breast Cancer,TCGA Tumor,BRCA,Breast Cancer,0.995290246,-1.478426527
TCGA-EW-A1IX-01,,Breast Cancer,TCGA Tumor,BRCA,Breast Cancer,4.145851817,-1.740335058
TCGA-A6-2677-01,,Colorectal Cancer,TCGA Tumor,COAD,Colon/Colorectal Cancer,-4.60784534,-3.338846992
TCGA-DK-A1AF-01,,Bladder Cancer,TCGA Tumor,BLCA,Bladder Cancer,-3.887238059,0.102021475
TCGA-A2-A0CY-01,,Breast Cancer,TCGA Tumor,BRCA,Breast Cancer,-0.559170518,-1.930802654
TCGA-CM-6162-01,,Colorectal Cancer,TCGA Tumor,COAD,Colon/Colorectal Cancer,-5.626689467,-3.757878374
TCGA-GU-A764-01,,Bladder Cancer,TCGA Tumor,BLCA,Bladder Cancer,-5.166148696,0.674474586
TCGA-B8-4153-01,,Kidney Cancer,TCGA Tumor,KIRC,Kidney Cancer,6.277952161,-6.703591417
TCGA-CG-4472-01,,Gastric Cancer,TCGA Tumor,STAD,Gastric Cancer,-3.94744924,-3.552400421
TCGA-JL-A3YX-01,,Breast Cancer,TCGA Tumor,BRCA,Breast Cancer,4.757765737,-1.542903732
TCGA-AC-A3QP-01,,Breast Cancer,TCGA Tumor,BRCA,Breast Cancer,3.937510457,-1.788071703
TCGA-AF-A56N-01,,Colorectal Cancer,TCGA Tumor,READ,Colon/Colorectal Cancer,-6.104041133,-3.640421699
TCGA-US-A77E-01,,Pancreatic Cancer,TCGA Tumor,PAAD,Pancreatic Cancer,-3.057879243,-2.644562076
TCGA-EW-A1PH-01,,Breast Cancer,TCGA Tumor,BRCA,Breast Cancer,1.019322958,-1.508036207
TCGA-E9-A1R7-01,,Breast Cancer,TCGA Tumor,BRCA,Breast Cancer,5.578317609,-1.640774082
TCGA-D3-A2J9-06,,Skin Cancer,TCGA Tumor,SKCM,Skin Cancer,5.541379895,3.481190373
TCGA-EM-A22L-01,,Thyroid Cancer,TCGA Tumor,THCA,Thyroid Cancer,11.55200144,0.85065775
TCGA-IN-AB1V-01,,Gastric Cancer,TCGA Tumor,STAD,Gastric Cancer,-4.300274405,-2.665087532
TCGA-FS-A4FB-06,,Skin Cancer,TCGA Tumor,SKCM,Skin Cancer,5.162444082,3.533944298
TCGA-3A-A9I5-01,,Pancreatic Cancer,TCGA Tumor,PAAD,Pancreatic Cancer,-2.192972693,-2.336502146
TCGA-B0-5709-01,,Kidney Cancer,TCGA Tumor,KIRC,Kidney Cancer,5.981770959,-5.756121706
TCGA-G4-6627-01,,Colorectal Cancer,TCGA Tumor,COAD,Colon/Colorectal Cancer,-5.803918872,-3.630747866
TCGA-RC-A6M6-01,,Liver Cancer,TCGA Tumor,LIHC,Liver Cancer,0.222886082,3.401384998
TCGA-09-2045-01,,Ovarian Cancer,TCGA Tumor,OV,Ovarian Cancer,1.638965693,8.267023493
TCGA-BP-4804-01,,Kidney Cancer,TCGA Tumor,KIRC,Kidney Cancer,6.085604158,-5.659071039
TCGA-CQ-5330-01,,Head and Neck Cancer,TCGA Tumor,HNSC,Head and Neck Cancer,-6.288655314,0.454588849
TCGA-GC-A6I3-01,,Bladder Cancer,TCGA Tumor,BLCA,Bladder Cancer,-3.662386451,0.057958903
TCGA-BH-A0DH-01,,Breast Cancer,TCGA Tumor,BRCA,Breast Cancer,5.034406152,-1.524755071
TCGA-AY-6197-01,,Colorectal Cancer,TCGA Tumor,COAD,Colon/Colorectal Cancer,-5.021938834,-3.701723884
TCGA-36-1570-01,,Ovarian Cancer,TCGA Tumor,OV,Ovarian Cancer,1.794615712,8.585578371
TCGA-55-A4DF-01,,Lung Cancer,TCGA Tumor,LUAD,Lung Cancer,-0.721816454,-2.070223163
TCGA-BR-8487-01,,Gastric Cancer,TCGA Tumor,STAD,Gastric Cancer,-4.145413432,-3.584799837
TCGA-EE-A29Q-06,,Skin Cancer,TCGA Tumor,SKCM,Skin Cancer,5.580227342,3.619529654
TCGA-85-8355-01,,Lung Cancer,TCGA Tumor,LUSC,Lung Cancer,-5.619539771,2.451777865
TCGA-B0-5710-01,,Kidney Cancer,TCGA Tumor,KIRC,Kidney Cancer,6.34842011,-6.055578302
TCGA-AR-A0TY-01,,Breast Cancer,TCGA Tumor,BRCA,Breast Cancer,5.521379914,-1.537039827
TCGA-DD-AAE9-01,,Liver Cancer,TCGA Tumor,LIHC,Liver Cancer,1.338883307,3.82995813
TCGA-18-3419-01,,Lung Cancer,TCGA Tumor,LUSC,Lung Cancer,-6.006151709,2.377717425
TCGA-24-1550-01,,Ovarian Cancer,TCGA Tumor,OV,Ovarian Cancer,1.282958236,7.695895601
TCGA-HS-A5N8-01,,Sarcoma,TCGA Tumor,SARC,Sarcoma,0.640352156,0.956646968
TCGA-L9-A743-01,,Lung Cancer,TCGA Tumor,LUAD,Lung Cancer,-0.279505763,-3.028630089
TCGA-D8-A3Z6-01,,Breast Cancer,TCGA Tumor,BRCA,Breast Cancer,4.348011461,-1.243291806
TCGA-E2-A155-01,,Breast Cancer,TCGA Tumor,BRCA,Breast Cancer,5.666073289,-1.644799422
TCGA-CJ-4639-01,,Kidney Cancer,TCGA Tumor,KIRC,Kidney Cancer,6.328393903,-6.741943907
TCGA-LN-A7HV-01,,Esophageal Cancer,TCGA Tumor,ESCA,Esophageal Cancer,-6.635031256,0.873470296
TCGA-25-1324-01,,Ovarian Cancer,TCGA Tumor,OV,Ovarian Cancer,1.264200654,7.728310038
TCGA-B6-A0X1-01,,Breast Cancer,TCGA Tumor,BRCA,Breast Cancer,0.822172311,-1.535504054
TCGA-2Y-A9GV-01,,Liver Cancer,TCGA Tumor,LIHC,Liver Cancer,1.001181212,4.21408074
TCGA-EL-A3CO-01,,Thyroid Cancer,TCGA Tumor,THCA,Thyroid Cancer,11.56943079,0.18744712
TCGA-55-8206-01,,Lung Cancer,TCGA Tumor,LUAD,Lung Cancer,-0.373197171,-2.871123146
TCGA-DD-AADS-01,,Liver Cancer,TCGA Tumor,LIHC,Liver Cancer,0.978565839,4.153751303
TCGA-SI-AA8B-01,,Sarcoma,TCGA Tumor,SARC,Sarcoma,1.239696589,1.20930605
TCGA-D7-A6EY-01,,Gastric Cancer,TCGA Tumor,STAD,Gastric Cancer,-4.520819697,-3.53288586
TCGA-DX-A3LS-01,,Sarcoma,TCGA Tumor,SARC,Sarcoma,1.425795641,1.282598663
TCGA-A8-A07U-01,,Breast Cancer,TCGA Tumor,BRCA,Breast Cancer,0.913375583,-1.370135139
TCGA-CJ-4900-01,,Kidney Cancer,TCGA Tumor,KIRC,Kidney Cancer,6.302025285,-5.53866012
TCGA-CG-4476-01,,Gastric Cancer,TCGA Tumor,STAD,Gastric Cancer,-3.936172042,-3.618433069
TCGA-DK-A6B1-01,,Bladder Cancer,TCGA Tumor,BLCA,Bladder Cancer,-3.59583858,-0.505230497
TCGA-FD-A5BY-01,,Bladder Cancer,TCGA Tumor,BLCA,Bladder Cancer,-4.626050029,0.581100453
TCGA-EY-A2OP-01,,Endometrial/Uterine Cancer,TCGA Tumor,UCEC,Endometrial/Uterine Cancer,1.425867882,6.610183169
TCGA-GM-A2DM-01,,Breast Cancer,TCGA Tumor,BRCA,Breast Cancer,5.498055425,-1.453067969
TARGET-50-PAJPDC-01,,Kidney Cancer,TCGA Tumor,WT,Kidney Cancer,-4.534333262,7.66066878
TCGA-EB-A44Q-06,,Skin Cancer,TCGA Tumor,SKCM,Skin Cancer,5.891299215,3.612711598
TCGA-S3-A6ZH-01,,Breast Cancer,TCGA Tumor,BRCA,Breast Cancer,5.492223706,-1.536965441
TCGA-P3-A6T8-01,,Head and Neck Cancer,TCGA Tumor,HNSC,Head and Neck Cancer,-5.580372367,0.754237999
TCGA-BR-6455-01,,Gastric Cancer,TCGA Tumor,STAD,Gastric Cancer,-3.85583404,-3.6152714
TCGA-13-0724-01,,Ovarian Cancer,TCGA Tumor,OV,Ovarian Cancer,1.919973221,8.040616442
TCGA-22-4591-01,,Lung Cancer,TCGA Tumor,LUSC,Lung Cancer,-5.383955989,2.155376364
TCGA-IB-7649-01,,Pancreatic Cancer,TCGA Tumor,PAAD,Pancreatic Cancer,-0.974897179,-1.617133807
TCGA-A2-A3XU-01,,Breast Cancer,TCGA Tumor,BRCA,Breast Cancer,0.885345009,-1.385001372
TCGA-BR-8678-01,,Gastric Cancer,TCGA Tumor,STAD,Gastric Cancer,-3.983413729,-2.234125208
TCGA-BH-A0WA-01,,Breast Cancer,TCGA Tumor,BRCA,Breast Cancer,1.031031039,-1.515748333
TCGA-B5-A3F9-01,,Endometrial/Uterine Cancer,TCGA Tumor,UCEC,Endometrial/Uterine Cancer,1.494962063,6.514642168
TARGET-50-PAEBXA-01,,Kidney Cancer,TCGA Tumor,WT,Kidney Cancer,-4.581079993,7.71159165
TCGA-BJ-A190-01,,Thyroid Cancer,TCGA Tumor,THCA,Thyroid Cancer,11.48831984,0.903339852
TCGA-A7-A4SA-01,,Breast Cancer,TCGA Tumor,BRCA,Breast Cancer,5.578179326,-1.720470737
TCGA-E8-A44M-01,,Thyroid Cancer,TCGA Tumor,THCA,Thyroid Cancer,11.11170241,0.252138023
TCGA-CG-4305-01,,Gastric Cancer,TCGA Tumor,STAD,Gastric Cancer,-4.057514701,-3.641779493
TCGA-SI-A71Q-01,,Nerve,TCGA Tumor,SARC,Nerve,1.038468507,0.882328142
TCGA-D7-A6F2-01,,Gastric Cancer,TCGA Tumor,STAD,Gastric Cancer,-5.004420314,-3.514302324
TCGA-GM-A5PV-01,,Breast Cancer,TCGA Tumor,BRCA,Breast Cancer,3.940505948,-1.79647262
TCGA-HZ-7924-01,,Pancreatic Cancer,TCGA Tumor,PAAD,Pancreatic Cancer,-3.677482638,-3.562118601
TCGA-CV-5978-01,,Head and Neck Cancer,TCGA Tumor,HNSC,Head and Neck Cancer,-5.339031729,2.457067896
TCGA-N1-A6IA-01,,Sarcoma,TCGA Tumor,SARC,Sarcoma,1.299308803,1.250895072
TCGA-CD-5798-01,,Gastric Cancer,TCGA Tumor,STAD,Gastric Cancer,-2.694846186,-2.001017641
TCGA-SL-A6JA-01,,Endometrial/Uterine Cancer,TCGA Tumor,UCEC,Endometrial/Uterine Cancer,1.414945569,6.576322962
TCGA-85-A513-01,,Lung Cancer,TCGA Tumor,LUSC,Lung Cancer,-0.133268449,-2.666678976
TCGA-G3-A5SJ-01,,Liver Cancer,TCGA Tumor,LIHC,Liver Cancer,0.198006403,3.384376455
TCGA-60-2709-01,,Lung Cancer,TCGA Tumor,LUSC,Lung Cancer,-5.242454085,1.787116934
TCGA-B8-A54D-01,,Kidney Cancer,TCGA Tumor,KIRC,Kidney Cancer,6.010751214,-6.353084158
TCGA-06-2557-01,,Glioblastoma,TCGA Tumor,GBM,Brain Cancer,1.223595348,-9.882422994
TCGA-86-A4P7-01,,Lung Cancer,TCGA Tumor,LUAD,Lung Cancer,-0.339657757,-2.815374922
TCGA-13-1483-01,,Ovarian Cancer,TCGA Tumor,OV,Ovarian Cancer,1.72078785,7.942624022
TCGA-PC-A5DK-01,,Sarcoma,TCGA Tumor,SARC,Sarcoma,1.972525921,1.558860828
TCGA-VQ-A91N-01,,Gastric Cancer,TCGA Tumor,STAD,Gastric Cancer,-3.843661341,-3.68156917
TCGA-ET-A3DV-01,,Thyroid Cancer,TCGA Tumor,THCA,Thyroid Cancer,11.5541062,0.836850036
TCGA-BH-A0AV-01,,Breast Cancer,TCGA Tumor,BRCA,Breast Cancer,1.057047751,-1.504150342
TCGA-A2-A0D0-01,,Breast Cancer,TCGA Tumor,BRCA,Breast Cancer,0.541638058,-1.477866005
TCGA-A8-A08S-01,,Breast Cancer,TCGA Tumor,BRCA,Breast Cancer,4.047421899,-1.81202824
TCGA-DK-A3X1-01,,Bladder Cancer,TCGA Tumor,BLCA,Bladder Cancer,-3.784358058,0.086305898
TCGA-EW-A2FR-01,,Breast Cancer,TCGA Tumor,BRCA,Breast Cancer,3.489038911,-1.309857081
TCGA-C8-A133-01,,Breast Cancer,TCGA Tumor,BRCA,Breast Cancer,5.643473592,-1.616722773
TCGA-A2-A3XY-01,,Breast Cancer,TCGA Tumor,BRCA,Breast Cancer,1.032861378,-1.51976199
TCGA-29-1697-01,,Ovarian Cancer,TCGA Tumor,OV,Ovarian Cancer,1.740333166,8.52515452
TCGA-25-1318-01,,Ovarian Cancer,TCGA Tumor,OV,Ovarian Cancer,1.684601512,8.130649019
TCGA-FD-A43U-01,,Bladder Cancer,TCGA Tumor,BLCA,Bladder Cancer,-3.664378199,0.039147478
TCGA-GV-A3JV-01,,Bladder Cancer,TCGA Tumor,BLCA,Bladder Cancer,-3.621256385,0.119112309
TCGA-EW-A3E8-01,,Breast Cancer,TCGA Tumor,BRCA,Breast Cancer,4.354725089,-1.727749776
TCGA-D5-6541-01,,Colorectal Cancer,TCGA Tumor,COAD,Colon/Colorectal Cancer,-6.067698035,-3.729992937
TCGA-09-2054-01,,Ovarian Cancer,TCGA Tumor,OV,Ovarian Cancer,1.264780369,7.743199755
TCGA-B0-4834-01,,Kidney Cancer,TCGA Tumor,KIRC,Kidney Cancer,-3.505977187,5.063088823
TCGA-CG-4441-01,,Gastric Cancer,TCGA Tumor,STAD,Gastric Cancer,-4.002120528,-3.655774902
TCGA-EM-A3FO-01,,Thyroid Cancer,TCGA Tumor,THCA,Thyroid Cancer,11.35684153,-0.140944671
TCGA-39-5030-01,,Lung Cancer,TCGA Tumor,LUSC,Lung Cancer,-5.295506511,0.834209312
TCGA-A2-A0SU-01,,Breast Cancer,TCGA Tumor,BRCA,Breast Cancer,4.041277852,-1.780323814
TCGA-CJ-5682-01,,Kidney Cancer,TCGA Tumor,KIRC,Kidney Cancer,6.246120897,-5.761829923
TCGA-95-8039-01,,Lung Cancer,TCGA Tumor,LUAD,Lung Cancer,-0.210710857,-3.116289924
TCGA-BP-4959-01,,Kidney Cancer,TCGA Tumor,KIRC,Kidney Cancer,5.976346936,-5.950661253
TCGA-D3-A3C3-06,,Skin Cancer,TCGA Tumor,SKCM,Skin Cancer,5.395785775,3.707648445
TCGA-AJ-A3OK-01,,Endometrial/Uterine Cancer,TCGA Tumor,UCEC,Endometrial/Uterine Cancer,1.541868892,6.449446131
TCGA-CM-5348-01,,Colorectal Cancer,TCGA Tumor,COAD,Colon/Colorectal Cancer,-5.362076316,-3.264793943
TCGA-D3-A51R-06,,Skin Cancer,TCGA Tumor,SKCM,Skin Cancer,0.136454251,0.927876223
TCGA-E7-A3Y1-01,,Bladder Cancer,TCGA Tumor,BLCA,Bladder Cancer,-3.709693465,0.17481504
TCGA-CZ-4853-01,,Kidney Cancer,TCGA Tumor,KIRC,Kidney Cancer,6.200286355,-6.798416685
TCGA-FE-A3PB-01,,Thyroid Cancer,TCGA Tumor,THCA,Thyroid Cancer,10.96532961,-0.257655751
TCGA-CV-7414-01,,Head and Neck Cancer,TCGA Tumor,HNSC,Head and Neck Cancer,-5.57814363,1.963119794
TCGA-GD-A3OS-01,,Bladder Cancer,TCGA Tumor,BLCA,Bladder Cancer,0.507818271,0.895819057
TCGA-G4-6586-01,,Colorectal Cancer,TCGA Tumor,COAD,Colon/Colorectal Cancer,-5.156767878,-3.704372
TCGA-AQ-A04L-01,,Breast Cancer,TCGA Tumor,BRCA,Breast Cancer,4.090518203,-0.92761166
TCGA-Z2-AA3V-06,,Skin Cancer,TCGA Tumor,SKCM,Skin Cancer,6.107824769,3.812026192
TCGA-25-1314-01,,Ovarian Cancer,TCGA Tumor,OV,Ovarian Cancer,1.801793065,8.065871645
TCGA-BA-6868-01,,Head and Neck Cancer,TCGA Tumor,HNSC,Head and Neck Cancer,-5.871694598,0.883123208
TCGA-EL-A3GO-01,,Thyroid Cancer,TCGA Tumor,THCA,Thyroid Cancer,11.49712512,0.876456429
TCGA-22-5479-01,,Lung Cancer,TCGA Tumor,LUSC,Lung Cancer,-5.337679896,2.300858666
TCGA-4T-AA8H-01,,Colorectal Cancer,TCGA Tumor,COAD,Colon/Colorectal Cancer,-5.70910934,-3.524180483
TCGA-EB-A4IS-01,,Skin Cancer,TCGA Tumor,SKCM,Skin Cancer,5.45800921,3.455435921
TCGA-66-2773-01,,Lung Cancer,TCGA Tumor,LUSC,Lung Cancer,-5.252809558,1.959878613
TCGA-ZH-A8Y6-01,,Bile Duct Cancer,TCGA Tumor,CHOL,Bile Duct Cancer,0.22098611,3.401284386
TCGA-50-5055-01,,Lung Cancer,TCGA Tumor,LUAD,Lung Cancer,-0.581521783,-2.357969831
TCGA-EB-A3HV-01,,Skin Cancer,TCGA Tumor,SKCM,Skin Cancer,5.277084317,3.911391665
TCGA-EB-A431-01,,Skin Cancer,TCGA Tumor,SKCM,Skin Cancer,6.017422166,3.604611326
TCGA-E7-A97Q-01,,Bladder Cancer,TCGA Tumor,BLCA,Bladder Cancer,-3.787360225,0.026136443
TCGA-BR-A4QM-01,,Gastric Cancer,TCGA Tumor,STAD,Gastric Cancer,-4.436810527,-3.439685892
TCGA-2F-A9KT-01,,Bladder Cancer,TCGA Tumor,BLCA,Bladder Cancer,-3.675455127,0.123916682
TCGA-BP-5178-01,,Kidney Cancer,TCGA Tumor,KIRC,Kidney Cancer,6.132954087,-5.367351126
TCGA-C8-A1HE-01,,Breast Cancer,TCGA Tumor,BRCA,Breast Cancer,4.799272027,-1.289252471
TCGA-FD-A6TB-01,,Bladder Cancer,TCGA Tumor,BLCA,Bladder Cancer,-4.011173281,-0.204720687
TCGA-H7-8501-01,,Head and Neck Cancer,TCGA Tumor,HNSC,Head and Neck Cancer,-5.372750315,0.945504178
TCGA-78-7150-01,,Lung Cancer,TCGA Tumor,LUAD,Lung Cancer,-1.392153892,-2.134681295
TCGA-24-1560-01,,Ovarian Cancer,TCGA Tumor,OV,Ovarian Cancer,1.68227109,8.371636797
TCGA-D7-8578-01,,Gastric Cancer,TCGA Tumor,STAD,Gastric Cancer,-4.937202964,-3.002982925
TCGA-AO-A0JI-01,,Breast Cancer,TCGA Tumor,BRCA,Breast Cancer,5.638387647,-1.618533563
TCGA-29-1693-01,,Ovarian Cancer,TCGA Tumor,OV,Ovarian Cancer,1.495654192,7.931707312
TCGA-LN-A49N-01,,Esophageal Cancer,TCGA Tumor,ESCA,Esophageal Cancer,-5.466823134,2.014840175
TCGA-CD-5803-01,,Gastric Cancer,TCGA Tumor,STAD,Gastric Cancer,-2.644030366,-1.924702476
TCGA-SW-A7EB-01,,Gastric Cancer,TCGA Tumor,STAD,Gastric Cancer,-4.936483893,-1.989468407
TCGA-EM-A3O9-01,,Thyroid Cancer,TCGA Tumor,THCA,Thyroid Cancer,11.36555335,0.988832225
TCGA-13-0905-01,,Ovarian Cancer,TCGA Tumor,OV,Ovarian Cancer,2.00870904,8.176351954
TCGA-EL-A3TB-01,,Thyroid Cancer,TCGA Tumor,THCA,Thyroid Cancer,11.57081362,0.098255203
TCGA-IB-7646-01,,Pancreatic Cancer,TCGA Tumor,PAAD,Pancreatic Cancer,-3.177743706,-2.391651701
TCGA-BP-4329-01,,Kidney Cancer,TCGA Tumor,KIRC,Kidney Cancer,6.262946573,-5.713688444
TCGA-CF-A5UA-01,,Bladder Cancer,TCGA Tumor,BLCA,Bladder Cancer,-3.7251263,0.117261399
TCGA-EI-6917-01,,Colorectal Cancer,TCGA Tumor,READ,Colon/Colorectal Cancer,-4.565483126,-3.55412681
TCGA-B6-A0RM-01,,Breast Cancer,TCGA Tumor,BRCA,Breast Cancer,5.265074697,-1.54008181
TCGA-5M-AATA-01,,Colorectal Cancer,TCGA Tumor,COAD,Colon/Colorectal Cancer,-5.735856089,-3.477024387
TCGA-06-0878-01,,Glioblastoma,TCGA Tumor,GBM,Brain Cancer,1.357903626,-9.223471235
TCGA-BH-A0E0-01,,Breast Cancer,TCGA Tumor,BRCA,Breast Cancer,4.061764922,-0.868684779
TCGA-DD-AACE-01,,Liver Cancer,TCGA Tumor,LIHC,Liver Cancer,0.920359519,4.221981455
TCGA-IG-A50L-01,,Esophageal Cancer,TCGA Tumor,ESCA,Esophageal Cancer,-5.335980925,2.212189366
TCGA-CW-6088-01,,Kidney Cancer,TCGA Tumor,KIRC,Kidney Cancer,6.338155236,-6.801071237
TCGA-A2-A0YE-01,,Breast Cancer,TCGA Tumor,BRCA,Breast Cancer,0.967378226,-1.496192526
TCGA-XV-AAZY-01,,Skin Cancer,TCGA Tumor,SKCM,Skin Cancer,6.001838174,3.657675434
TCGA-CV-5977-01,,Head and Neck Cancer,TCGA Tumor,HNSC,Head and Neck Cancer,-6.860271487,0.675077904
TCGA-78-7536-01,,Lung Cancer,TCGA Tumor,LUAD,Lung Cancer,-0.834186229,-2.022759985
TCGA-FS-A1ZZ-06,,Skin Cancer,TCGA Tumor,SKCM,Skin Cancer,5.929973569,3.704918553
TCGA-E2-A3DX-01,,Breast Cancer,TCGA Tumor,BRCA,Breast Cancer,4.008088794,-1.754722546
TCGA-63-A5MM-01,,Lung Cancer,TCGA Tumor,LUSC,Lung Cancer,-5.291210208,0.780519832
TCGA-Z6-AAPN-01,,Esophageal Cancer,TCGA Tumor,ESCA,Esophageal Cancer,-6.52924541,0.574902762
TCGA-CV-7242-01,,Head and Neck Cancer,TCGA Tumor,HNSC,Head and Neck Cancer,-6.133048568,2.074106861
TCGA-64-1681-01,,Lung Cancer,TCGA Tumor,LUAD,Lung Cancer,-0.376985345,-2.805241178
TCGA-DX-AB2W-01,,Sarcoma,TCGA Tumor,SARC,Sarcoma,1.371970918,1.20738237
TCGA-DM-A28G-01,,Colorectal Cancer,TCGA Tumor,COAD,Colon/Colorectal Cancer,-6.06664041,-3.709087204
TCGA-06-0129-01,,Glioblastoma,TCGA Tumor,GBM,Brain Cancer,2.214414683,-10.89331872
TCGA-CQ-A4CH-01,,Head and Neck Cancer,TCGA Tumor,HNSC,Head and Neck Cancer,-6.561781916,0.549211044
TCGA-VR-A8EQ-01,,Esophageal Cancer,TCGA Tumor,ESCA,Esophageal Cancer,-3.838573966,-3.629241537
TCGA-AF-6655-01,,Colorectal Cancer,TCGA Tumor,READ,Colon/Colorectal Cancer,-6.124593291,-3.682936262
TARGET-50-PAKSCC-01,,Kidney Cancer,TCGA Tumor,WT,Kidney Cancer,-4.515977416,7.642014433
TCGA-5L-AAT0-01,,Breast Cancer,TCGA Tumor,BRCA,Breast Cancer,4.708044019,-1.560964297
TCGA-HB-A43Z-01,,Sarcoma,TCGA Tumor,SARC,Sarcoma,1.970735994,1.586028863
TCGA-31-1953-01,,Ovarian Cancer,TCGA Tumor,OV,Ovarian Cancer,1.682437506,8.008538653
TCGA-BH-A0BL-01,,Breast Cancer,TCGA Tumor,BRCA,Breast Cancer,0.940222528,-1.479416202
TCGA-DA-A1I7-06,,Skin Cancer,TCGA Tumor,SKCM,Skin Cancer,4.928279367,3.396517683
TCGA-FB-AAPQ-01,,Pancreatic Cancer,TCGA Tumor,PAAD,Pancreatic Cancer,-3.298800025,-2.91685016
TCGA-CW-6087-01,,Kidney Cancer,TCGA Tumor,KIRC,Kidney Cancer,6.015056577,-5.240074705
TCGA-D8-A3Z5-01,,Breast Cancer,TCGA Tumor,BRCA,Breast Cancer,4.767150846,-1.538353514
TCGA-CG-4475-01,,Gastric Cancer,TCGA Tumor,STAD,Gastric Cancer,-2.759154591,-2.592780422
TCGA-97-8552-01,,Lung Cancer,TCGA Tumor,LUAD,Lung Cancer,-0.364528093,-2.852615188
TCGA-BP-4798-01,,Kidney Cancer,TCGA Tumor,KIRC,Kidney Cancer,6.095013585,-5.569250177
TCGA-IC-A6RF-01,,Esophageal Cancer,TCGA Tumor,ESCA,Esophageal Cancer,-6.546847853,1.26835208
TCGA-EL-A3ZP-01,,Thyroid Cancer,TCGA Tumor,THCA,Thyroid Cancer,11.25700518,-0.024877209
TCGA-DV-5574-01,,Kidney Cancer,TCGA Tumor,KIRC,Kidney Cancer,6.164625135,-5.324558328
TCGA-DD-AAVX-01,,Liver Cancer,TCGA Tumor,LIHC,Liver Cancer,1.05868676,4.151308943
TCGA-09-1666-01,,Ovarian Cancer,TCGA Tumor,OV,Ovarian Cancer,1.952047911,8.312169481
TCGA-16-1045-01,,Glioblastoma,TCGA Tumor,GBM,Brain Cancer,1.232626763,-9.830040525
TCGA-GM-A2DN-01,,Breast Cancer,TCGA Tumor,BRCA,Breast Cancer,4.601538625,-1.270419906
TCGA-ET-A2N5-01,,Thyroid Cancer,TCGA Tumor,THCA,Thyroid Cancer,11.5525088,0.835792411
TCGA-98-A53I-01,,Lung Cancer,TCGA Tumor,LUSC,Lung Cancer,-5.438892398,2.456451822
TCGA-5M-AATE-01,,Colorectal Cancer,TCGA Tumor,COAD,Colon/Colorectal Cancer,-6.039319548,-3.635205339
TCGA-FD-A6TI-01,,Bladder Cancer,TCGA Tumor,BLCA,Bladder Cancer,-3.638374362,-0.401545774
TCGA-VR-A8EU-01,,Esophageal Cancer,TCGA Tumor,ESCA,Esophageal Cancer,-6.422888312,0.439884294
TCGA-D3-A3BZ-06,,Skin Cancer,TCGA Tumor,SKCM,Skin Cancer,5.839887109,3.430102039
TCGA-D7-5577-01,,Gastric Cancer,TCGA Tumor,STAD,Gastric Cancer,-3.638326201,-3.428520988
TCGA-06-2567-01,,Glioblastoma,TCGA Tumor,GBM,Brain Cancer,1.258581784,-9.918511938
TCGA-DX-AB2F-01,,Sarcoma,TCGA Tumor,SARC,Sarcoma,1.251419273,1.711468745
TCGA-EE-A3AC-06,,Skin Cancer,TCGA Tumor,SKCM,Skin Cancer,5.894692388,3.484602381
TCGA-CE-A483-01,,Thyroid Cancer,TCGA Tumor,THCA,Thyroid Cancer,11.00824877,-0.548638772
TCGA-B0-5697-01,,Kidney Cancer,TCGA Tumor,KIRC,Kidney Cancer,-0.767812285,7.600607802
TCGA-MP-A4TK-01,,Lung Cancer,TCGA Tumor,LUAD,Lung Cancer,-0.223303053,-2.743286918
TCGA-85-8287-01,,Lung Cancer,TCGA Tumor,LUSC,Lung Cancer,-5.273985896,0.858543922
TCGA-BH-A0BP-01,,Breast Cancer,TCGA Tumor,BRCA,Breast Cancer,3.845977273,-1.73353846
TCGA-CV-7254-01,,Head and Neck Cancer,TCGA Tumor,HNSC,Head and Neck Cancer,-5.347620997,2.282311846
TCGA-32-2616-01,,Glioblastoma,TCGA Tumor,GBM,Brain Cancer,1.434799876,-9.927545141
TCGA-BH-A0BO-01,,Breast Cancer,TCGA Tumor,BRCA,Breast Cancer,4.046890702,-1.713307332
TCGA-ZF-A9RF-01,,Bladder Cancer,TCGA Tumor,BLCA,Bladder Cancer,0.452649929,0.400450725
TCGA-UY-A78P-01,,Bladder Cancer,TCGA Tumor,BLCA,Bladder Cancer,-5.319296393,1.36357503
TCGA-D3-A5GO-06,,Skin Cancer,TCGA Tumor,SKCM,Skin Cancer,5.499591794,3.445810963
TCGA-BJ-A0Z3-01,,Thyroid Cancer,TCGA Tumor,THCA,Thyroid Cancer,11.37694499,-0.125794377
TCGA-DM-A28C-01,,Colorectal Cancer,TCGA Tumor,COAD,Colon/Colorectal Cancer,-6.095786128,-3.705938171
TCGA-IN-A6RL-01,,Gastric Cancer,TCGA Tumor,STAD,Gastric Cancer,-3.811302218,-3.661688875
TARGET-50-PAJLPX-01,,Kidney Cancer,TCGA Tumor,WT,Kidney Cancer,-4.527372393,7.64879172
TCGA-GC-A3OO-01,,Bladder Cancer,TCGA Tumor,BLCA,Bladder Cancer,-3.168550525,-2.40073974
TCGA-RG-A7D4-01,,Liver Cancer,TCGA Tumor,LIHC,Liver Cancer,0.643382576,3.712953497
TCGA-X6-A8C3-01,,Sarcoma,TCGA Tumor,SARC,Sarcoma,1.1348156,1.211428095
TCGA-60-2706-01,,Lung Cancer,TCGA Tumor,LUSC,Lung Cancer,-1.499340687,-1.326071094
TCGA-G6-A8L6-01,,Kidney Cancer,TCGA Tumor,KIRC,Kidney Cancer,6.278372255,-6.069162916
TCGA-EE-A29N-06,,Skin Cancer,TCGA Tumor,SKCM,Skin Cancer,5.779396024,3.672909905
TCGA-CJ-4888-01,,Kidney Cancer,TCGA Tumor,KIRC,Kidney Cancer,6.184263673,-5.324612688
TCGA-ZF-AA4R-01,,Bladder Cancer,TCGA Tumor,BLCA,Bladder Cancer,-5.610281501,1.050632704
TCGA-LL-A6FQ-01,,Breast Cancer,TCGA Tumor,BRCA,Breast Cancer,4.005161491,-1.786711286
TCGA-FS-A1ZQ-06,,Skin Cancer,TCGA Tumor,SKCM,Skin Cancer,6.039295163,3.665234972
TCGA-BP-5186-01,,Kidney Cancer,TCGA Tumor,KIRC,Kidney Cancer,6.280098882,-6.76185758
TCGA-EL-A3T0-01,,Thyroid Cancer,TCGA Tumor,THCA,Thyroid Cancer,11.6167874,0.565541793
TCGA-E9-A248-01,,Breast Cancer,TCGA Tumor,BRCA,Breast Cancer,4.092968908,-1.066589545
TCGA-A7-A26I-01,,Breast Cancer,TCGA Tumor,BRCA,Breast Cancer,0.803844151,-1.301514458
TCGA-24-1430-01,,Ovarian Cancer,TCGA Tumor,OV,Ovarian Cancer,1.433512416,7.910318304
TCGA-ET-A39R-01,,Thyroid Cancer,TCGA Tumor,THCA,Thyroid Cancer,11.06475779,-0.38557304
TCGA-63-5131-01,,Lung Cancer,TCGA Tumor,LUSC,Lung Cancer,-5.778914962,2.20175593
TCGA-DJ-A4V4-01,,Thyroid Cancer,TCGA Tumor,THCA,Thyroid Cancer,11.09396025,-0.236253898
TCGA-CJ-4894-01,,Kidney Cancer,TCGA Tumor,KIRC,Kidney Cancer,6.227388349,-6.8150254
TCGA-IM-A41Y-01,,Thyroid Cancer,TCGA Tumor,THCA,Thyroid Cancer,10.98683497,-0.533351671
TCGA-C8-A12Q-01,,Breast Cancer,TCGA Tumor,BRCA,Breast Cancer,4.163014856,-0.953086685
TCGA-BH-A0HU-01,,Breast Cancer,TCGA Tumor,BRCA,Breast Cancer,4.890255418,-1.462892245
TCGA-CF-A5U8-01,,Bladder Cancer,TCGA Tumor,BLCA,Bladder Cancer,-3.710650477,0.137509872
TCGA-23-2081-01,,Ovarian Cancer,TCGA Tumor,OV,Ovarian Cancer,2.015360441,8.180245806
TCGA-09-2053-01,,Ovarian Cancer,TCGA Tumor,OV,Ovarian Cancer,1.431089487,7.966422487
TCGA-69-7974-01,,Lung Cancer,TCGA Tumor,LUAD,Lung Cancer,-0.098140243,-3.007591318
TCGA-E8-A2EA-01,,Thyroid Cancer,TCGA Tumor,THCA,Thyroid Cancer,10.94147154,-0.294055324
TCGA-28-5208-01,,Glioblastoma,TCGA Tumor,GBM,Brain Cancer,1.314532247,-9.617343496
TCGA-B6-A0WX-01,,Breast Cancer,TCGA Tumor,BRCA,Breast Cancer,1.001521077,-1.442688416
TCGA-CV-7413-01,,Head and Neck Cancer,TCGA Tumor,HNSC,Head and Neck Cancer,-6.515749011,0.6009668
TCGA-DD-A4NO-01,,Liver Cancer,TCGA Tumor,LIHC,Liver Cancer,1.06886014,4.108404089
TCGA-CQ-A4CG-01,,Head and Neck Cancer,TCGA Tumor,HNSC,Head and Neck Cancer,-6.78176311,0.767559398
TCGA-MZ-A6I9-01,,Head and Neck Cancer,TCGA Tumor,HNSC,Head and Neck Cancer,-6.248061213,2.056507279
TCGA-CQ-6225-01,,Head and Neck Cancer,TCGA Tumor,HNSC,Head and Neck Cancer,-6.104782138,2.323581625
TCGA-BP-5182-01,,Kidney Cancer,TCGA Tumor,KIRC,Kidney Cancer,5.988034215,-5.799055647
TCGA-DK-A1AE-01,,Bladder Cancer,TCGA Tumor,BLCA,Bladder Cancer,-5.236308131,2.273877789
TCGA-EI-6509-01,,Colorectal Cancer,TCGA Tumor,READ,Colon/Colorectal Cancer,-5.780783686,-3.472387146
TCGA-FS-A1ZU-06,,Skin Cancer,TCGA Tumor,SKCM,Skin Cancer,5.23844048,3.566269089
TCGA-D7-6526-01,,Gastric Cancer,TCGA Tumor,STAD,Gastric Cancer,-5.381588492,-3.326778721
TCGA-PG-A916-01,,Endometrial/Uterine Cancer,TCGA Tumor,UCEC,Endometrial/Uterine Cancer,1.531815257,6.439131189
TCGA-D3-A2JK-06,,Skin Cancer,TCGA Tumor,SKCM,Skin Cancer,5.846174684,3.45640247
TCGA-US-A779-01,,Pancreatic Cancer,TCGA Tumor,PAAD,Pancreatic Cancer,-2.879964862,-2.571957182
TCGA-DK-A3IU-01,,Bladder Cancer,TCGA Tumor,BLCA,Bladder Cancer,-4.008468661,-0.689376305
TCGA-D3-A1Q7-06,,Skin Cancer,TCGA Tumor,SKCM,Skin Cancer,5.773667302,3.668286968
TCGA-L3-A4E7-01,,Lung Cancer,TCGA Tumor,LUSC,Lung Cancer,-5.430106673,1.200778891
TCGA-QQ-A8VD-01,,Sarcoma,TCGA Tumor,SARC,Sarcoma,1.877456751,1.165185739
TCGA-A5-A2K2-01,,Endometrial/Uterine Cancer,TCGA Tumor,UCEC,Endometrial/Uterine Cancer,1.149658587,6.613826204
TCGA-D8-A1Y2-01,,Breast Cancer,TCGA Tumor,BRCA,Breast Cancer,3.372037854,-1.272520255
TCGA-CV-7250-01,,Head and Neck Cancer,TCGA Tumor,HNSC,Head and Neck Cancer,-6.447431597,1.488354136
TCGA-FY-A40K-01,,Thyroid Cancer,TCGA Tumor,THCA,Thyroid Cancer,11.37170455,-0.033273171
TCGA-A2-A0CR-01,,Breast Cancer,TCGA Tumor,BRCA,Breast Cancer,4.033151117,-1.681620072
TCGA-49-AAR0-01,,Lung Cancer,TCGA Tumor,LUAD,Lung Cancer,-0.809250865,-2.117632698
TCGA-AN-A0AR-01,,Breast Cancer,TCGA Tumor,BRCA,Breast Cancer,0.93931761,-1.471843551
TCGA-04-1365-01,,Ovarian Cancer,TCGA Tumor,OV,Ovarian Cancer,1.776127544,8.569496561
TCGA-WE-AAA0-06,,Skin Cancer,TCGA Tumor,SKCM,Skin Cancer,5.959591832,3.551145722
TCGA-D8-A146-01,,Breast Cancer,TCGA Tumor,BRCA,Breast Cancer,4.019231048,-1.686989259
TCGA-50-5072-01,,Lung Cancer,TCGA Tumor,LUAD,Lung Cancer,-1.335907731,-2.191186975
TCGA-DM-A0XD-01,,Colorectal Cancer,TCGA Tumor,COAD,Colon/Colorectal Cancer,-5.686188254,-3.494184326
TCGA-CN-5363-01,,Head and Neck Cancer,TCGA Tumor,HNSC,Head and Neck Cancer,-5.493101153,0.764904548
TCGA-DX-A6BB-01,,Sarcoma,TCGA Tumor,SARC,Sarcoma,2.019400921,1.313672591
TCGA-A8-A06P-01,,Breast Cancer,TCGA Tumor,BRCA,Breast Cancer,4.784010854,-1.527488898
TCGA-IE-A4EJ-01,,Sarcoma,TCGA Tumor,SARC,Sarcoma,1.318851319,1.649051953
TCGA-CD-5804-01,,Gastric Cancer,TCGA Tumor,STAD,Gastric Cancer,-3.001405272,-2.473717522
TCGA-A3-3372-01,,Kidney Cancer,TCGA Tumor,KIRC,Kidney Cancer,6.300898042,-6.776025366
TCGA-XP-A8T6-01,,Esophageal Cancer,TCGA Tumor,ESCA,Esophageal Cancer,-6.124187026,2.292418171
TCGA-AC-A62X-01,,Breast Cancer,TCGA Tumor,BRCA,Breast Cancer,0.993987229,-1.540201854
TCGA-AC-A2FO-01,,Breast Cancer,TCGA Tumor,BRCA,Breast Cancer,4.055894819,-1.718715381
TCGA-31-1951-01,,Ovarian Cancer,TCGA Tumor,OV,Ovarian Cancer,1.72423872,8.051401068
TCGA-CV-A6JD-01,,Head and Neck Cancer,TCGA Tumor,HNSC,Head and Neck Cancer,-6.5961943,0.646068264
TCGA-53-7624-01,,Lung Cancer,TCGA Tumor,LUAD,Lung Cancer,-4.000180278,-0.916694652
TCGA-LN-A49M-01,,Esophageal Cancer,TCGA Tumor,ESCA,Esophageal Cancer,-6.900167022,0.644336988
TCGA-34-5231-01,,Lung Cancer,TCGA Tumor,LUSC,Lung Cancer,-5.332733664,2.214186598
TCGA-DD-AAEG-01,,Liver Cancer,TCGA Tumor,LIHC,Liver Cancer,0.930994239,4.107135702
TCGA-XR-A8TF-01,,Liver Cancer,TCGA Tumor,LIHC,Liver Cancer,1.116182592,3.988652636
TCGA-B0-5402-01,,Kidney Cancer,TCGA Tumor,KIRC,Kidney Cancer,6.254142728,-6.825825285
TCGA-CV-7418-01,,Head and Neck Cancer,TCGA Tumor,HNSC,Head and Neck Cancer,-5.43404058,2.503546168
TCGA-EL-A3CP-01,,Thyroid Cancer,TCGA Tumor,THCA,Thyroid Cancer,11.33940646,-0.178901832
TCGA-33-4587-01,,Lung Cancer,TCGA Tumor,LUSC,Lung Cancer,0.844241079,-1.465471934
TCGA-GU-A763-01,,Bladder Cancer,TCGA Tumor,BLCA,Bladder Cancer,-3.761716399,0.172390212
TCGA-LB-A9Q5-01,,Pancreatic Cancer,TCGA Tumor,PAAD,Pancreatic Cancer,-0.968963299,-1.733187031
TCGA-B6-A3ZX-01,,Breast Cancer,TCGA Tumor,BRCA,Breast Cancer,1.023972061,-1.539127778
TCGA-VQ-A8PU-01,,Gastric Cancer,TCGA Tumor,STAD,Gastric Cancer,-3.812404189,-3.704577755
TCGA-EW-A1PB-01,,Breast Cancer,TCGA Tumor,BRCA,Breast Cancer,0.87300187,-1.52158172
TCGA-B0-5691-01,,Kidney Cancer,TCGA Tumor,KIRC,Kidney Cancer,5.96261498,-5.592489313
TCGA-BA-5557-01,,Head and Neck Cancer,TCGA Tumor,HNSC,Head and Neck Cancer,-6.442579303,0.169632379
TCGA-85-A510-01,,Lung Cancer,TCGA Tumor,LUSC,Lung Cancer,-1.346501622,-0.785745095
TCGA-DF-A2KU-01,,Endometrial/Uterine Cancer,TCGA Tumor,UCEC,Endometrial/Uterine Cancer,1.40273675,6.597925593
TCGA-37-A5EN-01,,Lung Cancer,TCGA Tumor,LUSC,Lung Cancer,-5.54026607,2.483183552
TCGA-44-2661-01,,Lung Cancer,TCGA Tumor,LUAD,Lung Cancer,-0.145617399,-2.679892849
TCGA-14-2554-01,,Glioblastoma,TCGA Tumor,GBM,Brain Cancer,1.242795732,-9.785516332
TCGA-E8-A437-01,,Thyroid Cancer,TCGA Tumor,THCA,Thyroid Cancer,11.36877963,0.414482613
TCGA-CV-7427-01,,Head and Neck Cancer,TCGA Tumor,HNSC,Head and Neck Cancer,-6.594470534,1.288077642
TCGA-BF-A5ES-01,,Skin Cancer,TCGA Tumor,SKCM,Skin Cancer,6.008044687,3.554128815
TCGA-EB-A3XF-01,,Skin Cancer,TCGA Tumor,SKCM,Skin Cancer,5.286360707,3.892573525
TCGA-ZH-A8Y8-01,,Bile Duct Cancer,TCGA Tumor,CHOL,Bile Duct Cancer,0.258115303,3.44223826
TCGA-ED-A66Y-01,,Liver Cancer,TCGA Tumor,LIHC,Liver Cancer,0.447353192,3.571645666
TCGA-CX-7219-01,,Head and Neck Cancer,TCGA Tumor,HNSC,Head and Neck Cancer,-6.113584075,0.878438402
TCGA-BC-A112-01,,Liver Cancer,TCGA Tumor,LIHC,Liver Cancer,0.162949603,3.326484848
TCGA-BR-6707-01,,Gastric Cancer,TCGA Tumor,STAD,Gastric Cancer,-4.387288604,-3.474026274
TCGA-D8-A142-01,,Breast Cancer,TCGA Tumor,BRCA,Breast Cancer,0.964327004,-1.430480312
TCGA-KD-A5QU-01,,Sarcoma,TCGA Tumor,SARC,Sarcoma,1.973342862,1.592274834
TCGA-DX-A23Y-01,,Sarcoma,TCGA Tumor,SARC,Sarcoma,1.191557553,1.255972434
TCGA-LD-A9QF-01,,Breast Cancer,TCGA Tumor,BRCA,Breast Cancer,4.17069861,-0.971734952
TCGA-XF-AAN8-01,,Bladder Cancer,TCGA Tumor,BLCA,Bladder Cancer,1.552970495,1.379113961
TCGA-61-2097-01,,Ovarian Cancer,TCGA Tumor,OV,Ovarian Cancer,1.773207989,8.426251818
TCGA-V7-A7HQ-01,,Breast Cancer,TCGA Tumor,BRCA,Breast Cancer,4.746741262,-1.627998184
TCGA-BW-A5NO-01,,Liver Cancer,TCGA Tumor,LIHC,Liver Cancer,0.649306652,3.924986769
TCGA-E9-A5UP-01,,Breast Cancer,TCGA Tumor,BRCA,Breast Cancer,4.958872285,-1.490096282
TCGA-QD-A8IV-01,,Thyroid Cancer,TCGA Tumor,THCA,Thyroid Cancer,11.56599185,0.826219369
TCGA-BH-A0DX-01,,Breast Cancer,TCGA Tumor,BRCA,Breast Cancer,3.807649102,-1.65566511
TCGA-50-5946-02,,Lung Cancer,TCGA Tumor,LUAD,Lung Cancer,-0.394786987,-2.731584381
TCGA-50-5946-01,,Lung Cancer,TCGA Tumor,LUAD,Lung Cancer,-0.28503922,-2.962796282
TCGA-CR-7364-01,,Head and Neck Cancer,TCGA Tumor,HNSC,Head and Neck Cancer,-6.351294551,1.574460198
TCGA-CI-6620-01,,Colorectal Cancer,TCGA Tumor,READ,Colon/Colorectal Cancer,-6.061535868,-3.648173879
TCGA-43-6143-01,,Lung Cancer,TCGA Tumor,LUSC,Lung Cancer,-5.215737376,1.468313981
TCGA-KM-8440-01,,Kidney Cancer,TCGA Tumor,KICH,Kidney Cancer,-3.553838763,5.100309302
TCGA-D3-A3MU-06,,Skin Cancer,TCGA Tumor,SKCM,Skin Cancer,5.963479486,3.696066548
TCGA-E7-A678-01,,Bladder Cancer,TCGA Tumor,BLCA,Bladder Cancer,-3.68621305,0.085603547
TCGA-ZH-A8Y4-01,,Bile Duct Cancer,TCGA Tumor,CHOL,Bile Duct Cancer,-0.032972876,3.11648028
TCGA-G2-A2EC-01,,Bladder Cancer,TCGA Tumor,BLCA,Bladder Cancer,-3.776110205,0.119831156
TCGA-09-1669-01,,Ovarian Cancer,TCGA Tumor,OV,Ovarian Cancer,1.463841286,7.982621123
TCGA-EW-A1J6-01,,Breast Cancer,TCGA Tumor,BRCA,Breast Cancer,4.013351169,-1.73466153
TCGA-DJ-A3UT-01,,Thyroid Cancer,TCGA Tumor,THCA,Thyroid Cancer,11.53223368,0.84527855
TCGA-MP-A4TH-01,,Lung Cancer,TCGA Tumor,LUAD,Lung Cancer,-0.363905582,-2.852011751
TCGA-E9-A22B-01,,Breast Cancer,TCGA Tumor,BRCA,Breast Cancer,3.957486596,-1.816086363
TCGA-XV-A9W2-01,,Skin Cancer,TCGA Tumor,SKCM,Skin Cancer,-6.445589099,0.002283
TCGA-27-2528-01,,Glioblastoma,TCGA Tumor,GBM,Brain Cancer,1.316621986,-9.062521528
TCGA-EM-A3AL-01,,Thyroid Cancer,TCGA Tumor,THCA,Thyroid Cancer,11.56022593,0.831842412
TCGA-DO-A1JZ-01,,Thyroid Cancer,TCGA Tumor,THCA,Thyroid Cancer,11.51572653,-0.000602025
TCGA-LC-A66R-01,,Bladder Cancer,TCGA Tumor,BLCA,Bladder Cancer,-5.25601438,0.718639661
TCGA-DX-A1KW-01,,Sarcoma,TCGA Tumor,SARC,Sarcoma,1.225856688,1.720888306
TCGA-91-6829-01,,Lung Cancer,TCGA Tumor,LUAD,Lung Cancer,-0.395346734,-2.810449671
TARGET-50-CAAAAC-01,,Kidney Cancer,TCGA Tumor,WT,Kidney Cancer,-4.637776885,7.770170141
TCGA-UB-A7MF-01,,Liver Cancer,TCGA Tumor,LIHC,Liver Cancer,0.672072795,3.898724724
TCGA-BP-4177-01,,Kidney Cancer,TCGA Tumor,KIRC,Kidney Cancer,0.960351136,6.623506952
TCGA-E2-A106-01,,Breast Cancer,TCGA Tumor,BRCA,Breast Cancer,5.602406945,-1.690336775
TCGA-59-2354-01,,Ovarian Cancer,TCGA Tumor,OV,Ovarian Cancer,1.589271631,7.817834784
TCGA-CN-4739-01,,Head and Neck Cancer,TCGA Tumor,HNSC,Head and Neck Cancer,-6.372838053,1.634931971
TCGA-WX-AA44-01,,Liver Cancer,TCGA Tumor,LIHC,Liver Cancer,0.451214362,3.586159159
TCGA-IF-A4AK-01,,Sarcoma,TCGA Tumor,SARC,Sarcoma,1.950439897,1.56371193
TCGA-DY-A1DG-01,,Colorectal Cancer,TCGA Tumor,READ,Colon/Colorectal Cancer,-5.805950675,-3.513672899
TCGA-CJ-4889-01,,Kidney Cancer,TCGA Tumor,KIRC,Kidney Cancer,6.113605466,-5.539994787
TCGA-BP-4799-01,,Kidney Cancer,TCGA Tumor,KIRC,Kidney Cancer,6.26227757,-5.330970835
TCGA-CV-5442-01,,Head and Neck Cancer,TCGA Tumor,HNSC,Head and Neck Cancer,-6.522568259,0.997681428
TCGA-XF-AAN7-01,,Bladder Cancer,TCGA Tumor,BLCA,Bladder Cancer,1.088748243,1.255007912
TCGA-78-7540-01,,Lung Cancer,TCGA Tumor,LUAD,Lung Cancer,-3.290328774,-2.779774021
TCGA-95-A4VN-01,,Lung Cancer,TCGA Tumor,LUAD,Lung Cancer,-0.122338686,-3.118112396
TARGET-50-PAJNRL-01,,Kidney Cancer,TCGA Tumor,WT,Kidney Cancer,-4.600317511,7.733235766
TCGA-WA-A7H4-01,,Head and Neck Cancer,TCGA Tumor,HNSC,Head and Neck Cancer,-5.872002158,0.598694194
TCGA-BP-4169-01,,Kidney Cancer,TCGA Tumor,KIRC,Kidney Cancer,6.196792093,-5.386292051
TCGA-J8-A4HY-01,,Thyroid Cancer,TCGA Tumor,THCA,Thyroid Cancer,10.97193285,-0.626010608
TCGA-85-8664-01,,Lung Cancer,TCGA Tumor,LUSC,Lung Cancer,-5.272908244,2.003359486
TCGA-A3-3357-01,,Kidney Cancer,TCGA Tumor,KIRC,Kidney Cancer,5.979661432,-5.889124464
TCGA-OL-A5RV-01,,Breast Cancer,TCGA Tumor,BRCA,Breast Cancer,4.88821837,-1.497919511
TCGA-E2-A1BC-01,,Breast Cancer,TCGA Tumor,BRCA,Breast Cancer,3.905017343,-1.682209681
TCGA-RS-A6TP-01,,Head and Neck Cancer,TCGA Tumor,HNSC,Head and Neck Cancer,-5.921208415,1.534237195
TCGA-BP-4977-01,,Kidney Cancer,TCGA Tumor,KIRC,Kidney Cancer,6.099774327,-6.573430609
TCGA-66-2778-01,,Lung Cancer,TCGA Tumor,LUSC,Lung Cancer,-5.771454844,0.914643277
TCGA-DM-A282-01,,Colorectal Cancer,TCGA Tumor,COAD,Colon/Colorectal Cancer,-6.114477668,-3.66236503
TCGA-DY-A1DC-01,,Colorectal Cancer,TCGA Tumor,READ,Colon/Colorectal Cancer,-6.067243132,-3.633264135
TCGA-24-1563-01,,Ovarian Cancer,TCGA Tumor,OV,Ovarian Cancer,2.00442895,8.102123667
TCGA-24-0979-01,,Ovarian Cancer,TCGA Tumor,OV,Ovarian Cancer,1.815576401,8.307721544
TCGA-BH-A0W7-01,,Breast Cancer,TCGA Tumor,BRCA,Breast Cancer,4.332839694,-1.717150997
TCGA-24-1467-01,,Ovarian Cancer,TCGA Tumor,OV,Ovarian Cancer,1.738452759,8.515077997
TCGA-E2-A15C-01,,Breast Cancer,TCGA Tumor,BRCA,Breast Cancer,4.851432767,-1.551799249
TCGA-D3-A2JH-06,,Skin Cancer,TCGA Tumor,SKCM,Skin Cancer,5.565036741,3.735836912
TCGA-99-8025-01,,Lung Cancer,TCGA Tumor,LUAD,Lung Cancer,-0.277781162,-2.885781835
TCGA-IB-A5SO-01,,Pancreatic Cancer,TCGA Tumor,PAAD,Pancreatic Cancer,-3.046075854,-2.579791378
TCGA-KO-8408-01,,Kidney Cancer,TCGA Tumor,KICH,Kidney Cancer,-3.553610835,5.102761675
TCGA-DJ-A3UP-01,,Thyroid Cancer,TCGA Tumor,THCA,Thyroid Cancer,11.56167933,0.778889466
TCGA-E2-A1IK-01,,Breast Cancer,TCGA Tumor,BRCA,Breast Cancer,5.691271749,-1.638797473
TCGA-BG-A3EW-01,,Endometrial/Uterine Cancer,TCGA Tumor,UCEC,Endometrial/Uterine Cancer,1.421680894,6.594588686
TCGA-06-5858-01,,Glioblastoma,TCGA Tumor,GBM,Brain Cancer,1.273521867,-9.832462858
TCGA-R5-A7ZR-01,,Gastric Cancer,TCGA Tumor,STAD,Gastric Cancer,-3.798005614,-3.713634323
TCGA-HU-8249-01,,Gastric Cancer,TCGA Tumor,STAD,Gastric Cancer,-5.832586322,-3.500971865
TCGA-CM-4744-01,,Colorectal Cancer,TCGA Tumor,COAD,Colon/Colorectal Cancer,-5.727191005,-3.623067688
TCGA-B0-4690-01,,Kidney Cancer,TCGA Tumor,KIRC,Kidney Cancer,6.105810609,-5.32570846
TCGA-CV-7428-01,,Head and Neck Cancer,TCGA Tumor,HNSC,Head and Neck Cancer,-6.364216838,1.307898689
TCGA-44-8120-01,,Lung Cancer,TCGA Tumor,LUAD,Lung Cancer,-0.301756534,-2.95875151
TCGA-97-7554-01,,Lung Cancer,TCGA Tumor,LUAD,Lung Cancer,-0.104515228,-2.842099499
TCGA-EE-A2GR-06,,Skin Cancer,TCGA Tumor,SKCM,Skin Cancer,5.989040818,3.55502813
TCGA-MO-A47R-01,,Sarcoma,TCGA Tumor,SARC,Sarcoma,0.714269754,1.065336634
TCGA-BP-4166-01,,Kidney Cancer,TCGA Tumor,KIRC,Kidney Cancer,6.299743142,-5.463905882
TCGA-BR-4361-01,,Gastric Cancer,TCGA Tumor,STAD,Gastric Cancer,-4.518347773,-3.567782472
TCGA-CJ-4871-01,,Kidney Cancer,TCGA Tumor,KIRC,Kidney Cancer,6.204918351,-5.438719343
TCGA-AZ-6605-01,,Colorectal Cancer,TCGA Tumor,COAD,Colon/Colorectal Cancer,-5.877980742,-3.668007921
TCGA-L5-A8NM-01,,Esophageal Cancer,TCGA Tumor,ESCA,Esophageal Cancer,-4.72099832,-3.518193077
TCGA-EI-6881-01,,Colorectal Cancer,TCGA Tumor,READ,Colon/Colorectal Cancer,-6.112048182,-3.709771704
TARGET-50-CAAAAO-01,,Kidney Cancer,TCGA Tumor,WT,Kidney Cancer,-4.581267867,7.712619711
TCGA-E9-A5FK-01,,Breast Cancer,TCGA Tumor,BRCA,Breast Cancer,4.197957721,-1.674188565
TCGA-G3-A25U-01,,Liver Cancer,TCGA Tumor,LIHC,Liver Cancer,0.893869039,4.11815684
TCGA-85-8049-01,,Lung Cancer,TCGA Tumor,LUSC,Lung Cancer,-5.490017924,1.92721038
TCGA-49-4486-01,,Lung Cancer,TCGA Tumor,LUAD,Lung Cancer,-0.804918561,-2.725999426
TCGA-XF-A9SV-01,,Bladder Cancer,TCGA Tumor,BLCA,Bladder Cancer,-3.762384448,0.181396623
TCGA-WK-A8XZ-01,,Sarcoma,TCGA Tumor,SARC,Sarcoma,1.968892064,1.551330615
TCGA-E8-A415-01,,Thyroid Cancer,TCGA Tumor,THCA,Thyroid Cancer,11.03047701,-0.455097567
TCGA-63-7020-01,,Lung Cancer,TCGA Tumor,LUSC,Lung Cancer,-5.665148291,1.646446277
TCGA-3B-A9HR-01,,Sarcoma,TCGA Tumor,SARC,Sarcoma,1.978144374,1.548427035
TCGA-HL-7533-01,,Head and Neck Cancer,TCGA Tumor,HNSC,Head and Neck Cancer,-5.546210322,1.053108383
TCGA-CN-4740-01,,Head and Neck Cancer,TCGA Tumor,HNSC,Head and Neck Cancer,-6.321761641,0.189127956
TCGA-13-0919-01,,Ovarian Cancer,TCGA Tumor,OV,Ovarian Cancer,1.579276409,7.773589064
TCGA-BH-A0HW-01,,Breast Cancer,TCGA Tumor,BRCA,Breast Cancer,5.647630182,-1.655498575
TCGA-NC-A5HQ-01,,Lung Cancer,TCGA Tumor,LUSC,Lung Cancer,-5.827102694,2.380650927
TCGA-96-7545-01,,Lung Cancer,TCGA Tumor,LUSC,Lung Cancer,-5.454721007,2.459618975
TCGA-AZ-6601-01,,Colorectal Cancer,TCGA Tumor,COAD,Colon/Colorectal Cancer,-5.447146449,-3.669463705
TCGA-GV-A3JZ-01,,Bladder Cancer,TCGA Tumor,BLCA,Bladder Cancer,-3.620975051,-0.812229704
TCGA-KL-8343-01,,Kidney Cancer,TCGA Tumor,KICH,Kidney Cancer,-3.522929463,5.078447271
TCGA-LN-A5U6-01,,Esophageal Cancer,TCGA Tumor,ESCA,Esophageal Cancer,-5.627475295,1.550946642
TCGA-55-8094-01,,Lung Cancer,TCGA Tumor,LUAD,Lung Cancer,-1.146861467,-2.206411909
TCGA-66-2791-01,,Lung Cancer,TCGA Tumor,LUSC,Lung Cancer,-5.297489676,2.072101046
TCGA-GM-A3NW-01,,Breast Cancer,TCGA Tumor,BRCA,Breast Cancer,3.97776362,-1.787728618
TCGA-HV-AA8X-01,,Pancreatic Cancer,TCGA Tumor,PAAD,Pancreatic Cancer,-3.087035451,-2.80419619
TCGA-EM-A2P0-01,,Thyroid Cancer,TCGA Tumor,THCA,Thyroid Cancer,11.51574751,-0.003283783
TCGA-FS-A4F4-06,,Skin Cancer,TCGA Tumor,SKCM,Skin Cancer,5.847098317,3.474071909
TCGA-P3-A5QF-01,,Head and Neck Cancer,TCGA Tumor,HNSC,Head and Neck Cancer,-6.158763442,2.188018013
TCGA-CZ-5988-01,,Kidney Cancer,TCGA Tumor,KIRC,Kidney Cancer,6.101190057,-5.296660017
TCGA-24-1616-01,,Ovarian Cancer,TCGA Tumor,OV,Ovarian Cancer,1.782742706,8.439132143
TCGA-06-0178-01,,Glioblastoma,TCGA Tumor,GBM,Brain Cancer,1.319626954,-9.487255644
TCGA-RD-A7BS-01,,Gastric Cancer,TCGA Tumor,STAD,Gastric Cancer,-4.151452575,-2.771858763
TCGA-49-6743-01,,Lung Cancer,TCGA Tumor,LUAD,Lung Cancer,-1.211583409,-2.253885816
TCGA-RN-A68Q-01,,Nerve,TCGA Tumor,SARC,Nerve,4.992786374,3.406017948
TCGA-FY-A3TY-01,,Thyroid Cancer,TCGA Tumor,THCA,Thyroid Cancer,11.02068945,-0.189776878
TCGA-BP-4993-01,,Kidney Cancer,TCGA Tumor,KIRC,Kidney Cancer,6.285643068,-5.81136043
TCGA-DD-A1EK-01,,Liver Cancer,TCGA Tumor,LIHC,Liver Cancer,0.866851118,4.187047888
TCGA-66-2788-01,,Lung Cancer,TCGA Tumor,LUSC,Lung Cancer,-6.052824054,0.864813794
TCGA-UF-A7J9-01,,Head and Neck Cancer,TCGA Tumor,HNSC,Head and Neck Cancer,-5.384157214,2.333540369
TCGA-EB-A3XE-01,,Skin Cancer,TCGA Tumor,SKCM,Skin Cancer,5.276770082,3.912264038
TCGA-99-AA5R-01,,Lung Cancer,TCGA Tumor,LUAD,Lung Cancer,-0.587405119,-2.243154358
TCGA-D8-A1XU-01,,Breast Cancer,TCGA Tumor,BRCA,Breast Cancer,4.181977239,-1.463745784
TCGA-MP-A4T7-01,,Lung Cancer,TCGA Tumor,LUAD,Lung Cancer,-1.225379143,-2.251995872
TCGA-PL-A8LX-01,,Breast Cancer,TCGA Tumor,BRCA,Breast Cancer,5.519936052,-1.672295164
TCGA-B5-A0JR-01,,Endometrial/Uterine Cancer,TCGA Tumor,UCEC,Endometrial/Uterine Cancer,1.358532455,6.614900995
TCGA-D9-A4Z6-06,,Skin Cancer,TCGA Tumor,SKCM,Skin Cancer,5.921383825,3.583169867
TCGA-HZ-A77O-01,,Pancreatic Cancer,TCGA Tumor,PAAD,Pancreatic Cancer,-2.799480471,-2.476784061
TCGA-CJ-4875-01,,Kidney Cancer,TCGA Tumor,KIRC,Kidney Cancer,6.264893499,-6.752559732
TCGA-13-0730-01,,Ovarian Cancer,TCGA Tumor,OV,Ovarian Cancer,1.24059197,7.71465962
TCGA-EL-A4KH-01,,Thyroid Cancer,TCGA Tumor,THCA,Thyroid Cancer,11.60244509,0.115398776
TCGA-VR-A8EY-01,,Esophageal Cancer,TCGA Tumor,ESCA,Esophageal Cancer,-6.444448504,0.997139622
TCGA-22-5483-01,,Lung Cancer,TCGA Tumor,LUSC,Lung Cancer,-1.517015729,-0.821514915
TCGA-CJ-6032-01,,Kidney Cancer,TCGA Tumor,KIRC,Kidney Cancer,6.325736966,-6.794776987
TCGA-4Z-AA7N-01,,Bladder Cancer,TCGA Tumor,BLCA,Bladder Cancer,-3.959304366,-0.051588442
TCGA-GI-A2C8-01,,Breast Cancer,TCGA Tumor,BRCA,Breast Cancer,3.565060106,-1.358279895
TCGA-34-5927-01,,Lung Cancer,TCGA Tumor,LUSC,Lung Cancer,-5.385684047,2.465196539
TCGA-VQ-A8P2-01,,Gastric Cancer,TCGA Tumor,STAD,Gastric Cancer,-4.858189616,-3.651836227
TCGA-DX-A8BT-01,,Sarcoma,TCGA Tumor,SARC,Sarcoma,1.273358669,1.649003674
TCGA-B6-A0IN-01,,Breast Cancer,TCGA Tumor,BRCA,Breast Cancer,5.476681676,-1.722252916
TCGA-KL-8327-01,,Kidney Cancer,TCGA Tumor,KICH,Kidney Cancer,-3.534668717,5.085730959
TCGA-BJ-A191-01,,Thyroid Cancer,TCGA Tumor,THCA,Thyroid Cancer,11.49476,0.597565044
TCGA-D1-A3DH-01,,Endometrial/Uterine Cancer,TCGA Tumor,UCEC,Endometrial/Uterine Cancer,1.391266074,6.614833761
TCGA-DD-A1EE-01,,Liver Cancer,TCGA Tumor,LIHC,Liver Cancer,1.299275604,3.874905516
TCGA-14-1823-01,,Glioblastoma,TCGA Tumor,GBM,Brain Cancer,1.298089054,-9.31988294
TCGA-KO-8407-01,,Kidney Cancer,TCGA Tumor,KICH,Kidney Cancer,-3.561380658,5.104963709
TCGA-DX-A7EL-01,,Sarcoma,TCGA Tumor,SARC,Sarcoma,1.955644217,1.549783994
TCGA-D7-8574-01,,Gastric Cancer,TCGA Tumor,STAD,Gastric Cancer,-2.728909764,-1.90705664
TARGET-50-PADZUB-01,,Kidney Cancer,TCGA Tumor,WT,Kidney Cancer,-4.587646041,7.716646124
TCGA-CV-7095-01,,Head and Neck Cancer,TCGA Tumor,HNSC,Head and Neck Cancer,-6.875560794,0.656683136
TCGA-ER-A194-01,,Skin Cancer,TCGA Tumor,SKCM,Skin Cancer,6.13133761,3.796774794
TCGA-IB-AAUN-01,,Pancreatic Cancer,TCGA Tumor,PAAD,Pancreatic Cancer,-3.026035819,-2.651031565
TCGA-KN-8433-01,,Kidney Cancer,TCGA Tumor,KICH,Kidney Cancer,-3.559359822,5.103332449
TCGA-EE-A2GI-06,,Skin Cancer,TCGA Tumor,SKCM,Skin Cancer,5.763808694,3.580868174
TCGA-68-7756-01,,Lung Cancer,TCGA Tumor,LUSC,Lung Cancer,-5.761279139,1.446633865
TCGA-A8-A097-01,,Breast Cancer,TCGA Tumor,BRCA,Breast Cancer,5.031309095,-1.396793555
TCGA-CJ-5678-01,,Kidney Cancer,TCGA Tumor,KIRC,Kidney Cancer,6.117680516,-6.654548715
TCGA-55-8090-01,,Lung Cancer,TCGA Tumor,LUAD,Lung Cancer,-0.33631489,-2.928970884
TCGA-E9-A22E-01,,Breast Cancer,TCGA Tumor,BRCA,Breast Cancer,3.247477975,-1.250659894
TCGA-DJ-A3VG-01,,Thyroid Cancer,TCGA Tumor,THCA,Thyroid Cancer,11.50295207,0.870940078
TCGA-CR-7389-01,,Head and Neck Cancer,TCGA Tumor,HNSC,Head and Neck Cancer,-6.574151072,0.422786583
TCGA-29-1777-01,,Ovarian Cancer,TCGA Tumor,OV,Ovarian Cancer,0.906458822,-0.518044602
TCGA-92-8064-01,,Lung Cancer,TCGA Tumor,LUSC,Lung Cancer,-5.272976432,2.194128204
TCGA-BP-4987-01,,Kidney Cancer,TCGA Tumor,KIRC,Kidney Cancer,6.282825914,-6.81074531
TCGA-CC-A8HV-01,,Liver Cancer,TCGA Tumor,LIHC,Liver Cancer,0.212473747,3.412128616
TCGA-BJ-A18Z-01,,Thyroid Cancer,TCGA Tumor,THCA,Thyroid Cancer,11.00605818,-0.208248537
TCGA-97-A4M6-01,,Lung Cancer,TCGA Tumor,LUAD,Lung Cancer,-0.371072385,-2.791675161
TCGA-KO-8416-01,,Kidney Cancer,TCGA Tumor,KICH,Kidney Cancer,-3.562609706,5.114171435
TCGA-A2-A04X-01,,Breast Cancer,TCGA Tumor,BRCA,Breast Cancer,4.891804662,-1.2404886
TCGA-F5-6464-01,,Colorectal Cancer,TCGA Tumor,READ,Colon/Colorectal Cancer,-5.003760371,-3.079704355
TCGA-HU-8604-01,,Gastric Cancer,TCGA Tumor,STAD,Gastric Cancer,-5.393546614,-3.353379797
TCGA-EP-A12J-01,,Liver Cancer,TCGA Tumor,LIHC,Liver Cancer,1.338366535,3.849264074
TCGA-2H-A9GJ-01,,Esophageal Cancer,TCGA Tumor,ESCA,Esophageal Cancer,-3.86918262,-3.63765962
TCGA-D7-6820-01,,Gastric Cancer,TCGA Tumor,STAD,Gastric Cancer,-3.801629576,-3.660473179
TCGA-DJ-A3V0-01,,Thyroid Cancer,TCGA Tumor,THCA,Thyroid Cancer,11.03862616,-0.260593574
TCGA-IG-A5S3-01,,Esophageal Cancer,TCGA Tumor,ESCA,Esophageal Cancer,-6.60694364,0.366412301
TCGA-CR-7393-01,,Head and Neck Cancer,TCGA Tumor,HNSC,Head and Neck Cancer,-6.466673407,0.290865336
TCGA-CV-A45R-01,,Head and Neck Cancer,TCGA Tumor,HNSC,Head and Neck Cancer,-6.57142118,0.507378299
TCGA-LL-A441-01,,Breast Cancer,TCGA Tumor,BRCA,Breast Cancer,1.00416508,-1.537089657
TCGA-AC-A3BB-01,,Breast Cancer,TCGA Tumor,BRCA,Breast Cancer,4.121061053,-1.696958731
TCGA-D9-A1JX-06,,Skin Cancer,TCGA Tumor,SKCM,Skin Cancer,5.572698083,3.686155726
TCGA-A8-A094-01,,Breast Cancer,TCGA Tumor,BRCA,Breast Cancer,4.149401155,-0.934946786
TCGA-C8-A12Z-01,,Breast Cancer,TCGA Tumor,BRCA,Breast Cancer,4.488346544,-1.104092788
TCGA-D3-A2JL-06,,Skin Cancer,TCGA Tumor,SKCM,Skin Cancer,5.912426915,3.620095421
TCGA-D5-6927-01,,Colorectal Cancer,TCGA Tumor,COAD,Colon/Colorectal Cancer,-5.2392979,-3.736377071
TCGA-HF-7134-01,,Gastric Cancer,TCGA Tumor,STAD,Gastric Cancer,-4.659685645,-3.775991272
TCGA-KL-8323-01,,Kidney Cancer,TCGA Tumor,KICH,Kidney Cancer,-3.563767943,5.108250548
TCGA-EE-A2MM-06,,Skin Cancer,TCGA Tumor,SKCM,Skin Cancer,5.025286641,3.405734707
TCGA-EM-A1YB-01,,Thyroid Cancer,TCGA Tumor,THCA,Thyroid Cancer,11.37107321,0.97402661
TCGA-79-5596-01,,Lung Cancer,TCGA Tumor,LUSC,Lung Cancer,-5.97046617,2.406388689
TCGA-D8-A1XF-01,,Breast Cancer,TCGA Tumor,BRCA,Breast Cancer,5.756546941,-1.658695887
TCGA-55-8514-01,,Lung Cancer,TCGA Tumor,LUAD,Lung Cancer,-0.345904145,-3.008933615
TCGA-CV-5432-01,,Head and Neck Cancer,TCGA Tumor,HNSC,Head and Neck Cancer,-6.327834639,1.135344793
TCGA-VQ-A8PM-01,,Gastric Cancer,TCGA Tumor,STAD,Gastric Cancer,-3.951894793,-3.64809234
TCGA-A5-A2K5-01,,Endometrial/Uterine Cancer,TCGA Tumor,UCEC,Endometrial/Uterine Cancer,1.367944029,6.568711687
TCGA-AO-A0JD-01,,Breast Cancer,TCGA Tumor,BRCA,Breast Cancer,4.041934934,-1.579332661
TCGA-62-8402-01,,Lung Cancer,TCGA Tumor,LUAD,Lung Cancer,-0.426943395,-2.667815756
TCGA-04-1536-01,,Ovarian Cancer,TCGA Tumor,OV,Ovarian Cancer,1.90682241,8.191493441
TCGA-KL-8332-01,,Kidney Cancer,TCGA Tumor,KICH,Kidney Cancer,-3.533260379,5.086310793
TCGA-66-2787-01,,Lung Cancer,TCGA Tumor,LUSC,Lung Cancer,-5.318287883,2.499133993
TCGA-05-4424-01,,Lung Cancer,TCGA Tumor,LUAD,Lung Cancer,-0.308934364,-2.864816259
TCGA-A8-A082-01,,Breast Cancer,TCGA Tumor,BRCA,Breast Cancer,5.445410218,-1.595300506
TCGA-27-1837-01,,Glioblastoma,TCGA Tumor,GBM,Brain Cancer,1.287609246,-9.970542501
TCGA-CD-8535-01,,Gastric Cancer,TCGA Tumor,STAD,Gastric Cancer,-3.95229486,-2.232486318
TCGA-L3-A524-01,,Lung Cancer,TCGA Tumor,LUSC,Lung Cancer,-5.299117598,2.397983481
TCGA-3C-AALJ-01,,Breast Cancer,TCGA Tumor,BRCA,Breast Cancer,5.578301397,-1.671075534
TCGA-DD-AAED-01,,Liver Cancer,TCGA Tumor,LIHC,Liver Cancer,0.370666147,3.543436695
TCGA-CQ-5324-01,,Head and Neck Cancer,TCGA Tumor,HNSC,Head and Neck Cancer,-6.526437316,0.419184823
TCGA-MK-A4N6-01,,Thyroid Cancer,TCGA Tumor,THCA,Thyroid Cancer,11.00774714,-0.45693339
TCGA-HU-A4GJ-01,,Gastric Cancer,TCGA Tumor,STAD,Gastric Cancer,-3.981179747,-3.506022524
TCGA-DD-AADO-01,,Liver Cancer,TCGA Tumor,LIHC,Liver Cancer,0.502108846,3.612913061
TCGA-LL-A440-01,,Breast Cancer,TCGA Tumor,BRCA,Breast Cancer,3.335431304,-1.357076596
TCGA-38-4632-01,,Lung Cancer,TCGA Tumor,LUAD,Lung Cancer,0.030534324,-2.780755113
TCGA-AR-A2LK-01,,Breast Cancer,TCGA Tumor,BRCA,Breast Cancer,4.764407602,-1.603366326
TARGET-50-PAJMVU-01,,Kidney Cancer,TCGA Tumor,WT,Kidney Cancer,-4.608453307,7.741918017
TCGA-13-1507-01,,Ovarian Cancer,TCGA Tumor,OV,Ovarian Cancer,1.665297475,7.792618681
TCGA-56-8624-01,,Lung Cancer,TCGA Tumor,LUSC,Lung Cancer,-6.247501406,1.452056814
TCGA-KS-A4I3-01,,Thyroid Cancer,TCGA Tumor,THCA,Thyroid Cancer,10.97336432,-0.669901024
TCGA-D6-A6ES-01,,Head and Neck Cancer,TCGA Tumor,HNSC,Head and Neck Cancer,-6.329331431,0.142712701
TCGA-49-6761-01,,Lung Cancer,TCGA Tumor,LUAD,Lung Cancer,-0.07264683,-3.010231088
TCGA-A8-A07G-01,,Breast Cancer,TCGA Tumor,BRCA,Breast Cancer,4.067290511,-1.694946359
TCGA-KN-8425-01,,Kidney Cancer,TCGA Tumor,KICH,Kidney Cancer,-3.561095509,5.103573252
TCGA-QK-A6IF-01,,Head and Neck Cancer,TCGA Tumor,HNSC,Head and Neck Cancer,-5.757730517,1.780160595
TCGA-DA-A95X-06,,Skin Cancer,TCGA Tumor,SKCM,Skin Cancer,5.482551065,3.439949204
TCGA-HZ-7918-01,,Pancreatic Cancer,TCGA Tumor,PAAD,Pancreatic Cancer,-1.397357735,-0.943901967
TCGA-BH-A0DI-01,,Breast Cancer,TCGA Tumor,BRCA,Breast Cancer,3.032666412,-1.171492766
TCGA-XF-A9SW-01,,Bladder Cancer,TCGA Tumor,BLCA,Bladder Cancer,3.484694209,-1.630892109
TCGA-A3-A8OV-01,,Kidney Cancer,TCGA Tumor,KIRC,Kidney Cancer,6.26344296,-6.835911344
TCGA-ET-A25J-01,,Thyroid Cancer,TCGA Tumor,THCA,Thyroid Cancer,10.97992178,-0.582049142
TCGA-W3-AA1W-06,,Skin Cancer,TCGA Tumor,SKCM,Skin Cancer,5.84690186,3.474995781
TCGA-05-4432-01,,Lung Cancer,TCGA Tumor,LUAD,Lung Cancer,-0.659005079,-2.454483103
TCGA-LN-A5U5-01,,Esophageal Cancer,TCGA Tumor,ESCA,Esophageal Cancer,-5.318053756,1.969455887
TCGA-BH-A0B7-01,,Breast Cancer,TCGA Tumor,BRCA,Breast Cancer,4.123720613,-0.9366122
TCGA-K1-A6RU-01,,Sarcoma,TCGA Tumor,SARC,Sarcoma,1.256582048,1.690208365
TCGA-AY-A71X-01,,Colorectal Cancer,TCGA Tumor,COAD,Colon/Colorectal Cancer,-5.158798728,-3.708106588
TCGA-DD-A1EG-01,,Liver Cancer,TCGA Tumor,LIHC,Liver Cancer,0.920462277,4.014183451
TCGA-CV-5436-01,,Head and Neck Cancer,TCGA Tumor,HNSC,Head and Neck Cancer,-6.847579512,0.634319891
TCGA-DK-A3WX-01,,Bladder Cancer,TCGA Tumor,BLCA,Bladder Cancer,-6.351456198,0.658008922
TARGET-50-PAJMRL-01,,Kidney Cancer,TCGA Tumor,WT,Kidney Cancer,-4.62723783,7.761900355
TCGA-CZ-5982-01,,Kidney Cancer,TCGA Tumor,KIRC,Kidney Cancer,6.356536832,-6.624939512
TCGA-DX-A3LY-01,,Sarcoma,TCGA Tumor,SARC,Sarcoma,1.178393688,1.229525019
TCGA-FY-A3R7-01,,Thyroid Cancer,TCGA Tumor,THCA,Thyroid Cancer,11.51078078,0.581561555
TCGA-CF-A9FH-01,,Bladder Cancer,TCGA Tumor,BLCA,Bladder Cancer,-3.642636332,0.150395137
TCGA-R6-A6XG-01,,Esophageal Cancer,TCGA Tumor,ESCA,Esophageal Cancer,-3.788693938,-3.697749924
TCGA-F5-6811-01,,Colorectal Cancer,TCGA Tumor,READ,Colon/Colorectal Cancer,-5.740074191,-3.621124338
TCGA-BC-A10R-01,,Liver Cancer,TCGA Tumor,LIHC,Liver Cancer,0.976278749,4.113550116
TCGA-QK-A6VC-01,,Head and Neck Cancer,TCGA Tumor,HNSC,Head and Neck Cancer,-6.424958739,1.690796543
TCGA-49-AAQV-01,,Lung Cancer,TCGA Tumor,LUAD,Lung Cancer,-0.258833203,-2.930570434
TCGA-A2-A0EX-01,,Breast Cancer,TCGA Tumor,BRCA,Breast Cancer,3.831721273,-1.681271385
TCGA-EE-A2MF-06,,Skin Cancer,TCGA Tumor,SKCM,Skin Cancer,5.492999044,3.685646702
TCGA-D8-A1XR-01,,Breast Cancer,TCGA Tumor,BRCA,Breast Cancer,4.384707179,-1.160294246
TCGA-EB-A5SH-06,,Skin Cancer,TCGA Tumor,SKCM,Skin Cancer,6.592861142,4.317509104
TCGA-AR-A0TQ-01,,Breast Cancer,TCGA Tumor,BRCA,Breast Cancer,5.647801366,-1.714268755
TCGA-G3-A3CG-01,,Liver Cancer,TCGA Tumor,LIHC,Liver Cancer,1.023113456,4.202321936
TCGA-ER-A19E-06,,Skin Cancer,TCGA Tumor,SKCM,Skin Cancer,5.14266726,3.482763935
TCGA-DK-AA6U-01,,Bladder Cancer,TCGA Tumor,BLCA,Bladder Cancer,-3.589737687,-0.637584876
TCGA-BR-8286-01,,Gastric Cancer,TCGA Tumor,STAD,Gastric Cancer,-3.8058534,-3.704552721
TCGA-18-3409-01,,Lung Cancer,TCGA Tumor,LUSC,Lung Cancer,-5.309716735,0.755030442
TCGA-JV-A75J-01,,Sarcoma,TCGA Tumor,SARC,Sarcoma,0.416284481,1.048688401
TCGA-DD-A1ED-01,,Liver Cancer,TCGA Tumor,LIHC,Liver Cancer,1.057835307,4.153388907
TCGA-BH-A18P-01,,Breast Cancer,TCGA Tumor,BRCA,Breast Cancer,4.739871946,-1.207494925
TCGA-A6-6782-01,,Colorectal Cancer,TCGA Tumor,COAD,Colon/Colorectal Cancer,-5.818012271,-3.479173254
TCGA-BH-A0B3-01,,Breast Cancer,TCGA Tumor,BRCA,Breast Cancer,0.896654304,-1.451463651
TCGA-BR-A4CR-01,,Gastric Cancer,TCGA Tumor,STAD,Gastric Cancer,-1.267898593,-0.64682753
TCGA-2Y-A9H8-01,,Liver Cancer,TCGA Tumor,LIHC,Liver Cancer,0.739852842,3.882114102
TCGA-61-1721-01,,Ovarian Cancer,TCGA Tumor,OV,Ovarian Cancer,1.496401396,1.61653762
TCGA-56-8628-01,,Lung Cancer,TCGA Tumor,LUSC,Lung Cancer,-5.201785121,1.341460515
TCGA-CW-5591-01,,Kidney Cancer,TCGA Tumor,KIRC,Kidney Cancer,-0.732939038,7.572140146
TCGA-G4-6626-01,,Colorectal Cancer,TCGA Tumor,COAD,Colon/Colorectal Cancer,-6.049923453,-3.66446812
TCGA-2Y-A9GT-01,,Liver Cancer,TCGA Tumor,LIHC,Liver Cancer,0.931380239,4.190068651
TCGA-EO-A3AZ-01,,Endometrial/Uterine Cancer,TCGA Tumor,UCEC,Endometrial/Uterine Cancer,0.946148482,6.677498747
TCGA-3N-A9WD-06,,Skin Cancer,TCGA Tumor,SKCM,Skin Cancer,5.921859231,3.563874651
TCGA-G3-A3CJ-01,,Liver Cancer,TCGA Tumor,LIHC,Liver Cancer,1.311137703,3.883906294
TCGA-2L-AAQI-01,,Pancreatic Cancer,TCGA Tumor,PAAD,Pancreatic Cancer,-2.739399705,-2.459391664
TCGA-HS-A5N9-01,,Sarcoma,TCGA Tumor,SARC,Sarcoma,1.953804341,1.585691262
TCGA-E2-A15O-01,,Breast Cancer,TCGA Tumor,BRCA,Breast Cancer,5.545877423,-1.512459468
TCGA-50-5045-01,,Lung Cancer,TCGA Tumor,LUAD,Lung Cancer,0.070227679,-2.52827413
TCGA-DA-A95W-06,,Skin Cancer,TCGA Tumor,SKCM,Skin Cancer,6.648432222,4.378523279
TCGA-BP-4332-01,,Kidney Cancer,TCGA Tumor,KIRC,Kidney Cancer,6.24591538,-5.770762037
TARGET-50-PAJNSL-01,,Kidney Cancer,TCGA Tumor,WT,Kidney Cancer,-4.56512979,7.69766276
TCGA-AO-A12C-01,,Breast Cancer,TCGA Tumor,BRCA,Breast Cancer,3.81746861,-1.625572633
TCGA-P3-A5Q5-01,,Head and Neck Cancer,TCGA Tumor,HNSC,Head and Neck Cancer,-6.039563212,2.354921271
TCGA-DJ-A2QC-01,,Thyroid Cancer,TCGA Tumor,THCA,Thyroid Cancer,11.58945509,0.196889747
TCGA-OL-A97C-01,,Breast Cancer,TCGA Tumor,BRCA,Breast Cancer,1.115325835,7.500963617
TCGA-18-3416-01,,Lung Cancer,TCGA Tumor,LUSC,Lung Cancer,-5.267693553,2.222371508
TCGA-DA-A1IB-06,,Skin Cancer,TCGA Tumor,SKCM,Skin Cancer,5.828573671,3.58255427
TCGA-68-7755-01,,Lung Cancer,TCGA Tumor,LUSC,Lung Cancer,-5.380088362,2.412801911
TCGA-EE-A2GN-06,,Skin Cancer,TCGA Tumor,SKCM,Skin Cancer,5.641194787,3.868398119
TCGA-EO-A3KW-01,,Endometrial/Uterine Cancer,TCGA Tumor,UCEC,Endometrial/Uterine Cancer,1.756588068,8.568574358
TCGA-NH-A8F8-01,,Colorectal Cancer,TCGA Tumor,COAD,Colon/Colorectal Cancer,-5.803832564,-3.499148439
TCGA-EL-A3GP-01,,Thyroid Cancer,TCGA Tumor,THCA,Thyroid Cancer,11.00987288,-0.30561177
TCGA-G3-AAV2-01,,Liver Cancer,TCGA Tumor,LIHC,Liver Cancer,1.331543412,3.858315874
TCGA-DD-A73C-01,,Liver Cancer,TCGA Tumor,LIHC,Liver Cancer,0.979804006,4.21152537
TCGA-H2-A3RI-01,,Thyroid Cancer,TCGA Tumor,THCA,Thyroid Cancer,11.01612517,-0.52681167
TCGA-21-5787-01,,Lung Cancer,TCGA Tumor,LUSC,Lung Cancer,-1.237522874,-2.114054512
TCGA-BJ-A45D-01,,Thyroid Cancer,TCGA Tumor,THCA,Thyroid Cancer,11.65232417,0.700291563
TCGA-D7-A6EX-01,,Gastric Cancer,TCGA Tumor,STAD,Gastric Cancer,-2.513139043,-1.913571905
TCGA-FY-A4B4-01,,Thyroid Cancer,TCGA Tumor,THCA,Thyroid Cancer,10.98367068,-0.310257148
TCGA-BH-A18G-01,,Breast Cancer,TCGA Tumor,BRCA,Breast Cancer,1.109040227,-1.353941988
TCGA-13-0725-01,,Ovarian Cancer,TCGA Tumor,OV,Ovarian Cancer,2.001360264,8.146722246
TCGA-B6-A0IA-01,,Breast Cancer,TCGA Tumor,BRCA,Breast Cancer,4.638967004,-1.483662199
TCGA-A8-A090-01,,Breast Cancer,TCGA Tumor,BRCA,Breast Cancer,5.163982835,-1.512591909
TCGA-BB-4217-01,,Head and Neck Cancer,TCGA Tumor,HNSC,Head and Neck Cancer,-8.559714827,6.923615862
TCGA-5T-A9QA-01,,Breast Cancer,TCGA Tumor,BRCA,Breast Cancer,5.649261441,-1.665103506
TCGA-TN-A7HJ-01,,Head and Neck Cancer,TCGA Tumor,HNSC,Head and Neck Cancer,-6.583313498,0.918979038
TCGA-AN-A0XT-01,,Breast Cancer,TCGA Tumor,BRCA,Breast Cancer,4.067294088,-1.773092817
TCGA-78-7145-01,,Lung Cancer,TCGA Tumor,LUAD,Lung Cancer,-0.101104352,-3.053615879
TCGA-EE-A29L-06,,Skin Cancer,TCGA Tumor,SKCM,Skin Cancer,6.019129243,3.553263594
TCGA-44-2659-01,,Lung Cancer,TCGA Tumor,LUAD,Lung Cancer,-0.144071791,-2.643528532
TCGA-G2-AA3C-01,,Bladder Cancer,TCGA Tumor,BLCA,Bladder Cancer,1.070252147,1.136542846
TCGA-HU-8602-01,,Gastric Cancer,TCGA Tumor,STAD,Gastric Cancer,-4.416424784,-3.50925691
TCGA-CR-6470-01,,Head and Neck Cancer,TCGA Tumor,HNSC,Head and Neck Cancer,-5.924333606,1.890025545
TCGA-2H-A9GM-01,,Esophageal Cancer,TCGA Tumor,ESCA,Esophageal Cancer,-4.084071669,-2.928788732
TCGA-CM-4751-01,,Colorectal Cancer,TCGA Tumor,COAD,Colon/Colorectal Cancer,-5.650701556,-3.541104387
TCGA-AO-A0J4-01,,Breast Cancer,TCGA Tumor,BRCA,Breast Cancer,0.97488704,-1.573271107
TCGA-78-7160-01,,Lung Cancer,TCGA Tumor,LUAD,Lung Cancer,-1.245070967,-2.254318308
TCGA-77-6844-01,,Lung Cancer,TCGA Tumor,LUSC,Lung Cancer,-6.012761149,2.237769295
TCGA-B8-5549-01,,Kidney Cancer,TCGA Tumor,KIRC,Kidney Cancer,6.233334031,-6.690197061
TCGA-A2-A0YK-01,,Breast Cancer,TCGA Tumor,BRCA,Breast Cancer,4.078553405,-1.708797048
TCGA-18-3414-01,,Lung Cancer,TCGA Tumor,LUSC,Lung Cancer,-5.762348685,1.544946123
TCGA-13-1481-01,,Ovarian Cancer,TCGA Tumor,OV,Ovarian Cancer,1.494879928,7.789276529
TCGA-BP-4803-01,,Kidney Cancer,TCGA Tumor,KIRC,Kidney Cancer,6.234822717,-5.598986219
TCGA-A8-A09K-01,,Breast Cancer,TCGA Tumor,BRCA,Breast Cancer,5.522443738,-1.591030549
TCGA-61-1907-01,,Ovarian Cancer,TCGA Tumor,OV,Ovarian Cancer,1.790339318,8.449233462
TCGA-IB-7885-01,,Pancreatic Cancer,TCGA Tumor,PAAD,Pancreatic Cancer,-2.892839942,-2.616631817
TCGA-95-7947-01,,Lung Cancer,TCGA Tumor,LUAD,Lung Cancer,-0.42463151,-2.933669876
TCGA-VQ-AA6F-01,,Gastric Cancer,TCGA Tumor,STAD,Gastric Cancer,-3.777063403,-3.636545252
TCGA-BR-8588-01,,Gastric Cancer,TCGA Tumor,STAD,Gastric Cancer,-4.412866626,-3.454848121
TCGA-24-2254-01,,Ovarian Cancer,TCGA Tumor,OV,Ovarian Cancer,-0.320846829,-2.733024191
TCGA-DD-A115-01,,Liver Cancer,TCGA Tumor,LIHC,Liver Cancer,0.885600891,4.210734297
HCM-BROD-0001-C18-06A,HCM-BROD-0001-C18,Colorectal Cancer,HCMI Tumor,READ,Colon/Colorectal Cancer,-5.624419722,-2.925158333
HCM-BROD-0002-C71-01A,HCM-BROD-0002-C71,Glioblastoma,HCMI Tumor,GBM,Brain Cancer,1.784954992,-9.29876573
HCM-BROD-0003-C71-01A,HCM-BROD-0003-C71,Glioblastoma,HCMI Tumor,GBM,Brain Cancer,1.917980519,-9.392823767
HCM-BROD-0004-C64-02A,HCM-BROD-0004-C64,Wilms Tumor,HCMI Tumor,WT,Kidney Cancer,-4.649413619,7.786531855
HCM-BROD-0008-C25-06A,HCM-BROD-0008-C25,Pancreatic Cancer,HCMI Tumor,PAAD,Pancreatic Cancer,9.555000749,4.225953985
HCM-BROD-0011-C71-01A,HCM-BROD-0011-C71,Glioblastoma,HCMI Tumor,GBM,Brain Cancer,1.648683992,-9.210937094
HCM-BROD-0012-C71-01A,HCM-BROD-0012-C71,Glioblastoma,HCMI Tumor,GBM,Brain Cancer,1.673580375,-9.237017225
HCM-BROD-0013-C71-02A,HCM-BROD-0013-C71,Glioblastoma,HCMI Tumor,GBM,Brain Cancer,2.251562681,-10.95241887
HCM-BROD-0014-C71-01A,HCM-BROD-0014-C71,Glioblastoma,HCMI Tumor,GBM,Brain Cancer,2.691600528,-9.693335127
HCM-BROD-0019-C25-01B,HCM-BROD-0019-C25,Pancreatic Cancer,HCMI Tumor,PAAD,Pancreatic Cancer,-2.254019532,-2.629803728
HCM-BROD-0027-C34-06A,HCM-BROD-0027-C34,Lung Cancer,HCMI Tumor,LUAD,Lung Cancer,-1.346631799,-2.136904548
HCM-BROD-0028-C71-01A,HCM-BROD-0028-C71,Glioblastoma,HCMI Tumor,GBM,Brain Cancer,1.696532812,-9.173703741
HCM-BROD-0035-C49-06A,HCM-BROD-0035-C49,Bone Cancer,HCMI Tumor,SARC,Sarcoma,0.097934571,0.32218026
HCM-BROD-0036-C41-06A,HCM-BROD-0036-C41,Bone Cancer,HCMI Tumor,SARC,Bone Cancer,-3.895661864,-12.34554155
HCM-BROD-0041-C64-01A,HCM-BROD-0041-C64,Wilms Tumor,HCMI Tumor,WT,Kidney Cancer,-4.490510974,7.619556833
HCM-BROD-0046-C71-02A,HCM-BROD-0046-C71,Glioblastoma,HCMI Tumor,GBM,Brain Cancer,2.785253015,-9.769071173
HCM-BROD-0047-C71-02A,HCM-BROD-0047-C71,Glioblastoma,HCMI Tumor,GBM,Brain Cancer,1.61902627,-9.182871412
HCM-BROD-0052-C49-01A,HCM-BROD-0052-C49,Spindle Cell Sarcoma,HCMI Tumor,SARC,Sarcoma,-3.905254397,6.697877813
HCM-BROD-0053-C49-06A,HCM-BROD-0053-C49,Epithelial Sarcoma,HCMI Tumor,SARC,Sarcoma,-3.983664069,-12.26279409
HCM-BROD-0055-C64-01A,HCM-BROD-0055-C64,Wilms Tumor,HCMI Tumor,WT,Kidney Cancer,-3.958330664,6.786270071
HCM-BROD-0095-C15-06A,HCM-BROD-0095-C15,Esophageal Cancer,HCMI Tumor,ESCA,Esophageal Cancer,0.328305904,-1.465781759
HCM-BROD-0097-C15-06A,HCM-BROD-0097-C15,Esophageal Cancer,HCMI Tumor,ESCA,Esophageal Cancer,-4.899925742,-1.929762672
HCM-BROD-0100-C15-01A,HCM-BROD-0100-C15,Esophageal Cancer,HCMI Tumor,ESCA,Esophageal Cancer,-2.654380832,-2.64552338
HCM-BROD-0103-C71-01A,HCM-BROD-0103-C71,Glioblastoma,HCMI Tumor,GBM,Brain Cancer,1.772994604,-9.277031492
HCM-BROD-0106-C71-02A,HCM-BROD-0106-C71,Glioblastoma,HCMI Tumor,GBM,Brain Cancer,1.556019273,-9.19005258
HCM-BROD-0110-C25-01A,HCM-BROD-0110-C25,Pancreatic Cancer,HCMI Tumor,PAAD,Pancreatic Cancer,-2.291323218,-1.820635628
HCM-BROD-0115-C16-01A,HCM-BROD-0115-C16,Gastric Cancer,HCMI Tumor,STAD,Gastric Cancer,-2.556570086,-2.658275436
HCM-BROD-0116-C16-01A,HCM-BROD-0116-C16,Gastric Cancer,HCMI Tumor,STAD,Gastric Cancer,4.321826425,-1.164605211
HCM-BROD-0120-C15-06A,HCM-BROD-0120-C15,Esophageal Cancer,HCMI Tumor,ESCA,Esophageal Cancer,-1.820912871,-2.27960689
HCM-BROD-0124-C25-01A,HCM-BROD-0124-C25,Pancreatic Cancer,HCMI Tumor,PAAD,Pancreatic Cancer,0.586444583,0.46146806
HCM-BROD-0130-C25-06A,HCM-BROD-0130-C25,Pancreatic Cancer,HCMI Tumor,PAAD,Pancreatic Cancer,0.599117529,0.492148269
HCM-BROD-0140-C16-01A,HCM-BROD-0140-C16,Gastric Cancer,HCMI Tumor,STAD,Gastric Cancer,-0.679961357,-2.150264095
HCM-BROD-0195-C71-01A,HCM-BROD-0195-C71,Glioblastoma,HCMI Tumor,GBM,Brain Cancer,2.255367604,-10.97216279
HCM-BROD-0196-C71-01A,HCM-BROD-0196-C71,Glioblastoma,HCMI Tumor,GBM,Brain Cancer,1.942141857,-9.409668516
HCM-BROD-0199-C71-01A,HCM-BROD-0199-C71,Glioblastoma,HCMI Tumor,GBM,Brain Cancer,2.057528343,-9.415676664
HCM-BROD-0199-C71-02A,HCM-BROD-0199-C71,Glioblastoma,HCMI Tumor,GBM,Brain Cancer,1.50466713,-9.176988195
HCM-BROD-0200-C71-01A,HCM-BROD-0200-C71,Glioblastoma,HCMI Tumor,GBM,Brain Cancer,1.399458792,-9.222084593
HCM-BROD-0209-C71-02A,HCM-BROD-0209-C71,Glioblastoma,HCMI Tumor,GBM,Brain Cancer,1.469972816,-9.297300886
HCM-BROD-0210-C71-02A,HCM-BROD-0210-C71,Glioblastoma,HCMI Tumor,GBM,Brain Cancer,1.742582765,-9.249240469
HCM-BROD-0213-C71-02A,HCM-BROD-0213-C71,Glioblastoma,HCMI Tumor,GBM,Brain Cancer,1.686896053,-9.219399999
HCM-BROD-0220-C15-06A,HCM-BROD-0220-C15,Esophageal Cancer,HCMI Tumor,ESCA,Esophageal Cancer,-5.122692141,-2.167672705
HCM-BROD-0223-C43-06A,HCM-BROD-0223-C43,Skin Cancer,HCMI Tumor,SKCM,Skin Cancer,6.017395463,3.577274014
HCM-BROD-0231-C25-06A,HCM-BROD-0231-C25,Pancreatic Cancer,HCMI Tumor,PAAD,Pancreatic Cancer,-3.930664096,-12.3201576
HCM-BROD-0234-C49-06A,HCM-BROD-0234-C49,Spindle Cell Sarcoma,HCMI Tumor,SARC,Sarcoma,1.135624316,1.103722144
HCM-BROD-0235-C16-06A,HCM-BROD-0235-C16,Gastric Cancer,HCMI Tumor,STAD,Gastric Cancer,-4.502315554,-3.466924499
HCM-BROD-0351-C49-06B,HCM-BROD-0351-C49,Leiomyosarcoma,HCMI Tumor,SARC,Sarcoma,1.918749538,1.178134967
HCM-BROD-0415-C71-02B,HCM-BROD-0415-C71,Glioblastoma,HCMI Tumor,GBM,Brain Cancer,1.706508007,-9.238333296
HCM-BROD-0416-C71-01A,HCM-BROD-0416-C71,Glioblastoma,HCMI Tumor,GBM,Brain Cancer,1.685369816,-9.234034132
HCM-BROD-0417-C71-01A,HCM-BROD-0417-C71,Glioblastoma,HCMI Tumor,GBM,Brain Cancer,1.451305595,-9.094696592
HCM-BROD-0418-C71-01A,HCM-BROD-0418-C71,Glioblastoma,HCMI Tumor,GBM,Brain Cancer,2.783049073,-9.744559835
HCM-BROD-0420-C71-02B,HCM-BROD-0420-C71,Glioblastoma,HCMI Tumor,GBM,Brain Cancer,1.536620822,-9.123781751
HCM-BROD-0421-C71-01B,HCM-BROD-0421-C71,Glioblastoma,HCMI Tumor,GBM,Brain Cancer,1.762582865,-9.270568441
HCM-BROD-0423-C71-01A,HCM-BROD-0423-C71,Glioblastoma,HCMI Tumor,GBM,Brain Cancer,1.909529891,-9.370344709
HCM-BROD-0444-C43-06A,HCM-BROD-0444-C43,Skin Cancer,HCMI Tumor,SKCM,Skin Cancer,6.646687951,4.359362055
HCM-BROD-0448-C15-06A,HCM-BROD-0448-C15,Esophageal Cancer,HCMI Tumor,ESCA,Esophageal Cancer,-3.766993556,-12.42059953
HCM-BROD-0455-C71-01A,HCM-BROD-0455-C71,Glioblastoma,HCMI Tumor,GBM,Brain Cancer,1.513758626,-9.222426962
HCM-BROD-0457-C71-01A,HCM-BROD-0457-C71,Glioblastoma,HCMI Tumor,GBM,Brain Cancer,1.643705693,-9.240546774
HCM-BROD-0472-C34-06B,HCM-BROD-0472-C34,Lung Cancer,HCMI Tumor,SCLC,Lung Cancer,-1.065259371,-2.209834169
HCM-BROD-0477-C16-06A,HCM-BROD-0477-C16,Gastric Cancer,HCMI Tumor,STAD,Gastric Cancer,-3.902614627,-12.37137754
HCM-BROD-0483-C16-06A,HCM-BROD-0483-C16,Gastric Cancer,HCMI Tumor,STAD,Gastric Cancer,-3.879830394,-12.33408315
HCM-BROD-0483-C16-07A,HCM-BROD-0483-C16,Gastric Cancer,HCMI Tumor,STAD,Gastric Cancer,-3.877234492,-12.31961019
HCM-BROD-0485-C15-06A,HCM-BROD-0485-C15,Esophageal Cancer,HCMI Tumor,ESCA,Esophageal Cancer,-2.807673011,-2.962886165
HCM-BROD-0489-C15-06A,HCM-BROD-0489-C15,Esophageal Cancer,HCMI Tumor,ESCA,Esophageal Cancer,-3.943756614,-12.27753694
HCM-BROD-0557-C43-06A,HCM-BROD-0557-C43,Skin Cancer,HCMI Tumor,SKCM,Skin Cancer,5.532574144,3.481348921
HCM-BROD-0561-C43-06A,HCM-BROD-0561-C43,Skin Cancer,HCMI Tumor,SKCM,Skin Cancer,6.620595422,4.385402132
HCM-BROD-0569-C43-06A,HCM-BROD-0569-C43,Skin Cancer,HCMI Tumor,SKCM,Skin Cancer,5.126884904,3.444105316
HCM-BROD-0577-C15-06A,HCM-BROD-0577-C15,Esophageal Cancer,HCMI Tumor,ESCA,Esophageal Cancer,-0.01542348,3.685299565
HCM-BROD-0578-C15-06A,HCM-BROD-0578-C15,Esophageal Cancer,HCMI Tumor,ESCA,Esophageal Cancer,-3.917443785,-12.42288644
HCM-BROD-0579-C16-06A,HCM-BROD-0579-C16,Gastric Cancer,HCMI Tumor,STAD,Gastric Cancer,-5.645916972,-2.716187548
HCM-BROD-0594-C43-06A,HCM-BROD-0594-C43,Skin Cancer,HCMI Tumor,SKCM,Skin Cancer,5.94499394,3.574179817
HCM-BROD-0595-C43-06A,HCM-BROD-0595-C43,Skin Cancer,HCMI Tumor,SKCM,Skin Cancer,5.958771196,3.376472403
HCM-BROD-0596-C43-06A,HCM-BROD-0596-C43,Skin Cancer,HCMI Tumor,SKCM,Skin Cancer,6.727062192,4.442806173
HCM-BROD-0597-C64-01B,HCM-BROD-0597-C64,Wilms Tumor,HCMI Tumor,WT,Kidney Cancer,-3.94547275,6.741309572
HCM-BROD-0613-C71-01A,HCM-BROD-0613-C71,Glioblastoma,HCMI Tumor,GBM,Brain Cancer,0.9862214,0.812663008
HCM-BROD-0614-C71-01A,HCM-BROD-0614-C71,Glioblastoma,HCMI Tumor,GBM,Brain Cancer,1.511196461,-9.150129865
HCM-BROD-0615-C16-06A,HCM-BROD-0615-C16,Gastric Cancer,HCMI Tumor,STAD,Gastric Cancer,-5.579484019,-2.760054659
HCM-BROD-0642-C43-06A,HCM-BROD-0642-C43,Skin Cancer,HCMI Tumor,SKCM,Skin Cancer,5.723829236,3.80816095
HCM-BROD-0643-C43-06A,HCM-BROD-0643-C43,Skin Cancer,HCMI Tumor,SKCM,Skin Cancer,5.94389626,3.562336374
HCM-BROD-0644-C25-06B,HCM-BROD-0644-C25,Pancreatic Cancer,HCMI Tumor,PAAD,Pancreatic Cancer,-5.053805861,1.913781811
HCM-BROD-0648-C71-02A,HCM-BROD-0648-C71,Glioblastoma,HCMI Tumor,GBM,Brain Cancer,2.173593726,-10.96022851
HCM-BROD-0649-C49-06A,HCM-BROD-0649-C49,Leiomyosarcoma,HCMI Tumor,SARC,Sarcoma,1.91671988,1.622826983
HCM-BROD-0650-C56-06A,HCM-BROD-0650-C56,Ovarian Cancer,HCMI Tumor,OV,Ovarian Cancer,1.820922461,8.105274607
HCM-BROD-0679-C43-06A,HCM-BROD-0679-C43,Skin Cancer,HCMI Tumor,SKCM,Skin Cancer,4.964302507,3.375096966
HCM-BROD-0681-C71-02A,HCM-BROD-0681-C71,Glioblastoma,HCMI Tumor,GBM,Brain Cancer,1.270000603,-9.937514852
HCM-BROD-0683-C43-06A,HCM-BROD-0683-C43,Skin Cancer,HCMI Tumor,SKCM,Skin Cancer,5.417255845,3.434993197
HCM-BROD-0685-C71-01A,HCM-BROD-0685-C71,Glioblastoma,HCMI Tumor,GBM,Brain Cancer,1.427442637,-9.249453138
HCM-BROD-0689-C71-02A,HCM-BROD-0689-C71,Glioblastoma,HCMI Tumor,GBM,Brain Cancer,1.56377944,-9.179005216
HCM-BROD-0693-C71-01A,HCM-BROD-0693-C71,Glioblastoma,HCMI Tumor,GBM,Brain Cancer,1.97838625,-9.484520506
HCM-BROD-0694-C43-06A,HCM-BROD-0694-C43,Skin Cancer,HCMI Tumor,SKCM,Skin Cancer,6.166166749,3.807369877
HCM-BROD-0695-C71-02B,HCM-BROD-0695-C71,Glioblastoma,HCMI Tumor,GBM,Brain Cancer,2.158267346,-9.410684179
HCM-BROD-0701-C43-06B,HCM-BROD-0701-C43,Skin Cancer,HCMI Tumor,SKCM,Skin Cancer,6.020831075,3.509825159
HCM-BROD-0709-C64-01A,HCM-BROD-0709-C64,Kidney Cancer,HCMI Tumor,KIRC,Kidney Cancer,-0.025837246,3.26290815
HCM-BROD-0710-C43-06C,HCM-BROD-0710-C43,Skin Cancer,HCMI Tumor,SKCM,Skin Cancer,5.870108094,3.297123123
HCM-BROD-0711-C64-01A,HCM-BROD-0711-C64,Kidney Cancer,HCMI Tumor,KICH,Kidney Cancer,-3.565233025,5.104261805
HCM-BROD-0715-C43-06A,HCM-BROD-0715-C43,Skin Cancer,HCMI Tumor,SKCM,Skin Cancer,5.319098439,3.473536183
HCM-BROD-0716-C43-06B,HCM-BROD-0716-C43,Skin Cancer,HCMI Tumor,SKCM,Skin Cancer,6.721300092,4.433829714
HCM-BROD-0719-C43-06B,HCM-BROD-0719-C43,Skin Cancer,HCMI Tumor,SKCM,Skin Cancer,5.347700086,3.457313229
HCM-BROD-0724-C43-06A,HCM-BROD-0724-C43,Skin Cancer,HCMI Tumor,SKCM,Skin Cancer,5.993974176,3.632832934
HCM-BROD-0745-C43-06B,HCM-BROD-0745-C43,Skin Cancer,HCMI Tumor,SKCM,Skin Cancer,0.869419899,0.727192987
HCM-BROD-0758-C43-06A,HCM-BROD-0758-C43,Skin Cancer,HCMI Tumor,SKCM,Skin Cancer,5.917055097,3.486067701
HCM-BROD-0793-C15-06A,HCM-BROD-0793-C15,Esophageal Cancer,HCMI Tumor,ESCA,Esophageal Cancer,-2.842687878,-3.007348846
HCM-BROD-0794-C16-06B,HCM-BROD-0794-C16,Gastric Cancer,HCMI Tumor,STAD,Gastric Cancer,-5.595119033,-2.886014055
HCM-BROD-0796-C71-01B,HCM-BROD-0796-C71,Glioblastoma,HCMI Tumor,GBM,Brain Cancer,1.747027722,-9.264637541
HCM-BROD-0830-C71-02A,HCM-BROD-0830-C71,Glioblastoma,HCMI Tumor,GBM,Brain Cancer,1.698652353,-9.24868543
HCM-BROD-0831-C71-01A,HCM-BROD-0831-C71,Glioblastoma,HCMI Tumor,GBM,Brain Cancer,1.962058749,-9.54583795
HCM-BROD-0834-C43-06A,HCM-BROD-0834-C43,Skin Cancer,HCMI Tumor,SKCM,Skin Cancer,6.486053434,4.241714884
HCM-BROD-0869-C43-06A,HCM-BROD-0869-C43,Skin Cancer,HCMI Tumor,SKCM,Skin Cancer,5.930179086,3.543830324
HCM-BROD-0870-C43-06B,HCM-BROD-0870-C43,Skin Cancer,HCMI Tumor,SKCM,Skin Cancer,6.674463716,4.386858393
HCM-BROD-0871-C49-06B,HCM-BROD-0871-C49,Leiomyosarcoma,HCMI Tumor,SARC,Sarcoma,1.327579227,1.667313386
HCM-BROD-0873-C43-01A,HCM-BROD-0873-C43,Skin Cancer,HCMI Tumor,SKCM,Skin Cancer,6.444819417,4.16733544
HCM-BROD-0874-C43-06A,HCM-BROD-0874-C43,Skin Cancer,HCMI Tumor,SKCM,Skin Cancer,5.929396596,3.974868704
HCM-BROD-0954-C34-01A,HCM-BROD-0954-C34,Lung Cancer,HCMI Tumor,LUAD,Lung Cancer,-1.304290924,-0.860046696
HCM-BROD-0955-C15-06A,HCM-BROD-0955-C15,Esophageal Cancer,HCMI Tumor,ESCA,Esophageal Cancer,-2.925999436,-2.90440781
HCM-BROD-0959-C18-06A,HCM-BROD-0959-C18,Colorectal Cancer,HCMI Tumor,COAD,Colon/Colorectal Cancer,-3.822649512,-12.39571531
HCM-BROD-0960-C16-06A,HCM-BROD-0960-C16,Gastric Cancer,HCMI Tumor,STAD,Gastric Cancer,-1.348836455,-2.125116657
HCM-BROD-0962-C16-06A,HCM-BROD-0962-C16,Gastric Cancer,HCMI Tumor,STAD,Gastric Cancer,-3.90035871,-12.33099801
HCM-BROD-1119-C43-06A,HCM-BROD-1119-C43,Skin Cancer,HCMI Tumor,SKCM,Eye Cancer,6.690295663,4.404759337
HCM-BROD-1121-C71-01A,HCM-BROD-1121-C71,Glioblastoma,HCMI Tumor,GBM,Brain Cancer,1.353202191,-9.181920599
HCM-BROD-1123-C71-02A,HCM-BROD-1123-C71,Glioblastoma,HCMI Tumor,GBM,Brain Cancer,1.355481293,-9.057669233
HCM-BROD-1124-C16-06A,HCM-BROD-1124-C16,Gastric Cancer,HCMI Tumor,STAD,Gastric Cancer,-4.01678947,-3.339227747
HCM-BROD-1186-C64-01A,HCM-BROD-1186-C64,Kidney Cancer,HCMI Tumor,KIRC,Kidney Cancer,6.288925138,-5.896648001
HCM-CSHL-0056-C18-01B,HCM-CSHL-0056-C18,Colorectal Cancer,HCMI Tumor,COAD,Colon/Colorectal Cancer,-5.71397737,-2.849128555
HCM-CSHL-0057-C18-01B,HCM-CSHL-0057-C18,Colorectal Cancer,HCMI Tumor,COAD,Colon/Colorectal Cancer,-5.660440001,-2.894877504
HCM-CSHL-0058-C34-01B,HCM-CSHL-0058-C34,Lung Cancer,HCMI Tumor,LUAD,Lung Cancer,-8.483679328,6.89648955
HCM-CSHL-0059-C25-01A,HCM-CSHL-0059-C25,Pancreatic Cancer,HCMI Tumor,PAAD,Pancreatic Cancer,-0.928575549,-1.895237635
HCM-CSHL-0060-C18-01B,HCM-CSHL-0060-C18,Colorectal Cancer,HCMI Tumor,COAD,Colon/Colorectal Cancer,-5.743365798,-2.824683498
HCM-CSHL-0061-C18-01A,HCM-CSHL-0061-C18,Colorectal Cancer,HCMI Tumor,COAD,Colon/Colorectal Cancer,-5.908157859,-2.685373377
HCM-CSHL-0062-C18-01A,HCM-CSHL-0062-C18,Colorectal Cancer,HCMI Tumor,READ,Colon/Colorectal Cancer,-5.947056327,-2.7482558
HCM-CSHL-0063-C18-01A,HCM-CSHL-0063-C18,Colorectal Cancer,HCMI Tumor,COAD,Colon/Colorectal Cancer,-6.004533801,-2.712308477
HCM-CSHL-0064-C18-01A,HCM-CSHL-0064-C18,Colorectal Cancer,HCMI Tumor,COAD,Colon/Colorectal Cancer,-5.90448955,-2.70251758
HCM-CSHL-0065-C20-06A,HCM-CSHL-0065-C20,Colorectal Cancer,HCMI Tumor,COAD,Colon/Colorectal Cancer,-5.899016413,-2.765278648
HCM-CSHL-0073-C25-01B,HCM-CSHL-0073-C25,Pancreatic Cancer,HCMI Tumor,PAAD,Pancreatic Cancer,-2.577954087,-2.663403343
HCM-CSHL-0074-C25-01A,HCM-CSHL-0074-C25,Pancreatic Cancer,HCMI Tumor,PAAD,Pancreatic Cancer,-2.717065844,-2.733082126
HCM-CSHL-0075-C25-01B,HCM-CSHL-0075-C25,Pancreatic Cancer,HCMI Tumor,PAAD,Pancreatic Cancer,0.194432345,-0.788857113
HCM-CSHL-0076-C25-01A,HCM-CSHL-0076-C25,Pancreatic Cancer,HCMI Tumor,PAAD,Pancreatic Cancer,-2.209002528,-2.580030273
HCM-CSHL-0077-C25-01B,HCM-CSHL-0077-C25,Pancreatic Cancer,HCMI Tumor,PAAD,Pancreatic Cancer,-2.425794635,-2.564796041
HCM-CSHL-0078-C25-01A,HCM-CSHL-0078-C25,Pancreatic Cancer,HCMI Tumor,PAAD,Pancreatic Cancer,-1.354064617,-2.144425701
HCM-CSHL-0078-C25-06A,HCM-CSHL-0078-C25,Pancreatic Cancer,HCMI Tumor,PAAD,Pancreatic Cancer,-1.372120533,-2.128631424
HCM-CSHL-0079-C25-01A,HCM-CSHL-0079-C25,Pancreatic Cancer,HCMI Tumor,PAAD,Pancreatic Cancer,-2.431983027,-2.592458795
HCM-CSHL-0080-C25-01A,HCM-CSHL-0080-C25,Pancreatic Cancer,HCMI Tumor,PAAD,Pancreatic Cancer,0.34714995,-0.806209158
HCM-CSHL-0081-C25-01A,HCM-CSHL-0081-C25,Pancreatic Cancer,HCMI Tumor,PAAD,Pancreatic Cancer,-0.921270523,-1.939780544
HCM-CSHL-0082-C25-01A,HCM-CSHL-0082-C25,Pancreatic Cancer,HCMI Tumor,PAAD,Pancreatic Cancer,-2.205117736,-1.816016506
HCM-CSHL-0084-C25-01A,HCM-CSHL-0084-C25,Pancreatic Cancer,HCMI Tumor,PAAD,Pancreatic Cancer,-0.862785849,-1.863667201
HCM-CSHL-0088-C25-01A,HCM-CSHL-0088-C25,Pancreatic Cancer,HCMI Tumor,PAAD,Pancreatic Cancer,-2.159298453,-2.040210079
HCM-CSHL-0089-C25-01A,HCM-CSHL-0089-C25,Pancreatic Cancer,HCMI Tumor,PAAD,Pancreatic Cancer,-2.673913274,-2.83477218
HCM-CSHL-0089-C25-06A,HCM-CSHL-0089-C25,Pancreatic Cancer,HCMI Tumor,PAAD,Pancreatic Cancer,-2.73500422,-2.785219025
HCM-CSHL-0090-C25-01A,HCM-CSHL-0090-C25,Pancreatic Cancer,HCMI Tumor,PAAD,Pancreatic Cancer,-4.622563395,0.371268947
HCM-CSHL-0091-C25-01A,HCM-CSHL-0091-C25,Pancreatic Cancer,HCMI Tumor,PAAD,Pancreatic Cancer,1.696406331,7.728391577
HCM-CSHL-0092-C25-01A,HCM-CSHL-0092-C25,Pancreatic Cancer,HCMI Tumor,PAAD,Pancreatic Cancer,-2.074440989,-2.385720323
HCM-CSHL-0094-C25-01A,HCM-CSHL-0094-C25,Pancreatic Cancer,HCMI Tumor,PAAD,Pancreatic Cancer,-2.180836711,-2.409417461
HCM-CSHL-0141-C18-01A,HCM-CSHL-0141-C18,Colorectal Cancer,HCMI Tumor,COAD,Colon/Colorectal Cancer,-6.035919223,-3.696527075
HCM-CSHL-0142-C18-01A,HCM-CSHL-0142-C18,Colorectal Cancer,HCMI Tumor,COAD,Colon/Colorectal Cancer,-5.940129313,-2.751932215
HCM-CSHL-0143-C20-01A,HCM-CSHL-0143-C20,Colorectal Cancer,HCMI Tumor,READ,Colon/Colorectal Cancer,-5.956857714,-2.83335359
HCM-CSHL-0153-C50-01B,HCM-CSHL-0153-C50,Breast Cancer,HCMI Tumor,BRCA,Breast Cancer,3.96158835,-1.647066902
HCM-CSHL-0158-C20-01A,HCM-CSHL-0158-C20,Colorectal Cancer,HCMI Tumor,READ,Colon/Colorectal Cancer,-5.97386888,-2.705738615
HCM-CSHL-0159-C18-01B,HCM-CSHL-0159-C18,Colorectal Cancer,HCMI Tumor,COAD,Colon/Colorectal Cancer,-5.67990354,-2.91269214
HCM-CSHL-0160-C18-01B,HCM-CSHL-0160-C18,Colorectal Cancer,HCMI Tumor,COAD,Colon/Colorectal Cancer,-5.797479186,-2.839279722
HCM-CSHL-0161-C18-01A,HCM-CSHL-0161-C18,Colorectal Cancer,HCMI Tumor,COAD,Colon/Colorectal Cancer,-5.482208285,-2.946031641
HCM-CSHL-0162-C19-01A,HCM-CSHL-0162-C19,Colorectal Cancer,HCMI Tumor,READ,Colon/Colorectal Cancer,-5.909156356,-2.763501238
HCM-CSHL-0164-C20-06A,HCM-CSHL-0164-C20,Colorectal Cancer,HCMI Tumor,COAD,Colon/Colorectal Cancer,-5.915940795,-2.877623152
HCM-CSHL-0174-C22-01A,HCM-CSHL-0174-C22,Intrahepatic Cholangiocarcinoma,HCMI Tumor,CHOL,Bile Duct Cancer,-2.083761964,-2.304812263
HCM-CSHL-0176-C25-01A,HCM-CSHL-0176-C25,Pancreatic Cancer,HCMI Tumor,PAAD,Pancreatic Cancer,-0.705615196,-2.045261692
HCM-CSHL-0177-C25-01B,HCM-CSHL-0177-C25,Pancreatic Cancer,HCMI Tumor,PAAD,Pancreatic Cancer,-2.48542026,-2.664476942
HCM-CSHL-0178-C25-01A,HCM-CSHL-0178-C25,Pancreatic Cancer,HCMI Tumor,PAAD,Pancreatic Cancer,-2.814073119,-2.905557941
HCM-CSHL-0179-C25-01A,HCM-CSHL-0179-C25,Pancreatic Cancer,HCMI Tumor,PAAD,Pancreatic Cancer,-2.628344092,-2.741754602
HCM-CSHL-0180-C25-01A,HCM-CSHL-0180-C25,Pancreatic Cancer,HCMI Tumor,PAAD,Pancreatic Cancer,-2.500008616,-2.6395231
HCM-CSHL-0181-C25-01A,HCM-CSHL-0181-C25,Pancreatic Cancer,HCMI Tumor,PAAD,Pancreatic Cancer,-2.49202374,-2.494372438
HCM-CSHL-0182-C25-01A,HCM-CSHL-0182-C25,Pancreatic Cancer,HCMI Tumor,PAAD,Pancreatic Cancer,-2.297398124,-2.507604431
HCM-CSHL-0183-C25-01A,HCM-CSHL-0183-C25,Pancreatic Cancer,HCMI Tumor,PAAD,Pancreatic Cancer,-2.264443431,-2.509696792
HCM-CSHL-0184-C25-01A,HCM-CSHL-0184-C25,Pancreatic Cancer,HCMI Tumor,PAAD,Pancreatic Cancer,-1.306337747,-2.228092502
HCM-CSHL-0186-C25-01A,HCM-CSHL-0186-C25,Pancreatic Cancer,HCMI Tumor,PAAD,Pancreatic Cancer,-1.939764771,-2.325932812
HCM-CSHL-0187-C25-01A,HCM-CSHL-0187-C25,Pancreatic Cancer,HCMI Tumor,PAAD,Pancreatic Cancer,-2.372126851,-2.533760856
HCM-CSHL-0189-C25-01A,HCM-CSHL-0189-C25,Pancreatic Cancer,HCMI Tumor,PAAD,Pancreatic Cancer,-2.51761106,-2.721405577
HCM-CSHL-0191-C25-01A,HCM-CSHL-0191-C25,Pancreatic Cancer,HCMI Tumor,PAAD,Pancreatic Cancer,-2.330556903,-2.520274948
HCM-CSHL-0192-C25-01A,HCM-CSHL-0192-C25,Pancreatic Cancer,HCMI Tumor,PAAD,Pancreatic Cancer,-2.488299165,-2.600188087
HCM-CSHL-0193-C25-01A,HCM-CSHL-0193-C25,Pancreatic Cancer,HCMI Tumor,PAAD,Pancreatic Cancer,-8.368731055,-8.413589071
HCM-CSHL-0237-C18-01B,HCM-CSHL-0237-C18,Colorectal Cancer,HCMI Tumor,COAD,Colon/Colorectal Cancer,-5.816992316,-2.942184042
HCM-CSHL-0238-C18-01B,HCM-CSHL-0238-C18,Colorectal Cancer,HCMI Tumor,COAD,Colon/Colorectal Cancer,-5.709520373,-2.855310034
HCM-CSHL-0239-C18-01A,HCM-CSHL-0239-C18,Colorectal Cancer,HCMI Tumor,COAD,Colon/Colorectal Cancer,-5.833255801,-2.672920536
HCM-CSHL-0240-C18-01A,HCM-CSHL-0240-C18,Colorectal Cancer,HCMI Tumor,COAD,Colon/Colorectal Cancer,-4.455573115,-3.422371219
HCM-CSHL-0241-C18-01A,HCM-CSHL-0241-C18,Colorectal Cancer,HCMI Tumor,COAD,Colon/Colorectal Cancer,-5.991260562,-2.684816669
HCM-CSHL-0242-C18-01B,HCM-CSHL-0242-C18,Colorectal Cancer,HCMI Tumor,COAD,Colon/Colorectal Cancer,-5.658165011,-2.862105202
HCM-CSHL-0243-C18-01B,HCM-CSHL-0243-C18,Colorectal Cancer,HCMI Tumor,COAD,Colon/Colorectal Cancer,-0.761574898,-1.576517891
HCM-CSHL-0244-C20-01B,HCM-CSHL-0244-C20,Colorectal Cancer,HCMI Tumor,READ,Colon/Colorectal Cancer,-5.807535682,-2.819183897
HCM-CSHL-0246-C19-01B,HCM-CSHL-0246-C19,Colorectal Cancer,HCMI Tumor,READ,Colon/Colorectal Cancer,-5.564524207,-2.910763811
HCM-CSHL-0247-C18-01A,HCM-CSHL-0247-C18,Colorectal Cancer,HCMI Tumor,COAD,Colon/Colorectal Cancer,-5.934734378,-2.737952303
HCM-CSHL-0247-C18-06A,HCM-CSHL-0247-C18,Colorectal Cancer,HCMI Tumor,COAD,Colon/Colorectal Cancer,-5.931846175,-2.780527424
HCM-CSHL-0248-C19-01A,HCM-CSHL-0248-C19,Colorectal Cancer,HCMI Tumor,COAD,Colon/Colorectal Cancer,-5.97781137,-2.708412479
HCM-CSHL-0250-C50-01A,HCM-CSHL-0250-C50,Breast Cancer,HCMI Tumor,BRCA,Breast Cancer,3.761194196,-1.593166422
HCM-CSHL-0255-C18-01A,HCM-CSHL-0255-C18,Colorectal Cancer,HCMI Tumor,COAD,Colon/Colorectal Cancer,-5.979783568,-2.655639719
HCM-CSHL-0258-C18-01A,HCM-CSHL-0258-C18,Colorectal Cancer,HCMI Tumor,COAD,Colon/Colorectal Cancer,-0.700699363,-1.557403635
HCM-CSHL-0261-C50-01A,HCM-CSHL-0261-C50,Breast Cancer,HCMI Tumor,BRCA,Breast Cancer,0.309803378,0.913178672
HCM-CSHL-0322-C20-01B,HCM-CSHL-0322-C20,Colorectal Cancer,HCMI Tumor,READ,Colon/Colorectal Cancer,-5.857526336,-2.844266723
HCM-CSHL-0323-C20-01A,HCM-CSHL-0323-C20,Colorectal Cancer,HCMI Tumor,READ,Colon/Colorectal Cancer,-5.948593173,-2.717488121
HCM-CSHL-0368-D37-31A,HCM-CSHL-0368-D37,Gallbladder Cancer,HCMI Tumor,GBAD,Gallbladder Cancer,-2.730441127,-2.885576319
HCM-CSHL-0371-C25-01A,HCM-CSHL-0371-C25,Pancreatic Cancer,HCMI Tumor,PAAD,Pancreatic Cancer,-2.686700139,-2.767780851
HCM-CSHL-0372-C25-01A,HCM-CSHL-0372-C25,Pancreatic Cancer,HCMI Tumor,PAAD,Pancreatic Cancer,-2.363079343,-2.441796612
HCM-CSHL-0373-C25-01A,HCM-CSHL-0373-C25,Pancreatic Cancer,HCMI Tumor,PAAD,Pancreatic Cancer,0.553757977,0.356588651
HCM-CSHL-0374-C25-01A,HCM-CSHL-0374-C25,Pancreatic Cancer,HCMI Tumor,PAAD,Pancreatic Cancer,-4.090617213,-0.528539966
HCM-CSHL-0377-C18-01A,HCM-CSHL-0377-C18,Colorectal Cancer,HCMI Tumor,COAD,Colon/Colorectal Cancer,-5.410019431,-2.991789411
HCM-CSHL-0379-C18-01B,HCM-CSHL-0379-C18,Colorectal Cancer,HCMI Tumor,COAD,Colon/Colorectal Cancer,-5.739927802,-2.83910973
HCM-CSHL-0379-C18-06A,HCM-CSHL-0379-C18,Colorectal Cancer,HCMI Tumor,COAD,Colon/Colorectal Cancer,-5.928433928,-2.695300173
HCM-CSHL-0382-C19-01A,HCM-CSHL-0382-C19,Colorectal Cancer,HCMI Tumor,COAD,Colon/Colorectal Cancer,-0.884413276,-1.834725927
HCM-CSHL-0383-C18-01A,HCM-CSHL-0383-C18,Colorectal Cancer,HCMI Tumor,COAD,Colon/Colorectal Cancer,-5.941461596,-2.695610594
HCM-CSHL-0385-C18-01A,HCM-CSHL-0385-C18,Colorectal Cancer,HCMI Tumor,COAD,Colon/Colorectal Cancer,-6.017254386,-2.789848875
HCM-CSHL-0403-C25-01B,HCM-CSHL-0403-C25,Pancreatic Cancer,HCMI Tumor,PAAD,Pancreatic Cancer,0.977765527,-0.415453624
HCM-CSHL-0405-C25-01A,HCM-CSHL-0405-C25,Pancreatic Cancer,HCMI Tumor,PAAD,Pancreatic Cancer,0.191646587,-0.72215135
HCM-CSHL-0433-C24-01A,HCM-CSHL-0433-C24,Extrahepatic Cholangiocarcinoma,HCMI Tumor,CHOL,Bile Duct Cancer,-2.032535825,-2.342778992
HCM-CSHL-0434-C24-01A,HCM-CSHL-0434-C24,Extrahepatic Cholangiocarcinoma,HCMI Tumor,CHOL,Bile Duct Cancer,-1.912898812,-2.295775484
HCM-CSHL-0434-C24-06A,HCM-CSHL-0434-C24,Extrahepatic Cholangiocarcinoma,HCMI Tumor,CHOL,Bile Duct Cancer,-2.041265521,-2.243033003
HCM-CSHL-0460-C50-01B,HCM-CSHL-0460-C50,Breast Cancer,HCMI Tumor,BRCA,Breast Cancer,3.879016128,-1.688592862
HCM-CSHL-0462-D05-31B,HCM-CSHL-0462-D05,Intraductal Carcinoma,HCMI Tumor,BRCA,Breast Cancer,3.754459586,-1.660232734
HCM-CSHL-0467-C56-06A,HCM-CSHL-0467-C56,Ovarian Cancer,HCMI Tumor,OV,Ovarian Cancer,1.358620014,7.917917658
HCM-CSHL-0507-C20-06A,HCM-CSHL-0507-C20,Colorectal Cancer,HCMI Tumor,READ,Colon/Colorectal Cancer,-5.905327353,-2.69026811
HCM-CSHL-0582-C18-06A,HCM-CSHL-0582-C18,Colorectal Cancer,HCMI Tumor,COAD,Colon/Colorectal Cancer,-5.974216018,-2.757650923
HCM-CSHL-0584-C19-06A,HCM-CSHL-0584-C19,Colorectal Cancer,HCMI Tumor,COAD,Colon/Colorectal Cancer,-5.840920958,-2.648269724
HCM-CSHL-0603-C18-06A,HCM-CSHL-0603-C18,Colorectal Cancer,HCMI Tumor,COAD,Colon/Colorectal Cancer,-5.945004973,-2.703617166
HCM-CSHL-0617-C22-01B,HCM-CSHL-0617-C22,Hepatocellular carcinoma,HCMI Tumor,LIHC,Liver Cancer,0.011417505,3.172953058
HCM-CSHL-0618-C18-06A,HCM-CSHL-0618-C18,Colorectal Cancer,HCMI Tumor,COAD,Colon/Colorectal Cancer,-5.93877891,-2.787179302
HCM-CSHL-0621-C18-06A,HCM-CSHL-0621-C18,Colorectal Cancer,HCMI Tumor,COAD,Colon/Colorectal Cancer,-5.811855826,-2.806404899
HCM-CSHL-0622-C18-06A,HCM-CSHL-0622-C18,Colorectal Cancer,HCMI Tumor,COAD,Colon/Colorectal Cancer,-5.879733596,-2.67634828
HCM-CSHL-0625-C18-06A,HCM-CSHL-0625-C18,Colorectal Cancer,HCMI Tumor,COAD,Colon/Colorectal Cancer,-5.952755008,-2.791510891
HCM-CSHL-0654-C26-06A,HCM-CSHL-0654-C26,"Carcinoma, NOS",HCMI Tumor,MISC,NA_CCLE,-5.789326224,-2.653640102
HCM-CSHL-0655-C50-06A,HCM-CSHL-0655-C50,Breast Cancer,HCMI Tumor,BRCA,Breast Cancer,-8.553356681,6.919562746
HCM-CSHL-0658-C20-06A,HCM-CSHL-0658-C20,Colorectal Cancer,HCMI Tumor,READ,Colon/Colorectal Cancer,-5.875325236,-2.699735235
HCM-CSHL-0664-C18-06A,HCM-CSHL-0664-C18,Colorectal Cancer,HCMI Tumor,COAD,Colon/Colorectal Cancer,-5.936771903,-2.697397541
HCM-CSHL-0727-C18-06A,HCM-CSHL-0727-C18,Colorectal Cancer,HCMI Tumor,COAD,Colon/Colorectal Cancer,-5.913771186,-2.75816686
HCM-CSHL-0729-C18-01A,HCM-CSHL-0729-C18,Colorectal Cancer,HCMI Tumor,COAD,Colon/Colorectal Cancer,-5.849384341,-2.755537342
HCM-CSHL-0731-C19-06A,HCM-CSHL-0731-C19,Colorectal Cancer,HCMI Tumor,READ,Colon/Colorectal Cancer,-5.941386733,-2.747651171
HCM-CSHL-0740-C18-06A,HCM-CSHL-0740-C18,Colorectal Cancer,HCMI Tumor,COAD,Colon/Colorectal Cancer,-5.991597686,-2.687096189
HCM-CSHL-0802-C67-01A,HCM-CSHL-0802-C67,Bladder Cancer,HCMI Tumor,BLCA,Bladder Cancer,1.420180407,1.343210984
HCM-CSHL-0806-C54-01A,HCM-CSHL-0806-C54,Endometrial/Uterine Cancer,HCMI Tumor,UCEC,Endometrial/Uterine Cancer,1.262996998,7.475000788
HCM-CSHL-0807-C54-01A,HCM-CSHL-0807-C54,Endometrial/Uterine Cancer,HCMI Tumor,UCEC,Endometrial/Uterine Cancer,-0.02603561,0.356830377
HCM-CSHL-0808-C55-01A,HCM-CSHL-0808-C55,Endometrial/Uterine Cancer,HCMI Tumor,UCEC,Endometrial/Uterine Cancer,1.4885672,7.905099798
HCM-CSHL-0811-C55-01A,HCM-CSHL-0811-C55,Endometrial/Uterine Cancer,HCMI Tumor,UCEC,Endometrial/Uterine Cancer,2.666772332,12.95893996
HCM-CSHL-0817-C22-01A,HCM-CSHL-0817-C22,Intrahepatic Cholangiocarcinoma,HCMI Tumor,CHOL,Bile Duct Cancer,0.722293791,-0.787610482
HCM-CSHL-0818-C56-06A,HCM-CSHL-0818-C56,Ovarian Cancer,HCMI Tumor,OV,Ovarian Cancer,1.579772201,8.211717058
HCM-CSHL-0835-C20-06A,HCM-CSHL-0835-C20,Colorectal Cancer,HCMI Tumor,READ,Colon/Colorectal Cancer,-5.96781877,-2.725607704
HCM-CSHL-0838-C18-06A,HCM-CSHL-0838-C18,Colorectal Cancer,HCMI Tumor,COAD,Colon/Colorectal Cancer,-5.99750236,-2.622705053
HCM-CSHL-0839-C34-06A,HCM-CSHL-0839-C34,Lung Cancer,HCMI Tumor,LUAD,Lung Cancer,0.101390507,-2.669975113
HCM-CSHL-0853-C56-06A,HCM-CSHL-0853-C56,Ovarian Cancer,HCMI Tumor,OV,Ovarian Cancer,1.749749985,8.361733843
HCM-CSHL-0853-C56-07A,HCM-CSHL-0853-C56,Ovarian Cancer,HCMI Tumor,OV,Ovarian Cancer,1.694319692,8.460549761
HCM-CSHL-0853-C56-07B,HCM-CSHL-0853-C56,Ovarian Cancer,HCMI Tumor,OV,Ovarian Cancer,1.763468828,8.599399019
HCM-CSHL-0859-C22-01A,HCM-CSHL-0859-C22,Intrahepatic Cholangiocarcinoma,HCMI Tumor,CHOL,Bile Duct Cancer,-5.125110659,0.617927958
HCM-CSHL-0860-C18-06A,HCM-CSHL-0860-C18,Colorectal Cancer,HCMI Tumor,COAD,Colon/Colorectal Cancer,-5.858627829,-2.832147907
HCM-CSHL-0868-C56-06A,HCM-CSHL-0868-C56,Ovarian Cancer,HCMI Tumor,OV,Ovarian Cancer,1.780011859,8.040769507
HCM-CSHL-0878-C18-06A,HCM-CSHL-0878-C18,Colorectal Cancer,HCMI Tumor,COAD,Colon/Colorectal Cancer,-5.956042323,-2.777909349
HCM-CSHL-0907-C50-06A,HCM-CSHL-0907-C50,Breast Cancer,HCMI Tumor,BRCA,Breast Cancer,-8.571931395,6.947415758
HCM-CSHL-1262-C19-06A,HCM-CSHL-1262-C19,Colorectal Cancer,HCMI Tumor,COAD,Colon/Colorectal Cancer,-5.983814273,-2.645657133
HCM-CSHL-1264-C25-01A,HCM-CSHL-1264-C25,IPMN,HCMI Tumor,PAAD,Pancreatic Cancer,-1.3200039,-2.225851368
HCM-CSHL-1265-C25-01A,HCM-CSHL-1265-C25,Pancreatic Cancer,HCMI Tumor,PAAD,Pancreatic Cancer,2.604979482,12.88613742
HCM-CSHL-1266-C20-06A,HCM-CSHL-1266-C20,Colorectal Cancer,HCMI Tumor,READ,Colon/Colorectal Cancer,-4.865596804,-1.896764468
HCM-CSHL-1267-C22-01A,HCM-CSHL-1267-C22,Intrahepatic Cholangiocarcinoma,HCMI Tumor,CHOL,Bile Duct Cancer,-2.853092704,-2.263709616
HCM-CSHL-1269-C18-06A,HCM-CSHL-1269-C18,Colorectal Cancer,HCMI Tumor,COAD,Colon/Colorectal Cancer,-5.964511428,-2.745213102
HCM-SANG-0265-C18-06A,HCM-SANG-0265-C18,Colorectal Cancer,HCMI Tumor,COAD,Colon/Colorectal Cancer,-5.891972575,-2.724496673
HCM-SANG-0270-C20-01A,HCM-SANG-0270-C20,Colorectal Cancer,HCMI Tumor,READ,Colon/Colorectal Cancer,-5.826018843,-2.802401852
HCM-SANG-0284-C18-01A,HCM-SANG-0284-C18,Colorectal Cancer,HCMI Tumor,COAD,Colon/Colorectal Cancer,-5.943188224,-2.762887787
HCM-SANG-0287-C20-01A,HCM-SANG-0287-C20,Colorectal Cancer,HCMI Tumor,READ,Colon/Colorectal Cancer,-5.434423957,-2.987637829
HCM-SANG-0289-C15-01A,HCM-SANG-0289-C15,Esophageal Cancer,HCMI Tumor,ESCA,Esophageal Cancer,-0.735640917,-1.543467592
HCM-SANG-0294-C15-01A,HCM-SANG-0294-C15,Esophageal Cancer,HCMI Tumor,ESCA,Esophageal Cancer,-6.478501353,1.27245896
HCM-SANG-0307-C15-01A,HCM-SANG-0307-C15,Esophageal Cancer,HCMI Tumor,ESCA,Esophageal Cancer,-2.797304902,-2.873619627
HCM-SANG-0310-C15-01A,HCM-SANG-0310-C15,Esophageal Cancer,HCMI Tumor,ESCA,Esophageal Cancer,-2.61270741,-2.798842024
HCM-STAN-0627-C34-01A,HCM-STAN-0627-C34,Lung Cancer,HCMI Tumor,LUSC,Lung Cancer,-5.317483935,2.391230036
HCM-STAN-0840-C49-06A,HCM-STAN-0840-C49,Undifferentiated Pleomorphic Sarcoma,HCMI Tumor,SARC,Sarcoma,0.943937328,0.778663922
HCM-STAN-0841-C18-01A,HCM-STAN-0841-C18,Colorectal Cancer,HCMI Tumor,COAD,Colon/Colorectal Cancer,-5.965003524,-2.709222149
HCM-STAN-0846-C20-01D,HCM-STAN-0846-C20,Colorectal Cancer,HCMI Tumor,READ,Colon/Colorectal Cancer,-5.88158134,-2.641295265
HCM-STAN-0848-C20-01A,HCM-STAN-0848-C20,Colorectal Cancer,HCMI Tumor,READ,Colon/Colorectal Cancer,-5.974535498,-2.716461252
HCM-STAN-1111-C19-01A,HCM-STAN-1111-C19,Colorectal Cancer,HCMI Tumor,READ,Colon/Colorectal Cancer,-5.989476714,-2.845885109
HCM-STAN-1113-C18-01A,HCM-STAN-1113-C18,Colorectal Cancer,HCMI Tumor,COAD,Colon/Colorectal Cancer,0.3562705,-0.663054417
HCM-WCMC-0502-C15-01A,HCM-WCMC-0502-C15,Esophageal Cancer,HCMI Tumor,ESCA,Esophageal Cancer,-0.92543355,-1.775278281
HCM-WCMC-0504-C18-01A,HCM-WCMC-0504-C18,Colorectal Cancer,HCMI Tumor,COAD,Colon/Colorectal Cancer,-4.605596576,-3.195020269
HCM-WCMC-0505-C16-01A,HCM-WCMC-0505-C16,Gastric Cancer,HCMI Tumor,STAD,Gastric Cancer,-4.894632849,-1.914791654
HCM-WCMC-0671-C18-01A,HCM-WCMC-0671-C18,Colorectal Cancer,HCMI Tumor,COAD,Colon/Colorectal Cancer,-5.871013675,-2.740133833
HCM-WCMC-0673-C56-01A,HCM-WCMC-0673-C56,Ovarian Cancer,HCMI Tumor,OV,Ovarian Cancer,0.257804808,-0.740362536
HCM-WCMC-0673-C56-05A,HCM-WCMC-0673-C56,Ovarian Cancer,HCMI Tumor,OV,Ovarian Cancer,-2.313455853,-1.81982715
HCM-WCMC-0675-C67-02A,HCM-WCMC-0675-C67,Bladder Cancer,HCMI Tumor,BLCA,Bladder Cancer,-4.00231174,-0.577134322
HCM-WCMC-0747-C50-01A,HCM-WCMC-0747-C50,Breast Cancer,HCMI Tumor,BRCA,Breast Cancer,4.164034095,-1.773507665
HCM-WCMC-0747-C50-05A,HCM-WCMC-0747-C50,Breast Cancer,HCMI Tumor,BRCA,Breast Cancer,5.292171445,2.451067139
HCM-WCMC-0749-C34-01A,HCM-WCMC-0749-C34,Lung Cancer,HCMI Tumor,LUAD,Lung Cancer,-8.478157553,6.916159083
HCM-WCMC-0751-C54-01A,HCM-WCMC-0751-C54,Endometrial/Uterine Cancer,HCMI Tumor,UCEC,Endometrial/Uterine Cancer,1.045789089,1.135980774
HCM-WCMC-0753-C54-01A,HCM-WCMC-0753-C54,Endometrial/Uterine Cancer,HCMI Tumor,UCEC,Endometrial/Uterine Cancer,1.128067758,1.161122728
HCM-WCMC-0786-C34-01A,HCM-WCMC-0786-C34,Lung Cancer,HCMI Tumor,LUAD,Lung Cancer,-0.960430536,-1.625034999
HCM-WCMC-0788-C34-01A,HCM-WCMC-0788-C34,Lung Cancer,HCMI Tumor,LUAD,Lung Cancer,-4.955633197,0.879962553
HCM-WCMC-0789-C34-01A,HCM-WCMC-0789-C34,Lung Cancer,HCMI Tumor,LUAD,Lung Cancer,-8.490941558,6.899719168
HCM-WCMC-0946-C34-01A,HCM-WCMC-0946-C34,Lung Cancer,HCMI Tumor,LUAD,Lung Cancer,-0.662993226,-2.109991382
HCM-WCMC-0948-C67-01A,HCM-WCMC-0948-C67,Bladder Cancer,HCMI Tumor,BLCA,Bladder Cancer,-5.992764029,0.439943452
HCM-WCMC-0949-C67-01A,HCM-WCMC-0949-C67,Bladder Cancer,HCMI Tumor,BLCA,Bladder Cancer,-3.686013255,0.054432193
HCM-WCMC-0950-C67-01A,HCM-WCMC-0950-C67,Bladder Cancer,HCMI Tumor,BLCA,Bladder Cancer,-3.590326581,0.025598722
HCM-WCMC-0951-C67-01A,HCM-WCMC-0951-C67,Bladder Cancer,HCMI Tumor,BLCA,Bladder Cancer,-3.756233725,0.200558354
HCM-WCMC-1074-C56-01A,HCM-WCMC-1074-C56,Ovarian Cancer,HCMI Tumor,OV,Ovarian Cancer,1.074133899,1.021440257
HCM-WCMC-1284-C67-01B,HCM-WCMC-1284-C67,Bladder Cancer,HCMI Tumor,BLCA,Bladder Cancer,-3.649255786,0.130060513
HCM-WCMC-1285-C54-01A,HCM-WCMC-1285-C54,Endometrial/Uterine Cancer,HCMI Tumor,UCEC,Endometrial/Uterine Cancer,1.987222638,8.022271563
HCM-WCMC-1287-C67-01A,HCM-WCMC-1287-C67,Bladder Cancer,HCMI Tumor,BLCA,Bladder Cancer,-1.252918873,-0.642959248
HCM-WCMC-1340-C54-01A,HCM-WCMC-1340-C54,Endometrial/Uterine Cancer,HCMI Tumor,UCEC,Endometrial/Uterine Cancer,1.186722543,1.238692809
HCM-WCMC-1344-C18-01A,HCM-WCMC-1344-C18,Colorectal Cancer,HCMI Tumor,COAD,Colon/Colorectal Cancer,-5.605382952,-2.80449469
HCM-WCMC-1359-C34-01A,HCM-WCMC-1359-C34,Lung Cancer,HCMI Tumor,LUAD,Lung Cancer,0.371890054,-1.489085506
HCM-BROD-0001-C18-85M,HCM-BROD-0001-C18,Colorectal Cancer,HCMI Model,READ,Colon/Colorectal Cancer,-5.845162425,-2.734559606
HCM-BROD-0002-C71-85A,HCM-BROD-0002-C71,Glioblastoma,HCMI Model,GBM,Brain Cancer,1.065666166,0.631373693
HCM-BROD-0003-C71-85B,HCM-BROD-0003-C71,Glioblastoma,HCMI Model,GBM,Brain Cancer,1.125340965,0.633399714
HCM-BROD-0004-C64-85R,HCM-BROD-0004-C64,Wilms Tumor,HCMI Model,WT,Kidney Cancer,1.281006005,7.750379015
HCM-BROD-0007-C49-85B,HCM-BROD-0007-C49,Rhabdomyosarcoma,HCMI Model,SARC,Sarcoma,-3.964494738,6.74645846
HCM-BROD-0008-C25-85A,HCM-BROD-0008-C25,Pancreatic Cancer,HCMI Model,PAAD,,-2.926064524,-3.061590504
HCM-BROD-0009-C25-85A,HCM-BROD-0009-C25,Pancreatic Cancer,HCMI Model,PAAD,Pancreatic Cancer,-2.760902915,-2.765075754
HCM-BROD-0010-C25-85A,HCM-BROD-0010-C25,Pancreatic Cancer,HCMI Model,PAAD,,-2.954799447,-3.077097248
HCM-BROD-0011-C71-85A,HCM-BROD-0011-C71,Glioblastoma,HCMI Model,GBM,Brain Cancer,1.658112612,-9.208097051
HCM-BROD-0012-C71-85A,HCM-BROD-0012-C71,Glioblastoma,HCMI Model,GBM,Brain Cancer,1.433905091,-9.047007154
HCM-BROD-0013-C71-85A,HCM-BROD-0013-C71,Glioblastoma,HCMI Model,GBM,Brain Cancer,1.3497664,-9.029159139
HCM-BROD-0014-C71-85B,HCM-BROD-0014-C71,Glioblastoma,HCMI Model,GBM,Brain Cancer,1.471756664,-9.175643514
HCM-BROD-0015-C25-85C,HCM-BROD-0015-C25,Pancreatic Cancer,HCMI Model,PAAD,,-6.192582164,1.083992053
HCM-BROD-0016-C25-85A,HCM-BROD-0016-C25,Pancreatic Cancer,HCMI Model,PAAD,Pancreatic Cancer,-2.930218253,-3.003421615
HCM-BROD-0019-C25-85A,HCM-BROD-0019-C25,Pancreatic Cancer,HCMI Model,PAAD,Pancreatic Cancer,-2.833891425,-2.955688309
HCM-BROD-0020-C15-85A,HCM-BROD-0020-C15,Esophageal Cancer,HCMI Model,ESCA,Esophageal Cancer,-2.805290494,-2.792963337
HCM-BROD-0025-C16-85A,HCM-BROD-0025-C16,Gastric Cancer,HCMI Model,STAD,Gastric Cancer,-2.307732615,-2.464181017
HCM-BROD-0027-C34-85A,HCM-BROD-0027-C34,Lung Cancer,HCMI Model,LUAD,Lung Cancer,-1.42488018,-2.051594805
HCM-BROD-0028-C71-85A,HCM-BROD-0028-C71,Glioblastoma,HCMI Model,GBM,Brain Cancer,1.606165138,-9.233069013
HCM-BROD-0029-C71-85C,HCM-BROD-0029-C71,Glioblastoma,HCMI Model,GBM,Brain Cancer,1.883162346,-9.379021238
HCM-BROD-0035-C49-85M,HCM-BROD-0035-C49,Bone Cancer,HCMI Model,SARC,Sarcoma,0.060159024,0.322141547
HCM-BROD-0036-C41-85A,HCM-BROD-0036-C41,Bone Cancer,HCMI Model,SARC,Bone Cancer,-0.342361781,0.598336745
HCM-BROD-0041-C64-85A,HCM-BROD-0041-C64,Wilms Tumor,HCMI Model,WT,Kidney Cancer,-3.994261775,6.803311278
HCM-BROD-0043-C16-85B,HCM-BROD-0043-C16,Gastric Cancer,HCMI Model,STAD,Gastric Cancer,-0.557556066,-1.186949443
HCM-BROD-0044-C15-85B,HCM-BROD-0044-C15,Esophageal Cancer,HCMI Model,ESCA,Esophageal Cancer,-2.796175513,-2.85522468
HCM-BROD-0045-C16-85B,HCM-BROD-0045-C16,Gastric Cancer,HCMI Model,STAD,Gastric Cancer,-2.852396521,-2.968295883
HCM-BROD-0046-C71-85A,HCM-BROD-0046-C71,Glioblastoma,HCMI Model,GBM,Brain Cancer,1.208254185,0.678792585
HCM-BROD-0047-C71-85B,HCM-BROD-0047-C71,Glioblastoma,HCMI Model,GBM,Brain Cancer,1.159068253,0.685813476
HCM-BROD-0048-C71-85A,HCM-BROD-0048-C71,Glioblastoma,HCMI Model,GBM,Brain Cancer,1.477210369,-9.227389883
HCM-BROD-0050-C49-85A,HCM-BROD-0050-C49,Intimal Sarcoma,HCMI Model,SARC,Sarcoma,0.928917852,1.070498396
HCM-BROD-0051-C64-85B,HCM-BROD-0051-C64,Wilms Tumor,HCMI Model,WT,Kidney Cancer,1.663844075,1.218802978
HCM-BROD-0052-C49-85A,HCM-BROD-0052-C49,Spindle Cell Sarcoma,HCMI Model,SARC,,0.988788631,0.919536282
HCM-BROD-0053-C49-85M,HCM-BROD-0053-C49,Epithelial Sarcoma,HCMI Model,SARC,Sarcoma,-0.019945267,0.363700379
HCM-BROD-0055-C64-85A,HCM-BROD-0055-C64,Wilms Tumor,HCMI Model,WT,Kidney Cancer,1.117629793,0.632189919
HCM-BROD-0095-C15-85A,HCM-BROD-0095-C15,Esophageal Cancer,HCMI Model,ESCA,Esophageal Cancer,-1.915637765,-2.177306961
HCM-BROD-0096-C15-85C,HCM-BROD-0096-C15,Esophageal Cancer,HCMI Model,ESCA,Esophageal Cancer,-3.061634812,-2.92648394
HCM-BROD-0097-C15-85B,HCM-BROD-0097-C15,Esophageal Cancer,HCMI Model,ESCA,Esophageal Cancer,-2.39335135,-2.622259926
HCM-BROD-0098-C15-85A,HCM-BROD-0098-C15,Esophageal Cancer,HCMI Model,ESCA,Esophageal Cancer,-2.633745227,-2.942706894
HCM-BROD-0099-C15-85B,HCM-BROD-0099-C15,Esophageal Cancer,HCMI Model,ESCA,Esophageal Cancer,-2.947830949,-3.180739473
HCM-BROD-0100-C15-85A,HCM-BROD-0100-C15,Esophageal Cancer,HCMI Model,ESCA,Esophageal Cancer,-2.469489369,-2.644169639
HCM-BROD-0101-C15-85A,HCM-BROD-0101-C15,Esophageal Cancer,HCMI Model,ESCA,Esophageal Cancer,-0.148554179,-2.148513626
HCM-BROD-0102-C71-85B,HCM-BROD-0102-C71,Glioblastoma,HCMI Model,GBM,Brain Cancer,1.634698715,-9.201223921
HCM-BROD-0103-C71-85B,HCM-BROD-0103-C71,Glioblastoma,HCMI Model,GBM,Brain Cancer,1.492369261,-9.129874777
HCM-BROD-0104-C71-85B,HCM-BROD-0104-C71,Glioblastoma,HCMI Model,GBM,Brain Cancer,1.648396101,-9.213830541
HCM-BROD-0106-C71-85A,HCM-BROD-0106-C71,Glioblastoma,HCMI Model,GBM,Brain Cancer,1.458565679,-9.134575437
HCM-BROD-0108-C25-85E,HCM-BROD-0108-C25,Pancreatic Cancer,HCMI Model,PAAD,Pancreatic Cancer,-2.233083758,-3.082950186
HCM-BROD-0110-C25-85A,HCM-BROD-0110-C25,Pancreatic Cancer,HCMI Model,PAAD,Pancreatic Cancer,-2.827384743,-3.120964836
HCM-BROD-0111-C25-85A,HCM-BROD-0111-C25,Pancreatic Cancer,HCMI Model,PAAD,Pancreatic Cancer,-2.877589497,-2.937142919
HCM-BROD-0112-C25-85B,HCM-BROD-0112-C25,Pancreatic Cancer,HCMI Model,PAAD,Pancreatic Cancer,-2.869040522,-3.089312862
HCM-BROD-0115-C16-85A,HCM-BROD-0115-C16,Gastric Cancer,HCMI Model,STAD,Gastric Cancer,-1.992098603,-2.3796602
HCM-BROD-0116-C16-85B,HCM-BROD-0116-C16,Gastric Cancer,HCMI Model,STAD,Gastric Cancer,-2.918180499,-3.115393471
HCM-BROD-0118-C16-85A,HCM-BROD-0118-C16,Gastric Cancer,HCMI Model,STAD,Gastric Cancer,-6.348652873,1.579376627
HCM-BROD-0120-C15-85A,HCM-BROD-0120-C15,Esophageal Cancer,HCMI Model,ESCA,Esophageal Cancer,-2.404305968,-2.668018888
HCM-BROD-0121-C41-85B,HCM-BROD-0121-C41,Bone Cancer,HCMI Model,SARC,Bone Cancer,-0.353337858,0.596105207
HCM-BROD-0122-C25-85B,HCM-BROD-0122-C25,Pancreatic Cancer,HCMI Model,PAAD,Pancreatic Cancer,-0.778472338,-1.607733678
HCM-BROD-0124-C25-85A,HCM-BROD-0124-C25,Pancreatic Cancer,HCMI Model,PAAD,Pancreatic Cancer,-2.640461478,-2.683472942
HCM-BROD-0125-C25-85B,HCM-BROD-0125-C25,Pancreatic Cancer,HCMI Model,PAAD,Pancreatic Cancer,-2.847655806,-3.048599075
HCM-BROD-0129-C25-85C,HCM-BROD-0129-C25,Pancreatic Cancer,HCMI Model,PAAD,Pancreatic Cancer,-2.962786231,-3.081051182
HCM-BROD-0130-C25-85M,HCM-BROD-0130-C25,Pancreatic Cancer,HCMI Model,PAAD,Pancreatic Cancer,-3.245006833,-2.548012565
HCM-BROD-0131-C25-85M,HCM-BROD-0131-C25,Pancreatic Cancer,HCMI Model,PAAD,Pancreatic Cancer,0.957485643,-1.353134941
HCM-BROD-0132-C25-85A,HCM-BROD-0132-C25,Pancreatic Cancer,HCMI Model,PAAD,Pancreatic Cancer,-2.390088591,-2.559021305
HCM-BROD-0134-C25-85A,HCM-BROD-0134-C25,Pancreatic Cancer,HCMI Model,PAAD,Pancreatic Cancer,-2.676553521,-2.700982641
HCM-BROD-0138-C25-85B,HCM-BROD-0138-C25,Pancreatic Cancer,HCMI Model,PAAD,Pancreatic Cancer,-2.873941455,-3.013540577
HCM-BROD-0140-C16-85A,HCM-BROD-0140-C16,Gastric Cancer,HCMI Model,STAD,,-0.328886244,-2.384464096
HCM-BROD-0194-C15-85B,HCM-BROD-0194-C15,Esophageal Cancer,HCMI Model,ESCA,Esophageal Cancer,0.728476163,-1.66784222
HCM-BROD-0195-C71-85A,HCM-BROD-0195-C71,Glioblastoma,HCMI Model,GBM,Brain Cancer,1.375559356,-9.07103021
HCM-BROD-0196-C71-85A,HCM-BROD-0196-C71,Glioblastoma,HCMI Model,GBM,Brain Cancer,1.544663396,-9.153131079
HCM-BROD-0198-C71-85B,HCM-BROD-0198-C71,Glioblastoma,HCMI Model,GBM,Brain Cancer,1.451667276,-9.118857931
HCM-BROD-0199-C71-85A,HCM-BROD-0199-C71,Glioblastoma,HCMI Model,GBM,Brain Cancer,1.6467832,-9.256256651
HCM-BROD-0199-C71-85S,HCM-BROD-0199-C71,Glioblastoma,HCMI Model,GBM,Brain Cancer,1.661165443,-9.197985243
HCM-BROD-0200-C71-85B,HCM-BROD-0200-C71,Glioblastoma,HCMI Model,GBM,Brain Cancer,1.439310041,-9.207431387
HCM-BROD-0204-C25-85A,HCM-BROD-0204-C25,Pancreatic Cancer,HCMI Model,PAAD,Pancreatic Cancer,-2.875330958,-3.034465622
HCM-BROD-0206-C25-85A,HCM-BROD-0206-C25,Pancreatic Cancer,HCMI Model,PAAD,Pancreatic Cancer,-2.778909716,-2.856063675
HCM-BROD-0208-C16-85B,HCM-BROD-0208-C16,Gastric Cancer,HCMI Model,STAD,Gastric Cancer,-2.929893765,-3.060335707
HCM-BROD-0209-C71-85A,HCM-BROD-0209-C71,Glioblastoma,HCMI Model,GBM,Brain Cancer,1.514601674,-9.136342596
HCM-BROD-0210-C71-85R,HCM-BROD-0210-C71,Glioblastoma,HCMI Model,GBM,Brain Cancer,1.301161018,-9.046344351
HCM-BROD-0213-C71-85A,HCM-BROD-0213-C71,Glioblastoma,HCMI Model,GBM,Brain Cancer,1.433108416,-9.156606268
HCM-BROD-0214-C71-85A,HCM-BROD-0214-C71,Glioblastoma,HCMI Model,GBM,Brain Cancer,1.382912781,-9.134652685
HCM-BROD-0219-C15-85B,HCM-BROD-0219-C15,Esophageal Cancer,HCMI Model,ESCA,Esophageal Cancer,0.807217386,-1.425733756
HCM-BROD-0221-C43-85N,HCM-BROD-0221-C43,Skin Cancer,HCMI Model,SKCM,,1.958696451,1.225669552
HCM-BROD-0223-C43-85M,HCM-BROD-0223-C43,Skin Cancer,HCMI Model,SKCM,Skin Cancer,6.015509095,3.533557106
HCM-BROD-0225-C43-85N,HCM-BROD-0225-C43,Skin Cancer,HCMI Model,SKCM,Skin Cancer,1.920448866,1.185409952
HCM-BROD-0226-C43-85M,HCM-BROD-0226-C43,Skin Cancer,HCMI Model,SKCM,Skin Cancer,6.041942563,3.610664059
HCM-BROD-0227-C43-85M,HCM-BROD-0227-C43,Skin Cancer,HCMI Model,SKCM,Skin Cancer,1.926132765,1.351995279
HCM-BROD-0229-C25-85A,HCM-BROD-0229-C25,Pancreatic Cancer,HCMI Model,PAAD,Pancreatic Cancer,1.025779095,-1.397845577
HCM-BROD-0230-C25-85D,HCM-BROD-0230-C25,Pancreatic Cancer,HCMI Model,PAAD,Pancreatic Cancer,1.775367704,8.440802981
HCM-BROD-0231-C25-85M,HCM-BROD-0231-C25,Pancreatic Cancer,HCMI Model,PAAD,Pancreatic Cancer,-2.90672234,-3.076919626
HCM-BROD-0231-C25-85N,HCM-BROD-0231-C25,Pancreatic Cancer,HCMI Model,PAAD,Pancreatic Cancer,-2.880856309,-3.032505583
HCM-BROD-0232-C25-85B,HCM-BROD-0232-C25,Pancreatic Cancer,HCMI Model,PAAD,Pancreatic Cancer,-2.887663159,-2.986820291
HCM-BROD-0234-C49-85M,HCM-BROD-0234-C49,Spindle Cell Sarcoma,HCMI Model,SARC,Sarcoma,1.130593386,1.132501055
HCM-BROD-0235-C16-85B,HCM-BROD-0235-C16,Gastric Cancer,HCMI Model,STAD,Gastric Cancer,-2.860907111,-3.015032362
HCM-BROD-0236-C34-85A,HCM-BROD-0236-C34,Lung Cancer,HCMI Model,LUAD,,0.50979903,0.429976661
HCM-BROD-0253-C15-85B,HCM-BROD-0253-C15,Esophageal Cancer,HCMI Model,ESCA,Esophageal Cancer,-0.000880543,0.382896323
HCM-BROD-0254-C49-85M,HCM-BROD-0254-C49,Rhabdomyosarcoma,HCMI Model,SARC,Sarcoma,-3.955510649,6.730156351
HCM-BROD-0254-C49-85N,HCM-BROD-0254-C49,Rhabdomyosarcoma,HCMI Model,SARC,Sarcoma,-3.947793517,6.777738024
HCM-BROD-0328-C15-85A,HCM-BROD-0328-C15,Esophageal Cancer,HCMI Model,ESCA,Esophageal Cancer,-4.845767531,-1.855200242
HCM-BROD-0332-C43-85M,HCM-BROD-0332-C43,Skin Cancer,HCMI Model,SKCM,Skin Cancer,1.408247199,1.617281963
HCM-BROD-0334-C43-85M,HCM-BROD-0334-C43,Skin Cancer,HCMI Model,SKCM,Skin Cancer,5.699121919,3.54344647
HCM-BROD-0335-C43-85M,HCM-BROD-0335-C43,Skin Cancer,HCMI Model,SKCM,Skin Cancer,4.984438386,3.410118748
HCM-BROD-0339-C43-85M,HCM-BROD-0339-C43,Skin Cancer,HCMI Model,SKCM,Skin Cancer,5.270781961,3.480543066
HCM-BROD-0344-C25-85A,HCM-BROD-0344-C25,Pancreatic Cancer,HCMI Model,PAAD,Pancreatic Cancer,-3.83103374,-3.69805653
HCM-BROD-0348-C25-85M,HCM-BROD-0348-C25,Pancreatic Cancer,HCMI Model,PAAD,Pancreatic Cancer,-2.966485534,-3.03846557
HCM-BROD-0351-C49-85M,HCM-BROD-0351-C49,Leiomyosarcoma,HCMI Model,SARC,Sarcoma,1.905678477,1.165742565
HCM-BROD-0353-C64-85A,HCM-BROD-0353-C64,Kidney Cancer,HCMI Model,KIRC,Kidney Cancer,-0.654252324,7.516739775
HCM-BROD-0356-C16-85A,HCM-BROD-0356-C16,Gastric Cancer,HCMI Model,STAD,Gastric Cancer,0.510293376,0.253833864
HCM-BROD-0408-C71-85R,HCM-BROD-0408-C71,Glioblastoma,HCMI Model,GBM,Brain Cancer,0.98109534,0.730324973
HCM-BROD-0411-C25-85M,HCM-BROD-0411-C25,Pancreatic Cancer,HCMI Model,PAAD,Pancreatic Cancer,-2.583276782,-3.105656456
HCM-BROD-0413-C25-85N,HCM-BROD-0413-C25,Pancreatic Cancer,HCMI Model,PAAD,Pancreatic Cancer,-2.742098365,-2.862067293
HCM-BROD-0414-C25-85M,HCM-BROD-0414-C25,Pancreatic Cancer,HCMI Model,PAAD,Pancreatic Cancer,-2.859096083,-2.963550161
HCM-BROD-0415-C71-85R,HCM-BROD-0415-C71,Glioblastoma,HCMI Model,GBM,Brain Cancer,1.810741511,-9.285921644
HCM-BROD-0416-C71-85B,HCM-BROD-0416-C71,Glioblastoma,HCMI Model,GBM,Brain Cancer,1.771496144,-9.241158079
HCM-BROD-0417-C71-85A,HCM-BROD-0417-C71,Glioblastoma,HCMI Model,GBM,Brain Cancer,1.397218671,-9.000300955
HCM-BROD-0418-C71-85B,HCM-BROD-0418-C71,Glioblastoma,HCMI Model,GBM,Brain Cancer,1.572941389,-9.181432318
HCM-BROD-0419-C71-85A,HCM-BROD-0419-C71,Glioblastoma,HCMI Model,GBM,Brain Cancer,1.387249198,-9.120191168
HCM-BROD-0420-C71-85R,HCM-BROD-0420-C71,Glioblastoma,HCMI Model,GBM,Brain Cancer,1.37657794,-9.191726278
HCM-BROD-0421-C71-85A,HCM-BROD-0421-C71,Glioblastoma,HCMI Model,GBM,Brain Cancer,1.640265312,-9.21669824
HCM-BROD-0423-C71-85D,HCM-BROD-0423-C71,Glioblastoma,HCMI Model,GBM,Brain Cancer,1.515939799,-9.160113882
HCM-BROD-0444-C43-85M,HCM-BROD-0444-C43,Skin Cancer,HCMI Model,SKCM,Skin Cancer,6.719063249,4.432814528
HCM-BROD-0445-C15-85M,HCM-BROD-0445-C15,Esophageal Cancer,HCMI Model,ESCA,Esophageal Cancer,-5.533332381,-2.522216152
HCM-BROD-0448-C15-85M,HCM-BROD-0448-C15,Esophageal Cancer,HCMI Model,ESCA,Esophageal Cancer,-4.876396689,-1.890457224
HCM-BROD-0449-C34-85M,HCM-BROD-0449-C34,Lung Cancer,HCMI Model,LUAD,Lung Cancer,-5.735526118,2.322211434
HCM-BROD-0450-C15-85M,HCM-BROD-0450-C15,Esophageal Cancer,HCMI Model,ESCA,Esophageal Cancer,-4.875694308,-1.887228798
HCM-BROD-0451-C15-85C,HCM-BROD-0451-C15,Esophageal Cancer,HCMI Model,ESCA,Esophageal Cancer,-3.058484111,-2.905264925
HCM-BROD-0453-C16-85A,HCM-BROD-0453-C16,Gastric Cancer,HCMI Model,STAD,Gastric Cancer,-2.876039538,-3.07366259
HCM-BROD-0455-C71-85A,HCM-BROD-0455-C71,Glioblastoma,HCMI Model,GBM,Brain Cancer,1.364336517,-8.98900659
HCM-BROD-0457-C71-85A,HCM-BROD-0457-C71,Glioblastoma,HCMI Model,GBM,,1.716969218,-9.224552702
HCM-BROD-0458-C15-85N,HCM-BROD-0458-C15,Esophageal Cancer,HCMI Model,ESCA,Esophageal Cancer,-4.426520381,-3.443771671
HCM-BROD-0472-C34-85M,HCM-BROD-0472-C34,Lung Cancer,HCMI Model,SCLC,Lung Cancer,-1.233028087,-2.202659439
HCM-BROD-0475-C16-85M,HCM-BROD-0475-C16,Gastric Cancer,HCMI Model,STAD,Gastric Cancer,-2.706676516,-2.751257728
HCM-BROD-0477-C16-85M,HCM-BROD-0477-C16,Gastric Cancer,HCMI Model,STAD,Gastric Cancer,-3.202954325,-3.141950916
HCM-BROD-0478-C16-85M,HCM-BROD-0478-C16,Gastric Cancer,HCMI Model,STAD,Gastric Cancer,-5.874148879,-2.762214969
HCM-BROD-0481-C43-85M,HCM-BROD-0481-C43,Skin Cancer,HCMI Model,SKCM,Skin Cancer,0.985439446,0.638788153
HCM-BROD-0482-C34-85M,HCM-BROD-0482-C34,Lung Cancer,HCMI Model,LUSC,Lung Cancer,2.601680722,12.85376303
HCM-BROD-0483-C16-85M,HCM-BROD-0483-C16,Gastric Cancer,HCMI Model,STAD,Gastric Cancer,-2.867639575,-3.09425361
HCM-BROD-0483-C16-85N,HCM-BROD-0483-C16,Gastric Cancer,HCMI Model,STAD,Gastric Cancer,-2.919402871,-3.1131397
HCM-BROD-0485-C15-85M,HCM-BROD-0485-C15,Esophageal Cancer,HCMI Model,ESCA,Esophageal Cancer,-2.92475513,-3.039117884
HCM-BROD-0488-C16-85M,HCM-BROD-0488-C16,Gastric Cancer,HCMI Model,STAD,,-2.937558207,-3.037791084
HCM-BROD-0489-C15-85M,HCM-BROD-0489-C15,Esophageal Cancer,HCMI Model,ESCA,Esophageal Cancer,11.50323531,0.901749362
HCM-BROD-0555-C15-85M,HCM-BROD-0555-C15,Esophageal Cancer,HCMI Model,ESCA,Esophageal Cancer,-3.161362204,-2.559107612
HCM-BROD-0557-C43-85M,HCM-BROD-0557-C43,Skin Cancer,HCMI Model,SKCM,Skin Cancer,0.712459471,0.712321747
HCM-BROD-0559-C16-85M,HCM-BROD-0559-C16,Gastric Cancer,HCMI Model,STAD,Gastric Cancer,-2.86974338,-3.023644041
HCM-BROD-0561-C43-85M,HCM-BROD-0561-C43,Skin Cancer,HCMI Model,SKCM,Skin Cancer,1.115241792,1.185924817
HCM-BROD-0564-C71-85R,HCM-BROD-0564-C71,Glioblastoma,HCMI Model,GBM,Brain Cancer,1.5465624,-9.222704481
HCM-BROD-0568-C15-85M,HCM-BROD-0568-C15,Esophageal Cancer,HCMI Model,ESCA,Esophageal Cancer,-2.815937791,-2.830066513
HCM-BROD-0569-C43-85M,HCM-BROD-0569-C43,Skin Cancer,HCMI Model,SKCM,Skin Cancer,4.973812547,3.390620638
HCM-BROD-0574-C71-85B,HCM-BROD-0574-C71,Glioblastoma,HCMI Model,GBM,Brain Cancer,1.270377782,-9.235081266
HCM-BROD-0577-C15-85M,HCM-BROD-0577-C15,Esophageal Cancer,HCMI Model,ESCA,Esophageal Cancer,-5.597898516,-2.689632725
HCM-BROD-0578-C15-85A,HCM-BROD-0578-C15,Esophageal Cancer,HCMI Model,ESCA,Esophageal Cancer,-2.615052972,-2.817830156
HCM-BROD-0578-C15-85M,HCM-BROD-0578-C15,Esophageal Cancer,HCMI Model,ESCA,Esophageal Cancer,-2.880044255,-3.113546919
HCM-BROD-0579-C16-85M,HCM-BROD-0579-C16,Gastric Cancer,HCMI Model,STAD,Gastric Cancer,-5.356533561,-2.746224712
HCM-BROD-0594-C43-85M,HCM-BROD-0594-C43,Skin Cancer,HCMI Model,SKCM,Skin Cancer,5.460133996,3.467656304
HCM-BROD-0595-C43-85M,HCM-BROD-0595-C43,Skin Cancer,HCMI Model,SKCM,Skin Cancer,5.146419492,3.453666378
HCM-BROD-0596-C43-85O,HCM-BROD-0596-C43,Skin Cancer,HCMI Model,SKCM,Skin Cancer,4.907613721,3.342194964
HCM-BROD-0597-C64-85A,HCM-BROD-0597-C64,Wilms Tumor,HCMI Model,WT,Kidney Cancer,1.961142745,1.175377299
HCM-BROD-0611-C71-85R,HCM-BROD-0611-C71,Glioblastoma,HCMI Model,GBM,Brain Cancer,1.345667925,-9.044302534
HCM-BROD-0613-C71-85A,HCM-BROD-0613-C71,Glioblastoma,HCMI Model,GBM,Brain Cancer,1.077814009,0.664027442
HCM-BROD-0614-C71-85B,HCM-BROD-0614-C71,Glioblastoma,HCMI Model,GBM,Brain Cancer,1.444340315,-9.034431051
HCM-BROD-0615-C16-85M,HCM-BROD-0615-C16,Gastric Cancer,HCMI Model,STAD,Gastric Cancer,-2.951233182,-3.133877348
HCM-BROD-0643-C43-85N,HCM-BROD-0643-C43,Skin Cancer,HCMI Model,SKCM,Skin Cancer,5.688778844,3.483073164
HCM-BROD-0644-C25-85M,HCM-BROD-0644-C25,Pancreatic Cancer,HCMI Model,PAAD,Pancreatic Cancer,-0.757320914,-1.914299439
HCM-BROD-0648-C71-85R,HCM-BROD-0648-C71,Glioblastoma,HCMI Model,GBM,Brain Cancer,1.397044029,-9.096229147
HCM-BROD-0649-C49-85B,HCM-BROD-0649-C49,Leiomyosarcoma,HCMI Model,SARC,,1.894527998,1.183509279
HCM-BROD-0650-C56-85N,HCM-BROD-0650-C56,Ovarian Cancer,HCMI Model,OV,Ovarian Cancer,1.73981401,8.114166666
HCM-BROD-0676-C71-85R,HCM-BROD-0676-C71,Glioblastoma,HCMI Model,GBM,Brain Cancer,1.44334158,-9.243897985
HCM-BROD-0677-C43-85M,HCM-BROD-0677-C43,Skin Cancer,HCMI Model,SKCM,Skin Cancer,5.12232348,3.311647822
HCM-BROD-0678-C71-85A,HCM-BROD-0678-C71,Glioblastoma,HCMI Model,MB,Brain Cancer,2.760884252,13.01947348
HCM-BROD-0679-C43-85M,HCM-BROD-0679-C43,Skin Cancer,HCMI Model,SKCM,Skin Cancer,1.061441627,1.12410741
HCM-BROD-0681-C71-85R,HCM-BROD-0681-C71,Glioblastoma,HCMI Model,GBM,Brain Cancer,1.454801049,-9.193768095
HCM-BROD-0682-C64-85A,HCM-BROD-0682-C64,Kidney Cancer,HCMI Model,KIRC,Kidney Cancer,6.112251725,-5.344645571
HCM-BROD-0683-C43-85A,HCM-BROD-0683-C43,Skin Cancer,HCMI Model,SKCM,Skin Cancer,5.258532968,3.482566286
HCM-BROD-0685-C71-85A,HCM-BROD-0685-C71,Glioblastoma,HCMI Model,GBM,Brain Cancer,1.379653003,-9.031662535
HCM-BROD-0689-C71-85R,HCM-BROD-0689-C71,Glioblastoma,HCMI Model,GBM,Brain Cancer,1.025578287,0.782030274
HCM-BROD-0690-C43-85A,HCM-BROD-0690-C43,Skin Cancer,HCMI Model,SKCM,Skin Cancer,4.995285478,3.416921307
HCM-BROD-0693-C71-85A,HCM-BROD-0693-C71,Glioblastoma,HCMI Model,GBM,Brain Cancer,1.5329034,-9.18238027
HCM-BROD-0695-C71-85R,HCM-BROD-0695-C71,Glioblastoma,HCMI Model,GBM,Brain Cancer,1.395587113,-9.106960844
HCM-BROD-0702-C43-85M,HCM-BROD-0702-C43,Skin Cancer,HCMI Model,SKCM,Skin Cancer,0.847772655,0.716849793
HCM-BROD-0703-C16-85N,HCM-BROD-0703-C16,Gastric Cancer,HCMI Model,STAD,Gastric Cancer,-5.276139293,1.291413118
HCM-BROD-0709-C64-85B,HCM-BROD-0709-C64,Kidney Cancer,HCMI Model,KIRC,Kidney Cancer,-0.01991621,3.265407492
HCM-BROD-0710-C43-85M,HCM-BROD-0710-C43,Skin Cancer,HCMI Model,SKCM,Skin Cancer,5.220872846,3.496390749
HCM-BROD-0715-C43-85B,HCM-BROD-0715-C43,Skin Cancer,HCMI Model,SKCM,Skin Cancer,5.152144876,3.448948551
HCM-BROD-0716-C43-85N,HCM-BROD-0716-C43,Skin Cancer,HCMI Model,SKCM,Skin Cancer,1.161686685,0.778678347
HCM-BROD-0721-C43-85M,HCM-BROD-0721-C43,Skin Cancer,HCMI Model,SKCM,Skin Cancer,0.941646543,0.669665862
HCM-BROD-0724-C43-85M,HCM-BROD-0724-C43,Skin Cancer,HCMI Model,SKCM,Skin Cancer,6.536156621,4.253525187
HCM-BROD-0745-C43-85M,HCM-BROD-0745-C43,Skin Cancer,HCMI Model,SKCM,Skin Cancer,0.812401798,0.93382125
HCM-BROD-0755-C43-85M,HCM-BROD-0755-C43,Skin Cancer,HCMI Model,SKCM,Skin Cancer,4.925648656,3.354482103
HCM-BROD-0758-C43-85N,HCM-BROD-0758-C43,Skin Cancer,HCMI Model,SKCM,Skin Cancer,5.437980619,3.663764406
HCM-BROD-0759-C15-85A,HCM-BROD-0759-C15,Esophageal Cancer,HCMI Model,ESCA,Esophageal Cancer,-2.938535008,-3.078332495
HCM-BROD-0761-C71-85B,HCM-BROD-0761-C71,Glioblastoma,HCMI Model,GBM,Brain Cancer,1.438706722,-9.170317243
HCM-BROD-0781-C71-85A,HCM-BROD-0781-C71,Glioblastoma,HCMI Model,GBM,Brain Cancer,1.329499927,0.938262094
HCM-BROD-0782-C71-85B,HCM-BROD-0782-C71,Glioblastoma,HCMI Model,GBM,Brain Cancer,1.372813609,-9.193066191
HCM-BROD-0783-C71-85R,HCM-BROD-0783-C71,Glioblastoma,HCMI Model,GBM,Brain Cancer,1.468997088,-9.115515303
HCM-BROD-0791-C43-85O,HCM-BROD-0791-C43,Skin Cancer,HCMI Model,SKCM,Skin Cancer,1.127865937,0.73773532
HCM-BROD-0793-C15-85M,HCM-BROD-0793-C15,Esophageal Cancer,HCMI Model,ESCA,Esophageal Cancer,-2.882616792,-3.080656599
HCM-BROD-0794-C16-85M,HCM-BROD-0794-C16,Gastric Cancer,HCMI Model,STAD,Gastric Cancer,-5.26802114,-3.070889067
HCM-BROD-0796-C71-85A,HCM-BROD-0796-C71,Glioblastoma,HCMI Model,GBM,,1.352793124,-9.206940245
HCM-BROD-0829-C71-85A,HCM-BROD-0829-C71,Glioblastoma,HCMI Model,GBM,Brain Cancer,1.311858978,-9.025604795
HCM-BROD-0830-C71-85R,HCM-BROD-0830-C71,Glioblastoma,HCMI Model,GBM,Brain Cancer,1.413333264,-9.093872618
HCM-BROD-0831-C71-85B,HCM-BROD-0831-C71,Glioblastoma,HCMI Model,GBM,Brain Cancer,1.355968204,-9.149621557
HCM-BROD-0834-C43-85M,HCM-BROD-0834-C43,Skin Cancer,HCMI Model,SKCM,Skin Cancer,6.689013925,4.402160097
HCM-BROD-0871-C49-85M,HCM-BROD-0871-C49,Leiomyosarcoma,HCMI Model,SARC,Sarcoma,1.347099867,1.651121188
HCM-BROD-0874-C43-85N,HCM-BROD-0874-C43,Skin Cancer,HCMI Model,SKCM,Skin Cancer,1.259376195,1.081957866
HCM-BROD-0922-C71-85A,HCM-BROD-0922-C71,Glioblastoma,HCMI Model,GBM,Brain Cancer,1.521376815,-9.185173582
HCM-BROD-0923-C64-85B,HCM-BROD-0923-C64,Wilms Tumor,HCMI Model,WT,Kidney Cancer,1.404450622,7.638617445
HCM-BROD-0924-C34-85A,HCM-BROD-0924-C34,Lung Cancer,HCMI Model,SCLC,Lung Cancer,-5.356515918,2.308853317
HCM-BROD-0925-C71-85A,HCM-BROD-0925-C71,Glioblastoma,HCMI Model,GBM,Brain Cancer,1.942451563,-9.38712747
HCM-BROD-0926-C16-85B,HCM-BROD-0926-C16,Gastric Cancer,HCMI Model,STAD,Gastric Cancer,-2.985741887,-3.080322813
HCM-BROD-0926-C16-85N,HCM-BROD-0926-C16,Gastric Cancer,HCMI Model,STAD,Gastric Cancer,-2.77512649,-2.873630117
HCM-BROD-0953-C34-85B,HCM-BROD-0953-C34,Lung Cancer,HCMI Model,LUAD,Lung Cancer,-1.472213421,-0.847806465
HCM-BROD-0954-C34-85A,HCM-BROD-0954-C34,Lung Cancer,HCMI Model,LUAD,Lung Cancer,-1.083302769,-1.984789442
HCM-BROD-0955-C15-85B,HCM-BROD-0955-C15,Esophageal Cancer,HCMI Model,ESCA,Esophageal Cancer,-2.721760068,-2.912837337
HCM-BROD-0957-C34-85A,HCM-BROD-0957-C34,Lung Cancer,HCMI Model,LUAD,Lung Cancer,-0.046774808,-2.889943193
HCM-BROD-0959-C18-85B,HCM-BROD-0959-C18,Colorectal Cancer,HCMI Model,COAD,Colon/Colorectal Cancer,-4.407907996,-3.432024072
HCM-BROD-0960-C16-85A,HCM-BROD-0960-C16,Gastric Cancer,HCMI Model,STAD,Gastric Cancer,-2.858275685,-3.062813114
HCM-BROD-0962-C16-85A,HCM-BROD-0962-C16,Gastric Cancer,HCMI Model,STAD,Gastric Cancer,-2.770046029,-2.897450994
HCM-BROD-1098-C91-85B,HCM-BROD-1098-C91,"Prolymphocytic Leukemia, T-cell type",HCMI Model,TPLL,,-9.803379569,6.389326502
HCM-BROD-1099-C84-85B,HCM-BROD-1099-C84,Mature T-cell lymphoma,HCMI Model,CTCL,,-9.815372977,6.397458006
HCM-BROD-1100-C84-85B,HCM-BROD-1100-C84,Sezary Syndrome,HCMI Model,CTCL,,-9.81525186,6.394395281
HCM-BROD-1102-C85-85A,HCM-BROD-1102-C85,"Malignant Lymphoma, non-Hodgkins",HCMI Model,NHL,,-8.776950393,7.168636252
HCM-BROD-1103-C86-85A,HCM-BROD-1103-C86,Angioimmunoblastic T-cell Lymphoma,HCMI Model,CTCL,Lymphoma,-9.761583838,6.427117277
HCM-BROD-1104-C85-85A,HCM-BROD-1104-C85,"Malignant Lymphoma, non-Hodgkins",HCMI Model,NHL,,-8.784787688,7.181554724
HCM-BROD-1105-C73-85A,HCM-BROD-1105-C73,Thyroid Papillary Carcinoma,HCMI Model,THCA,Thyroid Cancer,-0.341167066,-3.049062084
HCM-BROD-1117-C56-85A,HCM-BROD-1117-C56,Ovarian Cancer,HCMI Model,OV,,1.394027021,7.782810618
HCM-BROD-1119-C43-85B,HCM-BROD-1119-C43,Skin Cancer,HCMI Model,SKCM,Eye Cancer,6.646357026,4.370049883
HCM-BROD-1121-C71-85A,HCM-BROD-1121-C71,Glioblastoma,HCMI Model,GBM,Brain Cancer,1.346913543,-9.240225386
HCM-BROD-1122-C49-85B,HCM-BROD-1122-C49,Clear Cell Sarcoma,HCMI Model,SARC,Sarcoma,1.78251585,1.112867881
HCM-BROD-1123-C71-85A,HCM-BROD-1123-C71,Glioblastoma,HCMI Model,GBM,Brain Cancer,1.307381418,-9.09242494
HCM-BROD-1124-C16-85B,HCM-BROD-1124-C16,Gastric Cancer,HCMI Model,STAD,Gastric Cancer,-2.709089789,-2.923745941
HCM-BROD-1127-C15-85B,HCM-BROD-1127-C15,Esophageal Cancer,HCMI Model,ESCA,Esophageal Cancer,-2.794426236,-2.957657169
HCM-BROD-1129-C56-85B,HCM-BROD-1129-C56,Ovarian Cancer,HCMI Model,OV,,1.51551148,8.034781386
HCM-BROD-1130-C06-85B,HCM-BROD-1130-C06,Head and Neck cancer,HCMI Model,HNSC,,-0.133577142,-3.209764789
HCM-BROD-1131-C06-85B,HCM-BROD-1131-C06,Head and Neck cancer,HCMI Model,HNSC,,-6.474812541,0.571613659
HCM-BROD-1181-C73-85B,HCM-BROD-1181-C73,Thyroid Papillary Carcinoma,HCMI Model,THCA,,0.76516464,0.725268711
HCM-BROD-1186-C64-85B,HCM-BROD-1186-C64,Kidney Cancer,HCMI Model,KIRC,Kidney Cancer,6.212787118,-5.687773298
HCM-CSHL-0056-C18-85B,HCM-CSHL-0056-C18,Colorectal Cancer,HCMI Model,COAD,Colon/Colorectal Cancer,-4.64235929,-3.406329464
HCM-CSHL-0057-C18-85B,HCM-CSHL-0057-C18,Colorectal Cancer,HCMI Model,COAD,Colon/Colorectal Cancer,-5.952426467,-2.717846464
HCM-CSHL-0059-C25-85A,HCM-CSHL-0059-C25,Pancreatic Cancer,HCMI Model,PAAD,Pancreatic Cancer,-2.828329835,-2.973375868
HCM-CSHL-0060-C18-85A,HCM-CSHL-0060-C18,Colorectal Cancer,HCMI Model,COAD,Colon/Colorectal Cancer,-5.906662974,-2.751579594
HCM-CSHL-0061-C18-85A,HCM-CSHL-0061-C18,Colorectal Cancer,HCMI Model,COAD,Colon/Colorectal Cancer,-5.916902098,-2.653657984
HCM-CSHL-0062-C18-85A,HCM-CSHL-0062-C18,Colorectal Cancer,HCMI Model,READ,Colon/Colorectal Cancer,-5.912541423,-2.770092558
HCM-CSHL-0063-C18-85A,HCM-CSHL-0063-C18,Colorectal Cancer,HCMI Model,COAD,Colon/Colorectal Cancer,-5.867475543,-2.662852596
HCM-CSHL-0064-C18-85A,HCM-CSHL-0064-C18,Colorectal Cancer,HCMI Model,COAD,Colon/Colorectal Cancer,-5.97584394,-2.681966614
HCM-CSHL-0065-C20-85A,HCM-CSHL-0065-C20,Colorectal Cancer,HCMI Model,COAD,Colon/Colorectal Cancer,-5.926171336,-2.764755796
HCM-CSHL-0073-C25-85B,HCM-CSHL-0073-C25,Pancreatic Cancer,HCMI Model,PAAD,Pancreatic Cancer,-2.692034755,-2.837107729
HCM-CSHL-0074-C25-85A,HCM-CSHL-0074-C25,Pancreatic Cancer,HCMI Model,PAAD,Pancreatic Cancer,-2.809448514,-2.901769708
HCM-CSHL-0075-C25-85A,HCM-CSHL-0075-C25,Pancreatic Cancer,HCMI Model,PAAD,Pancreatic Cancer,-2.872597728,-2.912601541
HCM-CSHL-0076-C25-85A,HCM-CSHL-0076-C25,Pancreatic Cancer,HCMI Model,PAAD,Pancreatic Cancer,-2.772327218,-2.97165377
HCM-CSHL-0077-C25-85A,HCM-CSHL-0077-C25,Pancreatic Cancer,HCMI Model,PAAD,Pancreatic Cancer,-2.955518279,-3.030790876
HCM-CSHL-0078-C25-85A,HCM-CSHL-0078-C25,Pancreatic Cancer,HCMI Model,PAAD,Pancreatic Cancer,-1.883110556,-2.526019644
HCM-CSHL-0078-C25-85M,HCM-CSHL-0078-C25,Pancreatic Cancer,HCMI Model,PAAD,Pancreatic Cancer,-2.69802526,-2.899452041
HCM-CSHL-0078-C25-85P,HCM-CSHL-0078-C25,IPMN,HCMI Model,PAAD,Pancreatic Cancer,-2.703609738,-2.843073915
HCM-CSHL-0079-C25-85A,HCM-CSHL-0079-C25,Pancreatic Cancer,HCMI Model,PAAD,Pancreatic Cancer,-2.750667367,-2.878225159
HCM-CSHL-0080-C25-85A,HCM-CSHL-0080-C25,Pancreatic Cancer,HCMI Model,PAAD,Pancreatic Cancer,-2.881836924,-3.042806696
HCM-CSHL-0081-C25-85A,HCM-CSHL-0081-C25,Pancreatic Cancer,HCMI Model,PAAD,Pancreatic Cancer,-3.02394012,-2.669063877
HCM-CSHL-0082-C25-85A,HCM-CSHL-0082-C25,Pancreatic Cancer,HCMI Model,PAAD,Pancreatic Cancer,-2.933460746,-3.07721455
HCM-CSHL-0084-C25-85A,HCM-CSHL-0084-C25,Pancreatic Cancer,HCMI Model,PAAD,Pancreatic Cancer,-3.194856677,-2.981978725
HCM-CSHL-0088-C25-85A,HCM-CSHL-0088-C25,Pancreatic Cancer,HCMI Model,PAAD,Pancreatic Cancer,-2.758886609,-2.858059954
HCM-CSHL-0089-C25-85A,HCM-CSHL-0089-C25,Pancreatic Cancer,HCMI Model,PAAD,Pancreatic Cancer,-2.982041392,-3.001342605
HCM-CSHL-0089-C25-85M,HCM-CSHL-0089-C25,Pancreatic Cancer,HCMI Model,PAAD,Pancreatic Cancer,-2.844800505,-2.948144745
HCM-CSHL-0090-C25-85A,HCM-CSHL-0090-C25,Pancreatic Cancer,HCMI Model,PAAD,Pancreatic Cancer,-2.840009246,-2.891739677
HCM-CSHL-0091-C25-85A,HCM-CSHL-0091-C25,Pancreatic Cancer,HCMI Model,PAAD,Pancreatic Cancer,-2.817356381,-2.783075641
HCM-CSHL-0092-C25-85A,HCM-CSHL-0092-C25,Pancreatic Cancer,HCMI Model,PAAD,Pancreatic Cancer,-2.795264754,-2.874815058
HCM-CSHL-0093-C25-85A,HCM-CSHL-0093-C25,Pancreatic Cancer,HCMI Model,PAAD,Pancreatic Cancer,-2.726991448,-2.824016641
HCM-CSHL-0094-C25-85A,HCM-CSHL-0094-C25,Pancreatic Cancer,HCMI Model,PAAD,Pancreatic Cancer,-2.908818755,-2.860157083
HCM-CSHL-0141-C18-85A,HCM-CSHL-0141-C18,Colorectal Cancer,HCMI Model,COAD,Colon/Colorectal Cancer,-5.977898631,-2.823925089
HCM-CSHL-0142-C18-85A,HCM-CSHL-0142-C18,Colorectal Cancer,HCMI Model,COAD,Colon/Colorectal Cancer,-5.755133185,-2.876151155
HCM-CSHL-0143-C20-85A,HCM-CSHL-0143-C20,Colorectal Cancer,HCMI Model,READ,Colon/Colorectal Cancer,-5.92654756,-2.889141153
HCM-CSHL-0151-C50-85A,HCM-CSHL-0151-C50,Breast Cancer,HCMI Model,BRCA,Breast Cancer,4.296512094,-1.477533411
HCM-CSHL-0153-C50-85E,HCM-CSHL-0153-C50,Breast Cancer,HCMI Model,BRCA,Breast Cancer,4.435030427,-1.213710736
HCM-CSHL-0155-C50-85D,HCM-CSHL-0155-C50,Breast Cancer,HCMI Model,BRCA,Breast Cancer,4.22478148,-1.751151751
HCM-CSHL-0158-C20-85A,HCM-CSHL-0158-C20,Colorectal Cancer,HCMI Model,READ,Colon/Colorectal Cancer,-5.922758612,-2.658609938
HCM-CSHL-0159-C18-85B,HCM-CSHL-0159-C18,Colorectal Cancer,HCMI Model,COAD,Colon/Colorectal Cancer,-5.527619872,-2.796741318
HCM-CSHL-0160-C18-85A,HCM-CSHL-0160-C18,Colorectal Cancer,HCMI Model,COAD,Colon/Colorectal Cancer,-5.688293013,-3.041688513
HCM-CSHL-0161-C18-85A,HCM-CSHL-0161-C18,Colorectal Cancer,HCMI Model,COAD,Colon/Colorectal Cancer,-5.783596072,-2.621781181
HCM-CSHL-0162-C19-85A,HCM-CSHL-0162-C19,Colorectal Cancer,HCMI Model,READ,Colon/Colorectal Cancer,-5.962217364,-2.701391052
HCM-CSHL-0164-C20-85A,HCM-CSHL-0164-C20,Colorectal Cancer,HCMI Model,COAD,Colon/Colorectal Cancer,-5.795703921,-2.629336189
HCM-CSHL-0174-C22-85A,HCM-CSHL-0174-C22,Intrahepatic Cholangiocarcinoma,HCMI Model,CHOL,Bile Duct Cancer,-1.839944634,-2.282058548
HCM-CSHL-0176-C25-85A,HCM-CSHL-0176-C25,Pancreatic Cancer,HCMI Model,PAAD,Pancreatic Cancer,-2.896410498,-2.799927543
HCM-CSHL-0177-C25-85A,HCM-CSHL-0177-C25,Pancreatic Cancer,HCMI Model,PAAD,Pancreatic Cancer,-2.767328057,-2.870878052
HCM-CSHL-0178-C25-85A,HCM-CSHL-0178-C25,Pancreatic Cancer,HCMI Model,PAAD,Pancreatic Cancer,-2.891204629,-3.006916593
HCM-CSHL-0179-C25-85A,HCM-CSHL-0179-C25,Pancreatic Cancer,HCMI Model,PAAD,Pancreatic Cancer,-2.749339137,-2.834900926
HCM-CSHL-0180-C25-85B,HCM-CSHL-0180-C25,Pancreatic Cancer,HCMI Model,PAAD,Pancreatic Cancer,-2.772177968,-2.839985918
HCM-CSHL-0181-C25-85B,HCM-CSHL-0181-C25,Pancreatic Cancer,HCMI Model,PAAD,Pancreatic Cancer,-2.785854611,-3.029221128
HCM-CSHL-0182-C25-85A,HCM-CSHL-0182-C25,Pancreatic Cancer,HCMI Model,PAAD,Pancreatic Cancer,-2.869198594,-2.922754835
HCM-CSHL-0183-C25-85A,HCM-CSHL-0183-C25,Pancreatic Cancer,HCMI Model,PAAD,Pancreatic Cancer,-2.987222466,-2.975385736
HCM-CSHL-0184-C25-85A,HCM-CSHL-0184-C25,Pancreatic Cancer,HCMI Model,PAAD,Pancreatic Cancer,-2.766703877,-2.841032814
HCM-CSHL-0186-C25-85A,HCM-CSHL-0186-C25,Pancreatic Cancer,HCMI Model,PAAD,Pancreatic Cancer,-2.7757583,-2.820122789
HCM-CSHL-0187-C25-85A,HCM-CSHL-0187-C25,Pancreatic Cancer,HCMI Model,PAAD,Pancreatic Cancer,-3.121614013,-3.053849529
HCM-CSHL-0189-C25-85A,HCM-CSHL-0189-C25,Pancreatic Cancer,HCMI Model,PAAD,Pancreatic Cancer,-3.213361296,-3.015368294
HCM-CSHL-0191-C25-85A,HCM-CSHL-0191-C25,Pancreatic Cancer,HCMI Model,PAAD,Pancreatic Cancer,-2.816959414,-2.73453338
HCM-CSHL-0192-C25-85A,HCM-CSHL-0192-C25,Pancreatic Cancer,HCMI Model,PAAD,Pancreatic Cancer,-2.984036717,-2.994001697
HCM-CSHL-0193-C25-85A,HCM-CSHL-0193-C25,Pancreatic Cancer,HCMI Model,PAAD,Pancreatic Cancer,-2.697090659,-2.783952068
HCM-CSHL-0237-C18-85A,HCM-CSHL-0237-C18,Colorectal Cancer,HCMI Model,COAD,Colon/Colorectal Cancer,-5.961782012,-2.752876352
HCM-CSHL-0238-C18-85A,HCM-CSHL-0238-C18,Colorectal Cancer,HCMI Model,COAD,Colon/Colorectal Cancer,-5.851781878,-2.746091436
HCM-CSHL-0239-C18-85A,HCM-CSHL-0239-C18,Colorectal Cancer,HCMI Model,COAD,Colon/Colorectal Cancer,-5.909026179,-2.720103096
HCM-CSHL-0240-C18-85A,HCM-CSHL-0240-C18,Colorectal Cancer,HCMI Model,COAD,Colon/Colorectal Cancer,-4.409072909,-3.401549887
HCM-CSHL-0242-C18-85A,HCM-CSHL-0242-C18,Colorectal Cancer,HCMI Model,COAD,Colon/Colorectal Cancer,-4.492918048,-3.439107727
HCM-CSHL-0243-C18-85A,HCM-CSHL-0243-C18,Colorectal Cancer,HCMI Model,COAD,Colon/Colorectal Cancer,-5.986255202,-2.663935732
HCM-CSHL-0244-C20-85A,HCM-CSHL-0244-C20,Colorectal Cancer,HCMI Model,READ,Colon/Colorectal Cancer,-5.969921622,-2.728319239
HCM-CSHL-0245-C18-85A,HCM-CSHL-0245-C18,Colorectal Cancer,HCMI Model,COAD,Colon/Colorectal Cancer,-5.982826266,-2.685063671
HCM-CSHL-0245-C18-85M,HCM-CSHL-0245-C18,Colorectal Cancer,HCMI Model,COAD,Colon/Colorectal Cancer,-5.960691962,-2.710277866
HCM-CSHL-0246-C19-85A,HCM-CSHL-0246-C19,Colorectal Cancer,HCMI Model,READ,Colon/Colorectal Cancer,-5.643593344,-2.808736872
HCM-CSHL-0247-C18-85A,HCM-CSHL-0247-C18,Colorectal Cancer,HCMI Model,COAD,Colon/Colorectal Cancer,-5.957376513,-2.752198767
HCM-CSHL-0247-C18-85M,HCM-CSHL-0247-C18,Colorectal Cancer,HCMI Model,COAD,Colon/Colorectal Cancer,-5.8163977,-2.696130108
HCM-CSHL-0248-C19-85A,HCM-CSHL-0248-C19,Colorectal Cancer,HCMI Model,COAD,Colon/Colorectal Cancer,-5.960190806,-2.712793421
HCM-CSHL-0250-C50-85C,HCM-CSHL-0250-C50,Breast Cancer,HCMI Model,BRCA,Breast Cancer,4.0445151,-1.681123923
HCM-CSHL-0255-C18-85F,HCM-CSHL-0255-C18,Colorectal Cancer,HCMI Model,COAD,Colon/Colorectal Cancer,-5.865880523,-2.832526277
HCM-CSHL-0257-C18-85A,HCM-CSHL-0257-C18,Colorectal Cancer,HCMI Model,COAD,Colon/Colorectal Cancer,-5.852660212,-2.638277124
HCM-CSHL-0258-C18-85D,HCM-CSHL-0258-C18,Colorectal Cancer,HCMI Model,COAD,Colon/Colorectal Cancer,-5.908183131,-2.688665937
HCM-CSHL-0261-C50-85D,HCM-CSHL-0261-C50,Breast Cancer,HCMI Model,BRCA,Breast Cancer,4.124850002,-1.678878378
HCM-CSHL-0317-C18-85A,HCM-CSHL-0317-C18,Colorectal Cancer,HCMI Model,COAD,Colon/Colorectal Cancer,-5.312986407,-3.041974377
HCM-CSHL-0322-C20-85A,HCM-CSHL-0322-C20,Colorectal Cancer,HCMI Model,READ,Colon/Colorectal Cancer,-5.947160754,-2.719818662
HCM-CSHL-0323-C20-85A,HCM-CSHL-0323-C20,Colorectal Cancer,HCMI Model,READ,Colon/Colorectal Cancer,-5.948067221,-2.742292236
HCM-CSHL-0366-C50-85B,HCM-CSHL-0366-C50,Breast Cancer,HCMI Model,BRCA,Breast Cancer,-5.17349628,0.691910852
HCM-CSHL-0368-D37-85P,HCM-CSHL-0368-D37,Gallbladder Cancer,HCMI Model,GBAD,Gallbladder Cancer,-2.943334374,-3.051547836
HCM-CSHL-0371-C25-85A,HCM-CSHL-0371-C25,Pancreatic Cancer,HCMI Model,PAAD,Pancreatic Cancer,-2.87942985,-2.923587393
HCM-CSHL-0372-C25-85A,HCM-CSHL-0372-C25,Pancreatic Cancer,HCMI Model,PAAD,Pancreatic Cancer,-2.758457455,-2.906705927
HCM-CSHL-0373-C25-85A,HCM-CSHL-0373-C25,Pancreatic Cancer,HCMI Model,PAAD,Pancreatic Cancer,-2.809771571,-2.868416141
HCM-CSHL-0374-C25-85A,HCM-CSHL-0374-C25,Pancreatic Cancer,HCMI Model,PAAD,Pancreatic Cancer,-2.727984462,-2.730470013
HCM-CSHL-0377-C18-85A,HCM-CSHL-0377-C18,Colorectal Cancer,HCMI Model,COAD,Colon/Colorectal Cancer,-4.45876554,-3.399095844
HCM-CSHL-0378-C18-85A,HCM-CSHL-0378-C18,Colorectal Cancer,HCMI Model,COAD,Colon/Colorectal Cancer,-5.72883657,-2.831186603
HCM-CSHL-0379-C18-85A,HCM-CSHL-0379-C18,Colorectal Cancer,HCMI Model,COAD,Colon/Colorectal Cancer,-5.962566886,-2.716288637
HCM-CSHL-0379-C18-85C,HCM-CSHL-0379-C18,Colorectal Cancer,HCMI Model,COAD,Colon/Colorectal Cancer,-5.984301123,-2.699511122
HCM-CSHL-0380-C18-85A,HCM-CSHL-0380-C18,Colorectal Cancer,HCMI Model,COAD,Colon/Colorectal Cancer,-4.506324801,-3.544542383
HCM-CSHL-0381-C20-85A,HCM-CSHL-0381-C20,Colorectal Cancer,HCMI Model,READ,Colon/Colorectal Cancer,-5.937350783,-2.745253633
HCM-CSHL-0382-C19-85A,HCM-CSHL-0382-C19,Colorectal Cancer,HCMI Model,COAD,Colon/Colorectal Cancer,-5.842621836,-2.692380976
HCM-CSHL-0382-C19-85N,HCM-CSHL-0382-C19,Colorectal Cancer,HCMI Model,COAD,Colon/Colorectal Cancer,-4.945042167,-1.965475391
HCM-CSHL-0383-C18-85A,HCM-CSHL-0383-C18,Colorectal Cancer,HCMI Model,COAD,Colon/Colorectal Cancer,-5.950117144,-2.62553842
HCM-CSHL-0385-C18-85A,HCM-CSHL-0385-C18,Colorectal Cancer,HCMI Model,COAD,Colon/Colorectal Cancer,-5.940547976,-2.702184271
HCM-CSHL-0393-C18-85A,HCM-CSHL-0393-C18,Colorectal Cancer,HCMI Model,COAD,Colon/Colorectal Cancer,-4.078688178,6.954760004
HCM-CSHL-0403-C25-85D,HCM-CSHL-0403-C25,Pancreatic Cancer,HCMI Model,PAAD,Pancreatic Cancer,-2.859486613,-2.952452492
HCM-CSHL-0405-C25-85A,HCM-CSHL-0405-C25,Pancreatic Cancer,HCMI Model,PAAD,Pancreatic Cancer,-2.974364075,-2.832231354
HCM-CSHL-0426-C18-85A,HCM-CSHL-0426-C18,Colorectal Cancer,HCMI Model,COAD,Colon/Colorectal Cancer,-4.406076464,-3.414155554
HCM-CSHL-0429-C06-85C,HCM-CSHL-0429-C06,Head and Neck cancer,HCMI Model,HNSC,Head and Neck Cancer,-6.822336707,0.748119105
HCM-CSHL-0432-C20-85A,HCM-CSHL-0432-C20,Colorectal Cancer,HCMI Model,READ,Colon/Colorectal Cancer,-5.837852511,-2.742956947
HCM-CSHL-0433-C24-85A,HCM-CSHL-0433-C24,Extrahepatic Cholangiocarcinoma,HCMI Model,CHOL,Bile Duct Cancer,-2.990961823,-3.066760372
HCM-CSHL-0434-C24-85A,HCM-CSHL-0434-C24,Extrahepatic Cholangiocarcinoma,HCMI Model,CHOL,Bile Duct Cancer,-2.908867631,-3.031523775
HCM-CSHL-0434-C24-85M,HCM-CSHL-0434-C24,Extrahepatic Cholangiocarcinoma,HCMI Model,CHOL,Bile Duct Cancer,-2.736173425,-2.846626591
HCM-CSHL-0438-C18-85A,HCM-CSHL-0438-C18,Colorectal Cancer,HCMI Model,COAD,Colon/Colorectal Cancer,-5.758093867,-2.638791393
HCM-CSHL-0438-C18-85B,HCM-CSHL-0438-C18,Colorectal Cancer,HCMI Model,COAD,Colon/Colorectal Cancer,-4.576640162,-3.389899801
HCM-CSHL-0460-C50-85A,HCM-CSHL-0460-C50,Breast Cancer,HCMI Model,BRCA,Breast Cancer,4.660456624,-1.510101866
HCM-CSHL-0464-C50-85D,HCM-CSHL-0464-C50,Breast Cancer,HCMI Model,BRCA,Breast Cancer,4.903449979,-1.246132444
HCM-CSHL-0467-C56-85M,HCM-CSHL-0467-C56,Ovarian Cancer,HCMI Model,OV,Ovarian Cancer,1.349228707,7.928212095
HCM-CSHL-0507-C20-85A,HCM-CSHL-0507-C20,Colorectal Cancer,HCMI Model,READ,Colon/Colorectal Cancer,-5.92570642,-2.721482347
HCM-CSHL-0514-C50-85B,HCM-CSHL-0514-C50,Breast Cancer,HCMI Model,BRCA,Breast Cancer,1.328146603,-1.310471486
HCM-CSHL-0516-C56-85B,HCM-CSHL-0516-C56,Ovarian Cancer,HCMI Model,OV,Ovarian Cancer,-2.793528352,-2.900286268
HCM-CSHL-0582-C18-85M,HCM-CSHL-0582-C18,Colorectal Cancer,HCMI Model,COAD,Colon/Colorectal Cancer,-6.023132834,-2.792620252
HCM-CSHL-0584-C19-85M,HCM-CSHL-0584-C19,Colorectal Cancer,HCMI Model,COAD,Colon/Colorectal Cancer,-5.922016177,-2.705680679
HCM-CSHL-0586-C32-85D,HCM-CSHL-0586-C32,Head and Neck cancer,HCMI Model,HNSC,Head and Neck Cancer,-0.614217195,-1.320539545
HCM-CSHL-0598-C25-85B,HCM-CSHL-0598-C25,Pancreatic Cancer,HCMI Model,PAAD,Pancreatic Cancer,-2.840061936,-2.896648716
HCM-CSHL-0600-C25-85A,HCM-CSHL-0600-C25,Pancreatic Cancer,HCMI Model,PAAD,Pancreatic Cancer,-2.942879233,-3.071566652
HCM-CSHL-0601-C25-85A,HCM-CSHL-0601-C25,Pancreatic Cancer,HCMI Model,PAAD,Pancreatic Cancer,-2.521442685,-2.730222534
HCM-CSHL-0603-C18-85M,HCM-CSHL-0603-C18,Colorectal Cancer,HCMI Model,COAD,Colon/Colorectal Cancer,-6.002468142,-2.941519569
HCM-CSHL-0607-C19-85A,HCM-CSHL-0607-C19,Colorectal Cancer,HCMI Model,READ,Colon/Colorectal Cancer,-5.896594558,-2.704980682
HCM-CSHL-0617-C22-85A,HCM-CSHL-0617-C22,Hepatocellular carcinoma,HCMI Model,LIHC,Liver Cancer,0.04339188,3.213541437
HCM-CSHL-0618-C18-85M,HCM-CSHL-0618-C18,Colorectal Cancer,HCMI Model,COAD,Colon/Colorectal Cancer,-5.979249511,-2.635166
HCM-CSHL-0621-C18-85M,HCM-CSHL-0621-C18,Colorectal Cancer,HCMI Model,COAD,Colon/Colorectal Cancer,-5.830659423,-2.812601398
HCM-CSHL-0622-C18-85A,HCM-CSHL-0622-C18,Colorectal Cancer,HCMI Model,COAD,Colon/Colorectal Cancer,-5.746399436,-2.519539665
HCM-CSHL-0623-C18-85A,HCM-CSHL-0623-C18,Colorectal Cancer,HCMI Model,COAD,Colon/Colorectal Cancer,-5.922008071,-2.793840002
HCM-CSHL-0625-C18-85M,HCM-CSHL-0625-C18,Colorectal Cancer,HCMI Model,COAD,Colon/Colorectal Cancer,-5.983868155,-2.786157678
HCM-CSHL-0634-C30-85A,HCM-CSHL-0634-C30,Head and Neck cancer,HCMI Model,HNSC,Head and Neck Cancer,-5.866154704,1.821808625
HCM-CSHL-0636-C02-85A,HCM-CSHL-0636-C02,Head and Neck cancer,HCMI Model,HNSC,Head and Neck Cancer,-5.719101462,1.088076402
HCM-CSHL-0639-C56-85A,HCM-CSHL-0639-C56,Ovarian Cancer,HCMI Model,OV,Ovarian Cancer,1.864036646,8.304815699
HCM-CSHL-0653-C18-85O,HCM-CSHL-0653-C18,Colorectal Cancer,HCMI Model,COAD,Colon/Colorectal Cancer,-4.908540282,-1.951451134
HCM-CSHL-0654-C26-85M,HCM-CSHL-0654-C26,"Carcinoma, NOS",HCMI Model,MISC,NA_CCLE,-3.426702771,-3.209607195
HCM-CSHL-0655-C50-85N,HCM-CSHL-0655-C50,Breast Cancer,HCMI Model,BRCA,Breast Cancer,1.068935719,-1.405061792
HCM-CSHL-0657-C25-85A,HCM-CSHL-0657-C25,Pancreatic Cancer,HCMI Model,PAAD,Pancreatic Cancer,-5.739332709,-2.824935745
HCM-CSHL-0658-C20-85O,HCM-CSHL-0658-C20,Colorectal Cancer,HCMI Model,READ,Colon/Colorectal Cancer,-5.84478477,-2.72022612
HCM-CSHL-0659-C18-85N,HCM-CSHL-0659-C18,Colorectal Cancer,HCMI Model,COAD,Colon/Colorectal Cancer,-5.928470168,-2.662252258
HCM-CSHL-0664-C18-85M,HCM-CSHL-0664-C18,Colorectal Cancer,HCMI Model,COAD,Colon/Colorectal Cancer,-5.951568637,-2.77846248
HCM-CSHL-0665-C24-85M,HCM-CSHL-0665-C24,Ampulla of Vater,HCMI Model,CHOL,Bile Duct Cancer,-2.67601541,-2.883466553
HCM-CSHL-0668-C18-85A,HCM-CSHL-0668-C18,Colorectal Cancer,HCMI Model,COAD,Colon/Colorectal Cancer,-5.949000869,-2.818979811
HCM-CSHL-0669-C18-85M,HCM-CSHL-0669-C18,Colorectal Cancer,HCMI Model,COAD,Colon/Colorectal Cancer,-4.710970912,-3.063345503
HCM-CSHL-0670-C18-85M,HCM-CSHL-0670-C18,Colorectal Cancer,HCMI Model,COAD,Colon/Colorectal Cancer,-5.913591418,-2.67548592
HCM-CSHL-0698-C06-85A,HCM-CSHL-0698-C06,Head and Neck cancer,HCMI Model,HNSC,Head and Neck Cancer,-5.229151759,2.412224461
HCM-CSHL-0699-C56-85B,HCM-CSHL-0699-C56,Ovarian Cancer,HCMI Model,OV,Ovarian Cancer,1.731212106,8.022089411
HCM-CSHL-0725-C02-85A,HCM-CSHL-0725-C02,Head and Neck cancer,HCMI Model,HNSC,Head and Neck Cancer,-6.573802981,1.231069375
HCM-CSHL-0726-C18-85M,HCM-CSHL-0726-C18,Colorectal Cancer,HCMI Model,READ,Colon/Colorectal Cancer,-5.933971438,-2.698062729
HCM-CSHL-0727-C18-85M,HCM-CSHL-0727-C18,Colorectal Cancer,HCMI Model,COAD,Colon/Colorectal Cancer,-5.935428176,-2.754240583
HCM-CSHL-0728-C25-85A,HCM-CSHL-0728-C25,Pancreatic Cancer,HCMI Model,PAAD,Pancreatic Cancer,-2.718498263,-2.53066523
HCM-CSHL-0729-C18-85A,HCM-CSHL-0729-C18,Colorectal Cancer,HCMI Model,COAD,Colon/Colorectal Cancer,-5.980213198,-2.624083589
HCM-CSHL-0730-C25-85A,HCM-CSHL-0730-C25,Pancreatic Cancer,HCMI Model,PAAD,Pancreatic Cancer,-2.729361329,-2.834781717
HCM-CSHL-0731-C19-85M,HCM-CSHL-0731-C19,Colorectal Cancer,HCMI Model,READ,Colon/Colorectal Cancer,-5.877500567,-2.771647524
HCM-CSHL-0736-C18-85N,HCM-CSHL-0736-C18,Colorectal Cancer,HCMI Model,COAD,Colon/Colorectal Cancer,-4.154243026,-2.192409824
HCM-CSHL-0737-C18-85M,HCM-CSHL-0737-C18,Colorectal Cancer,HCMI Model,COAD,Colon/Colorectal Cancer,-5.962650332,-2.621361326
HCM-CSHL-0740-C18-85N,HCM-CSHL-0740-C18,Colorectal Cancer,HCMI Model,COAD,Colon/Colorectal Cancer,-5.916856799,-2.633241724
HCM-CSHL-0765-C56-85P,HCM-CSHL-0765-C56,Ovarian Cancer,HCMI Model,OV,Ovarian Cancer,1.430601921,7.975492407
HCM-CSHL-0768-C56-85B,HCM-CSHL-0768-C56,Ovarian Cancer,HCMI Model,OV,Ovarian Cancer,1.666762676,8.365447451
HCM-CSHL-0768-C56-85N,HCM-CSHL-0768-C56,Ovarian Cancer,HCMI Model,OV,Ovarian Cancer,1.630510059,8.119142939
HCM-CSHL-0768-C56-85O,HCM-CSHL-0768-C56,Ovarian Cancer,HCMI Model,OV,Ovarian Cancer,1.680218187,8.461430956
HCM-CSHL-0773-C50-85N,HCM-CSHL-0773-C50,Breast Cancer,HCMI Model,BRCA,Breast Cancer,4.731568303,-1.596192907
HCM-CSHL-0800-C67-85A,HCM-CSHL-0800-C67,Bladder Cancer,HCMI Model,BLCA,Bladder Cancer,-3.66204885,0.019503374
HCM-CSHL-0801-C56-85B,HCM-CSHL-0801-C56,Ovarian Cancer,HCMI Model,OV,Ovarian Cancer,1.088885095,6.609684874
HCM-CSHL-0802-C67-85B,HCM-CSHL-0802-C67,Bladder Cancer,HCMI Model,BLCA,Bladder Cancer,-3.500071559,-0.752532076
HCM-CSHL-0803-C54-85A,HCM-CSHL-0803-C54,Endometrial/Uterine Cancer,HCMI Model,UCEC,Endometrial/Uterine Cancer,-6.643434558,0.287484739
HCM-CSHL-0806-C54-85A,HCM-CSHL-0806-C54,Endometrial/Uterine Cancer,HCMI Model,UCEC,Endometrial/Uterine Cancer,1.455989328,7.031016279
HCM-CSHL-0807-C54-85B,HCM-CSHL-0807-C54,Endometrial/Uterine Cancer,HCMI Model,UCEC,Endometrial/Uterine Cancer,0.042062875,0.588694919
HCM-CSHL-0808-C55-85A,HCM-CSHL-0808-C55,Endometrial/Uterine Cancer,HCMI Model,UCEC,Endometrial/Uterine Cancer,1.626821008,7.998376776
HCM-CSHL-0809-C54-85A,HCM-CSHL-0809-C54,Endometrial/Uterine Cancer,HCMI Model,UCEC,Endometrial/Uterine Cancer,1.676916566,8.351870943
HCM-CSHL-0810-C54-85B,HCM-CSHL-0810-C54,Endometrial/Uterine Cancer,HCMI Model,UCEC,Endometrial/Uterine Cancer,-3.086467299,-3.086458038
HCM-CSHL-0811-C55-85A,HCM-CSHL-0811-C55,Endometrial/Uterine Cancer,HCMI Model,UCEC,Endometrial/Uterine Cancer,0.130367425,0.605979611
HCM-CSHL-0812-C54-85B,HCM-CSHL-0812-C54,Endometrial/Uterine Cancer,HCMI Model,UCEC,Endometrial/Uterine Cancer,1.502685037,7.807871748
HCM-CSHL-0814-C54-85A,HCM-CSHL-0814-C54,Endometrial/Uterine Cancer,HCMI Model,UCEC,Endometrial/Uterine Cancer,1.42551848,7.775223662
HCM-CSHL-0817-C22-85A,HCM-CSHL-0817-C22,Intrahepatic Cholangiocarcinoma,HCMI Model,CHOL,Bile Duct Cancer,-2.420591149,-2.457457136
HCM-CSHL-0818-C56-85P,HCM-CSHL-0818-C56,Ovarian Cancer,HCMI Model,OV,Ovarian Cancer,1.398959782,6.913717199
HCM-CSHL-0820-C34-85B,HCM-CSHL-0820-C34,Lung Cancer,HCMI Model,LUAD,Lung Cancer,-0.814622197,-2.177035164
HCM-CSHL-0821-C19-85M,HCM-CSHL-0821-C19,Colorectal Cancer,HCMI Model,COAD,Colon/Colorectal Cancer,-5.777990851,-2.861113619
HCM-CSHL-0823-C34-85M,HCM-CSHL-0823-C34,Lung Cancer,HCMI Model,LUSC,Lung Cancer,-5.516058955,2.413776566
HCM-CSHL-0835-C20-85N,HCM-CSHL-0835-C20,Colorectal Cancer,HCMI Model,READ,Colon/Colorectal Cancer,-5.849755797,-2.679673981
HCM-CSHL-0837-D01-85P,HCM-CSHL-0837-D01,IPMN,HCMI Model,PAAD,Pancreatic Cancer,-2.806942019,-3.030882429
HCM-CSHL-0838-C18-85M,HCM-CSHL-0838-C18,Colorectal Cancer,HCMI Model,COAD,Colon/Colorectal Cancer,-4.964798484,-2.000166248
HCM-CSHL-0839-C34-85M,HCM-CSHL-0839-C34,Lung Cancer,HCMI Model,LUAD,Lung Cancer,-0.238386009,-2.897908996
HCM-CSHL-0852-C76-85A,HCM-CSHL-0852-C76,Head and Neck cancer,HCMI Model,HNSC,Head and Neck Cancer,-5.251174483,2.031627227
HCM-CSHL-0853-C56-85B,HCM-CSHL-0853-C56,Ovarian Cancer,HCMI Model,OV,Ovarian Cancer,1.607784953,8.137073923
HCM-CSHL-0853-C56-85D,HCM-CSHL-0853-C56,Ovarian Cancer,HCMI Model,OV,Ovarian Cancer,1.736226406,8.455911089
HCM-CSHL-0853-C56-85F,HCM-CSHL-0853-C56,Ovarian Cancer,HCMI Model,OV,Ovarian Cancer,1.723525372,8.44845431
HCM-CSHL-0853-C56-85G,HCM-CSHL-0853-C56,Ovarian Cancer,HCMI Model,OV,Ovarian Cancer,1.910153833,8.348401476
HCM-CSHL-0857-C19-85M,HCM-CSHL-0857-C19,Colorectal Cancer,HCMI Model,READ,Colon/Colorectal Cancer,-5.864985022,-2.605530571
HCM-CSHL-0858-C25-85M,HCM-CSHL-0858-C25,Pancreatic Cancer,HCMI Model,PAAD,Pancreatic Cancer,-2.711387906,-2.845299076
HCM-CSHL-0859-C22-85A,HCM-CSHL-0859-C22,Intrahepatic Cholangiocarcinoma,HCMI Model,CHOL,Bile Duct Cancer,-2.756624017,-2.903395723
HCM-CSHL-0860-C18-85M,HCM-CSHL-0860-C18,Colorectal Cancer,HCMI Model,COAD,Colon/Colorectal Cancer,-5.936062846,-2.709967922
HCM-CSHL-0861-C25-85M,HCM-CSHL-0861-C25,Pancreatic Cancer,HCMI Model,PAAD,Pancreatic Cancer,-3.23492125,-3.25445969
HCM-CSHL-0863-C18-85A,HCM-CSHL-0863-C18,Colorectal Cancer,HCMI Model,COAD,Colon/Colorectal Cancer,-4.509644542,-3.487047266
HCM-CSHL-0864-C44-85B,HCM-CSHL-0864-C44,Skin Cancer,HCMI Model,SSCC,Skin Cancer,-6.754667315,0.600755144
HCM-CSHL-0867-C18-85B,HCM-CSHL-0867-C18,Colorectal Cancer,HCMI Model,COAD,Colon/Colorectal Cancer,-4.390648875,-3.45515592
HCM-CSHL-0868-C56-85A,HCM-CSHL-0868-C56,Ovarian Cancer,HCMI Model,OV,Ovarian Cancer,1.591065135,7.972896506
HCM-CSHL-0875-C67-85B,HCM-CSHL-0875-C67,Bladder Cancer,HCMI Model,BLCA,Bladder Cancer,-3.697022948,0.154216987
HCM-CSHL-0878-C18-85A,HCM-CSHL-0878-C18,Colorectal Cancer,HCMI Model,COAD,Colon/Colorectal Cancer,-5.926030192,-2.714414905
HCM-CSHL-0880-C18-85M,HCM-CSHL-0880-C18,Colorectal Cancer,HCMI Model,COAD,Colon/Colorectal Cancer,-5.572132621,-2.720604967
HCM-CSHL-0881-C20-85B,HCM-CSHL-0881-C20,Colorectal Cancer,HCMI Model,READ,Colon/Colorectal Cancer,-5.973334822,-2.69590218
HCM-CSHL-0900-C54-85B,HCM-CSHL-0900-C54,Endometrial/Uterine Cancer,HCMI Model,UCEC,Endometrial/Uterine Cancer,1.787107315,7.964682032
HCM-CSHL-0907-C50-85B,HCM-CSHL-0907-C50,Breast Cancer,HCMI Model,BRCA,Breast Cancer,0.904510882,-1.511837434
HCM-CSHL-1096-C44-85B,HCM-CSHL-1096-C44,Squamous Cell Carcinoma,HCMI Model,SSCC,Skin Cancer,-5.347707782,1.137574364
HCM-CSHL-1097-C18-85A,HCM-CSHL-1097-C18,Colorectal Cancer,HCMI Model,COAD,Colon/Colorectal Cancer,-4.334281478,-3.364377807
HCM-CSHL-1262-C19-85M,HCM-CSHL-1262-C19,Colorectal Cancer,HCMI Model,COAD,Colon/Colorectal Cancer,-5.940999064,-2.740237306
HCM-CSHL-1265-C25-85A,HCM-CSHL-1265-C25,Pancreatic Cancer,HCMI Model,PAAD,Pancreatic Cancer,-4.898838076,-1.933148216
HCM-CSHL-1266-C20-85M,HCM-CSHL-1266-C20,Colorectal Cancer,HCMI Model,READ,Colon/Colorectal Cancer,-4.864545378,-1.875359963
HCM-CSHL-1266-C20-85N,HCM-CSHL-1266-C20,Colorectal Cancer,HCMI Model,READ,Colon/Colorectal Cancer,-4.838034186,-1.837779592
HCM-CSHL-1267-C22-85A,HCM-CSHL-1267-C22,Intrahepatic Cholangiocarcinoma,HCMI Model,CHOL,Bile Duct Cancer,-0.142379794,2.971392084
HCM-CSHL-1269-C18-85M,HCM-CSHL-1269-C18,Colorectal Cancer,HCMI Model,COAD,Colon/Colorectal Cancer,-5.991097007,-2.746857714
HCM-CSHL-1270-C18-85N,HCM-CSHL-1270-C18,Colorectal Cancer,HCMI Model,COAD,Colon/Colorectal Cancer,-5.931363139,-2.702040027
HCM-SANG-0265-C18-85A,HCM-SANG-0265-C18,Colorectal Cancer,HCMI Model,COAD,Colon/Colorectal Cancer,-5.906971488,-2.722229551
HCM-SANG-0266-C20-85B,HCM-SANG-0266-C20,Colorectal Cancer,HCMI Model,READ,Colon/Colorectal Cancer,-4.840143714,-3.038676094
HCM-SANG-0268-C18-85A,HCM-SANG-0268-C18,Colorectal Cancer,HCMI Model,COAD,Colon/Colorectal Cancer,-5.386724505,-2.698021005
HCM-SANG-0269-C18-85A,HCM-SANG-0269-C18,Colorectal Cancer,HCMI Model,COAD,Colon/Colorectal Cancer,-5.855695758,-2.645675491
HCM-SANG-0270-C20-85A,HCM-SANG-0270-C20,Colorectal Cancer,HCMI Model,READ,Colon/Colorectal Cancer,-5.842879329,-2.759092878
HCM-SANG-0272-C20-85A,HCM-SANG-0272-C20,Colorectal Cancer,HCMI Model,READ,Colon/Colorectal Cancer,-5.87700418,-2.609894823
HCM-SANG-0273-C18-85A,HCM-SANG-0273-C18,Colorectal Cancer,HCMI Model,COAD,Colon/Colorectal Cancer,-4.318183932,-3.33299477
HCM-SANG-0274-C18-85A,HCM-SANG-0274-C18,Colorectal Cancer,HCMI Model,COAD,Colon/Colorectal Cancer,-4.898289714,-1.909633826
HCM-SANG-0275-C18-85A,HCM-SANG-0275-C18,Colorectal Cancer,HCMI Model,COAD,Colon/Colorectal Cancer,-5.888754878,-2.661381553
HCM-SANG-0276-C18-85A,HCM-SANG-0276-C18,Colorectal Cancer,HCMI Model,COAD,Colon/Colorectal Cancer,-5.896389041,-2.696144651
HCM-SANG-0277-C18-85A,HCM-SANG-0277-C18,Colorectal Cancer,HCMI Model,COAD,Colon/Colorectal Cancer,-5.883192096,-2.675587486
HCM-SANG-0278-C20-85A,HCM-SANG-0278-C20,Colorectal Cancer,HCMI Model,READ,Colon/Colorectal Cancer,-5.873774085,-2.669004272
HCM-SANG-0280-C18-85A,HCM-SANG-0280-C18,Colorectal Cancer,HCMI Model,COAD,Colon/Colorectal Cancer,-5.932963881,-2.818832945
HCM-SANG-0281-C18-85A,HCM-SANG-0281-C18,Colorectal Cancer,HCMI Model,COAD,Colon/Colorectal Cancer,-5.888783965,-2.701621841
HCM-SANG-0282-C18-85B,HCM-SANG-0282-C18,Colorectal Cancer,HCMI Model,COAD,Colon/Colorectal Cancer,-4.42726377,-3.458996605
HCM-SANG-0283-C18-85A,HCM-SANG-0283-C18,Colorectal Cancer,HCMI Model,COAD,Colon/Colorectal Cancer,-5.982214484,-2.714214157
HCM-SANG-0284-C18-85A,HCM-SANG-0284-C18,Colorectal Cancer,HCMI Model,COAD,Colon/Colorectal Cancer,-5.860403571,-2.717750381
HCM-SANG-0285-C18-85A,HCM-SANG-0285-C18,Colorectal Cancer,HCMI Model,COAD,Colon/Colorectal Cancer,-5.68924478,-2.783800911
HCM-SANG-0286-C20-85A,HCM-SANG-0286-C20,Colorectal Cancer,HCMI Model,READ,Colon/Colorectal Cancer,-5.780283007,-2.670921396
HCM-SANG-0287-C20-85A,HCM-SANG-0287-C20,Colorectal Cancer,HCMI Model,READ,Colon/Colorectal Cancer,-5.795519862,-2.754052471
HCM-SANG-0288-C18-85A,HCM-SANG-0288-C18,Colorectal Cancer,HCMI Model,COAD,Colon/Colorectal Cancer,-4.377382312,-3.373977493
HCM-SANG-0289-C15-85A,HCM-SANG-0289-C15,Esophageal Cancer,HCMI Model,ESCA,Esophageal Cancer,-3.05184463,-2.960449051
HCM-SANG-0291-C15-85A,HCM-SANG-0291-C15,Esophageal Cancer,HCMI Model,ESCA,Esophageal Cancer,-3.062573943,-3.14539678
HCM-SANG-0292-C15-85A,HCM-SANG-0292-C15,Esophageal Cancer,HCMI Model,ESCA,Esophageal Cancer,-2.965230975,-2.959936451
HCM-SANG-0293-C15-85A,HCM-SANG-0293-C15,Esophageal Cancer,HCMI Model,ESCA,Esophageal Cancer,-2.847855363,-3.027115892
HCM-SANG-0294-C15-85A,HCM-SANG-0294-C15,Esophageal Cancer,HCMI Model,ESCA,Esophageal Cancer,-3.024037394,-3.136660408
HCM-SANG-0295-C15-85A,HCM-SANG-0295-C15,Esophageal Cancer,HCMI Model,ESCA,Esophageal Cancer,-2.84921411,-2.978319239
HCM-SANG-0296-C15-85A,HCM-SANG-0296-C15,Esophageal Cancer,HCMI Model,ESCA,Esophageal Cancer,-2.833935294,-2.997249674
HCM-SANG-0297-C15-85A,HCM-SANG-0297-C15,Esophageal Cancer,HCMI Model,ESCA,Esophageal Cancer,-2.772475514,-2.862584423
HCM-SANG-0298-C15-85A,HCM-SANG-0298-C15,Esophageal Cancer,HCMI Model,ESCA,Esophageal Cancer,-5.923074279,-2.662797998
HCM-SANG-0299-C15-85A,HCM-SANG-0299-C15,Esophageal Cancer,HCMI Model,ESCA,Esophageal Cancer,-4.291742835,-3.353012155
HCM-SANG-0299-C15-85X,HCM-SANG-0299-C15,Esophageal Cancer,HCMI Model,ESCA,Esophageal Cancer,-2.693689618,-2.894238542
HCM-SANG-0300-C15-85A,HCM-SANG-0300-C15,Esophageal Cancer,HCMI Model,ESCA,Esophageal Cancer,-2.851586852,-2.904229235
HCM-SANG-0302-C15-85A,HCM-SANG-0302-C15,Esophageal Cancer,HCMI Model,ESCA,Esophageal Cancer,-2.086410317,-2.423243831
HCM-SANG-0303-C15-85A,HCM-SANG-0303-C15,Esophageal Cancer,HCMI Model,ESCA,Esophageal Cancer,-5.895955596,-2.564913343
HCM-SANG-0304-C15-85A,HCM-SANG-0304-C15,Esophageal Cancer,HCMI Model,ESCA,Esophageal Cancer,-4.412571463,-3.396726917
HCM-SANG-0306-C15-85A,HCM-SANG-0306-C15,Esophageal Cancer,HCMI Model,ESCA,Esophageal Cancer,-2.91234735,-3.076443027
HCM-SANG-0307-C15-85A,HCM-SANG-0307-C15,Esophageal Cancer,HCMI Model,ESCA,Esophageal Cancer,-4.427887473,-3.481129955
HCM-SANG-0308-C15-85A,HCM-SANG-0308-C15,Esophageal Cancer,HCMI Model,ESCA,Esophageal Cancer,-3.48798779,-2.290436577
HCM-SANG-0309-C15-85A,HCM-SANG-0309-C15,Esophageal Cancer,HCMI Model,ESCA,Esophageal Cancer,-2.930764708,-3.105685543
HCM-SANG-0310-C15-85A,HCM-SANG-0310-C15,Esophageal Cancer,HCMI Model,ESCA,Esophageal Cancer,-2.796254191,-2.914749931
HCM-SANG-0311-C15-85A,HCM-SANG-0311-C15,Esophageal Cancer,HCMI Model,ESCA,Esophageal Cancer,-2.960299525,-3.079961609
HCM-SANG-0311-C15-85B,HCM-SANG-0311-C15,Esophageal Cancer,HCMI Model,ESCA,Esophageal Cancer,9.537991014,4.221935679
HCM-SANG-0312-C15-85A,HCM-SANG-0312-C15,Esophageal Cancer,HCMI Model,ESCA,Esophageal Cancer,-2.843956027,-3.045990537
HCM-SANG-0313-C15-85A,HCM-SANG-0313-C15,Esophageal Cancer,HCMI Model,ESCA,Esophageal Cancer,-2.452998671,-2.715605091
HCM-SANG-0314-C15-85A,HCM-SANG-0314-C15,Esophageal Cancer,HCMI Model,ESCA,Esophageal Cancer,-5.929370913,-2.702961277
HCM-SANG-0315-C25-85A,HCM-SANG-0315-C25,Pancreatic Cancer,HCMI Model,PAAD,Pancreatic Cancer,-2.972597394,-3.116394352
HCM-SANG-0517-C20-85A,HCM-SANG-0517-C20,Colorectal Cancer,HCMI Model,READ,Colon/Colorectal Cancer,9.537764039,4.189097811
HCM-SANG-0518-C18-85A,HCM-SANG-0518-C18,Colorectal Cancer,HCMI Model,COAD,Colon/Colorectal Cancer,9.538286653,4.201428343
HCM-SANG-0519-C20-85A,HCM-SANG-0519-C20,Colorectal Cancer,HCMI Model,READ,Colon/Colorectal Cancer,0.952450302,1.217091728
HCM-SANG-0522-C18-85A,HCM-SANG-0522-C18,Colorectal Cancer,HCMI Model,COAD,Colon/Colorectal Cancer,9.529195276,4.17599814
HCM-SANG-0523-C15-85A,HCM-SANG-0523-C15,Esophageal Cancer,HCMI Model,ESCA,Esophageal Cancer,9.51390883,4.173641134
HCM-SANG-0525-C18-85A,HCM-SANG-0525-C18,Colorectal Cancer,HCMI Model,COAD,Colon/Colorectal Cancer,9.55377337,4.216203619
HCM-SANG-0526-C15-85A,HCM-SANG-0526-C15,Esophageal Cancer,HCMI Model,ESCA,Esophageal Cancer,9.540976968,4.219811369
HCM-SANG-0527-C18-85A,HCM-SANG-0527-C18,Colorectal Cancer,HCMI Model,COAD,Colon/Colorectal Cancer,9.494760003,4.147768427
HCM-SANG-0528-C25-85A,HCM-SANG-0528-C25,Pancreatic Cancer,HCMI Model,PAAD,Pancreatic Cancer,9.545939889,4.225419928
HCM-SANG-0529-C18-85A,HCM-SANG-0529-C18,Colorectal Cancer,HCMI Model,COAD,Colon/Colorectal Cancer,9.528752771,4.18734162
HCM-SANG-0530-C15-85A,HCM-SANG-0530-C15,Esophageal Cancer,HCMI Model,ESCA,Esophageal Cancer,9.533611741,4.224276472
HCM-SANG-0532-C20-85A,HCM-SANG-0532-C20,Colorectal Cancer,HCMI Model,READ,Colon/Colorectal Cancer,9.535697427,4.189447809
HCM-SANG-0533-C20-85A,HCM-SANG-0533-C20,Colorectal Cancer,HCMI Model,READ,Colon/Colorectal Cancer,9.526648965,4.182536532
HCM-SANG-0534-C18-85A,HCM-SANG-0534-C18,Colorectal Cancer,HCMI Model,COAD,Colon/Colorectal Cancer,9.509269204,4.156160761
HCM-SANG-0535-C20-85A,HCM-SANG-0535-C20,Colorectal Cancer,HCMI Model,READ,Colon/Colorectal Cancer,9.533060518,4.1914634
HCM-SANG-0536-C18-85A,HCM-SANG-0536-C18,Colorectal Cancer,HCMI Model,COAD,Colon/Colorectal Cancer,9.605895486,4.268510271
HCM-SANG-0537-C18-85A,HCM-SANG-0537-C18,Colorectal Cancer,HCMI Model,COAD,Colon/Colorectal Cancer,9.484590974,4.141160895
HCM-SANG-0539-C18-85A,HCM-SANG-0539-C18,Colorectal Cancer,HCMI Model,COAD,Colon/Colorectal Cancer,9.563374009,4.221376825
HCM-SANG-0541-C20-85A,HCM-SANG-0541-C20,Colorectal Cancer,HCMI Model,READ,Colon/Colorectal Cancer,9.547412362,4.194257189
HCM-SANG-0542-C18-85A,HCM-SANG-0542-C18,Colorectal Cancer,HCMI Model,COAD,Colon/Colorectal Cancer,9.579445329,4.174235274
HCM-SANG-0543-C15-85A,HCM-SANG-0543-C15,Esophageal Cancer,HCMI Model,ESCA,Esophageal Cancer,9.541262117,4.214508463
HCM-SANG-0544-C15-85A,HCM-SANG-0544-C15,Esophageal Cancer,HCMI Model,ESCA,Esophageal Cancer,9.54682776,4.214954306
HCM-SANG-0545-C15-85A,HCM-SANG-0545-C15,Esophageal Cancer,HCMI Model,ESCA,Esophageal Cancer,9.538333383,4.225189615
HCM-SANG-0546-C15-85A,HCM-SANG-0546-C15,Esophageal Cancer,HCMI Model,ESCA,Esophageal Cancer,9.541383233,4.213134695
HCM-SANG-0547-C25-85A,HCM-SANG-0547-C25,Pancreatic Cancer,HCMI Model,PAAD,Pancreatic Cancer,9.545196977,4.224087645
HCM-SANG-0548-C25-85A,HCM-SANG-0548-C25,Pancreatic Cancer,HCMI Model,PAAD,Pancreatic Cancer,9.542632547,4.21316712
HCM-SANG-0549-C15-85A,HCM-SANG-0549-C15,Esophageal Cancer,HCMI Model,ESCA,Esophageal Cancer,9.541758027,4.216204573
HCM-SANG-0551-C18-85A,HCM-SANG-0551-C18,Colorectal Cancer,HCMI Model,COAD,Colon/Colorectal Cancer,9.530786958,4.190054346
HCM-SANG-0552-C25-85A,HCM-SANG-0552-C25,Pancreatic Cancer,HCMI Model,PAAD,Pancreatic Cancer,9.547851052,4.225736548
HCM-SANG-0778-C25-85A,HCM-SANG-0778-C25,Pancreatic Cancer,HCMI Model,PAAD,Pancreatic Cancer,9.543548074,4.209985186
HCM-SANG-0779-C25-85A,HCM-SANG-0779-C25,Pancreatic Cancer,HCMI Model,PAAD,Pancreatic Cancer,9.548957315,4.235110689
HCM-SANG-0780-C25-85A,HCM-SANG-0780-C25,Pancreatic Cancer,HCMI Model,PAAD,Pancreatic Cancer,9.539048639,4.194339205
HCM-SANG-1081-C20-85A,HCM-SANG-1081-C20,Colorectal Cancer,HCMI Model,READ,Colon/Colorectal Cancer,9.532263246,4.195131231
HCM-SANG-1082-C15-85A,HCM-SANG-1082-C15,Esophageal Cancer,HCMI Model,ESCA,Esophageal Cancer,9.532402482,4.223858763
HCM-SANG-1083-C16-85A,HCM-SANG-1083-C16,Gastric Cancer,HCMI Model,ESCA,Esophageal Cancer,9.544857469,4.211008478
HCM-SANG-1084-C15-85A,HCM-SANG-1084-C15,Esophageal Cancer,HCMI Model,ESCA,Esophageal Cancer,9.545445886,4.219027449
HCM-SANG-1086-C18-85A,HCM-SANG-1086-C18,Colorectal Cancer,HCMI Model,COAD,Colon/Colorectal Cancer,9.535604921,4.198915888
HCM-SANG-1087-C18-85A,HCM-SANG-1087-C18,Colorectal Cancer,HCMI Model,COAD,Colon/Colorectal Cancer,0.9568769,1.276622821
HCM-SANG-1088-C18-85A,HCM-SANG-1088-C18,Colorectal Cancer,HCMI Model,COAD,Colon/Colorectal Cancer,9.608844247,4.123451162
HCM-SANG-1089-C18-85A,HCM-SANG-1089-C18,Colorectal Cancer,HCMI Model,COAD,Colon/Colorectal Cancer,9.543900933,4.201499392
HCM-SANG-1090-C18-85A,HCM-SANG-1090-C18,Colorectal Cancer,HCMI Model,COAD,Colon/Colorectal Cancer,9.576742616,4.245806624
HCM-SANG-1091-C18-85A,HCM-SANG-1091-C18,Colorectal Cancer,HCMI Model,COAD,Colon/Colorectal Cancer,9.588978257,4.232284952
HCM-SANG-1093-C18-85A,HCM-SANG-1093-C18,Colorectal Cancer,HCMI Model,COAD,Colon/Colorectal Cancer,9.54064795,4.201587607
HCM-SANG-1094-C16-85A,HCM-SANG-1094-C16,Gastric Cancer,HCMI Model,ESCA,Esophageal Cancer,9.550068345,4.215717245
HCM-SANG-1095-C25-85A,HCM-SANG-1095-C25,Pancreatic Cancer,HCMI Model,PAAD,Pancreatic Cancer,9.497992959,4.271887709
HCM-SANG-1299-C15-85A,HCM-SANG-1299-C15,Esophageal Cancer,HCMI Model,ESCA,Esophageal Cancer,9.539579835,4.222747255
HCM-SANG-1300-C18-85A,HCM-SANG-1300-C18,Colorectal Cancer,HCMI Model,COAD,Colon/Colorectal Cancer,9.509758439,4.164167334
HCM-SANG-1301-C20-85A,HCM-SANG-1301-C20,Colorectal Cancer,HCMI Model,READ,Colon/Colorectal Cancer,9.543864694,4.202953268
HCM-SANG-1302-C15-85A,HCM-SANG-1302-C15,Esophageal Cancer,HCMI Model,ESCA,Esophageal Cancer,9.48872706,4.275805403
HCM-SANG-1304-C20-85A,HCM-SANG-1304-C20,Colorectal Cancer,HCMI Model,READ,Colon/Colorectal Cancer,9.534582582,4.197221686
HCM-SANG-1305-C15-85A,HCM-SANG-1305-C15,Esophageal Cancer,HCMI Model,ESCA,Esophageal Cancer,9.539931741,4.212905813
HCM-SANG-1306-C25-85A,HCM-SANG-1306-C25,Pancreatic Cancer,HCMI Model,PAAD,Pancreatic Cancer,9.541528192,4.231173445
HCM-SANG-1307-C25-85A,HCM-SANG-1307-C25,Pancreatic Cancer,HCMI Model,PAAD,Pancreatic Cancer,9.520448175,4.251861979
HCM-SANG-1308-C25-85A,HCM-SANG-1308-C25,Pancreatic Cancer,HCMI Model,PAAD,Pancreatic Cancer,9.543793168,4.217379023
HCM-SANG-1309-C25-85A,HCM-SANG-1309-C25,Pancreatic Cancer,HCMI Model,PAAD,Pancreatic Cancer,9.545107331,4.227090765
HCM-SANG-1310-C15-85A,HCM-SANG-1310-C15,Esophageal Cancer,HCMI Model,ESCA,Esophageal Cancer,9.525064912,4.163698126
HCM-SANG-1311-C18-85A,HCM-SANG-1311-C18,Colorectal Cancer,HCMI Model,COAD,Colon/Colorectal Cancer,9.540098634,4.199124743
HCM-SANG-1312-C20-85A,HCM-SANG-1312-C20,Colorectal Cancer,HCMI Model,READ,Colon/Colorectal Cancer,9.532571283,4.192248751
HCM-SANG-1313-C18-85A,HCM-SANG-1313-C18,Colorectal Cancer,HCMI Model,COAD,Colon/Colorectal Cancer,9.533882585,4.193566729
HCM-SANG-1314-C18-85A,HCM-SANG-1314-C18,Colorectal Cancer,HCMI Model,COAD,Colon/Colorectal Cancer,9.545904603,4.197695662
HCM-SANG-1315-C18-85A,HCM-SANG-1315-C18,Colorectal Cancer,HCMI Model,COAD,Colon/Colorectal Cancer,9.528963533,4.185209204
HCM-SANG-1316-C18-85A,HCM-SANG-1316-C18,Colorectal Cancer,HCMI Model,COAD,Colon/Colorectal Cancer,9.569552865,4.222965647
HCM-SANG-1317-C20-85A,HCM-SANG-1317-C20,Colorectal Cancer,HCMI Model,READ,Colon/Colorectal Cancer,9.523715463,4.178656984
HCM-SANG-1318-C20-85A,HCM-SANG-1318-C20,Colorectal Cancer,HCMI Model,READ,Colon/Colorectal Cancer,9.512283769,4.168832709
HCM-SANG-1320-C25-85A,HCM-SANG-1320-C25,Pancreatic Cancer,HCMI Model,PAAD,Pancreatic Cancer,9.567438569,4.189536978
HCM-SANG-1321-C18-85A,HCM-SANG-1321-C18,Colorectal Cancer,HCMI Model,COAD,Colon/Colorectal Cancer,9.544282403,4.17925923
HCM-SANG-1322-C15-85A,HCM-SANG-1322-C15,Esophageal Cancer,HCMI Model,ESCA,Esophageal Cancer,9.540962663,4.217124392
HCM-SANG-1323-C15-85A,HCM-SANG-1323-C15,Esophageal Cancer,HCMI Model,ESCA,Esophageal Cancer,9.535934892,4.227099825
HCM-SANG-1325-C15-85A,HCM-SANG-1325-C15,Esophageal Cancer,HCMI Model,ESCA,Esophageal Cancer,9.526916948,4.218880583
HCM-SANG-1326-C15-85A,HCM-SANG-1326-C15,Esophageal Cancer,HCMI Model,ESCA,Esophageal Cancer,9.541713205,4.223520685
HCM-SANG-1327-C18-85A,HCM-SANG-1327-C18,Colorectal Cancer,HCMI Model,COAD,Colon/Colorectal Cancer,9.533146348,4.19502442
HCM-SANG-1328-C15-85A,HCM-SANG-1328-C15,Esophageal Cancer,HCMI Model,ESCA,Esophageal Cancer,9.534150567,4.225253988
HCM-SANG-1329-C15-85A,HCM-SANG-1329-C15,Esophageal Cancer,HCMI Model,ESCA,Esophageal Cancer,9.598405328,4.266397883
HCM-SANG-1330-C19-85A,HCM-SANG-1330-C19,Colorectal Cancer,HCMI Model,COAD,Colon/Colorectal Cancer,9.535991159,4.188816954
HCM-SANG-1332-C18-85A,HCM-SANG-1332-C18,Colorectal Cancer,HCMI Model,COAD,Colon/Colorectal Cancer,9.528032747,4.188103129
HCM-SANG-1333-C20-85A,HCM-SANG-1333-C20,Colorectal Cancer,HCMI Model,READ,Colon/Colorectal Cancer,9.541999307,4.183895518
HCM-SANG-1334-C18-85A,HCM-SANG-1334-C18,Colorectal Cancer,HCMI Model,COAD,Colon/Colorectal Cancer,9.526208368,4.187998224
HCM-SANG-1335-C18-85A,HCM-SANG-1335-C18,Colorectal Cancer,HCMI Model,COAD,Colon/Colorectal Cancer,9.559550729,4.22180884
HCM-SANG-1336-C15-85A,HCM-SANG-1336-C15,Esophageal Cancer,HCMI Model,ESCA,Esophageal Cancer,9.53940722,4.221626211
HCM-SANG-1337-C18-85A,HCM-SANG-1337-C18,Colorectal Cancer,HCMI Model,COAD,Colon/Colorectal Cancer,9.527883973,4.18593352
HCM-SANG-1338-C20-85A,HCM-SANG-1338-C20,Colorectal Cancer,HCMI Model,READ,Colon/Colorectal Cancer,9.543527093,4.182916094
HCM-SANG-1339-C18-85A,HCM-SANG-1339-C18,Colorectal Cancer,HCMI Model,COAD,Colon/Colorectal Cancer,9.528067079,4.187874247
HCM-STAN-0627-C34-85A,HCM-STAN-0627-C34,Lung Cancer,HCMI Model,LUSC,Lung Cancer,-5.874841246,2.310758997
HCM-STAN-0777-C25-85A,HCM-STAN-0777-C25,Pancreatic Cancer,HCMI Model,PAAD,Pancreatic Cancer,-2.537766728,-2.779819082
HCM-STAN-0777-C25-85S,HCM-STAN-0777-C25,Pancreatic Cancer,HCMI Model,PAAD,Pancreatic Cancer,-2.61482862,-2.806366752
HCM-STAN-0840-C49-85A,HCM-STAN-0840-C49,Undifferentiated Pleomorphic Sarcoma,HCMI Model,SARC,Sarcoma,1.441739168,0.959469308
HCM-STAN-0841-C18-85A,HCM-STAN-0841-C18,Colorectal Cancer,HCMI Model,COAD,Colon/Colorectal Cancer,-5.73084167,-2.753391336
HCM-STAN-0846-C20-85A,HCM-STAN-0846-C20,Colorectal Cancer,HCMI Model,READ,Colon/Colorectal Cancer,-5.895620856,-2.73755772
HCM-STAN-0848-C20-85A,HCM-STAN-0848-C20,Colorectal Cancer,HCMI Model,READ,Colon/Colorectal Cancer,-6.008542571,-3.486263346
HCM-STAN-0909-C16-85A,HCM-STAN-0909-C16,Gastric Cancer,HCMI Model,STAD,Gastric Cancer,-4.483730826,-3.40970857
HCM-STAN-0914-C34-85B,HCM-STAN-0914-C34,Lung Cancer,HCMI Model,LUAD,Lung Cancer,0.665774491,-1.225111555
HCM-STAN-1111-C19-85B,HCM-STAN-1111-C19,Colorectal Cancer,HCMI Model,READ,Colon/Colorectal Cancer,-5.882819209,-2.729399036
HCM-STAN-1113-C18-85B,HCM-STAN-1113-C18,Colorectal Cancer,HCMI Model,COAD,Colon/Colorectal Cancer,-5.614318404,-2.66192634
HCM-STAN-1277-C55-85B,HCM-STAN-1277-C55,Endometrial/Uterine Cancer,HCMI Model,UCEC,Endometrial/Uterine Cancer,-2.761629138,-2.050612282
HCM-WCMC-0491-C16-85A,HCM-WCMC-0491-C16,Gastric Cancer,HCMI Model,STAD,Gastric Cancer,-2.739887986,-2.784911941
HCM-WCMC-0494-C16-85A,HCM-WCMC-0494-C16,Gastric Cancer,HCMI Model,STAD,Gastric Cancer,-2.700649295,-2.82600839
HCM-WCMC-0502-C15-85A,HCM-WCMC-0502-C15,Esophageal Cancer,HCMI Model,ESCA,Esophageal Cancer,-2.974140916,-2.898945879
HCM-WCMC-0504-C18-85A,HCM-WCMC-0504-C18,Colorectal Cancer,HCMI Model,COAD,Colon/Colorectal Cancer,-4.403162513,-3.404625486
HCM-WCMC-0505-C16-85A,HCM-WCMC-0505-C16,Gastric Cancer,HCMI Model,STAD,Gastric Cancer,-4.987982783,-1.837746095
HCM-WCMC-0671-C18-85A,HCM-WCMC-0671-C18,Colorectal Cancer,HCMI Model,COAD,Colon/Colorectal Cancer,-5.832425627,-2.658049892
HCM-WCMC-0673-C56-85A,HCM-WCMC-0673-C56,Ovarian Cancer,HCMI Model,OV,Ovarian Cancer,-2.926514897,-2.761977028
HCM-WCMC-0673-C56-85B,HCM-WCMC-0673-C56,Ovarian Cancer,HCMI Model,OV,Ovarian Cancer,-2.880632434,-2.943253111
HCM-WCMC-0675-C67-85R,HCM-WCMC-0675-C67,Bladder Cancer,HCMI Model,BLCA,Bladder Cancer,-3.556990657,0.166623723
HCM-WCMC-0747-C50-85A,HCM-WCMC-0747-C50,Breast Cancer,HCMI Model,BRCA,Breast Cancer,4.778902498,-1.578095268
HCM-WCMC-0747-C50-85P,HCM-WCMC-0747-C50,Breast Cancer,HCMI Model,BRCA,Breast Cancer,4.749564138,-1.696130823
HCM-WCMC-0749-C34-85A,HCM-WCMC-0749-C34,Lung Cancer,HCMI Model,LUAD,Lung Cancer,-2.812230143,-2.899323772
HCM-WCMC-0751-C54-85A,HCM-WCMC-0751-C54,Endometrial/Uterine Cancer,HCMI Model,UCEC,Endometrial/Uterine Cancer,1.535668817,6.470612456
HCM-WCMC-0753-C54-85A,HCM-WCMC-0753-C54,Endometrial/Uterine Cancer,HCMI Model,UCEC,Endometrial/Uterine Cancer,1.23350617,6.720498015
HCM-WCMC-0785-C67-85A,HCM-WCMC-0785-C67,Bladder Cancer,HCMI Model,BLCA,Bladder Cancer,-3.000791583,-3.025569509
HCM-WCMC-0786-C34-85A,HCM-WCMC-0786-C34,Lung Cancer,HCMI Model,LUAD,Lung Cancer,-1.681326661,-2.486264299
HCM-WCMC-0788-C34-85A,HCM-WCMC-0788-C34,Lung Cancer,HCMI Model,LUAD,Lung Cancer,0.073750075,-2.863824676
HCM-WCMC-0789-C34-85A,HCM-WCMC-0789-C34,Lung Cancer,HCMI Model,LUAD,Lung Cancer,-0.205828879,-3.160096477
HCM-WCMC-0790-C67-85B,HCM-WCMC-0790-C67,Bladder Cancer,HCMI Model,BLCA,Bladder Cancer,-4.837332282,-1.84908111
HCM-WCMC-0946-C34-85A,HCM-WCMC-0946-C34,Lung Cancer,HCMI Model,LUAD,Lung Cancer,-0.776418242,-1.920904468
HCM-WCMC-0948-C67-85A,HCM-WCMC-0948-C67,Bladder Cancer,HCMI Model,BLCA,Bladder Cancer,-3.813782248,-0.015575256
HCM-WCMC-0949-C67-85A,HCM-WCMC-0949-C67,Bladder Cancer,HCMI Model,BLCA,Bladder Cancer,-3.612795863,0.081733274
HCM-WCMC-0951-C67-85A,HCM-WCMC-0951-C67,Bladder Cancer,HCMI Model,BLCA,Bladder Cancer,-3.630420718,0.070915942
HCM-WCMC-0952-C34-85A,HCM-WCMC-0952-C34,Bladder Cancer,HCMI Model,LUAD,Lung Cancer,-1.057479296,-1.344179462
HCM-WCMC-1074-C56-85A,HCM-WCMC-1074-C56,Ovarian Cancer,HCMI Model,OV,Ovarian Cancer,-2.757873568,-2.896322798
HCM-WCMC-1280-C54-85A,HCM-WCMC-1280-C54,Endometrial/Uterine Cancer,HCMI Model,UCEC,Endometrial/Uterine Cancer,1.496604767,7.924745012
HCM-WCMC-1281-C67-85A,HCM-WCMC-1281-C67,Bladder Cancer,HCMI Model,BLCA,Bladder Cancer,0.59335908,0.282726992
HCM-WCMC-1284-C67-85A,HCM-WCMC-1284-C67,Bladder Cancer,HCMI Model,BLCA,Bladder Cancer,-6.597882304,0.528648783
HCM-WCMC-1285-C54-85A,HCM-WCMC-1285-C54,Endometrial/Uterine Cancer,HCMI Model,UCEC,Endometrial/Uterine Cancer,1.300530818,7.600038458
HCM-WCMC-1287-C67-85A,HCM-WCMC-1287-C67,Bladder Cancer,HCMI Model,BLCA,Bladder Cancer,-3.894000087,-0.039518859
HCM-WCMC-1292-C67-85A,HCM-WCMC-1292-C67,Bladder Cancer,HCMI Model,BLCA,Bladder Cancer,-3.636652026,0.065255576
HCM-WCMC-1294-C18-85A,HCM-WCMC-1294-C18,Colorectal Cancer,HCMI Model,COAD,Colon/Colorectal Cancer,-5.38642219,-2.551096748
HCM-WCMC-1340-C54-85A,HCM-WCMC-1340-C54,Endometrial/Uterine Cancer,HCMI Model,UCEC,Endometrial/Uterine Cancer,0.29511365,3.531104494
HCM-WCMC-1344-C18-85A,HCM-WCMC-1344-C18,Colorectal Cancer,HCMI Model,COAD,,-5.873394999,-2.732058357
HCM-WCMC-1359-C34-85A,HCM-WCMC-1359-C34,Lung Cancer,HCMI Model,LUAD,Lung Cancer,-0.053357754,0.371352602