aliquot_barcode,gdc_filename,aliquot_barcode_named_path,gdc_named_path
HCM-SANG-0547-C25-85A-01D-A80T-32-aliquot,07120fe6-c1ff-4041-839e-98a5d54df1b1_wgs_gdc_realn.bam,/gpfs/commons/projects/TCGA/gdc-awg/HCMI/WGS/Project_NYGC_15336_B02_SOM_WGS_AnalysisOnly/Sample_HCM-SANG-0547-C25-85A-01D-A80T-32-aliquot/analysis/HCM-SANG-0547-C25-85A-01D-A80T-32-aliquot.final.bam,/gpfs/commons/projects/HCMI/wgs_batch2/bb10246c-b1c5-4f2d-9ed7-923a5a99aff4/07120fe6-c1ff-4041-839e-98a5d54df1b1_wgs_gdc_realn.bam
HCM-CSHL-0393-C18-85A-01D-A88G-36,HCM-CSHL-0393-C18-85A-01D-A88G-36.WholeGenome.RP-1765.bam,/gpfs/commons/projects/TCGA/gdc-awg/HCMI/WGS/Project_NYGC_15336_B02_SOM_WGS_AnalysisOnly/Sample_HCM-CSHL-0393-C18-85A-01D-A88G-36/analysis/HCM-CSHL-0393-C18-85A-01D-A88G-36.final.bam,/gpfs/commons/projects/HCMI/wgs_batch2/e4ff2edb-f397-4dff-adb6-5d378c113492/HCM-CSHL-0393-C18-85A-01D-A88G-36.WholeGenome.RP-1765.bam
HCM-CSHL-1266-C20-11A-01D-A882-36,HCM-CSHL-1266-C20-11A-01D-A882-36.WholeGenome.RP-1765.bam,/gpfs/commons/projects/TCGA/gdc-awg/HCMI/WGS/Project_NYGC_15336_B02_SOM_WGS_AnalysisOnly/Sample_HCM-CSHL-1266-C20-11A-01D-A882-36/analysis/HCM-CSHL-1266-C20-11A-01D-A882-36.final.bam,/gpfs/commons/projects/HCMI/wgs_batch2/01547522-e027-4125-bb45-6d6a750c6c71/HCM-CSHL-1266-C20-11A-01D-A882-36.WholeGenome.RP-1765.bam
HCM-SANG-1322-C15-08A-01D-A80T-32-aliquot,653d94fa-07fa-4a1b-9a00-6469027dec40_wgs_gdc_realn.bam,/gpfs/commons/projects/TCGA/gdc-awg/HCMI/WGS/Project_NYGC_15336_B02_SOM_WGS_AnalysisOnly/Sample_HCM-SANG-1322-C15-08A-01D-A80T-32-aliquot/analysis/HCM-SANG-1322-C15-08A-01D-A80T-32-aliquot.final.bam,/gpfs/commons/projects/HCMI/wgs_batch2/19900451-8329-46e5-b00f-0533134143bf/653d94fa-07fa-4a1b-9a00-6469027dec40_wgs_gdc_realn.bam
HCM-BROD-0870-C43-10A-01D-A881-36,HCM-BROD-0870-C43-10A-01D-A881-36.WholeGenome.RP-1765.bam,/gpfs/commons/projects/TCGA/gdc-awg/HCMI/WGS/Project_NYGC_15336_B02_SOM_WGS_AnalysisOnly/Sample_HCM-BROD-0870-C43-10A-01D-A881-36/analysis/HCM-BROD-0870-C43-10A-01D-A881-36.final.bam,/gpfs/commons/projects/HCMI/wgs_batch2/82620b2a-e656-45ee-8641-2e317587194b/HCM-BROD-0870-C43-10A-01D-A881-36.WholeGenome.RP-1765.bam
HCM-SANG-0522-C18-10A-01D-A80T-32-aliquot,4cc8cf47-9f52-4c76-8585-23a6f63c08fe_wgs_gdc_realn.bam,/gpfs/commons/projects/TCGA/gdc-awg/HCMI/WGS/Project_NYGC_15336_B02_SOM_WGS_AnalysisOnly/Sample_HCM-SANG-0522-C18-10A-01D-A80T-32-aliquot/analysis/HCM-SANG-0522-C18-10A-01D-A80T-32-aliquot.final.bam,/gpfs/commons/projects/HCMI/wgs_batch2/ed081a4c-fae9-4f55-b371-91aa2536c60a/4cc8cf47-9f52-4c76-8585-23a6f63c08fe_wgs_gdc_realn.bam
HCM-SANG-1083-C16-10A-01D-A80T-32-aliquot,08b07d19-0998-4ca3-95f8-b074ee216ea3_wgs_gdc_realn.bam,/gpfs/commons/projects/TCGA/gdc-awg/HCMI/WGS/Project_NYGC_15336_B02_SOM_WGS_AnalysisOnly/Sample_HCM-SANG-1083-C16-10A-01D-A80T-32-aliquot/analysis/HCM-SANG-1083-C16-10A-01D-A80T-32-aliquot.final.bam,/gpfs/commons/projects/HCMI/wgs_batch2/66819edb-729c-4ef9-9078-42e6758a4122/08b07d19-0998-4ca3-95f8-b074ee216ea3_wgs_gdc_realn.bam
HCM-SANG-1086-C18-10A-01D-A80T-32-aliquot,3efa622a-2395-43f2-915b-f4708bbe7d50_wgs_gdc_realn.bam,/gpfs/commons/projects/TCGA/gdc-awg/HCMI/WGS/Project_NYGC_15336_B02_SOM_WGS_AnalysisOnly/Sample_HCM-SANG-1086-C18-10A-01D-A80T-32-aliquot/analysis/HCM-SANG-1086-C18-10A-01D-A80T-32-aliquot.final.bam,/gpfs/commons/projects/HCMI/wgs_batch2/41b297be-9e01-4dbc-893b-920232f224b0/3efa622a-2395-43f2-915b-f4708bbe7d50_wgs_gdc_realn.bam
HCM-CSHL-1096-C44-10A-01D-A88H-36,HCM-CSHL-1096-C44-10A-01D-A88H-36.WholeGenome.RP-1765.bam,/gpfs/commons/projects/TCGA/gdc-awg/HCMI/WGS/Project_NYGC_15336_B02_SOM_WGS_AnalysisOnly/Sample_HCM-CSHL-1096-C44-10A-01D-A88H-36/analysis/HCM-CSHL-1096-C44-10A-01D-A88H-36.final.bam,/gpfs/commons/projects/HCMI/wgs_batch2/0b0fa1ae-c51c-4473-895d-913a7ee60e84/HCM-CSHL-1096-C44-10A-01D-A88H-36.WholeGenome.RP-1765.bam
HCM-CSHL-0864-C44-10A-01D-A88H-36,HCM-CSHL-0864-C44-10A-01D-A88H-36.WholeGenome.RP-1765.bam,/gpfs/commons/projects/TCGA/gdc-awg/HCMI/WGS/Project_NYGC_15336_B02_SOM_WGS_AnalysisOnly/Sample_HCM-CSHL-0864-C44-10A-01D-A88H-36/analysis/HCM-CSHL-0864-C44-10A-01D-A88H-36.final.bam,/gpfs/commons/projects/HCMI/wgs_batch2/1d31bbfd-d40a-4198-bc5a-93b979a0ed57/HCM-CSHL-0864-C44-10A-01D-A88H-36.WholeGenome.RP-1765.bam
HCM-WCMC-0751-C54-85A-01D-A87L-36,HCM-WCMC-0751-C54-85A-01D-A87L-36.WholeGenome.RP-1765.bam,/gpfs/commons/projects/TCGA/gdc-awg/HCMI/WGS/Project_NYGC_15336_B02_SOM_WGS_AnalysisOnly/Sample_HCM-WCMC-0751-C54-85A-01D-A87L-36/analysis/HCM-WCMC-0751-C54-85A-01D-A87L-36.final.bam,/gpfs/commons/projects/HCMI/wgs_batch2/78a6b836-078a-47af-aa94-7877785a02de/HCM-WCMC-0751-C54-85A-01D-A87L-36.WholeGenome.RP-1765.bam
HCM-WCMC-0950-C67-10A-01D-A88H-36,HCM-WCMC-0950-C67-10A-01D-A88H-36.WholeGenome.RP-1765.bam,/gpfs/commons/projects/TCGA/gdc-awg/HCMI/WGS/Project_NYGC_15336_B02_SOM_WGS_AnalysisOnly/Sample_HCM-WCMC-0950-C67-10A-01D-A88H-36/analysis/HCM-WCMC-0950-C67-10A-01D-A88H-36.final.bam,/gpfs/commons/projects/HCMI/wgs_batch2/19a4de83-c4d8-48e6-a9c4-2b0d3483acea/HCM-WCMC-0950-C67-10A-01D-A88H-36.WholeGenome.RP-1765.bam
HCM-SANG-0530-C15-85A-01D-A80T-32-aliquot,a5713139-f2ee-4157-9a09-fd04e9372ff4_wgs_gdc_realn.bam,/gpfs/commons/projects/TCGA/gdc-awg/HCMI/WGS/Project_NYGC_15336_B02_SOM_WGS_AnalysisOnly/Sample_HCM-SANG-0530-C15-85A-01D-A80T-32-aliquot/analysis/HCM-SANG-0530-C15-85A-01D-A80T-32-aliquot.final.bam,/gpfs/commons/projects/HCMI/wgs_batch2/89659da4-f02e-44a1-844d-6f30d5b07c61/a5713139-f2ee-4157-9a09-fd04e9372ff4_wgs_gdc_realn.bam
HCM-SANG-1310-C15-01A-01D-A80T-32-aliquot,4ea5ee96-7591-4851-8aa5-06b3269a61a2_wgs_gdc_realn.bam,/gpfs/commons/projects/TCGA/gdc-awg/HCMI/WGS/Project_NYGC_15336_B02_SOM_WGS_AnalysisOnly/Sample_HCM-SANG-1310-C15-01A-01D-A80T-32-aliquot/analysis/HCM-SANG-1310-C15-01A-01D-A80T-32-aliquot.final.bam,/gpfs/commons/projects/HCMI/wgs_batch2/44738288-2c50-4941-9af2-85e4ea748f5f/4ea5ee96-7591-4851-8aa5-06b3269a61a2_wgs_gdc_realn.bam
HCM-CSHL-1262-C19-85M-01D-A882-36,HCM-CSHL-1262-C19-85M-01D-A882-36.WholeGenome.RP-1765.bam,/gpfs/commons/projects/TCGA/gdc-awg/HCMI/WGS/Project_NYGC_15336_B02_SOM_WGS_AnalysisOnly/Sample_HCM-CSHL-1262-C19-85M-01D-A882-36/analysis/HCM-CSHL-1262-C19-85M-01D-A882-36.final.bam,/gpfs/commons/projects/HCMI/wgs_batch2/33973777-56e8-448e-91ab-983e28325df8/HCM-CSHL-1262-C19-85M-01D-A882-36.WholeGenome.RP-1765.bam
HCM-WCMC-0952-C34-85A-01D-A88H-36,HCM-WCMC-0952-C34-85A-01D-A88H-36.WholeGenome.RP-1765.bam,/gpfs/commons/projects/TCGA/gdc-awg/HCMI/WGS/Project_NYGC_15336_B02_SOM_WGS_AnalysisOnly/Sample_HCM-WCMC-0952-C34-85A-01D-A88H-36/analysis/HCM-WCMC-0952-C34-85A-01D-A88H-36.final.bam,/gpfs/commons/projects/HCMI/wgs_batch2/b72d170c-b7a1-4486-a80d-8bb451085b05/HCM-WCMC-0952-C34-85A-01D-A88H-36.WholeGenome.RP-1765.bam
HCM-SANG-0551-C18-10A-01D-A80T-32-aliquot,f9fb763b-23e1-4656-b5b9-6dec67846ae3_wgs_gdc_realn.bam,/gpfs/commons/projects/TCGA/gdc-awg/HCMI/WGS/Project_NYGC_15336_B02_SOM_WGS_AnalysisOnly/Sample_HCM-SANG-0551-C18-10A-01D-A80T-32-aliquot/analysis/HCM-SANG-0551-C18-10A-01D-A80T-32-aliquot.final.bam,/gpfs/commons/projects/HCMI/wgs_batch2/473740df-59d2-4f80-88b7-8a48d6175f6d/f9fb763b-23e1-4656-b5b9-6dec67846ae3_wgs_gdc_realn.bam
HCM-BROD-0711-C64-01A-01D-A881-36,HCM-BROD-0711-C64-01A-01D-A881-36.WholeGenome.RP-1765.bam,/gpfs/commons/projects/TCGA/gdc-awg/HCMI/WGS/Project_NYGC_15336_B02_SOM_WGS_AnalysisOnly/Sample_HCM-BROD-0711-C64-01A-01D-A881-36/analysis/HCM-BROD-0711-C64-01A-01D-A881-36.final.bam,/gpfs/commons/projects/HCMI/wgs_batch2/e17632fc-a0a0-490a-a659-862d3e9e273c/HCM-BROD-0711-C64-01A-01D-A881-36.WholeGenome.RP-1765.bam
HCM-SANG-1334-C18-01A-01D-A80T-32-aliquot,478729d4-abd5-4df9-aa91-de71694278a8_wgs_gdc_realn.bam,/gpfs/commons/projects/TCGA/gdc-awg/HCMI/WGS/Project_NYGC_15336_B02_SOM_WGS_AnalysisOnly/Sample_HCM-SANG-1334-C18-01A-01D-A80T-32-aliquot/analysis/HCM-SANG-1334-C18-01A-01D-A80T-32-aliquot.final.bam,/gpfs/commons/projects/HCMI/wgs_batch2/b79f4564-3c7d-4ea3-9700-fb8bd4288cfe/478729d4-abd5-4df9-aa91-de71694278a8_wgs_gdc_realn.bam
HCM-CSHL-0255-C18-01A-11D-A881-36,HCM-CSHL-0255-C18-01A-11D-A881-36.WholeGenome.RP-1765.bam,/gpfs/commons/projects/TCGA/gdc-awg/HCMI/WGS/Project_NYGC_15336_B02_SOM_WGS_AnalysisOnly/Sample_HCM-CSHL-0255-C18-01A-11D-A881-36/analysis/HCM-CSHL-0255-C18-01A-11D-A881-36.final.bam,/gpfs/commons/projects/HCMI/wgs_batch2/ab06bd38-e6b3-4761-a2e6-e638c7ed5d7a/HCM-CSHL-0255-C18-01A-11D-A881-36.WholeGenome.RP-1765.bam
HCM-SANG-0519-C20-01A-01D-A80T-32-aliquot,b7e2d772-2336-4e44-98a8-9b6d4299a981_wgs_gdc_realn.bam,/gpfs/commons/projects/TCGA/gdc-awg/HCMI/WGS/Project_NYGC_15336_B02_SOM_WGS_AnalysisOnly/Sample_HCM-SANG-0519-C20-01A-01D-A80T-32-aliquot/analysis/HCM-SANG-0519-C20-01A-01D-A80T-32-aliquot.final.bam,/gpfs/commons/projects/HCMI/wgs_batch2/05b1f29e-021f-4b67-9e2f-43b24161de86/b7e2d772-2336-4e44-98a8-9b6d4299a981_wgs_gdc_realn.bam
HCM-CSHL-0820-C34-85B-01D-A88H-36,HCM-CSHL-0820-C34-85B-01D-A88H-36.WholeGenome.RP-1765.bam,/gpfs/commons/projects/TCGA/gdc-awg/HCMI/WGS/Project_NYGC_15336_B02_SOM_WGS_AnalysisOnly/Sample_HCM-CSHL-0820-C34-85B-01D-A88H-36/analysis/HCM-CSHL-0820-C34-85B-01D-A88H-36.final.bam,/gpfs/commons/projects/HCMI/wgs_batch2/0552c4c5-8c4a-49e5-ba1d-1ce8d98a44d8/HCM-CSHL-0820-C34-85B-01D-A88H-36.WholeGenome.RP-1765.bam
HCM-SANG-1088-C18-85A-01D-A80T-32-aliquot,5c6ab001-41a3-46fe-941d-1496fabf97e7_wgs_gdc_realn.bam,/gpfs/commons/projects/TCGA/gdc-awg/HCMI/WGS/Project_NYGC_15336_B02_SOM_WGS_AnalysisOnly/Sample_HCM-SANG-1088-C18-85A-01D-A80T-32-aliquot/analysis/HCM-SANG-1088-C18-85A-01D-A80T-32-aliquot.final.bam,/gpfs/commons/projects/HCMI/wgs_batch2/d2328674-1883-4907-ab20-39ab70f51abe/5c6ab001-41a3-46fe-941d-1496fabf97e7_wgs_gdc_realn.bam
HCM-CSHL-0255-C18-10A-01D-A881-36,HCM-CSHL-0255-C18-10A-01D-A881-36.WholeGenome.RP-1765.bam,/gpfs/commons/projects/TCGA/gdc-awg/HCMI/WGS/Project_NYGC_15336_B02_SOM_WGS_AnalysisOnly/Sample_HCM-CSHL-0255-C18-10A-01D-A881-36/analysis/HCM-CSHL-0255-C18-10A-01D-A881-36.final.bam,/gpfs/commons/projects/HCMI/wgs_batch2/41be3997-8226-4431-ab35-0be2244f7471/HCM-CSHL-0255-C18-10A-01D-A881-36.WholeGenome.RP-1765.bam
HCM-WCMC-0949-C67-12A-01D-A88H-36,HCM-WCMC-0949-C67-12A-01D-A88H-36.WholeGenome.RP-1765.bam,/gpfs/commons/projects/TCGA/gdc-awg/HCMI/WGS/Project_NYGC_15336_B02_SOM_WGS_AnalysisOnly/Sample_HCM-WCMC-0949-C67-12A-01D-A88H-36/analysis/HCM-WCMC-0949-C67-12A-01D-A88H-36.final.bam,/gpfs/commons/projects/HCMI/wgs_batch2/ecf652d2-7a6a-4bbc-b21a-709c4ccd16b4/HCM-WCMC-0949-C67-12A-01D-A88H-36.WholeGenome.RP-1765.bam
HCM-BROD-1124-C16-85B-01D-A881-36,HCM-BROD-1124-C16-85B-01D-A881-36.WholeGenome.RP-1765.bam,/gpfs/commons/projects/TCGA/gdc-awg/HCMI/WGS/Project_NYGC_15336_B02_SOM_WGS_AnalysisOnly/Sample_HCM-BROD-1124-C16-85B-01D-A881-36/analysis/HCM-BROD-1124-C16-85B-01D-A881-36.final.bam,/gpfs/commons/projects/HCMI/wgs_batch2/277f52ee-f28c-444e-a175-930bceb23b0d/HCM-BROD-1124-C16-85B-01D-A881-36.WholeGenome.RP-1765.bam
HCM-WCMC-0945-C54-01A-11D-A937-36,HCM-WCMC-0945-C54-01A-11D-A937-36.WholeGenome.RP-1765.bam,/gpfs/commons/projects/TCGA/gdc-awg/HCMI/WGS/Project_NYGC_15336_B02_SOM_WGS_AnalysisOnly/Sample_HCM-WCMC-0945-C54-01A-11D-A937-36/analysis/HCM-WCMC-0945-C54-01A-11D-A937-36.final.bam,/gpfs/commons/projects/HCMI/wgs_batch2/3ea243da-8755-4545-a45a-34ee4d7c5f8a/HCM-WCMC-0945-C54-01A-11D-A937-36.WholeGenome.RP-1765.bam
HCM-SANG-1302-C15-85A-01D-A80T-32-aliquot,84740b97-e0a7-4b26-ac9f-19f8e4c9aec6_wgs_gdc_realn.bam,/gpfs/commons/projects/TCGA/gdc-awg/HCMI/WGS/Project_NYGC_15336_B02_SOM_WGS_AnalysisOnly/Sample_HCM-SANG-1302-C15-85A-01D-A80T-32-aliquot/analysis/HCM-SANG-1302-C15-85A-01D-A80T-32-aliquot.final.bam,/gpfs/commons/projects/HCMI/wgs_batch2/532f3873-ac06-4fc1-8e56-05313432c64c/84740b97-e0a7-4b26-ac9f-19f8e4c9aec6_wgs_gdc_realn.bam
HCM-CSHL-0429-C06-85C-01D-A88G-36,HCM-CSHL-0429-C06-85C-01D-A88G-36.WholeGenome.RP-1765.bam,/gpfs/commons/projects/TCGA/gdc-awg/HCMI/WGS/Project_NYGC_15336_B02_SOM_WGS_AnalysisOnly/Sample_HCM-CSHL-0429-C06-85C-01D-A88G-36/analysis/HCM-CSHL-0429-C06-85C-01D-A88G-36.final.bam,/gpfs/commons/projects/HCMI/wgs_batch2/aac3d129-953a-451a-8526-e09e1027b63a/HCM-CSHL-0429-C06-85C-01D-A88G-36.WholeGenome.RP-1765.bam
HCM-BROD-0925-C71-10A-01D-A88G-36,HCM-BROD-0925-C71-10A-01D-A88G-36.WholeGenome.RP-1765.bam,/gpfs/commons/projects/TCGA/gdc-awg/HCMI/WGS/Project_NYGC_15336_B02_SOM_WGS_AnalysisOnly/Sample_HCM-BROD-0925-C71-10A-01D-A88G-36/analysis/HCM-BROD-0925-C71-10A-01D-A88G-36.final.bam,/gpfs/commons/projects/HCMI/wgs_batch2/64f73954-229b-4c21-8386-0bb966a01702/HCM-BROD-0925-C71-10A-01D-A88G-36.WholeGenome.RP-1765.bam
HCM-SANG-0544-C15-08A-01D-A80T-32-aliquot,9243f1b1-dd25-483c-b049-5d35bdc4c9e2_wgs_gdc_realn.bam,/gpfs/commons/projects/TCGA/gdc-awg/HCMI/WGS/Project_NYGC_15336_B02_SOM_WGS_AnalysisOnly/Sample_HCM-SANG-0544-C15-08A-01D-A80T-32-aliquot/analysis/HCM-SANG-0544-C15-08A-01D-A80T-32-aliquot.final.bam,/gpfs/commons/projects/HCMI/wgs_batch2/b338c64e-8ed1-414d-bcc8-d15a4ef1742e/9243f1b1-dd25-483c-b049-5d35bdc4c9e2_wgs_gdc_realn.bam
HCM-CSHL-0801-C56-85B-01D-A88G-36,HCM-CSHL-0801-C56-85B-01D-A88G-36.WholeGenome.RP-1765.bam,/gpfs/commons/projects/TCGA/gdc-awg/HCMI/WGS/Project_NYGC_15336_B02_SOM_WGS_AnalysisOnly/Sample_HCM-CSHL-0801-C56-85B-01D-A88G-36/analysis/HCM-CSHL-0801-C56-85B-01D-A88G-36.final.bam,/gpfs/commons/projects/HCMI/wgs_batch2/6d6946e8-5f84-48bd-a0d8-52e5fc4acf28/HCM-CSHL-0801-C56-85B-01D-A88G-36.WholeGenome.RP-1765.bam
HCM-CSHL-0603-C18-11A-01D-A80U-36,HCM-CSHL-0603-C18-11A-01D-A80U-36.WholeGenome.RP-1765.bam,/gpfs/commons/projects/TCGA/gdc-awg/HCMI/WGS/Project_NYGC_15336_B02_SOM_WGS_AnalysisOnly/Sample_HCM-CSHL-0603-C18-11A-01D-A80U-36/analysis/HCM-CSHL-0603-C18-11A-01D-A80U-36.final.bam,/gpfs/commons/projects/HCMI/wgs_batch2/f6b33b5d-ac81-4bfa-81df-cceeacc4ef90/HCM-CSHL-0603-C18-11A-01D-A80U-36.WholeGenome.RP-1765.bam
HCM-SANG-1333-C20-01A-01D-A80T-32-aliquot,5ba61ebd-62df-4162-9cd0-584c8afe8ac8_wgs_gdc_realn.bam,/gpfs/commons/projects/TCGA/gdc-awg/HCMI/WGS/Project_NYGC_15336_B02_SOM_WGS_AnalysisOnly/Sample_HCM-SANG-1333-C20-01A-01D-A80T-32-aliquot/analysis/HCM-SANG-1333-C20-01A-01D-A80T-32-aliquot.final.bam,/gpfs/commons/projects/HCMI/wgs_batch2/574ec2a7-66a1-44ef-8d7f-8afac72e57c2/5ba61ebd-62df-4162-9cd0-584c8afe8ac8_wgs_gdc_realn.bam
HCM-CSHL-0803-C54-85A-01D-A88H-36,HCM-CSHL-0803-C54-85A-01D-A88H-36.WholeGenome.RP-1765.bam,/gpfs/commons/projects/TCGA/gdc-awg/HCMI/WGS/Project_NYGC_15336_B02_SOM_WGS_AnalysisOnly/Sample_HCM-CSHL-0803-C54-85A-01D-A88H-36/analysis/HCM-CSHL-0803-C54-85A-01D-A88H-36.final.bam,/gpfs/commons/projects/HCMI/wgs_batch2/af0a36c9-e228-45b1-8468-35b2f08e1d28/HCM-CSHL-0803-C54-85A-01D-A88H-36.WholeGenome.RP-1765.bam
HCM-CSHL-0853-C56-85D-01D-A881-36,HCM-CSHL-0853-C56-85D-01D-A881-36.WholeGenome.RP-1765.bam,/gpfs/commons/projects/TCGA/gdc-awg/HCMI/WGS/Project_NYGC_15336_B02_SOM_WGS_AnalysisOnly/Sample_HCM-CSHL-0853-C56-85D-01D-A881-36/analysis/HCM-CSHL-0853-C56-85D-01D-A881-36.final.bam,/gpfs/commons/projects/HCMI/wgs_batch2/7b9ac983-5a36-4ad1-84a4-a1400a07db6e/HCM-CSHL-0853-C56-85D-01D-A881-36.WholeGenome.RP-1765.bam
HCM-BROD-0711-C64-10A-01D-A881-36,HCM-BROD-0711-C64-10A-01D-A881-36.WholeGenome.RP-1765.bam,/gpfs/commons/projects/TCGA/gdc-awg/HCMI/WGS/Project_NYGC_15336_B02_SOM_WGS_AnalysisOnly/Sample_HCM-BROD-0711-C64-10A-01D-A881-36/analysis/HCM-BROD-0711-C64-10A-01D-A881-36.final.bam,/gpfs/commons/projects/HCMI/wgs_batch2/ba1060cc-3150-4e97-81c2-906757a5fafc/HCM-BROD-0711-C64-10A-01D-A881-36.WholeGenome.RP-1765.bam
HCM-SANG-1090-C18-10A-01D-A80T-32-aliquot,9d4955c8-e832-4925-ade1-160eb195b1ff_wgs_gdc_realn.bam,/gpfs/commons/projects/TCGA/gdc-awg/HCMI/WGS/Project_NYGC_15336_B02_SOM_WGS_AnalysisOnly/Sample_HCM-SANG-1090-C18-10A-01D-A80T-32-aliquot/analysis/HCM-SANG-1090-C18-10A-01D-A80T-32-aliquot.final.bam,/gpfs/commons/projects/HCMI/wgs_batch2/5e42f3ad-2c5a-4b82-85d2-5841da45863f/9d4955c8-e832-4925-ade1-160eb195b1ff_wgs_gdc_realn.bam
HCM-BROD-0926-C16-85B-01D-A88G-36,HCM-BROD-0926-C16-85B-01D-A88G-36.WholeGenome.RP-1765.bam,/gpfs/commons/projects/TCGA/gdc-awg/HCMI/WGS/Project_NYGC_15336_B02_SOM_WGS_AnalysisOnly/Sample_HCM-BROD-0926-C16-85B-01D-A88G-36/analysis/HCM-BROD-0926-C16-85B-01D-A88G-36.final.bam,/gpfs/commons/projects/HCMI/wgs_batch2/c77d2849-bfc0-48fb-b808-706b2fab0aae/HCM-BROD-0926-C16-85B-01D-A88G-36.WholeGenome.RP-1765.bam
HCM-SANG-1085-C20-85A-01D-A80T-32-aliquot,8b9993d1-d4b3-426c-9f8c-a69cb15b486c_wgs_gdc_realn.bam,/gpfs/commons/projects/TCGA/gdc-awg/HCMI/WGS/Project_NYGC_15336_B02_SOM_WGS_AnalysisOnly/Sample_HCM-SANG-1085-C20-85A-01D-A80T-32-aliquot/analysis/HCM-SANG-1085-C20-85A-01D-A80T-32-aliquot.final.bam,/gpfs/commons/projects/HCMI/wgs_batch2/10db3e07-5f07-44e5-9d09-4688f506a9e5/8b9993d1-d4b3-426c-9f8c-a69cb15b486c_wgs_gdc_realn.bam
HCM-CSHL-1265-C25-01A-11D-A905-36,HCM-CSHL-1265-C25-01A-11D-A905-36.WholeGenome.RP-1765.bam,/gpfs/commons/projects/TCGA/gdc-awg/HCMI/WGS/Project_NYGC_15336_B02_SOM_WGS_AnalysisOnly/Sample_HCM-CSHL-1265-C25-01A-11D-A905-36/analysis/HCM-CSHL-1265-C25-01A-11D-A905-36.final.bam,/gpfs/commons/projects/HCMI/wgs_batch2/9cb6b308-752e-4303-88f8-d157d69238e5/HCM-CSHL-1265-C25-01A-11D-A905-36.WholeGenome.RP-1765.bam
HCM-SANG-1338-C20-08A-01D-A80T-32-aliquot,adf82dd5-99a8-4119-8ac2-f254f4650c9a_wgs_gdc_realn.bam,/gpfs/commons/projects/TCGA/gdc-awg/HCMI/WGS/Project_NYGC_15336_B02_SOM_WGS_AnalysisOnly/Sample_HCM-SANG-1338-C20-08A-01D-A80T-32-aliquot/analysis/HCM-SANG-1338-C20-08A-01D-A80T-32-aliquot.final.bam,/gpfs/commons/projects/HCMI/wgs_batch2/f2255f30-521f-4cbd-842c-d48515958050/adf82dd5-99a8-4119-8ac2-f254f4650c9a_wgs_gdc_realn.bam
HCM-STAN-0848-C20-11A-11D-A882-36,HCM-STAN-0848-C20-11A-11D-A882-36.WholeGenome.RP-1765.bam,/gpfs/commons/projects/TCGA/gdc-awg/HCMI/WGS/Project_NYGC_15336_B02_SOM_WGS_AnalysisOnly/Sample_HCM-STAN-0848-C20-11A-11D-A882-36/analysis/HCM-STAN-0848-C20-11A-11D-A882-36.final.bam,/gpfs/commons/projects/HCMI/wgs_batch2/a11768dc-9754-4452-b8b9-372f7fe079c6/HCM-STAN-0848-C20-11A-11D-A882-36.WholeGenome.RP-1765.bam
HCM-SANG-0549-C15-10A-01D-A80T-32-aliquot,6892cb83-0ec5-411a-8c77-7541ed16feeb_wgs_gdc_realn.bam,/gpfs/commons/projects/TCGA/gdc-awg/HCMI/WGS/Project_NYGC_15336_B02_SOM_WGS_AnalysisOnly/Sample_HCM-SANG-0549-C15-10A-01D-A80T-32-aliquot/analysis/HCM-SANG-0549-C15-10A-01D-A80T-32-aliquot.final.bam,/gpfs/commons/projects/HCMI/wgs_batch2/af2a7cf6-73b7-4646-9cea-642ea6005ec0/6892cb83-0ec5-411a-8c77-7541ed16feeb_wgs_gdc_realn.bam
HCM-CSHL-0585-C06-85E-01D-A88G-36,HCM-CSHL-0585-C06-85E-01D-A88G-36.WholeGenome.RP-1765.bam,/gpfs/commons/projects/TCGA/gdc-awg/HCMI/WGS/Project_NYGC_15336_B02_SOM_WGS_AnalysisOnly/Sample_HCM-CSHL-0585-C06-85E-01D-A88G-36/analysis/HCM-CSHL-0585-C06-85E-01D-A88G-36.final.bam,/gpfs/commons/projects/HCMI/wgs_batch2/ac2828a5-bc33-4c54-901e-5455540c27aa/HCM-CSHL-0585-C06-85E-01D-A88G-36.WholeGenome.RP-1765.bam
HCM-CSHL-0618-C18-11A-01D-A881-36,HCM-CSHL-0618-C18-11A-01D-A881-36.WholeGenome.RP-1765.bam,/gpfs/commons/projects/TCGA/gdc-awg/HCMI/WGS/Project_NYGC_15336_B02_SOM_WGS_AnalysisOnly/Sample_HCM-CSHL-0618-C18-11A-01D-A881-36/analysis/HCM-CSHL-0618-C18-11A-01D-A881-36.final.bam,/gpfs/commons/projects/HCMI/wgs_batch2/b9f1c614-6fff-4b97-a84a-5c4ca5a162b6/HCM-CSHL-0618-C18-11A-01D-A881-36.WholeGenome.RP-1765.bam
HCM-SANG-1332-C18-10A-01D-A80T-32-aliquot,5d74bca8-4d26-4e1d-a7ee-babcf14b26cc_wgs_gdc_realn.bam,/gpfs/commons/projects/TCGA/gdc-awg/HCMI/WGS/Project_NYGC_15336_B02_SOM_WGS_AnalysisOnly/Sample_HCM-SANG-1332-C18-10A-01D-A80T-32-aliquot/analysis/HCM-SANG-1332-C18-10A-01D-A80T-32-aliquot.final.bam,/gpfs/commons/projects/HCMI/wgs_batch2/d2805cb4-dcff-444f-b9cc-8f32331f86ed/5d74bca8-4d26-4e1d-a7ee-babcf14b26cc_wgs_gdc_realn.bam
HCM-SANG-1320-C25-85A-01D-A80T-32-aliquot,aca4c350-b6e8-41d9-871a-a33bc2f4866c_wgs_gdc_realn.bam,/gpfs/commons/projects/TCGA/gdc-awg/HCMI/WGS/Project_NYGC_15336_B02_SOM_WGS_AnalysisOnly/Sample_HCM-SANG-1320-C25-85A-01D-A80T-32-aliquot/analysis/HCM-SANG-1320-C25-85A-01D-A80T-32-aliquot.final.bam,/gpfs/commons/projects/HCMI/wgs_batch2/32873996-0fec-4277-bc13-61e738ab03ed/aca4c350-b6e8-41d9-871a-a33bc2f4866c_wgs_gdc_realn.bam
HCM-WCMC-0790-C67-10A-01D-A905-36,HCM-WCMC-0790-C67-10A-01D-A905-36.WholeGenome.RP-1765.bam,/gpfs/commons/projects/TCGA/gdc-awg/HCMI/WGS/Project_NYGC_15336_B02_SOM_WGS_AnalysisOnly/Sample_HCM-WCMC-0790-C67-10A-01D-A905-36/analysis/HCM-WCMC-0790-C67-10A-01D-A905-36.final.bam,/gpfs/commons/projects/HCMI/wgs_batch2/f687c0a2-36ba-46cd-843c-6ce1634c3e66/HCM-WCMC-0790-C67-10A-01D-A905-36.WholeGenome.RP-1765.bam
HCM-CSHL-0875-C67-85B-01D-A88H-36,HCM-CSHL-0875-C67-85B-01D-A88H-36.WholeGenome.RP-1765.bam,/gpfs/commons/projects/TCGA/gdc-awg/HCMI/WGS/Project_NYGC_15336_B02_SOM_WGS_AnalysisOnly/Sample_HCM-CSHL-0875-C67-85B-01D-A88H-36/analysis/HCM-CSHL-0875-C67-85B-01D-A88H-36.final.bam,/gpfs/commons/projects/HCMI/wgs_batch2/c4b793ee-ff5c-43d4-b578-f3a57e93243b/HCM-CSHL-0875-C67-85B-01D-A88H-36.WholeGenome.RP-1765.bam
HCM-CSHL-0878-C18-10A-01D-A882-36,HCM-CSHL-0878-C18-10A-01D-A882-36.WholeGenome.RP-1765.bam,/gpfs/commons/projects/TCGA/gdc-awg/HCMI/WGS/Project_NYGC_15336_B02_SOM_WGS_AnalysisOnly/Sample_HCM-CSHL-0878-C18-10A-01D-A882-36/analysis/HCM-CSHL-0878-C18-10A-01D-A882-36.final.bam,/gpfs/commons/projects/HCMI/wgs_batch2/c019313f-2eee-49c4-aee6-47b27a63dd56/HCM-CSHL-0878-C18-10A-01D-A882-36.WholeGenome.RP-1765.bam
HCM-SANG-1318-C20-06A-01D-A80T-32-aliquot,36e42cd6-6660-4de6-9b2e-04673c3434b2_wgs_gdc_realn.bam,/gpfs/commons/projects/TCGA/gdc-awg/HCMI/WGS/Project_NYGC_15336_B02_SOM_WGS_AnalysisOnly/Sample_HCM-SANG-1318-C20-06A-01D-A80T-32-aliquot/analysis/HCM-SANG-1318-C20-06A-01D-A80T-32-aliquot.final.bam,/gpfs/commons/projects/HCMI/wgs_batch2/11ca70c7-62c2-44d0-8c34-a198d3e85106/36e42cd6-6660-4de6-9b2e-04673c3434b2_wgs_gdc_realn.bam
HCM-BROD-0794-C16-06B-01D-A881-36,HCM-BROD-0794-C16-06B-01D-A881-36.WholeGenome.RP-1765.bam,/gpfs/commons/projects/TCGA/gdc-awg/HCMI/WGS/Project_NYGC_15336_B02_SOM_WGS_AnalysisOnly/Sample_HCM-BROD-0794-C16-06B-01D-A881-36/analysis/HCM-BROD-0794-C16-06B-01D-A881-36.final.bam,/gpfs/commons/projects/HCMI/wgs_batch2/68f11d1f-fccc-4b53-b67d-2c9719d1c96e/HCM-BROD-0794-C16-06B-01D-A881-36.WholeGenome.RP-1765.bam
HCM-SANG-0522-C18-01A-01D-A80T-32-aliquot,eca51b32-79a2-47d8-8095-cecc3a3fb162_wgs_gdc_realn.bam,/gpfs/commons/projects/TCGA/gdc-awg/HCMI/WGS/Project_NYGC_15336_B02_SOM_WGS_AnalysisOnly/Sample_HCM-SANG-0522-C18-01A-01D-A80T-32-aliquot/analysis/HCM-SANG-0522-C18-01A-01D-A80T-32-aliquot.final.bam,/gpfs/commons/projects/HCMI/wgs_batch2/f68e0b9a-e9fa-4e2d-8043-6837f0167951/eca51b32-79a2-47d8-8095-cecc3a3fb162_wgs_gdc_realn.bam
HCM-BROD-0650-C56-85N-01D-A881-36,HCM-BROD-0650-C56-85N-01D-A881-36.WholeGenome.RP-1765.bam,/gpfs/commons/projects/TCGA/gdc-awg/HCMI/WGS/Project_NYGC_15336_B02_SOM_WGS_AnalysisOnly/Sample_HCM-BROD-0650-C56-85N-01D-A881-36/analysis/HCM-BROD-0650-C56-85N-01D-A881-36.final.bam,/gpfs/commons/projects/HCMI/wgs_batch2/9110e5f3-8889-4e3d-8e49-e9c0983c3c31/HCM-BROD-0650-C56-85N-01D-A881-36.WholeGenome.RP-1765.bam
HCM-CSHL-0800-C67-10A-01D-A88G-36,HCM-CSHL-0800-C67-10A-01D-A88G-36.WholeGenome.RP-1765.bam,/gpfs/commons/projects/TCGA/gdc-awg/HCMI/WGS/Project_NYGC_15336_B02_SOM_WGS_AnalysisOnly/Sample_HCM-CSHL-0800-C67-10A-01D-A88G-36/analysis/HCM-CSHL-0800-C67-10A-01D-A88G-36.final.bam,/gpfs/commons/projects/HCMI/wgs_batch2/f4441842-b1c9-4ba7-838b-0efd714530f3/HCM-CSHL-0800-C67-10A-01D-A88G-36.WholeGenome.RP-1765.bam
HCM-BROD-1186-C64-85B-01D-A881-36,HCM-BROD-1186-C64-85B-01D-A881-36.WholeGenome.RP-1765.bam,/gpfs/commons/projects/TCGA/gdc-awg/HCMI/WGS/Project_NYGC_15336_B02_SOM_WGS_AnalysisOnly/Sample_HCM-BROD-1186-C64-85B-01D-A881-36/analysis/HCM-BROD-1186-C64-85B-01D-A881-36.final.bam,/gpfs/commons/projects/HCMI/wgs_batch2/137357cf-1ecf-462f-88f2-5473a66c52ef/HCM-BROD-1186-C64-85B-01D-A881-36.WholeGenome.RP-1765.bam
HCM-SANG-1318-C20-10A-01D-A80T-32-aliquot,fe9a1c05-1ae1-4105-92d2-e2cb8e73ee60_wgs_gdc_realn.bam,/gpfs/commons/projects/TCGA/gdc-awg/HCMI/WGS/Project_NYGC_15336_B02_SOM_WGS_AnalysisOnly/Sample_HCM-SANG-1318-C20-10A-01D-A80T-32-aliquot/analysis/HCM-SANG-1318-C20-10A-01D-A80T-32-aliquot.final.bam,/gpfs/commons/projects/HCMI/wgs_batch2/dbdcb8c4-8cb9-4cdf-a2b5-8b1c137e16cf/fe9a1c05-1ae1-4105-92d2-e2cb8e73ee60_wgs_gdc_realn.bam
HCM-SANG-1318-C20-85A-01D-A80T-32-aliquot,904eabbf-b2bc-4810-9e22-8e6de4af8eda_wgs_gdc_realn.bam,/gpfs/commons/projects/TCGA/gdc-awg/HCMI/WGS/Project_NYGC_15336_B02_SOM_WGS_AnalysisOnly/Sample_HCM-SANG-1318-C20-85A-01D-A80T-32-aliquot/analysis/HCM-SANG-1318-C20-85A-01D-A80T-32-aliquot.final.bam,/gpfs/commons/projects/HCMI/wgs_batch2/d050599f-76d1-43ed-89a1-dde139457b81/904eabbf-b2bc-4810-9e22-8e6de4af8eda_wgs_gdc_realn.bam
HCM-CSHL-0467-C56-85M-01D-A881-36,HCM-CSHL-0467-C56-85M-01D-A881-36.WholeGenome.RP-1765.bam,/gpfs/commons/projects/TCGA/gdc-awg/HCMI/WGS/Project_NYGC_15336_B02_SOM_WGS_AnalysisOnly/Sample_HCM-CSHL-0467-C56-85M-01D-A881-36/analysis/HCM-CSHL-0467-C56-85M-01D-A881-36.final.bam,/gpfs/commons/projects/HCMI/wgs_batch2/98903d5f-7e5d-4acf-9b4a-7aa730241bdf/HCM-CSHL-0467-C56-85M-01D-A881-36.WholeGenome.RP-1765.bam
HCM-SANG-1338-C20-10A-01D-A80T-32-aliquot,b95c4893-ad1c-41b8-9c65-c56741e7855b_wgs_gdc_realn.bam,/gpfs/commons/projects/TCGA/gdc-awg/HCMI/WGS/Project_NYGC_15336_B02_SOM_WGS_AnalysisOnly/Sample_HCM-SANG-1338-C20-10A-01D-A80T-32-aliquot/analysis/HCM-SANG-1338-C20-10A-01D-A80T-32-aliquot.final.bam,/gpfs/commons/projects/HCMI/wgs_batch2/938c29a3-ae1e-43b8-b7f2-74c635747bf7/b95c4893-ad1c-41b8-9c65-c56741e7855b_wgs_gdc_realn.bam
HCM-BROD-0678-C71-10A-01D-A87L-36,HCM-BROD-0678-C71-10A-01D-A87L-36.WholeGenome.RP-1765.bam,/gpfs/commons/projects/TCGA/gdc-awg/HCMI/WGS/Project_NYGC_15336_B02_SOM_WGS_AnalysisOnly/Sample_HCM-BROD-0678-C71-10A-01D-A87L-36/analysis/HCM-BROD-0678-C71-10A-01D-A87L-36.final.bam,/gpfs/commons/projects/HCMI/wgs_batch2/24d3bcd6-1a03-4752-8956-096057e1e9b4/HCM-BROD-0678-C71-10A-01D-A87L-36.WholeGenome.RP-1765.bam
HCM-SANG-1315-C18-06A-01D-A80T-32-aliquot,be1e3d5c-e563-4f7d-beb6-b13316796ea1_wgs_gdc_realn.bam,/gpfs/commons/projects/TCGA/gdc-awg/HCMI/WGS/Project_NYGC_15336_B02_SOM_WGS_AnalysisOnly/Sample_HCM-SANG-1315-C18-06A-01D-A80T-32-aliquot/analysis/HCM-SANG-1315-C18-06A-01D-A80T-32-aliquot.final.bam,/gpfs/commons/projects/HCMI/wgs_batch2/6851c5da-b981-4d40-9d16-6538d32a9314/be1e3d5c-e563-4f7d-beb6-b13316796ea1_wgs_gdc_realn.bam
HCM-WCMC-0946-C34-85A-01D-A905-36,HCM-WCMC-0946-C34-85A-01D-A905-36.WholeGenome.RP-1765.bam,/gpfs/commons/projects/TCGA/gdc-awg/HCMI/WGS/Project_NYGC_15336_B02_SOM_WGS_AnalysisOnly/Sample_HCM-WCMC-0946-C34-85A-01D-A905-36/analysis/HCM-WCMC-0946-C34-85A-01D-A905-36.final.bam,/gpfs/commons/projects/HCMI/wgs_batch2/112d380f-b23e-49d2-8352-442417ee40a2/HCM-WCMC-0946-C34-85A-01D-A905-36.WholeGenome.RP-1765.bam
HCM-WCMC-1287-C67-10A-01D-A905-36,HCM-WCMC-1287-C67-10A-01D-A905-36.WholeGenome.RP-1765.bam,/gpfs/commons/projects/TCGA/gdc-awg/HCMI/WGS/Project_NYGC_15336_B02_SOM_WGS_AnalysisOnly/Sample_HCM-WCMC-1287-C67-10A-01D-A905-36/analysis/HCM-WCMC-1287-C67-10A-01D-A905-36.final.bam,/gpfs/commons/projects/HCMI/wgs_batch2/a02d36a4-5732-4ac9-8138-0687c1c93dce/HCM-WCMC-1287-C67-10A-01D-A905-36.WholeGenome.RP-1765.bam
HCM-SANG-1325-C15-08A-01D-A80T-32-aliquot,c1e0160c-6e96-42b0-bf8e-9548f4a4bda7_wgs_gdc_realn.bam,/gpfs/commons/projects/TCGA/gdc-awg/HCMI/WGS/Project_NYGC_15336_B02_SOM_WGS_AnalysisOnly/Sample_HCM-SANG-1325-C15-08A-01D-A80T-32-aliquot/analysis/HCM-SANG-1325-C15-08A-01D-A80T-32-aliquot.final.bam,/gpfs/commons/projects/HCMI/wgs_batch2/521c9b1d-50b4-4a51-8a4c-d4301da8ad75/c1e0160c-6e96-42b0-bf8e-9548f4a4bda7_wgs_gdc_realn.bam
HCM-SANG-0529-C18-85A-01D-A80T-32-aliquot,57153423-1d21-4fa7-b1fe-fd5e5c5bf410_wgs_gdc_realn.bam,/gpfs/commons/projects/TCGA/gdc-awg/HCMI/WGS/Project_NYGC_15336_B02_SOM_WGS_AnalysisOnly/Sample_HCM-SANG-0529-C18-85A-01D-A80T-32-aliquot/analysis/HCM-SANG-0529-C18-85A-01D-A80T-32-aliquot.final.bam,/gpfs/commons/projects/HCMI/wgs_batch2/615c1841-3477-4971-9dfa-5039c5eb3597/57153423-1d21-4fa7-b1fe-fd5e5c5bf410_wgs_gdc_realn.bam
HCM-CSHL-0467-C56-06A-11D-A881-36,HCM-CSHL-0467-C56-06A-11D-A881-36.WholeGenome.RP-1765.bam,/gpfs/commons/projects/TCGA/gdc-awg/HCMI/WGS/Project_NYGC_15336_B02_SOM_WGS_AnalysisOnly/Sample_HCM-CSHL-0467-C56-06A-11D-A881-36/analysis/HCM-CSHL-0467-C56-06A-11D-A881-36.final.bam,/gpfs/commons/projects/HCMI/wgs_batch2/38bb5866-5519-4eb0-8c92-482a49ae6b22/HCM-CSHL-0467-C56-06A-11D-A881-36.WholeGenome.RP-1765.bam
HCM-BROD-0926-C16-10A-01D-A88G-36,HCM-BROD-0926-C16-10A-01D-A88G-36.WholeGenome.RP-1765.bam,/gpfs/commons/projects/TCGA/gdc-awg/HCMI/WGS/Project_NYGC_15336_B02_SOM_WGS_AnalysisOnly/Sample_HCM-BROD-0926-C16-10A-01D-A88G-36/analysis/HCM-BROD-0926-C16-10A-01D-A88G-36.final.bam,/gpfs/commons/projects/HCMI/wgs_batch2/0808d120-9f43-4d69-83c3-bcb0a141dc0a/HCM-BROD-0926-C16-10A-01D-A88G-36.WholeGenome.RP-1765.bam
HCM-CSHL-0765-C56-85P-01D-A88G-36,HCM-CSHL-0765-C56-85P-01D-A88G-36.WholeGenome.RP-1765.bam,/gpfs/commons/projects/TCGA/gdc-awg/HCMI/WGS/Project_NYGC_15336_B02_SOM_WGS_AnalysisOnly/Sample_HCM-CSHL-0765-C56-85P-01D-A88G-36/analysis/HCM-CSHL-0765-C56-85P-01D-A88G-36.final.bam,/gpfs/commons/projects/HCMI/wgs_batch2/9de78904-090a-490b-9b5a-033a460d9b6f/HCM-CSHL-0765-C56-85P-01D-A88G-36.WholeGenome.RP-1765.bam
HCM-WCMC-1340-C54-12A-01D-A937-36,HCM-WCMC-1340-C54-12A-01D-A937-36.WholeGenome.RP-1765.bam,/gpfs/commons/projects/TCGA/gdc-awg/HCMI/WGS/Project_NYGC_15336_B02_SOM_WGS_AnalysisOnly/Sample_HCM-WCMC-1340-C54-12A-01D-A937-36/analysis/HCM-WCMC-1340-C54-12A-01D-A937-36.final.bam,/gpfs/commons/projects/HCMI/wgs_batch2/4ec27d5f-ca22-498c-beab-b2455ab7e437/HCM-WCMC-1340-C54-12A-01D-A937-36.WholeGenome.RP-1765.bam
HCM-SANG-1304-C20-10A-01D-A80T-32-aliquot,1f19923f-6b60-40c4-9cc2-4c63fb76291b_wgs_gdc_realn.bam,/gpfs/commons/projects/TCGA/gdc-awg/HCMI/WGS/Project_NYGC_15336_B02_SOM_WGS_AnalysisOnly/Sample_HCM-SANG-1304-C20-10A-01D-A80T-32-aliquot/analysis/HCM-SANG-1304-C20-10A-01D-A80T-32-aliquot.final.bam,/gpfs/commons/projects/HCMI/wgs_batch2/82881194-499d-4ae1-8321-9d24fd7befc6/1f19923f-6b60-40c4-9cc2-4c63fb76291b_wgs_gdc_realn.bam
HCM-CSHL-1263-C24-85M-01D-A88H-36,HCM-CSHL-1263-C24-85M-01D-A88H-36.WholeGenome.RP-1765.bam,/gpfs/commons/projects/TCGA/gdc-awg/HCMI/WGS/Project_NYGC_15336_B02_SOM_WGS_AnalysisOnly/Sample_HCM-CSHL-1263-C24-85M-01D-A88H-36/analysis/HCM-CSHL-1263-C24-85M-01D-A88H-36.final.bam,/gpfs/commons/projects/HCMI/wgs_batch2/3d6192b2-df1c-4906-865d-f67cef320f45/HCM-CSHL-1263-C24-85M-01D-A88H-36.WholeGenome.RP-1765.bam
HCM-CSHL-0860-C18-85M-01D-A881-36,HCM-CSHL-0860-C18-85M-01D-A881-36.WholeGenome.RP-1765.bam,/gpfs/commons/projects/TCGA/gdc-awg/HCMI/WGS/Project_NYGC_15336_B02_SOM_WGS_AnalysisOnly/Sample_HCM-CSHL-0860-C18-85M-01D-A881-36/analysis/HCM-CSHL-0860-C18-85M-01D-A881-36.final.bam,/gpfs/commons/projects/HCMI/wgs_batch2/142b1a4b-5ffe-45c9-b686-b758f3ade626/HCM-CSHL-0860-C18-85M-01D-A881-36.WholeGenome.RP-1765.bam
HCM-SANG-1321-C18-10A-01D-A80T-32-aliquot,57358368-3fd1-4080-af42-445ed173c96f_wgs_gdc_realn.bam,/gpfs/commons/projects/TCGA/gdc-awg/HCMI/WGS/Project_NYGC_15336_B02_SOM_WGS_AnalysisOnly/Sample_HCM-SANG-1321-C18-10A-01D-A80T-32-aliquot/analysis/HCM-SANG-1321-C18-10A-01D-A80T-32-aliquot.final.bam,/gpfs/commons/projects/HCMI/wgs_batch2/d35355bd-0230-447b-8b0e-e222d964b5aa/57358368-3fd1-4080-af42-445ed173c96f_wgs_gdc_realn.bam
HCM-STAN-1277-C55-85B-01D-A937-36,HCM-STAN-1277-C55-85B-01D-A937-36.WholeGenome.RP-1765.bam,/gpfs/commons/projects/TCGA/gdc-awg/HCMI/WGS/Project_NYGC_15336_B02_SOM_WGS_AnalysisOnly/Sample_HCM-STAN-1277-C55-85B-01D-A937-36/analysis/HCM-STAN-1277-C55-85B-01D-A937-36.final.bam,/gpfs/commons/projects/HCMI/wgs_batch2/105440f7-bfb3-4247-80df-f6eee3966f5f/HCM-STAN-1277-C55-85B-01D-A937-36.WholeGenome.RP-1765.bam
HCM-SANG-1314-C18-01A-01D-A80T-32-aliquot,62b0a389-3e93-4d7d-9f6f-e6efaee6acf8_wgs_gdc_realn.bam,/gpfs/commons/projects/TCGA/gdc-awg/HCMI/WGS/Project_NYGC_15336_B02_SOM_WGS_AnalysisOnly/Sample_HCM-SANG-1314-C18-01A-01D-A80T-32-aliquot/analysis/HCM-SANG-1314-C18-01A-01D-A80T-32-aliquot.final.bam,/gpfs/commons/projects/HCMI/wgs_batch2/fc3e728d-7baf-4305-9392-416c5ae5371b/62b0a389-3e93-4d7d-9f6f-e6efaee6acf8_wgs_gdc_realn.bam
HCM-BROD-1129-C56-85B-01D-A88G-36,HCM-BROD-1129-C56-85B-01D-A88G-36.WholeGenome.RP-1765.bam,/gpfs/commons/projects/TCGA/gdc-awg/HCMI/WGS/Project_NYGC_15336_B02_SOM_WGS_AnalysisOnly/Sample_HCM-BROD-1129-C56-85B-01D-A88G-36/analysis/HCM-BROD-1129-C56-85B-01D-A88G-36.final.bam,/gpfs/commons/projects/HCMI/wgs_batch2/3aa61deb-0541-49bd-be14-e58aad6dc874/HCM-BROD-1129-C56-85B-01D-A88G-36.WholeGenome.RP-1765.bam
HCM-CSHL-0878-C18-85A-01D-A882-36,HCM-CSHL-0878-C18-85A-01D-A882-36.WholeGenome.RP-1765.bam,/gpfs/commons/projects/TCGA/gdc-awg/HCMI/WGS/Project_NYGC_15336_B02_SOM_WGS_AnalysisOnly/Sample_HCM-CSHL-0878-C18-85A-01D-A882-36/analysis/HCM-CSHL-0878-C18-85A-01D-A882-36.final.bam,/gpfs/commons/projects/HCMI/wgs_batch2/d154af8c-2ef8-4902-b66b-2cd011b04829/HCM-CSHL-0878-C18-85A-01D-A882-36.WholeGenome.RP-1765.bam
HCM-WCMC-0951-C67-01A-01D-A88H-36,HCM-WCMC-0951-C67-01A-01D-A88H-36.WholeGenome.RP-1765.bam,/gpfs/commons/projects/TCGA/gdc-awg/HCMI/WGS/Project_NYGC_15336_B02_SOM_WGS_AnalysisOnly/Sample_HCM-WCMC-0951-C67-01A-01D-A88H-36/analysis/HCM-WCMC-0951-C67-01A-01D-A88H-36.final.bam,/gpfs/commons/projects/HCMI/wgs_batch2/8186b4eb-2cd0-4d20-8e5f-610997338e0c/HCM-WCMC-0951-C67-01A-01D-A88H-36.WholeGenome.RP-1765.bam
HCM-SANG-1326-C15-01A-01D-A80T-32-aliquot,d3bae8ad-b457-47ff-a7c5-7e39bc76ad45_wgs_gdc_realn.bam,/gpfs/commons/projects/TCGA/gdc-awg/HCMI/WGS/Project_NYGC_15336_B02_SOM_WGS_AnalysisOnly/Sample_HCM-SANG-1326-C15-01A-01D-A80T-32-aliquot/analysis/HCM-SANG-1326-C15-01A-01D-A80T-32-aliquot.final.bam,/gpfs/commons/projects/HCMI/wgs_batch2/2107694a-3b3e-4480-a9eb-510563ec60e2/d3bae8ad-b457-47ff-a7c5-7e39bc76ad45_wgs_gdc_realn.bam
HCM-BROD-0953-C34-10A-01D-A88G-36,HCM-BROD-0953-C34-10A-01D-A88G-36.WholeGenome.RP-1765.bam,/gpfs/commons/projects/TCGA/gdc-awg/HCMI/WGS/Project_NYGC_15336_B02_SOM_WGS_AnalysisOnly/Sample_HCM-BROD-0953-C34-10A-01D-A88G-36/analysis/HCM-BROD-0953-C34-10A-01D-A88G-36.final.bam,/gpfs/commons/projects/HCMI/wgs_batch2/2f0a1334-8f51-4a7d-a099-9a0f5c4a0df0/HCM-BROD-0953-C34-10A-01D-A88G-36.WholeGenome.RP-1765.bam
HCM-SANG-0536-C18-85A-01D-A80T-32-aliquot,ac052b0c-bfde-4e99-b2f6-4d2323233248_wgs_gdc_realn.bam,/gpfs/commons/projects/TCGA/gdc-awg/HCMI/WGS/Project_NYGC_15336_B02_SOM_WGS_AnalysisOnly/Sample_HCM-SANG-0536-C18-85A-01D-A80T-32-aliquot/analysis/HCM-SANG-0536-C18-85A-01D-A80T-32-aliquot.final.bam,/gpfs/commons/projects/HCMI/wgs_batch2/d17804d4-d688-488b-bad2-093d33299a84/ac052b0c-bfde-4e99-b2f6-4d2323233248_wgs_gdc_realn.bam
HCM-CSHL-0823-C34-85M-01D-A85L-36,HCM-CSHL-0823-C34-85M-01D-A85L-36.WholeGenome.RP-1765.bam,/gpfs/commons/projects/TCGA/gdc-awg/HCMI/WGS/Project_NYGC_15336_B02_SOM_WGS_AnalysisOnly/Sample_HCM-CSHL-0823-C34-85M-01D-A85L-36/analysis/HCM-CSHL-0823-C34-85M-01D-A85L-36.final.bam,/gpfs/commons/projects/HCMI/wgs_batch2/bdd3a38b-0506-4282-bba7-081042225305/HCM-CSHL-0823-C34-85M-01D-A85L-36.WholeGenome.RP-1765.bam
HCM-WCMC-0786-C34-85A-01D-A87L-36,HCM-WCMC-0786-C34-85A-01D-A87L-36.WholeGenome.RP-1765.bam,/gpfs/commons/projects/TCGA/gdc-awg/HCMI/WGS/Project_NYGC_15336_B02_SOM_WGS_AnalysisOnly/Sample_HCM-WCMC-0786-C34-85A-01D-A87L-36/analysis/HCM-WCMC-0786-C34-85A-01D-A87L-36.final.bam,/gpfs/commons/projects/HCMI/wgs_batch2/35cde3d8-dea1-49ac-ac6b-dbc02968557f/HCM-WCMC-0786-C34-85A-01D-A87L-36.WholeGenome.RP-1765.bam
HCM-SANG-0528-C25-10A-01D-A80T-32-aliquot,2aa2f081-1149-49c4-9087-1db48a400bc2_wgs_gdc_realn.bam,/gpfs/commons/projects/TCGA/gdc-awg/HCMI/WGS/Project_NYGC_15336_B02_SOM_WGS_AnalysisOnly/Sample_HCM-SANG-0528-C25-10A-01D-A80T-32-aliquot/analysis/HCM-SANG-0528-C25-10A-01D-A80T-32-aliquot.final.bam,/gpfs/commons/projects/HCMI/wgs_batch2/e53a9bdb-f6c6-4783-b3cc-e5818cfbc79f/2aa2f081-1149-49c4-9087-1db48a400bc2_wgs_gdc_realn.bam
HCM-BROD-0958-C56-85B-01D-A88G-36,HCM-BROD-0958-C56-85B-01D-A88G-36.WholeGenome.RP-1765.bam,/gpfs/commons/projects/TCGA/gdc-awg/HCMI/WGS/Project_NYGC_15336_B02_SOM_WGS_AnalysisOnly/Sample_HCM-BROD-0958-C56-85B-01D-A88G-36/analysis/HCM-BROD-0958-C56-85B-01D-A88G-36.final.bam,/gpfs/commons/projects/HCMI/wgs_batch2/4b134059-4d49-4ef3-a809-fdf12d048177/HCM-BROD-0958-C56-85B-01D-A88G-36.WholeGenome.RP-1765.bam
HCM-SANG-1093-C18-01A-01D-A80T-32-aliquot,a4ea4e6f-cc35-462a-8ad5-2f75a82b247c_wgs_gdc_realn.bam,/gpfs/commons/projects/TCGA/gdc-awg/HCMI/WGS/Project_NYGC_15336_B02_SOM_WGS_AnalysisOnly/Sample_HCM-SANG-1093-C18-01A-01D-A80T-32-aliquot/analysis/HCM-SANG-1093-C18-01A-01D-A80T-32-aliquot.final.bam,/gpfs/commons/projects/HCMI/wgs_batch2/a32c82c9-cbb9-4ca1-8c9d-005cfb2819f0/a4ea4e6f-cc35-462a-8ad5-2f75a82b247c_wgs_gdc_realn.bam
HCM-SANG-1309-C25-10A-01D-A80T-32-aliquot,b32281f0-2afe-40a8-b38e-6d59efadf794_wgs_gdc_realn.bam,/gpfs/commons/projects/TCGA/gdc-awg/HCMI/WGS/Project_NYGC_15336_B02_SOM_WGS_AnalysisOnly/Sample_HCM-SANG-1309-C25-10A-01D-A80T-32-aliquot/analysis/HCM-SANG-1309-C25-10A-01D-A80T-32-aliquot.final.bam,/gpfs/commons/projects/HCMI/wgs_batch2/c07d35ca-b869-4315-8ef3-88fa2e58973c/b32281f0-2afe-40a8-b38e-6d59efadf794_wgs_gdc_realn.bam
HCM-CSHL-0802-C67-10A-01D-A88G-36,HCM-CSHL-0802-C67-10A-01D-A88G-36.WholeGenome.RP-1765.bam,/gpfs/commons/projects/TCGA/gdc-awg/HCMI/WGS/Project_NYGC_15336_B02_SOM_WGS_AnalysisOnly/Sample_HCM-CSHL-0802-C67-10A-01D-A88G-36/analysis/HCM-CSHL-0802-C67-10A-01D-A88G-36.final.bam,/gpfs/commons/projects/HCMI/wgs_batch2/514d4818-ca87-4fe7-9dbe-fd5a149896ac/HCM-CSHL-0802-C67-10A-01D-A88G-36.WholeGenome.RP-1765.bam
HCM-BROD-1186-C64-11A-11D-A881-36,HCM-BROD-1186-C64-11A-11D-A881-36.WholeGenome.RP-1765.bam,/gpfs/commons/projects/TCGA/gdc-awg/HCMI/WGS/Project_NYGC_15336_B02_SOM_WGS_AnalysisOnly/Sample_HCM-BROD-1186-C64-11A-11D-A881-36/analysis/HCM-BROD-1186-C64-11A-11D-A881-36.final.bam,/gpfs/commons/projects/HCMI/wgs_batch2/77350a37-9482-4c4c-80cc-36c6f0a4b499/HCM-BROD-1186-C64-11A-11D-A881-36.WholeGenome.RP-1765.bam
HCM-CSHL-1265-C25-11A-01D-A905-36,HCM-CSHL-1265-C25-11A-01D-A905-36.WholeGenome.RP-1765.bam,/gpfs/commons/projects/TCGA/gdc-awg/HCMI/WGS/Project_NYGC_15336_B02_SOM_WGS_AnalysisOnly/Sample_HCM-CSHL-1265-C25-11A-01D-A905-36/analysis/HCM-CSHL-1265-C25-11A-01D-A905-36.final.bam,/gpfs/commons/projects/HCMI/wgs_batch2/df4a274b-c5ea-4f9b-b8d8-43d12573cff0/HCM-CSHL-1265-C25-11A-01D-A905-36.WholeGenome.RP-1765.bam
HCM-CSHL-0625-C18-85M-01D-A85K-36,HCM-CSHL-0625-C18-85M-01D-A85K-36.WholeGenome.RP-1765.bam,/gpfs/commons/projects/TCGA/gdc-awg/HCMI/WGS/Project_NYGC_15336_B02_SOM_WGS_AnalysisOnly/Sample_HCM-CSHL-0625-C18-85M-01D-A85K-36/analysis/HCM-CSHL-0625-C18-85M-01D-A85K-36.final.bam,/gpfs/commons/projects/HCMI/wgs_batch2/d91574d7-dc19-4dda-93f5-a55e7ff7bb5c/HCM-CSHL-0625-C18-85M-01D-A85K-36.WholeGenome.RP-1765.bam
HCM-SANG-1320-C25-10A-01D-A80T-32-aliquot,8537f8fa-f190-4f13-9a8d-940ab863f481_wgs_gdc_realn.bam,/gpfs/commons/projects/TCGA/gdc-awg/HCMI/WGS/Project_NYGC_15336_B02_SOM_WGS_AnalysisOnly/Sample_HCM-SANG-1320-C25-10A-01D-A80T-32-aliquot/analysis/HCM-SANG-1320-C25-10A-01D-A80T-32-aliquot.final.bam,/gpfs/commons/projects/HCMI/wgs_batch2/c3155981-753b-4a50-9486-6a4a267b86dd/8537f8fa-f190-4f13-9a8d-940ab863f481_wgs_gdc_realn.bam
HCM-SANG-1328-C15-10A-01D-A80T-32-aliquot,39b774c4-ddb0-4824-980e-d93e10aa1f89_wgs_gdc_realn.bam,/gpfs/commons/projects/TCGA/gdc-awg/HCMI/WGS/Project_NYGC_15336_B02_SOM_WGS_AnalysisOnly/Sample_HCM-SANG-1328-C15-10A-01D-A80T-32-aliquot/analysis/HCM-SANG-1328-C15-10A-01D-A80T-32-aliquot.final.bam,/gpfs/commons/projects/HCMI/wgs_batch2/edce0966-5d21-41e3-aec4-0dd9d56cb022/39b774c4-ddb0-4824-980e-d93e10aa1f89_wgs_gdc_realn.bam
HCM-BROD-0960-C16-10A-01D-A87L-36,HCM-BROD-0960-C16-10A-01D-A87L-36.WholeGenome.RP-1765.bam,/gpfs/commons/projects/TCGA/gdc-awg/HCMI/WGS/Project_NYGC_15336_B02_SOM_WGS_AnalysisOnly/Sample_HCM-BROD-0960-C16-10A-01D-A87L-36/analysis/HCM-BROD-0960-C16-10A-01D-A87L-36.final.bam,/gpfs/commons/projects/HCMI/wgs_batch2/aa82e7c0-0b52-494e-977e-48182e8f7573/HCM-BROD-0960-C16-10A-01D-A87L-36.WholeGenome.RP-1765.bam
HCM-CSHL-0768-C56-85N-01D-A88G-36,HCM-CSHL-0768-C56-85N-01D-A88G-36.WholeGenome.RP-1765.bam,/gpfs/commons/projects/TCGA/gdc-awg/HCMI/WGS/Project_NYGC_15336_B02_SOM_WGS_AnalysisOnly/Sample_HCM-CSHL-0768-C56-85N-01D-A88G-36/analysis/HCM-CSHL-0768-C56-85N-01D-A88G-36.final.bam,/gpfs/commons/projects/HCMI/wgs_batch2/05400ad1-1ff9-4b49-ab62-dc58f8f31fd6/HCM-CSHL-0768-C56-85N-01D-A88G-36.WholeGenome.RP-1765.bam
HCM-SANG-1325-C15-85A-01D-A80T-32-aliquot,5373683b-a15c-41c0-a4fa-859f7c4c7006_wgs_gdc_realn.bam,/gpfs/commons/projects/TCGA/gdc-awg/HCMI/WGS/Project_NYGC_15336_B02_SOM_WGS_AnalysisOnly/Sample_HCM-SANG-1325-C15-85A-01D-A80T-32-aliquot/analysis/HCM-SANG-1325-C15-85A-01D-A80T-32-aliquot.final.bam,/gpfs/commons/projects/HCMI/wgs_batch2/d1119a08-84bb-4b78-a192-e801fddc2067/5373683b-a15c-41c0-a4fa-859f7c4c7006_wgs_gdc_realn.bam
HCM-CSHL-1097-C18-10A-01D-A88H-36,HCM-CSHL-1097-C18-10A-01D-A88H-36.WholeGenome.RP-1765.bam,/gpfs/commons/projects/TCGA/gdc-awg/HCMI/WGS/Project_NYGC_15336_B02_SOM_WGS_AnalysisOnly/Sample_HCM-CSHL-1097-C18-10A-01D-A88H-36/analysis/HCM-CSHL-1097-C18-10A-01D-A88H-36.final.bam,/gpfs/commons/projects/HCMI/wgs_batch2/e5476bbd-5e72-4741-8af3-b59394ec688c/HCM-CSHL-1097-C18-10A-01D-A88H-36.WholeGenome.RP-1765.bam
HCM-STAN-0909-C16-11A-03D-A937-36,HCM-STAN-0909-C16-11A-03D-A937-36.WholeGenome.RP-1765.bam,/gpfs/commons/projects/TCGA/gdc-awg/HCMI/WGS/Project_NYGC_15336_B02_SOM_WGS_AnalysisOnly/Sample_HCM-STAN-0909-C16-11A-03D-A937-36/analysis/HCM-STAN-0909-C16-11A-03D-A937-36.final.bam,/gpfs/commons/projects/HCMI/wgs_batch2/d3a687f3-9539-43ca-8325-dbcb641a24ad/HCM-STAN-0909-C16-11A-03D-A937-36.WholeGenome.RP-1765.bam
HCM-SANG-1304-C20-01A-01D-A80T-32-aliquot,f6a338e0-065e-47d4-b93b-df48ff37c6c0_wgs_gdc_realn.bam,/gpfs/commons/projects/TCGA/gdc-awg/HCMI/WGS/Project_NYGC_15336_B02_SOM_WGS_AnalysisOnly/Sample_HCM-SANG-1304-C20-01A-01D-A80T-32-aliquot/analysis/HCM-SANG-1304-C20-01A-01D-A80T-32-aliquot.final.bam,/gpfs/commons/projects/HCMI/wgs_batch2/83925084-8b00-4e4d-9f96-c8d98a135125/f6a338e0-065e-47d4-b93b-df48ff37c6c0_wgs_gdc_realn.bam
HCM-BROD-0781-C71-10A-01D-A88G-36,HCM-BROD-0781-C71-10A-01D-A88G-36.WholeGenome.RP-1765.bam,/gpfs/commons/projects/TCGA/gdc-awg/HCMI/WGS/Project_NYGC_15336_B02_SOM_WGS_AnalysisOnly/Sample_HCM-BROD-0781-C71-10A-01D-A88G-36/analysis/HCM-BROD-0781-C71-10A-01D-A88G-36.final.bam,/gpfs/commons/projects/HCMI/wgs_batch2/20b84c86-1af2-442a-9681-76ebe577c308/HCM-BROD-0781-C71-10A-01D-A88G-36.WholeGenome.RP-1765.bam
HCM-SANG-1336-C15-10A-01D-A80T-32-aliquot,5834a451-57bb-4a80-b64b-3b4e24f8aa1a_wgs_gdc_realn.bam,/gpfs/commons/projects/TCGA/gdc-awg/HCMI/WGS/Project_NYGC_15336_B02_SOM_WGS_AnalysisOnly/Sample_HCM-SANG-1336-C15-10A-01D-A80T-32-aliquot/analysis/HCM-SANG-1336-C15-10A-01D-A80T-32-aliquot.final.bam,/gpfs/commons/projects/HCMI/wgs_batch2/e3ade1dd-71e2-44ed-baac-494ca43112cc/5834a451-57bb-4a80-b64b-3b4e24f8aa1a_wgs_gdc_realn.bam
HCM-STAN-0777-C25-85S-01D-A88H-36,HCM-STAN-0777-C25-85S-01D-A88H-36.WholeGenome.RP-1765.bam,/gpfs/commons/projects/TCGA/gdc-awg/HCMI/WGS/Project_NYGC_15336_B02_SOM_WGS_AnalysisOnly/Sample_HCM-STAN-0777-C25-85S-01D-A88H-36/analysis/HCM-STAN-0777-C25-85S-01D-A88H-36.final.bam,/gpfs/commons/projects/HCMI/wgs_batch2/ac6f8feb-0058-4c11-8c58-e7173091ddb4/HCM-STAN-0777-C25-85S-01D-A88H-36.WholeGenome.RP-1765.bam
HCM-BROD-0870-C43-06B-11D-A881-36,HCM-BROD-0870-C43-06B-11D-A881-36.WholeGenome.RP-1765.bam,/gpfs/commons/projects/TCGA/gdc-awg/HCMI/WGS/Project_NYGC_15336_B02_SOM_WGS_AnalysisOnly/Sample_HCM-BROD-0870-C43-06B-11D-A881-36/analysis/HCM-BROD-0870-C43-06B-11D-A881-36.final.bam,/gpfs/commons/projects/HCMI/wgs_batch2/f3f57185-bbf1-4d6d-82c5-19bca23564ab/HCM-BROD-0870-C43-06B-11D-A881-36.WholeGenome.RP-1765.bam
HCM-CSHL-0151-C50-10A-01D-A87L-36,HCM-CSHL-0151-C50-10A-01D-A87L-36.WholeGenome.RP-1765.bam,/gpfs/commons/projects/TCGA/gdc-awg/HCMI/WGS/Project_NYGC_15336_B02_SOM_WGS_AnalysisOnly/Sample_HCM-CSHL-0151-C50-10A-01D-A87L-36/analysis/HCM-CSHL-0151-C50-10A-01D-A87L-36.final.bam,/gpfs/commons/projects/HCMI/wgs_batch2/8f2a462f-0a30-458d-9323-722961b48cd4/HCM-CSHL-0151-C50-10A-01D-A87L-36.WholeGenome.RP-1765.bam
HCM-SANG-0548-C25-85A-01D-A80T-32-aliquot,e55043e3-8317-46a6-8de4-8b04677066ed_wgs_gdc_realn.bam,/gpfs/commons/projects/TCGA/gdc-awg/HCMI/WGS/Project_NYGC_15336_B02_SOM_WGS_AnalysisOnly/Sample_HCM-SANG-0548-C25-85A-01D-A80T-32-aliquot/analysis/HCM-SANG-0548-C25-85A-01D-A80T-32-aliquot.final.bam,/gpfs/commons/projects/HCMI/wgs_batch2/60ecda1b-0c08-48ed-b87c-65de998af461/e55043e3-8317-46a6-8de4-8b04677066ed_wgs_gdc_realn.bam
HCM-CSHL-0907-C50-10A-01D-A882-36,HCM-CSHL-0907-C50-10A-01D-A882-36.WholeGenome.RP-1765.bam,/gpfs/commons/projects/TCGA/gdc-awg/HCMI/WGS/Project_NYGC_15336_B02_SOM_WGS_AnalysisOnly/Sample_HCM-CSHL-0907-C50-10A-01D-A882-36/analysis/HCM-CSHL-0907-C50-10A-01D-A882-36.final.bam,/gpfs/commons/projects/HCMI/wgs_batch2/102b499a-c09d-482d-96ae-ab478919d29b/HCM-CSHL-0907-C50-10A-01D-A882-36.WholeGenome.RP-1765.bam
HCM-BROD-0791-C43-85O-01D-A87L-36,HCM-BROD-0791-C43-85O-01D-A87L-36.WholeGenome.RP-1765.bam,/gpfs/commons/projects/TCGA/gdc-awg/HCMI/WGS/Project_NYGC_15336_B02_SOM_WGS_AnalysisOnly/Sample_HCM-BROD-0791-C43-85O-01D-A87L-36/analysis/HCM-BROD-0791-C43-85O-01D-A87L-36.final.bam,/gpfs/commons/projects/HCMI/wgs_batch2/700491aa-12ce-4c87-8a39-75e3725ba14b/HCM-BROD-0791-C43-85O-01D-A87L-36.WholeGenome.RP-1765.bam
HCM-BROD-0923-C64-10A-01D-A88G-36,HCM-BROD-0923-C64-10A-01D-A88G-36.WholeGenome.RP-1765.bam,/gpfs/commons/projects/TCGA/gdc-awg/HCMI/WGS/Project_NYGC_15336_B02_SOM_WGS_AnalysisOnly/Sample_HCM-BROD-0923-C64-10A-01D-A88G-36/analysis/HCM-BROD-0923-C64-10A-01D-A88G-36.final.bam,/gpfs/commons/projects/HCMI/wgs_batch2/ee9e9ef4-2303-485c-9066-df148e10310e/HCM-BROD-0923-C64-10A-01D-A88G-36.WholeGenome.RP-1765.bam
HCM-BROD-0959-C18-10A-01D-A881-36,HCM-BROD-0959-C18-10A-01D-A881-36.WholeGenome.RP-1765.bam,/gpfs/commons/projects/TCGA/gdc-awg/HCMI/WGS/Project_NYGC_15336_B02_SOM_WGS_AnalysisOnly/Sample_HCM-BROD-0959-C18-10A-01D-A881-36/analysis/HCM-BROD-0959-C18-10A-01D-A881-36.final.bam,/gpfs/commons/projects/HCMI/wgs_batch2/0c998fa2-7800-4ac3-aa9d-31d7573bf96a/HCM-BROD-0959-C18-10A-01D-A881-36.WholeGenome.RP-1765.bam
HCM-CSHL-0802-C67-85B-01D-A88G-36,HCM-CSHL-0802-C67-85B-01D-A88G-36.WholeGenome.RP-1765.bam,/gpfs/commons/projects/TCGA/gdc-awg/HCMI/WGS/Project_NYGC_15336_B02_SOM_WGS_AnalysisOnly/Sample_HCM-CSHL-0802-C67-85B-01D-A88G-36/analysis/HCM-CSHL-0802-C67-85B-01D-A88G-36.final.bam,/gpfs/commons/projects/HCMI/wgs_batch2/69cf01b3-c5d3-4cf4-ad8b-3cc9fb0474ba/HCM-CSHL-0802-C67-85B-01D-A88G-36.WholeGenome.RP-1765.bam
HCM-BROD-0869-C43-10A-01D-A881-36,HCM-BROD-0869-C43-10A-01D-A881-36.WholeGenome.RP-1765.bam,/gpfs/commons/projects/TCGA/gdc-awg/HCMI/WGS/Project_NYGC_15336_B02_SOM_WGS_AnalysisOnly/Sample_HCM-BROD-0869-C43-10A-01D-A881-36/analysis/HCM-BROD-0869-C43-10A-01D-A881-36.final.bam,/gpfs/commons/projects/HCMI/wgs_batch2/3e73735c-b5eb-4379-956d-a511ed0b13a5/HCM-BROD-0869-C43-10A-01D-A881-36.WholeGenome.RP-1765.bam
HCM-BROD-0353-C64-85A-01D-A88G-36,HCM-BROD-0353-C64-85A-01D-A88G-36.WholeGenome.RP-1765.bam,/gpfs/commons/projects/TCGA/gdc-awg/HCMI/WGS/Project_NYGC_15336_B02_SOM_WGS_AnalysisOnly/Sample_HCM-BROD-0353-C64-85A-01D-A88G-36/analysis/HCM-BROD-0353-C64-85A-01D-A88G-36.final.bam,/gpfs/commons/projects/HCMI/wgs_batch2/68b49d34-0c7c-4212-a347-9a45d7ed95e9/HCM-BROD-0353-C64-85A-01D-A88G-36.WholeGenome.RP-1765.bam
HCM-SANG-1328-C15-85A-01D-A80T-32-aliquot,e5bc833f-86d5-4ffd-908d-3e827cd69e29_wgs_gdc_realn.bam,/gpfs/commons/projects/TCGA/gdc-awg/HCMI/WGS/Project_NYGC_15336_B02_SOM_WGS_AnalysisOnly/Sample_HCM-SANG-1328-C15-85A-01D-A80T-32-aliquot/analysis/HCM-SANG-1328-C15-85A-01D-A80T-32-aliquot.final.bam,/gpfs/commons/projects/HCMI/wgs_batch2/e11c1082-eb44-461c-bb44-5607375dc27e/e5bc833f-86d5-4ffd-908d-3e827cd69e29_wgs_gdc_realn.bam
HCM-SANG-0533-C20-10A-01D-A80T-32-aliquot,5c675325-a88f-4717-bab3-fe8718d7ee07_wgs_gdc_realn.bam,/gpfs/commons/projects/TCGA/gdc-awg/HCMI/WGS/Project_NYGC_15336_B02_SOM_WGS_AnalysisOnly/Sample_HCM-SANG-0533-C20-10A-01D-A80T-32-aliquot/analysis/HCM-SANG-0533-C20-10A-01D-A80T-32-aliquot.final.bam,/gpfs/commons/projects/HCMI/wgs_batch2/5339e6c0-7204-41ab-a75f-617ebe055103/5c675325-a88f-4717-bab3-fe8718d7ee07_wgs_gdc_realn.bam
HCM-WCMC-0951-C67-85A-01D-A88H-36,HCM-WCMC-0951-C67-85A-01D-A88H-36.WholeGenome.RP-1765.bam,/gpfs/commons/projects/TCGA/gdc-awg/HCMI/WGS/Project_NYGC_15336_B02_SOM_WGS_AnalysisOnly/Sample_HCM-WCMC-0951-C67-85A-01D-A88H-36/analysis/HCM-WCMC-0951-C67-85A-01D-A88H-36.final.bam,/gpfs/commons/projects/HCMI/wgs_batch2/b7d04f0e-d5fc-440a-a836-bba59d15e4c0/HCM-WCMC-0951-C67-85A-01D-A88H-36.WholeGenome.RP-1765.bam
HCM-SANG-0548-C25-01A-01D-A80T-32-aliquot,f00e39dd-d358-4356-aebd-92ee2f89f157_wgs_gdc_realn.bam,/gpfs/commons/projects/TCGA/gdc-awg/HCMI/WGS/Project_NYGC_15336_B02_SOM_WGS_AnalysisOnly/Sample_HCM-SANG-0548-C25-01A-01D-A80T-32-aliquot/analysis/HCM-SANG-0548-C25-01A-01D-A80T-32-aliquot.final.bam,/gpfs/commons/projects/HCMI/wgs_batch2/33283a66-1909-4116-9378-4c67421ad933/f00e39dd-d358-4356-aebd-92ee2f89f157_wgs_gdc_realn.bam
HCM-SANG-1329-C15-10A-01D-A80T-32-aliquot,f943c490-0e38-48da-b428-429e4cfce267_wgs_gdc_realn.bam,/gpfs/commons/projects/TCGA/gdc-awg/HCMI/WGS/Project_NYGC_15336_B02_SOM_WGS_AnalysisOnly/Sample_HCM-SANG-1329-C15-10A-01D-A80T-32-aliquot/analysis/HCM-SANG-1329-C15-10A-01D-A80T-32-aliquot.final.bam,/gpfs/commons/projects/HCMI/wgs_batch2/2aa2bc4a-721d-44e7-a3d0-fd08e4a923b8/f943c490-0e38-48da-b428-429e4cfce267_wgs_gdc_realn.bam
HCM-WCMC-1284-C67-01B-01D-A905-36,HCM-WCMC-1284-C67-01B-01D-A905-36.WholeGenome.RP-1765.bam,/gpfs/commons/projects/TCGA/gdc-awg/HCMI/WGS/Project_NYGC_15336_B02_SOM_WGS_AnalysisOnly/Sample_HCM-WCMC-1284-C67-01B-01D-A905-36/analysis/HCM-WCMC-1284-C67-01B-01D-A905-36.final.bam,/gpfs/commons/projects/HCMI/wgs_batch2/ccb651cf-e0d5-4db1-a2ce-3ecbfa5fc3ff/HCM-WCMC-1284-C67-01B-01D-A905-36.WholeGenome.RP-1765.bam
HCM-SANG-1308-C25-10A-01D-A80T-32-aliquot,76e9ed61-bcc8-4001-a546-10d234acf1d7_wgs_gdc_realn.bam,/gpfs/commons/projects/TCGA/gdc-awg/HCMI/WGS/Project_NYGC_15336_B02_SOM_WGS_AnalysisOnly/Sample_HCM-SANG-1308-C25-10A-01D-A80T-32-aliquot/analysis/HCM-SANG-1308-C25-10A-01D-A80T-32-aliquot.final.bam,/gpfs/commons/projects/HCMI/wgs_batch2/25086a67-2d67-4f0b-acf3-fcb1e00f0051/76e9ed61-bcc8-4001-a546-10d234acf1d7_wgs_gdc_realn.bam
HCM-SANG-1334-C18-10A-01D-A80T-32-aliquot,789c5726-73c2-4dad-81ed-4d458ee11697_wgs_gdc_realn.bam,/gpfs/commons/projects/TCGA/gdc-awg/HCMI/WGS/Project_NYGC_15336_B02_SOM_WGS_AnalysisOnly/Sample_HCM-SANG-1334-C18-10A-01D-A80T-32-aliquot/analysis/HCM-SANG-1334-C18-10A-01D-A80T-32-aliquot.final.bam,/gpfs/commons/projects/HCMI/wgs_batch2/be3972dd-2796-4f29-a1a5-6f665ae1d291/789c5726-73c2-4dad-81ed-4d458ee11697_wgs_gdc_realn.bam
HCM-SANG-1309-C25-01A-01D-A80T-32-aliquot,195cdd4e-9d2c-4851-8305-fcc50a2aee5b_wgs_gdc_realn.bam,/gpfs/commons/projects/TCGA/gdc-awg/HCMI/WGS/Project_NYGC_15336_B02_SOM_WGS_AnalysisOnly/Sample_HCM-SANG-1309-C25-01A-01D-A80T-32-aliquot/analysis/HCM-SANG-1309-C25-01A-01D-A80T-32-aliquot.final.bam,/gpfs/commons/projects/HCMI/wgs_batch2/0e07acc8-0a98-42ee-9d7f-9fd84046637f/195cdd4e-9d2c-4851-8305-fcc50a2aee5b_wgs_gdc_realn.bam
HCM-WCMC-0786-C34-01A-20D-A87L-36,HCM-WCMC-0786-C34-01A-20D-A87L-36.WholeGenome.RP-1765.bam,/gpfs/commons/projects/TCGA/gdc-awg/HCMI/WGS/Project_NYGC_15336_B02_SOM_WGS_AnalysisOnly/Sample_HCM-WCMC-0786-C34-01A-20D-A87L-36/analysis/HCM-WCMC-0786-C34-01A-20D-A87L-36.final.bam,/gpfs/commons/projects/HCMI/wgs_batch2/43f47168-e3d9-490f-b58d-586cd531f213/HCM-WCMC-0786-C34-01A-20D-A87L-36.WholeGenome.RP-1765.bam
HCM-BROD-0782-C71-85B-01D-A87L-36,HCM-BROD-0782-C71-85B-01D-A87L-36.WholeGenome.RP-1765.bam,/gpfs/commons/projects/TCGA/gdc-awg/HCMI/WGS/Project_NYGC_15336_B02_SOM_WGS_AnalysisOnly/Sample_HCM-BROD-0782-C71-85B-01D-A87L-36/analysis/HCM-BROD-0782-C71-85B-01D-A87L-36.final.bam,/gpfs/commons/projects/HCMI/wgs_batch2/00a7f05b-38a3-4d69-b259-44a0de808ae1/HCM-BROD-0782-C71-85B-01D-A87L-36.WholeGenome.RP-1765.bam
HCM-BROD-1078-C49-10A-01D-A881-36,HCM-BROD-1078-C49-10A-01D-A881-36.WholeGenome.RP-1765.bam,/gpfs/commons/projects/TCGA/gdc-awg/HCMI/WGS/Project_NYGC_15336_B02_SOM_WGS_AnalysisOnly/Sample_HCM-BROD-1078-C49-10A-01D-A881-36/analysis/HCM-BROD-1078-C49-10A-01D-A881-36.final.bam,/gpfs/commons/projects/HCMI/wgs_batch2/0c7448e8-363b-4f7b-9c8b-99b945500da3/HCM-BROD-1078-C49-10A-01D-A881-36.WholeGenome.RP-1765.bam
HCM-SANG-1326-C15-85A-01D-A80T-32-aliquot,2964873c-89d5-43de-8945-a48bb1a17184_wgs_gdc_realn.bam,/gpfs/commons/projects/TCGA/gdc-awg/HCMI/WGS/Project_NYGC_15336_B02_SOM_WGS_AnalysisOnly/Sample_HCM-SANG-1326-C15-85A-01D-A80T-32-aliquot/analysis/HCM-SANG-1326-C15-85A-01D-A80T-32-aliquot.final.bam,/gpfs/commons/projects/HCMI/wgs_batch2/5a86fba3-312f-4ae3-830e-d101b6aa6932/2964873c-89d5-43de-8945-a48bb1a17184_wgs_gdc_realn.bam
HCM-WCMC-1287-C67-01A-15D-A905-36,HCM-WCMC-1287-C67-01A-15D-A905-36.WholeGenome.RP-1765.bam,/gpfs/commons/projects/TCGA/gdc-awg/HCMI/WGS/Project_NYGC_15336_B02_SOM_WGS_AnalysisOnly/Sample_HCM-WCMC-1287-C67-01A-15D-A905-36/analysis/HCM-WCMC-1287-C67-01A-15D-A905-36.final.bam,/gpfs/commons/projects/HCMI/wgs_batch2/8c44412b-f6b1-410d-a245-209be5ef59be/HCM-WCMC-1287-C67-01A-15D-A905-36.WholeGenome.RP-1765.bam
HCM-SANG-1323-C15-85A-01D-A80T-32-aliquot,3fa291a3-8f3d-484d-8a46-5c98f5020df6_wgs_gdc_realn.bam,/gpfs/commons/projects/TCGA/gdc-awg/HCMI/WGS/Project_NYGC_15336_B02_SOM_WGS_AnalysisOnly/Sample_HCM-SANG-1323-C15-85A-01D-A80T-32-aliquot/analysis/HCM-SANG-1323-C15-85A-01D-A80T-32-aliquot.final.bam,/gpfs/commons/projects/HCMI/wgs_batch2/af3e345a-334f-4a13-8023-3e7eba082924/3fa291a3-8f3d-484d-8a46-5c98f5020df6_wgs_gdc_realn.bam
HCM-BROD-1129-C56-10A-01D-A88G-36,HCM-BROD-1129-C56-10A-01D-A88G-36.WholeGenome.RP-1765.bam,/gpfs/commons/projects/TCGA/gdc-awg/HCMI/WGS/Project_NYGC_15336_B02_SOM_WGS_AnalysisOnly/Sample_HCM-BROD-1129-C56-10A-01D-A88G-36/analysis/HCM-BROD-1129-C56-10A-01D-A88G-36.final.bam,/gpfs/commons/projects/HCMI/wgs_batch2/e1ea8163-dfe4-4018-8653-42d20322768b/HCM-BROD-1129-C56-10A-01D-A88G-36.WholeGenome.RP-1765.bam
HCM-CSHL-0818-C56-10A-01D-A881-36,HCM-CSHL-0818-C56-10A-01D-A881-36.WholeGenome.RP-1765.bam,/gpfs/commons/projects/TCGA/gdc-awg/HCMI/WGS/Project_NYGC_15336_B02_SOM_WGS_AnalysisOnly/Sample_HCM-CSHL-0818-C56-10A-01D-A881-36/analysis/HCM-CSHL-0818-C56-10A-01D-A881-36.final.bam,/gpfs/commons/projects/HCMI/wgs_batch2/8297eb91-5d80-4f45-898b-ffe553ded091/HCM-CSHL-0818-C56-10A-01D-A881-36.WholeGenome.RP-1765.bam
HCM-STAN-0846-C20-85A-01D-A937-36,HCM-STAN-0846-C20-85A-01D-A937-36.WholeGenome.RP-1765.bam,/gpfs/commons/projects/TCGA/gdc-awg/HCMI/WGS/Project_NYGC_15336_B02_SOM_WGS_AnalysisOnly/Sample_HCM-STAN-0846-C20-85A-01D-A937-36/analysis/HCM-STAN-0846-C20-85A-01D-A937-36.final.bam,/gpfs/commons/projects/HCMI/wgs_batch2/67eceb97-a4da-4bf6-8eea-8af498f4146e/HCM-STAN-0846-C20-85A-01D-A937-36.WholeGenome.RP-1765.bam
HCM-CSHL-0586-C32-85D-01D-A881-36,HCM-CSHL-0586-C32-85D-01D-A881-36.WholeGenome.RP-1765.bam,/gpfs/commons/projects/TCGA/gdc-awg/HCMI/WGS/Project_NYGC_15336_B02_SOM_WGS_AnalysisOnly/Sample_HCM-CSHL-0586-C32-85D-01D-A881-36/analysis/HCM-CSHL-0586-C32-85D-01D-A881-36.final.bam,/gpfs/commons/projects/HCMI/wgs_batch2/a508fe8c-9fa7-465a-8959-30ddfe15b1d9/HCM-CSHL-0586-C32-85D-01D-A881-36.WholeGenome.RP-1765.bam
HCM-SANG-1083-C16-85A-01D-A80T-32-aliquot,05a797f8-c880-494d-9b09-1f620d920ab2_wgs_gdc_realn.bam,/gpfs/commons/projects/TCGA/gdc-awg/HCMI/WGS/Project_NYGC_15336_B02_SOM_WGS_AnalysisOnly/Sample_HCM-SANG-1083-C16-85A-01D-A80T-32-aliquot/analysis/HCM-SANG-1083-C16-85A-01D-A80T-32-aliquot.final.bam,/gpfs/commons/projects/HCMI/wgs_batch2/0fb9419f-bb9f-48a1-98f0-90a5bffd4c27/05a797f8-c880-494d-9b09-1f620d920ab2_wgs_gdc_realn.bam
HCM-SANG-1299-C15-10A-01D-A80T-32-aliquot,84ca9617-7b0d-40c7-9e28-5d1cdf24dfeb_wgs_gdc_realn.bam,/gpfs/commons/projects/TCGA/gdc-awg/HCMI/WGS/Project_NYGC_15336_B02_SOM_WGS_AnalysisOnly/Sample_HCM-SANG-1299-C15-10A-01D-A80T-32-aliquot/analysis/HCM-SANG-1299-C15-10A-01D-A80T-32-aliquot.final.bam,/gpfs/commons/projects/HCMI/wgs_batch2/ea79ac1a-8b54-4b36-a7a0-631c57f41a5c/84ca9617-7b0d-40c7-9e28-5d1cdf24dfeb_wgs_gdc_realn.bam
HCM-SANG-1304-C20-85A-01D-A80T-32-aliquot,49ce16e7-cbaa-49c9-8e30-ac0d3bf9f4c8_wgs_gdc_realn.bam,/gpfs/commons/projects/TCGA/gdc-awg/HCMI/WGS/Project_NYGC_15336_B02_SOM_WGS_AnalysisOnly/Sample_HCM-SANG-1304-C20-85A-01D-A80T-32-aliquot/analysis/HCM-SANG-1304-C20-85A-01D-A80T-32-aliquot.final.bam,/gpfs/commons/projects/HCMI/wgs_batch2/be16de4b-653c-4526-ac39-bd5f30efb4a7/49ce16e7-cbaa-49c9-8e30-ac0d3bf9f4c8_wgs_gdc_realn.bam
HCM-SANG-0543-C15-10A-01D-A80T-32-aliquot,29fbda94-dbed-4051-b546-73e0adf9bfcb_wgs_gdc_realn.bam,/gpfs/commons/projects/TCGA/gdc-awg/HCMI/WGS/Project_NYGC_15336_B02_SOM_WGS_AnalysisOnly/Sample_HCM-SANG-0543-C15-10A-01D-A80T-32-aliquot/analysis/HCM-SANG-0543-C15-10A-01D-A80T-32-aliquot.final.bam,/gpfs/commons/projects/HCMI/wgs_batch2/1bf0ab34-1e72-451c-8a7b-c71575f75f24/29fbda94-dbed-4051-b546-73e0adf9bfcb_wgs_gdc_realn.bam
HCM-SANG-0547-C25-08A-01D-A80T-32-aliquot,ce43d87c-7ae8-4bb1-8188-c00c4aa7dded_wgs_gdc_realn.bam,/gpfs/commons/projects/TCGA/gdc-awg/HCMI/WGS/Project_NYGC_15336_B02_SOM_WGS_AnalysisOnly/Sample_HCM-SANG-0547-C25-08A-01D-A80T-32-aliquot/analysis/HCM-SANG-0547-C25-08A-01D-A80T-32-aliquot.final.bam,/gpfs/commons/projects/HCMI/wgs_batch2/b4066158-b73c-40f5-9e11-5cd7a8221052/ce43d87c-7ae8-4bb1-8188-c00c4aa7dded_wgs_gdc_realn.bam
HCM-SANG-1309-C25-85A-01D-A80T-32-aliquot,8301419d-11d9-4d50-8143-f65b882fc701_wgs_gdc_realn.bam,/gpfs/commons/projects/TCGA/gdc-awg/HCMI/WGS/Project_NYGC_15336_B02_SOM_WGS_AnalysisOnly/Sample_HCM-SANG-1309-C25-85A-01D-A80T-32-aliquot/analysis/HCM-SANG-1309-C25-85A-01D-A80T-32-aliquot.final.bam,/gpfs/commons/projects/HCMI/wgs_batch2/34ad182d-dc5f-499e-a457-f7319b080921/8301419d-11d9-4d50-8143-f65b882fc701_wgs_gdc_realn.bam
HCM-BROD-0761-C71-85B-01D-A88G-36,HCM-BROD-0761-C71-85B-01D-A88G-36.WholeGenome.RP-1765.bam,/gpfs/commons/projects/TCGA/gdc-awg/HCMI/WGS/Project_NYGC_15336_B02_SOM_WGS_AnalysisOnly/Sample_HCM-BROD-0761-C71-85B-01D-A88G-36/analysis/HCM-BROD-0761-C71-85B-01D-A88G-36.final.bam,/gpfs/commons/projects/HCMI/wgs_batch2/b344128a-0833-4f02-b6dc-f0536b25b62a/HCM-BROD-0761-C71-85B-01D-A88G-36.WholeGenome.RP-1765.bam
HCM-BROD-0957-C34-85A-01D-A881-36,HCM-BROD-0957-C34-85A-01D-A881-36.WholeGenome.RP-1765.bam,/gpfs/commons/projects/TCGA/gdc-awg/HCMI/WGS/Project_NYGC_15336_B02_SOM_WGS_AnalysisOnly/Sample_HCM-BROD-0957-C34-85A-01D-A881-36/analysis/HCM-BROD-0957-C34-85A-01D-A881-36.final.bam,/gpfs/commons/projects/HCMI/wgs_batch2/0802b473-fbea-4ec2-97b7-af6be1bc341a/HCM-BROD-0957-C34-85A-01D-A881-36.WholeGenome.RP-1765.bam
HCM-BROD-0923-C64-85B-01D-A88G-36,HCM-BROD-0923-C64-85B-01D-A88G-36.WholeGenome.RP-1765.bam,/gpfs/commons/projects/TCGA/gdc-awg/HCMI/WGS/Project_NYGC_15336_B02_SOM_WGS_AnalysisOnly/Sample_HCM-BROD-0923-C64-85B-01D-A88G-36/analysis/HCM-BROD-0923-C64-85B-01D-A88G-36.final.bam,/gpfs/commons/projects/HCMI/wgs_batch2/d5483966-f5f3-4ba2-ae46-26488669529c/HCM-BROD-0923-C64-85B-01D-A88G-36.WholeGenome.RP-1765.bam
HCM-CSHL-0699-C56-10A-01D-A88G-36,HCM-CSHL-0699-C56-10A-01D-A88G-36.WholeGenome.RP-1765.bam,/gpfs/commons/projects/TCGA/gdc-awg/HCMI/WGS/Project_NYGC_15336_B02_SOM_WGS_AnalysisOnly/Sample_HCM-CSHL-0699-C56-10A-01D-A88G-36/analysis/HCM-CSHL-0699-C56-10A-01D-A88G-36.final.bam,/gpfs/commons/projects/HCMI/wgs_batch2/4bf3703f-de00-4d08-bd62-ceae6dd7522b/HCM-CSHL-0699-C56-10A-01D-A88G-36.WholeGenome.RP-1765.bam
HCM-CSHL-1262-C19-11A-01D-A882-36,HCM-CSHL-1262-C19-11A-01D-A882-36.WholeGenome.RP-1765.bam,/gpfs/commons/projects/TCGA/gdc-awg/HCMI/WGS/Project_NYGC_15336_B02_SOM_WGS_AnalysisOnly/Sample_HCM-CSHL-1262-C19-11A-01D-A882-36/analysis/HCM-CSHL-1262-C19-11A-01D-A882-36.final.bam,/gpfs/commons/projects/HCMI/wgs_batch2/5c5d115e-4b8b-4a25-bf1d-2c1299add8e6/HCM-CSHL-1262-C19-11A-01D-A882-36.WholeGenome.RP-1765.bam
HCM-WCMC-0948-C67-85A-01D-A88H-36,HCM-WCMC-0948-C67-85A-01D-A88H-36.WholeGenome.RP-1765.bam,/gpfs/commons/projects/TCGA/gdc-awg/HCMI/WGS/Project_NYGC_15336_B02_SOM_WGS_AnalysisOnly/Sample_HCM-WCMC-0948-C67-85A-01D-A88H-36/analysis/HCM-WCMC-0948-C67-85A-01D-A88H-36.final.bam,/gpfs/commons/projects/HCMI/wgs_batch2/ea4ca399-55b4-4329-b78f-01477aee7eb7/HCM-WCMC-0948-C67-85A-01D-A88H-36.WholeGenome.RP-1765.bam
HCM-BROD-0955-C15-85B-01D-A881-36,HCM-BROD-0955-C15-85B-01D-A881-36.WholeGenome.RP-1765.bam,/gpfs/commons/projects/TCGA/gdc-awg/HCMI/WGS/Project_NYGC_15336_B02_SOM_WGS_AnalysisOnly/Sample_HCM-BROD-0955-C15-85B-01D-A881-36/analysis/HCM-BROD-0955-C15-85B-01D-A881-36.final.bam,/gpfs/commons/projects/HCMI/wgs_batch2/4a87d119-9a8a-4eb7-b76e-c34d95c03241/HCM-BROD-0955-C15-85B-01D-A881-36.WholeGenome.RP-1765.bam
HCM-STAN-0840-C49-85A-01D-A88H-36,HCM-STAN-0840-C49-85A-01D-A88H-36.WholeGenome.RP-1765.bam,/gpfs/commons/projects/TCGA/gdc-awg/HCMI/WGS/Project_NYGC_15336_B02_SOM_WGS_AnalysisOnly/Sample_HCM-STAN-0840-C49-85A-01D-A88H-36/analysis/HCM-STAN-0840-C49-85A-01D-A88H-36.final.bam,/gpfs/commons/projects/HCMI/wgs_batch2/d82c8e2a-06e4-422b-bf49-d2c9abaccae4/HCM-STAN-0840-C49-85A-01D-A88H-36.WholeGenome.RP-1765.bam
HCM-SANG-0541-C20-85A-01D-A80T-32-aliquot,b285d267-4633-4122-a5f1-e195fd563dfa_wgs_gdc_realn.bam,/gpfs/commons/projects/TCGA/gdc-awg/HCMI/WGS/Project_NYGC_15336_B02_SOM_WGS_AnalysisOnly/Sample_HCM-SANG-0541-C20-85A-01D-A80T-32-aliquot/analysis/HCM-SANG-0541-C20-85A-01D-A80T-32-aliquot.final.bam,/gpfs/commons/projects/HCMI/wgs_batch2/8be1a2ff-28ae-4190-8ed4-01e0319a7886/b285d267-4633-4122-a5f1-e195fd563dfa_wgs_gdc_realn.bam
HCM-CSHL-0586-C32-10A-01D-A881-36,HCM-CSHL-0586-C32-10A-01D-A881-36.WholeGenome.RP-1765.bam,/gpfs/commons/projects/TCGA/gdc-awg/HCMI/WGS/Project_NYGC_15336_B02_SOM_WGS_AnalysisOnly/Sample_HCM-CSHL-0586-C32-10A-01D-A881-36/analysis/HCM-CSHL-0586-C32-10A-01D-A881-36.final.bam,/gpfs/commons/projects/HCMI/wgs_batch2/7505dd1e-8217-4a32-8a47-782d4f2e72f4/HCM-CSHL-0586-C32-10A-01D-A881-36.WholeGenome.RP-1765.bam
HCM-STAN-0777-C25-10A-01D-A88H-36,HCM-STAN-0777-C25-10A-01D-A88H-36.WholeGenome.RP-1765.bam,/gpfs/commons/projects/TCGA/gdc-awg/HCMI/WGS/Project_NYGC_15336_B02_SOM_WGS_AnalysisOnly/Sample_HCM-STAN-0777-C25-10A-01D-A88H-36/analysis/HCM-STAN-0777-C25-10A-01D-A88H-36.final.bam,/gpfs/commons/projects/HCMI/wgs_batch2/49020207-ce45-44b9-a653-969c8bb0205f/HCM-STAN-0777-C25-10A-01D-A88H-36.WholeGenome.RP-1765.bam
HCM-WCMC-0747-C50-85A-01D-A87L-36,HCM-WCMC-0747-C50-85A-01D-A87L-36.WholeGenome.RP-1765.bam,/gpfs/commons/projects/TCGA/gdc-awg/HCMI/WGS/Project_NYGC_15336_B02_SOM_WGS_AnalysisOnly/Sample_HCM-WCMC-0747-C50-85A-01D-A87L-36/analysis/HCM-WCMC-0747-C50-85A-01D-A87L-36.final.bam,/gpfs/commons/projects/HCMI/wgs_batch2/17dea8b7-90c1-455a-80e7-5a808f71d80f/HCM-WCMC-0747-C50-85A-01D-A87L-36.WholeGenome.RP-1765.bam
HCM-SANG-1095-C25-85A-01D-A80T-32-aliquot,5df47d7e-2624-4d87-8101-1e07ad02b660_wgs_gdc_realn.bam,/gpfs/commons/projects/TCGA/gdc-awg/HCMI/WGS/Project_NYGC_15336_B02_SOM_WGS_AnalysisOnly/Sample_HCM-SANG-1095-C25-85A-01D-A80T-32-aliquot/analysis/HCM-SANG-1095-C25-85A-01D-A80T-32-aliquot.final.bam,/gpfs/commons/projects/HCMI/wgs_batch2/e1de00ec-bf6d-49de-8c8d-27f889d968c8/5df47d7e-2624-4d87-8101-1e07ad02b660_wgs_gdc_realn.bam
HCM-STAN-0846-C20-01D-04D-A937-36,HCM-STAN-0846-C20-01D-04D-A937-36.WholeGenome.RP-1765.bam,/gpfs/commons/projects/TCGA/gdc-awg/HCMI/WGS/Project_NYGC_15336_B02_SOM_WGS_AnalysisOnly/Sample_HCM-STAN-0846-C20-01D-04D-A937-36/analysis/HCM-STAN-0846-C20-01D-04D-A937-36.final.bam,/gpfs/commons/projects/HCMI/wgs_batch2/c4fd738a-3188-469a-a470-df757f148fc9/HCM-STAN-0846-C20-01D-04D-A937-36.WholeGenome.RP-1765.bam
HCM-BROD-1124-C16-06A-01D-A881-36,HCM-BROD-1124-C16-06A-01D-A881-36.WholeGenome.RP-1765.bam,/gpfs/commons/projects/TCGA/gdc-awg/HCMI/WGS/Project_NYGC_15336_B02_SOM_WGS_AnalysisOnly/Sample_HCM-BROD-1124-C16-06A-01D-A881-36/analysis/HCM-BROD-1124-C16-06A-01D-A881-36.final.bam,/gpfs/commons/projects/HCMI/wgs_batch2/ad76489d-dcb8-42dd-bb76-edf00e314895/HCM-BROD-1124-C16-06A-01D-A881-36.WholeGenome.RP-1765.bam
HCM-SANG-1092-C18-10A-01D-A80T-32-aliquot,89012ec9-bc44-4831-ae4b-644a57622c30_wgs_gdc_realn.bam,/gpfs/commons/projects/TCGA/gdc-awg/HCMI/WGS/Project_NYGC_15336_B02_SOM_WGS_AnalysisOnly/Sample_HCM-SANG-1092-C18-10A-01D-A80T-32-aliquot/analysis/HCM-SANG-1092-C18-10A-01D-A80T-32-aliquot.final.bam,/gpfs/commons/projects/HCMI/wgs_batch2/22fed895-8778-4c42-8557-96b44fcf6b58/89012ec9-bc44-4831-ae4b-644a57622c30_wgs_gdc_realn.bam
HCM-SANG-1330-C19-01A-01D-A80T-32-aliquot,b10b24d3-49bb-4261-9702-bafe412267fb_wgs_gdc_realn.bam,/gpfs/commons/projects/TCGA/gdc-awg/HCMI/WGS/Project_NYGC_15336_B02_SOM_WGS_AnalysisOnly/Sample_HCM-SANG-1330-C19-01A-01D-A80T-32-aliquot/analysis/HCM-SANG-1330-C19-01A-01D-A80T-32-aliquot.final.bam,/gpfs/commons/projects/HCMI/wgs_batch2/c39a5648-b45a-4c5e-bca0-a9750c02a683/b10b24d3-49bb-4261-9702-bafe412267fb_wgs_gdc_realn.bam
HCM-CSHL-0621-C18-11A-01D-A881-36,HCM-CSHL-0621-C18-11A-01D-A881-36.WholeGenome.RP-1765.bam,/gpfs/commons/projects/TCGA/gdc-awg/HCMI/WGS/Project_NYGC_15336_B02_SOM_WGS_AnalysisOnly/Sample_HCM-CSHL-0621-C18-11A-01D-A881-36/analysis/HCM-CSHL-0621-C18-11A-01D-A881-36.final.bam,/gpfs/commons/projects/HCMI/wgs_batch2/fce6e611-c2f9-4d33-ba85-19cd991867d9/HCM-CSHL-0621-C18-11A-01D-A881-36.WholeGenome.RP-1765.bam
HCM-CSHL-1269-C18-06A-11D-A882-36,HCM-CSHL-1269-C18-06A-11D-A882-36.WholeGenome.RP-1765.bam,/gpfs/commons/projects/TCGA/gdc-awg/HCMI/WGS/Project_NYGC_15336_B02_SOM_WGS_AnalysisOnly/Sample_HCM-CSHL-1269-C18-06A-11D-A882-36/analysis/HCM-CSHL-1269-C18-06A-11D-A882-36.final.bam,/gpfs/commons/projects/HCMI/wgs_batch2/39027def-b158-4455-b5be-92973a74fd34/HCM-CSHL-1269-C18-06A-11D-A882-36.WholeGenome.RP-1765.bam
HCM-BROD-0962-C16-85A-01D-A87L-36,HCM-BROD-0962-C16-85A-01D-A87L-36.WholeGenome.RP-1765.bam,/gpfs/commons/projects/TCGA/gdc-awg/HCMI/WGS/Project_NYGC_15336_B02_SOM_WGS_AnalysisOnly/Sample_HCM-BROD-0962-C16-85A-01D-A87L-36/analysis/HCM-BROD-0962-C16-85A-01D-A87L-36.final.bam,/gpfs/commons/projects/HCMI/wgs_batch2/f0afcad1-5bd1-4df7-a031-b6fbc25083f5/HCM-BROD-0962-C16-85A-01D-A87L-36.WholeGenome.RP-1765.bam
HCM-SANG-1337-C18-01A-01D-A80T-32-aliquot,1b26c8e9-124b-423d-8c0d-90c59da9a64b_wgs_gdc_realn.bam,/gpfs/commons/projects/TCGA/gdc-awg/HCMI/WGS/Project_NYGC_15336_B02_SOM_WGS_AnalysisOnly/Sample_HCM-SANG-1337-C18-01A-01D-A80T-32-aliquot/analysis/HCM-SANG-1337-C18-01A-01D-A80T-32-aliquot.final.bam,/gpfs/commons/projects/HCMI/wgs_batch2/d57393f7-08ec-40fb-b53b-43eaf787066b/1b26c8e9-124b-423d-8c0d-90c59da9a64b_wgs_gdc_realn.bam
HCM-SANG-1332-C18-85A-01D-A80T-32-aliquot,20df09d3-9842-45f5-8549-f9726ca66490_wgs_gdc_realn.bam,/gpfs/commons/projects/TCGA/gdc-awg/HCMI/WGS/Project_NYGC_15336_B02_SOM_WGS_AnalysisOnly/Sample_HCM-SANG-1332-C18-85A-01D-A80T-32-aliquot/analysis/HCM-SANG-1332-C18-85A-01D-A80T-32-aliquot.final.bam,/gpfs/commons/projects/HCMI/wgs_batch2/fd128fc0-ec2a-4a3a-9456-942f3ef25262/20df09d3-9842-45f5-8549-f9726ca66490_wgs_gdc_realn.bam
HCM-CSHL-1096-C44-85B-01D-A88H-36,HCM-CSHL-1096-C44-85B-01D-A88H-36.WholeGenome.RP-1765.bam,/gpfs/commons/projects/TCGA/gdc-awg/HCMI/WGS/Project_NYGC_15336_B02_SOM_WGS_AnalysisOnly/Sample_HCM-CSHL-1096-C44-85B-01D-A88H-36/analysis/HCM-CSHL-1096-C44-85B-01D-A88H-36.final.bam,/gpfs/commons/projects/HCMI/wgs_batch2/a9dc02bc-b563-419d-8e0d-0de02f9db556/HCM-CSHL-1096-C44-85B-01D-A88H-36.WholeGenome.RP-1765.bam
HCM-CSHL-0818-C56-85P-01D-A881-36,HCM-CSHL-0818-C56-85P-01D-A881-36.WholeGenome.RP-1765.bam,/gpfs/commons/projects/TCGA/gdc-awg/HCMI/WGS/Project_NYGC_15336_B02_SOM_WGS_AnalysisOnly/Sample_HCM-CSHL-0818-C56-85P-01D-A881-36/analysis/HCM-CSHL-0818-C56-85P-01D-A881-36.final.bam,/gpfs/commons/projects/HCMI/wgs_batch2/03d5d157-34e2-49b5-8b75-3ab86bdad711/HCM-CSHL-0818-C56-85P-01D-A881-36.WholeGenome.RP-1765.bam
HCM-BROD-0597-C64-10A-01D-A85C-36,HCM-BROD-0597-C64-10A-01D-A85C-36.WholeGenome.RP-1765.bam,/gpfs/commons/projects/TCGA/gdc-awg/HCMI/WGS/Project_NYGC_15336_B02_SOM_WGS_AnalysisOnly/Sample_HCM-BROD-0597-C64-10A-01D-A85C-36/analysis/HCM-BROD-0597-C64-10A-01D-A85C-36.final.bam,/gpfs/commons/projects/HCMI/wgs_batch2/67edfb06-b011-4022-87f2-7029a09586a4/HCM-BROD-0597-C64-10A-01D-A85C-36.WholeGenome.RP-1765.bam
HCM-BROD-0922-C71-85A-01D-A88G-36,HCM-BROD-0922-C71-85A-01D-A88G-36.WholeGenome.RP-1765.bam,/gpfs/commons/projects/TCGA/gdc-awg/HCMI/WGS/Project_NYGC_15336_B02_SOM_WGS_AnalysisOnly/Sample_HCM-BROD-0922-C71-85A-01D-A88G-36/analysis/HCM-BROD-0922-C71-85A-01D-A88G-36.final.bam,/gpfs/commons/projects/HCMI/wgs_batch2/aa0fd64b-bf28-4761-a30f-7e29adf1d07c/HCM-BROD-0922-C71-85A-01D-A88G-36.WholeGenome.RP-1765.bam
HCM-WCMC-1281-C67-85A-01D-A937-36,HCM-WCMC-1281-C67-85A-01D-A937-36.WholeGenome.RP-1765.bam,/gpfs/commons/projects/TCGA/gdc-awg/HCMI/WGS/Project_NYGC_15336_B02_SOM_WGS_AnalysisOnly/Sample_HCM-WCMC-1281-C67-85A-01D-A937-36/analysis/HCM-WCMC-1281-C67-85A-01D-A937-36.final.bam,/gpfs/commons/projects/HCMI/wgs_batch2/ddfbc829-79ac-4433-8127-ddda0ef84444/HCM-WCMC-1281-C67-85A-01D-A937-36.WholeGenome.RP-1765.bam
HCM-BROD-0870-C43-85N-01D-A881-36,HCM-BROD-0870-C43-85N-01D-A881-36.WholeGenome.RP-1765.bam,/gpfs/commons/projects/TCGA/gdc-awg/HCMI/WGS/Project_NYGC_15336_B02_SOM_WGS_AnalysisOnly/Sample_HCM-BROD-0870-C43-85N-01D-A881-36/analysis/HCM-BROD-0870-C43-85N-01D-A881-36.final.bam,/gpfs/commons/projects/HCMI/wgs_batch2/15252581-e1f2-45ff-abbb-209233102439/HCM-BROD-0870-C43-85N-01D-A881-36.WholeGenome.RP-1765.bam
HCM-WCMC-0952-C34-10A-01D-A88H-36,HCM-WCMC-0952-C34-10A-01D-A88H-36.WholeGenome.RP-1765.bam,/gpfs/commons/projects/TCGA/gdc-awg/HCMI/WGS/Project_NYGC_15336_B02_SOM_WGS_AnalysisOnly/Sample_HCM-WCMC-0952-C34-10A-01D-A88H-36/analysis/HCM-WCMC-0952-C34-10A-01D-A88H-36.final.bam,/gpfs/commons/projects/HCMI/wgs_batch2/49525841-8e6f-4149-a4ad-64d311c93887/HCM-WCMC-0952-C34-10A-01D-A88H-36.WholeGenome.RP-1765.bam
HCM-WCMC-1292-C67-10A-01D-A905-36,HCM-WCMC-1292-C67-10A-01D-A905-36.WholeGenome.RP-1765.bam,/gpfs/commons/projects/TCGA/gdc-awg/HCMI/WGS/Project_NYGC_15336_B02_SOM_WGS_AnalysisOnly/Sample_HCM-WCMC-1292-C67-10A-01D-A905-36/analysis/HCM-WCMC-1292-C67-10A-01D-A905-36.final.bam,/gpfs/commons/projects/HCMI/wgs_batch2/2d0b5a11-1605-4409-b814-4c97a35f7420/HCM-WCMC-1292-C67-10A-01D-A905-36.WholeGenome.RP-1765.bam
HCM-SANG-0549-C15-85A-01D-A80T-32-aliquot,7c8c1486-3ec2-42f7-92af-a24237fb66a3_wgs_gdc_realn.bam,/gpfs/commons/projects/TCGA/gdc-awg/HCMI/WGS/Project_NYGC_15336_B02_SOM_WGS_AnalysisOnly/Sample_HCM-SANG-0549-C15-85A-01D-A80T-32-aliquot/analysis/HCM-SANG-0549-C15-85A-01D-A80T-32-aliquot.final.bam,/gpfs/commons/projects/HCMI/wgs_batch2/b5c4ac85-8a48-4c20-ae01-c21866799377/7c8c1486-3ec2-42f7-92af-a24237fb66a3_wgs_gdc_realn.bam
HCM-SANG-0525-C18-10A-01D-A80T-32-aliquot,7b1f3e08-278e-4d7a-9ba3-404736348ac4_wgs_gdc_realn.bam,/gpfs/commons/projects/TCGA/gdc-awg/HCMI/WGS/Project_NYGC_15336_B02_SOM_WGS_AnalysisOnly/Sample_HCM-SANG-0525-C18-10A-01D-A80T-32-aliquot/analysis/HCM-SANG-0525-C18-10A-01D-A80T-32-aliquot.final.bam,/gpfs/commons/projects/HCMI/wgs_batch2/a8941419-6cef-4018-862b-d804842988f6/7b1f3e08-278e-4d7a-9ba3-404736348ac4_wgs_gdc_realn.bam
HCM-SANG-1299-C15-85A-01D-A80T-32-aliquot,4a3200b6-3587-481c-931b-20e589b0ce75_wgs_gdc_realn.bam,/gpfs/commons/projects/TCGA/gdc-awg/HCMI/WGS/Project_NYGC_15336_B02_SOM_WGS_AnalysisOnly/Sample_HCM-SANG-1299-C15-85A-01D-A80T-32-aliquot/analysis/HCM-SANG-1299-C15-85A-01D-A80T-32-aliquot.final.bam,/gpfs/commons/projects/HCMI/wgs_batch2/1a89447d-4e62-495a-8d90-0bc898ca1a70/4a3200b6-3587-481c-931b-20e589b0ce75_wgs_gdc_realn.bam
HCM-SANG-0527-C18-85A-01D-A80T-32-aliquot,e37835b0-ab6a-4ae6-8788-0a252ec8abbd_wgs_gdc_realn.bam,/gpfs/commons/projects/TCGA/gdc-awg/HCMI/WGS/Project_NYGC_15336_B02_SOM_WGS_AnalysisOnly/Sample_HCM-SANG-0527-C18-85A-01D-A80T-32-aliquot/analysis/HCM-SANG-0527-C18-85A-01D-A80T-32-aliquot.final.bam,/gpfs/commons/projects/HCMI/wgs_batch2/87c4d379-76d0-482c-8535-6aa088cacdc6/e37835b0-ab6a-4ae6-8788-0a252ec8abbd_wgs_gdc_realn.bam
HCM-SANG-1333-C20-10A-01D-A80T-32-aliquot,18175d4b-0499-4939-8abc-9e760772a002_wgs_gdc_realn.bam,/gpfs/commons/projects/TCGA/gdc-awg/HCMI/WGS/Project_NYGC_15336_B02_SOM_WGS_AnalysisOnly/Sample_HCM-SANG-1333-C20-10A-01D-A80T-32-aliquot/analysis/HCM-SANG-1333-C20-10A-01D-A80T-32-aliquot.final.bam,/gpfs/commons/projects/HCMI/wgs_batch2/3c42edf6-af9b-42a0-9d9c-4b6e98f87012/18175d4b-0499-4939-8abc-9e760772a002_wgs_gdc_realn.bam
HCM-BROD-0710-C43-10A-01D-A881-36,HCM-BROD-0710-C43-10A-01D-A881-36.WholeGenome.RP-1765.bam,/gpfs/commons/projects/TCGA/gdc-awg/HCMI/WGS/Project_NYGC_15336_B02_SOM_WGS_AnalysisOnly/Sample_HCM-BROD-0710-C43-10A-01D-A881-36/analysis/HCM-BROD-0710-C43-10A-01D-A881-36.final.bam,/gpfs/commons/projects/HCMI/wgs_batch2/fe28fa6c-d791-414b-aa94-de6004678cdf/HCM-BROD-0710-C43-10A-01D-A881-36.WholeGenome.RP-1765.bam
HCM-BROD-0955-C15-06A-01D-A881-36,HCM-BROD-0955-C15-06A-01D-A881-36.WholeGenome.RP-1765.bam,/gpfs/commons/projects/TCGA/gdc-awg/HCMI/WGS/Project_NYGC_15336_B02_SOM_WGS_AnalysisOnly/Sample_HCM-BROD-0955-C15-06A-01D-A881-36/analysis/HCM-BROD-0955-C15-06A-01D-A881-36.final.bam,/gpfs/commons/projects/HCMI/wgs_batch2/6c31c77f-15cc-4d14-9e55-c672d21c81e5/HCM-BROD-0955-C15-06A-01D-A881-36.WholeGenome.RP-1765.bam
HCM-SANG-0537-C18-85A-01D-A80T-32-aliquot,27ac5059-6e1b-4be7-b68c-ff551512b43e_wgs_gdc_realn.bam,/gpfs/commons/projects/TCGA/gdc-awg/HCMI/WGS/Project_NYGC_15336_B02_SOM_WGS_AnalysisOnly/Sample_HCM-SANG-0537-C18-85A-01D-A80T-32-aliquot/analysis/HCM-SANG-0537-C18-85A-01D-A80T-32-aliquot.final.bam,/gpfs/commons/projects/HCMI/wgs_batch2/fb14df70-58af-42fe-a3bf-4027f2dcd5d4/27ac5059-6e1b-4be7-b68c-ff551512b43e_wgs_gdc_realn.bam
HCM-SANG-1312-C20-85A-01D-A80T-32-aliquot,1c7bcf1f-eb77-4509-9d4d-cacccfb039c3_wgs_gdc_realn.bam,/gpfs/commons/projects/TCGA/gdc-awg/HCMI/WGS/Project_NYGC_15336_B02_SOM_WGS_AnalysisOnly/Sample_HCM-SANG-1312-C20-85A-01D-A80T-32-aliquot/analysis/HCM-SANG-1312-C20-85A-01D-A80T-32-aliquot.final.bam,/gpfs/commons/projects/HCMI/wgs_batch2/bae30093-8681-4811-a34d-310042afe33e/1c7bcf1f-eb77-4509-9d4d-cacccfb039c3_wgs_gdc_realn.bam
HCM-WCMC-0789-C34-85A-01D-A87L-36,HCM-WCMC-0789-C34-85A-01D-A87L-36.WholeGenome.RP-1765.bam,/gpfs/commons/projects/TCGA/gdc-awg/HCMI/WGS/Project_NYGC_15336_B02_SOM_WGS_AnalysisOnly/Sample_HCM-WCMC-0789-C34-85A-01D-A87L-36/analysis/HCM-WCMC-0789-C34-85A-01D-A87L-36.final.bam,/gpfs/commons/projects/HCMI/wgs_batch2/c09bb348-e642-426a-aed3-64025aeb19a1/HCM-WCMC-0789-C34-85A-01D-A87L-36.WholeGenome.RP-1765.bam
HCM-BROD-0954-C34-01A-11D-A87L-36,HCM-BROD-0954-C34-01A-11D-A87L-36.WholeGenome.RP-1765.bam,/gpfs/commons/projects/TCGA/gdc-awg/HCMI/WGS/Project_NYGC_15336_B02_SOM_WGS_AnalysisOnly/Sample_HCM-BROD-0954-C34-01A-11D-A87L-36/analysis/HCM-BROD-0954-C34-01A-11D-A87L-36.final.bam,/gpfs/commons/projects/HCMI/wgs_batch2/63028446-5c44-40dd-99e2-f239b504b65c/HCM-BROD-0954-C34-01A-11D-A87L-36.WholeGenome.RP-1765.bam
HCM-WCMC-1340-C54-01A-15D-A937-36,HCM-WCMC-1340-C54-01A-15D-A937-36.WholeGenome.RP-1765.bam,/gpfs/commons/projects/TCGA/gdc-awg/HCMI/WGS/Project_NYGC_15336_B02_SOM_WGS_AnalysisOnly/Sample_HCM-WCMC-1340-C54-01A-15D-A937-36/analysis/HCM-WCMC-1340-C54-01A-15D-A937-36.final.bam,/gpfs/commons/projects/HCMI/wgs_batch2/5706a292-9c45-4136-9bc0-39e9638112ee/HCM-WCMC-1340-C54-01A-15D-A937-36.WholeGenome.RP-1765.bam
HCM-BROD-0782-C71-10A-01D-A87L-36,HCM-BROD-0782-C71-10A-01D-A87L-36.WholeGenome.RP-1765.bam,/gpfs/commons/projects/TCGA/gdc-awg/HCMI/WGS/Project_NYGC_15336_B02_SOM_WGS_AnalysisOnly/Sample_HCM-BROD-0782-C71-10A-01D-A87L-36/analysis/HCM-BROD-0782-C71-10A-01D-A87L-36.final.bam,/gpfs/commons/projects/HCMI/wgs_batch2/921b5be7-4ac6-416c-a96a-c42d9255e8c8/HCM-BROD-0782-C71-10A-01D-A87L-36.WholeGenome.RP-1765.bam
HCM-CSHL-0603-C18-85M-01D-A85K-36,HCM-CSHL-0603-C18-85M-01D-A85K-36.WholeGenome.RP-1765.bam,/gpfs/commons/projects/TCGA/gdc-awg/HCMI/WGS/Project_NYGC_15336_B02_SOM_WGS_AnalysisOnly/Sample_HCM-CSHL-0603-C18-85M-01D-A85K-36/analysis/HCM-CSHL-0603-C18-85M-01D-A85K-36.final.bam,/gpfs/commons/projects/HCMI/wgs_batch2/45243f39-4c71-4cc3-8f68-99a60e3c4202/HCM-CSHL-0603-C18-85M-01D-A85K-36.WholeGenome.RP-1765.bam
HCM-SANG-1092-C18-85A-01D-A80T-32-aliquot,117d7d82-1a64-4525-aaa2-4af63f0b2442_wgs_gdc_realn.bam,/gpfs/commons/projects/TCGA/gdc-awg/HCMI/WGS/Project_NYGC_15336_B02_SOM_WGS_AnalysisOnly/Sample_HCM-SANG-1092-C18-85A-01D-A80T-32-aliquot/analysis/HCM-SANG-1092-C18-85A-01D-A80T-32-aliquot.final.bam,/gpfs/commons/projects/HCMI/wgs_batch2/c7672710-53a4-4418-9eec-fe50187d6838/117d7d82-1a64-4525-aaa2-4af63f0b2442_wgs_gdc_realn.bam
HCM-WCMC-0788-C34-10A-01D-A87L-36,HCM-WCMC-0788-C34-10A-01D-A87L-36.WholeGenome.RP-1765.bam,/gpfs/commons/projects/TCGA/gdc-awg/HCMI/WGS/Project_NYGC_15336_B02_SOM_WGS_AnalysisOnly/Sample_HCM-WCMC-0788-C34-10A-01D-A87L-36/analysis/HCM-WCMC-0788-C34-10A-01D-A87L-36.final.bam,/gpfs/commons/projects/HCMI/wgs_batch2/16057cbf-fdd5-4231-be34-5d88064a1367/HCM-WCMC-0788-C34-10A-01D-A87L-36.WholeGenome.RP-1765.bam
HCM-CSHL-0820-C34-10A-01D-A88H-36,HCM-CSHL-0820-C34-10A-01D-A88H-36.WholeGenome.RP-1765.bam,/gpfs/commons/projects/TCGA/gdc-awg/HCMI/WGS/Project_NYGC_15336_B02_SOM_WGS_AnalysisOnly/Sample_HCM-CSHL-0820-C34-10A-01D-A88H-36/analysis/HCM-CSHL-0820-C34-10A-01D-A88H-36.final.bam,/gpfs/commons/projects/HCMI/wgs_batch2/fe285bae-5fd7-4045-b854-8e662d12e2f5/HCM-CSHL-0820-C34-10A-01D-A88H-36.WholeGenome.RP-1765.bam
HCM-CSHL-0806-C54-85A-01D-A881-36,HCM-CSHL-0806-C54-85A-01D-A881-36.WholeGenome.RP-1765.bam,/gpfs/commons/projects/TCGA/gdc-awg/HCMI/WGS/Project_NYGC_15336_B02_SOM_WGS_AnalysisOnly/Sample_HCM-CSHL-0806-C54-85A-01D-A881-36/analysis/HCM-CSHL-0806-C54-85A-01D-A881-36.final.bam,/gpfs/commons/projects/HCMI/wgs_batch2/280c6f26-390e-49f6-be36-beb2d8a86283/HCM-CSHL-0806-C54-85A-01D-A881-36.WholeGenome.RP-1765.bam
HCM-BROD-0873-C43-10A-01D-A881-36,HCM-BROD-0873-C43-10A-01D-A881-36.WholeGenome.RP-1765.bam,/gpfs/commons/projects/TCGA/gdc-awg/HCMI/WGS/Project_NYGC_15336_B02_SOM_WGS_AnalysisOnly/Sample_HCM-BROD-0873-C43-10A-01D-A881-36/analysis/HCM-BROD-0873-C43-10A-01D-A881-36.final.bam,/gpfs/commons/projects/HCMI/wgs_batch2/60b2ff36-c335-451b-a2d9-46664c8962a7/HCM-BROD-0873-C43-10A-01D-A881-36.WholeGenome.RP-1765.bam
HCM-CSHL-0808-C55-85A-01D-A881-36,HCM-CSHL-0808-C55-85A-01D-A881-36.WholeGenome.RP-1765.bam,/gpfs/commons/projects/TCGA/gdc-awg/HCMI/WGS/Project_NYGC_15336_B02_SOM_WGS_AnalysisOnly/Sample_HCM-CSHL-0808-C55-85A-01D-A881-36/analysis/HCM-CSHL-0808-C55-85A-01D-A881-36.final.bam,/gpfs/commons/projects/HCMI/wgs_batch2/9061abe3-a250-4b78-8b8f-7ede828f511c/HCM-CSHL-0808-C55-85A-01D-A881-36.WholeGenome.RP-1765.bam
HCM-SANG-0533-C20-01A-01D-A80T-32-aliquot,7f6f4585-f343-4477-8e3a-5f7165cef6f2_wgs_gdc_realn.bam,/gpfs/commons/projects/TCGA/gdc-awg/HCMI/WGS/Project_NYGC_15336_B02_SOM_WGS_AnalysisOnly/Sample_HCM-SANG-0533-C20-01A-01D-A80T-32-aliquot/analysis/HCM-SANG-0533-C20-01A-01D-A80T-32-aliquot.final.bam,/gpfs/commons/projects/HCMI/wgs_batch2/2caaffde-452d-4605-b81b-6a027689f506/7f6f4585-f343-4477-8e3a-5f7165cef6f2_wgs_gdc_realn.bam
HCM-SANG-1087-C18-85A-01D-A80T-32-aliquot,df45f138-5400-41f2-849d-bc537415ac41_wgs_gdc_realn.bam,/gpfs/commons/projects/TCGA/gdc-awg/HCMI/WGS/Project_NYGC_15336_B02_SOM_WGS_AnalysisOnly/Sample_HCM-SANG-1087-C18-85A-01D-A80T-32-aliquot/analysis/HCM-SANG-1087-C18-85A-01D-A80T-32-aliquot.final.bam,/gpfs/commons/projects/HCMI/wgs_batch2/e6a28217-df33-4a74-add5-97403bbbf7a2/df45f138-5400-41f2-849d-bc537415ac41_wgs_gdc_realn.bam
HCM-BROD-0954-C34-10A-01D-A87L-36,HCM-BROD-0954-C34-10A-01D-A87L-36.WholeGenome.RP-1765.bam,/gpfs/commons/projects/TCGA/gdc-awg/HCMI/WGS/Project_NYGC_15336_B02_SOM_WGS_AnalysisOnly/Sample_HCM-BROD-0954-C34-10A-01D-A87L-36/analysis/HCM-BROD-0954-C34-10A-01D-A87L-36.final.bam,/gpfs/commons/projects/HCMI/wgs_batch2/fcc80bac-084f-4341-99cb-0b363581dbe8/HCM-BROD-0954-C34-10A-01D-A87L-36.WholeGenome.RP-1765.bam
HCM-BROD-0925-C71-85A-01D-A88G-36,HCM-BROD-0925-C71-85A-01D-A88G-36.WholeGenome.RP-1765.bam,/gpfs/commons/projects/TCGA/gdc-awg/HCMI/WGS/Project_NYGC_15336_B02_SOM_WGS_AnalysisOnly/Sample_HCM-BROD-0925-C71-85A-01D-A88G-36/analysis/HCM-BROD-0925-C71-85A-01D-A88G-36.final.bam,/gpfs/commons/projects/HCMI/wgs_batch2/95721ede-b29e-45ae-9d2c-376eedd25249/HCM-BROD-0925-C71-85A-01D-A88G-36.WholeGenome.RP-1765.bam
HCM-SANG-1313-C18-85A-01D-A80T-32-aliquot,6a0363df-9d92-464f-9bab-d30fe8c0e712_wgs_gdc_realn.bam,/gpfs/commons/projects/TCGA/gdc-awg/HCMI/WGS/Project_NYGC_15336_B02_SOM_WGS_AnalysisOnly/Sample_HCM-SANG-1313-C18-85A-01D-A80T-32-aliquot/analysis/HCM-SANG-1313-C18-85A-01D-A80T-32-aliquot.final.bam,/gpfs/commons/projects/HCMI/wgs_batch2/5261857c-6c1a-4146-9790-ed7fa465d5c6/6a0363df-9d92-464f-9bab-d30fe8c0e712_wgs_gdc_realn.bam
HCM-WCMC-1285-C54-85A-01D-A937-36,HCM-WCMC-1285-C54-85A-01D-A937-36.WholeGenome.RP-1765.bam,/gpfs/commons/projects/TCGA/gdc-awg/HCMI/WGS/Project_NYGC_15336_B02_SOM_WGS_AnalysisOnly/Sample_HCM-WCMC-1285-C54-85A-01D-A937-36/analysis/HCM-WCMC-1285-C54-85A-01D-A937-36.final.bam,/gpfs/commons/projects/HCMI/wgs_batch2/59f5f27c-bb43-4ea0-977b-6367b0a25962/HCM-WCMC-1285-C54-85A-01D-A937-36.WholeGenome.RP-1765.bam
HCM-SANG-0542-C18-01A-01D-A80T-32-aliquot,3dfd25f1-95f4-4153-a9c7-ce645e358945_wgs_gdc_realn.bam,/gpfs/commons/projects/TCGA/gdc-awg/HCMI/WGS/Project_NYGC_15336_B02_SOM_WGS_AnalysisOnly/Sample_HCM-SANG-0542-C18-01A-01D-A80T-32-aliquot/analysis/HCM-SANG-0542-C18-01A-01D-A80T-32-aliquot.final.bam,/gpfs/commons/projects/HCMI/wgs_batch2/e3b0511d-6d54-4a87-9422-b5dd750964cf/3dfd25f1-95f4-4153-a9c7-ce645e358945_wgs_gdc_realn.bam
HCM-SANG-0542-C18-85A-01D-A80T-32-aliquot,90647aa8-2887-4f6d-9106-8b21858b8071_wgs_gdc_realn.bam,/gpfs/commons/projects/TCGA/gdc-awg/HCMI/WGS/Project_NYGC_15336_B02_SOM_WGS_AnalysisOnly/Sample_HCM-SANG-0542-C18-85A-01D-A80T-32-aliquot/analysis/HCM-SANG-0542-C18-85A-01D-A80T-32-aliquot.final.bam,/gpfs/commons/projects/HCMI/wgs_batch2/36ab6d12-6171-4c44-9452-4611689af48a/90647aa8-2887-4f6d-9106-8b21858b8071_wgs_gdc_realn.bam
HCM-WCMC-0789-C34-10A-01D-A87L-36,HCM-WCMC-0789-C34-10A-01D-A87L-36.WholeGenome.RP-1765.bam,/gpfs/commons/projects/TCGA/gdc-awg/HCMI/WGS/Project_NYGC_15336_B02_SOM_WGS_AnalysisOnly/Sample_HCM-WCMC-0789-C34-10A-01D-A87L-36/analysis/HCM-WCMC-0789-C34-10A-01D-A87L-36.final.bam,/gpfs/commons/projects/HCMI/wgs_batch2/b681e530-d1aa-4696-b49a-add6b0a26bd5/HCM-WCMC-0789-C34-10A-01D-A87L-36.WholeGenome.RP-1765.bam
HCM-BROD-0579-C16-85M-01D-A79C-36,ef94915a-81db-44a0-97d0-880d1ffb1c5e_wgs_gdc_realn.bam,/gpfs/commons/projects/TCGA/gdc-awg/HCMI/WGS/Project_NYGC_15336_B02_SOM_WGS_AnalysisOnly/Sample_HCM-BROD-0579-C16-85M-01D-A79C-36/analysis/HCM-BROD-0579-C16-85M-01D-A79C-36.final.bam,/gpfs/commons/projects/HCMI/wgs_batch2/1f1b5286-d288-4316-b1fd-e58ca9c91434/ef94915a-81db-44a0-97d0-880d1ffb1c5e_wgs_gdc_realn.bam
HCM-CSHL-1263-C24-10A-01D-A88H-36,HCM-CSHL-1263-C24-10A-01D-A88H-36.WholeGenome.RP-1765.bam,/gpfs/commons/projects/TCGA/gdc-awg/HCMI/WGS/Project_NYGC_15336_B02_SOM_WGS_AnalysisOnly/Sample_HCM-CSHL-1263-C24-10A-01D-A88H-36/analysis/HCM-CSHL-1263-C24-10A-01D-A88H-36.final.bam,/gpfs/commons/projects/HCMI/wgs_batch2/522c0a95-0a66-49a3-9b47-185b824934c5/HCM-CSHL-1263-C24-10A-01D-A88H-36.WholeGenome.RP-1765.bam
HCM-STAN-0777-C25-85A-01D-A88H-36,HCM-STAN-0777-C25-85A-01D-A88H-36.WholeGenome.RP-1765.bam,/gpfs/commons/projects/TCGA/gdc-awg/HCMI/WGS/Project_NYGC_15336_B02_SOM_WGS_AnalysisOnly/Sample_HCM-STAN-0777-C25-85A-01D-A88H-36/analysis/HCM-STAN-0777-C25-85A-01D-A88H-36.final.bam,/gpfs/commons/projects/HCMI/wgs_batch2/75ee608a-ec38-42a1-ab59-eb1874329aaa/HCM-STAN-0777-C25-85A-01D-A88H-36.WholeGenome.RP-1765.bam
HCM-CSHL-0598-C25-10A-01D-A82H-36,HCM-CSHL-0598-C25-10A-01D-A82H-36.WholeGenome.RP-1765.bam,/gpfs/commons/projects/TCGA/gdc-awg/HCMI/WGS/Project_NYGC_15336_B02_SOM_WGS_AnalysisOnly/Sample_HCM-CSHL-0598-C25-10A-01D-A82H-36/analysis/HCM-CSHL-0598-C25-10A-01D-A82H-36.final.bam,/gpfs/commons/projects/HCMI/wgs_batch2/61b1c748-c758-49f0-b556-a4e0487d2ab4/HCM-CSHL-0598-C25-10A-01D-A82H-36.WholeGenome.RP-1765.bam
HCM-SANG-1086-C18-01A-01D-A80T-32-aliquot,320f656b-9690-4443-9481-541bfcd02690_wgs_gdc_realn.bam,/gpfs/commons/projects/TCGA/gdc-awg/HCMI/WGS/Project_NYGC_15336_B02_SOM_WGS_AnalysisOnly/Sample_HCM-SANG-1086-C18-01A-01D-A80T-32-aliquot/analysis/HCM-SANG-1086-C18-01A-01D-A80T-32-aliquot.final.bam,/gpfs/commons/projects/HCMI/wgs_batch2/21b4880d-1628-426c-8178-a620872be17f/320f656b-9690-4443-9481-541bfcd02690_wgs_gdc_realn.bam
HCM-BROD-1124-C16-10A-01D-A881-36,HCM-BROD-1124-C16-10A-01D-A881-36.WholeGenome.RP-1765.bam,/gpfs/commons/projects/TCGA/gdc-awg/HCMI/WGS/Project_NYGC_15336_B02_SOM_WGS_AnalysisOnly/Sample_HCM-BROD-1124-C16-10A-01D-A881-36/analysis/HCM-BROD-1124-C16-10A-01D-A881-36.final.bam,/gpfs/commons/projects/HCMI/wgs_batch2/91a3fced-34a3-44eb-9a43-8fb7cf80bd8c/HCM-BROD-1124-C16-10A-01D-A881-36.WholeGenome.RP-1765.bam
HCM-SANG-1320-C25-01A-01D-A80T-32-aliquot,f864783d-1ac2-47e1-9593-c182763aceed_wgs_gdc_realn.bam,/gpfs/commons/projects/TCGA/gdc-awg/HCMI/WGS/Project_NYGC_15336_B02_SOM_WGS_AnalysisOnly/Sample_HCM-SANG-1320-C25-01A-01D-A80T-32-aliquot/analysis/HCM-SANG-1320-C25-01A-01D-A80T-32-aliquot.final.bam,/gpfs/commons/projects/HCMI/wgs_batch2/4f056086-8673-40c6-ba32-f186df3d169a/f864783d-1ac2-47e1-9593-c182763aceed_wgs_gdc_realn.bam
HCM-SANG-1308-C25-85A-01D-A80T-32-aliquot,019ecd6b-6bd2-4bba-a19e-0b22e7e49bcd_wgs_gdc_realn.bam,/gpfs/commons/projects/TCGA/gdc-awg/HCMI/WGS/Project_NYGC_15336_B02_SOM_WGS_AnalysisOnly/Sample_HCM-SANG-1308-C25-85A-01D-A80T-32-aliquot/analysis/HCM-SANG-1308-C25-85A-01D-A80T-32-aliquot.final.bam,/gpfs/commons/projects/HCMI/wgs_batch2/c789a57b-e169-4a74-82e1-d469c0175361/019ecd6b-6bd2-4bba-a19e-0b22e7e49bcd_wgs_gdc_realn.bam
HCM-WCMC-1294-C18-85A-01D-A905-36,HCM-WCMC-1294-C18-85A-01D-A905-36.WholeGenome.RP-1765.bam,/gpfs/commons/projects/TCGA/gdc-awg/HCMI/WGS/Project_NYGC_15336_B02_SOM_WGS_AnalysisOnly/Sample_HCM-WCMC-1294-C18-85A-01D-A905-36/analysis/HCM-WCMC-1294-C18-85A-01D-A905-36.final.bam,/gpfs/commons/projects/HCMI/wgs_batch2/9fc9a126-dc60-4057-897f-88446c1dd261/HCM-WCMC-1294-C18-85A-01D-A905-36.WholeGenome.RP-1765.bam
HCM-BROD-0794-C16-10A-01D-A881-36,HCM-BROD-0794-C16-10A-01D-A881-36.WholeGenome.RP-1765.bam,/gpfs/commons/projects/TCGA/gdc-awg/HCMI/WGS/Project_NYGC_15336_B02_SOM_WGS_AnalysisOnly/Sample_HCM-BROD-0794-C16-10A-01D-A881-36/analysis/HCM-BROD-0794-C16-10A-01D-A881-36.final.bam,/gpfs/commons/projects/HCMI/wgs_batch2/01e9d187-f81c-4829-97d2-eaa928bec9d8/HCM-BROD-0794-C16-10A-01D-A881-36.WholeGenome.RP-1765.bam
HCM-BROD-0711-C64-85B-01D-A881-36,HCM-BROD-0711-C64-85B-01D-A881-36.WholeGenome.RP-1765.bam,/gpfs/commons/projects/TCGA/gdc-awg/HCMI/WGS/Project_NYGC_15336_B02_SOM_WGS_AnalysisOnly/Sample_HCM-BROD-0711-C64-85B-01D-A881-36/analysis/HCM-BROD-0711-C64-85B-01D-A881-36.final.bam,/gpfs/commons/projects/HCMI/wgs_batch2/f6b79c81-ec91-4301-adad-cbbb3971701c/HCM-BROD-0711-C64-85B-01D-A881-36.WholeGenome.RP-1765.bam
HCM-CSHL-0806-C54-01A-11D-A881-36,HCM-CSHL-0806-C54-01A-11D-A881-36.WholeGenome.RP-1765.bam,/gpfs/commons/projects/TCGA/gdc-awg/HCMI/WGS/Project_NYGC_15336_B02_SOM_WGS_AnalysisOnly/Sample_HCM-CSHL-0806-C54-01A-11D-A881-36/analysis/HCM-CSHL-0806-C54-01A-11D-A881-36.final.bam,/gpfs/commons/projects/HCMI/wgs_batch2/e39cdee0-6969-4387-921f-f19bd49cb96e/HCM-CSHL-0806-C54-01A-11D-A881-36.WholeGenome.RP-1765.bam
HCM-SANG-0778-C25-10A-01D-A80T-32-aliquot,3772e5bc-445b-4594-a62e-8ce9898a61e7_wgs_gdc_realn.bam,/gpfs/commons/projects/TCGA/gdc-awg/HCMI/WGS/Project_NYGC_15336_B02_SOM_WGS_AnalysisOnly/Sample_HCM-SANG-0778-C25-10A-01D-A80T-32-aliquot/analysis/HCM-SANG-0778-C25-10A-01D-A80T-32-aliquot.final.bam,/gpfs/commons/projects/HCMI/wgs_batch2/8d5000bf-2958-4506-a86b-20ce62be42b3/3772e5bc-445b-4594-a62e-8ce9898a61e7_wgs_gdc_realn.bam
HCM-WCMC-0753-C54-01A-01D-A87L-36,HCM-WCMC-0753-C54-01A-01D-A87L-36.WholeGenome.RP-1765.bam,/gpfs/commons/projects/TCGA/gdc-awg/HCMI/WGS/Project_NYGC_15336_B02_SOM_WGS_AnalysisOnly/Sample_HCM-WCMC-0753-C54-01A-01D-A87L-36/analysis/HCM-WCMC-0753-C54-01A-01D-A87L-36.final.bam,/gpfs/commons/projects/HCMI/wgs_batch2/58cc5411-a684-4052-bb66-8d322d836b4e/HCM-WCMC-0753-C54-01A-01D-A87L-36.WholeGenome.RP-1765.bam
HCM-SANG-1316-C18-10A-01D-A80T-32-aliquot,ff02999d-5a02-4be2-9c67-548fa79ab0ac_wgs_gdc_realn.bam,/gpfs/commons/projects/TCGA/gdc-awg/HCMI/WGS/Project_NYGC_15336_B02_SOM_WGS_AnalysisOnly/Sample_HCM-SANG-1316-C18-10A-01D-A80T-32-aliquot/analysis/HCM-SANG-1316-C18-10A-01D-A80T-32-aliquot.final.bam,/gpfs/commons/projects/HCMI/wgs_batch2/25b352a5-0a0a-4c36-846d-ec61af0ae3e9/ff02999d-5a02-4be2-9c67-548fa79ab0ac_wgs_gdc_realn.bam
HCM-SANG-1300-C18-85A-01D-A80T-32-aliquot,594cae1d-6cb6-45d2-9f9e-dabacb9c0c98_wgs_gdc_realn.bam,/gpfs/commons/projects/TCGA/gdc-awg/HCMI/WGS/Project_NYGC_15336_B02_SOM_WGS_AnalysisOnly/Sample_HCM-SANG-1300-C18-85A-01D-A80T-32-aliquot/analysis/HCM-SANG-1300-C18-85A-01D-A80T-32-aliquot.final.bam,/gpfs/commons/projects/HCMI/wgs_batch2/bc473b94-8573-4024-a191-1ee371526922/594cae1d-6cb6-45d2-9f9e-dabacb9c0c98_wgs_gdc_realn.bam
HCM-CSHL-0467-C56-10A-01D-A881-36,HCM-CSHL-0467-C56-10A-01D-A881-36.WholeGenome.RP-1765.bam,/gpfs/commons/projects/TCGA/gdc-awg/HCMI/WGS/Project_NYGC_15336_B02_SOM_WGS_AnalysisOnly/Sample_HCM-CSHL-0467-C56-10A-01D-A881-36/analysis/HCM-CSHL-0467-C56-10A-01D-A881-36.final.bam,/gpfs/commons/projects/HCMI/wgs_batch2/d465823d-d437-408b-870a-a2ed5932bb43/HCM-CSHL-0467-C56-10A-01D-A881-36.WholeGenome.RP-1765.bam
HCM-SANG-1338-C20-85A-01D-A80T-32-aliquot,6185f121-000f-42c5-a985-e7c54e40bcce_wgs_gdc_realn.bam,/gpfs/commons/projects/TCGA/gdc-awg/HCMI/WGS/Project_NYGC_15336_B02_SOM_WGS_AnalysisOnly/Sample_HCM-SANG-1338-C20-85A-01D-A80T-32-aliquot/analysis/HCM-SANG-1338-C20-85A-01D-A80T-32-aliquot.final.bam,/gpfs/commons/projects/HCMI/wgs_batch2/3192732b-ffda-4e87-aeb5-0f6346593d65/6185f121-000f-42c5-a985-e7c54e40bcce_wgs_gdc_realn.bam
HCM-SANG-1314-C18-85A-01D-A80T-32-aliquot,a643bcb5-9c27-4e0c-9148-20cbc618727f_wgs_gdc_realn.bam,/gpfs/commons/projects/TCGA/gdc-awg/HCMI/WGS/Project_NYGC_15336_B02_SOM_WGS_AnalysisOnly/Sample_HCM-SANG-1314-C18-85A-01D-A80T-32-aliquot/analysis/HCM-SANG-1314-C18-85A-01D-A80T-32-aliquot.final.bam,/gpfs/commons/projects/HCMI/wgs_batch2/2eb1c796-7dcb-458a-acc2-f583fd48eb18/a643bcb5-9c27-4e0c-9148-20cbc618727f_wgs_gdc_realn.bam
HCM-CSHL-1270-C18-85N-01D-A905-36,HCM-CSHL-1270-C18-85N-01D-A905-36.WholeGenome.RP-1765.bam,/gpfs/commons/projects/TCGA/gdc-awg/HCMI/WGS/Project_NYGC_15336_B02_SOM_WGS_AnalysisOnly/Sample_HCM-CSHL-1270-C18-85N-01D-A905-36/analysis/HCM-CSHL-1270-C18-85N-01D-A905-36.final.bam,/gpfs/commons/projects/HCMI/wgs_batch2/e7c319c2-abff-4769-93a7-64b6da4ab243/HCM-CSHL-1270-C18-85N-01D-A905-36.WholeGenome.RP-1765.bam
HCM-WCMC-1284-C67-85A-01D-A905-36,HCM-WCMC-1284-C67-85A-01D-A905-36.WholeGenome.RP-1765.bam,/gpfs/commons/projects/TCGA/gdc-awg/HCMI/WGS/Project_NYGC_15336_B02_SOM_WGS_AnalysisOnly/Sample_HCM-WCMC-1284-C67-85A-01D-A905-36/analysis/HCM-WCMC-1284-C67-85A-01D-A905-36.final.bam,/gpfs/commons/projects/HCMI/wgs_batch2/eef83af0-b998-4b04-a68c-ab976eeda25d/HCM-WCMC-1284-C67-85A-01D-A905-36.WholeGenome.RP-1765.bam
HCM-WCMC-0747-C50-05A-02D-A88H-36,HCM-WCMC-0747-C50-05A-02D-A88H-36.WholeGenome.RP-1765.bam,/gpfs/commons/projects/TCGA/gdc-awg/HCMI/WGS/Project_NYGC_15336_B02_SOM_WGS_AnalysisOnly/Sample_HCM-WCMC-0747-C50-05A-02D-A88H-36/analysis/HCM-WCMC-0747-C50-05A-02D-A88H-36.final.bam,/gpfs/commons/projects/HCMI/wgs_batch2/7a4f8936-f32c-4d95-b974-a700f8afc7b5/HCM-WCMC-0747-C50-05A-02D-A88H-36.WholeGenome.RP-1765.bam
HCM-SANG-1305-C15-08A-01D-A80T-32-aliquot,d5f81a21-aac4-4878-bff9-269421472bfa_wgs_gdc_realn.bam,/gpfs/commons/projects/TCGA/gdc-awg/HCMI/WGS/Project_NYGC_15336_B02_SOM_WGS_AnalysisOnly/Sample_HCM-SANG-1305-C15-08A-01D-A80T-32-aliquot/analysis/HCM-SANG-1305-C15-08A-01D-A80T-32-aliquot.final.bam,/gpfs/commons/projects/HCMI/wgs_batch2/1e78fc85-678e-46cc-bbab-2b4f7817546c/d5f81a21-aac4-4878-bff9-269421472bfa_wgs_gdc_realn.bam
HCM-SANG-0547-C25-10A-01D-A80T-32-aliquot,48fbe505-5f22-44a7-98df-c61eeb3c1d31_wgs_gdc_realn.bam,/gpfs/commons/projects/TCGA/gdc-awg/HCMI/WGS/Project_NYGC_15336_B02_SOM_WGS_AnalysisOnly/Sample_HCM-SANG-0547-C25-10A-01D-A80T-32-aliquot/analysis/HCM-SANG-0547-C25-10A-01D-A80T-32-aliquot.final.bam,/gpfs/commons/projects/HCMI/wgs_batch2/aca47788-d9fa-4915-99ed-2db847986713/48fbe505-5f22-44a7-98df-c61eeb3c1d31_wgs_gdc_realn.bam
HCM-CSHL-0857-C19-11A-01D-A881-36,HCM-CSHL-0857-C19-11A-01D-A881-36.WholeGenome.RP-1765.bam,/gpfs/commons/projects/TCGA/gdc-awg/HCMI/WGS/Project_NYGC_15336_B02_SOM_WGS_AnalysisOnly/Sample_HCM-CSHL-0857-C19-11A-01D-A881-36/analysis/HCM-CSHL-0857-C19-11A-01D-A881-36.final.bam,/gpfs/commons/projects/HCMI/wgs_batch2/815e76af-a81f-45cc-996a-92f3ebbdb32d/HCM-CSHL-0857-C19-11A-01D-A881-36.WholeGenome.RP-1765.bam
HCM-SANG-0518-C18-10A-01D-A80T-32-aliquot,48ea9002-a0c3-449d-b352-58ea8137ed86_wgs_gdc_realn.bam,/gpfs/commons/projects/TCGA/gdc-awg/HCMI/WGS/Project_NYGC_15336_B02_SOM_WGS_AnalysisOnly/Sample_HCM-SANG-0518-C18-10A-01D-A80T-32-aliquot/analysis/HCM-SANG-0518-C18-10A-01D-A80T-32-aliquot.final.bam,/gpfs/commons/projects/HCMI/wgs_batch2/0c277ec2-d77b-48c3-a3e2-a22e10e9f5ac/48ea9002-a0c3-449d-b352-58ea8137ed86_wgs_gdc_realn.bam
HCM-SANG-1084-C15-10A-01D-A80T-32-aliquot,dcbca98d-91ad-44b7-a055-fec937ce55f9_wgs_gdc_realn.bam,/gpfs/commons/projects/TCGA/gdc-awg/HCMI/WGS/Project_NYGC_15336_B02_SOM_WGS_AnalysisOnly/Sample_HCM-SANG-1084-C15-10A-01D-A80T-32-aliquot/analysis/HCM-SANG-1084-C15-10A-01D-A80T-32-aliquot.final.bam,/gpfs/commons/projects/HCMI/wgs_batch2/21c3df53-0ffb-46d9-b752-e06e3c5f2ba3/dcbca98d-91ad-44b7-a055-fec937ce55f9_wgs_gdc_realn.bam
HCM-SANG-0546-C15-85A-01D-A80T-32-aliquot,f1e84844-2ae9-4784-96af-f1a46e9cdf40_wgs_gdc_realn.bam,/gpfs/commons/projects/TCGA/gdc-awg/HCMI/WGS/Project_NYGC_15336_B02_SOM_WGS_AnalysisOnly/Sample_HCM-SANG-0546-C15-85A-01D-A80T-32-aliquot/analysis/HCM-SANG-0546-C15-85A-01D-A80T-32-aliquot.final.bam,/gpfs/commons/projects/HCMI/wgs_batch2/dfaa5cab-3863-487b-ad67-568eb1194f22/f1e84844-2ae9-4784-96af-f1a46e9cdf40_wgs_gdc_realn.bam
HCM-CSHL-0625-C18-10A-01D-A85K-36,HCM-CSHL-0625-C18-10A-01D-A85K-36.WholeGenome.RP-1765.bam,/gpfs/commons/projects/TCGA/gdc-awg/HCMI/WGS/Project_NYGC_15336_B02_SOM_WGS_AnalysisOnly/Sample_HCM-CSHL-0625-C18-10A-01D-A85K-36/analysis/HCM-CSHL-0625-C18-10A-01D-A85K-36.final.bam,/gpfs/commons/projects/HCMI/wgs_batch2/bde7e973-7a61-4255-8fcc-bc00fa83fbff/HCM-CSHL-0625-C18-10A-01D-A85K-36.WholeGenome.RP-1765.bam
HCM-SANG-1299-C15-08A-01D-A80T-32-aliquot,5fe3685e-cfd8-459f-8bf1-262e96b4861d_wgs_gdc_realn.bam,/gpfs/commons/projects/TCGA/gdc-awg/HCMI/WGS/Project_NYGC_15336_B02_SOM_WGS_AnalysisOnly/Sample_HCM-SANG-1299-C15-08A-01D-A80T-32-aliquot/analysis/HCM-SANG-1299-C15-08A-01D-A80T-32-aliquot.final.bam,/gpfs/commons/projects/HCMI/wgs_batch2/606c9aa4-8f58-4ee7-bffc-8a86b8582052/5fe3685e-cfd8-459f-8bf1-262e96b4861d_wgs_gdc_realn.bam
HCM-SANG-1311-C18-01A-01D-A80T-32-aliquot,26e2d5eb-2176-4d88-b36d-ccf98a632c16_wgs_gdc_realn.bam,/gpfs/commons/projects/TCGA/gdc-awg/HCMI/WGS/Project_NYGC_15336_B02_SOM_WGS_AnalysisOnly/Sample_HCM-SANG-1311-C18-01A-01D-A80T-32-aliquot/analysis/HCM-SANG-1311-C18-01A-01D-A80T-32-aliquot.final.bam,/gpfs/commons/projects/HCMI/wgs_batch2/1d8fae20-d423-4673-b91e-c471b20941ca/26e2d5eb-2176-4d88-b36d-ccf98a632c16_wgs_gdc_realn.bam
HCM-STAN-0841-C18-85A-01D-A882-36,HCM-STAN-0841-C18-85A-01D-A882-36.WholeGenome.RP-1765.bam,/gpfs/commons/projects/TCGA/gdc-awg/HCMI/WGS/Project_NYGC_15336_B02_SOM_WGS_AnalysisOnly/Sample_HCM-STAN-0841-C18-85A-01D-A882-36/analysis/HCM-STAN-0841-C18-85A-01D-A882-36.final.bam,/gpfs/commons/projects/HCMI/wgs_batch2/805db0dd-5a6b-4b15-ba22-88cd08def921/HCM-STAN-0841-C18-85A-01D-A882-36.WholeGenome.RP-1765.bam
HCM-STAN-1111-C19-85B-01D-A937-36,HCM-STAN-1111-C19-85B-01D-A937-36.WholeGenome.RP-1765.bam,/gpfs/commons/projects/TCGA/gdc-awg/HCMI/WGS/Project_NYGC_15336_B02_SOM_WGS_AnalysisOnly/Sample_HCM-STAN-1111-C19-85B-01D-A937-36/analysis/HCM-STAN-1111-C19-85B-01D-A937-36.final.bam,/gpfs/commons/projects/HCMI/wgs_batch2/821a03f3-dd7d-4a56-b4bc-9a243b313e0a/HCM-STAN-1111-C19-85B-01D-A937-36.WholeGenome.RP-1765.bam
HCM-CSHL-0812-C54-11A-01D-A88H-36,HCM-CSHL-0812-C54-11A-01D-A88H-36.WholeGenome.RP-1765.bam,/gpfs/commons/projects/TCGA/gdc-awg/HCMI/WGS/Project_NYGC_15336_B02_SOM_WGS_AnalysisOnly/Sample_HCM-CSHL-0812-C54-11A-01D-A88H-36/analysis/HCM-CSHL-0812-C54-11A-01D-A88H-36.final.bam,/gpfs/commons/projects/HCMI/wgs_batch2/dbd0a1dd-dcd4-4eed-a865-1149986e2eb9/HCM-CSHL-0812-C54-11A-01D-A88H-36.WholeGenome.RP-1765.bam
HCM-BROD-0960-C16-85A-01D-A87L-36,HCM-BROD-0960-C16-85A-01D-A87L-36.WholeGenome.RP-1765.bam,/gpfs/commons/projects/TCGA/gdc-awg/HCMI/WGS/Project_NYGC_15336_B02_SOM_WGS_AnalysisOnly/Sample_HCM-BROD-0960-C16-85A-01D-A87L-36/analysis/HCM-BROD-0960-C16-85A-01D-A87L-36.final.bam,/gpfs/commons/projects/HCMI/wgs_batch2/7b5e4bea-b1f1-45d1-a1ad-88ffa1af202c/HCM-BROD-0960-C16-85A-01D-A87L-36.WholeGenome.RP-1765.bam
HCM-SANG-1083-C16-08A-01D-A80T-32-aliquot,c8b00fda-1aa4-4451-9394-0962c19cac41_wgs_gdc_realn.bam,/gpfs/commons/projects/TCGA/gdc-awg/HCMI/WGS/Project_NYGC_15336_B02_SOM_WGS_AnalysisOnly/Sample_HCM-SANG-1083-C16-08A-01D-A80T-32-aliquot/analysis/HCM-SANG-1083-C16-08A-01D-A80T-32-aliquot.final.bam,/gpfs/commons/projects/HCMI/wgs_batch2/25013c4e-3a52-476b-a79c-4fe3bd46d989/c8b00fda-1aa4-4451-9394-0962c19cac41_wgs_gdc_realn.bam
HCM-BROD-0874-C43-10A-01D-A85K-36,HCM-BROD-0874-C43-10A-01D-A85K-36.WholeGenome.RP-1765.bam,/gpfs/commons/projects/TCGA/gdc-awg/HCMI/WGS/Project_NYGC_15336_B02_SOM_WGS_AnalysisOnly/Sample_HCM-BROD-0874-C43-10A-01D-A85K-36/analysis/HCM-BROD-0874-C43-10A-01D-A85K-36.final.bam,/gpfs/commons/projects/HCMI/wgs_batch2/e83ba60b-affa-4954-9024-18c4a8c4f4f9/HCM-BROD-0874-C43-10A-01D-A85K-36.WholeGenome.RP-1765.bam
HCM-SANG-1314-C18-10A-01D-A80T-32-aliquot,0b9ce164-b7da-4443-ad33-0b34caf7ba7a_wgs_gdc_realn.bam,/gpfs/commons/projects/TCGA/gdc-awg/HCMI/WGS/Project_NYGC_15336_B02_SOM_WGS_AnalysisOnly/Sample_HCM-SANG-1314-C18-10A-01D-A80T-32-aliquot/analysis/HCM-SANG-1314-C18-10A-01D-A80T-32-aliquot.final.bam,/gpfs/commons/projects/HCMI/wgs_batch2/c8a1fe9f-d495-4aa7-8421-cabf2ee44ccb/0b9ce164-b7da-4443-ad33-0b34caf7ba7a_wgs_gdc_realn.bam
HCM-SANG-1332-C18-08A-01D-A80T-32-aliquot,5d85600c-3ea1-4ceb-b422-5ede5efeea15_wgs_gdc_realn.bam,/gpfs/commons/projects/TCGA/gdc-awg/HCMI/WGS/Project_NYGC_15336_B02_SOM_WGS_AnalysisOnly/Sample_HCM-SANG-1332-C18-08A-01D-A80T-32-aliquot/analysis/HCM-SANG-1332-C18-08A-01D-A80T-32-aliquot.final.bam,/gpfs/commons/projects/HCMI/wgs_batch2/74a0868b-5177-4c3e-ad65-0cc466c117b9/5d85600c-3ea1-4ceb-b422-5ede5efeea15_wgs_gdc_realn.bam
HCM-BROD-0040-C74-11A-01D-A88G-36,HCM-BROD-0040-C74-11A-01D-A88G-36.WholeGenome.RP-1765.bam,/gpfs/commons/projects/TCGA/gdc-awg/HCMI/WGS/Project_NYGC_15336_B02_SOM_WGS_AnalysisOnly/Sample_HCM-BROD-0040-C74-11A-01D-A88G-36/analysis/HCM-BROD-0040-C74-11A-01D-A88G-36.final.bam,/gpfs/commons/projects/HCMI/wgs_batch2/ff805d89-47f5-4190-a387-f7bef31a5b40/HCM-BROD-0040-C74-11A-01D-A88G-36.WholeGenome.RP-1765.bam
HCM-BROD-0869-C43-06A-21D-A881-36,HCM-BROD-0869-C43-06A-21D-A881-36.WholeGenome.RP-1765.bam,/gpfs/commons/projects/TCGA/gdc-awg/HCMI/WGS/Project_NYGC_15336_B02_SOM_WGS_AnalysisOnly/Sample_HCM-BROD-0869-C43-06A-21D-A881-36/analysis/HCM-BROD-0869-C43-06A-21D-A881-36.final.bam,/gpfs/commons/projects/HCMI/wgs_batch2/857f1b6b-7032-4741-b2dc-a4e0d0f9c534/HCM-BROD-0869-C43-06A-21D-A881-36.WholeGenome.RP-1765.bam
HCM-SANG-1082-C15-85A-01D-A80T-32-aliquot,12bf0a9c-1aa5-446d-a221-c36d036769e5_wgs_gdc_realn.bam,/gpfs/commons/projects/TCGA/gdc-awg/HCMI/WGS/Project_NYGC_15336_B02_SOM_WGS_AnalysisOnly/Sample_HCM-SANG-1082-C15-85A-01D-A80T-32-aliquot/analysis/HCM-SANG-1082-C15-85A-01D-A80T-32-aliquot.final.bam,/gpfs/commons/projects/HCMI/wgs_batch2/1d7d8110-ab43-44b5-803d-66dd80b69df1/12bf0a9c-1aa5-446d-a221-c36d036769e5_wgs_gdc_realn.bam
HCM-STAN-1113-C18-01A-11D-A937-36,HCM-STAN-1113-C18-01A-11D-A937-36.WholeGenome.RP-1765.bam,/gpfs/commons/projects/TCGA/gdc-awg/HCMI/WGS/Project_NYGC_15336_B02_SOM_WGS_AnalysisOnly/Sample_HCM-STAN-1113-C18-01A-11D-A937-36/analysis/HCM-STAN-1113-C18-01A-11D-A937-36.final.bam,/gpfs/commons/projects/HCMI/wgs_batch2/9b95870b-f8c7-4b75-8d0c-e4e34542f78d/HCM-STAN-1113-C18-01A-11D-A937-36.WholeGenome.RP-1765.bam
HCM-CSHL-0812-C54-85B-01D-A88H-36,HCM-CSHL-0812-C54-85B-01D-A88H-36.WholeGenome.RP-1765.bam,/gpfs/commons/projects/TCGA/gdc-awg/HCMI/WGS/Project_NYGC_15336_B02_SOM_WGS_AnalysisOnly/Sample_HCM-CSHL-0812-C54-85B-01D-A88H-36/analysis/HCM-CSHL-0812-C54-85B-01D-A88H-36.final.bam,/gpfs/commons/projects/HCMI/wgs_batch2/9ae3671c-5a70-4053-b3e1-4a5dd96db834/HCM-CSHL-0812-C54-85B-01D-A88H-36.WholeGenome.RP-1765.bam
HCM-CSHL-0806-C54-11A-01D-A881-36,HCM-CSHL-0806-C54-11A-01D-A881-36.WholeGenome.RP-1765.bam,/gpfs/commons/projects/TCGA/gdc-awg/HCMI/WGS/Project_NYGC_15336_B02_SOM_WGS_AnalysisOnly/Sample_HCM-CSHL-0806-C54-11A-01D-A881-36/analysis/HCM-CSHL-0806-C54-11A-01D-A881-36.final.bam,/gpfs/commons/projects/HCMI/wgs_batch2/87d68d3f-5511-4627-bf85-e1ce33f0a322/HCM-CSHL-0806-C54-11A-01D-A881-36.WholeGenome.RP-1765.bam
HCM-BROD-0869-C43-85A-01D-A881-36,HCM-BROD-0869-C43-85A-01D-A881-36.WholeGenome.RP-1765.bam,/gpfs/commons/projects/TCGA/gdc-awg/HCMI/WGS/Project_NYGC_15336_B02_SOM_WGS_AnalysisOnly/Sample_HCM-BROD-0869-C43-85A-01D-A881-36/analysis/HCM-BROD-0869-C43-85A-01D-A881-36.final.bam,/gpfs/commons/projects/HCMI/wgs_batch2/26fdbadb-b7fe-424e-88a3-ac2a3de9b46f/HCM-BROD-0869-C43-85A-01D-A881-36.WholeGenome.RP-1765.bam
HCM-SANG-1322-C15-10A-01D-A80T-32-aliquot,9582d868-547e-4c37-863d-21cff2ad3afa_wgs_gdc_realn.bam,/gpfs/commons/projects/TCGA/gdc-awg/HCMI/WGS/Project_NYGC_15336_B02_SOM_WGS_AnalysisOnly/Sample_HCM-SANG-1322-C15-10A-01D-A80T-32-aliquot/analysis/HCM-SANG-1322-C15-10A-01D-A80T-32-aliquot.final.bam,/gpfs/commons/projects/HCMI/wgs_batch2/47eb86e6-d885-4e6c-bf01-1ef0f7c53951/9582d868-547e-4c37-863d-21cff2ad3afa_wgs_gdc_realn.bam
HCM-SANG-1325-C15-10A-01D-A80T-32-aliquot,1d8d9c29-cd69-4e01-9f2c-7eeda152397f_wgs_gdc_realn.bam,/gpfs/commons/projects/TCGA/gdc-awg/HCMI/WGS/Project_NYGC_15336_B02_SOM_WGS_AnalysisOnly/Sample_HCM-SANG-1325-C15-10A-01D-A80T-32-aliquot/analysis/HCM-SANG-1325-C15-10A-01D-A80T-32-aliquot.final.bam,/gpfs/commons/projects/HCMI/wgs_batch2/b9e5f4c8-7929-4ffa-990b-579e3d5aa502/1d8d9c29-cd69-4e01-9f2c-7eeda152397f_wgs_gdc_realn.bam
HCM-SANG-1336-C15-01A-01D-A80T-32-aliquot,70079de6-3ce3-48ec-ab82-f2bbf41845df_wgs_gdc_realn.bam,/gpfs/commons/projects/TCGA/gdc-awg/HCMI/WGS/Project_NYGC_15336_B02_SOM_WGS_AnalysisOnly/Sample_HCM-SANG-1336-C15-01A-01D-A80T-32-aliquot/analysis/HCM-SANG-1336-C15-01A-01D-A80T-32-aliquot.final.bam,/gpfs/commons/projects/HCMI/wgs_batch2/fb720a3b-d609-4476-aab2-bab283705109/70079de6-3ce3-48ec-ab82-f2bbf41845df_wgs_gdc_realn.bam
HCM-SANG-1089-C18-85A-01D-A80T-32-aliquot,b33b1116-5e2f-42df-b6bf-158590f0848f_wgs_gdc_realn.bam,/gpfs/commons/projects/TCGA/gdc-awg/HCMI/WGS/Project_NYGC_15336_B02_SOM_WGS_AnalysisOnly/Sample_HCM-SANG-1089-C18-85A-01D-A80T-32-aliquot/analysis/HCM-SANG-1089-C18-85A-01D-A80T-32-aliquot.final.bam,/gpfs/commons/projects/HCMI/wgs_batch2/7a000e4f-7e09-4b05-ac8f-11badd3b991a/b33b1116-5e2f-42df-b6bf-158590f0848f_wgs_gdc_realn.bam
HCM-SANG-0517-C20-01A-01D-A80T-32-aliquot,0114e6cc-5e9a-44ae-ac50-a3741e350e94_wgs_gdc_realn.bam,/gpfs/commons/projects/TCGA/gdc-awg/HCMI/WGS/Project_NYGC_15336_B02_SOM_WGS_AnalysisOnly/Sample_HCM-SANG-0517-C20-01A-01D-A80T-32-aliquot/analysis/HCM-SANG-0517-C20-01A-01D-A80T-32-aliquot.final.bam,/gpfs/commons/projects/HCMI/wgs_batch2/77d1243f-e56e-463f-8dc2-52991790a5ce/0114e6cc-5e9a-44ae-ac50-a3741e350e94_wgs_gdc_realn.bam
HCM-SANG-0532-C20-10A-01D-A80T-32-aliquot,1af76fdc-598c-4440-a81c-c49f71215848_wgs_gdc_realn.bam,/gpfs/commons/projects/TCGA/gdc-awg/HCMI/WGS/Project_NYGC_15336_B02_SOM_WGS_AnalysisOnly/Sample_HCM-SANG-0532-C20-10A-01D-A80T-32-aliquot/analysis/HCM-SANG-0532-C20-10A-01D-A80T-32-aliquot.final.bam,/gpfs/commons/projects/HCMI/wgs_batch2/a22fdc6e-11c0-42fc-b45c-c0617666b7e6/1af76fdc-598c-4440-a81c-c49f71215848_wgs_gdc_realn.bam
HCM-SANG-0522-C18-85A-01D-A80T-32-aliquot,2fa55424-3119-41f3-96c5-4f7921e02e92_wgs_gdc_realn.bam,/gpfs/commons/projects/TCGA/gdc-awg/HCMI/WGS/Project_NYGC_15336_B02_SOM_WGS_AnalysisOnly/Sample_HCM-SANG-0522-C18-85A-01D-A80T-32-aliquot/analysis/HCM-SANG-0522-C18-85A-01D-A80T-32-aliquot.final.bam,/gpfs/commons/projects/HCMI/wgs_batch2/d082f648-e5b5-4a07-b428-200f2340bf34/2fa55424-3119-41f3-96c5-4f7921e02e92_wgs_gdc_realn.bam
HCM-SANG-0544-C15-85A-01D-A80T-32-aliquot,93931753-258f-42f9-9b8d-45cc656b05b0_wgs_gdc_realn.bam,/gpfs/commons/projects/TCGA/gdc-awg/HCMI/WGS/Project_NYGC_15336_B02_SOM_WGS_AnalysisOnly/Sample_HCM-SANG-0544-C15-85A-01D-A80T-32-aliquot/analysis/HCM-SANG-0544-C15-85A-01D-A80T-32-aliquot.final.bam,/gpfs/commons/projects/HCMI/wgs_batch2/e9f29892-4d18-460a-a8b3-9c912b344338/93931753-258f-42f9-9b8d-45cc656b05b0_wgs_gdc_realn.bam
HCM-SANG-1094-C16-10A-01D-A80T-32-aliquot,a6c36090-659e-45f7-a909-e653fd52ce89_wgs_gdc_realn.bam,/gpfs/commons/projects/TCGA/gdc-awg/HCMI/WGS/Project_NYGC_15336_B02_SOM_WGS_AnalysisOnly/Sample_HCM-SANG-1094-C16-10A-01D-A80T-32-aliquot/analysis/HCM-SANG-1094-C16-10A-01D-A80T-32-aliquot.final.bam,/gpfs/commons/projects/HCMI/wgs_batch2/180d87fc-66a4-41d1-a4fc-ead5742700bf/a6c36090-659e-45f7-a909-e653fd52ce89_wgs_gdc_realn.bam
HCM-BROD-0353-C64-11A-01D-A88G-36,HCM-BROD-0353-C64-11A-01D-A88G-36.WholeGenome.RP-1765.bam,/gpfs/commons/projects/TCGA/gdc-awg/HCMI/WGS/Project_NYGC_15336_B02_SOM_WGS_AnalysisOnly/Sample_HCM-BROD-0353-C64-11A-01D-A88G-36/analysis/HCM-BROD-0353-C64-11A-01D-A88G-36.final.bam,/gpfs/commons/projects/HCMI/wgs_batch2/1495df41-ac95-436c-a721-72d3c1e8abbe/HCM-BROD-0353-C64-11A-01D-A88G-36.WholeGenome.RP-1765.bam
HCM-BROD-1119-C43-10A-01D-A87L-36,HCM-BROD-1119-C43-10A-01D-A87L-36.WholeGenome.RP-1765.bam,/gpfs/commons/projects/TCGA/gdc-awg/HCMI/WGS/Project_NYGC_15336_B02_SOM_WGS_AnalysisOnly/Sample_HCM-BROD-1119-C43-10A-01D-A87L-36/analysis/HCM-BROD-1119-C43-10A-01D-A87L-36.final.bam,/gpfs/commons/projects/HCMI/wgs_batch2/369b5e9d-999a-44fa-a53d-36a2976fa814/HCM-BROD-1119-C43-10A-01D-A87L-36.WholeGenome.RP-1765.bam
HCM-SANG-1306-C25-01A-01D-A80T-32-aliquot,7a0c96b4-2192-47f6-b0c9-5d4b318ba220_wgs_gdc_realn.bam,/gpfs/commons/projects/TCGA/gdc-awg/HCMI/WGS/Project_NYGC_15336_B02_SOM_WGS_AnalysisOnly/Sample_HCM-SANG-1306-C25-01A-01D-A80T-32-aliquot/analysis/HCM-SANG-1306-C25-01A-01D-A80T-32-aliquot.final.bam,/gpfs/commons/projects/HCMI/wgs_batch2/fa204353-cf96-412a-8624-08299dcea06b/7a0c96b4-2192-47f6-b0c9-5d4b318ba220_wgs_gdc_realn.bam
HCM-SANG-0539-C18-10A-01D-A80T-32-aliquot,b7f58629-41a4-4372-bf4a-2ab8a44c30bb_wgs_gdc_realn.bam,/gpfs/commons/projects/TCGA/gdc-awg/HCMI/WGS/Project_NYGC_15336_B02_SOM_WGS_AnalysisOnly/Sample_HCM-SANG-0539-C18-10A-01D-A80T-32-aliquot/analysis/HCM-SANG-0539-C18-10A-01D-A80T-32-aliquot.final.bam,/gpfs/commons/projects/HCMI/wgs_batch2/f583d620-1a46-4307-9518-3fc56c2fb453/b7f58629-41a4-4372-bf4a-2ab8a44c30bb_wgs_gdc_realn.bam
HCM-CSHL-0907-C50-06A-21D-A882-36,HCM-CSHL-0907-C50-06A-21D-A882-36.WholeGenome.RP-1765.bam,/gpfs/commons/projects/TCGA/gdc-awg/HCMI/WGS/Project_NYGC_15336_B02_SOM_WGS_AnalysisOnly/Sample_HCM-CSHL-0907-C50-06A-21D-A882-36/analysis/HCM-CSHL-0907-C50-06A-21D-A882-36.final.bam,/gpfs/commons/projects/HCMI/wgs_batch2/7a729f56-ee3b-476c-85ef-e738abc91706/HCM-CSHL-0907-C50-06A-21D-A882-36.WholeGenome.RP-1765.bam
HCM-SANG-0518-C18-01A-01D-A80T-32-aliquot,482b6804-4113-40a1-95e9-04bf29b61584_wgs_gdc_realn.bam,/gpfs/commons/projects/TCGA/gdc-awg/HCMI/WGS/Project_NYGC_15336_B02_SOM_WGS_AnalysisOnly/Sample_HCM-SANG-0518-C18-01A-01D-A80T-32-aliquot/analysis/HCM-SANG-0518-C18-01A-01D-A80T-32-aliquot.final.bam,/gpfs/commons/projects/HCMI/wgs_batch2/394bd195-78fb-419b-95bd-4d8f1d501b01/482b6804-4113-40a1-95e9-04bf29b61584_wgs_gdc_realn.bam
HCM-CSHL-1264-C25-11A-01D-A882-36,HCM-CSHL-1264-C25-11A-01D-A882-36.WholeGenome.RP-1765.bam,/gpfs/commons/projects/TCGA/gdc-awg/HCMI/WGS/Project_NYGC_15336_B02_SOM_WGS_AnalysisOnly/Sample_HCM-CSHL-1264-C25-11A-01D-A882-36/analysis/HCM-CSHL-1264-C25-11A-01D-A882-36.final.bam,/gpfs/commons/projects/HCMI/wgs_batch2/5dbd68c6-f33f-4487-bbf7-30a8cf57f718/HCM-CSHL-1264-C25-11A-01D-A882-36.WholeGenome.RP-1765.bam
HCM-SANG-0523-C15-85A-01D-A80T-32-aliquot,9800c1c1-81e2-4442-8c57-8dd8494c6bf5_wgs_gdc_realn.bam,/gpfs/commons/projects/TCGA/gdc-awg/HCMI/WGS/Project_NYGC_15336_B02_SOM_WGS_AnalysisOnly/Sample_HCM-SANG-0523-C15-85A-01D-A80T-32-aliquot/analysis/HCM-SANG-0523-C15-85A-01D-A80T-32-aliquot.final.bam,/gpfs/commons/projects/HCMI/wgs_batch2/56349ec6-fcda-4f9b-98f1-8f8c530e043e/9800c1c1-81e2-4442-8c57-8dd8494c6bf5_wgs_gdc_realn.bam
HCM-BROD-1123-C71-02A-11D-A881-36,HCM-BROD-1123-C71-02A-11D-A881-36.WholeGenome.RP-1765.bam,/gpfs/commons/projects/TCGA/gdc-awg/HCMI/WGS/Project_NYGC_15336_B02_SOM_WGS_AnalysisOnly/Sample_HCM-BROD-1123-C71-02A-11D-A881-36/analysis/HCM-BROD-1123-C71-02A-11D-A881-36.final.bam,/gpfs/commons/projects/HCMI/wgs_batch2/b6d5061d-30d7-4e49-9f3b-3be4d9e51029/HCM-BROD-1123-C71-02A-11D-A881-36.WholeGenome.RP-1765.bam
HCM-CSHL-0514-C50-85B-01D-A88G-36,HCM-CSHL-0514-C50-85B-01D-A88G-36.WholeGenome.RP-1765.bam,/gpfs/commons/projects/TCGA/gdc-awg/HCMI/WGS/Project_NYGC_15336_B02_SOM_WGS_AnalysisOnly/Sample_HCM-CSHL-0514-C50-85B-01D-A88G-36/analysis/HCM-CSHL-0514-C50-85B-01D-A88G-36.final.bam,/gpfs/commons/projects/HCMI/wgs_batch2/50e71b03-7ede-4f9a-9a48-6f300b46c73c/HCM-CSHL-0514-C50-85B-01D-A88G-36.WholeGenome.RP-1765.bam
HCM-WCMC-1294-C18-10A-01D-A905-36,HCM-WCMC-1294-C18-10A-01D-A905-36.WholeGenome.RP-1765.bam,/gpfs/commons/projects/TCGA/gdc-awg/HCMI/WGS/Project_NYGC_15336_B02_SOM_WGS_AnalysisOnly/Sample_HCM-WCMC-1294-C18-10A-01D-A905-36/analysis/HCM-WCMC-1294-C18-10A-01D-A905-36.final.bam,/gpfs/commons/projects/HCMI/wgs_batch2/70bf118f-4b18-4251-89de-0609e07cf259/HCM-WCMC-1294-C18-10A-01D-A905-36.WholeGenome.RP-1765.bam
HCM-WCMC-0945-C54-85A-01D-A937-36,HCM-WCMC-0945-C54-85A-01D-A937-36.WholeGenome.RP-1765.bam,/gpfs/commons/projects/TCGA/gdc-awg/HCMI/WGS/Project_NYGC_15336_B02_SOM_WGS_AnalysisOnly/Sample_HCM-WCMC-0945-C54-85A-01D-A937-36/analysis/HCM-WCMC-0945-C54-85A-01D-A937-36.final.bam,/gpfs/commons/projects/HCMI/wgs_batch2/532c6d64-2393-4594-a019-97b7b6c6e301/HCM-WCMC-0945-C54-85A-01D-A937-36.WholeGenome.RP-1765.bam
HCM-BROD-0791-C43-10A-01D-A85K-36,c54ef01a-ed4c-4e83-b046-bf00834d1218_wgs_gdc_realn.bam,/gpfs/commons/projects/TCGA/gdc-awg/HCMI/WGS/Project_NYGC_15336_B02_SOM_WGS_AnalysisOnly/Sample_HCM-BROD-0791-C43-10A-01D-A85K-36/analysis/HCM-BROD-0791-C43-10A-01D-A85K-36.final.bam,/gpfs/commons/projects/HCMI/wgs_batch2/832bdb90-c882-46c5-b27a-dd98df6ad33b/c54ef01a-ed4c-4e83-b046-bf00834d1218_wgs_gdc_realn.bam
HCM-BROD-0418-C71-85B-01D-A87L-36,HCM-BROD-0418-C71-85B-01D-A87L-36.WholeGenome.RP-1765.bam,/gpfs/commons/projects/TCGA/gdc-awg/HCMI/WGS/Project_NYGC_15336_B02_SOM_WGS_AnalysisOnly/Sample_HCM-BROD-0418-C71-85B-01D-A87L-36/analysis/HCM-BROD-0418-C71-85B-01D-A87L-36.final.bam,/gpfs/commons/projects/HCMI/wgs_batch2/61b0faf1-28cd-4d3d-9e2d-9933b2be90a5/HCM-BROD-0418-C71-85B-01D-A87L-36.WholeGenome.RP-1765.bam
HCM-BROD-0230-C25-10A-01D-A83U-36,HCM-BROD-0230-C25-10A-01D-A83U-36.WholeGenome.RP-1765.bam,/gpfs/commons/projects/TCGA/gdc-awg/HCMI/WGS/Project_NYGC_15336_B02_SOM_WGS_AnalysisOnly/Sample_HCM-BROD-0230-C25-10A-01D-A83U-36/analysis/HCM-BROD-0230-C25-10A-01D-A83U-36.final.bam,/gpfs/commons/projects/HCMI/wgs_batch2/883ba41a-826b-4bf3-9c33-a318a953659b/HCM-BROD-0230-C25-10A-01D-A83U-36.WholeGenome.RP-1765.bam
HCM-BROD-0962-C16-06A-01D-A87L-36,HCM-BROD-0962-C16-06A-01D-A87L-36.WholeGenome.RP-1765.bam,/gpfs/commons/projects/TCGA/gdc-awg/HCMI/WGS/Project_NYGC_15336_B02_SOM_WGS_AnalysisOnly/Sample_HCM-BROD-0962-C16-06A-01D-A87L-36/analysis/HCM-BROD-0962-C16-06A-01D-A87L-36.final.bam,/gpfs/commons/projects/HCMI/wgs_batch2/7400f4f8-377a-4faa-a401-6020d35cdf97/HCM-BROD-0962-C16-06A-01D-A87L-36.WholeGenome.RP-1765.bam
HCM-WCMC-0788-C34-01A-20D-A87L-36,HCM-WCMC-0788-C34-01A-20D-A87L-36.WholeGenome.RP-1765.bam,/gpfs/commons/projects/TCGA/gdc-awg/HCMI/WGS/Project_NYGC_15336_B02_SOM_WGS_AnalysisOnly/Sample_HCM-WCMC-0788-C34-01A-20D-A87L-36/analysis/HCM-WCMC-0788-C34-01A-20D-A87L-36.final.bam,/gpfs/commons/projects/HCMI/wgs_batch2/c8b7774d-e855-45b5-8431-5a996b72ae1d/HCM-WCMC-0788-C34-01A-20D-A87L-36.WholeGenome.RP-1765.bam
HCM-CSHL-0907-C50-85B-01D-A882-36,HCM-CSHL-0907-C50-85B-01D-A882-36.WholeGenome.RP-1765.bam,/gpfs/commons/projects/TCGA/gdc-awg/HCMI/WGS/Project_NYGC_15336_B02_SOM_WGS_AnalysisOnly/Sample_HCM-CSHL-0907-C50-85B-01D-A882-36/analysis/HCM-CSHL-0907-C50-85B-01D-A882-36.final.bam,/gpfs/commons/projects/HCMI/wgs_batch2/8bb5124a-3d66-4c94-ba74-a1e9b3522284/HCM-CSHL-0907-C50-85B-01D-A882-36.WholeGenome.RP-1765.bam
HCM-STAN-0848-C20-01A-11D-A882-36,HCM-STAN-0848-C20-01A-11D-A882-36.WholeGenome.RP-1765.bam,/gpfs/commons/projects/TCGA/gdc-awg/HCMI/WGS/Project_NYGC_15336_B02_SOM_WGS_AnalysisOnly/Sample_HCM-STAN-0848-C20-01A-11D-A882-36/analysis/HCM-STAN-0848-C20-01A-11D-A882-36.final.bam,/gpfs/commons/projects/HCMI/wgs_batch2/e1dd0233-e9cc-44c4-b011-90c5795e1727/HCM-STAN-0848-C20-01A-11D-A882-36.WholeGenome.RP-1765.bam
HCM-SANG-1306-C25-10A-01D-A80T-32-aliquot,4488358a-306e-42cc-bb34-b475a0438097_wgs_gdc_realn.bam,/gpfs/commons/projects/TCGA/gdc-awg/HCMI/WGS/Project_NYGC_15336_B02_SOM_WGS_AnalysisOnly/Sample_HCM-SANG-1306-C25-10A-01D-A80T-32-aliquot/analysis/HCM-SANG-1306-C25-10A-01D-A80T-32-aliquot.final.bam,/gpfs/commons/projects/HCMI/wgs_batch2/0030b894-3863-4b40-8eaf-bb1ff2fc03ca/4488358a-306e-42cc-bb34-b475a0438097_wgs_gdc_realn.bam
HCM-SANG-0523-C15-10A-01D-A80T-32-aliquot,1c1a3c2b-83df-4b7c-8b2f-bb465ada23ef_wgs_gdc_realn.bam,/gpfs/commons/projects/TCGA/gdc-awg/HCMI/WGS/Project_NYGC_15336_B02_SOM_WGS_AnalysisOnly/Sample_HCM-SANG-0523-C15-10A-01D-A80T-32-aliquot/analysis/HCM-SANG-0523-C15-10A-01D-A80T-32-aliquot.final.bam,/gpfs/commons/projects/HCMI/wgs_batch2/db43b84f-a35e-4092-b034-62767d4605a8/1c1a3c2b-83df-4b7c-8b2f-bb465ada23ef_wgs_gdc_realn.bam
HCM-CSHL-0801-C56-10A-01D-A88G-36,HCM-CSHL-0801-C56-10A-01D-A88G-36.WholeGenome.RP-1765.bam,/gpfs/commons/projects/TCGA/gdc-awg/HCMI/WGS/Project_NYGC_15336_B02_SOM_WGS_AnalysisOnly/Sample_HCM-CSHL-0801-C56-10A-01D-A88G-36/analysis/HCM-CSHL-0801-C56-10A-01D-A88G-36.final.bam,/gpfs/commons/projects/HCMI/wgs_batch2/c3dc4afa-5e99-4e12-8ca7-57eab51b5604/HCM-CSHL-0801-C56-10A-01D-A88G-36.WholeGenome.RP-1765.bam
HCM-WCMC-0749-C34-10A-01D-A87L-36,HCM-WCMC-0749-C34-10A-01D-A87L-36.WholeGenome.RP-1765.bam,/gpfs/commons/projects/TCGA/gdc-awg/HCMI/WGS/Project_NYGC_15336_B02_SOM_WGS_AnalysisOnly/Sample_HCM-WCMC-0749-C34-10A-01D-A87L-36/analysis/HCM-WCMC-0749-C34-10A-01D-A87L-36.final.bam,/gpfs/commons/projects/HCMI/wgs_batch2/2ce77ef8-b438-4d31-906b-870dc239c4ab/HCM-WCMC-0749-C34-10A-01D-A87L-36.WholeGenome.RP-1765.bam
HCM-SANG-1081-C20-10A-01D-A80T-32-aliquot,7d0b3204-ef8f-4566-a351-789c3ea06c5e_wgs_gdc_realn.bam,/gpfs/commons/projects/TCGA/gdc-awg/HCMI/WGS/Project_NYGC_15336_B02_SOM_WGS_AnalysisOnly/Sample_HCM-SANG-1081-C20-10A-01D-A80T-32-aliquot/analysis/HCM-SANG-1081-C20-10A-01D-A80T-32-aliquot.final.bam,/gpfs/commons/projects/HCMI/wgs_batch2/47205e7a-4013-4722-903e-c6f370b57e09/7d0b3204-ef8f-4566-a351-789c3ea06c5e_wgs_gdc_realn.bam
HCM-SANG-1082-C15-08A-01D-A80T-32-aliquot,211b7b2a-5808-42c2-a2ef-5422527ab7ad_wgs_gdc_realn.bam,/gpfs/commons/projects/TCGA/gdc-awg/HCMI/WGS/Project_NYGC_15336_B02_SOM_WGS_AnalysisOnly/Sample_HCM-SANG-1082-C15-08A-01D-A80T-32-aliquot/analysis/HCM-SANG-1082-C15-08A-01D-A80T-32-aliquot.final.bam,/gpfs/commons/projects/HCMI/wgs_batch2/e9c06034-df09-43ad-9fb7-a249015b0840/211b7b2a-5808-42c2-a2ef-5422527ab7ad_wgs_gdc_realn.bam
HCM-BROD-1121-C71-85A-01D-A881-36,HCM-BROD-1121-C71-85A-01D-A881-36.WholeGenome.RP-1765.bam,/gpfs/commons/projects/TCGA/gdc-awg/HCMI/WGS/Project_NYGC_15336_B02_SOM_WGS_AnalysisOnly/Sample_HCM-BROD-1121-C71-85A-01D-A881-36/analysis/HCM-BROD-1121-C71-85A-01D-A881-36.final.bam,/gpfs/commons/projects/HCMI/wgs_batch2/c4262535-c0ae-408a-a9cd-f5e3d7517dcb/HCM-BROD-1121-C71-85A-01D-A881-36.WholeGenome.RP-1765.bam
HCM-SANG-1302-C15-10A-01D-A80T-32-aliquot,52510c54-9797-4a75-9bc5-4e183f10b646_wgs_gdc_realn.bam,/gpfs/commons/projects/TCGA/gdc-awg/HCMI/WGS/Project_NYGC_15336_B02_SOM_WGS_AnalysisOnly/Sample_HCM-SANG-1302-C15-10A-01D-A80T-32-aliquot/analysis/HCM-SANG-1302-C15-10A-01D-A80T-32-aliquot.final.bam,/gpfs/commons/projects/HCMI/wgs_batch2/4aeebe77-56a9-4b5f-a547-3ee23a72bf37/52510c54-9797-4a75-9bc5-4e183f10b646_wgs_gdc_realn.bam
HCM-CSHL-0603-C18-06A-21D-A80U-36,HCM-CSHL-0603-C18-06A-21D-A80U-36.WholeGenome.RP-1765.bam,/gpfs/commons/projects/TCGA/gdc-awg/HCMI/WGS/Project_NYGC_15336_B02_SOM_WGS_AnalysisOnly/Sample_HCM-CSHL-0603-C18-06A-21D-A80U-36/analysis/HCM-CSHL-0603-C18-06A-21D-A80U-36.final.bam,/gpfs/commons/projects/HCMI/wgs_batch2/0e0247fe-a089-4e18-a60b-de982812dd5c/HCM-CSHL-0603-C18-06A-21D-A80U-36.WholeGenome.RP-1765.bam
HCM-WCMC-0946-C34-10A-01D-A905-36,HCM-WCMC-0946-C34-10A-01D-A905-36.WholeGenome.RP-1765.bam,/gpfs/commons/projects/TCGA/gdc-awg/HCMI/WGS/Project_NYGC_15336_B02_SOM_WGS_AnalysisOnly/Sample_HCM-WCMC-0946-C34-10A-01D-A905-36/analysis/HCM-WCMC-0946-C34-10A-01D-A905-36.final.bam,/gpfs/commons/projects/HCMI/wgs_batch2/956fb495-d788-416a-9514-319ba5f6a644/HCM-WCMC-0946-C34-10A-01D-A905-36.WholeGenome.RP-1765.bam
HCM-BROD-0762-C49-01A-01D-A87L-36,HCM-BROD-0762-C49-01A-01D-A87L-36.WholeGenome.RP-1765.bam,/gpfs/commons/projects/TCGA/gdc-awg/HCMI/WGS/Project_NYGC_15336_B02_SOM_WGS_AnalysisOnly/Sample_HCM-BROD-0762-C49-01A-01D-A87L-36/analysis/HCM-BROD-0762-C49-01A-01D-A87L-36.final.bam,/gpfs/commons/projects/HCMI/wgs_batch2/98973918-c8c1-4eaa-a6f4-10f5e1932310/HCM-BROD-0762-C49-01A-01D-A87L-36.WholeGenome.RP-1765.bam
HCM-WCMC-1285-C54-10A-01D-A937-36,HCM-WCMC-1285-C54-10A-01D-A937-36.WholeGenome.RP-1765.bam,/gpfs/commons/projects/TCGA/gdc-awg/HCMI/WGS/Project_NYGC_15336_B02_SOM_WGS_AnalysisOnly/Sample_HCM-WCMC-1285-C54-10A-01D-A937-36/analysis/HCM-WCMC-1285-C54-10A-01D-A937-36.final.bam,/gpfs/commons/projects/HCMI/wgs_batch2/4089ad2c-b30b-4351-9574-a0addd4a18cc/HCM-WCMC-1285-C54-10A-01D-A937-36.WholeGenome.RP-1765.bam
HCM-BROD-0650-C56-06A-01D-A881-36,HCM-BROD-0650-C56-06A-01D-A881-36.WholeGenome.RP-1765.bam,/gpfs/commons/projects/TCGA/gdc-awg/HCMI/WGS/Project_NYGC_15336_B02_SOM_WGS_AnalysisOnly/Sample_HCM-BROD-0650-C56-06A-01D-A881-36/analysis/HCM-BROD-0650-C56-06A-01D-A881-36.final.bam,/gpfs/commons/projects/HCMI/wgs_batch2/9b3bd4ee-5da0-4998-8548-ad25266fb5f0/HCM-BROD-0650-C56-06A-01D-A881-36.WholeGenome.RP-1765.bam
HCM-STAN-0909-C16-85A-01D-A937-36,HCM-STAN-0909-C16-85A-01D-A937-36.WholeGenome.RP-1765.bam,/gpfs/commons/projects/TCGA/gdc-awg/HCMI/WGS/Project_NYGC_15336_B02_SOM_WGS_AnalysisOnly/Sample_HCM-STAN-0909-C16-85A-01D-A937-36/analysis/HCM-STAN-0909-C16-85A-01D-A937-36.final.bam,/gpfs/commons/projects/HCMI/wgs_batch2/15b364f9-2fee-469a-8d25-991caf4bcf16/HCM-STAN-0909-C16-85A-01D-A937-36.WholeGenome.RP-1765.bam
HCM-BROD-0781-C71-85A-01D-A88G-36,HCM-BROD-0781-C71-85A-01D-A88G-36.WholeGenome.RP-1765.bam,/gpfs/commons/projects/TCGA/gdc-awg/HCMI/WGS/Project_NYGC_15336_B02_SOM_WGS_AnalysisOnly/Sample_HCM-BROD-0781-C71-85A-01D-A88G-36/analysis/HCM-BROD-0781-C71-85A-01D-A88G-36.final.bam,/gpfs/commons/projects/HCMI/wgs_batch2/8a1dd9a6-f352-4b46-9b4a-70b9d8f20e1f/HCM-BROD-0781-C71-85A-01D-A88G-36.WholeGenome.RP-1765.bam
HCM-WCMC-1281-C67-10A-01D-A937-36,HCM-WCMC-1281-C67-10A-01D-A937-36.WholeGenome.RP-1765.bam,/gpfs/commons/projects/TCGA/gdc-awg/HCMI/WGS/Project_NYGC_15336_B02_SOM_WGS_AnalysisOnly/Sample_HCM-WCMC-1281-C67-10A-01D-A937-36/analysis/HCM-WCMC-1281-C67-10A-01D-A937-36.final.bam,/gpfs/commons/projects/HCMI/wgs_batch2/b210e4c6-f604-48df-b873-f95bdf90548f/HCM-WCMC-1281-C67-10A-01D-A937-36.WholeGenome.RP-1765.bam
HCM-BROD-0682-C64-10A-01D-A85C-36,HCM-BROD-0682-C64-10A-01D-A85C-36.WholeGenome.RP-1765.bam,/gpfs/commons/projects/TCGA/gdc-awg/HCMI/WGS/Project_NYGC_15336_B02_SOM_WGS_AnalysisOnly/Sample_HCM-BROD-0682-C64-10A-01D-A85C-36/analysis/HCM-BROD-0682-C64-10A-01D-A85C-36.final.bam,/gpfs/commons/projects/HCMI/wgs_batch2/f5bbb3c2-e22e-4759-b366-c2fec0b50cef/HCM-BROD-0682-C64-10A-01D-A85C-36.WholeGenome.RP-1765.bam
HCM-SANG-0535-C20-85A-01D-A80T-32-aliquot,b0559156-10ff-431d-823c-fb17829b5281_wgs_gdc_realn.bam,/gpfs/commons/projects/TCGA/gdc-awg/HCMI/WGS/Project_NYGC_15336_B02_SOM_WGS_AnalysisOnly/Sample_HCM-SANG-0535-C20-85A-01D-A80T-32-aliquot/analysis/HCM-SANG-0535-C20-85A-01D-A80T-32-aliquot.final.bam,/gpfs/commons/projects/HCMI/wgs_batch2/283efb37-4122-4db2-bb21-b23868fe2b00/b0559156-10ff-431d-823c-fb17829b5281_wgs_gdc_realn.bam
HCM-WCMC-0753-C54-10A-01D-A87L-36,HCM-WCMC-0753-C54-10A-01D-A87L-36.WholeGenome.RP-1765.bam,/gpfs/commons/projects/TCGA/gdc-awg/HCMI/WGS/Project_NYGC_15336_B02_SOM_WGS_AnalysisOnly/Sample_HCM-WCMC-0753-C54-10A-01D-A87L-36/analysis/HCM-WCMC-0753-C54-10A-01D-A87L-36.final.bam,/gpfs/commons/projects/HCMI/wgs_batch2/be8942a6-6ac3-4aee-a64d-126ab988025e/HCM-WCMC-0753-C54-10A-01D-A87L-36.WholeGenome.RP-1765.bam
HCM-BROD-1123-C71-10A-01D-A881-36,HCM-BROD-1123-C71-10A-01D-A881-36.WholeGenome.RP-1765.bam,/gpfs/commons/projects/TCGA/gdc-awg/HCMI/WGS/Project_NYGC_15336_B02_SOM_WGS_AnalysisOnly/Sample_HCM-BROD-1123-C71-10A-01D-A881-36/analysis/HCM-BROD-1123-C71-10A-01D-A881-36.final.bam,/gpfs/commons/projects/HCMI/wgs_batch2/b6cefa94-af52-4dae-a400-d1f287edc67a/HCM-BROD-1123-C71-10A-01D-A881-36.WholeGenome.RP-1765.bam
HCM-CSHL-0878-C18-06A-11D-A882-36,HCM-CSHL-0878-C18-06A-11D-A882-36.WholeGenome.RP-1765.bam,/gpfs/commons/projects/TCGA/gdc-awg/HCMI/WGS/Project_NYGC_15336_B02_SOM_WGS_AnalysisOnly/Sample_HCM-CSHL-0878-C18-06A-11D-A882-36/analysis/HCM-CSHL-0878-C18-06A-11D-A882-36.final.bam,/gpfs/commons/projects/HCMI/wgs_batch2/aab69cd0-01ed-422b-acbe-dbe772df43ca/HCM-CSHL-0878-C18-06A-11D-A882-36.WholeGenome.RP-1765.bam
HCM-SANG-0551-C18-85A-01D-A80T-32-aliquot,856c9d31-e581-4a9c-ae0f-499b034e4e26_wgs_gdc_realn.bam,/gpfs/commons/projects/TCGA/gdc-awg/HCMI/WGS/Project_NYGC_15336_B02_SOM_WGS_AnalysisOnly/Sample_HCM-SANG-0551-C18-85A-01D-A80T-32-aliquot/analysis/HCM-SANG-0551-C18-85A-01D-A80T-32-aliquot.final.bam,/gpfs/commons/projects/HCMI/wgs_batch2/e2fbcd67-1abc-4d3f-8981-4d4ddba0b5e5/856c9d31-e581-4a9c-ae0f-499b034e4e26_wgs_gdc_realn.bam
HCM-CSHL-0636-C02-85A-01D-A85C-36,61a453e0-9144-4261-a4eb-e47dd98c0a49_wgs_gdc_realn.bam,/gpfs/commons/projects/TCGA/gdc-awg/HCMI/WGS/Project_NYGC_15336_B02_SOM_WGS_AnalysisOnly/Sample_HCM-CSHL-0636-C02-85A-01D-A85C-36/analysis/HCM-CSHL-0636-C02-85A-01D-A85C-36.final.bam,/gpfs/commons/projects/HCMI/wgs_batch2/b01893e7-c250-4a58-9b4b-1c03872f7ed2/61a453e0-9144-4261-a4eb-e47dd98c0a49_wgs_gdc_realn.bam
HCM-SANG-1339-C18-01A-01D-A80T-32-aliquot,e9b9b550-ce55-4bc8-82df-0e87ad80b770_wgs_gdc_realn.bam,/gpfs/commons/projects/TCGA/gdc-awg/HCMI/WGS/Project_NYGC_15336_B02_SOM_WGS_AnalysisOnly/Sample_HCM-SANG-1339-C18-01A-01D-A80T-32-aliquot/analysis/HCM-SANG-1339-C18-01A-01D-A80T-32-aliquot.final.bam,/gpfs/commons/projects/HCMI/wgs_batch2/873a58bb-bd2c-4050-9dcb-d9c0c62c7d0a/e9b9b550-ce55-4bc8-82df-0e87ad80b770_wgs_gdc_realn.bam
HCM-WCMC-0751-C54-01A-01D-A87L-36,HCM-WCMC-0751-C54-01A-01D-A87L-36.WholeGenome.RP-1765.bam,/gpfs/commons/projects/TCGA/gdc-awg/HCMI/WGS/Project_NYGC_15336_B02_SOM_WGS_AnalysisOnly/Sample_HCM-WCMC-0751-C54-01A-01D-A87L-36/analysis/HCM-WCMC-0751-C54-01A-01D-A87L-36.final.bam,/gpfs/commons/projects/HCMI/wgs_batch2/ede9f60c-b4b9-4fbc-96e7-207e1d286eb4/HCM-WCMC-0751-C54-01A-01D-A87L-36.WholeGenome.RP-1765.bam
HCM-SANG-1336-C15-85A-01D-A80T-32-aliquot,c633d222-96a5-42cd-a3be-08f1192a9736_wgs_gdc_realn.bam,/gpfs/commons/projects/TCGA/gdc-awg/HCMI/WGS/Project_NYGC_15336_B02_SOM_WGS_AnalysisOnly/Sample_HCM-SANG-1336-C15-85A-01D-A80T-32-aliquot/analysis/HCM-SANG-1336-C15-85A-01D-A80T-32-aliquot.final.bam,/gpfs/commons/projects/HCMI/wgs_batch2/3cf994a6-6dbc-4f2a-befa-cceb0445807e/c633d222-96a5-42cd-a3be-08f1192a9736_wgs_gdc_realn.bam
HCM-SANG-0536-C18-10A-01D-A80T-32-aliquot,67c9886d-1a69-4f18-b4ac-c74e4efaa06b_wgs_gdc_realn.bam,/gpfs/commons/projects/TCGA/gdc-awg/HCMI/WGS/Project_NYGC_15336_B02_SOM_WGS_AnalysisOnly/Sample_HCM-SANG-0536-C18-10A-01D-A80T-32-aliquot/analysis/HCM-SANG-0536-C18-10A-01D-A80T-32-aliquot.final.bam,/gpfs/commons/projects/HCMI/wgs_batch2/3ee220b9-7337-4ab2-a34d-ad0a0da31e78/67c9886d-1a69-4f18-b4ac-c74e4efaa06b_wgs_gdc_realn.bam
HCM-CSHL-0853-C56-06A-11D-A881-36,HCM-CSHL-0853-C56-06A-11D-A881-36.WholeGenome.RP-1765.bam,/gpfs/commons/projects/TCGA/gdc-awg/HCMI/WGS/Project_NYGC_15336_B02_SOM_WGS_AnalysisOnly/Sample_HCM-CSHL-0853-C56-06A-11D-A881-36/analysis/HCM-CSHL-0853-C56-06A-11D-A881-36.final.bam,/gpfs/commons/projects/HCMI/wgs_batch2/c6d708fa-aa4f-43c6-9615-8f8de1fcb612/HCM-CSHL-0853-C56-06A-11D-A881-36.WholeGenome.RP-1765.bam
HCM-BROD-0829-C71-10A-01D-A88G-36,HCM-BROD-0829-C71-10A-01D-A88G-36.WholeGenome.RP-1765.bam,/gpfs/commons/projects/TCGA/gdc-awg/HCMI/WGS/Project_NYGC_15336_B02_SOM_WGS_AnalysisOnly/Sample_HCM-BROD-0829-C71-10A-01D-A88G-36/analysis/HCM-BROD-0829-C71-10A-01D-A88G-36.final.bam,/gpfs/commons/projects/HCMI/wgs_batch2/6ef8de20-81a0-400a-98ad-1ff890e2d673/HCM-BROD-0829-C71-10A-01D-A88G-36.WholeGenome.RP-1765.bam
HCM-BROD-1128-C15-10A-01D-A881-36,HCM-BROD-1128-C15-10A-01D-A881-36.WholeGenome.RP-1765.bam,/gpfs/commons/projects/TCGA/gdc-awg/HCMI/WGS/Project_NYGC_15336_B02_SOM_WGS_AnalysisOnly/Sample_HCM-BROD-1128-C15-10A-01D-A881-36/analysis/HCM-BROD-1128-C15-10A-01D-A881-36.final.bam,/gpfs/commons/projects/HCMI/wgs_batch2/1f755c8a-d64f-4d1a-96f2-64d7c6622e46/HCM-BROD-1128-C15-10A-01D-A881-36.WholeGenome.RP-1765.bam
HCM-BROD-0762-C49-85B-01D-A87L-36,HCM-BROD-0762-C49-85B-01D-A87L-36.WholeGenome.RP-1765.bam,/gpfs/commons/projects/TCGA/gdc-awg/HCMI/WGS/Project_NYGC_15336_B02_SOM_WGS_AnalysisOnly/Sample_HCM-BROD-0762-C49-85B-01D-A87L-36/analysis/HCM-BROD-0762-C49-85B-01D-A87L-36.final.bam,/gpfs/commons/projects/HCMI/wgs_batch2/614d2233-9a0f-4e23-9d6a-8692394d3484/HCM-BROD-0762-C49-85B-01D-A87L-36.WholeGenome.RP-1765.bam
HCM-BROD-0615-C16-10A-01D-A85K-36,HCM-BROD-0615-C16-10A-01D-A85K-36.WholeGenome.RP-1765.bam,/gpfs/commons/projects/TCGA/gdc-awg/HCMI/WGS/Project_NYGC_15336_B02_SOM_WGS_AnalysisOnly/Sample_HCM-BROD-0615-C16-10A-01D-A85K-36/analysis/HCM-BROD-0615-C16-10A-01D-A85K-36.final.bam,/gpfs/commons/projects/HCMI/wgs_batch2/27bafc77-333f-4df1-8610-ea927f585115/HCM-BROD-0615-C16-10A-01D-A85K-36.WholeGenome.RP-1765.bam
HCM-WCMC-1280-C54-85A-01D-A905-36,HCM-WCMC-1280-C54-85A-01D-A905-36.WholeGenome.RP-1765.bam,/gpfs/commons/projects/TCGA/gdc-awg/HCMI/WGS/Project_NYGC_15336_B02_SOM_WGS_AnalysisOnly/Sample_HCM-WCMC-1280-C54-85A-01D-A905-36/analysis/HCM-WCMC-1280-C54-85A-01D-A905-36.final.bam,/gpfs/commons/projects/HCMI/wgs_batch2/c574b46a-d34b-4f2a-a26c-30e19f4d0f63/HCM-WCMC-1280-C54-85A-01D-A905-36.WholeGenome.RP-1765.bam
HCM-WCMC-1074-C56-01A-01D-A88H-36,HCM-WCMC-1074-C56-01A-01D-A88H-36.WholeGenome.RP-1765.bam,/gpfs/commons/projects/TCGA/gdc-awg/HCMI/WGS/Project_NYGC_15336_B02_SOM_WGS_AnalysisOnly/Sample_HCM-WCMC-1074-C56-01A-01D-A88H-36/analysis/HCM-WCMC-1074-C56-01A-01D-A88H-36.final.bam,/gpfs/commons/projects/HCMI/wgs_batch2/4d95c5d3-1923-4929-b92e-1647c84aecb0/HCM-WCMC-1074-C56-01A-01D-A88H-36.WholeGenome.RP-1765.bam
HCM-SANG-1305-C15-10A-01D-A80T-32-aliquot,b6c9aab2-9823-4dd8-9cf2-b0eb77dab883_wgs_gdc_realn.bam,/gpfs/commons/projects/TCGA/gdc-awg/HCMI/WGS/Project_NYGC_15336_B02_SOM_WGS_AnalysisOnly/Sample_HCM-SANG-1305-C15-10A-01D-A80T-32-aliquot/analysis/HCM-SANG-1305-C15-10A-01D-A80T-32-aliquot.final.bam,/gpfs/commons/projects/HCMI/wgs_batch2/59d23700-4612-4c5b-8b2c-e26fb8b99a1f/b6c9aab2-9823-4dd8-9cf2-b0eb77dab883_wgs_gdc_realn.bam
HCM-CSHL-1262-C19-06A-11D-A882-36,HCM-CSHL-1262-C19-06A-11D-A882-36.WholeGenome.RP-1765.bam,/gpfs/commons/projects/TCGA/gdc-awg/HCMI/WGS/Project_NYGC_15336_B02_SOM_WGS_AnalysisOnly/Sample_HCM-CSHL-1262-C19-06A-11D-A882-36/analysis/HCM-CSHL-1262-C19-06A-11D-A882-36.final.bam,/gpfs/commons/projects/HCMI/wgs_batch2/cb15d152-f5d9-4be4-af08-3aef4524be90/HCM-CSHL-1262-C19-06A-11D-A882-36.WholeGenome.RP-1765.bam
HCM-SANG-1089-C18-01A-01D-A80T-32-aliquot,d54b4663-00cc-4cb1-8b8a-b1a42c63ed2a_wgs_gdc_realn.bam,/gpfs/commons/projects/TCGA/gdc-awg/HCMI/WGS/Project_NYGC_15336_B02_SOM_WGS_AnalysisOnly/Sample_HCM-SANG-1089-C18-01A-01D-A80T-32-aliquot/analysis/HCM-SANG-1089-C18-01A-01D-A80T-32-aliquot.final.bam,/gpfs/commons/projects/HCMI/wgs_batch2/8d69d81a-82d7-400b-99f9-1ecb6e836ce4/d54b4663-00cc-4cb1-8b8a-b1a42c63ed2a_wgs_gdc_realn.bam
HCM-SANG-1301-C20-08A-01D-A80T-32-aliquot,7809729b-cfc9-4bef-899c-ddad049e2bcc_wgs_gdc_realn.bam,/gpfs/commons/projects/TCGA/gdc-awg/HCMI/WGS/Project_NYGC_15336_B02_SOM_WGS_AnalysisOnly/Sample_HCM-SANG-1301-C20-08A-01D-A80T-32-aliquot/analysis/HCM-SANG-1301-C20-08A-01D-A80T-32-aliquot.final.bam,/gpfs/commons/projects/HCMI/wgs_batch2/26bc5eb9-3330-4f7e-a4ab-1d26e1d90324/7809729b-cfc9-4bef-899c-ddad049e2bcc_wgs_gdc_realn.bam
HCM-CSHL-0636-C02-10A-01D-A85C-36,83a3b9b4-d612-4623-adcf-abc397c11e6c_wgs_gdc_realn.bam,/gpfs/commons/projects/TCGA/gdc-awg/HCMI/WGS/Project_NYGC_15336_B02_SOM_WGS_AnalysisOnly/Sample_HCM-CSHL-0636-C02-10A-01D-A85C-36/analysis/HCM-CSHL-0636-C02-10A-01D-A85C-36.final.bam,/gpfs/commons/projects/HCMI/wgs_batch2/22a3b3f3-a255-4279-8627-1314739c12ee/83a3b9b4-d612-4623-adcf-abc397c11e6c_wgs_gdc_realn.bam
HCM-SANG-0544-C15-10A-01D-A80T-32-aliquot,9c37a575-88fb-42cf-b19c-6fb636c5688b_wgs_gdc_realn.bam,/gpfs/commons/projects/TCGA/gdc-awg/HCMI/WGS/Project_NYGC_15336_B02_SOM_WGS_AnalysisOnly/Sample_HCM-SANG-0544-C15-10A-01D-A80T-32-aliquot/analysis/HCM-SANG-0544-C15-10A-01D-A80T-32-aliquot.final.bam,/gpfs/commons/projects/HCMI/wgs_batch2/8db06cea-7c74-4ce6-8e97-c853c7274a66/9c37a575-88fb-42cf-b19c-6fb636c5688b_wgs_gdc_realn.bam
HCM-BROD-0650-C56-12A-01D-A881-36,HCM-BROD-0650-C56-12A-01D-A881-36.WholeGenome.RP-1765.bam,/gpfs/commons/projects/TCGA/gdc-awg/HCMI/WGS/Project_NYGC_15336_B02_SOM_WGS_AnalysisOnly/Sample_HCM-BROD-0650-C56-12A-01D-A881-36/analysis/HCM-BROD-0650-C56-12A-01D-A881-36.final.bam,/gpfs/commons/projects/HCMI/wgs_batch2/2fc00e50-0fda-45c2-96a2-d413d0f788ee/HCM-BROD-0650-C56-12A-01D-A881-36.WholeGenome.RP-1765.bam
HCM-CSHL-0802-C67-01A-11D-A88G-36,HCM-CSHL-0802-C67-01A-11D-A88G-36.WholeGenome.RP-1765.bam,/gpfs/commons/projects/TCGA/gdc-awg/HCMI/WGS/Project_NYGC_15336_B02_SOM_WGS_AnalysisOnly/Sample_HCM-CSHL-0802-C67-01A-11D-A88G-36/analysis/HCM-CSHL-0802-C67-01A-11D-A88G-36.final.bam,/gpfs/commons/projects/HCMI/wgs_batch2/326956e6-e3ed-44a6-bc67-fff91b9c0f7e/HCM-CSHL-0802-C67-01A-11D-A88G-36.WholeGenome.RP-1765.bam
HCM-CSHL-0900-C54-11A-01D-A88H-36,HCM-CSHL-0900-C54-11A-01D-A88H-36.WholeGenome.RP-1765.bam,/gpfs/commons/projects/TCGA/gdc-awg/HCMI/WGS/Project_NYGC_15336_B02_SOM_WGS_AnalysisOnly/Sample_HCM-CSHL-0900-C54-11A-01D-A88H-36/analysis/HCM-CSHL-0900-C54-11A-01D-A88H-36.final.bam,/gpfs/commons/projects/HCMI/wgs_batch2/1ae8f8ca-3dc7-4ed7-95a2-af9845fdf534/HCM-CSHL-0900-C54-11A-01D-A88H-36.WholeGenome.RP-1765.bam
HCM-SANG-1086-C18-85A-01D-A80T-32-aliquot,8f539d2b-ef87-4824-bb16-0c2ed7d2084e_wgs_gdc_realn.bam,/gpfs/commons/projects/TCGA/gdc-awg/HCMI/WGS/Project_NYGC_15336_B02_SOM_WGS_AnalysisOnly/Sample_HCM-SANG-1086-C18-85A-01D-A80T-32-aliquot/analysis/HCM-SANG-1086-C18-85A-01D-A80T-32-aliquot.final.bam,/gpfs/commons/projects/HCMI/wgs_batch2/a683b459-6da7-462f-ae70-26b3df8ceb00/8f539d2b-ef87-4824-bb16-0c2ed7d2084e_wgs_gdc_realn.bam
HCM-SANG-1091-C18-01A-01D-A80T-32-aliquot,78505c47-9ced-4d94-b878-55cbbd5037ce_wgs_gdc_realn.bam,/gpfs/commons/projects/TCGA/gdc-awg/HCMI/WGS/Project_NYGC_15336_B02_SOM_WGS_AnalysisOnly/Sample_HCM-SANG-1091-C18-01A-01D-A80T-32-aliquot/analysis/HCM-SANG-1091-C18-01A-01D-A80T-32-aliquot.final.bam,/gpfs/commons/projects/HCMI/wgs_batch2/e3950975-c64d-4067-8527-00e148b6ab90/78505c47-9ced-4d94-b878-55cbbd5037ce_wgs_gdc_realn.bam
HCM-STAN-1113-C18-85B-01D-A937-36,HCM-STAN-1113-C18-85B-01D-A937-36.WholeGenome.RP-1765.bam,/gpfs/commons/projects/TCGA/gdc-awg/HCMI/WGS/Project_NYGC_15336_B02_SOM_WGS_AnalysisOnly/Sample_HCM-STAN-1113-C18-85B-01D-A937-36/analysis/HCM-STAN-1113-C18-85B-01D-A937-36.final.bam,/gpfs/commons/projects/HCMI/wgs_batch2/c8421537-8e91-49b5-92d6-1682927c8ffe/HCM-STAN-1113-C18-85B-01D-A937-36.WholeGenome.RP-1765.bam
HCM-SANG-1093-C18-85A-01D-A80T-32-aliquot,1896e283-b779-4d43-b7b5-7c9099561518_wgs_gdc_realn.bam,/gpfs/commons/projects/TCGA/gdc-awg/HCMI/WGS/Project_NYGC_15336_B02_SOM_WGS_AnalysisOnly/Sample_HCM-SANG-1093-C18-85A-01D-A80T-32-aliquot/analysis/HCM-SANG-1093-C18-85A-01D-A80T-32-aliquot.final.bam,/gpfs/commons/projects/HCMI/wgs_batch2/e290302c-9091-445f-8dd1-6269020bcdee/1896e283-b779-4d43-b7b5-7c9099561518_wgs_gdc_realn.bam
HCM-STAN-1109-D13-01A-04D-A937-36,HCM-STAN-1109-D13-01A-04D-A937-36.WholeGenome.RP-1765.bam,/gpfs/commons/projects/TCGA/gdc-awg/HCMI/WGS/Project_NYGC_15336_B02_SOM_WGS_AnalysisOnly/Sample_HCM-STAN-1109-D13-01A-04D-A937-36/analysis/HCM-STAN-1109-D13-01A-04D-A937-36.final.bam,/gpfs/commons/projects/HCMI/wgs_batch2/d9056197-de65-4dd3-b5cd-0427feec0f19/HCM-STAN-1109-D13-01A-04D-A937-36.WholeGenome.RP-1765.bam
HCM-SANG-1307-C25-85A-01D-A80T-32-aliquot,26e5c770-3359-4de9-a778-c377fa89b83c_wgs_gdc_realn.bam,/gpfs/commons/projects/TCGA/gdc-awg/HCMI/WGS/Project_NYGC_15336_B02_SOM_WGS_AnalysisOnly/Sample_HCM-SANG-1307-C25-85A-01D-A80T-32-aliquot/analysis/HCM-SANG-1307-C25-85A-01D-A80T-32-aliquot.final.bam,/gpfs/commons/projects/HCMI/wgs_batch2/485fa854-4058-4a8e-ab99-1c4f0debe9b6/26e5c770-3359-4de9-a778-c377fa89b83c_wgs_gdc_realn.bam
HCM-BROD-0724-C43-10A-01D-A85C-36,HCM-BROD-0724-C43-10A-01D-A85C-36.WholeGenome.RP-1765.bam,/gpfs/commons/projects/TCGA/gdc-awg/HCMI/WGS/Project_NYGC_15336_B02_SOM_WGS_AnalysisOnly/Sample_HCM-BROD-0724-C43-10A-01D-A85C-36/analysis/HCM-BROD-0724-C43-10A-01D-A85C-36.final.bam,/gpfs/commons/projects/HCMI/wgs_batch2/05b4d5d0-ba23-4fa7-9736-5e5ce9d508b4/HCM-BROD-0724-C43-10A-01D-A85C-36.WholeGenome.RP-1765.bam
HCM-CSHL-1264-C25-85A-01D-A882-36,HCM-CSHL-1264-C25-85A-01D-A882-36.WholeGenome.RP-1765.bam,/gpfs/commons/projects/TCGA/gdc-awg/HCMI/WGS/Project_NYGC_15336_B02_SOM_WGS_AnalysisOnly/Sample_HCM-CSHL-1264-C25-85A-01D-A882-36/analysis/HCM-CSHL-1264-C25-85A-01D-A882-36.final.bam,/gpfs/commons/projects/HCMI/wgs_batch2/a92b7a6d-7698-40de-892a-be3198099026/HCM-CSHL-1264-C25-85A-01D-A882-36.WholeGenome.RP-1765.bam
HCM-SANG-0537-C18-10A-01D-A80T-32-aliquot,fba37714-e0fd-4dc5-bae5-279b84a018e9_wgs_gdc_realn.bam,/gpfs/commons/projects/TCGA/gdc-awg/HCMI/WGS/Project_NYGC_15336_B02_SOM_WGS_AnalysisOnly/Sample_HCM-SANG-0537-C18-10A-01D-A80T-32-aliquot/analysis/HCM-SANG-0537-C18-10A-01D-A80T-32-aliquot.final.bam,/gpfs/commons/projects/HCMI/wgs_batch2/d7eeda84-1d45-4852-b5f5-aa0e42059e4c/fba37714-e0fd-4dc5-bae5-279b84a018e9_wgs_gdc_realn.bam
HCM-SANG-1326-C15-10A-01D-A80T-32-aliquot,884fe9e0-02e7-4c73-b95b-abb633350359_wgs_gdc_realn.bam,/gpfs/commons/projects/TCGA/gdc-awg/HCMI/WGS/Project_NYGC_15336_B02_SOM_WGS_AnalysisOnly/Sample_HCM-SANG-1326-C15-10A-01D-A80T-32-aliquot/analysis/HCM-SANG-1326-C15-10A-01D-A80T-32-aliquot.final.bam,/gpfs/commons/projects/HCMI/wgs_batch2/cb29c797-acd4-4cd2-a112-c25eb27a6cec/884fe9e0-02e7-4c73-b95b-abb633350359_wgs_gdc_realn.bam
HCM-SANG-0517-C20-85A-01D-A80T-32-aliquot,722e64f3-fdce-4932-9195-1c67e6fc1c8f_wgs_gdc_realn.bam,/gpfs/commons/projects/TCGA/gdc-awg/HCMI/WGS/Project_NYGC_15336_B02_SOM_WGS_AnalysisOnly/Sample_HCM-SANG-0517-C20-85A-01D-A80T-32-aliquot/analysis/HCM-SANG-0517-C20-85A-01D-A80T-32-aliquot.final.bam,/gpfs/commons/projects/HCMI/wgs_batch2/930aa3dd-5b3d-4d85-ac16-d76298aa123b/722e64f3-fdce-4932-9195-1c67e6fc1c8f_wgs_gdc_realn.bam
HCM-BROD-0579-C16-10A-01D-A79C-36,837ef4dc-2c5a-4dd0-b6a9-867821e7e0bb_wgs_gdc_realn.bam,/gpfs/commons/projects/TCGA/gdc-awg/HCMI/WGS/Project_NYGC_15336_B02_SOM_WGS_AnalysisOnly/Sample_HCM-BROD-0579-C16-10A-01D-A79C-36/analysis/HCM-BROD-0579-C16-10A-01D-A79C-36.final.bam,/gpfs/commons/projects/HCMI/wgs_batch2/bc390035-5f52-4a8f-bd40-4e9172eb49ab/837ef4dc-2c5a-4dd0-b6a9-867821e7e0bb_wgs_gdc_realn.bam
HCM-SANG-0780-C25-01A-01D-A80T-32-aliquot,bb3078d2-d514-4e3f-8557-87b5b18c544b_wgs_gdc_realn.bam,/gpfs/commons/projects/TCGA/gdc-awg/HCMI/WGS/Project_NYGC_15336_B02_SOM_WGS_AnalysisOnly/Sample_HCM-SANG-0780-C25-01A-01D-A80T-32-aliquot/analysis/HCM-SANG-0780-C25-01A-01D-A80T-32-aliquot.final.bam,/gpfs/commons/projects/HCMI/wgs_batch2/a09a3d66-5529-4e90-b76f-e7de0840a6a1/bb3078d2-d514-4e3f-8557-87b5b18c544b_wgs_gdc_realn.bam
HCM-WCMC-0951-C67-10A-01D-A88H-36,HCM-WCMC-0951-C67-10A-01D-A88H-36.WholeGenome.RP-1765.bam,/gpfs/commons/projects/TCGA/gdc-awg/HCMI/WGS/Project_NYGC_15336_B02_SOM_WGS_AnalysisOnly/Sample_HCM-WCMC-0951-C67-10A-01D-A88H-36/analysis/HCM-WCMC-0951-C67-10A-01D-A88H-36.final.bam,/gpfs/commons/projects/HCMI/wgs_batch2/bc10e36b-0e65-4387-8769-042395587756/HCM-WCMC-0951-C67-10A-01D-A88H-36.WholeGenome.RP-1765.bam
HCM-SANG-1322-C15-85A-01D-A80T-32-aliquot,077cd901-d3d4-4c35-8b28-a4c0c425500b_wgs_gdc_realn.bam,/gpfs/commons/projects/TCGA/gdc-awg/HCMI/WGS/Project_NYGC_15336_B02_SOM_WGS_AnalysisOnly/Sample_HCM-SANG-1322-C15-85A-01D-A80T-32-aliquot/analysis/HCM-SANG-1322-C15-85A-01D-A80T-32-aliquot.final.bam,/gpfs/commons/projects/HCMI/wgs_batch2/f01f094f-706a-43a7-af88-f44943b3d7bd/077cd901-d3d4-4c35-8b28-a4c0c425500b_wgs_gdc_realn.bam
HCM-SANG-0517-C20-10A-01D-A80T-32-aliquot,0f8079f1-6faf-4050-b994-acd95f08861e_wgs_gdc_realn.bam,/gpfs/commons/projects/TCGA/gdc-awg/HCMI/WGS/Project_NYGC_15336_B02_SOM_WGS_AnalysisOnly/Sample_HCM-SANG-0517-C20-10A-01D-A80T-32-aliquot/analysis/HCM-SANG-0517-C20-10A-01D-A80T-32-aliquot.final.bam,/gpfs/commons/projects/HCMI/wgs_batch2/a5fe1654-2ebf-4151-bfe0-1b0117bf0e42/0f8079f1-6faf-4050-b994-acd95f08861e_wgs_gdc_realn.bam
HCM-SANG-0552-C25-10A-01D-A80T-32-aliquot,22230c00-3324-4dc9-9d6e-7ac2e8ad248a_wgs_gdc_realn.bam,/gpfs/commons/projects/TCGA/gdc-awg/HCMI/WGS/Project_NYGC_15336_B02_SOM_WGS_AnalysisOnly/Sample_HCM-SANG-0552-C25-10A-01D-A80T-32-aliquot/analysis/HCM-SANG-0552-C25-10A-01D-A80T-32-aliquot.final.bam,/gpfs/commons/projects/HCMI/wgs_batch2/fb7b9090-faa1-4a54-b452-7e95b35f8cfb/22230c00-3324-4dc9-9d6e-7ac2e8ad248a_wgs_gdc_realn.bam
HCM-BROD-1128-C15-85B-01D-A881-36,HCM-BROD-1128-C15-85B-01D-A881-36.WholeGenome.RP-1765.bam,/gpfs/commons/projects/TCGA/gdc-awg/HCMI/WGS/Project_NYGC_15336_B02_SOM_WGS_AnalysisOnly/Sample_HCM-BROD-1128-C15-85B-01D-A881-36/analysis/HCM-BROD-1128-C15-85B-01D-A881-36.final.bam,/gpfs/commons/projects/HCMI/wgs_batch2/144ff2c2-4555-4505-90c9-dfc8345c52a1/HCM-BROD-1128-C15-85B-01D-A881-36.WholeGenome.RP-1765.bam
HCM-BROD-0783-C71-85R-01D-A87L-36,HCM-BROD-0783-C71-85R-01D-A87L-36.WholeGenome.RP-1765.bam,/gpfs/commons/projects/TCGA/gdc-awg/HCMI/WGS/Project_NYGC_15336_B02_SOM_WGS_AnalysisOnly/Sample_HCM-BROD-0783-C71-85R-01D-A87L-36/analysis/HCM-BROD-0783-C71-85R-01D-A87L-36.final.bam,/gpfs/commons/projects/HCMI/wgs_batch2/acbe5d27-8a07-4b16-a714-6db2de3d421f/HCM-BROD-0783-C71-85R-01D-A87L-36.WholeGenome.RP-1765.bam
HCM-WCMC-0747-C50-01A-01D-A87L-36,HCM-WCMC-0747-C50-01A-01D-A87L-36.WholeGenome.RP-1765.bam,/gpfs/commons/projects/TCGA/gdc-awg/HCMI/WGS/Project_NYGC_15336_B02_SOM_WGS_AnalysisOnly/Sample_HCM-WCMC-0747-C50-01A-01D-A87L-36/analysis/HCM-WCMC-0747-C50-01A-01D-A87L-36.final.bam,/gpfs/commons/projects/HCMI/wgs_batch2/0f92ae39-a118-4b36-b519-ab5b4c89334d/HCM-WCMC-0747-C50-01A-01D-A87L-36.WholeGenome.RP-1765.bam
HCM-SANG-1087-C18-01A-01D-A80T-32-aliquot,883cd521-c3dc-4b39-8716-0054f405cf87_wgs_gdc_realn.bam,/gpfs/commons/projects/TCGA/gdc-awg/HCMI/WGS/Project_NYGC_15336_B02_SOM_WGS_AnalysisOnly/Sample_HCM-SANG-1087-C18-01A-01D-A80T-32-aliquot/analysis/HCM-SANG-1087-C18-01A-01D-A80T-32-aliquot.final.bam,/gpfs/commons/projects/HCMI/wgs_batch2/a0e66288-812f-421a-aa91-5ee4fca8763c/883cd521-c3dc-4b39-8716-0054f405cf87_wgs_gdc_realn.bam
HCM-CSHL-0625-C18-06A-11D-A85K-36,HCM-CSHL-0625-C18-06A-11D-A85K-36.WholeGenome.RP-1765.bam,/gpfs/commons/projects/TCGA/gdc-awg/HCMI/WGS/Project_NYGC_15336_B02_SOM_WGS_AnalysisOnly/Sample_HCM-CSHL-0625-C18-06A-11D-A85K-36/analysis/HCM-CSHL-0625-C18-06A-11D-A85K-36.final.bam,/gpfs/commons/projects/HCMI/wgs_batch2/e782dd90-41d3-46da-a98c-a5fbc82dc8df/HCM-CSHL-0625-C18-06A-11D-A85K-36.WholeGenome.RP-1765.bam
HCM-SANG-1307-C25-10A-01D-A80T-32-aliquot,9662cb48-4744-4cd7-873c-0d6fb4fe48ea_wgs_gdc_realn.bam,/gpfs/commons/projects/TCGA/gdc-awg/HCMI/WGS/Project_NYGC_15336_B02_SOM_WGS_AnalysisOnly/Sample_HCM-SANG-1307-C25-10A-01D-A80T-32-aliquot/analysis/HCM-SANG-1307-C25-10A-01D-A80T-32-aliquot.final.bam,/gpfs/commons/projects/HCMI/wgs_batch2/2824ce26-a3c1-4e2e-8cd9-a4fb0be62c2b/9662cb48-4744-4cd7-873c-0d6fb4fe48ea_wgs_gdc_realn.bam
HCM-CSHL-0808-C55-01A-11D-A881-36,HCM-CSHL-0808-C55-01A-11D-A881-36.WholeGenome.RP-1765.bam,/gpfs/commons/projects/TCGA/gdc-awg/HCMI/WGS/Project_NYGC_15336_B02_SOM_WGS_AnalysisOnly/Sample_HCM-CSHL-0808-C55-01A-11D-A881-36/analysis/HCM-CSHL-0808-C55-01A-11D-A881-36.final.bam,/gpfs/commons/projects/HCMI/wgs_batch2/ceb4c9bc-985d-4e38-93db-16437e05280c/HCM-CSHL-0808-C55-01A-11D-A881-36.WholeGenome.RP-1765.bam
HCM-CSHL-1266-C20-06A-11D-A882-36,HCM-CSHL-1266-C20-06A-11D-A882-36.WholeGenome.RP-1765.bam,/gpfs/commons/projects/TCGA/gdc-awg/HCMI/WGS/Project_NYGC_15336_B02_SOM_WGS_AnalysisOnly/Sample_HCM-CSHL-1266-C20-06A-11D-A882-36/analysis/HCM-CSHL-1266-C20-06A-11D-A882-36.final.bam,/gpfs/commons/projects/HCMI/wgs_batch2/762b88a6-abb3-4f31-9a2a-455f379f49db/HCM-CSHL-1266-C20-06A-11D-A882-36.WholeGenome.RP-1765.bam
HCM-CSHL-0863-C18-85A-01D-A88H-36,HCM-CSHL-0863-C18-85A-01D-A88H-36.WholeGenome.RP-1765.bam,/gpfs/commons/projects/TCGA/gdc-awg/HCMI/WGS/Project_NYGC_15336_B02_SOM_WGS_AnalysisOnly/Sample_HCM-CSHL-0863-C18-85A-01D-A88H-36/analysis/HCM-CSHL-0863-C18-85A-01D-A88H-36.final.bam,/gpfs/commons/projects/HCMI/wgs_batch2/32637b3c-97b7-4955-83a4-c7192531ef19/HCM-CSHL-0863-C18-85A-01D-A88H-36.WholeGenome.RP-1765.bam
HCM-BROD-0871-C49-06B-01D-A881-36,HCM-BROD-0871-C49-06B-01D-A881-36.WholeGenome.RP-1765.bam,/gpfs/commons/projects/TCGA/gdc-awg/HCMI/WGS/Project_NYGC_15336_B02_SOM_WGS_AnalysisOnly/Sample_HCM-BROD-0871-C49-06B-01D-A881-36/analysis/HCM-BROD-0871-C49-06B-01D-A881-36.final.bam,/gpfs/commons/projects/HCMI/wgs_batch2/1e3db714-9880-472c-a548-a154bdbbf86d/HCM-BROD-0871-C49-06B-01D-A881-36.WholeGenome.RP-1765.bam
HCM-STAN-1277-C55-11B-03D-A937-36,HCM-STAN-1277-C55-11B-03D-A937-36.WholeGenome.RP-1765.bam,/gpfs/commons/projects/TCGA/gdc-awg/HCMI/WGS/Project_NYGC_15336_B02_SOM_WGS_AnalysisOnly/Sample_HCM-STAN-1277-C55-11B-03D-A937-36/analysis/HCM-STAN-1277-C55-11B-03D-A937-36.final.bam,/gpfs/commons/projects/HCMI/wgs_batch2/f34bc23f-3bc8-46c0-b147-f1b25d21c696/HCM-STAN-1277-C55-11B-03D-A937-36.WholeGenome.RP-1765.bam
HCM-BROD-0418-C71-01A-11D-A87L-36,HCM-BROD-0418-C71-01A-11D-A87L-36.WholeGenome.RP-1765.bam,/gpfs/commons/projects/TCGA/gdc-awg/HCMI/WGS/Project_NYGC_15336_B02_SOM_WGS_AnalysisOnly/Sample_HCM-BROD-0418-C71-01A-11D-A87L-36/analysis/HCM-BROD-0418-C71-01A-11D-A87L-36.final.bam,/gpfs/commons/projects/HCMI/wgs_batch2/77e75625-8335-4439-a021-59d82162bc9f/HCM-BROD-0418-C71-01A-11D-A87L-36.WholeGenome.RP-1765.bam
HCM-WCMC-1074-C56-85A-01D-A88H-36,HCM-WCMC-1074-C56-85A-01D-A88H-36.WholeGenome.RP-1765.bam,/gpfs/commons/projects/TCGA/gdc-awg/HCMI/WGS/Project_NYGC_15336_B02_SOM_WGS_AnalysisOnly/Sample_HCM-WCMC-1074-C56-85A-01D-A88H-36/analysis/HCM-WCMC-1074-C56-85A-01D-A88H-36.final.bam,/gpfs/commons/projects/HCMI/wgs_batch2/d4166aaf-c40e-46a7-810f-840b787bce1b/HCM-WCMC-1074-C56-85A-01D-A88H-36.WholeGenome.RP-1765.bam
HCM-SANG-1087-C18-10A-01D-A80T-32-aliquot,a660b5d1-8413-488b-85f3-f78a5f1973ef_wgs_gdc_realn.bam,/gpfs/commons/projects/TCGA/gdc-awg/HCMI/WGS/Project_NYGC_15336_B02_SOM_WGS_AnalysisOnly/Sample_HCM-SANG-1087-C18-10A-01D-A80T-32-aliquot/analysis/HCM-SANG-1087-C18-10A-01D-A80T-32-aliquot.final.bam,/gpfs/commons/projects/HCMI/wgs_batch2/e4eb03ac-ca5d-4d24-8531-24f6b407ee1a/a660b5d1-8413-488b-85f3-f78a5f1973ef_wgs_gdc_realn.bam
HCM-SANG-0552-C25-85A-01D-A80T-32-aliquot,77b6b1bc-c721-450a-bae1-1e3678776f89_wgs_gdc_realn.bam,/gpfs/commons/projects/TCGA/gdc-awg/HCMI/WGS/Project_NYGC_15336_B02_SOM_WGS_AnalysisOnly/Sample_HCM-SANG-0552-C25-85A-01D-A80T-32-aliquot/analysis/HCM-SANG-0552-C25-85A-01D-A80T-32-aliquot.final.bam,/gpfs/commons/projects/HCMI/wgs_batch2/c65ea9b7-f736-4c3a-aeaf-912bf58773a4/77b6b1bc-c721-450a-bae1-1e3678776f89_wgs_gdc_realn.bam
HCM-BROD-0926-C16-85N-01D-A88G-36,HCM-BROD-0926-C16-85N-01D-A88G-36.WholeGenome.RP-1765.bam,/gpfs/commons/projects/TCGA/gdc-awg/HCMI/WGS/Project_NYGC_15336_B02_SOM_WGS_AnalysisOnly/Sample_HCM-BROD-0926-C16-85N-01D-A88G-36/analysis/HCM-BROD-0926-C16-85N-01D-A88G-36.final.bam,/gpfs/commons/projects/HCMI/wgs_batch2/a9d33fc5-0a29-482a-9dfc-a148ae910309/HCM-BROD-0926-C16-85N-01D-A88G-36.WholeGenome.RP-1765.bam
HCM-BROD-0955-C15-10A-01D-A881-36,HCM-BROD-0955-C15-10A-01D-A881-36.WholeGenome.RP-1765.bam,/gpfs/commons/projects/TCGA/gdc-awg/HCMI/WGS/Project_NYGC_15336_B02_SOM_WGS_AnalysisOnly/Sample_HCM-BROD-0955-C15-10A-01D-A881-36/analysis/HCM-BROD-0955-C15-10A-01D-A881-36.final.bam,/gpfs/commons/projects/HCMI/wgs_batch2/774d1159-5605-40bc-9fb2-0a89c3979609/HCM-BROD-0955-C15-10A-01D-A881-36.WholeGenome.RP-1765.bam
HCM-BROD-0874-C43-06A-11D-A85K-36,HCM-BROD-0874-C43-06A-11D-A85K-36.WholeGenome.RP-1765.bam,/gpfs/commons/projects/TCGA/gdc-awg/HCMI/WGS/Project_NYGC_15336_B02_SOM_WGS_AnalysisOnly/Sample_HCM-BROD-0874-C43-06A-11D-A85K-36/analysis/HCM-BROD-0874-C43-06A-11D-A85K-36.final.bam,/gpfs/commons/projects/HCMI/wgs_batch2/d277b383-2e8e-483a-b186-8f6180d47162/HCM-BROD-0874-C43-06A-11D-A85K-36.WholeGenome.RP-1765.bam
HCM-SANG-0537-C18-01A-01D-A80T-32-aliquot,aa233da2-805b-41f2-80b2-755389e43241_wgs_gdc_realn.bam,/gpfs/commons/projects/TCGA/gdc-awg/HCMI/WGS/Project_NYGC_15336_B02_SOM_WGS_AnalysisOnly/Sample_HCM-SANG-0537-C18-01A-01D-A80T-32-aliquot/analysis/HCM-SANG-0537-C18-01A-01D-A80T-32-aliquot.final.bam,/gpfs/commons/projects/HCMI/wgs_batch2/02713ab9-f023-4425-8b78-8fd3517fa74d/aa233da2-805b-41f2-80b2-755389e43241_wgs_gdc_realn.bam
HCM-BROD-0957-C34-10A-01D-A881-36,HCM-BROD-0957-C34-10A-01D-A881-36.WholeGenome.RP-1765.bam,/gpfs/commons/projects/TCGA/gdc-awg/HCMI/WGS/Project_NYGC_15336_B02_SOM_WGS_AnalysisOnly/Sample_HCM-BROD-0957-C34-10A-01D-A881-36/analysis/HCM-BROD-0957-C34-10A-01D-A881-36.final.bam,/gpfs/commons/projects/HCMI/wgs_batch2/768e54c9-cc46-470f-9007-102e60e6964e/HCM-BROD-0957-C34-10A-01D-A881-36.WholeGenome.RP-1765.bam
HCM-SANG-0546-C15-10A-01D-A80T-32-aliquot,f9c6dfc8-9c94-45ed-b7fb-ffbc450b0788_wgs_gdc_realn.bam,/gpfs/commons/projects/TCGA/gdc-awg/HCMI/WGS/Project_NYGC_15336_B02_SOM_WGS_AnalysisOnly/Sample_HCM-SANG-0546-C15-10A-01D-A80T-32-aliquot/analysis/HCM-SANG-0546-C15-10A-01D-A80T-32-aliquot.final.bam,/gpfs/commons/projects/HCMI/wgs_batch2/da28757a-9242-43cb-916c-be3210ae66f5/f9c6dfc8-9c94-45ed-b7fb-ffbc450b0788_wgs_gdc_realn.bam
HCM-SANG-1081-C20-85A-01D-A80T-32-aliquot,474b85ba-775b-46af-b586-5506b0273365_wgs_gdc_realn.bam,/gpfs/commons/projects/TCGA/gdc-awg/HCMI/WGS/Project_NYGC_15336_B02_SOM_WGS_AnalysisOnly/Sample_HCM-SANG-1081-C20-85A-01D-A80T-32-aliquot/analysis/HCM-SANG-1081-C20-85A-01D-A80T-32-aliquot.final.bam,/gpfs/commons/projects/HCMI/wgs_batch2/0f769171-08ec-45a9-a912-b433c36b1ed8/474b85ba-775b-46af-b586-5506b0273365_wgs_gdc_realn.bam
HCM-SANG-0526-C15-85A-01D-A80T-32-aliquot,570c1862-379a-40f3-970d-d8be52d1070e_wgs_gdc_realn.bam,/gpfs/commons/projects/TCGA/gdc-awg/HCMI/WGS/Project_NYGC_15336_B02_SOM_WGS_AnalysisOnly/Sample_HCM-SANG-0526-C15-85A-01D-A80T-32-aliquot/analysis/HCM-SANG-0526-C15-85A-01D-A80T-32-aliquot.final.bam,/gpfs/commons/projects/HCMI/wgs_batch2/332a1165-c8a8-47c9-8da9-dd3422a432e3/570c1862-379a-40f3-970d-d8be52d1070e_wgs_gdc_realn.bam
HCM-CSHL-0585-C06-11A-11D-A88G-36,HCM-CSHL-0585-C06-11A-11D-A88G-36.WholeGenome.RP-1765.bam,/gpfs/commons/projects/TCGA/gdc-awg/HCMI/WGS/Project_NYGC_15336_B02_SOM_WGS_AnalysisOnly/Sample_HCM-CSHL-0585-C06-11A-11D-A88G-36/analysis/HCM-CSHL-0585-C06-11A-11D-A88G-36.final.bam,/gpfs/commons/projects/HCMI/wgs_batch2/d1e5662d-8d9d-4ec1-ae76-1e9ec336d144/HCM-CSHL-0585-C06-11A-11D-A88G-36.WholeGenome.RP-1765.bam
HCM-CSHL-1266-C20-85M-01D-A882-36,HCM-CSHL-1266-C20-85M-01D-A882-36.WholeGenome.RP-1765.bam,/gpfs/commons/projects/TCGA/gdc-awg/HCMI/WGS/Project_NYGC_15336_B02_SOM_WGS_AnalysisOnly/Sample_HCM-CSHL-1266-C20-85M-01D-A882-36/analysis/HCM-CSHL-1266-C20-85M-01D-A882-36.final.bam,/gpfs/commons/projects/HCMI/wgs_batch2/9521553c-21ce-48c6-bbec-c85c87346a83/HCM-CSHL-1266-C20-85M-01D-A882-36.WholeGenome.RP-1765.bam
HCM-SANG-1312-C20-08A-01D-A80T-32-aliquot,9751d99e-b764-450c-bb8a-4e768324044d_wgs_gdc_realn.bam,/gpfs/commons/projects/TCGA/gdc-awg/HCMI/WGS/Project_NYGC_15336_B02_SOM_WGS_AnalysisOnly/Sample_HCM-SANG-1312-C20-08A-01D-A80T-32-aliquot/analysis/HCM-SANG-1312-C20-08A-01D-A80T-32-aliquot.final.bam,/gpfs/commons/projects/HCMI/wgs_batch2/42216277-5b61-4eb8-a9e8-473cb5885f5a/9751d99e-b764-450c-bb8a-4e768324044d_wgs_gdc_realn.bam
HCM-CSHL-0255-C18-85F-01D-A881-36,HCM-CSHL-0255-C18-85F-01D-A881-36.WholeGenome.RP-1765.bam,/gpfs/commons/projects/TCGA/gdc-awg/HCMI/WGS/Project_NYGC_15336_B02_SOM_WGS_AnalysisOnly/Sample_HCM-CSHL-0255-C18-85F-01D-A881-36/analysis/HCM-CSHL-0255-C18-85F-01D-A881-36.final.bam,/gpfs/commons/projects/HCMI/wgs_batch2/f9b8a686-63a2-48bc-8d0e-12e65b5bd51f/HCM-CSHL-0255-C18-85F-01D-A881-36.WholeGenome.RP-1765.bam
HCM-BROD-1122-C49-85B-01D-A88G-36,HCM-BROD-1122-C49-85B-01D-A88G-36.WholeGenome.RP-1765.bam,/gpfs/commons/projects/TCGA/gdc-awg/HCMI/WGS/Project_NYGC_15336_B02_SOM_WGS_AnalysisOnly/Sample_HCM-BROD-1122-C49-85B-01D-A88G-36/analysis/HCM-BROD-1122-C49-85B-01D-A88G-36.final.bam,/gpfs/commons/projects/HCMI/wgs_batch2/d8b397fc-e466-4c88-9085-ef33350f2cfc/HCM-BROD-1122-C49-85B-01D-A88G-36.WholeGenome.RP-1765.bam
HCM-CSHL-0586-C32-01A-01D-A881-36,HCM-CSHL-0586-C32-01A-01D-A881-36.WholeGenome.RP-1765.bam,/gpfs/commons/projects/TCGA/gdc-awg/HCMI/WGS/Project_NYGC_15336_B02_SOM_WGS_AnalysisOnly/Sample_HCM-CSHL-0586-C32-01A-01D-A881-36/analysis/HCM-CSHL-0586-C32-01A-01D-A881-36.final.bam,/gpfs/commons/projects/HCMI/wgs_batch2/27a18388-2a9b-4c0c-9e49-40bfca3ba5e8/HCM-CSHL-0586-C32-01A-01D-A881-36.WholeGenome.RP-1765.bam
HCM-BROD-0959-C18-06A-01D-A881-36,HCM-BROD-0959-C18-06A-01D-A881-36.WholeGenome.RP-1765.bam,/gpfs/commons/projects/TCGA/gdc-awg/HCMI/WGS/Project_NYGC_15336_B02_SOM_WGS_AnalysisOnly/Sample_HCM-BROD-0959-C18-06A-01D-A881-36/analysis/HCM-BROD-0959-C18-06A-01D-A881-36.final.bam,/gpfs/commons/projects/HCMI/wgs_batch2/f82e3736-7359-490a-82a9-f4f043d4f3f6/HCM-BROD-0959-C18-06A-01D-A881-36.WholeGenome.RP-1765.bam
HCM-WCMC-0786-C34-10A-01D-A87L-36,HCM-WCMC-0786-C34-10A-01D-A87L-36.WholeGenome.RP-1765.bam,/gpfs/commons/projects/TCGA/gdc-awg/HCMI/WGS/Project_NYGC_15336_B02_SOM_WGS_AnalysisOnly/Sample_HCM-WCMC-0786-C34-10A-01D-A87L-36/analysis/HCM-WCMC-0786-C34-10A-01D-A87L-36.final.bam,/gpfs/commons/projects/HCMI/wgs_batch2/dead715b-22f3-43a5-936f-cce85ec840c6/HCM-WCMC-0786-C34-10A-01D-A87L-36.WholeGenome.RP-1765.bam
HCM-WCMC-0785-C67-85A-01D-A87L-36,HCM-WCMC-0785-C67-85A-01D-A87L-36.WholeGenome.RP-1765.bam,/gpfs/commons/projects/TCGA/gdc-awg/HCMI/WGS/Project_NYGC_15336_B02_SOM_WGS_AnalysisOnly/Sample_HCM-WCMC-0785-C67-85A-01D-A87L-36/analysis/HCM-WCMC-0785-C67-85A-01D-A87L-36.final.bam,/gpfs/commons/projects/HCMI/wgs_batch2/25f76a7d-4472-429c-9360-3266535a01dc/HCM-WCMC-0785-C67-85A-01D-A87L-36.WholeGenome.RP-1765.bam
HCM-BROD-0579-C16-06A-11D-A85K-36,9b0e46b0-4209-44b0-aae6-340e6952a167_wgs_gdc_realn.bam,/gpfs/commons/projects/TCGA/gdc-awg/HCMI/WGS/Project_NYGC_15336_B02_SOM_WGS_AnalysisOnly/Sample_HCM-BROD-0579-C16-06A-11D-A85K-36/analysis/HCM-BROD-0579-C16-06A-11D-A85K-36.final.bam,/gpfs/commons/projects/HCMI/wgs_batch2/93a23124-19b2-4282-a43b-ac2bf5e39ee3/9b0e46b0-4209-44b0-aae6-340e6952a167_wgs_gdc_realn.bam
HCM-SANG-1088-C18-10A-01D-A80T-32-aliquot,28f4398d-1733-42b6-9d86-ba2be9440504_wgs_gdc_realn.bam,/gpfs/commons/projects/TCGA/gdc-awg/HCMI/WGS/Project_NYGC_15336_B02_SOM_WGS_AnalysisOnly/Sample_HCM-SANG-1088-C18-10A-01D-A80T-32-aliquot/analysis/HCM-SANG-1088-C18-10A-01D-A80T-32-aliquot.final.bam,/gpfs/commons/projects/HCMI/wgs_batch2/409169e0-15df-4336-a689-46f24d79d723/28f4398d-1733-42b6-9d86-ba2be9440504_wgs_gdc_realn.bam
HCM-BROD-1123-C71-85A-01D-A881-36,HCM-BROD-1123-C71-85A-01D-A881-36.WholeGenome.RP-1765.bam,/gpfs/commons/projects/TCGA/gdc-awg/HCMI/WGS/Project_NYGC_15336_B02_SOM_WGS_AnalysisOnly/Sample_HCM-BROD-1123-C71-85A-01D-A881-36/analysis/HCM-BROD-1123-C71-85A-01D-A881-36.final.bam,/gpfs/commons/projects/HCMI/wgs_batch2/91abd64d-aaf0-4f71-bcf7-542e704f046c/HCM-BROD-1123-C71-85A-01D-A881-36.WholeGenome.RP-1765.bam
HCM-WCMC-0785-C67-10A-01D-A87L-36,HCM-WCMC-0785-C67-10A-01D-A87L-36.WholeGenome.RP-1765.bam,/gpfs/commons/projects/TCGA/gdc-awg/HCMI/WGS/Project_NYGC_15336_B02_SOM_WGS_AnalysisOnly/Sample_HCM-WCMC-0785-C67-10A-01D-A87L-36/analysis/HCM-WCMC-0785-C67-10A-01D-A87L-36.final.bam,/gpfs/commons/projects/HCMI/wgs_batch2/9d9909a1-089f-4af1-93b1-4a2bd50d648d/HCM-WCMC-0785-C67-10A-01D-A87L-36.WholeGenome.RP-1765.bam
HCM-BROD-1122-C49-10A-01D-A88G-36,HCM-BROD-1122-C49-10A-01D-A88G-36.WholeGenome.RP-1765.bam,/gpfs/commons/projects/TCGA/gdc-awg/HCMI/WGS/Project_NYGC_15336_B02_SOM_WGS_AnalysisOnly/Sample_HCM-BROD-1122-C49-10A-01D-A88G-36/analysis/HCM-BROD-1122-C49-10A-01D-A88G-36.final.bam,/gpfs/commons/projects/HCMI/wgs_batch2/5a7af7b0-d6a0-4932-9673-84caa0508c95/HCM-BROD-1122-C49-10A-01D-A88G-36.WholeGenome.RP-1765.bam
HCM-WCMC-0945-C54-11A-15D-A937-36,HCM-WCMC-0945-C54-11A-15D-A937-36.WholeGenome.RP-1765.bam,/gpfs/commons/projects/TCGA/gdc-awg/HCMI/WGS/Project_NYGC_15336_B02_SOM_WGS_AnalysisOnly/Sample_HCM-WCMC-0945-C54-11A-15D-A937-36/analysis/HCM-WCMC-0945-C54-11A-15D-A937-36.final.bam,/gpfs/commons/projects/HCMI/wgs_batch2/270255c7-9434-4d7b-8321-43e906c707fb/HCM-WCMC-0945-C54-11A-15D-A937-36.WholeGenome.RP-1765.bam
HCM-CSHL-0621-C18-85M-01D-A881-36,HCM-CSHL-0621-C18-85M-01D-A881-36.WholeGenome.RP-1765.bam,/gpfs/commons/projects/TCGA/gdc-awg/HCMI/WGS/Project_NYGC_15336_B02_SOM_WGS_AnalysisOnly/Sample_HCM-CSHL-0621-C18-85M-01D-A881-36/analysis/HCM-CSHL-0621-C18-85M-01D-A881-36.final.bam,/gpfs/commons/projects/HCMI/wgs_batch2/d373b4dd-36f7-469a-9b4a-c67ff5f3d720/HCM-CSHL-0621-C18-85M-01D-A881-36.WholeGenome.RP-1765.bam
HCM-BROD-0873-C43-01A-11D-A881-36,HCM-BROD-0873-C43-01A-11D-A881-36.WholeGenome.RP-1765.bam,/gpfs/commons/projects/TCGA/gdc-awg/HCMI/WGS/Project_NYGC_15336_B02_SOM_WGS_AnalysisOnly/Sample_HCM-BROD-0873-C43-01A-11D-A881-36/analysis/HCM-BROD-0873-C43-01A-11D-A881-36.final.bam,/gpfs/commons/projects/HCMI/wgs_batch2/4881df94-05fc-45bb-98a1-6d6af8e6f3f7/HCM-BROD-0873-C43-01A-11D-A881-36.WholeGenome.RP-1765.bam
HCM-SANG-1301-C20-85A-01D-A80T-32-aliquot,9896cd10-3dde-47d2-a640-e63f351e15c6_wgs_gdc_realn.bam,/gpfs/commons/projects/TCGA/gdc-awg/HCMI/WGS/Project_NYGC_15336_B02_SOM_WGS_AnalysisOnly/Sample_HCM-SANG-1301-C20-85A-01D-A80T-32-aliquot/analysis/HCM-SANG-1301-C20-85A-01D-A80T-32-aliquot.final.bam,/gpfs/commons/projects/HCMI/wgs_batch2/a8a24303-04d3-4788-bb13-52ef4326c91a/9896cd10-3dde-47d2-a640-e63f351e15c6_wgs_gdc_realn.bam
HCM-SANG-1090-C18-85A-01D-A80T-32-aliquot,64a73ac3-bbc2-4528-bf04-88d636fd6c5b_wgs_gdc_realn.bam,/gpfs/commons/projects/TCGA/gdc-awg/HCMI/WGS/Project_NYGC_15336_B02_SOM_WGS_AnalysisOnly/Sample_HCM-SANG-1090-C18-85A-01D-A80T-32-aliquot/analysis/HCM-SANG-1090-C18-85A-01D-A80T-32-aliquot.final.bam,/gpfs/commons/projects/HCMI/wgs_batch2/9a3c69e9-4b30-4fdf-b42c-3b4ad22a906a/64a73ac3-bbc2-4528-bf04-88d636fd6c5b_wgs_gdc_realn.bam
HCM-BROD-0871-C49-85M-01D-A881-36,HCM-BROD-0871-C49-85M-01D-A881-36.WholeGenome.RP-1765.bam,/gpfs/commons/projects/TCGA/gdc-awg/HCMI/WGS/Project_NYGC_15336_B02_SOM_WGS_AnalysisOnly/Sample_HCM-BROD-0871-C49-85M-01D-A881-36/analysis/HCM-BROD-0871-C49-85M-01D-A881-36.final.bam,/gpfs/commons/projects/HCMI/wgs_batch2/d468e896-abc8-4b57-b312-105f37055e95/HCM-BROD-0871-C49-85M-01D-A881-36.WholeGenome.RP-1765.bam
HCM-WCMC-0948-C67-01A-15D-A88H-36,HCM-WCMC-0948-C67-01A-15D-A88H-36.WholeGenome.RP-1765.bam,/gpfs/commons/projects/TCGA/gdc-awg/HCMI/WGS/Project_NYGC_15336_B02_SOM_WGS_AnalysisOnly/Sample_HCM-WCMC-0948-C67-01A-15D-A88H-36/analysis/HCM-WCMC-0948-C67-01A-15D-A88H-36.final.bam,/gpfs/commons/projects/HCMI/wgs_batch2/58ca5c11-ad83-4500-9e1d-8dfe13129b95/HCM-WCMC-0948-C67-01A-15D-A88H-36.WholeGenome.RP-1765.bam
HCM-CSHL-1268-C24-06A-11D-A882-36,HCM-CSHL-1268-C24-06A-11D-A882-36.WholeGenome.RP-1765.bam,/gpfs/commons/projects/TCGA/gdc-awg/HCMI/WGS/Project_NYGC_15336_B02_SOM_WGS_AnalysisOnly/Sample_HCM-CSHL-1268-C24-06A-11D-A882-36/analysis/HCM-CSHL-1268-C24-06A-11D-A882-36.final.bam,/gpfs/commons/projects/HCMI/wgs_batch2/102420ba-b331-41f4-9ec1-bc2d9e636734/HCM-CSHL-1268-C24-06A-11D-A882-36.WholeGenome.RP-1765.bam
HCM-SANG-1085-C20-10A-01D-A80T-32-aliquot,caf91cbf-278b-4d77-be26-a332c79e9a4c_wgs_gdc_realn.bam,/gpfs/commons/projects/TCGA/gdc-awg/HCMI/WGS/Project_NYGC_15336_B02_SOM_WGS_AnalysisOnly/Sample_HCM-SANG-1085-C20-10A-01D-A80T-32-aliquot/analysis/HCM-SANG-1085-C20-10A-01D-A80T-32-aliquot.final.bam,/gpfs/commons/projects/HCMI/wgs_batch2/3b4f9c1c-4fb0-4cb9-895c-c80395a607b0/caf91cbf-278b-4d77-be26-a332c79e9a4c_wgs_gdc_realn.bam
HCM-BROD-0959-C18-85B-01D-A881-36,HCM-BROD-0959-C18-85B-01D-A881-36.WholeGenome.RP-1765.bam,/gpfs/commons/projects/TCGA/gdc-awg/HCMI/WGS/Project_NYGC_15336_B02_SOM_WGS_AnalysisOnly/Sample_HCM-BROD-0959-C18-85B-01D-A881-36/analysis/HCM-BROD-0959-C18-85B-01D-A881-36.final.bam,/gpfs/commons/projects/HCMI/wgs_batch2/7695f5bb-f81c-43f6-99d6-e4271a7bfd0a/HCM-BROD-0959-C18-85B-01D-A881-36.WholeGenome.RP-1765.bam
HCM-WCMC-1359-C34-01A-05D-A937-36,HCM-WCMC-1359-C34-01A-05D-A937-36.WholeGenome.RP-1765.bam,/gpfs/commons/projects/TCGA/gdc-awg/HCMI/WGS/Project_NYGC_15336_B02_SOM_WGS_AnalysisOnly/Sample_HCM-WCMC-1359-C34-01A-05D-A937-36/analysis/HCM-WCMC-1359-C34-01A-05D-A937-36.final.bam,/gpfs/commons/projects/HCMI/wgs_batch2/adaa85c7-58d7-4659-9618-3dca01d0478e/HCM-WCMC-1359-C34-01A-05D-A937-36.WholeGenome.RP-1765.bam
HCM-BROD-0783-C71-10A-01D-A87L-36,HCM-BROD-0783-C71-10A-01D-A87L-36.WholeGenome.RP-1765.bam,/gpfs/commons/projects/TCGA/gdc-awg/HCMI/WGS/Project_NYGC_15336_B02_SOM_WGS_AnalysisOnly/Sample_HCM-BROD-0783-C71-10A-01D-A87L-36/analysis/HCM-BROD-0783-C71-10A-01D-A87L-36.final.bam,/gpfs/commons/projects/HCMI/wgs_batch2/baf9b62d-d365-404a-893d-d0a077f14bc6/HCM-BROD-0783-C71-10A-01D-A87L-36.WholeGenome.RP-1765.bam
HCM-STAN-0841-C18-01A-11D-A882-36,HCM-STAN-0841-C18-01A-11D-A882-36.WholeGenome.RP-1765.bam,/gpfs/commons/projects/TCGA/gdc-awg/HCMI/WGS/Project_NYGC_15336_B02_SOM_WGS_AnalysisOnly/Sample_HCM-STAN-0841-C18-01A-11D-A882-36/analysis/HCM-STAN-0841-C18-01A-11D-A882-36.final.bam,/gpfs/commons/projects/HCMI/wgs_batch2/926a8e64-f925-45d3-b91a-1478257dd9db/HCM-STAN-0841-C18-01A-11D-A882-36.WholeGenome.RP-1765.bam
HCM-STAN-1109-D13-11A-04D-A937-36,HCM-STAN-1109-D13-11A-04D-A937-36.WholeGenome.RP-1765.bam,/gpfs/commons/projects/TCGA/gdc-awg/HCMI/WGS/Project_NYGC_15336_B02_SOM_WGS_AnalysisOnly/Sample_HCM-STAN-1109-D13-11A-04D-A937-36/analysis/HCM-STAN-1109-D13-11A-04D-A937-36.final.bam,/gpfs/commons/projects/HCMI/wgs_batch2/5b8c61a1-8935-4c1b-a937-ec46887d89aa/HCM-STAN-1109-D13-11A-04D-A937-36.WholeGenome.RP-1765.bam
HCM-CSHL-0618-C18-06A-11D-A881-36,HCM-CSHL-0618-C18-06A-11D-A881-36.WholeGenome.RP-1765.bam,/gpfs/commons/projects/TCGA/gdc-awg/HCMI/WGS/Project_NYGC_15336_B02_SOM_WGS_AnalysisOnly/Sample_HCM-CSHL-0618-C18-06A-11D-A881-36/analysis/HCM-CSHL-0618-C18-06A-11D-A881-36.final.bam,/gpfs/commons/projects/HCMI/wgs_batch2/5f72ecf6-6226-4610-868a-a978fbc4074d/HCM-CSHL-0618-C18-06A-11D-A881-36.WholeGenome.RP-1765.bam
HCM-BROD-1121-C71-10A-01D-A881-36,HCM-BROD-1121-C71-10A-01D-A881-36.WholeGenome.RP-1765.bam,/gpfs/commons/projects/TCGA/gdc-awg/HCMI/WGS/Project_NYGC_15336_B02_SOM_WGS_AnalysisOnly/Sample_HCM-BROD-1121-C71-10A-01D-A881-36/analysis/HCM-BROD-1121-C71-10A-01D-A881-36.final.bam,/gpfs/commons/projects/HCMI/wgs_batch2/15e07cc8-77ca-47eb-9b3c-4c69d253dc83/HCM-BROD-1121-C71-10A-01D-A881-36.WholeGenome.RP-1765.bam
HCM-SANG-0528-C25-85A-01D-A80T-32-aliquot,49b3b7e4-fefd-4d3a-99be-36bc352810f0_wgs_gdc_realn.bam,/gpfs/commons/projects/TCGA/gdc-awg/HCMI/WGS/Project_NYGC_15336_B02_SOM_WGS_AnalysisOnly/Sample_HCM-SANG-0528-C25-85A-01D-A80T-32-aliquot/analysis/HCM-SANG-0528-C25-85A-01D-A80T-32-aliquot.final.bam,/gpfs/commons/projects/HCMI/wgs_batch2/1a26cc1c-c52c-4a23-9a1c-aa5b08c4ab92/49b3b7e4-fefd-4d3a-99be-36bc352810f0_wgs_gdc_realn.bam
HCM-SANG-1093-C18-10A-01D-A80T-32-aliquot,97468de2-a726-4e5c-8d01-5405f71ddb06_wgs_gdc_realn.bam,/gpfs/commons/projects/TCGA/gdc-awg/HCMI/WGS/Project_NYGC_15336_B02_SOM_WGS_AnalysisOnly/Sample_HCM-SANG-1093-C18-10A-01D-A80T-32-aliquot/analysis/HCM-SANG-1093-C18-10A-01D-A80T-32-aliquot.final.bam,/gpfs/commons/projects/HCMI/wgs_batch2/c75272bf-9dc9-4667-af1b-05736d6ad066/97468de2-a726-4e5c-8d01-5405f71ddb06_wgs_gdc_realn.bam
HCM-CSHL-0669-C18-10A-01D-A85C-36,HCM-CSHL-0669-C18-10A-01D-A85C-36.WholeGenome.RP-1765.bam,/gpfs/commons/projects/TCGA/gdc-awg/HCMI/WGS/Project_NYGC_15336_B02_SOM_WGS_AnalysisOnly/Sample_HCM-CSHL-0669-C18-10A-01D-A85C-36/analysis/HCM-CSHL-0669-C18-10A-01D-A85C-36.final.bam,/gpfs/commons/projects/HCMI/wgs_batch2/a340bd5c-1252-4220-8cd1-ad96d3ca762d/HCM-CSHL-0669-C18-10A-01D-A85C-36.WholeGenome.RP-1765.bam
HCM-STAN-0840-C49-06A-11D-A88H-36,HCM-STAN-0840-C49-06A-11D-A88H-36.WholeGenome.RP-1765.bam,/gpfs/commons/projects/TCGA/gdc-awg/HCMI/WGS/Project_NYGC_15336_B02_SOM_WGS_AnalysisOnly/Sample_HCM-STAN-0840-C49-06A-11D-A88H-36/analysis/HCM-STAN-0840-C49-06A-11D-A88H-36.final.bam,/gpfs/commons/projects/HCMI/wgs_batch2/e812d6e0-f709-4623-993c-f8ada574a3df/HCM-STAN-0840-C49-06A-11D-A88H-36.WholeGenome.RP-1765.bam
HCM-SANG-0523-C15-01A-01D-A80T-32-aliquot,3828ad65-e5ec-47c0-aa18-676dcf19ce86_wgs_gdc_realn.bam,/gpfs/commons/projects/TCGA/gdc-awg/HCMI/WGS/Project_NYGC_15336_B02_SOM_WGS_AnalysisOnly/Sample_HCM-SANG-0523-C15-01A-01D-A80T-32-aliquot/analysis/HCM-SANG-0523-C15-01A-01D-A80T-32-aliquot.final.bam,/gpfs/commons/projects/HCMI/wgs_batch2/0a9a641e-a90b-40f1-81b6-03ae479043f4/3828ad65-e5ec-47c0-aa18-676dcf19ce86_wgs_gdc_realn.bam
HCM-CSHL-0653-C18-10A-01D-A88G-36,HCM-CSHL-0653-C18-10A-01D-A88G-36.WholeGenome.RP-1765.bam,/gpfs/commons/projects/TCGA/gdc-awg/HCMI/WGS/Project_NYGC_15336_B02_SOM_WGS_AnalysisOnly/Sample_HCM-CSHL-0653-C18-10A-01D-A88G-36/analysis/HCM-CSHL-0653-C18-10A-01D-A88G-36.final.bam,/gpfs/commons/projects/HCMI/wgs_batch2/b7498132-4a57-48f6-878e-ab7d871845e6/HCM-CSHL-0653-C18-10A-01D-A88G-36.WholeGenome.RP-1765.bam
HCM-SANG-1321-C18-85A-01D-A80T-32-aliquot,ed43d66f-ea82-4898-8b50-f3e6d8797222_wgs_gdc_realn.bam,/gpfs/commons/projects/TCGA/gdc-awg/HCMI/WGS/Project_NYGC_15336_B02_SOM_WGS_AnalysisOnly/Sample_HCM-SANG-1321-C18-85A-01D-A80T-32-aliquot/analysis/HCM-SANG-1321-C18-85A-01D-A80T-32-aliquot.final.bam,/gpfs/commons/projects/HCMI/wgs_batch2/5dba5340-791b-4447-bf46-926e2cecf56d/ed43d66f-ea82-4898-8b50-f3e6d8797222_wgs_gdc_realn.bam
HCM-SANG-0529-C18-10A-01D-A80T-32-aliquot,838a9e81-5d29-46b6-a7a0-4a917c06482c_wgs_gdc_realn.bam,/gpfs/commons/projects/TCGA/gdc-awg/HCMI/WGS/Project_NYGC_15336_B02_SOM_WGS_AnalysisOnly/Sample_HCM-SANG-0529-C18-10A-01D-A80T-32-aliquot/analysis/HCM-SANG-0529-C18-10A-01D-A80T-32-aliquot.final.bam,/gpfs/commons/projects/HCMI/wgs_batch2/d536bf02-d07e-4fa0-80c5-7b3e4e25ec7e/838a9e81-5d29-46b6-a7a0-4a917c06482c_wgs_gdc_realn.bam
HCM-CSHL-0699-C56-85B-01D-A88G-36,HCM-CSHL-0699-C56-85B-01D-A88G-36.WholeGenome.RP-1765.bam,/gpfs/commons/projects/TCGA/gdc-awg/HCMI/WGS/Project_NYGC_15336_B02_SOM_WGS_AnalysisOnly/Sample_HCM-CSHL-0699-C56-85B-01D-A88G-36/analysis/HCM-CSHL-0699-C56-85B-01D-A88G-36.final.bam,/gpfs/commons/projects/HCMI/wgs_batch2/478bbbac-d5fc-411b-bc48-52c9d34b8870/HCM-CSHL-0699-C56-85B-01D-A88G-36.WholeGenome.RP-1765.bam
HCM-SANG-1329-C15-85A-01D-A80T-32-aliquot,c089fd5f-5349-41ec-af89-1475298cf80a_wgs_gdc_realn.bam,/gpfs/commons/projects/TCGA/gdc-awg/HCMI/WGS/Project_NYGC_15336_B02_SOM_WGS_AnalysisOnly/Sample_HCM-SANG-1329-C15-85A-01D-A80T-32-aliquot/analysis/HCM-SANG-1329-C15-85A-01D-A80T-32-aliquot.final.bam,/gpfs/commons/projects/HCMI/wgs_batch2/0026da01-df5c-42c4-966e-3cfbf965c2d5/c089fd5f-5349-41ec-af89-1475298cf80a_wgs_gdc_realn.bam
HCM-WCMC-0751-C54-10A-01D-A87L-36,HCM-WCMC-0751-C54-10A-01D-A87L-36.WholeGenome.RP-1765.bam,/gpfs/commons/projects/TCGA/gdc-awg/HCMI/WGS/Project_NYGC_15336_B02_SOM_WGS_AnalysisOnly/Sample_HCM-WCMC-0751-C54-10A-01D-A87L-36/analysis/HCM-WCMC-0751-C54-10A-01D-A87L-36.final.bam,/gpfs/commons/projects/HCMI/wgs_batch2/b545ec53-98bf-492e-a9d0-4618fc54f6f3/HCM-WCMC-0751-C54-10A-01D-A87L-36.WholeGenome.RP-1765.bam
HCM-BROD-0871-C49-11A-11D-A881-36,HCM-BROD-0871-C49-11A-11D-A881-36.WholeGenome.RP-1765.bam,/gpfs/commons/projects/TCGA/gdc-awg/HCMI/WGS/Project_NYGC_15336_B02_SOM_WGS_AnalysisOnly/Sample_HCM-BROD-0871-C49-11A-11D-A881-36/analysis/HCM-BROD-0871-C49-11A-11D-A881-36.final.bam,/gpfs/commons/projects/HCMI/wgs_batch2/91c62056-c0bd-4839-a4f6-4ec83a79d92a/HCM-BROD-0871-C49-11A-11D-A881-36.WholeGenome.RP-1765.bam
HCM-STAN-1113-C18-11A-04D-A937-36,HCM-STAN-1113-C18-11A-04D-A937-36.WholeGenome.RP-1765.bam,/gpfs/commons/projects/TCGA/gdc-awg/HCMI/WGS/Project_NYGC_15336_B02_SOM_WGS_AnalysisOnly/Sample_HCM-STAN-1113-C18-11A-04D-A937-36/analysis/HCM-STAN-1113-C18-11A-04D-A937-36.final.bam,/gpfs/commons/projects/HCMI/wgs_batch2/090530ce-9ea0-48e3-abe5-6ef43d547aad/HCM-STAN-1113-C18-11A-04D-A937-36.WholeGenome.RP-1765.bam
HCM-BROD-0954-C34-85A-01D-A87L-36,HCM-BROD-0954-C34-85A-01D-A87L-36.WholeGenome.RP-1765.bam,/gpfs/commons/projects/TCGA/gdc-awg/HCMI/WGS/Project_NYGC_15336_B02_SOM_WGS_AnalysisOnly/Sample_HCM-BROD-0954-C34-85A-01D-A87L-36/analysis/HCM-BROD-0954-C34-85A-01D-A87L-36.final.bam,/gpfs/commons/projects/HCMI/wgs_batch2/8a584b49-5d10-4bfb-9cea-23965c6d4a00/HCM-BROD-0954-C34-85A-01D-A87L-36.WholeGenome.RP-1765.bam
HCM-CSHL-0639-C56-85A-01D-A88G-36,HCM-CSHL-0639-C56-85A-01D-A88G-36.WholeGenome.RP-1765.bam,/gpfs/commons/projects/TCGA/gdc-awg/HCMI/WGS/Project_NYGC_15336_B02_SOM_WGS_AnalysisOnly/Sample_HCM-CSHL-0639-C56-85A-01D-A88G-36/analysis/HCM-CSHL-0639-C56-85A-01D-A88G-36.final.bam,/gpfs/commons/projects/HCMI/wgs_batch2/74ffe4ce-d5f1-4c4d-b66a-a4101bd13419/HCM-CSHL-0639-C56-85A-01D-A88G-36.WholeGenome.RP-1765.bam
HCM-CSHL-0875-C67-10A-01D-A88H-36,HCM-CSHL-0875-C67-10A-01D-A88H-36.WholeGenome.RP-1765.bam,/gpfs/commons/projects/TCGA/gdc-awg/HCMI/WGS/Project_NYGC_15336_B02_SOM_WGS_AnalysisOnly/Sample_HCM-CSHL-0875-C67-10A-01D-A88H-36/analysis/HCM-CSHL-0875-C67-10A-01D-A88H-36.final.bam,/gpfs/commons/projects/HCMI/wgs_batch2/e342bdab-3d89-4c85-a383-9257a63a750d/HCM-CSHL-0875-C67-10A-01D-A88H-36.WholeGenome.RP-1765.bam
HCM-STAN-0848-C20-85A-01D-A882-36,HCM-STAN-0848-C20-85A-01D-A882-36.WholeGenome.RP-1765.bam,/gpfs/commons/projects/TCGA/gdc-awg/HCMI/WGS/Project_NYGC_15336_B02_SOM_WGS_AnalysisOnly/Sample_HCM-STAN-0848-C20-85A-01D-A882-36/analysis/HCM-STAN-0848-C20-85A-01D-A882-36.final.bam,/gpfs/commons/projects/HCMI/wgs_batch2/fae98398-cbf2-4696-89b0-6207a9e30756/HCM-STAN-0848-C20-85A-01D-A882-36.WholeGenome.RP-1765.bam
HCM-CSHL-0868-C56-85A-01D-A881-36,HCM-CSHL-0868-C56-85A-01D-A881-36.WholeGenome.RP-1765.bam,/gpfs/commons/projects/TCGA/gdc-awg/HCMI/WGS/Project_NYGC_15336_B02_SOM_WGS_AnalysisOnly/Sample_HCM-CSHL-0868-C56-85A-01D-A881-36/analysis/HCM-CSHL-0868-C56-85A-01D-A881-36.final.bam,/gpfs/commons/projects/HCMI/wgs_batch2/275c4858-9ba2-4bc2-9219-77d9157a5d8f/HCM-CSHL-0868-C56-85A-01D-A881-36.WholeGenome.RP-1765.bam
HCM-CSHL-0860-C18-06A-11D-A881-36,HCM-CSHL-0860-C18-06A-11D-A881-36.WholeGenome.RP-1765.bam,/gpfs/commons/projects/TCGA/gdc-awg/HCMI/WGS/Project_NYGC_15336_B02_SOM_WGS_AnalysisOnly/Sample_HCM-CSHL-0860-C18-06A-11D-A881-36/analysis/HCM-CSHL-0860-C18-06A-11D-A881-36.final.bam,/gpfs/commons/projects/HCMI/wgs_batch2/0574e340-496d-44e9-b6b3-da2ca42a8cd2/HCM-CSHL-0860-C18-06A-11D-A881-36.WholeGenome.RP-1765.bam
HCM-CSHL-0393-C18-11A-11D-A88G-36,HCM-CSHL-0393-C18-11A-11D-A88G-36.WholeGenome.RP-1765.bam,/gpfs/commons/projects/TCGA/gdc-awg/HCMI/WGS/Project_NYGC_15336_B02_SOM_WGS_AnalysisOnly/Sample_HCM-CSHL-0393-C18-11A-11D-A88G-36/analysis/HCM-CSHL-0393-C18-11A-11D-A88G-36.final.bam,/gpfs/commons/projects/HCMI/wgs_batch2/0b79a6dc-209c-41c7-835c-82891762c173/HCM-CSHL-0393-C18-11A-11D-A88G-36.WholeGenome.RP-1765.bam
HCM-CSHL-0853-C56-85G-01D-A881-36,HCM-CSHL-0853-C56-85G-01D-A881-36.WholeGenome.RP-1765.bam,/gpfs/commons/projects/TCGA/gdc-awg/HCMI/WGS/Project_NYGC_15336_B02_SOM_WGS_AnalysisOnly/Sample_HCM-CSHL-0853-C56-85G-01D-A881-36/analysis/HCM-CSHL-0853-C56-85G-01D-A881-36.final.bam,/gpfs/commons/projects/HCMI/wgs_batch2/43b22403-ecfa-4758-942d-e6f65b6432e0/HCM-CSHL-0853-C56-85G-01D-A881-36.WholeGenome.RP-1765.bam
HCM-SANG-1327-C18-85A-01D-A80T-32-aliquot,0e65b9a2-7d34-47fb-a853-1e1599b97ce2_wgs_gdc_realn.bam,/gpfs/commons/projects/TCGA/gdc-awg/HCMI/WGS/Project_NYGC_15336_B02_SOM_WGS_AnalysisOnly/Sample_HCM-SANG-1327-C18-85A-01D-A80T-32-aliquot/analysis/HCM-SANG-1327-C18-85A-01D-A80T-32-aliquot.final.bam,/gpfs/commons/projects/HCMI/wgs_batch2/86e7db6e-2925-4a42-9509-af2af389279b/0e65b9a2-7d34-47fb-a853-1e1599b97ce2_wgs_gdc_realn.bam
HCM-WCMC-0790-C67-85B-01D-A905-36,HCM-WCMC-0790-C67-85B-01D-A905-36.WholeGenome.RP-1765.bam,/gpfs/commons/projects/TCGA/gdc-awg/HCMI/WGS/Project_NYGC_15336_B02_SOM_WGS_AnalysisOnly/Sample_HCM-WCMC-0790-C67-85B-01D-A905-36/analysis/HCM-WCMC-0790-C67-85B-01D-A905-36.final.bam,/gpfs/commons/projects/HCMI/wgs_batch2/17d789ba-4a66-406d-a9d4-f5387ed7accd/HCM-WCMC-0790-C67-85B-01D-A905-36.WholeGenome.RP-1765.bam
HCM-CSHL-0151-C50-85A-01D-A87L-36,HCM-CSHL-0151-C50-85A-01D-A87L-36.WholeGenome.RP-1765.bam,/gpfs/commons/projects/TCGA/gdc-awg/HCMI/WGS/Project_NYGC_15336_B02_SOM_WGS_AnalysisOnly/Sample_HCM-CSHL-0151-C50-85A-01D-A87L-36/analysis/HCM-CSHL-0151-C50-85A-01D-A87L-36.final.bam,/gpfs/commons/projects/HCMI/wgs_batch2/08e62e05-f763-49a1-8da3-1766c0ab25f1/HCM-CSHL-0151-C50-85A-01D-A87L-36.WholeGenome.RP-1765.bam
HCM-SANG-1091-C18-10A-01D-A80T-32-aliquot,53e2ab5c-6a8c-4392-87d7-77491f737a2a_wgs_gdc_realn.bam,/gpfs/commons/projects/TCGA/gdc-awg/HCMI/WGS/Project_NYGC_15336_B02_SOM_WGS_AnalysisOnly/Sample_HCM-SANG-1091-C18-10A-01D-A80T-32-aliquot/analysis/HCM-SANG-1091-C18-10A-01D-A80T-32-aliquot.final.bam,/gpfs/commons/projects/HCMI/wgs_batch2/b3d65f40-f8b4-440b-ba33-3364184e80b2/53e2ab5c-6a8c-4392-87d7-77491f737a2a_wgs_gdc_realn.bam
HCM-SANG-0525-C18-85A-01D-A80T-32-aliquot,2ece8933-1bf6-45ae-91df-b5c6aa565a95_wgs_gdc_realn.bam,/gpfs/commons/projects/TCGA/gdc-awg/HCMI/WGS/Project_NYGC_15336_B02_SOM_WGS_AnalysisOnly/Sample_HCM-SANG-0525-C18-85A-01D-A80T-32-aliquot/analysis/HCM-SANG-0525-C18-85A-01D-A80T-32-aliquot.final.bam,/gpfs/commons/projects/HCMI/wgs_batch2/d84f01cd-ddc6-4c08-ada7-a013baa7a55e/2ece8933-1bf6-45ae-91df-b5c6aa565a95_wgs_gdc_realn.bam
HCM-SANG-1095-C25-10A-01D-A80T-32-aliquot,99507eec-d811-4fda-848d-85dd9b8c6ce6_wgs_gdc_realn.bam,/gpfs/commons/projects/TCGA/gdc-awg/HCMI/WGS/Project_NYGC_15336_B02_SOM_WGS_AnalysisOnly/Sample_HCM-SANG-1095-C25-10A-01D-A80T-32-aliquot/analysis/HCM-SANG-1095-C25-10A-01D-A80T-32-aliquot.final.bam,/gpfs/commons/projects/HCMI/wgs_batch2/a32a0338-da2a-4207-8444-95c0cfbff3b9/99507eec-d811-4fda-848d-85dd9b8c6ce6_wgs_gdc_realn.bam
HCM-BROD-0597-C64-01B-01D-A85C-36,HCM-BROD-0597-C64-01B-01D-A85C-36.WholeGenome.RP-1765.bam,/gpfs/commons/projects/TCGA/gdc-awg/HCMI/WGS/Project_NYGC_15336_B02_SOM_WGS_AnalysisOnly/Sample_HCM-BROD-0597-C64-01B-01D-A85C-36/analysis/HCM-BROD-0597-C64-01B-01D-A85C-36.final.bam,/gpfs/commons/projects/HCMI/wgs_batch2/c9edc9d8-0a0f-4d92-a9c8-0a07ca133300/HCM-BROD-0597-C64-01B-01D-A85C-36.WholeGenome.RP-1765.bam
HCM-SANG-0541-C20-10A-01D-A80T-32-aliquot,30ae7379-7963-4f0d-a7b2-056ceca2cb7e_wgs_gdc_realn.bam,/gpfs/commons/projects/TCGA/gdc-awg/HCMI/WGS/Project_NYGC_15336_B02_SOM_WGS_AnalysisOnly/Sample_HCM-SANG-0541-C20-10A-01D-A80T-32-aliquot/analysis/HCM-SANG-0541-C20-10A-01D-A80T-32-aliquot.final.bam,/gpfs/commons/projects/HCMI/wgs_batch2/5316bf2a-195c-4e28-bb06-78b129e3b6a5/30ae7379-7963-4f0d-a7b2-056ceca2cb7e_wgs_gdc_realn.bam
HCM-BROD-0682-C64-85A-01D-A85C-36,HCM-BROD-0682-C64-85A-01D-A85C-36.WholeGenome.RP-1765.bam,/gpfs/commons/projects/TCGA/gdc-awg/HCMI/WGS/Project_NYGC_15336_B02_SOM_WGS_AnalysisOnly/Sample_HCM-BROD-0682-C64-85A-01D-A85C-36/analysis/HCM-BROD-0682-C64-85A-01D-A85C-36.final.bam,/gpfs/commons/projects/HCMI/wgs_batch2/13d87fd6-52b4-465d-905d-a1a833468a7f/HCM-BROD-0682-C64-85A-01D-A85C-36.WholeGenome.RP-1765.bam
HCM-WCMC-0789-C34-01A-20D-A87L-36,HCM-WCMC-0789-C34-01A-20D-A87L-36.WholeGenome.RP-1765.bam,/gpfs/commons/projects/TCGA/gdc-awg/HCMI/WGS/Project_NYGC_15336_B02_SOM_WGS_AnalysisOnly/Sample_HCM-WCMC-0789-C34-01A-20D-A87L-36/analysis/HCM-WCMC-0789-C34-01A-20D-A87L-36.final.bam,/gpfs/commons/projects/HCMI/wgs_batch2/20fb0e53-5fd6-4b62-acef-102895f4844c/HCM-WCMC-0789-C34-01A-20D-A87L-36.WholeGenome.RP-1765.bam
HCM-WCMC-0747-C50-85P-01D-A88H-36,HCM-WCMC-0747-C50-85P-01D-A88H-36.WholeGenome.RP-1765.bam,/gpfs/commons/projects/TCGA/gdc-awg/HCMI/WGS/Project_NYGC_15336_B02_SOM_WGS_AnalysisOnly/Sample_HCM-WCMC-0747-C50-85P-01D-A88H-36/analysis/HCM-WCMC-0747-C50-85P-01D-A88H-36.final.bam,/gpfs/commons/projects/HCMI/wgs_batch2/2d7bf465-8e3c-4fe4-a0a3-d23b41166bb2/HCM-WCMC-0747-C50-85P-01D-A88H-36.WholeGenome.RP-1765.bam
HCM-BROD-0615-C16-06A-11D-A85K-36,HCM-BROD-0615-C16-06A-11D-A85K-36.WholeGenome.RP-1765.bam,/gpfs/commons/projects/TCGA/gdc-awg/HCMI/WGS/Project_NYGC_15336_B02_SOM_WGS_AnalysisOnly/Sample_HCM-BROD-0615-C16-06A-11D-A85K-36/analysis/HCM-BROD-0615-C16-06A-11D-A85K-36.final.bam,/gpfs/commons/projects/HCMI/wgs_batch2/1e0b3fc3-00b9-4ec0-959f-80fd6cb1ae37/HCM-BROD-0615-C16-06A-11D-A85K-36.WholeGenome.RP-1765.bam
HCM-BROD-1078-C49-06B-11D-A881-36,HCM-BROD-1078-C49-06B-11D-A881-36.WholeGenome.RP-1765.bam,/gpfs/commons/projects/TCGA/gdc-awg/HCMI/WGS/Project_NYGC_15336_B02_SOM_WGS_AnalysisOnly/Sample_HCM-BROD-1078-C49-06B-11D-A881-36/analysis/HCM-BROD-1078-C49-06B-11D-A881-36.final.bam,/gpfs/commons/projects/HCMI/wgs_batch2/a126625e-88ee-41b9-8c4b-c32210a6a31c/HCM-BROD-1078-C49-06B-11D-A881-36.WholeGenome.RP-1765.bam
HCM-SANG-0535-C20-08A-01D-A80T-32-aliquot,c73f2ff6-960c-4096-ae8d-55249a4cc8c3_wgs_gdc_realn.bam,/gpfs/commons/projects/TCGA/gdc-awg/HCMI/WGS/Project_NYGC_15336_B02_SOM_WGS_AnalysisOnly/Sample_HCM-SANG-0535-C20-08A-01D-A80T-32-aliquot/analysis/HCM-SANG-0535-C20-08A-01D-A80T-32-aliquot.final.bam,/gpfs/commons/projects/HCMI/wgs_batch2/c9ab4a6d-b59a-43d7-a050-1c10d66d9dd9/c73f2ff6-960c-4096-ae8d-55249a4cc8c3_wgs_gdc_realn.bam
HCM-SANG-1315-C18-85A-01D-A80T-32-aliquot,202dc01e-073a-4dbc-93ca-c8ec07fc4da5_wgs_gdc_realn.bam,/gpfs/commons/projects/TCGA/gdc-awg/HCMI/WGS/Project_NYGC_15336_B02_SOM_WGS_AnalysisOnly/Sample_HCM-SANG-1315-C18-85A-01D-A80T-32-aliquot/analysis/HCM-SANG-1315-C18-85A-01D-A80T-32-aliquot.final.bam,/gpfs/commons/projects/HCMI/wgs_batch2/f0029218-1b61-401a-a38c-0ab5bd2b403b/202dc01e-073a-4dbc-93ca-c8ec07fc4da5_wgs_gdc_realn.bam
HCM-WCMC-0749-C34-01A-20D-A87L-36,HCM-WCMC-0749-C34-01A-20D-A87L-36.WholeGenome.RP-1765.bam,/gpfs/commons/projects/TCGA/gdc-awg/HCMI/WGS/Project_NYGC_15336_B02_SOM_WGS_AnalysisOnly/Sample_HCM-WCMC-0749-C34-01A-20D-A87L-36/analysis/HCM-WCMC-0749-C34-01A-20D-A87L-36.final.bam,/gpfs/commons/projects/HCMI/wgs_batch2/af77e90d-57e1-44c7-812c-984171874732/HCM-WCMC-0749-C34-01A-20D-A87L-36.WholeGenome.RP-1765.bam
HCM-BROD-1078-C49-85B-01D-A881-36,HCM-BROD-1078-C49-85B-01D-A881-36.WholeGenome.RP-1765.bam,/gpfs/commons/projects/TCGA/gdc-awg/HCMI/WGS/Project_NYGC_15336_B02_SOM_WGS_AnalysisOnly/Sample_HCM-BROD-1078-C49-85B-01D-A881-36/analysis/HCM-BROD-1078-C49-85B-01D-A881-36.final.bam,/gpfs/commons/projects/HCMI/wgs_batch2/3f9b39fa-29bf-4c8f-9d45-d4e91fc5dbe4/HCM-BROD-1078-C49-85B-01D-A881-36.WholeGenome.RP-1765.bam
HCM-CSHL-1270-C18-11A-01D-A905-36,HCM-CSHL-1270-C18-11A-01D-A905-36.WholeGenome.RP-1765.bam,/gpfs/commons/projects/TCGA/gdc-awg/HCMI/WGS/Project_NYGC_15336_B02_SOM_WGS_AnalysisOnly/Sample_HCM-CSHL-1270-C18-11A-01D-A905-36/analysis/HCM-CSHL-1270-C18-11A-01D-A905-36.final.bam,/gpfs/commons/projects/HCMI/wgs_batch2/2dd0d1a0-ef20-444e-9043-74828fd22ac3/HCM-CSHL-1270-C18-11A-01D-A905-36.WholeGenome.RP-1765.bam
HCM-WCMC-1280-C54-10A-01D-A905-36,HCM-WCMC-1280-C54-10A-01D-A905-36.WholeGenome.RP-1765.bam,/gpfs/commons/projects/TCGA/gdc-awg/HCMI/WGS/Project_NYGC_15336_B02_SOM_WGS_AnalysisOnly/Sample_HCM-WCMC-1280-C54-10A-01D-A905-36/analysis/HCM-WCMC-1280-C54-10A-01D-A905-36.final.bam,/gpfs/commons/projects/HCMI/wgs_batch2/0d7d5bdb-3bc7-4a49-9a20-95edb87ae988/HCM-WCMC-1280-C54-10A-01D-A905-36.WholeGenome.RP-1765.bam
HCM-SANG-1094-C16-01A-01D-A80T-32-aliquot,8cf58710-bf47-4219-aed8-7613db887b28_wgs_gdc_realn.bam,/gpfs/commons/projects/TCGA/gdc-awg/HCMI/WGS/Project_NYGC_15336_B02_SOM_WGS_AnalysisOnly/Sample_HCM-SANG-1094-C16-01A-01D-A80T-32-aliquot/analysis/HCM-SANG-1094-C16-01A-01D-A80T-32-aliquot.final.bam,/gpfs/commons/projects/HCMI/wgs_batch2/db8745ed-381d-42f3-8159-646a8dc838a8/8cf58710-bf47-4219-aed8-7613db887b28_wgs_gdc_realn.bam
HCM-WCMC-1359-C34-85A-01D-A937-36,HCM-WCMC-1359-C34-85A-01D-A937-36.WholeGenome.RP-1765.bam,/gpfs/commons/projects/TCGA/gdc-awg/HCMI/WGS/Project_NYGC_15336_B02_SOM_WGS_AnalysisOnly/Sample_HCM-WCMC-1359-C34-85A-01D-A937-36/analysis/HCM-WCMC-1359-C34-85A-01D-A937-36.final.bam,/gpfs/commons/projects/HCMI/wgs_batch2/daa76bcf-26a7-49bc-bb25-4f5a5bd30f38/HCM-WCMC-1359-C34-85A-01D-A937-36.WholeGenome.RP-1765.bam
HCM-CSHL-0852-C76-85A-01D-A88H-36,HCM-CSHL-0852-C76-85A-01D-A88H-36.WholeGenome.RP-1765.bam,/gpfs/commons/projects/TCGA/gdc-awg/HCMI/WGS/Project_NYGC_15336_B02_SOM_WGS_AnalysisOnly/Sample_HCM-CSHL-0852-C76-85A-01D-A88H-36/analysis/HCM-CSHL-0852-C76-85A-01D-A88H-36.final.bam,/gpfs/commons/projects/HCMI/wgs_batch2/dc183a0c-72e0-4322-a979-2ba6c20f1f78/HCM-CSHL-0852-C76-85A-01D-A88H-36.WholeGenome.RP-1765.bam
HCM-SANG-1321-C18-01A-01D-A80T-32-aliquot,618d76c1-81b2-45d2-bcf7-e7aa0132e461_wgs_gdc_realn.bam,/gpfs/commons/projects/TCGA/gdc-awg/HCMI/WGS/Project_NYGC_15336_B02_SOM_WGS_AnalysisOnly/Sample_HCM-SANG-1321-C18-01A-01D-A80T-32-aliquot/analysis/HCM-SANG-1321-C18-01A-01D-A80T-32-aliquot.final.bam,/gpfs/commons/projects/HCMI/wgs_batch2/59de3c5e-dac0-4c57-9229-86f84c78cb46/618d76c1-81b2-45d2-bcf7-e7aa0132e461_wgs_gdc_realn.bam
HCM-SANG-1317-C20-10A-01D-A80T-32-aliquot,0ed7adf7-1048-4b45-8766-3c85846f5d00_wgs_gdc_realn.bam,/gpfs/commons/projects/TCGA/gdc-awg/HCMI/WGS/Project_NYGC_15336_B02_SOM_WGS_AnalysisOnly/Sample_HCM-SANG-1317-C20-10A-01D-A80T-32-aliquot/analysis/HCM-SANG-1317-C20-10A-01D-A80T-32-aliquot.final.bam,/gpfs/commons/projects/HCMI/wgs_batch2/24c536eb-f39c-48ed-a9cd-0dbca2be11d6/0ed7adf7-1048-4b45-8766-3c85846f5d00_wgs_gdc_realn.bam
HCM-SANG-0545-C15-85A-01D-A80T-32-aliquot,9c627e0d-783b-4766-9dba-8a75079f8122_wgs_gdc_realn.bam,/gpfs/commons/projects/TCGA/gdc-awg/HCMI/WGS/Project_NYGC_15336_B02_SOM_WGS_AnalysisOnly/Sample_HCM-SANG-0545-C15-85A-01D-A80T-32-aliquot/analysis/HCM-SANG-0545-C15-85A-01D-A80T-32-aliquot.final.bam,/gpfs/commons/projects/HCMI/wgs_batch2/82674636-486c-4c46-81c2-a18bd1ce7f00/9c627e0d-783b-4766-9dba-8a75079f8122_wgs_gdc_realn.bam
HCM-CSHL-1266-C20-85N-01D-A882-36,HCM-CSHL-1266-C20-85N-01D-A882-36.WholeGenome.RP-1765.bam,/gpfs/commons/projects/TCGA/gdc-awg/HCMI/WGS/Project_NYGC_15336_B02_SOM_WGS_AnalysisOnly/Sample_HCM-CSHL-1266-C20-85N-01D-A882-36/analysis/HCM-CSHL-1266-C20-85N-01D-A882-36.final.bam,/gpfs/commons/projects/HCMI/wgs_batch2/a904a536-49c4-4600-8330-cd2fc578f17f/HCM-CSHL-1266-C20-85N-01D-A882-36.WholeGenome.RP-1765.bam
HCM-CSHL-0857-C19-06A-11D-A881-36,HCM-CSHL-0857-C19-06A-11D-A881-36.WholeGenome.RP-1765.bam,/gpfs/commons/projects/TCGA/gdc-awg/HCMI/WGS/Project_NYGC_15336_B02_SOM_WGS_AnalysisOnly/Sample_HCM-CSHL-0857-C19-06A-11D-A881-36/analysis/HCM-CSHL-0857-C19-06A-11D-A881-36.final.bam,/gpfs/commons/projects/HCMI/wgs_batch2/7e500a78-e4aa-4ae1-acde-ede53e4766d8/HCM-CSHL-0857-C19-06A-11D-A881-36.WholeGenome.RP-1765.bam
HCM-SANG-0527-C18-10A-01D-A80T-32-aliquot,76de67ce-a0a0-4fd8-99e1-8b5b2e23921e_wgs_gdc_realn.bam,/gpfs/commons/projects/TCGA/gdc-awg/HCMI/WGS/Project_NYGC_15336_B02_SOM_WGS_AnalysisOnly/Sample_HCM-SANG-0527-C18-10A-01D-A80T-32-aliquot/analysis/HCM-SANG-0527-C18-10A-01D-A80T-32-aliquot.final.bam,/gpfs/commons/projects/HCMI/wgs_batch2/995f3545-659a-448e-8802-8019a2cad2a0/76de67ce-a0a0-4fd8-99e1-8b5b2e23921e_wgs_gdc_realn.bam
HCM-SANG-0539-C18-01A-01D-A80T-32-aliquot,e2dc92a7-df2a-4860-9eb3-6379a8e4c9e5_wgs_gdc_realn.bam,/gpfs/commons/projects/TCGA/gdc-awg/HCMI/WGS/Project_NYGC_15336_B02_SOM_WGS_AnalysisOnly/Sample_HCM-SANG-0539-C18-01A-01D-A80T-32-aliquot/analysis/HCM-SANG-0539-C18-01A-01D-A80T-32-aliquot.final.bam,/gpfs/commons/projects/HCMI/wgs_batch2/a1ec5d4a-6515-41ab-9909-afa63729ff2e/e2dc92a7-df2a-4860-9eb3-6379a8e4c9e5_wgs_gdc_realn.bam
HCM-STAN-0846-C20-11D-04D-A937-36,HCM-STAN-0846-C20-11D-04D-A937-36.WholeGenome.RP-1765.bam,/gpfs/commons/projects/TCGA/gdc-awg/HCMI/WGS/Project_NYGC_15336_B02_SOM_WGS_AnalysisOnly/Sample_HCM-STAN-0846-C20-11D-04D-A937-36/analysis/HCM-STAN-0846-C20-11D-04D-A937-36.final.bam,/gpfs/commons/projects/HCMI/wgs_batch2/8c623bba-d285-417a-bf56-c55b972788fd/HCM-STAN-0846-C20-11D-04D-A937-36.WholeGenome.RP-1765.bam
HCM-SANG-1339-C18-85A-01D-A80T-32-aliquot,38d1d6c0-5f40-4244-9678-61ffdc8b9b6d_wgs_gdc_realn.bam,/gpfs/commons/projects/TCGA/gdc-awg/HCMI/WGS/Project_NYGC_15336_B02_SOM_WGS_AnalysisOnly/Sample_HCM-SANG-1339-C18-85A-01D-A80T-32-aliquot/analysis/HCM-SANG-1339-C18-85A-01D-A80T-32-aliquot.final.bam,/gpfs/commons/projects/HCMI/wgs_batch2/df7f4e1a-de71-428f-896b-c2bae6a307da/38d1d6c0-5f40-4244-9678-61ffdc8b9b6d_wgs_gdc_realn.bam
HCM-SANG-0530-C15-08A-01D-A80T-32-aliquot,18dbe257-c185-425d-8b05-e6415c2ff711_wgs_gdc_realn.bam,/gpfs/commons/projects/TCGA/gdc-awg/HCMI/WGS/Project_NYGC_15336_B02_SOM_WGS_AnalysisOnly/Sample_HCM-SANG-0530-C15-08A-01D-A80T-32-aliquot/analysis/HCM-SANG-0530-C15-08A-01D-A80T-32-aliquot.final.bam,/gpfs/commons/projects/HCMI/wgs_batch2/abdac184-9812-46a3-9916-9be936f55a8d/18dbe257-c185-425d-8b05-e6415c2ff711_wgs_gdc_realn.bam
HCM-SANG-0548-C25-10A-01D-A80T-32-aliquot,3b59256b-ab48-43f6-b083-047ba485db98_wgs_gdc_realn.bam,/gpfs/commons/projects/TCGA/gdc-awg/HCMI/WGS/Project_NYGC_15336_B02_SOM_WGS_AnalysisOnly/Sample_HCM-SANG-0548-C25-10A-01D-A80T-32-aliquot/analysis/HCM-SANG-0548-C25-10A-01D-A80T-32-aliquot.final.bam,/gpfs/commons/projects/HCMI/wgs_batch2/7db1da48-8b2a-4e0b-93c4-d1dce9faa85e/3b59256b-ab48-43f6-b083-047ba485db98_wgs_gdc_realn.bam
HCM-WCMC-0747-C50-10A-01D-A87L-36,HCM-WCMC-0747-C50-10A-01D-A87L-36.WholeGenome.RP-1765.bam,/gpfs/commons/projects/TCGA/gdc-awg/HCMI/WGS/Project_NYGC_15336_B02_SOM_WGS_AnalysisOnly/Sample_HCM-WCMC-0747-C50-10A-01D-A87L-36/analysis/HCM-WCMC-0747-C50-10A-01D-A87L-36.final.bam,/gpfs/commons/projects/HCMI/wgs_batch2/22d3f42a-fce8-45a2-8dd3-796ee2fd05dd/HCM-WCMC-0747-C50-10A-01D-A87L-36.WholeGenome.RP-1765.bam
HCM-WCMC-0950-C67-85A-01D-A88H-36,HCM-WCMC-0950-C67-85A-01D-A88H-36.WholeGenome.RP-1765.bam,/gpfs/commons/projects/TCGA/gdc-awg/HCMI/WGS/Project_NYGC_15336_B02_SOM_WGS_AnalysisOnly/Sample_HCM-WCMC-0950-C67-85A-01D-A88H-36/analysis/HCM-WCMC-0950-C67-85A-01D-A88H-36.final.bam,/gpfs/commons/projects/HCMI/wgs_batch2/340d4708-e9ba-4ab3-ae31-0566a1de8393/HCM-WCMC-0950-C67-85A-01D-A88H-36.WholeGenome.RP-1765.bam
HCM-CSHL-0803-C54-11A-01D-A88G-36,HCM-CSHL-0803-C54-11A-01D-A88G-36.WholeGenome.RP-1765.bam,/gpfs/commons/projects/TCGA/gdc-awg/HCMI/WGS/Project_NYGC_15336_B02_SOM_WGS_AnalysisOnly/Sample_HCM-CSHL-0803-C54-11A-01D-A88G-36/analysis/HCM-CSHL-0803-C54-11A-01D-A88G-36.final.bam,/gpfs/commons/projects/HCMI/wgs_batch2/81452422-a8ea-4163-b0fa-d8025d63904d/HCM-CSHL-0803-C54-11A-01D-A88G-36.WholeGenome.RP-1765.bam
HCM-WCMC-0949-C67-85A-01D-A88H-36,HCM-WCMC-0949-C67-85A-01D-A88H-36.WholeGenome.RP-1765.bam,/gpfs/commons/projects/TCGA/gdc-awg/HCMI/WGS/Project_NYGC_15336_B02_SOM_WGS_AnalysisOnly/Sample_HCM-WCMC-0949-C67-85A-01D-A88H-36/analysis/HCM-WCMC-0949-C67-85A-01D-A88H-36.final.bam,/gpfs/commons/projects/HCMI/wgs_batch2/72a7b357-767c-4ddb-99f1-c4df1a312653/HCM-WCMC-0949-C67-85A-01D-A88H-36.WholeGenome.RP-1765.bam
HCM-BROD-0418-C71-10A-01D-A87L-36,HCM-BROD-0418-C71-10A-01D-A87L-36.WholeGenome.RP-1765.bam,/gpfs/commons/projects/TCGA/gdc-awg/HCMI/WGS/Project_NYGC_15336_B02_SOM_WGS_AnalysisOnly/Sample_HCM-BROD-0418-C71-10A-01D-A87L-36/analysis/HCM-BROD-0418-C71-10A-01D-A87L-36.final.bam,/gpfs/commons/projects/HCMI/wgs_batch2/9fc7198b-58d8-4854-a1e0-453cdb7c2a23/HCM-BROD-0418-C71-10A-01D-A87L-36.WholeGenome.RP-1765.bam
HCM-SANG-1094-C16-85A-01D-A80T-32-aliquot,696bdcf9-1866-46b1-8fff-0fa9b90ae82d_wgs_gdc_realn.bam,/gpfs/commons/projects/TCGA/gdc-awg/HCMI/WGS/Project_NYGC_15336_B02_SOM_WGS_AnalysisOnly/Sample_HCM-SANG-1094-C16-85A-01D-A80T-32-aliquot/analysis/HCM-SANG-1094-C16-85A-01D-A80T-32-aliquot.final.bam,/gpfs/commons/projects/HCMI/wgs_batch2/0836165c-1370-4150-992b-34097397b5b8/696bdcf9-1866-46b1-8fff-0fa9b90ae82d_wgs_gdc_realn.bam
HCM-CSHL-0653-C18-85O-01D-A88G-36,HCM-CSHL-0653-C18-85O-01D-A88G-36.WholeGenome.RP-1765.bam,/gpfs/commons/projects/TCGA/gdc-awg/HCMI/WGS/Project_NYGC_15336_B02_SOM_WGS_AnalysisOnly/Sample_HCM-CSHL-0653-C18-85O-01D-A88G-36/analysis/HCM-CSHL-0653-C18-85O-01D-A88G-36.final.bam,/gpfs/commons/projects/HCMI/wgs_batch2/141b0ad7-3c0f-41a4-9ad7-38a6da687a53/HCM-CSHL-0653-C18-85O-01D-A88G-36.WholeGenome.RP-1765.bam
HCM-CSHL-0665-C24-11A-01D-A88G-36,HCM-CSHL-0665-C24-11A-01D-A88G-36.WholeGenome.RP-1765.bam,/gpfs/commons/projects/TCGA/gdc-awg/HCMI/WGS/Project_NYGC_15336_B02_SOM_WGS_AnalysisOnly/Sample_HCM-CSHL-0665-C24-11A-01D-A88G-36/analysis/HCM-CSHL-0665-C24-11A-01D-A88G-36.final.bam,/gpfs/commons/projects/HCMI/wgs_batch2/69ddbf87-eee4-45f8-be73-ea6db0bbfc04/HCM-CSHL-0665-C24-11A-01D-A88G-36.WholeGenome.RP-1765.bam
HCM-SANG-1337-C18-85A-01D-A80T-32-aliquot,cf54c16f-8708-4355-8aa4-c12dd77c19a6_wgs_gdc_realn.bam,/gpfs/commons/projects/TCGA/gdc-awg/HCMI/WGS/Project_NYGC_15336_B02_SOM_WGS_AnalysisOnly/Sample_HCM-SANG-1337-C18-85A-01D-A80T-32-aliquot/analysis/HCM-SANG-1337-C18-85A-01D-A80T-32-aliquot.final.bam,/gpfs/commons/projects/HCMI/wgs_batch2/c719711c-fbb0-4616-883e-48f5e69808bb/cf54c16f-8708-4355-8aa4-c12dd77c19a6_wgs_gdc_realn.bam
HCM-CSHL-0639-C56-11A-11D-A88G-36,HCM-CSHL-0639-C56-11A-11D-A88G-36.WholeGenome.RP-1765.bam,/gpfs/commons/projects/TCGA/gdc-awg/HCMI/WGS/Project_NYGC_15336_B02_SOM_WGS_AnalysisOnly/Sample_HCM-CSHL-0639-C56-11A-11D-A88G-36/analysis/HCM-CSHL-0639-C56-11A-11D-A88G-36.final.bam,/gpfs/commons/projects/HCMI/wgs_batch2/1c647a1f-4502-4df0-81bc-2eb7d1aa16ed/HCM-CSHL-0639-C56-11A-11D-A88G-36.WholeGenome.RP-1765.bam
HCM-CSHL-1269-C18-11A-01D-A882-36,HCM-CSHL-1269-C18-11A-01D-A882-36.WholeGenome.RP-1765.bam,/gpfs/commons/projects/TCGA/gdc-awg/HCMI/WGS/Project_NYGC_15336_B02_SOM_WGS_AnalysisOnly/Sample_HCM-CSHL-1269-C18-11A-01D-A882-36/analysis/HCM-CSHL-1269-C18-11A-01D-A882-36.final.bam,/gpfs/commons/projects/HCMI/wgs_batch2/44230e81-1677-4771-a135-b4f6bac53592/HCM-CSHL-1269-C18-11A-01D-A882-36.WholeGenome.RP-1765.bam
HCM-SANG-0534-C18-10A-01D-A80T-32-aliquot,270ebdb7-db94-447f-8de0-bcc23225f7fb_wgs_gdc_realn.bam,/gpfs/commons/projects/TCGA/gdc-awg/HCMI/WGS/Project_NYGC_15336_B02_SOM_WGS_AnalysisOnly/Sample_HCM-SANG-0534-C18-10A-01D-A80T-32-aliquot/analysis/HCM-SANG-0534-C18-10A-01D-A80T-32-aliquot.final.bam,/gpfs/commons/projects/HCMI/wgs_batch2/30001c8f-7030-4d14-9629-de0409b0c9af/270ebdb7-db94-447f-8de0-bcc23225f7fb_wgs_gdc_realn.bam
HCM-SANG-1311-C18-10A-01D-A80T-32-aliquot,90baa8a3-f075-4962-be4a-85f068cfefcd_wgs_gdc_realn.bam,/gpfs/commons/projects/TCGA/gdc-awg/HCMI/WGS/Project_NYGC_15336_B02_SOM_WGS_AnalysisOnly/Sample_HCM-SANG-1311-C18-10A-01D-A80T-32-aliquot/analysis/HCM-SANG-1311-C18-10A-01D-A80T-32-aliquot.final.bam,/gpfs/commons/projects/HCMI/wgs_batch2/70b3ae94-2bad-43dc-af8a-ac468f57c275/90baa8a3-f075-4962-be4a-85f068cfefcd_wgs_gdc_realn.bam
HCM-WCMC-1284-C67-11A-15D-A905-36,HCM-WCMC-1284-C67-11A-15D-A905-36.WholeGenome.RP-1765.bam,/gpfs/commons/projects/TCGA/gdc-awg/HCMI/WGS/Project_NYGC_15336_B02_SOM_WGS_AnalysisOnly/Sample_HCM-WCMC-1284-C67-11A-15D-A905-36/analysis/HCM-WCMC-1284-C67-11A-15D-A905-36.final.bam,/gpfs/commons/projects/HCMI/wgs_batch2/2d5f7318-cba3-49cd-a83c-d2a0fd75eb5b/HCM-WCMC-1284-C67-11A-15D-A905-36.WholeGenome.RP-1765.bam
HCM-SANG-1317-C20-06A-01D-A80T-32-aliquot,f2180bbd-734e-4a9c-867b-32a4bac03fc0_wgs_gdc_realn.bam,/gpfs/commons/projects/TCGA/gdc-awg/HCMI/WGS/Project_NYGC_15336_B02_SOM_WGS_AnalysisOnly/Sample_HCM-SANG-1317-C20-06A-01D-A80T-32-aliquot/analysis/HCM-SANG-1317-C20-06A-01D-A80T-32-aliquot.final.bam,/gpfs/commons/projects/HCMI/wgs_batch2/e0e3452b-3b5c-443f-8d97-bb3230090a72/f2180bbd-734e-4a9c-867b-32a4bac03fc0_wgs_gdc_realn.bam
HCM-SANG-0552-C25-08A-01D-A80T-32-aliquot,a8e2bea4-504a-4019-8e51-f21636931210_wgs_gdc_realn.bam,/gpfs/commons/projects/TCGA/gdc-awg/HCMI/WGS/Project_NYGC_15336_B02_SOM_WGS_AnalysisOnly/Sample_HCM-SANG-0552-C25-08A-01D-A80T-32-aliquot/analysis/HCM-SANG-0552-C25-08A-01D-A80T-32-aliquot.final.bam,/gpfs/commons/projects/HCMI/wgs_batch2/f0ec56b6-e5c6-4d5b-ad68-9f3e890fb38c/a8e2bea4-504a-4019-8e51-f21636931210_wgs_gdc_realn.bam
HCM-CSHL-0823-C34-10A-01D-A87L-36,HCM-CSHL-0823-C34-10A-01D-A87L-36.WholeGenome.RP-1765.bam,/gpfs/commons/projects/TCGA/gdc-awg/HCMI/WGS/Project_NYGC_15336_B02_SOM_WGS_AnalysisOnly/Sample_HCM-CSHL-0823-C34-10A-01D-A87L-36/analysis/HCM-CSHL-0823-C34-10A-01D-A87L-36.final.bam,/gpfs/commons/projects/HCMI/wgs_batch2/f3f8cc85-4df8-462d-b577-d69a9e9fffa7/HCM-CSHL-0823-C34-10A-01D-A87L-36.WholeGenome.RP-1765.bam
HCM-BROD-0829-C71-85A-01D-A88G-36,HCM-BROD-0829-C71-85A-01D-A88G-36.WholeGenome.RP-1765.bam,/gpfs/commons/projects/TCGA/gdc-awg/HCMI/WGS/Project_NYGC_15336_B02_SOM_WGS_AnalysisOnly/Sample_HCM-BROD-0829-C71-85A-01D-A88G-36/analysis/HCM-BROD-0829-C71-85A-01D-A88G-36.final.bam,/gpfs/commons/projects/HCMI/wgs_batch2/d8f4263e-5701-4dff-b528-261c0388c920/HCM-BROD-0829-C71-85A-01D-A88G-36.WholeGenome.RP-1765.bam
HCM-BROD-0710-C43-06C-11D-A881-36,HCM-BROD-0710-C43-06C-11D-A881-36.WholeGenome.RP-1765.bam,/gpfs/commons/projects/TCGA/gdc-awg/HCMI/WGS/Project_NYGC_15336_B02_SOM_WGS_AnalysisOnly/Sample_HCM-BROD-0710-C43-06C-11D-A881-36/analysis/HCM-BROD-0710-C43-06C-11D-A881-36.final.bam,/gpfs/commons/projects/HCMI/wgs_batch2/a9eb1135-3520-4e20-9e8c-13263252c0ac/HCM-BROD-0710-C43-06C-11D-A881-36.WholeGenome.RP-1765.bam
HCM-CSHL-1097-C18-85A-01D-A88H-36,HCM-CSHL-1097-C18-85A-01D-A88H-36.WholeGenome.RP-1765.bam,/gpfs/commons/projects/TCGA/gdc-awg/HCMI/WGS/Project_NYGC_15336_B02_SOM_WGS_AnalysisOnly/Sample_HCM-CSHL-1097-C18-85A-01D-A88H-36/analysis/HCM-CSHL-1097-C18-85A-01D-A88H-36.final.bam,/gpfs/commons/projects/HCMI/wgs_batch2/0bc76f7b-1e61-4c97-86b8-c6531d173726/HCM-CSHL-1097-C18-85A-01D-A88H-36.WholeGenome.RP-1765.bam
HCM-CSHL-0768-C56-10A-01D-A88G-36,HCM-CSHL-0768-C56-10A-01D-A88G-36.WholeGenome.RP-1765.bam,/gpfs/commons/projects/TCGA/gdc-awg/HCMI/WGS/Project_NYGC_15336_B02_SOM_WGS_AnalysisOnly/Sample_HCM-CSHL-0768-C56-10A-01D-A88G-36/analysis/HCM-CSHL-0768-C56-10A-01D-A88G-36.final.bam,/gpfs/commons/projects/HCMI/wgs_batch2/26d7fe5d-9937-4098-b854-7025cbe4bba4/HCM-CSHL-0768-C56-10A-01D-A88G-36.WholeGenome.RP-1765.bam
HCM-CSHL-0900-C54-85B-01D-A88H-36,HCM-CSHL-0900-C54-85B-01D-A88H-36.WholeGenome.RP-1765.bam,/gpfs/commons/projects/TCGA/gdc-awg/HCMI/WGS/Project_NYGC_15336_B02_SOM_WGS_AnalysisOnly/Sample_HCM-CSHL-0900-C54-85B-01D-A88H-36/analysis/HCM-CSHL-0900-C54-85B-01D-A88H-36.final.bam,/gpfs/commons/projects/HCMI/wgs_batch2/a2bb5cff-f231-4433-9ec3-452be8718a16/HCM-CSHL-0900-C54-85B-01D-A88H-36.WholeGenome.RP-1765.bam
HCM-WCMC-0753-C54-85A-01D-A87L-36,HCM-WCMC-0753-C54-85A-01D-A87L-36.WholeGenome.RP-1765.bam,/gpfs/commons/projects/TCGA/gdc-awg/HCMI/WGS/Project_NYGC_15336_B02_SOM_WGS_AnalysisOnly/Sample_HCM-WCMC-0753-C54-85A-01D-A87L-36/analysis/HCM-WCMC-0753-C54-85A-01D-A87L-36.final.bam,/gpfs/commons/projects/HCMI/wgs_batch2/742655d5-0ec6-4015-83b2-04a0fc7f3583/HCM-WCMC-0753-C54-85A-01D-A87L-36.WholeGenome.RP-1765.bam
HCM-STAN-0840-C49-10A-01D-A88H-36,HCM-STAN-0840-C49-10A-01D-A88H-36.WholeGenome.RP-1765.bam,/gpfs/commons/projects/TCGA/gdc-awg/HCMI/WGS/Project_NYGC_15336_B02_SOM_WGS_AnalysisOnly/Sample_HCM-STAN-0840-C49-10A-01D-A88H-36/analysis/HCM-STAN-0840-C49-10A-01D-A88H-36.final.bam,/gpfs/commons/projects/HCMI/wgs_batch2/86ce38ed-7808-48d8-a0bb-7f2a86dcc88f/HCM-STAN-0840-C49-10A-01D-A88H-36.WholeGenome.RP-1765.bam
HCM-WCMC-1292-C67-85A-01D-A905-36,HCM-WCMC-1292-C67-85A-01D-A905-36.WholeGenome.RP-1765.bam,/gpfs/commons/projects/TCGA/gdc-awg/HCMI/WGS/Project_NYGC_15336_B02_SOM_WGS_AnalysisOnly/Sample_HCM-WCMC-1292-C67-85A-01D-A905-36/analysis/HCM-WCMC-1292-C67-85A-01D-A905-36.final.bam,/gpfs/commons/projects/HCMI/wgs_batch2/97908fa2-7438-49b1-a5e8-335460ec1a45/HCM-WCMC-1292-C67-85A-01D-A905-36.WholeGenome.RP-1765.bam
HCM-SANG-0543-C15-85A-01D-A80T-32-aliquot,ab6b1fab-e215-4bfd-87c8-040fb0ce708f_wgs_gdc_realn.bam,/gpfs/commons/projects/TCGA/gdc-awg/HCMI/WGS/Project_NYGC_15336_B02_SOM_WGS_AnalysisOnly/Sample_HCM-SANG-0543-C15-85A-01D-A80T-32-aliquot/analysis/HCM-SANG-0543-C15-85A-01D-A80T-32-aliquot.final.bam,/gpfs/commons/projects/HCMI/wgs_batch2/65518faa-a92e-48f6-82f2-2eba25581044/ab6b1fab-e215-4bfd-87c8-040fb0ce708f_wgs_gdc_realn.bam
HCM-CSHL-0669-C18-85M-01D-A85C-36,HCM-CSHL-0669-C18-85M-01D-A85C-36.WholeGenome.RP-1765.bam,/gpfs/commons/projects/TCGA/gdc-awg/HCMI/WGS/Project_NYGC_15336_B02_SOM_WGS_AnalysisOnly/Sample_HCM-CSHL-0669-C18-85M-01D-A85C-36/analysis/HCM-CSHL-0669-C18-85M-01D-A85C-36.final.bam,/gpfs/commons/projects/HCMI/wgs_batch2/0404ac57-c432-4832-a266-32c86e88800f/HCM-CSHL-0669-C18-85M-01D-A85C-36.WholeGenome.RP-1765.bam
HCM-SANG-1335-C18-85A-01D-A80T-32-aliquot,50066afd-9d47-427b-a36c-569b1fd56000_wgs_gdc_realn.bam,/gpfs/commons/projects/TCGA/gdc-awg/HCMI/WGS/Project_NYGC_15336_B02_SOM_WGS_AnalysisOnly/Sample_HCM-SANG-1335-C18-85A-01D-A80T-32-aliquot/analysis/HCM-SANG-1335-C18-85A-01D-A80T-32-aliquot.final.bam,/gpfs/commons/projects/HCMI/wgs_batch2/c59bf47c-792b-4a23-9339-3e25f6957a65/50066afd-9d47-427b-a36c-569b1fd56000_wgs_gdc_realn.bam
HCM-SANG-1315-C18-10A-01D-A80T-32-aliquot,0155ac57-61ef-49b5-9926-e30f179d5d70_wgs_gdc_realn.bam,/gpfs/commons/projects/TCGA/gdc-awg/HCMI/WGS/Project_NYGC_15336_B02_SOM_WGS_AnalysisOnly/Sample_HCM-SANG-1315-C18-10A-01D-A80T-32-aliquot/analysis/HCM-SANG-1315-C18-10A-01D-A80T-32-aliquot.final.bam,/gpfs/commons/projects/HCMI/wgs_batch2/db29fa01-feee-4a4c-bdbb-4257ee528308/0155ac57-61ef-49b5-9926-e30f179d5d70_wgs_gdc_realn.bam
HCM-BROD-1127-C15-10A-01D-A88G-36,HCM-BROD-1127-C15-10A-01D-A88G-36.WholeGenome.RP-1765.bam,/gpfs/commons/projects/TCGA/gdc-awg/HCMI/WGS/Project_NYGC_15336_B02_SOM_WGS_AnalysisOnly/Sample_HCM-BROD-1127-C15-10A-01D-A88G-36/analysis/HCM-BROD-1127-C15-10A-01D-A88G-36.final.bam,/gpfs/commons/projects/HCMI/wgs_batch2/7359da16-193d-4573-b6cc-68eb6064a307/HCM-BROD-1127-C15-10A-01D-A88G-36.WholeGenome.RP-1765.bam
HCM-CSHL-0665-C24-85M-01D-A88G-36,HCM-CSHL-0665-C24-85M-01D-A88G-36.WholeGenome.RP-1765.bam,/gpfs/commons/projects/TCGA/gdc-awg/HCMI/WGS/Project_NYGC_15336_B02_SOM_WGS_AnalysisOnly/Sample_HCM-CSHL-0665-C24-85M-01D-A88G-36/analysis/HCM-CSHL-0665-C24-85M-01D-A88G-36.final.bam,/gpfs/commons/projects/HCMI/wgs_batch2/c95b2925-5111-4036-95b2-9cb83de19122/HCM-CSHL-0665-C24-85M-01D-A88G-36.WholeGenome.RP-1765.bam
HCM-WCMC-1285-C54-01A-10D-A937-36,HCM-WCMC-1285-C54-01A-10D-A937-36.WholeGenome.RP-1765.bam,/gpfs/commons/projects/TCGA/gdc-awg/HCMI/WGS/Project_NYGC_15336_B02_SOM_WGS_AnalysisOnly/Sample_HCM-WCMC-1285-C54-01A-10D-A937-36/analysis/HCM-WCMC-1285-C54-01A-10D-A937-36.final.bam,/gpfs/commons/projects/HCMI/wgs_batch2/c8e816fa-5315-4d02-beed-7bed9a301f80/HCM-WCMC-1285-C54-01A-10D-A937-36.WholeGenome.RP-1765.bam
HCM-SANG-1339-C18-10A-01D-A80T-32-aliquot,c83cd357-f98d-4bf8-b0c5-687374032716_wgs_gdc_realn.bam,/gpfs/commons/projects/TCGA/gdc-awg/HCMI/WGS/Project_NYGC_15336_B02_SOM_WGS_AnalysisOnly/Sample_HCM-SANG-1339-C18-10A-01D-A80T-32-aliquot/analysis/HCM-SANG-1339-C18-10A-01D-A80T-32-aliquot.final.bam,/gpfs/commons/projects/HCMI/wgs_batch2/b0d9afc0-898a-446d-b7d2-d40676d002c8/c83cd357-f98d-4bf8-b0c5-687374032716_wgs_gdc_realn.bam
HCM-BROD-0922-C71-10A-01D-A88G-36,HCM-BROD-0922-C71-10A-01D-A88G-36.WholeGenome.RP-1765.bam,/gpfs/commons/projects/TCGA/gdc-awg/HCMI/WGS/Project_NYGC_15336_B02_SOM_WGS_AnalysisOnly/Sample_HCM-BROD-0922-C71-10A-01D-A88G-36/analysis/HCM-BROD-0922-C71-10A-01D-A88G-36.final.bam,/gpfs/commons/projects/HCMI/wgs_batch2/6bf6c4c9-26d3-4f01-9a67-fe5d334a6dbd/HCM-BROD-0922-C71-10A-01D-A88G-36.WholeGenome.RP-1765.bam
HCM-SANG-1323-C15-10A-01D-A80T-32-aliquot,b3fc360d-e0f0-493b-bedf-ce6bb55ccf9b_wgs_gdc_realn.bam,/gpfs/commons/projects/TCGA/gdc-awg/HCMI/WGS/Project_NYGC_15336_B02_SOM_WGS_AnalysisOnly/Sample_HCM-SANG-1323-C15-10A-01D-A80T-32-aliquot/analysis/HCM-SANG-1323-C15-10A-01D-A80T-32-aliquot.final.bam,/gpfs/commons/projects/HCMI/wgs_batch2/a2e183fa-6b9c-452f-97ac-ea290b7d67e6/b3fc360d-e0f0-493b-bedf-ce6bb55ccf9b_wgs_gdc_realn.bam
HCM-CSHL-0860-C18-11A-01D-A881-36,HCM-CSHL-0860-C18-11A-01D-A881-36.WholeGenome.RP-1765.bam,/gpfs/commons/projects/TCGA/gdc-awg/HCMI/WGS/Project_NYGC_15336_B02_SOM_WGS_AnalysisOnly/Sample_HCM-CSHL-0860-C18-11A-01D-A881-36/analysis/HCM-CSHL-0860-C18-11A-01D-A881-36.final.bam,/gpfs/commons/projects/HCMI/wgs_batch2/159f828d-d997-4423-b688-add019c319be/HCM-CSHL-0860-C18-11A-01D-A881-36.WholeGenome.RP-1765.bam
HCM-BROD-1119-C43-85B-01D-A87L-36,HCM-BROD-1119-C43-85B-01D-A87L-36.WholeGenome.RP-1765.bam,/gpfs/commons/projects/TCGA/gdc-awg/HCMI/WGS/Project_NYGC_15336_B02_SOM_WGS_AnalysisOnly/Sample_HCM-BROD-1119-C43-85B-01D-A87L-36/analysis/HCM-BROD-1119-C43-85B-01D-A87L-36.final.bam,/gpfs/commons/projects/HCMI/wgs_batch2/528b8286-f5ca-46d2-a2fb-df6a983111cf/HCM-BROD-1119-C43-85B-01D-A87L-36.WholeGenome.RP-1765.bam
HCM-BROD-0962-C16-10A-01D-A87L-36,HCM-BROD-0962-C16-10A-01D-A87L-36.WholeGenome.RP-1765.bam,/gpfs/commons/projects/TCGA/gdc-awg/HCMI/WGS/Project_NYGC_15336_B02_SOM_WGS_AnalysisOnly/Sample_HCM-BROD-0962-C16-10A-01D-A87L-36/analysis/HCM-BROD-0962-C16-10A-01D-A87L-36.final.bam,/gpfs/commons/projects/HCMI/wgs_batch2/e753cadf-2421-48ed-9b98-ea5b214337e4/HCM-BROD-0962-C16-10A-01D-A87L-36.WholeGenome.RP-1765.bam
HCM-BROD-0924-C34-85A-01D-A88G-36,HCM-BROD-0924-C34-85A-01D-A88G-36.WholeGenome.RP-1765.bam,/gpfs/commons/projects/TCGA/gdc-awg/HCMI/WGS/Project_NYGC_15336_B02_SOM_WGS_AnalysisOnly/Sample_HCM-BROD-0924-C34-85A-01D-A88G-36/analysis/HCM-BROD-0924-C34-85A-01D-A88G-36.final.bam,/gpfs/commons/projects/HCMI/wgs_batch2/db813209-04ae-4f58-999f-6f30c5dabbf9/HCM-BROD-0924-C34-85A-01D-A88G-36.WholeGenome.RP-1765.bam
HCM-SANG-1313-C18-06A-01D-A80T-32-aliquot,4893710b-e2bd-407b-9b55-539b6172ff00_wgs_gdc_realn.bam,/gpfs/commons/projects/TCGA/gdc-awg/HCMI/WGS/Project_NYGC_15336_B02_SOM_WGS_AnalysisOnly/Sample_HCM-SANG-1313-C18-06A-01D-A80T-32-aliquot/analysis/HCM-SANG-1313-C18-06A-01D-A80T-32-aliquot.final.bam,/gpfs/commons/projects/HCMI/wgs_batch2/7075c748-d040-4862-91ad-b6fd6ed9541d/4893710b-e2bd-407b-9b55-539b6172ff00_wgs_gdc_realn.bam
HCM-SANG-0542-C18-10A-01D-A80T-32-aliquot,696e4dd4-d8e5-4d2f-97ad-ff4c0058be99_wgs_gdc_realn.bam,/gpfs/commons/projects/TCGA/gdc-awg/HCMI/WGS/Project_NYGC_15336_B02_SOM_WGS_AnalysisOnly/Sample_HCM-SANG-0542-C18-10A-01D-A80T-32-aliquot/analysis/HCM-SANG-0542-C18-10A-01D-A80T-32-aliquot.final.bam,/gpfs/commons/projects/HCMI/wgs_batch2/4622f12b-96f5-41f9-bd21-5f4ac6500e5b/696e4dd4-d8e5-4d2f-97ad-ff4c0058be99_wgs_gdc_realn.bam
HCM-SANG-1092-C18-01A-01D-A80T-32-aliquot,9681380e-5944-4c2f-a041-620689eb4172_wgs_gdc_realn.bam,/gpfs/commons/projects/TCGA/gdc-awg/HCMI/WGS/Project_NYGC_15336_B02_SOM_WGS_AnalysisOnly/Sample_HCM-SANG-1092-C18-01A-01D-A80T-32-aliquot/analysis/HCM-SANG-1092-C18-01A-01D-A80T-32-aliquot.final.bam,/gpfs/commons/projects/HCMI/wgs_batch2/e9186ae9-68ef-4422-829f-a040bbab4134/9681380e-5944-4c2f-a041-620689eb4172_wgs_gdc_realn.bam
HCM-WCMC-0788-C34-85A-01D-A87L-36,HCM-WCMC-0788-C34-85A-01D-A87L-36.WholeGenome.RP-1765.bam,/gpfs/commons/projects/TCGA/gdc-awg/HCMI/WGS/Project_NYGC_15336_B02_SOM_WGS_AnalysisOnly/Sample_HCM-WCMC-0788-C34-85A-01D-A87L-36/analysis/HCM-WCMC-0788-C34-85A-01D-A87L-36.final.bam,/gpfs/commons/projects/HCMI/wgs_batch2/cd2bb9c5-1fa7-4f8a-86e6-8d268dc564d6/HCM-WCMC-0788-C34-85A-01D-A87L-36.WholeGenome.RP-1765.bam
HCM-WCMC-0952-C34-01A-45D-A88H-36,HCM-WCMC-0952-C34-01A-45D-A88H-36.WholeGenome.RP-1765.bam,/gpfs/commons/projects/TCGA/gdc-awg/HCMI/WGS/Project_NYGC_15336_B02_SOM_WGS_AnalysisOnly/Sample_HCM-WCMC-0952-C34-01A-45D-A88H-36/analysis/HCM-WCMC-0952-C34-01A-45D-A88H-36.final.bam,/gpfs/commons/projects/HCMI/wgs_batch2/ab2684f4-9127-4800-b0c5-5f6197c6048a/HCM-WCMC-0952-C34-01A-45D-A88H-36.WholeGenome.RP-1765.bam
HCM-CSHL-0867-C18-10A-01D-A88H-36,HCM-CSHL-0867-C18-10A-01D-A88H-36.WholeGenome.RP-1765.bam,/gpfs/commons/projects/TCGA/gdc-awg/HCMI/WGS/Project_NYGC_15336_B02_SOM_WGS_AnalysisOnly/Sample_HCM-CSHL-0867-C18-10A-01D-A88H-36/analysis/HCM-CSHL-0867-C18-10A-01D-A88H-36.final.bam,/gpfs/commons/projects/HCMI/wgs_batch2/37b5c214-ddd9-41a8-8ae6-c73831082e36/HCM-CSHL-0867-C18-10A-01D-A88H-36.WholeGenome.RP-1765.bam
HCM-WCMC-1287-C67-85A-01D-A905-36,HCM-WCMC-1287-C67-85A-01D-A905-36.WholeGenome.RP-1765.bam,/gpfs/commons/projects/TCGA/gdc-awg/HCMI/WGS/Project_NYGC_15336_B02_SOM_WGS_AnalysisOnly/Sample_HCM-WCMC-1287-C67-85A-01D-A905-36/analysis/HCM-WCMC-1287-C67-85A-01D-A905-36.final.bam,/gpfs/commons/projects/HCMI/wgs_batch2/7b7d74ad-f0df-4b99-9b6f-632c9938c922/HCM-WCMC-1287-C67-85A-01D-A905-36.WholeGenome.RP-1765.bam
HCM-BROD-1186-C64-01A-11D-A881-36,HCM-BROD-1186-C64-01A-11D-A881-36.WholeGenome.RP-1765.bam,/gpfs/commons/projects/TCGA/gdc-awg/HCMI/WGS/Project_NYGC_15336_B02_SOM_WGS_AnalysisOnly/Sample_HCM-BROD-1186-C64-01A-11D-A881-36/analysis/HCM-BROD-1186-C64-01A-11D-A881-36.final.bam,/gpfs/commons/projects/HCMI/wgs_batch2/940192c8-85ce-4798-aa74-e94c74c4c4df/HCM-BROD-1186-C64-01A-11D-A881-36.WholeGenome.RP-1765.bam
HCM-SANG-1306-C25-85A-01D-A80T-32-aliquot,a04f0055-893c-4fba-8b1c-38c568b6aa85_wgs_gdc_realn.bam,/gpfs/commons/projects/TCGA/gdc-awg/HCMI/WGS/Project_NYGC_15336_B02_SOM_WGS_AnalysisOnly/Sample_HCM-SANG-1306-C25-85A-01D-A80T-32-aliquot/analysis/HCM-SANG-1306-C25-85A-01D-A80T-32-aliquot.final.bam,/gpfs/commons/projects/HCMI/wgs_batch2/b4beca14-f03c-4efa-919f-b504ecfa79d2/a04f0055-893c-4fba-8b1c-38c568b6aa85_wgs_gdc_realn.bam
HCM-SANG-1316-C18-85A-01D-A80T-32-aliquot,c37c4091-6422-4032-9445-56b51bd252c3_wgs_gdc_realn.bam,/gpfs/commons/projects/TCGA/gdc-awg/HCMI/WGS/Project_NYGC_15336_B02_SOM_WGS_AnalysisOnly/Sample_HCM-SANG-1316-C18-85A-01D-A80T-32-aliquot/analysis/HCM-SANG-1316-C18-85A-01D-A80T-32-aliquot.final.bam,/gpfs/commons/projects/HCMI/wgs_batch2/24776c76-7aac-4d24-a9e4-5a390c7fbbba/c37c4091-6422-4032-9445-56b51bd252c3_wgs_gdc_realn.bam
HCM-CSHL-0429-C06-11A-11D-A88G-36,HCM-CSHL-0429-C06-11A-11D-A88G-36.WholeGenome.RP-1765.bam,/gpfs/commons/projects/TCGA/gdc-awg/HCMI/WGS/Project_NYGC_15336_B02_SOM_WGS_AnalysisOnly/Sample_HCM-CSHL-0429-C06-11A-11D-A88G-36/analysis/HCM-CSHL-0429-C06-11A-11D-A88G-36.final.bam,/gpfs/commons/projects/HCMI/wgs_batch2/00035044-6338-4093-ace5-d4e54760c067/HCM-CSHL-0429-C06-11A-11D-A88G-36.WholeGenome.RP-1765.bam
HCM-SANG-1313-C18-10A-01D-A80T-32-aliquot,f1dc121a-ffac-4ea4-8e5a-65d197255a12_wgs_gdc_realn.bam,/gpfs/commons/projects/TCGA/gdc-awg/HCMI/WGS/Project_NYGC_15336_B02_SOM_WGS_AnalysisOnly/Sample_HCM-SANG-1313-C18-10A-01D-A80T-32-aliquot/analysis/HCM-SANG-1313-C18-10A-01D-A80T-32-aliquot.final.bam,/gpfs/commons/projects/HCMI/wgs_batch2/8155bf74-12aa-457b-83cc-15f8cdf52a3d/f1dc121a-ffac-4ea4-8e5a-65d197255a12_wgs_gdc_realn.bam
HCM-CSHL-0808-C55-11A-01D-A881-36,HCM-CSHL-0808-C55-11A-01D-A881-36.WholeGenome.RP-1765.bam,/gpfs/commons/projects/TCGA/gdc-awg/HCMI/WGS/Project_NYGC_15336_B02_SOM_WGS_AnalysisOnly/Sample_HCM-CSHL-0808-C55-11A-01D-A881-36/analysis/HCM-CSHL-0808-C55-11A-01D-A881-36.final.bam,/gpfs/commons/projects/HCMI/wgs_batch2/546173fc-e097-47f1-a234-31bfebd52108/HCM-CSHL-0808-C55-11A-01D-A881-36.WholeGenome.RP-1765.bam
HCM-SANG-0534-C18-85A-01D-A80T-32-aliquot,fe45f903-11ff-461e-a229-22abc17b8651_wgs_gdc_realn.bam,/gpfs/commons/projects/TCGA/gdc-awg/HCMI/WGS/Project_NYGC_15336_B02_SOM_WGS_AnalysisOnly/Sample_HCM-SANG-0534-C18-85A-01D-A80T-32-aliquot/analysis/HCM-SANG-0534-C18-85A-01D-A80T-32-aliquot.final.bam,/gpfs/commons/projects/HCMI/wgs_batch2/da6e547d-59b7-4a87-be7f-a999f361508b/fe45f903-11ff-461e-a229-22abc17b8651_wgs_gdc_realn.bam
HCM-BROD-0794-C16-85M-01D-A881-36,HCM-BROD-0794-C16-85M-01D-A881-36.WholeGenome.RP-1765.bam,/gpfs/commons/projects/TCGA/gdc-awg/HCMI/WGS/Project_NYGC_15336_B02_SOM_WGS_AnalysisOnly/Sample_HCM-BROD-0794-C16-85M-01D-A881-36/analysis/HCM-BROD-0794-C16-85M-01D-A881-36.final.bam,/gpfs/commons/projects/HCMI/wgs_batch2/7a3623ea-2cbe-417f-9c02-15668dd676e8/HCM-BROD-0794-C16-85M-01D-A881-36.WholeGenome.RP-1765.bam
HCM-SANG-1323-C15-08A-01D-A80T-32-aliquot,d364255a-3c29-46c0-a3c4-41a55de3bdf3_wgs_gdc_realn.bam,/gpfs/commons/projects/TCGA/gdc-awg/HCMI/WGS/Project_NYGC_15336_B02_SOM_WGS_AnalysisOnly/Sample_HCM-SANG-1323-C15-08A-01D-A80T-32-aliquot/analysis/HCM-SANG-1323-C15-08A-01D-A80T-32-aliquot.final.bam,/gpfs/commons/projects/HCMI/wgs_batch2/2c5472a4-1fc6-498b-b3a0-eb2ea42327cc/d364255a-3c29-46c0-a3c4-41a55de3bdf3_wgs_gdc_realn.bam
HCM-CSHL-1268-C24-11A-01D-A882-36,HCM-CSHL-1268-C24-11A-01D-A882-36.WholeGenome.RP-1765.bam,/gpfs/commons/projects/TCGA/gdc-awg/HCMI/WGS/Project_NYGC_15336_B02_SOM_WGS_AnalysisOnly/Sample_HCM-CSHL-1268-C24-11A-01D-A882-36/analysis/HCM-CSHL-1268-C24-11A-01D-A882-36.final.bam,/gpfs/commons/projects/HCMI/wgs_batch2/ac2001e2-c315-4eae-8ef7-803240dc5ce5/HCM-CSHL-1268-C24-11A-01D-A882-36.WholeGenome.RP-1765.bam
HCM-CSHL-0514-C50-10A-01D-A88G-36,HCM-CSHL-0514-C50-10A-01D-A88G-36.WholeGenome.RP-1765.bam,/gpfs/commons/projects/TCGA/gdc-awg/HCMI/WGS/Project_NYGC_15336_B02_SOM_WGS_AnalysisOnly/Sample_HCM-CSHL-0514-C50-10A-01D-A88G-36/analysis/HCM-CSHL-0514-C50-10A-01D-A88G-36.final.bam,/gpfs/commons/projects/HCMI/wgs_batch2/2ed5f92f-0102-4425-b83d-d9296befbeb4/HCM-CSHL-0514-C50-10A-01D-A88G-36.WholeGenome.RP-1765.bam
HCM-SANG-1305-C15-85A-01D-A80T-32-aliquot,2ccad7da-1ee0-4365-ae18-f2a4b1d631a8_wgs_gdc_realn.bam,/gpfs/commons/projects/TCGA/gdc-awg/HCMI/WGS/Project_NYGC_15336_B02_SOM_WGS_AnalysisOnly/Sample_HCM-SANG-1305-C15-85A-01D-A80T-32-aliquot/analysis/HCM-SANG-1305-C15-85A-01D-A80T-32-aliquot.final.bam,/gpfs/commons/projects/HCMI/wgs_batch2/0c0b39b4-96c8-4624-952f-a67556c862df/2ccad7da-1ee0-4365-ae18-f2a4b1d631a8_wgs_gdc_realn.bam
HCM-SANG-1327-C18-01A-01D-A80T-32-aliquot,6305aa42-e0b4-47e0-ba34-113703fefaac_wgs_gdc_realn.bam,/gpfs/commons/projects/TCGA/gdc-awg/HCMI/WGS/Project_NYGC_15336_B02_SOM_WGS_AnalysisOnly/Sample_HCM-SANG-1327-C18-01A-01D-A80T-32-aliquot/analysis/HCM-SANG-1327-C18-01A-01D-A80T-32-aliquot.final.bam,/gpfs/commons/projects/HCMI/wgs_batch2/1448bcbe-1e3b-4150-91c0-5b55cf1a3ce2/6305aa42-e0b4-47e0-ba34-113703fefaac_wgs_gdc_realn.bam
HCM-BROD-0958-C56-10A-01D-A88G-36,HCM-BROD-0958-C56-10A-01D-A88G-36.WholeGenome.RP-1765.bam,/gpfs/commons/projects/TCGA/gdc-awg/HCMI/WGS/Project_NYGC_15336_B02_SOM_WGS_AnalysisOnly/Sample_HCM-BROD-0958-C56-10A-01D-A88G-36/analysis/HCM-BROD-0958-C56-10A-01D-A88G-36.final.bam,/gpfs/commons/projects/HCMI/wgs_batch2/8b6686eb-d152-49e6-974a-b4c0fc65c658/HCM-BROD-0958-C56-10A-01D-A88G-36.WholeGenome.RP-1765.bam
HCM-SANG-1335-C18-10A-01D-A80T-32-aliquot,5496d096-d085-426c-af20-02f22bacfc8b_wgs_gdc_realn.bam,/gpfs/commons/projects/TCGA/gdc-awg/HCMI/WGS/Project_NYGC_15336_B02_SOM_WGS_AnalysisOnly/Sample_HCM-SANG-1335-C18-10A-01D-A80T-32-aliquot/analysis/HCM-SANG-1335-C18-10A-01D-A80T-32-aliquot.final.bam,/gpfs/commons/projects/HCMI/wgs_batch2/a3eb4571-1714-4145-900b-7e5ab5cc6170/5496d096-d085-426c-af20-02f22bacfc8b_wgs_gdc_realn.bam
HCM-SANG-0546-C15-08A-01D-A80T-32-aliquot,463b9ae8-bffa-4672-85ac-608633773d60_wgs_gdc_realn.bam,/gpfs/commons/projects/TCGA/gdc-awg/HCMI/WGS/Project_NYGC_15336_B02_SOM_WGS_AnalysisOnly/Sample_HCM-SANG-0546-C15-08A-01D-A80T-32-aliquot/analysis/HCM-SANG-0546-C15-08A-01D-A80T-32-aliquot.final.bam,/gpfs/commons/projects/HCMI/wgs_batch2/2ebf4e3e-de3f-48da-9290-3282d45c0723/463b9ae8-bffa-4672-85ac-608633773d60_wgs_gdc_realn.bam
HCM-BROD-0762-C49-11A-01D-A87L-36,HCM-BROD-0762-C49-11A-01D-A87L-36.WholeGenome.RP-1765.bam,/gpfs/commons/projects/TCGA/gdc-awg/HCMI/WGS/Project_NYGC_15336_B02_SOM_WGS_AnalysisOnly/Sample_HCM-BROD-0762-C49-11A-01D-A87L-36/analysis/HCM-BROD-0762-C49-11A-01D-A87L-36.final.bam,/gpfs/commons/projects/HCMI/wgs_batch2/f2e11aae-c0fa-4380-84ca-5a047968367e/HCM-BROD-0762-C49-11A-01D-A87L-36.WholeGenome.RP-1765.bam
HCM-CSHL-0853-C56-85F-01D-A881-36,HCM-CSHL-0853-C56-85F-01D-A881-36.WholeGenome.RP-1765.bam,/gpfs/commons/projects/TCGA/gdc-awg/HCMI/WGS/Project_NYGC_15336_B02_SOM_WGS_AnalysisOnly/Sample_HCM-CSHL-0853-C56-85F-01D-A881-36/analysis/HCM-CSHL-0853-C56-85F-01D-A881-36.final.bam,/gpfs/commons/projects/HCMI/wgs_batch2/336b6ad9-71c9-4394-83a0-b59afcc3d015/HCM-CSHL-0853-C56-85F-01D-A881-36.WholeGenome.RP-1765.bam
HCM-SANG-1300-C18-10A-01D-A80T-32-aliquot,87d156b3-4a0f-4b24-817d-24436b7745b9_wgs_gdc_realn.bam,/gpfs/commons/projects/TCGA/gdc-awg/HCMI/WGS/Project_NYGC_15336_B02_SOM_WGS_AnalysisOnly/Sample_HCM-SANG-1300-C18-10A-01D-A80T-32-aliquot/analysis/HCM-SANG-1300-C18-10A-01D-A80T-32-aliquot.final.bam,/gpfs/commons/projects/HCMI/wgs_batch2/d6193fd1-ae22-4ec3-b7e2-5f68525bdd9e/87d156b3-4a0f-4b24-817d-24436b7745b9_wgs_gdc_realn.bam
HCM-CSHL-0598-C25-85B-01D-A88G-36,HCM-CSHL-0598-C25-85B-01D-A88G-36.WholeGenome.RP-1765.bam,/gpfs/commons/projects/TCGA/gdc-awg/HCMI/WGS/Project_NYGC_15336_B02_SOM_WGS_AnalysisOnly/Sample_HCM-CSHL-0598-C25-85B-01D-A88G-36/analysis/HCM-CSHL-0598-C25-85B-01D-A88G-36.final.bam,/gpfs/commons/projects/HCMI/wgs_batch2/8f8911c8-e3b7-4df9-9175-c8e9c8f0a476/HCM-CSHL-0598-C25-85B-01D-A88G-36.WholeGenome.RP-1765.bam
HCM-BROD-1128-C15-06A-01D-A881-36,HCM-BROD-1128-C15-06A-01D-A881-36.WholeGenome.RP-1765.bam,/gpfs/commons/projects/TCGA/gdc-awg/HCMI/WGS/Project_NYGC_15336_B02_SOM_WGS_AnalysisOnly/Sample_HCM-BROD-1128-C15-06A-01D-A881-36/analysis/HCM-BROD-1128-C15-06A-01D-A881-36.final.bam,/gpfs/commons/projects/HCMI/wgs_batch2/da021a59-62ee-49a2-a237-bbb8575c4b84/HCM-BROD-1128-C15-06A-01D-A881-36.WholeGenome.RP-1765.bam
HCM-WCMC-0950-C67-01A-01D-A88H-36,HCM-WCMC-0950-C67-01A-01D-A88H-36.WholeGenome.RP-1765.bam,/gpfs/commons/projects/TCGA/gdc-awg/HCMI/WGS/Project_NYGC_15336_B02_SOM_WGS_AnalysisOnly/Sample_HCM-WCMC-0950-C67-01A-01D-A88H-36/analysis/HCM-WCMC-0950-C67-01A-01D-A88H-36.final.bam,/gpfs/commons/projects/HCMI/wgs_batch2/5818f445-2ce8-4122-9daf-62ad1aae5b99/HCM-WCMC-0950-C67-01A-01D-A88H-36.WholeGenome.RP-1765.bam
HCM-STAN-1111-C19-11A-11D-A937-36,HCM-STAN-1111-C19-11A-11D-A937-36.WholeGenome.RP-1765.bam,/gpfs/commons/projects/TCGA/gdc-awg/HCMI/WGS/Project_NYGC_15336_B02_SOM_WGS_AnalysisOnly/Sample_HCM-STAN-1111-C19-11A-11D-A937-36/analysis/HCM-STAN-1111-C19-11A-11D-A937-36.final.bam,/gpfs/commons/projects/HCMI/wgs_batch2/67471f29-116c-43c8-94de-c401e07387de/HCM-STAN-1111-C19-11A-11D-A937-36.WholeGenome.RP-1765.bam
HCM-BROD-0924-C34-10A-01D-A88G-36,HCM-BROD-0924-C34-10A-01D-A88G-36.WholeGenome.RP-1765.bam,/gpfs/commons/projects/TCGA/gdc-awg/HCMI/WGS/Project_NYGC_15336_B02_SOM_WGS_AnalysisOnly/Sample_HCM-BROD-0924-C34-10A-01D-A88G-36/analysis/HCM-BROD-0924-C34-10A-01D-A88G-36.final.bam,/gpfs/commons/projects/HCMI/wgs_batch2/c167d59c-0801-4940-9779-ccff315c5944/HCM-BROD-0924-C34-10A-01D-A88G-36.WholeGenome.RP-1765.bam
HCM-SANG-1317-C20-85A-01D-A80T-32-aliquot,9bbfb064-d212-4717-b7e8-19ad0e85c66c_wgs_gdc_realn.bam,/gpfs/commons/projects/TCGA/gdc-awg/HCMI/WGS/Project_NYGC_15336_B02_SOM_WGS_AnalysisOnly/Sample_HCM-SANG-1317-C20-85A-01D-A80T-32-aliquot/analysis/HCM-SANG-1317-C20-85A-01D-A80T-32-aliquot.final.bam,/gpfs/commons/projects/HCMI/wgs_batch2/73ccc475-90f0-4ea6-a481-198484cc2729/9bbfb064-d212-4717-b7e8-19ad0e85c66c_wgs_gdc_realn.bam
HCM-SANG-0519-C20-85A-01D-A80T-32-aliquot,59e79a92-0deb-4b2f-ba35-4e3dbadb3c86_wgs_gdc_realn.bam,/gpfs/commons/projects/TCGA/gdc-awg/HCMI/WGS/Project_NYGC_15336_B02_SOM_WGS_AnalysisOnly/Sample_HCM-SANG-0519-C20-85A-01D-A80T-32-aliquot/analysis/HCM-SANG-0519-C20-85A-01D-A80T-32-aliquot.final.bam,/gpfs/commons/projects/HCMI/wgs_batch2/209f19f5-f9bb-4470-bb7a-cd62f020a582/59e79a92-0deb-4b2f-ba35-4e3dbadb3c86_wgs_gdc_realn.bam
HCM-CSHL-1268-C24-85M-01D-A882-36,HCM-CSHL-1268-C24-85M-01D-A882-36.WholeGenome.RP-1765.bam,/gpfs/commons/projects/TCGA/gdc-awg/HCMI/WGS/Project_NYGC_15336_B02_SOM_WGS_AnalysisOnly/Sample_HCM-CSHL-1268-C24-85M-01D-A882-36/analysis/HCM-CSHL-1268-C24-85M-01D-A882-36.final.bam,/gpfs/commons/projects/HCMI/wgs_batch2/c20fcbb4-a911-4fcb-8da7-8efc59979d1d/HCM-CSHL-1268-C24-85M-01D-A882-36.WholeGenome.RP-1765.bam
HCM-CSHL-0853-C56-85B-01D-A881-36,HCM-CSHL-0853-C56-85B-01D-A881-36.WholeGenome.RP-1765.bam,/gpfs/commons/projects/TCGA/gdc-awg/HCMI/WGS/Project_NYGC_15336_B02_SOM_WGS_AnalysisOnly/Sample_HCM-CSHL-0853-C56-85B-01D-A881-36/analysis/HCM-CSHL-0853-C56-85B-01D-A881-36.final.bam,/gpfs/commons/projects/HCMI/wgs_batch2/f23b691a-0cb8-4770-a08c-3725b2137bf8/HCM-CSHL-0853-C56-85B-01D-A881-36.WholeGenome.RP-1765.bam
HCM-SANG-0526-C15-10A-01D-A80T-32-aliquot,c34e3be8-df07-412a-b313-4486bc01a58d_wgs_gdc_realn.bam,/gpfs/commons/projects/TCGA/gdc-awg/HCMI/WGS/Project_NYGC_15336_B02_SOM_WGS_AnalysisOnly/Sample_HCM-SANG-0526-C15-10A-01D-A80T-32-aliquot/analysis/HCM-SANG-0526-C15-10A-01D-A80T-32-aliquot.final.bam,/gpfs/commons/projects/HCMI/wgs_batch2/2c62e897-956f-4a73-8deb-5a23eaa68620/c34e3be8-df07-412a-b313-4486bc01a58d_wgs_gdc_realn.bam
HCM-CSHL-0863-C18-10A-01D-A88H-36,HCM-CSHL-0863-C18-10A-01D-A88H-36.WholeGenome.RP-1765.bam,/gpfs/commons/projects/TCGA/gdc-awg/HCMI/WGS/Project_NYGC_15336_B02_SOM_WGS_AnalysisOnly/Sample_HCM-CSHL-0863-C18-10A-01D-A88H-36/analysis/HCM-CSHL-0863-C18-10A-01D-A88H-36.final.bam,/gpfs/commons/projects/HCMI/wgs_batch2/20e59085-33e0-401a-9f41-f4bd7142cb33/HCM-CSHL-0863-C18-10A-01D-A88H-36.WholeGenome.RP-1765.bam
HCM-SANG-0780-C25-10A-01D-A80T-32-aliquot,c81c13d3-7b9d-4695-bcc2-4eb6c1f3fb44_wgs_gdc_realn.bam,/gpfs/commons/projects/TCGA/gdc-awg/HCMI/WGS/Project_NYGC_15336_B02_SOM_WGS_AnalysisOnly/Sample_HCM-SANG-0780-C25-10A-01D-A80T-32-aliquot/analysis/HCM-SANG-0780-C25-10A-01D-A80T-32-aliquot.final.bam,/gpfs/commons/projects/HCMI/wgs_batch2/93df7525-5442-4355-aad0-36daec8b055d/c81c13d3-7b9d-4695-bcc2-4eb6c1f3fb44_wgs_gdc_realn.bam
HCM-SANG-0535-C20-10A-01D-A80T-32-aliquot,addec384-16d0-48d5-a59e-4c6f9d9141e1_wgs_gdc_realn.bam,/gpfs/commons/projects/TCGA/gdc-awg/HCMI/WGS/Project_NYGC_15336_B02_SOM_WGS_AnalysisOnly/Sample_HCM-SANG-0535-C20-10A-01D-A80T-32-aliquot/analysis/HCM-SANG-0535-C20-10A-01D-A80T-32-aliquot.final.bam,/gpfs/commons/projects/HCMI/wgs_batch2/9d5804b6-bd31-4de6-9bad-65e5ed2d7f4c/addec384-16d0-48d5-a59e-4c6f9d9141e1_wgs_gdc_realn.bam
HCM-CSHL-0618-C18-85M-01D-A881-36,HCM-CSHL-0618-C18-85M-01D-A881-36.WholeGenome.RP-1765.bam,/gpfs/commons/projects/TCGA/gdc-awg/HCMI/WGS/Project_NYGC_15336_B02_SOM_WGS_AnalysisOnly/Sample_HCM-CSHL-0618-C18-85M-01D-A881-36/analysis/HCM-CSHL-0618-C18-85M-01D-A881-36.final.bam,/gpfs/commons/projects/HCMI/wgs_batch2/b634b156-d72e-449e-af00-8fb594ded1f8/HCM-CSHL-0618-C18-85M-01D-A881-36.WholeGenome.RP-1765.bam
HCM-SANG-0778-C25-01A-01D-A80T-32-aliquot,7d4a2140-8b8d-4208-9784-5e88e690d6a1_wgs_gdc_realn.bam,/gpfs/commons/projects/TCGA/gdc-awg/HCMI/WGS/Project_NYGC_15336_B02_SOM_WGS_AnalysisOnly/Sample_HCM-SANG-0778-C25-01A-01D-A80T-32-aliquot/analysis/HCM-SANG-0778-C25-01A-01D-A80T-32-aliquot.final.bam,/gpfs/commons/projects/HCMI/wgs_batch2/c9c42c09-c3e4-42be-a339-4be365f3cb48/7d4a2140-8b8d-4208-9784-5e88e690d6a1_wgs_gdc_realn.bam
HCM-BROD-0724-C43-06A-01D-A85C-36,HCM-BROD-0724-C43-06A-01D-A85C-36.WholeGenome.RP-1765.bam,/gpfs/commons/projects/TCGA/gdc-awg/HCMI/WGS/Project_NYGC_15336_B02_SOM_WGS_AnalysisOnly/Sample_HCM-BROD-0724-C43-06A-01D-A85C-36/analysis/HCM-BROD-0724-C43-06A-01D-A85C-36.final.bam,/gpfs/commons/projects/HCMI/wgs_batch2/529c7a68-eb36-47f3-81a5-71b9cd410140/HCM-BROD-0724-C43-06A-01D-A85C-36.WholeGenome.RP-1765.bam
HCM-CSHL-0853-C56-07A-11D-A881-36,HCM-CSHL-0853-C56-07A-11D-A881-36.WholeGenome.RP-1765.bam,/gpfs/commons/projects/TCGA/gdc-awg/HCMI/WGS/Project_NYGC_15336_B02_SOM_WGS_AnalysisOnly/Sample_HCM-CSHL-0853-C56-07A-11D-A881-36/analysis/HCM-CSHL-0853-C56-07A-11D-A881-36.final.bam,/gpfs/commons/projects/HCMI/wgs_batch2/7ca64334-e441-4199-80f2-411e21e8fe4c/HCM-CSHL-0853-C56-07A-11D-A881-36.WholeGenome.RP-1765.bam
HCM-SANG-1316-C18-06A-01D-A80T-32-aliquot,2cc275a2-1824-4ebd-8fa6-fdba0e0474b7_wgs_gdc_realn.bam,/gpfs/commons/projects/TCGA/gdc-awg/HCMI/WGS/Project_NYGC_15336_B02_SOM_WGS_AnalysisOnly/Sample_HCM-SANG-1316-C18-06A-01D-A80T-32-aliquot/analysis/HCM-SANG-1316-C18-06A-01D-A80T-32-aliquot.final.bam,/gpfs/commons/projects/HCMI/wgs_batch2/3ba8e1e9-8d33-4955-a8e8-ff7a70deeae7/2cc275a2-1824-4ebd-8fa6-fdba0e0474b7_wgs_gdc_realn.bam
HCM-SANG-1091-C18-85A-01D-A80T-32-aliquot,d900a8b5-060b-4d46-bcff-75c53a8a6227_wgs_gdc_realn.bam,/gpfs/commons/projects/TCGA/gdc-awg/HCMI/WGS/Project_NYGC_15336_B02_SOM_WGS_AnalysisOnly/Sample_HCM-SANG-1091-C18-85A-01D-A80T-32-aliquot/analysis/HCM-SANG-1091-C18-85A-01D-A80T-32-aliquot.final.bam,/gpfs/commons/projects/HCMI/wgs_batch2/de52dd08-ccba-4e88-92de-f63c9969f698/d900a8b5-060b-4d46-bcff-75c53a8a6227_wgs_gdc_realn.bam
HCM-SANG-1329-C15-01A-01D-A80T-32-aliquot,9579b4f9-1ffb-43e4-af8e-b4f2bd449fd1_wgs_gdc_realn.bam,/gpfs/commons/projects/TCGA/gdc-awg/HCMI/WGS/Project_NYGC_15336_B02_SOM_WGS_AnalysisOnly/Sample_HCM-SANG-1329-C15-01A-01D-A80T-32-aliquot/analysis/HCM-SANG-1329-C15-01A-01D-A80T-32-aliquot.final.bam,/gpfs/commons/projects/HCMI/wgs_batch2/a0d3d380-6ff8-442c-881f-6721ce9e6030/9579b4f9-1ffb-43e4-af8e-b4f2bd449fd1_wgs_gdc_realn.bam
HCM-CSHL-0621-C18-06A-11D-A881-36,HCM-CSHL-0621-C18-06A-11D-A881-36.WholeGenome.RP-1765.bam,/gpfs/commons/projects/TCGA/gdc-awg/HCMI/WGS/Project_NYGC_15336_B02_SOM_WGS_AnalysisOnly/Sample_HCM-CSHL-0621-C18-06A-11D-A881-36/analysis/HCM-CSHL-0621-C18-06A-11D-A881-36.final.bam,/gpfs/commons/projects/HCMI/wgs_batch2/40e2f35b-b35a-42c7-849c-96ab76724c89/HCM-CSHL-0621-C18-06A-11D-A881-36.WholeGenome.RP-1765.bam
HCM-SANG-0529-C18-01A-01D-A80T-32-aliquot,9e8e7ebf-27bc-43c4-aeff-e68054b31a46_wgs_gdc_realn.bam,/gpfs/commons/projects/TCGA/gdc-awg/HCMI/WGS/Project_NYGC_15336_B02_SOM_WGS_AnalysisOnly/Sample_HCM-SANG-0529-C18-01A-01D-A80T-32-aliquot/analysis/HCM-SANG-0529-C18-01A-01D-A80T-32-aliquot.final.bam,/gpfs/commons/projects/HCMI/wgs_batch2/db776a85-093e-4be7-81d4-8f5f8ddfb377/9e8e7ebf-27bc-43c4-aeff-e68054b31a46_wgs_gdc_realn.bam
HCM-SANG-0545-C15-10A-01D-A80T-32-aliquot,d0687266-194a-4bbb-8d22-716f8fbc682f_wgs_gdc_realn.bam,/gpfs/commons/projects/TCGA/gdc-awg/HCMI/WGS/Project_NYGC_15336_B02_SOM_WGS_AnalysisOnly/Sample_HCM-SANG-0545-C15-10A-01D-A80T-32-aliquot/analysis/HCM-SANG-0545-C15-10A-01D-A80T-32-aliquot.final.bam,/gpfs/commons/projects/HCMI/wgs_batch2/c28ae1dd-6ffc-441b-9da7-1611202a4ad5/d0687266-194a-4bbb-8d22-716f8fbc682f_wgs_gdc_realn.bam
HCM-CSHL-0852-C76-10A-01D-A88H-36,HCM-CSHL-0852-C76-10A-01D-A88H-36.WholeGenome.RP-1765.bam,/gpfs/commons/projects/TCGA/gdc-awg/HCMI/WGS/Project_NYGC_15336_B02_SOM_WGS_AnalysisOnly/Sample_HCM-CSHL-0852-C76-10A-01D-A88H-36/analysis/HCM-CSHL-0852-C76-10A-01D-A88H-36.final.bam,/gpfs/commons/projects/HCMI/wgs_batch2/28b93327-c88f-40ea-bb21-01fc7ef7b204/HCM-CSHL-0852-C76-10A-01D-A88H-36.WholeGenome.RP-1765.bam
HCM-WCMC-1074-C56-10A-01D-A88H-36,HCM-WCMC-1074-C56-10A-01D-A88H-36.WholeGenome.RP-1765.bam,/gpfs/commons/projects/TCGA/gdc-awg/HCMI/WGS/Project_NYGC_15336_B02_SOM_WGS_AnalysisOnly/Sample_HCM-WCMC-1074-C56-10A-01D-A88H-36/analysis/HCM-WCMC-1074-C56-10A-01D-A88H-36.final.bam,/gpfs/commons/projects/HCMI/wgs_batch2/ffdf182d-c4a9-415f-97b6-4060eb2266fe/HCM-WCMC-1074-C56-10A-01D-A88H-36.WholeGenome.RP-1765.bam
HCM-SANG-0539-C18-85A-01D-A80T-32-aliquot,a5a6a5f9-d762-4f16-869e-0ca06ddddd35_wgs_gdc_realn.bam,/gpfs/commons/projects/TCGA/gdc-awg/HCMI/WGS/Project_NYGC_15336_B02_SOM_WGS_AnalysisOnly/Sample_HCM-SANG-0539-C18-85A-01D-A80T-32-aliquot/analysis/HCM-SANG-0539-C18-85A-01D-A80T-32-aliquot.final.bam,/gpfs/commons/projects/HCMI/wgs_batch2/0c340a26-e0b5-45e8-80c4-6df75befcac1/a5a6a5f9-d762-4f16-869e-0ca06ddddd35_wgs_gdc_realn.bam
HCM-SANG-0779-C25-85A-01D-A80T-32-aliquot,e79085e3-4ac6-4c25-9a66-bdbd9a569d48_wgs_gdc_realn.bam,/gpfs/commons/projects/TCGA/gdc-awg/HCMI/WGS/Project_NYGC_15336_B02_SOM_WGS_AnalysisOnly/Sample_HCM-SANG-0779-C25-85A-01D-A80T-32-aliquot/analysis/HCM-SANG-0779-C25-85A-01D-A80T-32-aliquot.final.bam,/gpfs/commons/projects/HCMI/wgs_batch2/fe52a27c-5563-4cb9-9afa-525364f299d5/e79085e3-4ac6-4c25-9a66-bdbd9a569d48_wgs_gdc_realn.bam
HCM-BROD-0874-C43-85N-01D-A85K-36,HCM-BROD-0874-C43-85N-01D-A85K-36.WholeGenome.RP-1765.bam,/gpfs/commons/projects/TCGA/gdc-awg/HCMI/WGS/Project_NYGC_15336_B02_SOM_WGS_AnalysisOnly/Sample_HCM-BROD-0874-C43-85N-01D-A85K-36/analysis/HCM-BROD-0874-C43-85N-01D-A85K-36.final.bam,/gpfs/commons/projects/HCMI/wgs_batch2/7fc4b893-4b91-431a-b00c-ce906422d665/HCM-BROD-0874-C43-85N-01D-A85K-36.WholeGenome.RP-1765.bam
HCM-BROD-1119-C43-06A-01D-A87L-36,HCM-BROD-1119-C43-06A-01D-A87L-36.WholeGenome.RP-1765.bam,/gpfs/commons/projects/TCGA/gdc-awg/HCMI/WGS/Project_NYGC_15336_B02_SOM_WGS_AnalysisOnly/Sample_HCM-BROD-1119-C43-06A-01D-A87L-36/analysis/HCM-BROD-1119-C43-06A-01D-A87L-36.final.bam,/gpfs/commons/projects/HCMI/wgs_batch2/c20a0971-fad8-478d-a90a-78999b95f9b7/HCM-BROD-1119-C43-06A-01D-A87L-36.WholeGenome.RP-1765.bam
HCM-SANG-0541-C20-08A-01D-A80T-32-aliquot,e89afae7-21dc-4efe-b8c0-2de851a345a1_wgs_gdc_realn.bam,/gpfs/commons/projects/TCGA/gdc-awg/HCMI/WGS/Project_NYGC_15336_B02_SOM_WGS_AnalysisOnly/Sample_HCM-SANG-0541-C20-08A-01D-A80T-32-aliquot/analysis/HCM-SANG-0541-C20-08A-01D-A80T-32-aliquot.final.bam,/gpfs/commons/projects/HCMI/wgs_batch2/2725c747-2a88-4dc6-a0e7-966325402391/e89afae7-21dc-4efe-b8c0-2de851a345a1_wgs_gdc_realn.bam
HCM-BROD-1121-C71-01A-11D-A881-36,HCM-BROD-1121-C71-01A-11D-A881-36.WholeGenome.RP-1765.bam,/gpfs/commons/projects/TCGA/gdc-awg/HCMI/WGS/Project_NYGC_15336_B02_SOM_WGS_AnalysisOnly/Sample_HCM-BROD-1121-C71-01A-11D-A881-36/analysis/HCM-BROD-1121-C71-01A-11D-A881-36.final.bam,/gpfs/commons/projects/HCMI/wgs_batch2/75fca12b-05a8-48a8-a3ab-5dd8b98aa47a/HCM-BROD-1121-C71-01A-11D-A881-36.WholeGenome.RP-1765.bam
HCM-SANG-1311-C18-85A-01D-A80T-32-aliquot,64f7579d-a935-46c4-9519-175ef7f73c0a_wgs_gdc_realn.bam,/gpfs/commons/projects/TCGA/gdc-awg/HCMI/WGS/Project_NYGC_15336_B02_SOM_WGS_AnalysisOnly/Sample_HCM-SANG-1311-C18-85A-01D-A80T-32-aliquot/analysis/HCM-SANG-1311-C18-85A-01D-A80T-32-aliquot.final.bam,/gpfs/commons/projects/HCMI/wgs_batch2/853bd747-0f63-44b0-b966-b78d0eee63bb/64f7579d-a935-46c4-9519-175ef7f73c0a_wgs_gdc_realn.bam
HCM-STAN-0841-C18-11A-11D-A882-36,HCM-STAN-0841-C18-11A-11D-A882-36.WholeGenome.RP-1765.bam,/gpfs/commons/projects/TCGA/gdc-awg/HCMI/WGS/Project_NYGC_15336_B02_SOM_WGS_AnalysisOnly/Sample_HCM-STAN-0841-C18-11A-11D-A882-36/analysis/HCM-STAN-0841-C18-11A-11D-A882-36.final.bam,/gpfs/commons/projects/HCMI/wgs_batch2/d6f32652-38a6-4856-b9ba-95e840d3eb38/HCM-STAN-0841-C18-11A-11D-A882-36.WholeGenome.RP-1765.bam
HCM-SANG-1084-C15-85A-01D-A80T-32-aliquot,5c7128e7-9ba8-4cc7-80c8-5900b182baee_wgs_gdc_realn.bam,/gpfs/commons/projects/TCGA/gdc-awg/HCMI/WGS/Project_NYGC_15336_B02_SOM_WGS_AnalysisOnly/Sample_HCM-SANG-1084-C15-85A-01D-A80T-32-aliquot/analysis/HCM-SANG-1084-C15-85A-01D-A80T-32-aliquot.final.bam,/gpfs/commons/projects/HCMI/wgs_batch2/de530ec8-077e-46c2-bc60-8d2d551644ec/5c7128e7-9ba8-4cc7-80c8-5900b182baee_wgs_gdc_realn.bam
HCM-BROD-1127-C15-85B-01D-A88G-36,HCM-BROD-1127-C15-85B-01D-A88G-36.WholeGenome.RP-1765.bam,/gpfs/commons/projects/TCGA/gdc-awg/HCMI/WGS/Project_NYGC_15336_B02_SOM_WGS_AnalysisOnly/Sample_HCM-BROD-1127-C15-85B-01D-A88G-36/analysis/HCM-BROD-1127-C15-85B-01D-A88G-36.final.bam,/gpfs/commons/projects/HCMI/wgs_batch2/d0b6ad0c-9c29-4b3d-a824-8e59a7d6804c/HCM-BROD-1127-C15-85B-01D-A88G-36.WholeGenome.RP-1765.bam
HCM-CSHL-0857-C19-85M-01D-A881-36,HCM-CSHL-0857-C19-85M-01D-A881-36.WholeGenome.RP-1765.bam,/gpfs/commons/projects/TCGA/gdc-awg/HCMI/WGS/Project_NYGC_15336_B02_SOM_WGS_AnalysisOnly/Sample_HCM-CSHL-0857-C19-85M-01D-A881-36/analysis/HCM-CSHL-0857-C19-85M-01D-A881-36.final.bam,/gpfs/commons/projects/HCMI/wgs_batch2/6bb7b9f2-fe86-4224-bc2f-72dcb726e594/HCM-CSHL-0857-C19-85M-01D-A881-36.WholeGenome.RP-1765.bam
HCM-BROD-0761-C71-10A-01D-A88G-36,HCM-BROD-0761-C71-10A-01D-A88G-36.WholeGenome.RP-1765.bam,/gpfs/commons/projects/TCGA/gdc-awg/HCMI/WGS/Project_NYGC_15336_B02_SOM_WGS_AnalysisOnly/Sample_HCM-BROD-0761-C71-10A-01D-A88G-36/analysis/HCM-BROD-0761-C71-10A-01D-A88G-36.final.bam,/gpfs/commons/projects/HCMI/wgs_batch2/2819f2b9-2700-4c44-ba58-2dadab897e6f/HCM-BROD-0761-C71-10A-01D-A88G-36.WholeGenome.RP-1765.bam
HCM-SANG-1301-C20-10A-01D-A80T-32-aliquot,db3ab543-8fc8-49b9-8fba-7b0eaacb994f_wgs_gdc_realn.bam,/gpfs/commons/projects/TCGA/gdc-awg/HCMI/WGS/Project_NYGC_15336_B02_SOM_WGS_AnalysisOnly/Sample_HCM-SANG-1301-C20-10A-01D-A80T-32-aliquot/analysis/HCM-SANG-1301-C20-10A-01D-A80T-32-aliquot.final.bam,/gpfs/commons/projects/HCMI/wgs_batch2/950d6ec9-1954-4b85-a642-7c2523cbbcb9/db3ab543-8fc8-49b9-8fba-7b0eaacb994f_wgs_gdc_realn.bam
HCM-BROD-0873-C43-85B-01D-A881-36,HCM-BROD-0873-C43-85B-01D-A881-36.WholeGenome.RP-1765.bam,/gpfs/commons/projects/TCGA/gdc-awg/HCMI/WGS/Project_NYGC_15336_B02_SOM_WGS_AnalysisOnly/Sample_HCM-BROD-0873-C43-85B-01D-A881-36/analysis/HCM-BROD-0873-C43-85B-01D-A881-36.final.bam,/gpfs/commons/projects/HCMI/wgs_batch2/1cbfd2af-95ff-49c4-99f7-48fe3be7ec0d/HCM-BROD-0873-C43-85B-01D-A881-36.WholeGenome.RP-1765.bam
HCM-WCMC-1359-C34-10A-01D-A937-36,HCM-WCMC-1359-C34-10A-01D-A937-36.WholeGenome.RP-1765.bam,/gpfs/commons/projects/TCGA/gdc-awg/HCMI/WGS/Project_NYGC_15336_B02_SOM_WGS_AnalysisOnly/Sample_HCM-WCMC-1359-C34-10A-01D-A937-36/analysis/HCM-WCMC-1359-C34-10A-01D-A937-36.final.bam,/gpfs/commons/projects/HCMI/wgs_batch2/ae931d7c-ec32-4dab-9b82-b6857eac4bd5/HCM-WCMC-1359-C34-10A-01D-A937-36.WholeGenome.RP-1765.bam
HCM-BROD-0615-C16-85M-01D-A85K-36,HCM-BROD-0615-C16-85M-01D-A85K-36.WholeGenome.RP-1765.bam,/gpfs/commons/projects/TCGA/gdc-awg/HCMI/WGS/Project_NYGC_15336_B02_SOM_WGS_AnalysisOnly/Sample_HCM-BROD-0615-C16-85M-01D-A85K-36/analysis/HCM-BROD-0615-C16-85M-01D-A85K-36.final.bam,/gpfs/commons/projects/HCMI/wgs_batch2/a0fe9727-6973-4d25-bebe-e4959cc6e399/HCM-BROD-0615-C16-85M-01D-A85K-36.WholeGenome.RP-1765.bam
HCM-CSHL-0818-C56-06A-11D-A881-36,HCM-CSHL-0818-C56-06A-11D-A881-36.WholeGenome.RP-1765.bam,/gpfs/commons/projects/TCGA/gdc-awg/HCMI/WGS/Project_NYGC_15336_B02_SOM_WGS_AnalysisOnly/Sample_HCM-CSHL-0818-C56-06A-11D-A881-36/analysis/HCM-CSHL-0818-C56-06A-11D-A881-36.final.bam,/gpfs/commons/projects/HCMI/wgs_batch2/3b2ad3b1-3b9e-4064-bb8c-d239ee48b952/HCM-CSHL-0818-C56-06A-11D-A881-36.WholeGenome.RP-1765.bam
HCM-WCMC-0949-C67-01A-15D-A88H-36,HCM-WCMC-0949-C67-01A-15D-A88H-36.WholeGenome.RP-1765.bam,/gpfs/commons/projects/TCGA/gdc-awg/HCMI/WGS/Project_NYGC_15336_B02_SOM_WGS_AnalysisOnly/Sample_HCM-WCMC-0949-C67-01A-15D-A88H-36/analysis/HCM-WCMC-0949-C67-01A-15D-A88H-36.final.bam,/gpfs/commons/projects/HCMI/wgs_batch2/5b22fb3d-dda3-48fb-a534-afa6c63f5299/HCM-WCMC-0949-C67-01A-15D-A88H-36.WholeGenome.RP-1765.bam
HCM-CSHL-1265-C25-85A-01D-A905-36,HCM-CSHL-1265-C25-85A-01D-A905-36.WholeGenome.RP-1765.bam,/gpfs/commons/projects/TCGA/gdc-awg/HCMI/WGS/Project_NYGC_15336_B02_SOM_WGS_AnalysisOnly/Sample_HCM-CSHL-1265-C25-85A-01D-A905-36/analysis/HCM-CSHL-1265-C25-85A-01D-A905-36.final.bam,/gpfs/commons/projects/HCMI/wgs_batch2/b638d877-daf6-4d08-9b11-343b4fdf3572/HCM-CSHL-1265-C25-85A-01D-A905-36.WholeGenome.RP-1765.bam
HCM-CSHL-0864-C44-85B-01D-A88H-36,HCM-CSHL-0864-C44-85B-01D-A88H-36.WholeGenome.RP-1765.bam,/gpfs/commons/projects/TCGA/gdc-awg/HCMI/WGS/Project_NYGC_15336_B02_SOM_WGS_AnalysisOnly/Sample_HCM-CSHL-0864-C44-85B-01D-A88H-36/analysis/HCM-CSHL-0864-C44-85B-01D-A88H-36.final.bam,/gpfs/commons/projects/HCMI/wgs_batch2/fcef5d75-31ed-4a19-ba3b-ce1d1de64939/HCM-CSHL-0864-C44-85B-01D-A88H-36.WholeGenome.RP-1765.bam
HCM-BROD-0230-C25-85D-01D-A83U-36,HCM-BROD-0230-C25-85D-01D-A83U-36.WholeGenome.RP-1765.bam,/gpfs/commons/projects/TCGA/gdc-awg/HCMI/WGS/Project_NYGC_15336_B02_SOM_WGS_AnalysisOnly/Sample_HCM-BROD-0230-C25-85D-01D-A83U-36/analysis/HCM-BROD-0230-C25-85D-01D-A83U-36.final.bam,/gpfs/commons/projects/HCMI/wgs_batch2/06ad387f-2ade-451c-b2bf-3b614b2bdb78/HCM-BROD-0230-C25-85D-01D-A83U-36.WholeGenome.RP-1765.bam
HCM-SANG-1330-C19-10A-01D-A80T-32-aliquot,33c80cbe-ea74-4fb3-89f4-33469d8d5785_wgs_gdc_realn.bam,/gpfs/commons/projects/TCGA/gdc-awg/HCMI/WGS/Project_NYGC_15336_B02_SOM_WGS_AnalysisOnly/Sample_HCM-SANG-1330-C19-10A-01D-A80T-32-aliquot/analysis/HCM-SANG-1330-C19-10A-01D-A80T-32-aliquot.final.bam,/gpfs/commons/projects/HCMI/wgs_batch2/d1db3cae-2bcb-48b8-95bc-4fc478adbafa/33c80cbe-ea74-4fb3-89f4-33469d8d5785_wgs_gdc_realn.bam
HCM-SANG-1334-C18-85A-01D-A80T-32-aliquot,99f38bcf-a056-4b2c-94d3-600d6df04c01_wgs_gdc_realn.bam,/gpfs/commons/projects/TCGA/gdc-awg/HCMI/WGS/Project_NYGC_15336_B02_SOM_WGS_AnalysisOnly/Sample_HCM-SANG-1334-C18-85A-01D-A80T-32-aliquot/analysis/HCM-SANG-1334-C18-85A-01D-A80T-32-aliquot.final.bam,/gpfs/commons/projects/HCMI/wgs_batch2/54759097-8616-43f3-9478-5e3a21c78cd5/99f38bcf-a056-4b2c-94d3-600d6df04c01_wgs_gdc_realn.bam
HCM-CSHL-1269-C18-85M-01D-A882-36,HCM-CSHL-1269-C18-85M-01D-A882-36.WholeGenome.RP-1765.bam,/gpfs/commons/projects/TCGA/gdc-awg/HCMI/WGS/Project_NYGC_15336_B02_SOM_WGS_AnalysisOnly/Sample_HCM-CSHL-1269-C18-85M-01D-A882-36/analysis/HCM-CSHL-1269-C18-85M-01D-A882-36.final.bam,/gpfs/commons/projects/HCMI/wgs_batch2/0c59c653-6549-488d-a20d-ead9ae4504cb/HCM-CSHL-1269-C18-85M-01D-A882-36.WholeGenome.RP-1765.bam
HCM-SANG-1081-C20-08A-01D-A80T-32-aliquot,f654fd0d-2b3d-4118-a8e5-3a8c5b72c510_wgs_gdc_realn.bam,/gpfs/commons/projects/TCGA/gdc-awg/HCMI/WGS/Project_NYGC_15336_B02_SOM_WGS_AnalysisOnly/Sample_HCM-SANG-1081-C20-08A-01D-A80T-32-aliquot/analysis/HCM-SANG-1081-C20-08A-01D-A80T-32-aliquot.final.bam,/gpfs/commons/projects/HCMI/wgs_batch2/0a132765-73c3-4a8d-9e69-8b9bfa003413/f654fd0d-2b3d-4118-a8e5-3a8c5b72c510_wgs_gdc_realn.bam
HCM-SANG-0780-C25-85A-01D-A80T-32-aliquot,a4ce9018-c685-4c8c-bd92-3ab5c0dbef87_wgs_gdc_realn.bam,/gpfs/commons/projects/TCGA/gdc-awg/HCMI/WGS/Project_NYGC_15336_B02_SOM_WGS_AnalysisOnly/Sample_HCM-SANG-0780-C25-85A-01D-A80T-32-aliquot/analysis/HCM-SANG-0780-C25-85A-01D-A80T-32-aliquot.final.bam,/gpfs/commons/projects/HCMI/wgs_batch2/99a04191-f160-4cde-97e1-f579ab44a05d/a4ce9018-c685-4c8c-bd92-3ab5c0dbef87_wgs_gdc_realn.bam
HCM-SANG-0527-C18-01A-01D-A80T-32-aliquot,71ff624f-7781-4b55-b820-c9f3f24375eb_wgs_gdc_realn.bam,/gpfs/commons/projects/TCGA/gdc-awg/HCMI/WGS/Project_NYGC_15336_B02_SOM_WGS_AnalysisOnly/Sample_HCM-SANG-0527-C18-01A-01D-A80T-32-aliquot/analysis/HCM-SANG-0527-C18-01A-01D-A80T-32-aliquot.final.bam,/gpfs/commons/projects/HCMI/wgs_batch2/e06f4f73-3da4-4307-bf27-b8e9ca1db12e/71ff624f-7781-4b55-b820-c9f3f24375eb_wgs_gdc_realn.bam
HCM-SANG-0532-C20-85A-01D-A80T-32-aliquot,0ddc0c59-2fb4-4f5d-97af-cf65a04c0ef9_wgs_gdc_realn.bam,/gpfs/commons/projects/TCGA/gdc-awg/HCMI/WGS/Project_NYGC_15336_B02_SOM_WGS_AnalysisOnly/Sample_HCM-SANG-0532-C20-85A-01D-A80T-32-aliquot/analysis/HCM-SANG-0532-C20-85A-01D-A80T-32-aliquot.final.bam,/gpfs/commons/projects/HCMI/wgs_batch2/b5f3f614-5627-41ee-a1ea-a64c64be0cee/0ddc0c59-2fb4-4f5d-97af-cf65a04c0ef9_wgs_gdc_realn.bam
HCM-CSHL-0800-C67-85A-01D-A88G-36,HCM-CSHL-0800-C67-85A-01D-A88G-36.WholeGenome.RP-1765.bam,/gpfs/commons/projects/TCGA/gdc-awg/HCMI/WGS/Project_NYGC_15336_B02_SOM_WGS_AnalysisOnly/Sample_HCM-CSHL-0800-C67-85A-01D-A88G-36/analysis/HCM-CSHL-0800-C67-85A-01D-A88G-36.final.bam,/gpfs/commons/projects/HCMI/wgs_batch2/5daa0404-2c7a-42a2-b07e-e8210bc6b8be/HCM-CSHL-0800-C67-85A-01D-A88G-36.WholeGenome.RP-1765.bam
HCM-BROD-0040-C74-85B-01D-A88G-36,HCM-BROD-0040-C74-85B-01D-A88G-36.WholeGenome.RP-1765.bam,/gpfs/commons/projects/TCGA/gdc-awg/HCMI/WGS/Project_NYGC_15336_B02_SOM_WGS_AnalysisOnly/Sample_HCM-BROD-0040-C74-85B-01D-A88G-36/analysis/HCM-BROD-0040-C74-85B-01D-A88G-36.final.bam,/gpfs/commons/projects/HCMI/wgs_batch2/37ca9635-9f32-44d0-90dd-beb7e5880256/HCM-BROD-0040-C74-85B-01D-A88G-36.WholeGenome.RP-1765.bam
HCM-SANG-1312-C20-10A-01D-A80T-32-aliquot,f68fc7d1-d718-4f4e-b5fa-3baa0662c871_wgs_gdc_realn.bam,/gpfs/commons/projects/TCGA/gdc-awg/HCMI/WGS/Project_NYGC_15336_B02_SOM_WGS_AnalysisOnly/Sample_HCM-SANG-1312-C20-10A-01D-A80T-32-aliquot/analysis/HCM-SANG-1312-C20-10A-01D-A80T-32-aliquot.final.bam,/gpfs/commons/projects/HCMI/wgs_batch2/d83e15bf-178c-4406-9cba-623f3830bfe9/f68fc7d1-d718-4f4e-b5fa-3baa0662c871_wgs_gdc_realn.bam
HCM-CSHL-0765-C56-10A-01D-A88G-36,HCM-CSHL-0765-C56-10A-01D-A88G-36.WholeGenome.RP-1765.bam,/gpfs/commons/projects/TCGA/gdc-awg/HCMI/WGS/Project_NYGC_15336_B02_SOM_WGS_AnalysisOnly/Sample_HCM-CSHL-0765-C56-10A-01D-A88G-36/analysis/HCM-CSHL-0765-C56-10A-01D-A88G-36.final.bam,/gpfs/commons/projects/HCMI/wgs_batch2/9e852f68-07c8-44f8-b535-3621bf14f0f5/HCM-CSHL-0765-C56-10A-01D-A88G-36.WholeGenome.RP-1765.bam
HCM-SANG-0519-C20-10A-01D-A80T-32-aliquot,329f0070-1673-4f05-9e04-7e594bc84fa5_wgs_gdc_realn.bam,/gpfs/commons/projects/TCGA/gdc-awg/HCMI/WGS/Project_NYGC_15336_B02_SOM_WGS_AnalysisOnly/Sample_HCM-SANG-0519-C20-10A-01D-A80T-32-aliquot/analysis/HCM-SANG-0519-C20-10A-01D-A80T-32-aliquot.final.bam,/gpfs/commons/projects/HCMI/wgs_batch2/af2c02fa-f9cd-4f79-8fb2-37d093e6ca1b/329f0070-1673-4f05-9e04-7e594bc84fa5_wgs_gdc_realn.bam
HCM-SANG-1089-C18-10A-01D-A80T-32-aliquot,b011445b-ccf0-4e49-b6bc-f4b704b5b1e8_wgs_gdc_realn.bam,/gpfs/commons/projects/TCGA/gdc-awg/HCMI/WGS/Project_NYGC_15336_B02_SOM_WGS_AnalysisOnly/Sample_HCM-SANG-1089-C18-10A-01D-A80T-32-aliquot/analysis/HCM-SANG-1089-C18-10A-01D-A80T-32-aliquot.final.bam,/gpfs/commons/projects/HCMI/wgs_batch2/bab51ed0-5159-46f3-a1cd-4bc5444aae8a/b011445b-ccf0-4e49-b6bc-f4b704b5b1e8_wgs_gdc_realn.bam
HCM-SANG-0779-C25-10A-01D-A80T-32-aliquot,05fe6e09-a087-476d-99d1-530b417f09ca_wgs_gdc_realn.bam,/gpfs/commons/projects/TCGA/gdc-awg/HCMI/WGS/Project_NYGC_15336_B02_SOM_WGS_AnalysisOnly/Sample_HCM-SANG-0779-C25-10A-01D-A80T-32-aliquot/analysis/HCM-SANG-0779-C25-10A-01D-A80T-32-aliquot.final.bam,/gpfs/commons/projects/HCMI/wgs_batch2/f2af6bf7-9b33-48b3-b861-3f56a09de643/05fe6e09-a087-476d-99d1-530b417f09ca_wgs_gdc_realn.bam
HCM-CSHL-0853-C56-07B-11D-A881-36,HCM-CSHL-0853-C56-07B-11D-A881-36.WholeGenome.RP-1765.bam,/gpfs/commons/projects/TCGA/gdc-awg/HCMI/WGS/Project_NYGC_15336_B02_SOM_WGS_AnalysisOnly/Sample_HCM-CSHL-0853-C56-07B-11D-A881-36/analysis/HCM-CSHL-0853-C56-07B-11D-A881-36.final.bam,/gpfs/commons/projects/HCMI/wgs_batch2/e7412eb5-8b06-4e8b-ab21-72ada9370974/HCM-CSHL-0853-C56-07B-11D-A881-36.WholeGenome.RP-1765.bam
HCM-SANG-0536-C18-08A-01D-A80T-32-aliquot,e81a7f66-f3ab-4701-a864-9517eab3c6b2_wgs_gdc_realn.bam,/gpfs/commons/projects/TCGA/gdc-awg/HCMI/WGS/Project_NYGC_15336_B02_SOM_WGS_AnalysisOnly/Sample_HCM-SANG-0536-C18-08A-01D-A80T-32-aliquot/analysis/HCM-SANG-0536-C18-08A-01D-A80T-32-aliquot.final.bam,/gpfs/commons/projects/HCMI/wgs_batch2/31c7dd99-9afb-4901-9e59-e4a8743bac01/e81a7f66-f3ab-4701-a864-9517eab3c6b2_wgs_gdc_realn.bam
HCM-WCMC-0948-C67-11A-01D-A88H-36,HCM-WCMC-0948-C67-11A-01D-A88H-36.WholeGenome.RP-1765.bam,/gpfs/commons/projects/TCGA/gdc-awg/HCMI/WGS/Project_NYGC_15336_B02_SOM_WGS_AnalysisOnly/Sample_HCM-WCMC-0948-C67-11A-01D-A88H-36/analysis/HCM-WCMC-0948-C67-11A-01D-A88H-36.final.bam,/gpfs/commons/projects/HCMI/wgs_batch2/7f8f79bc-4033-44c1-9d4f-b3c548420f74/HCM-WCMC-0948-C67-11A-01D-A88H-36.WholeGenome.RP-1765.bam
HCM-BROD-0724-C43-85M-01D-A85C-36,HCM-BROD-0724-C43-85M-01D-A85C-36.WholeGenome.RP-1765.bam,/gpfs/commons/projects/TCGA/gdc-awg/HCMI/WGS/Project_NYGC_15336_B02_SOM_WGS_AnalysisOnly/Sample_HCM-BROD-0724-C43-85M-01D-A85C-36/analysis/HCM-BROD-0724-C43-85M-01D-A85C-36.final.bam,/gpfs/commons/projects/HCMI/wgs_batch2/1788c36a-468e-49b1-b4e8-92a150447a07/HCM-BROD-0724-C43-85M-01D-A85C-36.WholeGenome.RP-1765.bam
HCM-WCMC-1340-C54-85A-01D-A937-36,HCM-WCMC-1340-C54-85A-01D-A937-36.WholeGenome.RP-1765.bam,/gpfs/commons/projects/TCGA/gdc-awg/HCMI/WGS/Project_NYGC_15336_B02_SOM_WGS_AnalysisOnly/Sample_HCM-WCMC-1340-C54-85A-01D-A937-36/analysis/HCM-WCMC-1340-C54-85A-01D-A937-36.final.bam,/gpfs/commons/projects/HCMI/wgs_batch2/1495eb9d-eb01-4f02-a552-6625984b9d8f/HCM-WCMC-1340-C54-85A-01D-A937-36.WholeGenome.RP-1765.bam
HCM-SANG-0530-C15-10A-01D-A80T-32-aliquot,0db74f09-9b69-4192-9a4c-ef8055894c5d_wgs_gdc_realn.bam,/gpfs/commons/projects/TCGA/gdc-awg/HCMI/WGS/Project_NYGC_15336_B02_SOM_WGS_AnalysisOnly/Sample_HCM-SANG-0530-C15-10A-01D-A80T-32-aliquot/analysis/HCM-SANG-0530-C15-10A-01D-A80T-32-aliquot.final.bam,/gpfs/commons/projects/HCMI/wgs_batch2/da2e4b07-5604-4ba1-9087-2cccb84e63c3/0db74f09-9b69-4192-9a4c-ef8055894c5d_wgs_gdc_realn.bam
HCM-SANG-1082-C15-10A-01D-A80T-32-aliquot,391539fb-a975-402a-8288-13c4afd9f804_wgs_gdc_realn.bam,/gpfs/commons/projects/TCGA/gdc-awg/HCMI/WGS/Project_NYGC_15336_B02_SOM_WGS_AnalysisOnly/Sample_HCM-SANG-1082-C15-10A-01D-A80T-32-aliquot/analysis/HCM-SANG-1082-C15-10A-01D-A80T-32-aliquot.final.bam,/gpfs/commons/projects/HCMI/wgs_batch2/5c0c217b-e780-4b66-b866-857ac3f21e7a/391539fb-a975-402a-8288-13c4afd9f804_wgs_gdc_realn.bam
HCM-CSHL-0853-C56-10A-01D-A881-36,HCM-CSHL-0853-C56-10A-01D-A881-36.WholeGenome.RP-1765.bam,/gpfs/commons/projects/TCGA/gdc-awg/HCMI/WGS/Project_NYGC_15336_B02_SOM_WGS_AnalysisOnly/Sample_HCM-CSHL-0853-C56-10A-01D-A881-36/analysis/HCM-CSHL-0853-C56-10A-01D-A881-36.final.bam,/gpfs/commons/projects/HCMI/wgs_batch2/aa7cf18c-f87c-4e82-b2ae-0f4f800641e8/HCM-CSHL-0853-C56-10A-01D-A881-36.WholeGenome.RP-1765.bam
HCM-SANG-0533-C20-85A-01D-A80T-32-aliquot,578e8f64-1b5b-4ccc-8b5a-717fc41200ea_wgs_gdc_realn.bam,/gpfs/commons/projects/TCGA/gdc-awg/HCMI/WGS/Project_NYGC_15336_B02_SOM_WGS_AnalysisOnly/Sample_HCM-SANG-0533-C20-85A-01D-A80T-32-aliquot/analysis/HCM-SANG-0533-C20-85A-01D-A80T-32-aliquot.final.bam,/gpfs/commons/projects/HCMI/wgs_batch2/f42e70b9-16a7-462b-99ee-07f26ec75185/578e8f64-1b5b-4ccc-8b5a-717fc41200ea_wgs_gdc_realn.bam
HCM-WCMC-0946-C34-01A-15D-A905-36,HCM-WCMC-0946-C34-01A-15D-A905-36.WholeGenome.RP-1765.bam,/gpfs/commons/projects/TCGA/gdc-awg/HCMI/WGS/Project_NYGC_15336_B02_SOM_WGS_AnalysisOnly/Sample_HCM-WCMC-0946-C34-01A-15D-A905-36/analysis/HCM-WCMC-0946-C34-01A-15D-A905-36.final.bam,/gpfs/commons/projects/HCMI/wgs_batch2/21eadff9-c1a4-4de0-ba55-4a9b09d257e8/HCM-WCMC-0946-C34-01A-15D-A905-36.WholeGenome.RP-1765.bam
HCM-SANG-0778-C25-85A-01D-A80T-32-aliquot,5317ee66-f888-4a56-be5a-8999bb2f53f2_wgs_gdc_realn.bam,/gpfs/commons/projects/TCGA/gdc-awg/HCMI/WGS/Project_NYGC_15336_B02_SOM_WGS_AnalysisOnly/Sample_HCM-SANG-0778-C25-85A-01D-A80T-32-aliquot/analysis/HCM-SANG-0778-C25-85A-01D-A80T-32-aliquot.final.bam,/gpfs/commons/projects/HCMI/wgs_batch2/134a7ade-8dec-4245-b2a4-981f0c91a444/5317ee66-f888-4a56-be5a-8999bb2f53f2_wgs_gdc_realn.bam
HCM-BROD-0783-C71-02A-01D-A87L-36,HCM-BROD-0783-C71-02A-01D-A87L-36.WholeGenome.RP-1765.bam,/gpfs/commons/projects/TCGA/gdc-awg/HCMI/WGS/Project_NYGC_15336_B02_SOM_WGS_AnalysisOnly/Sample_HCM-BROD-0783-C71-02A-01D-A87L-36/analysis/HCM-BROD-0783-C71-02A-01D-A87L-36.final.bam,/gpfs/commons/projects/HCMI/wgs_batch2/265667d3-b43b-47b0-a12a-d2c74dc7cc30/HCM-BROD-0783-C71-02A-01D-A87L-36.WholeGenome.RP-1765.bam
HCM-CSHL-0868-C56-06A-11D-A881-36,HCM-CSHL-0868-C56-06A-11D-A881-36.WholeGenome.RP-1765.bam,/gpfs/commons/projects/TCGA/gdc-awg/HCMI/WGS/Project_NYGC_15336_B02_SOM_WGS_AnalysisOnly/Sample_HCM-CSHL-0868-C56-06A-11D-A881-36/analysis/HCM-CSHL-0868-C56-06A-11D-A881-36.final.bam,/gpfs/commons/projects/HCMI/wgs_batch2/48a76bb0-3e73-4e68-9f61-492094403f2b/HCM-CSHL-0868-C56-06A-11D-A881-36.WholeGenome.RP-1765.bam
HCM-CSHL-0768-C56-85O-01D-A88G-36,HCM-CSHL-0768-C56-85O-01D-A88G-36.WholeGenome.RP-1765.bam,/gpfs/commons/projects/TCGA/gdc-awg/HCMI/WGS/Project_NYGC_15336_B02_SOM_WGS_AnalysisOnly/Sample_HCM-CSHL-0768-C56-85O-01D-A88G-36/analysis/HCM-CSHL-0768-C56-85O-01D-A88G-36.final.bam,/gpfs/commons/projects/HCMI/wgs_batch2/72fd56b0-0564-4648-85f7-34f4fc92ddee/HCM-CSHL-0768-C56-85O-01D-A88G-36.WholeGenome.RP-1765.bam
HCM-SANG-1310-C15-10A-01D-A80T-32-aliquot,7630f2ca-15ab-4ea1-8294-f5bffdd0e9da_wgs_gdc_realn.bam,/gpfs/commons/projects/TCGA/gdc-awg/HCMI/WGS/Project_NYGC_15336_B02_SOM_WGS_AnalysisOnly/Sample_HCM-SANG-1310-C15-10A-01D-A80T-32-aliquot/analysis/HCM-SANG-1310-C15-10A-01D-A80T-32-aliquot.final.bam,/gpfs/commons/projects/HCMI/wgs_batch2/39ef3f14-fd32-49b9-a793-6a7d91bbcef7/7630f2ca-15ab-4ea1-8294-f5bffdd0e9da_wgs_gdc_realn.bam
HCM-CSHL-0768-C56-85B-01D-A88G-36,HCM-CSHL-0768-C56-85B-01D-A88G-36.WholeGenome.RP-1765.bam,/gpfs/commons/projects/TCGA/gdc-awg/HCMI/WGS/Project_NYGC_15336_B02_SOM_WGS_AnalysisOnly/Sample_HCM-CSHL-0768-C56-85B-01D-A88G-36/analysis/HCM-CSHL-0768-C56-85B-01D-A88G-36.final.bam,/gpfs/commons/projects/HCMI/wgs_batch2/cf96da58-882c-48f6-a93b-abe5078d3c47/HCM-CSHL-0768-C56-85B-01D-A88G-36.WholeGenome.RP-1765.bam
HCM-STAN-1109-D13-85B-01D-A937-36,HCM-STAN-1109-D13-85B-01D-A937-36.WholeGenome.RP-1765.bam,/gpfs/commons/projects/TCGA/gdc-awg/HCMI/WGS/Project_NYGC_15336_B02_SOM_WGS_AnalysisOnly/Sample_HCM-STAN-1109-D13-85B-01D-A937-36/analysis/HCM-STAN-1109-D13-85B-01D-A937-36.final.bam,/gpfs/commons/projects/HCMI/wgs_batch2/2b2f30f6-8a78-4a28-ad63-876d161282ed/HCM-STAN-1109-D13-85B-01D-A937-36.WholeGenome.RP-1765.bam
HCM-SANG-1333-C20-85A-01D-A80T-32-aliquot,524b17ec-55a9-479b-852b-508fe85f2ed9_wgs_gdc_realn.bam,/gpfs/commons/projects/TCGA/gdc-awg/HCMI/WGS/Project_NYGC_15336_B02_SOM_WGS_AnalysisOnly/Sample_HCM-SANG-1333-C20-85A-01D-A80T-32-aliquot/analysis/HCM-SANG-1333-C20-85A-01D-A80T-32-aliquot.final.bam,/gpfs/commons/projects/HCMI/wgs_batch2/cb09b450-7db5-48ad-a2d9-198fdc6074af/524b17ec-55a9-479b-852b-508fe85f2ed9_wgs_gdc_realn.bam
HCM-SANG-0518-C18-85A-01D-A80T-32-aliquot,ad5c9b32-3f72-471f-a236-0bf920aa1fb6_wgs_gdc_realn.bam,/gpfs/commons/projects/TCGA/gdc-awg/HCMI/WGS/Project_NYGC_15336_B02_SOM_WGS_AnalysisOnly/Sample_HCM-SANG-0518-C18-85A-01D-A80T-32-aliquot/analysis/HCM-SANG-0518-C18-85A-01D-A80T-32-aliquot.final.bam,/gpfs/commons/projects/HCMI/wgs_batch2/83c2b897-c82f-4e26-b5a8-252c3b609eb3/ad5c9b32-3f72-471f-a236-0bf920aa1fb6_wgs_gdc_realn.bam
HCM-STAN-1111-C19-01A-11D-A937-36,HCM-STAN-1111-C19-01A-11D-A937-36.WholeGenome.RP-1765.bam,/gpfs/commons/projects/TCGA/gdc-awg/HCMI/WGS/Project_NYGC_15336_B02_SOM_WGS_AnalysisOnly/Sample_HCM-STAN-1111-C19-01A-11D-A937-36/analysis/HCM-STAN-1111-C19-01A-11D-A937-36.final.bam,/gpfs/commons/projects/HCMI/wgs_batch2/091fbf38-8d2c-4bd9-8dba-9c8dabe654eb/HCM-STAN-1111-C19-01A-11D-A937-36.WholeGenome.RP-1765.bam
HCM-SANG-1088-C18-01A-01D-A80T-32-aliquot,11e06c19-67c9-4ea7-8fea-49c07299d1da_wgs_gdc_realn.bam,/gpfs/commons/projects/TCGA/gdc-awg/HCMI/WGS/Project_NYGC_15336_B02_SOM_WGS_AnalysisOnly/Sample_HCM-SANG-1088-C18-01A-01D-A80T-32-aliquot/analysis/HCM-SANG-1088-C18-01A-01D-A80T-32-aliquot.final.bam,/gpfs/commons/projects/HCMI/wgs_batch2/564bfda5-2239-4dd9-82ee-3f6b6f5165f7/11e06c19-67c9-4ea7-8fea-49c07299d1da_wgs_gdc_realn.bam
HCM-SANG-1327-C18-10A-01D-A80T-32-aliquot,bfd4764a-11d1-4714-80ae-f43f2cb69466_wgs_gdc_realn.bam,/gpfs/commons/projects/TCGA/gdc-awg/HCMI/WGS/Project_NYGC_15336_B02_SOM_WGS_AnalysisOnly/Sample_HCM-SANG-1327-C18-10A-01D-A80T-32-aliquot/analysis/HCM-SANG-1327-C18-10A-01D-A80T-32-aliquot.final.bam,/gpfs/commons/projects/HCMI/wgs_batch2/a37fc295-3571-44ee-b80b-396be8f48544/bfd4764a-11d1-4714-80ae-f43f2cb69466_wgs_gdc_realn.bam
HCM-SANG-1090-C18-08A-01D-A80T-32-aliquot,c5c776f6-61b0-4e91-851f-cdfafb672090_wgs_gdc_realn.bam,/gpfs/commons/projects/TCGA/gdc-awg/HCMI/WGS/Project_NYGC_15336_B02_SOM_WGS_AnalysisOnly/Sample_HCM-SANG-1090-C18-08A-01D-A80T-32-aliquot/analysis/HCM-SANG-1090-C18-08A-01D-A80T-32-aliquot.final.bam,/gpfs/commons/projects/HCMI/wgs_batch2/8b917f0d-ee23-4f49-bc00-3e9a80c7252f/c5c776f6-61b0-4e91-851f-cdfafb672090_wgs_gdc_realn.bam
HCM-SANG-1300-C18-01A-01D-A80T-32-aliquot,ad18c985-3dbb-4ff4-8d9b-bafab4c81152_wgs_gdc_realn.bam,/gpfs/commons/projects/TCGA/gdc-awg/HCMI/WGS/Project_NYGC_15336_B02_SOM_WGS_AnalysisOnly/Sample_HCM-SANG-1300-C18-01A-01D-A80T-32-aliquot/analysis/HCM-SANG-1300-C18-01A-01D-A80T-32-aliquot.final.bam,/gpfs/commons/projects/HCMI/wgs_batch2/8c08b5a9-f74b-47cb-93dd-2f0086cb2a4f/ad18c985-3dbb-4ff4-8d9b-bafab4c81152_wgs_gdc_realn.bam
HCM-BROD-0710-C43-85M-01D-A881-36,HCM-BROD-0710-C43-85M-01D-A881-36.WholeGenome.RP-1765.bam,/gpfs/commons/projects/TCGA/gdc-awg/HCMI/WGS/Project_NYGC_15336_B02_SOM_WGS_AnalysisOnly/Sample_HCM-BROD-0710-C43-85M-01D-A881-36/analysis/HCM-BROD-0710-C43-85M-01D-A881-36.final.bam,/gpfs/commons/projects/HCMI/wgs_batch2/0edf20f0-258b-48ee-b51e-d0c65d15a904/HCM-BROD-0710-C43-85M-01D-A881-36.WholeGenome.RP-1765.bam
HCM-SANG-1085-C20-08A-01D-A80T-32-aliquot,9bc337d0-8072-4c6c-9f25-e63fb6f645ec_wgs_gdc_realn.bam,/gpfs/commons/projects/TCGA/gdc-awg/HCMI/WGS/Project_NYGC_15336_B02_SOM_WGS_AnalysisOnly/Sample_HCM-SANG-1085-C20-08A-01D-A80T-32-aliquot/analysis/HCM-SANG-1085-C20-08A-01D-A80T-32-aliquot.final.bam,/gpfs/commons/projects/HCMI/wgs_batch2/764c1727-3224-42c2-91e6-e5e85dd7c8f3/9bc337d0-8072-4c6c-9f25-e63fb6f645ec_wgs_gdc_realn.bam
HCM-SANG-1337-C18-10A-01D-A80T-32-aliquot,95cb5b34-4c49-4e11-9546-59ee640fd1d6_wgs_gdc_realn.bam,/gpfs/commons/projects/TCGA/gdc-awg/HCMI/WGS/Project_NYGC_15336_B02_SOM_WGS_AnalysisOnly/Sample_HCM-SANG-1337-C18-10A-01D-A80T-32-aliquot/analysis/HCM-SANG-1337-C18-10A-01D-A80T-32-aliquot.final.bam,/gpfs/commons/projects/HCMI/wgs_batch2/2d4b5eb6-7c10-45c2-9edc-9be4d5db1d92/95cb5b34-4c49-4e11-9546-59ee640fd1d6_wgs_gdc_realn.bam
HCM-BROD-0597-C64-85A-01D-A85C-36,HCM-BROD-0597-C64-85A-01D-A85C-36.WholeGenome.RP-1765.bam,/gpfs/commons/projects/TCGA/gdc-awg/HCMI/WGS/Project_NYGC_15336_B02_SOM_WGS_AnalysisOnly/Sample_HCM-BROD-0597-C64-85A-01D-A85C-36/analysis/HCM-BROD-0597-C64-85A-01D-A85C-36.final.bam,/gpfs/commons/projects/HCMI/wgs_batch2/2ec02d02-1e8c-4d68-a955-e2b48760e88c/HCM-BROD-0597-C64-85A-01D-A85C-36.WholeGenome.RP-1765.bam
HCM-BROD-0953-C34-85B-01D-A88G-36,HCM-BROD-0953-C34-85B-01D-A88G-36.WholeGenome.RP-1765.bam,/gpfs/commons/projects/TCGA/gdc-awg/HCMI/WGS/Project_NYGC_15336_B02_SOM_WGS_AnalysisOnly/Sample_HCM-BROD-0953-C34-85B-01D-A88G-36/analysis/HCM-BROD-0953-C34-85B-01D-A88G-36.final.bam,/gpfs/commons/projects/HCMI/wgs_batch2/8e32eba8-4ae4-4f7b-bdd6-cef71079f864/HCM-BROD-0953-C34-85B-01D-A88G-36.WholeGenome.RP-1765.bam
HCM-CSHL-0867-C18-85B-01D-A88H-36,HCM-CSHL-0867-C18-85B-01D-A88H-36.WholeGenome.RP-1765.bam,/gpfs/commons/projects/TCGA/gdc-awg/HCMI/WGS/Project_NYGC_15336_B02_SOM_WGS_AnalysisOnly/Sample_HCM-CSHL-0867-C18-85B-01D-A88H-36/analysis/HCM-CSHL-0867-C18-85B-01D-A88H-36.final.bam,/gpfs/commons/projects/HCMI/wgs_batch2/cd3cdcf1-e192-4723-808f-f970583bd639/HCM-CSHL-0867-C18-85B-01D-A88H-36.WholeGenome.RP-1765.bam
HCM-CSHL-0868-C56-10A-01D-A881-36,HCM-CSHL-0868-C56-10A-01D-A881-36.WholeGenome.RP-1765.bam,/gpfs/commons/projects/TCGA/gdc-awg/HCMI/WGS/Project_NYGC_15336_B02_SOM_WGS_AnalysisOnly/Sample_HCM-CSHL-0868-C56-10A-01D-A881-36/analysis/HCM-CSHL-0868-C56-10A-01D-A881-36.final.bam,/gpfs/commons/projects/HCMI/wgs_batch2/27cbe992-4ffa-4037-98df-e9c98ac483d1/HCM-CSHL-0868-C56-10A-01D-A881-36.WholeGenome.RP-1765.bam
HCM-SANG-1330-C19-85A-01D-A80T-32-aliquot,508d1fe3-3316-4f29-8f93-0134bb0a2ac8_wgs_gdc_realn.bam,/gpfs/commons/projects/TCGA/gdc-awg/HCMI/WGS/Project_NYGC_15336_B02_SOM_WGS_AnalysisOnly/Sample_HCM-SANG-1330-C19-85A-01D-A80T-32-aliquot/analysis/HCM-SANG-1330-C19-85A-01D-A80T-32-aliquot.final.bam,/gpfs/commons/projects/HCMI/wgs_batch2/258a09ff-94f6-4be1-818c-a4d4840f599b/508d1fe3-3316-4f29-8f93-0134bb0a2ac8_wgs_gdc_realn.bam
HCM-CSHL-1264-C25-01A-11D-A882-36,HCM-CSHL-1264-C25-01A-11D-A882-36.WholeGenome.RP-1765.bam,/gpfs/commons/projects/TCGA/gdc-awg/HCMI/WGS/Project_NYGC_15336_B02_SOM_WGS_AnalysisOnly/Sample_HCM-CSHL-1264-C25-01A-11D-A882-36/analysis/HCM-CSHL-1264-C25-01A-11D-A882-36.final.bam,/gpfs/commons/projects/HCMI/wgs_batch2/5b2afe70-d9b1-471b-b1aa-da9e5637a550/HCM-CSHL-1264-C25-01A-11D-A882-36.WholeGenome.RP-1765.bam
HCM-WCMC-0749-C34-85A-01D-A87L-36,HCM-WCMC-0749-C34-85A-01D-A87L-36.WholeGenome.RP-1765.bam,/gpfs/commons/projects/TCGA/gdc-awg/HCMI/WGS/Project_NYGC_15336_B02_SOM_WGS_AnalysisOnly/Sample_HCM-WCMC-0749-C34-85A-01D-A87L-36/analysis/HCM-WCMC-0749-C34-85A-01D-A87L-36.final.bam,/gpfs/commons/projects/HCMI/wgs_batch2/d65d0f2e-dcf9-4ecb-b694-b598cc34e9ea/HCM-WCMC-0749-C34-85A-01D-A87L-36.WholeGenome.RP-1765.bam
HCM-SANG-1310-C15-85A-01D-A80T-32-aliquot,21c4fa8b-c594-4d8f-8b39-12274f7f012b_wgs_gdc_realn.bam,/gpfs/commons/projects/TCGA/gdc-awg/HCMI/WGS/Project_NYGC_15336_B02_SOM_WGS_AnalysisOnly/Sample_HCM-SANG-1310-C15-85A-01D-A80T-32-aliquot/analysis/HCM-SANG-1310-C15-85A-01D-A80T-32-aliquot.final.bam,/gpfs/commons/projects/HCMI/wgs_batch2/ded16542-2524-437e-b1c5-69ca16e39852/21c4fa8b-c594-4d8f-8b39-12274f7f012b_wgs_gdc_realn.bam
HCM-SANG-1302-C15-08A-01D-A80T-32-aliquot,156c532d-be8e-406c-9f34-6320899afaae_wgs_gdc_realn.bam,/gpfs/commons/projects/TCGA/gdc-awg/HCMI/WGS/Project_NYGC_15336_B02_SOM_WGS_AnalysisOnly/Sample_HCM-SANG-1302-C15-08A-01D-A80T-32-aliquot/analysis/HCM-SANG-1302-C15-08A-01D-A80T-32-aliquot.final.bam,/gpfs/commons/projects/HCMI/wgs_batch2/58d9e343-8a39-4829-b50c-7c89fa5927f1/156c532d-be8e-406c-9f34-6320899afaae_wgs_gdc_realn.bam
HCM-BROD-0960-C16-06A-01D-A87L-36,HCM-BROD-0960-C16-06A-01D-A87L-36.WholeGenome.RP-1765.bam,/gpfs/commons/projects/TCGA/gdc-awg/HCMI/WGS/Project_NYGC_15336_B02_SOM_WGS_AnalysisOnly/Sample_HCM-BROD-0960-C16-06A-01D-A87L-36/analysis/HCM-BROD-0960-C16-06A-01D-A87L-36.final.bam,/gpfs/commons/projects/HCMI/wgs_batch2/fd15a3fd-0b96-4b6a-a8a0-0e882c5ce9f9/HCM-BROD-0960-C16-06A-01D-A87L-36.WholeGenome.RP-1765.bam
HCM-BROD-0678-C71-85A-01D-A87L-36,HCM-BROD-0678-C71-85A-01D-A87L-36.WholeGenome.RP-1765.bam,/gpfs/commons/projects/TCGA/gdc-awg/HCMI/WGS/Project_NYGC_15336_B02_SOM_WGS_AnalysisOnly/Sample_HCM-BROD-0678-C71-85A-01D-A87L-36/analysis/HCM-BROD-0678-C71-85A-01D-A87L-36.final.bam,/gpfs/commons/projects/HCMI/wgs_batch2/18190d2e-0511-4042-a32f-8a4357cfe7da/HCM-BROD-0678-C71-85A-01D-A87L-36.WholeGenome.RP-1765.bam
HCM-SANG-0270-C20-10B-01D-A79M-36,dc482c48-08b7-4a1c-a2eb-e77117a706d7_wgs_gdc_realn.bam,/gpfs/commons/projects/TCGA/gdc-awg/HCMI/WGS/Project_NYGC_15336_B01_SOM_WGS_AnalysisOnly/Sample_HCM-SANG-0270-C20-10B-01D-A79M-36/analysis/HCM-SANG-0270-C20-10B-01D-A79M-36.final.bam,/gpfs/commons/projects/HCMI/wgs/6b8fd7c2-d079-449f-bcd5-58f4664418a0/dc482c48-08b7-4a1c-a2eb-e77117a706d7_wgs_gdc_realn.bam
HCM-BROD-0025-C16-85A-01D-A80U-36,1c06c79d-77c4-4ab1-8315-60fca869a382_wgs_gdc_realn.bam,/gpfs/commons/projects/TCGA/gdc-awg/HCMI/WGS/Project_NYGC_15336_B01_SOM_WGS_AnalysisOnly/Sample_HCM-BROD-0025-C16-85A-01D-A80U-36/analysis/HCM-BROD-0025-C16-85A-01D-A80U-36.final.bam,/gpfs/commons/projects/HCMI/wgs/4f875194-d37b-42f9-b98e-4f95667793e9/1c06c79d-77c4-4ab1-8315-60fca869a382_wgs_gdc_realn.bam
HCM-CSHL-0606-C17-85A-01D-A82H-36,d09aa47e-5a9b-413f-942e-3927dcfdea01_wgs_gdc_realn.bam,/gpfs/commons/projects/TCGA/gdc-awg/HCMI/WGS/Project_NYGC_15336_B01_SOM_WGS_AnalysisOnly/Sample_HCM-CSHL-0606-C17-85A-01D-A82H-36/analysis/HCM-CSHL-0606-C17-85A-01D-A82H-36.final.bam,/gpfs/commons/projects/HCMI/wgs/806526a4-4f48-4803-a541-cee55b6dabc2/d09aa47e-5a9b-413f-942e-3927dcfdea01_wgs_gdc_realn.bam
HCM-CSHL-0379-C18-01B-01D-A79C-36,ad8e664e-d766-410e-acb3-633d238391b2_wgs_gdc_realn.bam,/gpfs/commons/projects/TCGA/gdc-awg/HCMI/WGS/Project_NYGC_15336_B01_SOM_WGS_AnalysisOnly/Sample_HCM-CSHL-0379-C18-01B-01D-A79C-36/analysis/HCM-CSHL-0379-C18-01B-01D-A79C-36.final.bam,/gpfs/commons/projects/HCMI/wgs/81bc6457-9888-454c-8df5-bdb3dc3ced56/ad8e664e-d766-410e-acb3-633d238391b2_wgs_gdc_realn.bam
HCM-BROD-0038-C41-85A-01D-A83K-36,618e540b-8ea9-47b3-90d1-44ed69ee5ac5_wgs_gdc_realn.bam,/gpfs/commons/projects/TCGA/gdc-awg/HCMI/WGS/Project_NYGC_15336_B01_SOM_WGS_AnalysisOnly/Sample_HCM-BROD-0038-C41-85A-01D-A83K-36/analysis/HCM-BROD-0038-C41-85A-01D-A83K-36.final.bam,/gpfs/commons/projects/HCMI/wgs/72a29c1a-6f1b-49bf-86f0-04ec69eb24d6/618e540b-8ea9-47b3-90d1-44ed69ee5ac5_wgs_gdc_realn.bam
HCM-SANG-0294-C15-10A-01D-A78U-36,bdb5e7cb-e62e-4dc8-a7db-a0fad1f018c6_wgs_gdc_realn.bam,/gpfs/commons/projects/TCGA/gdc-awg/HCMI/WGS/Project_NYGC_15336_B01_SOM_WGS_AnalysisOnly/Sample_HCM-SANG-0294-C15-10A-01D-A78U-36/analysis/HCM-SANG-0294-C15-10A-01D-A78U-36.final.bam,/gpfs/commons/projects/HCMI/wgs/24c8617e-e1ea-474d-ace6-bde275ac9df8/bdb5e7cb-e62e-4dc8-a7db-a0fad1f018c6_wgs_gdc_realn.bam
HCM-BROD-0019-C25-10B-01D-A80U-36,38b716ca-0efc-4436-821f-0da1bbc966cf_wgs_gdc_realn.bam,/gpfs/commons/projects/TCGA/gdc-awg/HCMI/WGS/Project_NYGC_15336_B01_SOM_WGS_AnalysisOnly/Sample_HCM-BROD-0019-C25-10B-01D-A80U-36/analysis/HCM-BROD-0019-C25-10B-01D-A80U-36.final.bam,/gpfs/commons/projects/HCMI/wgs/41c1e084-2523-49e3-b36a-8c46f805b109/38b716ca-0efc-4436-821f-0da1bbc966cf_wgs_gdc_realn.bam
HCM-CSHL-0372-C25-11A-01D-A79M-36,4572d248-03e3-4b6f-acea-9435d1caf03d_wgs_gdc_realn.bam,/gpfs/commons/projects/TCGA/gdc-awg/HCMI/WGS/Project_NYGC_15336_B01_SOM_WGS_AnalysisOnly/Sample_HCM-CSHL-0372-C25-11A-01D-A79M-36/analysis/HCM-CSHL-0372-C25-11A-01D-A79M-36.final.bam,/gpfs/commons/projects/HCMI/wgs/8b69f336-3fe9-4593-8ded-3deffe7447b7/4572d248-03e3-4b6f-acea-9435d1caf03d_wgs_gdc_realn.bam
HCM-CSHL-0182-C25-10A-01D-A78L-36,bf30cea7-434b-4016-a896-cd627f8b3610_wgs_gdc_realn.bam,/gpfs/commons/projects/TCGA/gdc-awg/HCMI/WGS/Project_NYGC_15336_B01_SOM_WGS_AnalysisOnly/Sample_HCM-CSHL-0182-C25-10A-01D-A78L-36/analysis/HCM-CSHL-0182-C25-10A-01D-A78L-36.final.bam,/gpfs/commons/projects/HCMI/wgs/a903d2de-06b9-4150-b77b-7cbc91acd67d/bf30cea7-434b-4016-a896-cd627f8b3610_wgs_gdc_realn.bam
HCM-BROD-0758-C43-06A-01D-A85C-36,ca35c0b9-62a7-4f04-b930-918d4b4867eb_wgs_gdc_realn.bam,/gpfs/commons/projects/TCGA/gdc-awg/HCMI/WGS/Project_NYGC_15336_B01_SOM_WGS_AnalysisOnly/Sample_HCM-BROD-0758-C43-06A-01D-A85C-36/analysis/HCM-BROD-0758-C43-06A-01D-A85C-36.final.bam,/gpfs/commons/projects/HCMI/wgs/75f32849-0b79-49d5-a6f1-d8c98b9c61fd/ca35c0b9-62a7-4f04-b930-918d4b4867eb_wgs_gdc_realn.bam
HCM-CSHL-0729-C18-10A-01D-A82I-36,a196e6b2-b428-4d4d-ad24-45864945f178_wgs_gdc_realn.bam,/gpfs/commons/projects/TCGA/gdc-awg/HCMI/WGS/Project_NYGC_15336_B01_SOM_WGS_AnalysisOnly/Sample_HCM-CSHL-0729-C18-10A-01D-A82I-36/analysis/HCM-CSHL-0729-C18-10A-01D-A82I-36.final.bam,/gpfs/commons/projects/HCMI/wgs/3f8a7bd1-e0b6-417c-8ba5-60e4ad54828a/a196e6b2-b428-4d4d-ad24-45864945f178_wgs_gdc_realn.bam
HCM-CSHL-0384-D37-31B-01D-A79M-36,04be51d4-1695-4112-85e9-cfec4ede7d72_wgs_gdc_realn.bam,/gpfs/commons/projects/TCGA/gdc-awg/HCMI/WGS/Project_NYGC_15336_B01_SOM_WGS_AnalysisOnly/Sample_HCM-CSHL-0384-D37-31B-01D-A79M-36/analysis/HCM-CSHL-0384-D37-31B-01D-A79M-36.final.bam,/gpfs/commons/projects/HCMI/wgs/b271bacf-4459-4750-a067-ef82edb606e5/04be51d4-1695-4112-85e9-cfec4ede7d72_wgs_gdc_realn.bam
HCM-CSHL-0728-C25-85A-01D-A82I-36,efa07884-d3ec-4b32-a31a-0433825124e7_wgs_gdc_realn.bam,/gpfs/commons/projects/TCGA/gdc-awg/HCMI/WGS/Project_NYGC_15336_B01_SOM_WGS_AnalysisOnly/Sample_HCM-CSHL-0728-C25-85A-01D-A82I-36/analysis/HCM-CSHL-0728-C25-85A-01D-A82I-36.final.bam,/gpfs/commons/projects/HCMI/wgs/0285459a-9d64-4927-a523-f8ea6dacdc0c/efa07884-d3ec-4b32-a31a-0433825124e7_wgs_gdc_realn.bam
HCM-BROD-0455-C71-10A-01D-A78T-36,29c69fab-9c7f-44b4-b271-424bf9ad767a_wgs_gdc_realn.bam,/gpfs/commons/projects/TCGA/gdc-awg/HCMI/WGS/Project_NYGC_15336_B01_SOM_WGS_AnalysisOnly/Sample_HCM-BROD-0455-C71-10A-01D-A78T-36/analysis/HCM-BROD-0455-C71-10A-01D-A78T-36.final.bam,/gpfs/commons/projects/HCMI/wgs/5253f153-fca0-476c-ab94-3c42e4d9bed0/29c69fab-9c7f-44b4-b271-424bf9ad767a_wgs_gdc_realn.bam
HCM-CSHL-0084-C25-01A-11D-A78M-36,a686fbd1-cfa8-424b-a4a9-3658515348e3_wgs_gdc_realn.bam,/gpfs/commons/projects/TCGA/gdc-awg/HCMI/WGS/Project_NYGC_15336_B01_SOM_WGS_AnalysisOnly/Sample_HCM-CSHL-0084-C25-01A-11D-A78M-36/analysis/HCM-CSHL-0084-C25-01A-11D-A78M-36.final.bam,/gpfs/commons/projects/HCMI/wgs/143fe646-8ee6-4c77-95e4-fb9b0db02ede/a686fbd1-cfa8-424b-a4a9-3658515348e3_wgs_gdc_realn.bam
HCM-CSHL-0617-C22-11A-01D-A85K-36,b09f8393-96fc-4a23-ba71-ab311e35cb91_wgs_gdc_realn.bam,/gpfs/commons/projects/TCGA/gdc-awg/HCMI/WGS/Project_NYGC_15336_B01_SOM_WGS_AnalysisOnly/Sample_HCM-CSHL-0617-C22-11A-01D-A85K-36/analysis/HCM-CSHL-0617-C22-11A-01D-A85K-36.final.bam,/gpfs/commons/projects/HCMI/wgs/f215085d-7f84-4ff4-a415-20093ec755a3/b09f8393-96fc-4a23-ba71-ab311e35cb91_wgs_gdc_realn.bam
HCM-BROD-0356-C16-85A-01D-A83U-36,8a99aa93-c69d-41a8-938a-33ed8dfa41a9_wgs_gdc_realn.bam,/gpfs/commons/projects/TCGA/gdc-awg/HCMI/WGS/Project_NYGC_15336_B01_SOM_WGS_AnalysisOnly/Sample_HCM-BROD-0356-C16-85A-01D-A83U-36/analysis/HCM-BROD-0356-C16-85A-01D-A83U-36.final.bam,/gpfs/commons/projects/HCMI/wgs/7a9c2e97-7e64-4934-81ee-4d5270798ca6/8a99aa93-c69d-41a8-938a-33ed8dfa41a9_wgs_gdc_realn.bam
HCM-CSHL-0322-C20-10A-01D-A79C-36,67cc4ccc-ed7a-4553-b63c-1cbb30a937c6_wgs_gdc_realn.bam,/gpfs/commons/projects/TCGA/gdc-awg/HCMI/WGS/Project_NYGC_15336_B01_SOM_WGS_AnalysisOnly/Sample_HCM-CSHL-0322-C20-10A-01D-A79C-36/analysis/HCM-CSHL-0322-C20-10A-01D-A79C-36.final.bam,/gpfs/commons/projects/HCMI/wgs/12aeac85-a754-4494-ad06-729266659747/67cc4ccc-ed7a-4553-b63c-1cbb30a937c6_wgs_gdc_realn.bam
HCM-BROD-0831-C71-85B-01D-A85K-36,3642e643-5aec-430c-9dac-f4eb1674bcef_wgs_gdc_realn.bam,/gpfs/commons/projects/TCGA/gdc-awg/HCMI/WGS/Project_NYGC_15336_B01_SOM_WGS_AnalysisOnly/Sample_HCM-BROD-0831-C71-85B-01D-A85K-36/analysis/HCM-BROD-0831-C71-85B-01D-A85K-36.final.bam,/gpfs/commons/projects/HCMI/wgs/263d2f37-1caa-403f-b0cd-01e255a3fb8d/3642e643-5aec-430c-9dac-f4eb1674bcef_wgs_gdc_realn.bam
HCM-WCMC-0491-C16-10A-01D-A85C-36,6578a85c-40e0-40f7-9fa2-66488ee7a410_wgs_gdc_realn.bam,/gpfs/commons/projects/TCGA/gdc-awg/HCMI/WGS/Project_NYGC_15336_B01_SOM_WGS_AnalysisOnly/Sample_HCM-WCMC-0491-C16-10A-01D-A85C-36/analysis/HCM-WCMC-0491-C16-10A-01D-A85C-36.final.bam,/gpfs/commons/projects/HCMI/wgs/d7e9c6a2-6b36-4664-af19-cdb7905dfac0/6578a85c-40e0-40f7-9fa2-66488ee7a410_wgs_gdc_realn.bam
HCM-CSHL-0623-C18-85A-01D-A82H-36,dfd1a9d8-e818-4a72-aa3e-775d8eaab67b_wgs_gdc_realn.bam,/gpfs/commons/projects/TCGA/gdc-awg/HCMI/WGS/Project_NYGC_15336_B01_SOM_WGS_AnalysisOnly/Sample_HCM-CSHL-0623-C18-85A-01D-A82H-36/analysis/HCM-CSHL-0623-C18-85A-01D-A82H-36.final.bam,/gpfs/commons/projects/HCMI/wgs/08d7d70f-e401-4dfd-aa05-575070857925/dfd1a9d8-e818-4a72-aa3e-775d8eaab67b_wgs_gdc_realn.bam
HCM-BROD-0116-C16-85B-01D-A79C-36,3840cff4-27e3-4f9f-bae3-834c9cc8f44c_wgs_gdc_realn.bam,/gpfs/commons/projects/TCGA/gdc-awg/HCMI/WGS/Project_NYGC_15336_B01_SOM_WGS_AnalysisOnly/Sample_HCM-BROD-0116-C16-85B-01D-A79C-36/analysis/HCM-BROD-0116-C16-85B-01D-A79C-36.final.bam,/gpfs/commons/projects/HCMI/wgs/8bf573f4-d843-4c15-accb-079e71c61497/3840cff4-27e3-4f9f-bae3-834c9cc8f44c_wgs_gdc_realn.bam
HCM-CSHL-0385-C18-01A-11D-A78L-36,88e7e7a4-3855-4ae8-953f-4332aff61d18_wgs_gdc_realn.bam,/gpfs/commons/projects/TCGA/gdc-awg/HCMI/WGS/Project_NYGC_15336_B01_SOM_WGS_AnalysisOnly/Sample_HCM-CSHL-0385-C18-01A-11D-A78L-36/analysis/HCM-CSHL-0385-C18-01A-11D-A78L-36.final.bam,/gpfs/commons/projects/HCMI/wgs/9344782b-0540-4e2d-9383-b60920c82869/88e7e7a4-3855-4ae8-953f-4332aff61d18_wgs_gdc_realn.bam
HCM-BROD-0695-C71-02B-01D-A83U-36,08c63b34-cac5-4aaf-a13a-4cc0c8e5f8fe_wgs_gdc_realn.bam,/gpfs/commons/projects/TCGA/gdc-awg/HCMI/WGS/Project_NYGC_15336_B01_SOM_WGS_AnalysisOnly/Sample_HCM-BROD-0695-C71-02B-01D-A83U-36/analysis/HCM-BROD-0695-C71-02B-01D-A83U-36.final.bam,/gpfs/commons/projects/HCMI/wgs/165c12cf-f2bf-4f5e-b0e9-7c48231b4a00/08c63b34-cac5-4aaf-a13a-4cc0c8e5f8fe_wgs_gdc_realn.bam
HCM-CSHL-0092-C25-01A-21D-A786-36,606b6192-4b3b-4dc4-a324-6d9bd853c3d8_wgs_gdc_realn.bam,/gpfs/commons/projects/TCGA/gdc-awg/HCMI/WGS/Project_NYGC_15336_B01_SOM_WGS_AnalysisOnly/Sample_HCM-CSHL-0092-C25-01A-21D-A786-36/analysis/HCM-CSHL-0092-C25-01A-21D-A786-36.final.bam,/gpfs/commons/projects/HCMI/wgs/9f873b68-79b8-44bc-be56-4abd132e908c/606b6192-4b3b-4dc4-a324-6d9bd853c3d8_wgs_gdc_realn.bam
HCM-BROD-0025-C16-10A-01D-A80U-36,0c1d0d42-83b8-4d3f-980b-46cfab84d705_wgs_gdc_realn.bam,/gpfs/commons/projects/TCGA/gdc-awg/HCMI/WGS/Project_NYGC_15336_B01_SOM_WGS_AnalysisOnly/Sample_HCM-BROD-0025-C16-10A-01D-A80U-36/analysis/HCM-BROD-0025-C16-10A-01D-A80U-36.final.bam,/gpfs/commons/projects/HCMI/wgs/61f8647d-2462-47f0-ac14-4e649f09cba7/0c1d0d42-83b8-4d3f-980b-46cfab84d705_wgs_gdc_realn.bam
HCM-BROD-0095-C15-85A-01D-A79C-36,9bd07008-27df-4e7e-be83-2d0fbeb2db94_wgs_gdc_realn.bam,/gpfs/commons/projects/TCGA/gdc-awg/HCMI/WGS/Project_NYGC_15336_B01_SOM_WGS_AnalysisOnly/Sample_HCM-BROD-0095-C15-85A-01D-A79C-36/analysis/HCM-BROD-0095-C15-85A-01D-A79C-36.final.bam,/gpfs/commons/projects/HCMI/wgs/833883d3-19c3-4630-a318-d59824b2ef9e/9bd07008-27df-4e7e-be83-2d0fbeb2db94_wgs_gdc_realn.bam
HCM-CSHL-0376-D37-85P-01D-A78T-36,6c69fc6a-6606-4f79-8ad8-4bf6bfaab56d_wgs_gdc_realn.bam,/gpfs/commons/projects/TCGA/gdc-awg/HCMI/WGS/Project_NYGC_15336_B01_SOM_WGS_AnalysisOnly/Sample_HCM-CSHL-0376-D37-85P-01D-A78T-36/analysis/HCM-CSHL-0376-D37-85P-01D-A78T-36.final.bam,/gpfs/commons/projects/HCMI/wgs/d1681bfb-5966-4d2f-bb46-04dbc11ec100/6c69fc6a-6606-4f79-8ad8-4bf6bfaab56d_wgs_gdc_realn.bam
HCM-STAN-0627-C34-10A-01D-A85C-36,0e728083-6166-49a1-88bd-41f986d5a1f2_wgs_gdc_realn.bam,/gpfs/commons/projects/TCGA/gdc-awg/HCMI/WGS/Project_NYGC_15336_B01_SOM_WGS_AnalysisOnly/Sample_HCM-STAN-0627-C34-10A-01D-A85C-36/analysis/HCM-STAN-0627-C34-10A-01D-A85C-36.final.bam,/gpfs/commons/projects/HCMI/wgs/b3192a41-6746-46d7-b0a6-f36b2f2a2e56/0e728083-6166-49a1-88bd-41f986d5a1f2_wgs_gdc_realn.bam
HCM-CSHL-0056-C18-10A-01D-A78J-36,74018177-0f84-4114-83b3-fae16ff507dc_wgs_gdc_realn.bam,/gpfs/commons/projects/TCGA/gdc-awg/HCMI/WGS/Project_NYGC_15336_B01_SOM_WGS_AnalysisOnly/Sample_HCM-CSHL-0056-C18-10A-01D-A78J-36/analysis/HCM-CSHL-0056-C18-10A-01D-A78J-36.final.bam,/gpfs/commons/projects/HCMI/wgs/08876cc2-381a-40d8-bc17-96078a2cab2d/74018177-0f84-4114-83b3-fae16ff507dc_wgs_gdc_realn.bam
HCM-BROD-0226-C43-10A-01D-A78T-36,5baf03a1-eb69-4727-88d4-b060e18fb083_wgs_gdc_realn.bam,/gpfs/commons/projects/TCGA/gdc-awg/HCMI/WGS/Project_NYGC_15336_B01_SOM_WGS_AnalysisOnly/Sample_HCM-BROD-0226-C43-10A-01D-A78T-36/analysis/HCM-BROD-0226-C43-10A-01D-A78T-36.final.bam,/gpfs/commons/projects/HCMI/wgs/b85fb4a7-64a4-4408-9c9c-7b9d836de285/5baf03a1-eb69-4727-88d4-b060e18fb083_wgs_gdc_realn.bam
HCM-CSHL-0464-C50-10A-01D-A85K-36,6db5357d-7c9f-42e3-ab21-94c34c14df44_wgs_gdc_realn.bam,/gpfs/commons/projects/TCGA/gdc-awg/HCMI/WGS/Project_NYGC_15336_B01_SOM_WGS_AnalysisOnly/Sample_HCM-CSHL-0464-C50-10A-01D-A85K-36/analysis/HCM-CSHL-0464-C50-10A-01D-A85K-36.final.bam,/gpfs/commons/projects/HCMI/wgs/ee8c39b8-e84f-4491-80c1-d814f42552d2/6db5357d-7c9f-42e3-ab21-94c34c14df44_wgs_gdc_realn.bam
HCM-CSHL-0369-D37-10A-01D-A78T-36,45000f7a-6fab-42d6-b28d-2e2fcff47581_wgs_gdc_realn.bam,/gpfs/commons/projects/TCGA/gdc-awg/HCMI/WGS/Project_NYGC_15336_B01_SOM_WGS_AnalysisOnly/Sample_HCM-CSHL-0369-D37-10A-01D-A78T-36/analysis/HCM-CSHL-0369-D37-10A-01D-A78T-36.final.bam,/gpfs/commons/projects/HCMI/wgs/e5914c41-10d3-44c5-a1a7-ac72ce3f338a/45000f7a-6fab-42d6-b28d-2e2fcff47581_wgs_gdc_realn.bam
HCM-CSHL-0162-C19-01A-11D-A786-36,824d02a4-f57d-4d57-9331-7f62bd524dfb_wgs_gdc_realn.bam,/gpfs/commons/projects/TCGA/gdc-awg/HCMI/WGS/Project_NYGC_15336_B01_SOM_WGS_AnalysisOnly/Sample_HCM-CSHL-0162-C19-01A-11D-A786-36/analysis/HCM-CSHL-0162-C19-01A-11D-A786-36.final.bam,/gpfs/commons/projects/HCMI/wgs/4698f5ca-3849-4d39-957b-ec15f58a80ca/824d02a4-f57d-4d57-9331-7f62bd524dfb_wgs_gdc_realn.bam
HCM-BROD-0207-C49-01B-01D-A79L-36,82212a23-6239-4ef0-aed0-f3f5335f0fb6_wgs_gdc_realn.bam,/gpfs/commons/projects/TCGA/gdc-awg/HCMI/WGS/Project_NYGC_15336_B01_SOM_WGS_AnalysisOnly/Sample_HCM-BROD-0207-C49-01B-01D-A79L-36/analysis/HCM-BROD-0207-C49-01B-01D-A79L-36.final.bam,/gpfs/commons/projects/HCMI/wgs/3d255635-a922-4534-b470-7364d6bd0013/82212a23-6239-4ef0-aed0-f3f5335f0fb6_wgs_gdc_realn.bam
HCM-BROD-0344-C25-10B-01D-A79L-36,a3702a2e-5537-4adb-b1d7-40a132f19f70_wgs_gdc_realn.bam,/gpfs/commons/projects/TCGA/gdc-awg/HCMI/WGS/Project_NYGC_15336_B01_SOM_WGS_AnalysisOnly/Sample_HCM-BROD-0344-C25-10B-01D-A79L-36/analysis/HCM-BROD-0344-C25-10B-01D-A79L-36.final.bam,/gpfs/commons/projects/HCMI/wgs/77d0866b-1dbd-45e3-8ba0-51fa21350238/a3702a2e-5537-4adb-b1d7-40a132f19f70_wgs_gdc_realn.bam
HCM-CSHL-0516-C56-10A-01D-A82H-36,e3f4a90d-1ddd-4896-b095-1c31f74b0d99_wgs_gdc_realn.bam,/gpfs/commons/projects/TCGA/gdc-awg/HCMI/WGS/Project_NYGC_15336_B01_SOM_WGS_AnalysisOnly/Sample_HCM-CSHL-0516-C56-10A-01D-A82H-36/analysis/HCM-CSHL-0516-C56-10A-01D-A82H-36.final.bam,/gpfs/commons/projects/HCMI/wgs/dbd0061b-a3a2-4405-9eda-3839783ee8af/e3f4a90d-1ddd-4896-b095-1c31f74b0d99_wgs_gdc_realn.bam
HCM-CSHL-0664-C18-85M-01D-A85K-36,1a1378b9-8b21-4460-a922-f614b09a28ce_wgs_gdc_realn.bam,/gpfs/commons/projects/TCGA/gdc-awg/HCMI/WGS/Project_NYGC_15336_B01_SOM_WGS_AnalysisOnly/Sample_HCM-CSHL-0664-C18-85M-01D-A85K-36/analysis/HCM-CSHL-0664-C18-85M-01D-A85K-36.final.bam,/gpfs/commons/projects/HCMI/wgs/06f3f5a1-f10b-489b-b306-712e7d794f94/1a1378b9-8b21-4460-a922-f614b09a28ce_wgs_gdc_realn.bam
HCM-BROD-0793-C15-10A-01D-A85K-36,bb347443-1137-4c84-b4dd-454a495e6407_wgs_gdc_realn.bam,/gpfs/commons/projects/TCGA/gdc-awg/HCMI/WGS/Project_NYGC_15336_B01_SOM_WGS_AnalysisOnly/Sample_HCM-BROD-0793-C15-10A-01D-A85K-36/analysis/HCM-BROD-0793-C15-10A-01D-A85K-36.final.bam,/gpfs/commons/projects/HCMI/wgs/3b128aeb-b909-40fc-b8c1-b81606cb6ed6/bb347443-1137-4c84-b4dd-454a495e6407_wgs_gdc_realn.bam
HCM-BROD-0104-C71-10A-01D-A78T-36,a6a8bb56-3ca7-451a-9cbf-6bf97d9e1bb7_wgs_gdc_realn.bam,/gpfs/commons/projects/TCGA/gdc-awg/HCMI/WGS/Project_NYGC_15336_B01_SOM_WGS_AnalysisOnly/Sample_HCM-BROD-0104-C71-10A-01D-A78T-36/analysis/HCM-BROD-0104-C71-10A-01D-A78T-36.final.bam,/gpfs/commons/projects/HCMI/wgs/8d27979e-972f-40e1-a16d-5f98b3c1bdd1/a6a8bb56-3ca7-451a-9cbf-6bf97d9e1bb7_wgs_gdc_realn.bam
HCM-CSHL-0244-C20-01B-01D-A78L-36,65e7b99b-88ef-4049-9f45-95ea27003305_wgs_gdc_realn.bam,/gpfs/commons/projects/TCGA/gdc-awg/HCMI/WGS/Project_NYGC_15336_B01_SOM_WGS_AnalysisOnly/Sample_HCM-CSHL-0244-C20-01B-01D-A78L-36/analysis/HCM-CSHL-0244-C20-01B-01D-A78L-36.final.bam,/gpfs/commons/projects/HCMI/wgs/f04b1581-e666-4f9b-9766-aa378153d58c/65e7b99b-88ef-4049-9f45-95ea27003305_wgs_gdc_realn.bam
HCM-WCMC-0502-C15-10A-01D-A83U-36,8cd92343-714e-4fd7-b7f2-7aa7b8274fba_wgs_gdc_realn.bam,/gpfs/commons/projects/TCGA/gdc-awg/HCMI/WGS/Project_NYGC_15336_B01_SOM_WGS_AnalysisOnly/Sample_HCM-WCMC-0502-C15-10A-01D-A83U-36/analysis/HCM-WCMC-0502-C15-10A-01D-A83U-36.final.bam,/gpfs/commons/projects/HCMI/wgs/3e31504b-6c72-404f-91b1-85b249f8c162/8cd92343-714e-4fd7-b7f2-7aa7b8274fba_wgs_gdc_realn.bam
HCM-CSHL-0064-C18-85A-01D-A768-36,268cdaca-f41f-491c-b2c2-5aa67ea6cab4_wgs_gdc_realn.bam,/gpfs/commons/projects/TCGA/gdc-awg/HCMI/WGS/Project_NYGC_15336_B01_SOM_WGS_AnalysisOnly/Sample_HCM-CSHL-0064-C18-85A-01D-A768-36/analysis/HCM-CSHL-0064-C18-85A-01D-A768-36.final.bam,/gpfs/commons/projects/HCMI/wgs/f8e8ad25-7234-461e-a88b-c29d8e49b783/268cdaca-f41f-491c-b2c2-5aa67ea6cab4_wgs_gdc_realn.bam
HCM-CSHL-0814-C54-85A-01D-A85L-36,6ad58af6-043e-4e1e-b079-0fb564ae0d9a_wgs_gdc_realn.bam,/gpfs/commons/projects/TCGA/gdc-awg/HCMI/WGS/Project_NYGC_15336_B01_SOM_WGS_AnalysisOnly/Sample_HCM-CSHL-0814-C54-85A-01D-A85L-36/analysis/HCM-CSHL-0814-C54-85A-01D-A85L-36.final.bam,/gpfs/commons/projects/HCMI/wgs/8176db8b-0b6b-44d7-a9b2-7b02b3b33e12/6ad58af6-043e-4e1e-b079-0fb564ae0d9a_wgs_gdc_realn.bam
HCM-CSHL-0881-C20-10A-01D-A85L-36,3f181b1f-6ee5-4c23-8e07-ca005994ea04_wgs_gdc_realn.bam,/gpfs/commons/projects/TCGA/gdc-awg/HCMI/WGS/Project_NYGC_15336_B01_SOM_WGS_AnalysisOnly/Sample_HCM-CSHL-0881-C20-10A-01D-A85L-36/analysis/HCM-CSHL-0881-C20-10A-01D-A85L-36.final.bam,/gpfs/commons/projects/HCMI/wgs/046f10d6-e2d0-4f67-86d8-5669a03cc0af/3f181b1f-6ee5-4c23-8e07-ca005994ea04_wgs_gdc_realn.bam
HCM-CSHL-0094-C25-01A-21D-A78M-36,7ca77761-7e75-46d0-84c4-d218e83fb8e3_wgs_gdc_realn.bam,/gpfs/commons/projects/TCGA/gdc-awg/HCMI/WGS/Project_NYGC_15336_B01_SOM_WGS_AnalysisOnly/Sample_HCM-CSHL-0094-C25-01A-21D-A78M-36/analysis/HCM-CSHL-0094-C25-01A-21D-A78M-36.final.bam,/gpfs/commons/projects/HCMI/wgs/d566bec7-869a-4d77-840d-82d45add9cff/7ca77761-7e75-46d0-84c4-d218e83fb8e3_wgs_gdc_realn.bam
HCM-CSHL-0426-C18-85A-01D-A79M-36,982fa466-ebda-4cfd-9e63-172dd74e62fa_wgs_gdc_realn.bam,/gpfs/commons/projects/TCGA/gdc-awg/HCMI/WGS/Project_NYGC_15336_B01_SOM_WGS_AnalysisOnly/Sample_HCM-CSHL-0426-C18-85A-01D-A79M-36/analysis/HCM-CSHL-0426-C18-85A-01D-A79M-36.final.bam,/gpfs/commons/projects/HCMI/wgs/32011c8e-e542-47f3-b008-9433d6d1dd51/982fa466-ebda-4cfd-9e63-172dd74e62fa_wgs_gdc_realn.bam
HCM-CSHL-0065-C20-85A-01D-A768-36,c527db6b-d6f1-4776-988f-3754c8cc023b_wgs_gdc_realn.bam,/gpfs/commons/projects/TCGA/gdc-awg/HCMI/WGS/Project_NYGC_15336_B01_SOM_WGS_AnalysisOnly/Sample_HCM-CSHL-0065-C20-85A-01D-A768-36/analysis/HCM-CSHL-0065-C20-85A-01D-A768-36.final.bam,/gpfs/commons/projects/HCMI/wgs/b16ff6ef-c240-460b-ac83-391a7de1cbc4/c527db6b-d6f1-4776-988f-3754c8cc023b_wgs_gdc_realn.bam
HCM-BROD-0745-C43-85M-01D-A85C-36,a0f78865-c721-4593-ad54-09e97c5dabfd_wgs_gdc_realn.bam,/gpfs/commons/projects/TCGA/gdc-awg/HCMI/WGS/Project_NYGC_15336_B01_SOM_WGS_AnalysisOnly/Sample_HCM-BROD-0745-C43-85M-01D-A85C-36/analysis/HCM-BROD-0745-C43-85M-01D-A85C-36.final.bam,/gpfs/commons/projects/HCMI/wgs/11567257-a93a-4842-934a-ebb3528246e5/a0f78865-c721-4593-ad54-09e97c5dabfd_wgs_gdc_realn.bam
HCM-BROD-0028-C71-01A-01D-A77E-36,b9aec527-9186-49a8-ac58-e6df4c53eb71_wgs_gdc_realn.bam,/gpfs/commons/projects/TCGA/gdc-awg/HCMI/WGS/Project_NYGC_15336_B01_SOM_WGS_AnalysisOnly/Sample_HCM-BROD-0028-C71-01A-01D-A77E-36/analysis/HCM-BROD-0028-C71-01A-01D-A77E-36.final.bam,/gpfs/commons/projects/HCMI/wgs/bbe5829a-8aa5-47bc-a432-38b99fca6bfa/b9aec527-9186-49a8-ac58-e6df4c53eb71_wgs_gdc_realn.bam
HCM-CSHL-0074-C25-10A-01D-A77E-36,d8c484a5-fefd-45d4-8627-01e091c41f9e_wgs_gdc_realn.bam,/gpfs/commons/projects/TCGA/gdc-awg/HCMI/WGS/Project_NYGC_15336_B01_SOM_WGS_AnalysisOnly/Sample_HCM-CSHL-0074-C25-10A-01D-A77E-36/analysis/HCM-CSHL-0074-C25-10A-01D-A77E-36.final.bam,/gpfs/commons/projects/HCMI/wgs/91691314-f88b-4458-83dc-1dd790d8d983/d8c484a5-fefd-45d4-8627-01e091c41f9e_wgs_gdc_realn.bam
HCM-CSHL-0623-C18-11A-01D-A82H-36,4417945b-8530-4349-9e03-b1d00a8c153d_wgs_gdc_realn.bam,/gpfs/commons/projects/TCGA/gdc-awg/HCMI/WGS/Project_NYGC_15336_B01_SOM_WGS_AnalysisOnly/Sample_HCM-CSHL-0623-C18-11A-01D-A82H-36/analysis/HCM-CSHL-0623-C18-11A-01D-A82H-36.final.bam,/gpfs/commons/projects/HCMI/wgs/fcbc2c53-091a-4e8b-a202-73c7a619ed9a/4417945b-8530-4349-9e03-b1d00a8c153d_wgs_gdc_realn.bam
HCM-SANG-0275-C18-10B-01D-A79M-36,d8f0dc4b-8579-41e0-8607-83285d62514a_wgs_gdc_realn.bam,/gpfs/commons/projects/TCGA/gdc-awg/HCMI/WGS/Project_NYGC_15336_B01_SOM_WGS_AnalysisOnly/Sample_HCM-SANG-0275-C18-10B-01D-A79M-36/analysis/HCM-SANG-0275-C18-10B-01D-A79M-36.final.bam,/gpfs/commons/projects/HCMI/wgs/b42968d4-6ee0-4765-abea-181bd8f93197/d8f0dc4b-8579-41e0-8607-83285d62514a_wgs_gdc_realn.bam
HCM-BROD-0489-C15-85M-01D-A83U-36,3f53003d-aba8-4baf-bbc0-21863986f0f7_wgs_gdc_realn.bam,/gpfs/commons/projects/TCGA/gdc-awg/HCMI/WGS/Project_NYGC_15336_B01_SOM_WGS_AnalysisOnly/Sample_HCM-BROD-0489-C15-85M-01D-A83U-36/analysis/HCM-BROD-0489-C15-85M-01D-A83U-36.final.bam,/gpfs/commons/projects/HCMI/wgs/b16e71e2-d5ed-4abc-9f17-34e5cff66a1b/3f53003d-aba8-4baf-bbc0-21863986f0f7_wgs_gdc_realn.bam
HCM-CSHL-0246-C19-01B-01D-A78L-36,ce817dad-63ff-4e8e-86fd-1214aea90057_wgs_gdc_realn.bam,/gpfs/commons/projects/TCGA/gdc-awg/HCMI/WGS/Project_NYGC_15336_B01_SOM_WGS_AnalysisOnly/Sample_HCM-CSHL-0246-C19-01B-01D-A78L-36/analysis/HCM-CSHL-0246-C19-01B-01D-A78L-36.final.bam,/gpfs/commons/projects/HCMI/wgs/3b6946a7-2a0b-43ac-83ca-2f27ba391ec2/ce817dad-63ff-4e8e-86fd-1214aea90057_wgs_gdc_realn.bam
HCM-BROD-0485-C15-10A-01D-A83U-36,8db7ee38-ca82-4bfe-96e2-75cb44831f7c_wgs_gdc_realn.bam,/gpfs/commons/projects/TCGA/gdc-awg/HCMI/WGS/Project_NYGC_15336_B01_SOM_WGS_AnalysisOnly/Sample_HCM-BROD-0485-C15-10A-01D-A83U-36/analysis/HCM-BROD-0485-C15-10A-01D-A83U-36.final.bam,/gpfs/commons/projects/HCMI/wgs/2d75c0a3-b345-421e-9471-0edc1dc8d1fa/8db7ee38-ca82-4bfe-96e2-75cb44831f7c_wgs_gdc_realn.bam
HCM-CSHL-0582-C18-06A-11D-A82H-36,f253ed43-a6e0-430b-a2fa-a108f5a06749_wgs_gdc_realn.bam,/gpfs/commons/projects/TCGA/gdc-awg/HCMI/WGS/Project_NYGC_15336_B01_SOM_WGS_AnalysisOnly/Sample_HCM-CSHL-0582-C18-06A-11D-A82H-36/analysis/HCM-CSHL-0582-C18-06A-11D-A82H-36.final.bam,/gpfs/commons/projects/HCMI/wgs/f7e199d2-5c2e-4d4a-addd-b1f32d393294/f253ed43-a6e0-430b-a2fa-a108f5a06749_wgs_gdc_realn.bam
HCM-BROD-0482-C34-85M-01D-A80U-36,b5a14f52-cdd3-4cd9-a631-c474542acdc2_wgs_gdc_realn.bam,/gpfs/commons/projects/TCGA/gdc-awg/HCMI/WGS/Project_NYGC_15336_B01_SOM_WGS_AnalysisOnly/Sample_HCM-BROD-0482-C34-85M-01D-A80U-36/analysis/HCM-BROD-0482-C34-85M-01D-A80U-36.final.bam,/gpfs/commons/projects/HCMI/wgs/e3820b1e-974d-43e5-8e8a-e78f8c84c51a/b5a14f52-cdd3-4cd9-a631-c474542acdc2_wgs_gdc_realn.bam
HCM-CSHL-0509-C24-11A-01D-A82H-36,eef437ed-88b8-42b3-a77a-ec0065ad3a11_wgs_gdc_realn.bam,/gpfs/commons/projects/TCGA/gdc-awg/HCMI/WGS/Project_NYGC_15336_B01_SOM_WGS_AnalysisOnly/Sample_HCM-CSHL-0509-C24-11A-01D-A82H-36/analysis/HCM-CSHL-0509-C24-11A-01D-A82H-36.final.bam,/gpfs/commons/projects/HCMI/wgs/555801cf-af58-42b8-a403-eeb012d51e20/eef437ed-88b8-42b3-a77a-ec0065ad3a11_wgs_gdc_realn.bam
HCM-CSHL-0058-C34-01B-01D-A78L-36,7b8000a7-cea5-4405-a87f-6572918f61a5_wgs_gdc_realn.bam,/gpfs/commons/projects/TCGA/gdc-awg/HCMI/WGS/Project_NYGC_15336_B01_SOM_WGS_AnalysisOnly/Sample_HCM-CSHL-0058-C34-01B-01D-A78L-36/analysis/HCM-CSHL-0058-C34-01B-01D-A78L-36.final.bam,/gpfs/commons/projects/HCMI/wgs/b74e2506-fe46-4669-9085-8d650f552e4a/7b8000a7-cea5-4405-a87f-6572918f61a5_wgs_gdc_realn.bam
HCM-CSHL-0516-C56-85B-01D-A82H-36,259f7add-fc86-4033-b97d-6f2760e31be2_wgs_gdc_realn.bam,/gpfs/commons/projects/TCGA/gdc-awg/HCMI/WGS/Project_NYGC_15336_B01_SOM_WGS_AnalysisOnly/Sample_HCM-CSHL-0516-C56-85B-01D-A82H-36/analysis/HCM-CSHL-0516-C56-85B-01D-A82H-36.final.bam,/gpfs/commons/projects/HCMI/wgs/1377476f-ddc8-4feb-bd60-fca8b2878de7/259f7add-fc86-4033-b97d-6f2760e31be2_wgs_gdc_realn.bam
HCM-CSHL-0807-C54-85B-01D-A85K-36,586b060c-eae3-486a-bc1e-759d5fc1768f_wgs_gdc_realn.bam,/gpfs/commons/projects/TCGA/gdc-awg/HCMI/WGS/Project_NYGC_15336_B01_SOM_WGS_AnalysisOnly/Sample_HCM-CSHL-0807-C54-85B-01D-A85K-36/analysis/HCM-CSHL-0807-C54-85B-01D-A85K-36.final.bam,/gpfs/commons/projects/HCMI/wgs/48030f89-a87e-4c4c-b731-e664349bbe2f/586b060c-eae3-486a-bc1e-759d5fc1768f_wgs_gdc_realn.bam
HCM-BROD-0420-C71-10B-01D-A82H-36,f27dc4d2-62a7-48f4-bb3a-3c4cb9f6e0fa_wgs_gdc_realn.bam,/gpfs/commons/projects/TCGA/gdc-awg/HCMI/WGS/Project_NYGC_15336_B01_SOM_WGS_AnalysisOnly/Sample_HCM-BROD-0420-C71-10B-01D-A82H-36/analysis/HCM-BROD-0420-C71-10B-01D-A82H-36.final.bam,/gpfs/commons/projects/HCMI/wgs/ce0b036e-62ce-40da-9e80-e60fb21835b4/f27dc4d2-62a7-48f4-bb3a-3c4cb9f6e0fa_wgs_gdc_realn.bam
HCM-BROD-0423-C71-01A-11D-A83U-36,d622ad1e-d182-4583-93e5-1cd41c277701_wgs_gdc_realn.bam,/gpfs/commons/projects/TCGA/gdc-awg/HCMI/WGS/Project_NYGC_15336_B01_SOM_WGS_AnalysisOnly/Sample_HCM-BROD-0423-C71-01A-11D-A83U-36/analysis/HCM-BROD-0423-C71-01A-11D-A83U-36.final.bam,/gpfs/commons/projects/HCMI/wgs/7f0cd82f-e992-484c-b28f-f7374080da78/d622ad1e-d182-4583-93e5-1cd41c277701_wgs_gdc_realn.bam
HCM-BROD-0048-C71-01A-01D-A79L-36,0569b04c-6f60-44d5-abbd-dec44f83016b_wgs_gdc_realn.bam,/gpfs/commons/projects/TCGA/gdc-awg/HCMI/WGS/Project_NYGC_15336_B01_SOM_WGS_AnalysisOnly/Sample_HCM-BROD-0048-C71-01A-01D-A79L-36/analysis/HCM-BROD-0048-C71-01A-01D-A79L-36.final.bam,/gpfs/commons/projects/HCMI/wgs/58999815-4ba5-4975-bb41-14ffbabf0bbe/0569b04c-6f60-44d5-abbd-dec44f83016b_wgs_gdc_realn.bam
HCM-CSHL-0178-C25-01A-21D-A78T-36,782da569-2960-481d-b51f-249c5b443985_wgs_gdc_realn.bam,/gpfs/commons/projects/TCGA/gdc-awg/HCMI/WGS/Project_NYGC_15336_B01_SOM_WGS_AnalysisOnly/Sample_HCM-CSHL-0178-C25-01A-21D-A78T-36/analysis/HCM-CSHL-0178-C25-01A-21D-A78T-36.final.bam,/gpfs/commons/projects/HCMI/wgs/f4e25574-c33e-4bfe-aa6e-8b59629c5bc6/782da569-2960-481d-b51f-249c5b443985_wgs_gdc_realn.bam
HCM-BROD-0028-C71-85A-01D-A77E-36,f3704087-2b35-4437-92e1-a0bba387275f_wgs_gdc_realn.bam,/gpfs/commons/projects/TCGA/gdc-awg/HCMI/WGS/Project_NYGC_15336_B01_SOM_WGS_AnalysisOnly/Sample_HCM-BROD-0028-C71-85A-01D-A77E-36/analysis/HCM-BROD-0028-C71-85A-01D-A77E-36.final.bam,/gpfs/commons/projects/HCMI/wgs/a79d35c6-e442-4513-ba50-7ff3c499d773/f3704087-2b35-4437-92e1-a0bba387275f_wgs_gdc_realn.bam
HCM-CSHL-0384-D37-85P-01D-A79M-36,429ac055-dc8c-4be4-bbe1-821f16223d5b_wgs_gdc_realn.bam,/gpfs/commons/projects/TCGA/gdc-awg/HCMI/WGS/Project_NYGC_15336_B01_SOM_WGS_AnalysisOnly/Sample_HCM-CSHL-0384-D37-85P-01D-A79M-36/analysis/HCM-CSHL-0384-D37-85P-01D-A79M-36.final.bam,/gpfs/commons/projects/HCMI/wgs/1a8f00ed-69da-4962-92ba-9d35ffa32c3c/429ac055-dc8c-4be4-bbe1-821f16223d5b_wgs_gdc_realn.bam
HCM-CSHL-0383-C18-01A-11D-A78T-36,7a817ae0-4481-4ab8-8ca2-820cf9caac1d_wgs_gdc_realn.bam,/gpfs/commons/projects/TCGA/gdc-awg/HCMI/WGS/Project_NYGC_15336_B01_SOM_WGS_AnalysisOnly/Sample_HCM-CSHL-0383-C18-01A-11D-A78T-36/analysis/HCM-CSHL-0383-C18-01A-11D-A78T-36.final.bam,/gpfs/commons/projects/HCMI/wgs/914a58d2-0f01-4500-8de0-a82e3d7ed3cb/7a817ae0-4481-4ab8-8ca2-820cf9caac1d_wgs_gdc_realn.bam
HCM-BROD-0227-C43-85M-01D-A78T-36,2f1e377a-74d2-425d-841e-dec6329c9cc3_wgs_gdc_realn.bam,/gpfs/commons/projects/TCGA/gdc-awg/HCMI/WGS/Project_NYGC_15336_B01_SOM_WGS_AnalysisOnly/Sample_HCM-BROD-0227-C43-85M-01D-A78T-36/analysis/HCM-BROD-0227-C43-85M-01D-A78T-36.final.bam,/gpfs/commons/projects/HCMI/wgs/f72d1500-92b8-4095-bc3b-adf52d3d188d/2f1e377a-74d2-425d-841e-dec6329c9cc3_wgs_gdc_realn.bam
HCM-SANG-0284-C18-01A-01D-A78M-36,0750324e-60d6-4974-aadb-c94616d4a304_wgs_gdc_realn.bam,/gpfs/commons/projects/TCGA/gdc-awg/HCMI/WGS/Project_NYGC_15336_B01_SOM_WGS_AnalysisOnly/Sample_HCM-SANG-0284-C18-01A-01D-A78M-36/analysis/HCM-SANG-0284-C18-01A-01D-A78M-36.final.bam,/gpfs/commons/projects/HCMI/wgs/03a4fe9c-0371-43ac-988d-aaca0233608e/0750324e-60d6-4974-aadb-c94616d4a304_wgs_gdc_realn.bam
HCM-CSHL-0081-C25-85B-01D-A78M-36,9aa21acf-1e24-4b7a-a3c1-73354bdd81b6_wgs_gdc_realn.bam,/gpfs/commons/projects/TCGA/gdc-awg/HCMI/WGS/Project_NYGC_15336_B01_SOM_WGS_AnalysisOnly/Sample_HCM-CSHL-0081-C25-85B-01D-A78M-36/analysis/HCM-CSHL-0081-C25-85B-01D-A78M-36.final.bam,/gpfs/commons/projects/HCMI/wgs/2c901a44-e59b-4f3f-baec-9406a650584b/9aa21acf-1e24-4b7a-a3c1-73354bdd81b6_wgs_gdc_realn.bam
HCM-CSHL-0064-C18-01A-01D-A768-36,e407f0c8-8aff-4a9f-869b-d7cdbd9483f8_wgs_gdc_realn.bam,/gpfs/commons/projects/TCGA/gdc-awg/HCMI/WGS/Project_NYGC_15336_B01_SOM_WGS_AnalysisOnly/Sample_HCM-CSHL-0064-C18-01A-01D-A768-36/analysis/HCM-CSHL-0064-C18-01A-01D-A768-36.final.bam,/gpfs/commons/projects/HCMI/wgs/33292f0b-bb4e-4b1e-8192-f953d0b2fc5e/e407f0c8-8aff-4a9f-869b-d7cdbd9483f8_wgs_gdc_realn.bam
HCM-CSHL-0056-C18-85B-01D-A78J-36,7a0a270c-bc7b-4aa6-a424-5ee640aa26cb_wgs_gdc_realn.bam,/gpfs/commons/projects/TCGA/gdc-awg/HCMI/WGS/Project_NYGC_15336_B01_SOM_WGS_AnalysisOnly/Sample_HCM-CSHL-0056-C18-85B-01D-A78J-36/analysis/HCM-CSHL-0056-C18-85B-01D-A78J-36.final.bam,/gpfs/commons/projects/HCMI/wgs/741144a4-de29-46f2-a0e5-0a77fd8414b9/7a0a270c-bc7b-4aa6-a424-5ee640aa26cb_wgs_gdc_realn.bam
HCM-CSHL-0728-C25-10A-01D-A82I-36,87d1afb0-655b-4d28-9373-536043ade1b0_wgs_gdc_realn.bam,/gpfs/commons/projects/TCGA/gdc-awg/HCMI/WGS/Project_NYGC_15336_B01_SOM_WGS_AnalysisOnly/Sample_HCM-CSHL-0728-C25-10A-01D-A82I-36/analysis/HCM-CSHL-0728-C25-10A-01D-A82I-36.final.bam,/gpfs/commons/projects/HCMI/wgs/9d5684fd-f9f0-422c-8259-19a18382d1c5/87d1afb0-655b-4d28-9373-536043ade1b0_wgs_gdc_realn.bam
HCM-CSHL-0073-C25-10A-01D-A78L-36,c4114f4f-5b29-4670-90b5-a15304fe503b_wgs_gdc_realn.bam,/gpfs/commons/projects/TCGA/gdc-awg/HCMI/WGS/Project_NYGC_15336_B01_SOM_WGS_AnalysisOnly/Sample_HCM-CSHL-0073-C25-10A-01D-A78L-36/analysis/HCM-CSHL-0073-C25-10A-01D-A78L-36.final.bam,/gpfs/commons/projects/HCMI/wgs/f3a4b31d-f881-444e-a9db-184c7be40fc6/c4114f4f-5b29-4670-90b5-a15304fe503b_wgs_gdc_realn.bam
HCM-CSHL-0174-C22-85A-01D-A78L-36,b151f04f-64f9-465a-aa2e-64d8bae2e296_wgs_gdc_realn.bam,/gpfs/commons/projects/TCGA/gdc-awg/HCMI/WGS/Project_NYGC_15336_B01_SOM_WGS_AnalysisOnly/Sample_HCM-CSHL-0174-C22-85A-01D-A78L-36/analysis/HCM-CSHL-0174-C22-85A-01D-A78L-36.final.bam,/gpfs/commons/projects/HCMI/wgs/49273a47-9122-46b9-9358-2c19d8901dde/b151f04f-64f9-465a-aa2e-64d8bae2e296_wgs_gdc_realn.bam
HCM-CSHL-0323-C20-01A-11D-A78T-36,46a55e75-ed4e-47bc-925d-d5cc00277f64_wgs_gdc_realn.bam,/gpfs/commons/projects/TCGA/gdc-awg/HCMI/WGS/Project_NYGC_15336_B01_SOM_WGS_AnalysisOnly/Sample_HCM-CSHL-0323-C20-01A-11D-A78T-36/analysis/HCM-CSHL-0323-C20-01A-11D-A78T-36.final.bam,/gpfs/commons/projects/HCMI/wgs/21920e2b-ed2e-4097-9fc1-de2cfc3433b2/46a55e75-ed4e-47bc-925d-d5cc00277f64_wgs_gdc_realn.bam
HCM-CSHL-0189-C25-85A-01D-A78L-36,fc43934e-0406-42eb-b4e2-dba7b89c59f5_wgs_gdc_realn.bam,/gpfs/commons/projects/TCGA/gdc-awg/HCMI/WGS/Project_NYGC_15336_B01_SOM_WGS_AnalysisOnly/Sample_HCM-CSHL-0189-C25-85A-01D-A78L-36/analysis/HCM-CSHL-0189-C25-85A-01D-A78L-36.final.bam,/gpfs/commons/projects/HCMI/wgs/6b4cd2be-12d8-4d16-ae82-38e0e7b097ca/fc43934e-0406-42eb-b4e2-dba7b89c59f5_wgs_gdc_realn.bam
HCM-BROD-0044-C15-10B-01D-A80U-36,6eae0365-641e-4b31-a175-371515237a90_wgs_gdc_realn.bam,/gpfs/commons/projects/TCGA/gdc-awg/HCMI/WGS/Project_NYGC_15336_B01_SOM_WGS_AnalysisOnly/Sample_HCM-BROD-0044-C15-10B-01D-A80U-36/analysis/HCM-BROD-0044-C15-10B-01D-A80U-36.final.bam,/gpfs/commons/projects/HCMI/wgs/685ccf16-2440-4ca3-96de-03a134cbad9a/6eae0365-641e-4b31-a175-371515237a90_wgs_gdc_realn.bam
HCM-CSHL-0085-C24-85A-01D-A78L-36,47fcfc91-3583-4929-a237-e94f27734009_wgs_gdc_realn.bam,/gpfs/commons/projects/TCGA/gdc-awg/HCMI/WGS/Project_NYGC_15336_B01_SOM_WGS_AnalysisOnly/Sample_HCM-CSHL-0085-C24-85A-01D-A78L-36/analysis/HCM-CSHL-0085-C24-85A-01D-A78L-36.final.bam,/gpfs/commons/projects/HCMI/wgs/9be39654-3e4a-4e90-84ae-dc2f69a02503/47fcfc91-3583-4929-a237-e94f27734009_wgs_gdc_realn.bam
HCM-WCMC-0502-C15-01A-10D-A83U-36,cc95b54b-1911-44ab-a9cf-97cd64a5005a_wgs_gdc_realn.bam,/gpfs/commons/projects/TCGA/gdc-awg/HCMI/WGS/Project_NYGC_15336_B01_SOM_WGS_AnalysisOnly/Sample_HCM-WCMC-0502-C15-01A-10D-A83U-36/analysis/HCM-WCMC-0502-C15-01A-10D-A83U-36.final.bam,/gpfs/commons/projects/HCMI/wgs/b34738f9-c223-45e2-bf2a-fee91c2e3eb6/cc95b54b-1911-44ab-a9cf-97cd64a5005a_wgs_gdc_realn.bam
HCM-BROD-0019-C25-01B-01D-A80U-36,aa08bb8a-1327-4c8a-8973-a8343ea13b30_wgs_gdc_realn.bam,/gpfs/commons/projects/TCGA/gdc-awg/HCMI/WGS/Project_NYGC_15336_B01_SOM_WGS_AnalysisOnly/Sample_HCM-BROD-0019-C25-01B-01D-A80U-36/analysis/HCM-BROD-0019-C25-01B-01D-A80U-36.final.bam,/gpfs/commons/projects/HCMI/wgs/9e287e7d-23c3-48df-a12c-3a6f85a6c858/aa08bb8a-1327-4c8a-8973-a8343ea13b30_wgs_gdc_realn.bam
HCM-BROD-0577-C15-06A-01D-A83U-36,c9d4980c-ecb8-49c9-b82a-d83f83dc6ecb_wgs_gdc_realn.bam,/gpfs/commons/projects/TCGA/gdc-awg/HCMI/WGS/Project_NYGC_15336_B01_SOM_WGS_AnalysisOnly/Sample_HCM-BROD-0577-C15-06A-01D-A83U-36/analysis/HCM-BROD-0577-C15-06A-01D-A83U-36.final.bam,/gpfs/commons/projects/HCMI/wgs/9a79014b-1d42-4f2e-9319-71cd1b90d935/c9d4980c-ecb8-49c9-b82a-d83f83dc6ecb_wgs_gdc_realn.bam
HCM-BROD-0419-C71-85A-01D-A79L-36,28baac8d-7f04-4187-8063-3255a0433a1d_wgs_gdc_realn.bam,/gpfs/commons/projects/TCGA/gdc-awg/HCMI/WGS/Project_NYGC_15336_B01_SOM_WGS_AnalysisOnly/Sample_HCM-BROD-0419-C71-85A-01D-A79L-36/analysis/HCM-BROD-0419-C71-85A-01D-A79L-36.final.bam,/gpfs/commons/projects/HCMI/wgs/bcaec846-cf92-439f-af9f-8042a7f6d9a3/28baac8d-7f04-4187-8063-3255a0433a1d_wgs_gdc_realn.bam
HCM-CSHL-0158-C20-85A-01D-A77E-36,15e120fd-006f-496f-974e-bad42c1fa367_wgs_gdc_realn.bam,/gpfs/commons/projects/TCGA/gdc-awg/HCMI/WGS/Project_NYGC_15336_B01_SOM_WGS_AnalysisOnly/Sample_HCM-CSHL-0158-C20-85A-01D-A77E-36/analysis/HCM-CSHL-0158-C20-85A-01D-A77E-36.final.bam,/gpfs/commons/projects/HCMI/wgs/a1e0021f-3661-4755-b720-63da6adde8f8/15e120fd-006f-496f-974e-bad42c1fa367_wgs_gdc_realn.bam
HCM-CSHL-0317-C18-85A-01D-A79M-36,63aadb5b-621b-4b71-8044-f10c7c9ca18d_wgs_gdc_realn.bam,/gpfs/commons/projects/TCGA/gdc-awg/HCMI/WGS/Project_NYGC_15336_B01_SOM_WGS_AnalysisOnly/Sample_HCM-CSHL-0317-C18-85A-01D-A79M-36/analysis/HCM-CSHL-0317-C18-85A-01D-A79M-36.final.bam,/gpfs/commons/projects/HCMI/wgs/1247a885-8391-4692-8c91-1546d53e2068/63aadb5b-621b-4b71-8044-f10c7c9ca18d_wgs_gdc_realn.bam
HCM-CSHL-0726-C18-85M-01D-A85C-36,6eaddd05-249e-4769-9c75-c7d6edda00a5_wgs_gdc_realn.bam,/gpfs/commons/projects/TCGA/gdc-awg/HCMI/WGS/Project_NYGC_15336_B01_SOM_WGS_AnalysisOnly/Sample_HCM-CSHL-0726-C18-85M-01D-A85C-36/analysis/HCM-CSHL-0726-C18-85M-01D-A85C-36.final.bam,/gpfs/commons/projects/HCMI/wgs/4a0c8e58-8ad0-41e9-930b-4a284273e0eb/6eaddd05-249e-4769-9c75-c7d6edda00a5_wgs_gdc_realn.bam
HCM-CSHL-0737-C18-10A-01D-A85C-36,9ebf15cc-ba7f-4c80-a936-0bb82f06ecf5_wgs_gdc_realn.bam,/gpfs/commons/projects/TCGA/gdc-awg/HCMI/WGS/Project_NYGC_15336_B01_SOM_WGS_AnalysisOnly/Sample_HCM-CSHL-0737-C18-10A-01D-A85C-36/analysis/HCM-CSHL-0737-C18-10A-01D-A85C-36.final.bam,/gpfs/commons/projects/HCMI/wgs/ac798943-9d3c-4fee-b4bd-d971fb52561f/9ebf15cc-ba7f-4c80-a936-0bb82f06ecf5_wgs_gdc_realn.bam
HCM-BROD-0003-C71-01A-01D-A77E-36,4ee0b2a6-808c-468e-9790-7b70cdddb5e9_wgs_gdc_realn.bam,/gpfs/commons/projects/TCGA/gdc-awg/HCMI/WGS/Project_NYGC_15336_B01_SOM_WGS_AnalysisOnly/Sample_HCM-BROD-0003-C71-01A-01D-A77E-36/analysis/HCM-BROD-0003-C71-01A-01D-A77E-36.final.bam,/gpfs/commons/projects/HCMI/wgs/2f30ac86-8e67-44fa-8979-97d5b2a0d215/4ee0b2a6-808c-468e-9790-7b70cdddb5e9_wgs_gdc_realn.bam
HCM-CSHL-0807-C54-11A-01D-A85K-36,29cba40e-cbbf-48b6-a11f-c5aef7e0502b_wgs_gdc_realn.bam,/gpfs/commons/projects/TCGA/gdc-awg/HCMI/WGS/Project_NYGC_15336_B01_SOM_WGS_AnalysisOnly/Sample_HCM-CSHL-0807-C54-11A-01D-A85K-36/analysis/HCM-CSHL-0807-C54-11A-01D-A85K-36.final.bam,/gpfs/commons/projects/HCMI/wgs/da508272-a9a7-4462-8478-b78ec2240623/29cba40e-cbbf-48b6-a11f-c5aef7e0502b_wgs_gdc_realn.bam
HCM-CSHL-0460-C50-10A-01D-A79C-36,c289bddb-2991-4be9-9420-7872137f8098_wgs_gdc_realn.bam,/gpfs/commons/projects/TCGA/gdc-awg/HCMI/WGS/Project_NYGC_15336_B01_SOM_WGS_AnalysisOnly/Sample_HCM-CSHL-0460-C50-10A-01D-A79C-36/analysis/HCM-CSHL-0460-C50-10A-01D-A79C-36.final.bam,/gpfs/commons/projects/HCMI/wgs/a6503ea1-fc01-4a0e-81cf-a852dcfdb574/c289bddb-2991-4be9-9420-7872137f8098_wgs_gdc_realn.bam
HCM-BROD-0483-C16-07A-11D-A85K-36,09e7333f-52af-44e9-bffc-cd68d40fc4fe_wgs_gdc_realn.bam,/gpfs/commons/projects/TCGA/gdc-awg/HCMI/WGS/Project_NYGC_15336_B01_SOM_WGS_AnalysisOnly/Sample_HCM-BROD-0483-C16-07A-11D-A85K-36/analysis/HCM-BROD-0483-C16-07A-11D-A85K-36.final.bam,/gpfs/commons/projects/HCMI/wgs/3277a1b8-305f-42d9-9ef4-f06dc58d5020/09e7333f-52af-44e9-bffc-cd68d40fc4fe_wgs_gdc_realn.bam
HCM-BROD-0115-C16-85A-01D-A79L-36,e591c891-72e2-40e7-a63c-de1d450a15d8_wgs_gdc_realn.bam,/gpfs/commons/projects/TCGA/gdc-awg/HCMI/WGS/Project_NYGC_15336_B01_SOM_WGS_AnalysisOnly/Sample_HCM-BROD-0115-C16-85A-01D-A79L-36/analysis/HCM-BROD-0115-C16-85A-01D-A79L-36.final.bam,/gpfs/commons/projects/HCMI/wgs/2eed4918-b5e8-4d9c-a371-fea896206be2/e591c891-72e2-40e7-a63c-de1d450a15d8_wgs_gdc_realn.bam
HCM-CSHL-0859-C22-10A-01D-A85L-36,e551f2bf-6045-4300-86b6-0830287ae312_wgs_gdc_realn.bam,/gpfs/commons/projects/TCGA/gdc-awg/HCMI/WGS/Project_NYGC_15336_B01_SOM_WGS_AnalysisOnly/Sample_HCM-CSHL-0859-C22-10A-01D-A85L-36/analysis/HCM-CSHL-0859-C22-10A-01D-A85L-36.final.bam,/gpfs/commons/projects/HCMI/wgs/4c83a28c-87aa-48c4-a788-ec4c9b98232e/e551f2bf-6045-4300-86b6-0830287ae312_wgs_gdc_realn.bam
HCM-CSHL-0073-C25-01B-21D-A78L-36,93a1e75d-1e14-4926-bc9a-003599e8d884_wgs_gdc_realn.bam,/gpfs/commons/projects/TCGA/gdc-awg/HCMI/WGS/Project_NYGC_15336_B01_SOM_WGS_AnalysisOnly/Sample_HCM-CSHL-0073-C25-01B-21D-A78L-36/analysis/HCM-CSHL-0073-C25-01B-21D-A78L-36.final.bam,/gpfs/commons/projects/HCMI/wgs/f3cb9f79-9851-4709-8fa7-8e0e70a60276/93a1e75d-1e14-4926-bc9a-003599e8d884_wgs_gdc_realn.bam
HCM-CSHL-0239-C18-85A-01D-A78J-36,dbb53d92-e290-45e6-bf37-a14172f147b2_wgs_gdc_realn.bam,/gpfs/commons/projects/TCGA/gdc-awg/HCMI/WGS/Project_NYGC_15336_B01_SOM_WGS_AnalysisOnly/Sample_HCM-CSHL-0239-C18-85A-01D-A78J-36/analysis/HCM-CSHL-0239-C18-85A-01D-A78J-36.final.bam,/gpfs/commons/projects/HCMI/wgs/cb4d0569-4cf2-40d4-8904-0e11bc4e095c/dbb53d92-e290-45e6-bf37-a14172f147b2_wgs_gdc_realn.bam
HCM-SANG-0288-C18-10A-01D-A79C-36,1c5cd13b-f5ed-4daf-842a-36355360c959_wgs_gdc_realn.bam,/gpfs/commons/projects/TCGA/gdc-awg/HCMI/WGS/Project_NYGC_15336_B01_SOM_WGS_AnalysisOnly/Sample_HCM-SANG-0288-C18-10A-01D-A79C-36/analysis/HCM-SANG-0288-C18-10A-01D-A79C-36.final.bam,/gpfs/commons/projects/HCMI/wgs/bbbdfb5d-68cf-4989-9f86-3c705a40a3bc/1c5cd13b-f5ed-4daf-842a-36355360c959_wgs_gdc_realn.bam
HCM-BROD-0413-C25-10A-01D-A83U-36,244aa881-7a9c-422f-a967-f1ab1a3e5533_wgs_gdc_realn.bam,/gpfs/commons/projects/TCGA/gdc-awg/HCMI/WGS/Project_NYGC_15336_B01_SOM_WGS_AnalysisOnly/Sample_HCM-BROD-0413-C25-10A-01D-A83U-36/analysis/HCM-BROD-0413-C25-10A-01D-A83U-36.final.bam,/gpfs/commons/projects/HCMI/wgs/4cec32ae-f8c9-4ad5-b3ac-85b8bb102b23/244aa881-7a9c-422f-a967-f1ab1a3e5533_wgs_gdc_realn.bam
HCM-BROD-0047-C71-02A-01D-A77E-36,8cb4194b-cc79-4f29-90d0-765def5b7d18_wgs_gdc_realn.bam,/gpfs/commons/projects/TCGA/gdc-awg/HCMI/WGS/Project_NYGC_15336_B01_SOM_WGS_AnalysisOnly/Sample_HCM-BROD-0047-C71-02A-01D-A77E-36/analysis/HCM-BROD-0047-C71-02A-01D-A77E-36.final.bam,/gpfs/commons/projects/HCMI/wgs/257bd5b9-3d73-4797-af0f-59f0c1ce7632/8cb4194b-cc79-4f29-90d0-765def5b7d18_wgs_gdc_realn.bam
HCM-SANG-0275-C18-85A-01D-A79M-36,e4d45252-3c08-49a5-9a20-426ad3c7a267_wgs_gdc_realn.bam,/gpfs/commons/projects/TCGA/gdc-awg/HCMI/WGS/Project_NYGC_15336_B01_SOM_WGS_AnalysisOnly/Sample_HCM-SANG-0275-C18-85A-01D-A79M-36/analysis/HCM-SANG-0275-C18-85A-01D-A79M-36.final.bam,/gpfs/commons/projects/HCMI/wgs/f45e98a7-1240-4c18-9f68-87bb11ce7783/e4d45252-3c08-49a5-9a20-426ad3c7a267_wgs_gdc_realn.bam
HCM-CSHL-0065-C20-10A-01D-A768-36,f9b2a3ca-edb4-44a6-972b-1178cccc553f_wgs_gdc_realn.bam,/gpfs/commons/projects/TCGA/gdc-awg/HCMI/WGS/Project_NYGC_15336_B01_SOM_WGS_AnalysisOnly/Sample_HCM-CSHL-0065-C20-10A-01D-A768-36/analysis/HCM-CSHL-0065-C20-10A-01D-A768-36.final.bam,/gpfs/commons/projects/HCMI/wgs/3d17090f-bde3-43d7-94ab-6657157254d4/f9b2a3ca-edb4-44a6-972b-1178cccc553f_wgs_gdc_realn.bam
HCM-CSHL-0155-C50-10A-01D-A82H-36,c20d505f-d75b-4620-b58f-c7e61ae88fab_wgs_gdc_realn.bam,/gpfs/commons/projects/TCGA/gdc-awg/HCMI/WGS/Project_NYGC_15336_B01_SOM_WGS_AnalysisOnly/Sample_HCM-CSHL-0155-C50-10A-01D-A82H-36/analysis/HCM-CSHL-0155-C50-10A-01D-A82H-36.final.bam,/gpfs/commons/projects/HCMI/wgs/29b6a21e-ddad-45b5-9cbe-ffa246245a42/c20d505f-d75b-4620-b58f-c7e61ae88fab_wgs_gdc_realn.bam
HCM-BROD-0223-C43-10A-01D-A78T-36,14ae07f7-f2da-4b2a-96c8-298ecc0ff55e_wgs_gdc_realn.bam,/gpfs/commons/projects/TCGA/gdc-awg/HCMI/WGS/Project_NYGC_15336_B01_SOM_WGS_AnalysisOnly/Sample_HCM-BROD-0223-C43-10A-01D-A78T-36/analysis/HCM-BROD-0223-C43-10A-01D-A78T-36.final.bam,/gpfs/commons/projects/HCMI/wgs/11fd95a1-0857-4e6e-bd82-573f4cc964ef/14ae07f7-f2da-4b2a-96c8-298ecc0ff55e_wgs_gdc_realn.bam
HCM-BROD-0196-C71-10A-01D-A786-36,81d286f4-35cb-4006-8c61-6186395fa6f4_wgs_gdc_realn.bam,/gpfs/commons/projects/TCGA/gdc-awg/HCMI/WGS/Project_NYGC_15336_B01_SOM_WGS_AnalysisOnly/Sample_HCM-BROD-0196-C71-10A-01D-A786-36/analysis/HCM-BROD-0196-C71-10A-01D-A786-36.final.bam,/gpfs/commons/projects/HCMI/wgs/fbdd29e1-9e4c-4331-aed7-ea64c32708dc/81d286f4-35cb-4006-8c61-6186395fa6f4_wgs_gdc_realn.bam
HCM-SANG-0272-C20-85A-01D-A79M-36,4807103d-f1d4-455c-a3cd-e1771b62fce9_wgs_gdc_realn.bam,/gpfs/commons/projects/TCGA/gdc-awg/HCMI/WGS/Project_NYGC_15336_B01_SOM_WGS_AnalysisOnly/Sample_HCM-SANG-0272-C20-85A-01D-A79M-36/analysis/HCM-SANG-0272-C20-85A-01D-A79M-36.final.bam,/gpfs/commons/projects/HCMI/wgs/f274df2e-c207-4bfe-a8dc-ddfc11097097/4807103d-f1d4-455c-a3cd-e1771b62fce9_wgs_gdc_realn.bam
HCM-CSHL-0240-C18-11A-11D-A78J-36,a8ebd378-52c2-4615-a023-0cfd31643b63_wgs_gdc_realn.bam,/gpfs/commons/projects/TCGA/gdc-awg/HCMI/WGS/Project_NYGC_15336_B01_SOM_WGS_AnalysisOnly/Sample_HCM-CSHL-0240-C18-11A-11D-A78J-36/analysis/HCM-CSHL-0240-C18-11A-11D-A78J-36.final.bam,/gpfs/commons/projects/HCMI/wgs/c05d003a-8783-4335-820f-b8ee5753ddc1/a8ebd378-52c2-4615-a023-0cfd31643b63_wgs_gdc_realn.bam
HCM-CSHL-0164-C20-06A-11D-A77E-36,134db210-fac1-44c7-b568-1acabfa17c35_wgs_gdc_realn.bam,/gpfs/commons/projects/TCGA/gdc-awg/HCMI/WGS/Project_NYGC_15336_B01_SOM_WGS_AnalysisOnly/Sample_HCM-CSHL-0164-C20-06A-11D-A77E-36/analysis/HCM-CSHL-0164-C20-06A-11D-A77E-36.final.bam,/gpfs/commons/projects/HCMI/wgs/a05affa5-03b0-4c3c-b966-fa5e0973bd87/134db210-fac1-44c7-b568-1acabfa17c35_wgs_gdc_realn.bam
HCM-BROD-0557-C43-10A-01D-A80U-36,51c2fa6b-eefa-4510-9a9c-adcc06865865_wgs_gdc_realn.bam,/gpfs/commons/projects/TCGA/gdc-awg/HCMI/WGS/Project_NYGC_15336_B01_SOM_WGS_AnalysisOnly/Sample_HCM-BROD-0557-C43-10A-01D-A80U-36/analysis/HCM-BROD-0557-C43-10A-01D-A80U-36.final.bam,/gpfs/commons/projects/HCMI/wgs/008f05ea-29c9-42e9-9b7b-6a9fe065185a/51c2fa6b-eefa-4510-9a9c-adcc06865865_wgs_gdc_realn.bam
HCM-CSHL-0859-C22-01A-21D-A85L-36,9c58c74a-858c-4000-acbe-157bf2f3a24f_wgs_gdc_realn.bam,/gpfs/commons/projects/TCGA/gdc-awg/HCMI/WGS/Project_NYGC_15336_B01_SOM_WGS_AnalysisOnly/Sample_HCM-CSHL-0859-C22-01A-21D-A85L-36/analysis/HCM-CSHL-0859-C22-01A-21D-A85L-36.final.bam,/gpfs/commons/projects/HCMI/wgs/75c61cfd-e54c-4cb7-a489-f2aa0f0c34fd/9c58c74a-858c-4000-acbe-157bf2f3a24f_wgs_gdc_realn.bam
HCM-BROD-0198-C71-01A-11D-A78T-36,6021cec3-ad57-42c2-8524-7ba5c945a146_wgs_gdc_realn.bam,/gpfs/commons/projects/TCGA/gdc-awg/HCMI/WGS/Project_NYGC_15336_B01_SOM_WGS_AnalysisOnly/Sample_HCM-BROD-0198-C71-01A-11D-A78T-36/analysis/HCM-BROD-0198-C71-01A-11D-A78T-36.final.bam,/gpfs/commons/projects/HCMI/wgs/6e3f1e10-980a-48c8-8e67-f272676c3df9/6021cec3-ad57-42c2-8524-7ba5c945a146_wgs_gdc_realn.bam
HCM-CSHL-0142-C18-85A-01D-A77E-36,a2f2b8bb-6eae-4e87-bb09-e68e05bfa68f_wgs_gdc_realn.bam,/gpfs/commons/projects/TCGA/gdc-awg/HCMI/WGS/Project_NYGC_15336_B01_SOM_WGS_AnalysisOnly/Sample_HCM-CSHL-0142-C18-85A-01D-A77E-36/analysis/HCM-CSHL-0142-C18-85A-01D-A77E-36.final.bam,/gpfs/commons/projects/HCMI/wgs/4ed15d7c-5400-457f-852b-3d2846fbe47d/a2f2b8bb-6eae-4e87-bb09-e68e05bfa68f_wgs_gdc_realn.bam
HCM-BROD-0225-C43-85M-01D-A79L-36,234e166c-9a6c-4461-beea-2409aaf08992_wgs_gdc_realn.bam,/gpfs/commons/projects/TCGA/gdc-awg/HCMI/WGS/Project_NYGC_15336_B01_SOM_WGS_AnalysisOnly/Sample_HCM-BROD-0225-C43-85M-01D-A79L-36/analysis/HCM-BROD-0225-C43-85M-01D-A79L-36.final.bam,/gpfs/commons/projects/HCMI/wgs/3970e529-52f7-402b-81c5-0dd4f4d33a55/234e166c-9a6c-4461-beea-2409aaf08992_wgs_gdc_realn.bam
HCM-BROD-0055-C64-11A-11D-A79L-36,e9f50193-ce29-4d41-98b6-5d32463f8bd9_wgs_gdc_realn.bam,/gpfs/commons/projects/TCGA/gdc-awg/HCMI/WGS/Project_NYGC_15336_B01_SOM_WGS_AnalysisOnly/Sample_HCM-BROD-0055-C64-11A-11D-A79L-36/analysis/HCM-BROD-0055-C64-11A-11D-A79L-36.final.bam,/gpfs/commons/projects/HCMI/wgs/2f4fdf1b-7cd8-42e3-ad16-d1dde5549625/e9f50193-ce29-4d41-98b6-5d32463f8bd9_wgs_gdc_realn.bam
HCM-CSHL-0381-C20-85A-01D-A79C-36,1f1ec80b-eae3-42af-9adc-0767792e9ba7_wgs_gdc_realn.bam,/gpfs/commons/projects/TCGA/gdc-awg/HCMI/WGS/Project_NYGC_15336_B01_SOM_WGS_AnalysisOnly/Sample_HCM-CSHL-0381-C20-85A-01D-A79C-36/analysis/HCM-CSHL-0381-C20-85A-01D-A79C-36.final.bam,/gpfs/commons/projects/HCMI/wgs/5b557955-112e-4101-b9d7-a0a4014d6b33/1f1ec80b-eae3-42af-9adc-0767792e9ba7_wgs_gdc_realn.bam
HCM-CSHL-0698-C06-85A-01D-A85K-36,2b6bc973-c815-4be5-b654-dadf89c38800_wgs_gdc_realn.bam,/gpfs/commons/projects/TCGA/gdc-awg/HCMI/WGS/Project_NYGC_15336_B01_SOM_WGS_AnalysisOnly/Sample_HCM-CSHL-0698-C06-85A-01D-A85K-36/analysis/HCM-CSHL-0698-C06-85A-01D-A85K-36.final.bam,/gpfs/commons/projects/HCMI/wgs/dffb28a8-864c-42fb-ac23-e5edfa95dd9f/2b6bc973-c815-4be5-b654-dadf89c38800_wgs_gdc_realn.bam
HCM-CSHL-0237-C18-10A-01D-A78L-36,3994906e-b94f-4cf2-9d61-ba9bbaa032ec_wgs_gdc_realn.bam,/gpfs/commons/projects/TCGA/gdc-awg/HCMI/WGS/Project_NYGC_15336_B01_SOM_WGS_AnalysisOnly/Sample_HCM-CSHL-0237-C18-10A-01D-A78L-36/analysis/HCM-CSHL-0237-C18-10A-01D-A78L-36.final.bam,/gpfs/commons/projects/HCMI/wgs/1ed236ea-420b-4b86-b6a6-41384aa92e76/3994906e-b94f-4cf2-9d61-ba9bbaa032ec_wgs_gdc_realn.bam
HCM-CSHL-0073-C25-85B-01D-A78L-36,f2c8a5e3-73eb-467f-a822-c5e091f6f64d_wgs_gdc_realn.bam,/gpfs/commons/projects/TCGA/gdc-awg/HCMI/WGS/Project_NYGC_15336_B01_SOM_WGS_AnalysisOnly/Sample_HCM-CSHL-0073-C25-85B-01D-A78L-36/analysis/HCM-CSHL-0073-C25-85B-01D-A78L-36.final.bam,/gpfs/commons/projects/HCMI/wgs/7c18b406-358e-44a4-a1d5-82634eb5bb08/f2c8a5e3-73eb-467f-a822-c5e091f6f64d_wgs_gdc_realn.bam
HCM-BROD-0131-C25-10A-01D-A79C-36,00db1da3-297e-46fa-8962-8e186a919afc_wgs_gdc_realn.bam,/gpfs/commons/projects/TCGA/gdc-awg/HCMI/WGS/Project_NYGC_15336_B01_SOM_WGS_AnalysisOnly/Sample_HCM-BROD-0131-C25-10A-01D-A79C-36/analysis/HCM-BROD-0131-C25-10A-01D-A79C-36.final.bam,/gpfs/commons/projects/HCMI/wgs/cd006515-f32e-415d-b910-8ac1742d4b67/00db1da3-297e-46fa-8962-8e186a919afc_wgs_gdc_realn.bam
HCM-BROD-0578-C15-85M-01D-A83U-36,e883dd48-2851-4bf8-a31e-42350d00a9de_wgs_gdc_realn.bam,/gpfs/commons/projects/TCGA/gdc-awg/HCMI/WGS/Project_NYGC_15336_B01_SOM_WGS_AnalysisOnly/Sample_HCM-BROD-0578-C15-85M-01D-A83U-36/analysis/HCM-BROD-0578-C15-85M-01D-A83U-36.final.bam,/gpfs/commons/projects/HCMI/wgs/c2f1afc5-bd55-420a-9eff-2b100ac72616/e883dd48-2851-4bf8-a31e-42350d00a9de_wgs_gdc_realn.bam
HCM-CSHL-0433-C24-85A-01D-A78L-36,27a69d2e-6f2c-4629-b002-78f02696d777_wgs_gdc_realn.bam,/gpfs/commons/projects/TCGA/gdc-awg/HCMI/WGS/Project_NYGC_15336_B01_SOM_WGS_AnalysisOnly/Sample_HCM-CSHL-0433-C24-85A-01D-A78L-36/analysis/HCM-CSHL-0433-C24-85A-01D-A78L-36.final.bam,/gpfs/commons/projects/HCMI/wgs/0059c90d-e822-4087-99c2-716b11802aa9/27a69d2e-6f2c-4629-b002-78f02696d777_wgs_gdc_realn.bam
HCM-CSHL-0089-C25-06A-11D-A78T-36,d98a02d9-b1e8-49bd-a2a2-012ade0ec83e_wgs_gdc_realn.bam,/gpfs/commons/projects/TCGA/gdc-awg/HCMI/WGS/Project_NYGC_15336_B01_SOM_WGS_AnalysisOnly/Sample_HCM-CSHL-0089-C25-06A-11D-A78T-36/analysis/HCM-CSHL-0089-C25-06A-11D-A78T-36.final.bam,/gpfs/commons/projects/HCMI/wgs/77a803c2-9b05-4707-9b51-1fe72a52b464/d98a02d9-b1e8-49bd-a2a2-012ade0ec83e_wgs_gdc_realn.bam
HCM-CSHL-0177-C25-01B-11D-A79L-36,b5c1d101-bded-4f3a-beff-a5cc083ed0ff_wgs_gdc_realn.bam,/gpfs/commons/projects/TCGA/gdc-awg/HCMI/WGS/Project_NYGC_15336_B01_SOM_WGS_AnalysisOnly/Sample_HCM-CSHL-0177-C25-01B-11D-A79L-36/analysis/HCM-CSHL-0177-C25-01B-11D-A79L-36.final.bam,/gpfs/commons/projects/HCMI/wgs/e74959fe-3f46-4aae-a445-c9fed4724c27/b5c1d101-bded-4f3a-beff-a5cc083ed0ff_wgs_gdc_realn.bam
HCM-BROD-0199-C71-85A-01D-A786-36,fc0121b9-5de8-4af6-90db-b36dd8207ebf_wgs_gdc_realn.bam,/gpfs/commons/projects/TCGA/gdc-awg/HCMI/WGS/Project_NYGC_15336_B01_SOM_WGS_AnalysisOnly/Sample_HCM-BROD-0199-C71-85A-01D-A786-36/analysis/HCM-BROD-0199-C71-85A-01D-A786-36.final.bam,/gpfs/commons/projects/HCMI/wgs/c8ed6fa4-7c06-4c03-a74c-a71079957e98/fc0121b9-5de8-4af6-90db-b36dd8207ebf_wgs_gdc_realn.bam
HCM-BROD-0681-C71-10A-01D-A83U-36,b280bb00-17e7-46d1-8765-85a27ad650b6_wgs_gdc_realn.bam,/gpfs/commons/projects/TCGA/gdc-awg/HCMI/WGS/Project_NYGC_15336_B01_SOM_WGS_AnalysisOnly/Sample_HCM-BROD-0681-C71-10A-01D-A83U-36/analysis/HCM-BROD-0681-C71-10A-01D-A83U-36.final.bam,/gpfs/commons/projects/HCMI/wgs/447d287a-0ab9-4845-9db3-be8ffecc9395/b280bb00-17e7-46d1-8765-85a27ad650b6_wgs_gdc_realn.bam
HCM-BROD-0001-C18-10A-01D-A82H-36,cab6c807-024a-4f7e-be78-dbeda86f16e8_wgs_gdc_realn.bam,/gpfs/commons/projects/TCGA/gdc-awg/HCMI/WGS/Project_NYGC_15336_B01_SOM_WGS_AnalysisOnly/Sample_HCM-BROD-0001-C18-10A-01D-A82H-36/analysis/HCM-BROD-0001-C18-10A-01D-A82H-36.final.bam,/gpfs/commons/projects/HCMI/wgs/436bb951-e7b3-4def-b484-8dce8e6b2adb/cab6c807-024a-4f7e-be78-dbeda86f16e8_wgs_gdc_realn.bam
HCM-BROD-0676-C71-10A-01D-A85C-36,5a400ecd-6ca8-47fc-88c5-a0f5500cf541_wgs_gdc_realn.bam,/gpfs/commons/projects/TCGA/gdc-awg/HCMI/WGS/Project_NYGC_15336_B01_SOM_WGS_AnalysisOnly/Sample_HCM-BROD-0676-C71-10A-01D-A85C-36/analysis/HCM-BROD-0676-C71-10A-01D-A85C-36.final.bam,/gpfs/commons/projects/HCMI/wgs/45912274-769c-46ab-befc-0912f8b4e8a2/5a400ecd-6ca8-47fc-88c5-a0f5500cf541_wgs_gdc_realn.bam
HCM-CSHL-0261-C50-10A-01D-A85K-36,d42e9fd6-5304-4298-87a1-6e376f08f662_wgs_gdc_realn.bam,/gpfs/commons/projects/TCGA/gdc-awg/HCMI/WGS/Project_NYGC_15336_B01_SOM_WGS_AnalysisOnly/Sample_HCM-CSHL-0261-C50-10A-01D-A85K-36/analysis/HCM-CSHL-0261-C50-10A-01D-A85K-36.final.bam,/gpfs/commons/projects/HCMI/wgs/4317b4ca-1722-4597-90eb-71be5e1b9890/d42e9fd6-5304-4298-87a1-6e376f08f662_wgs_gdc_realn.bam
HCM-SANG-0296-C15-85A-01D-A78J-36,5c8abfc1-b800-4168-aaa1-b5ce92174fc7_wgs_gdc_realn.bam,/gpfs/commons/projects/TCGA/gdc-awg/HCMI/WGS/Project_NYGC_15336_B01_SOM_WGS_AnalysisOnly/Sample_HCM-SANG-0296-C15-85A-01D-A78J-36/analysis/HCM-SANG-0296-C15-85A-01D-A78J-36.final.bam,/gpfs/commons/projects/HCMI/wgs/1a56855f-355f-4406-8764-7e032fe17e4d/5c8abfc1-b800-4168-aaa1-b5ce92174fc7_wgs_gdc_realn.bam
HCM-BROD-0047-C71-10A-01D-A77E-36,89c681c1-105f-4ed0-9176-e9585df0260f_wgs_gdc_realn.bam,/gpfs/commons/projects/TCGA/gdc-awg/HCMI/WGS/Project_NYGC_15336_B01_SOM_WGS_AnalysisOnly/Sample_HCM-BROD-0047-C71-10A-01D-A77E-36/analysis/HCM-BROD-0047-C71-10A-01D-A77E-36.final.bam,/gpfs/commons/projects/HCMI/wgs/dca4e174-0450-4575-968d-802e36d1f477/89c681c1-105f-4ed0-9176-e9585df0260f_wgs_gdc_realn.bam
HCM-BROD-0231-C25-10A-01D-A79L-36,d4e372bb-3da6-4c77-8413-c3381c386a24_wgs_gdc_realn.bam,/gpfs/commons/projects/TCGA/gdc-awg/HCMI/WGS/Project_NYGC_15336_B01_SOM_WGS_AnalysisOnly/Sample_HCM-BROD-0231-C25-10A-01D-A79L-36/analysis/HCM-BROD-0231-C25-10A-01D-A79L-36.final.bam,/gpfs/commons/projects/HCMI/wgs/ee89d881-8b12-4132-aba1-b2ddad7364e2/d4e372bb-3da6-4c77-8413-c3381c386a24_wgs_gdc_realn.bam
HCM-SANG-0309-C15-10A-01D-A78M-36,5a3bc2ff-aab6-4463-af8e-628c32e3426c_wgs_gdc_realn.bam,/gpfs/commons/projects/TCGA/gdc-awg/HCMI/WGS/Project_NYGC_15336_B01_SOM_WGS_AnalysisOnly/Sample_HCM-SANG-0309-C15-10A-01D-A78M-36/analysis/HCM-SANG-0309-C15-10A-01D-A78M-36.final.bam,/gpfs/commons/projects/HCMI/wgs/2f5ef725-369f-44c9-9fe3-a491e5fad570/5a3bc2ff-aab6-4463-af8e-628c32e3426c_wgs_gdc_realn.bam
HCM-BROD-0115-C16-10B-01D-A79L-36,c3a69a3d-c597-4dd6-a0c1-80f5d544f18a_wgs_gdc_realn.bam,/gpfs/commons/projects/TCGA/gdc-awg/HCMI/WGS/Project_NYGC_15336_B01_SOM_WGS_AnalysisOnly/Sample_HCM-BROD-0115-C16-10B-01D-A79L-36/analysis/HCM-BROD-0115-C16-10B-01D-A79L-36.final.bam,/gpfs/commons/projects/HCMI/wgs/ecfbf06d-82e8-4c6d-915a-12c8697f2a2b/c3a69a3d-c597-4dd6-a0c1-80f5d544f18a_wgs_gdc_realn.bam
HCM-CSHL-0736-C18-85N-01D-A85C-36,ee8de4b7-638f-43fd-a0ea-30cb210f4d47_wgs_gdc_realn.bam,/gpfs/commons/projects/TCGA/gdc-awg/HCMI/WGS/Project_NYGC_15336_B01_SOM_WGS_AnalysisOnly/Sample_HCM-CSHL-0736-C18-85N-01D-A85C-36/analysis/HCM-CSHL-0736-C18-85N-01D-A85C-36.final.bam,/gpfs/commons/projects/HCMI/wgs/a41c1480-4715-44a8-9b94-96c02ed41679/ee8de4b7-638f-43fd-a0ea-30cb210f4d47_wgs_gdc_realn.bam
HCM-WCMC-0504-C18-10B-01D-A83U-36,feadb0b9-3b47-4b49-b878-ebaefaf183fe_wgs_gdc_realn.bam,/gpfs/commons/projects/TCGA/gdc-awg/HCMI/WGS/Project_NYGC_15336_B01_SOM_WGS_AnalysisOnly/Sample_HCM-WCMC-0504-C18-10B-01D-A83U-36/analysis/HCM-WCMC-0504-C18-10B-01D-A83U-36.final.bam,/gpfs/commons/projects/HCMI/wgs/0a739d97-fca9-4588-aeef-c66d8df93ed6/feadb0b9-3b47-4b49-b878-ebaefaf183fe_wgs_gdc_realn.bam
HCM-WCMC-0494-C16-10B-01D-A83U-36,d3fe8e1e-ada2-4c26-98a1-f59ff7030b25_wgs_gdc_realn.bam,/gpfs/commons/projects/TCGA/gdc-awg/HCMI/WGS/Project_NYGC_15336_B01_SOM_WGS_AnalysisOnly/Sample_HCM-WCMC-0494-C16-10B-01D-A83U-36/analysis/HCM-WCMC-0494-C16-10B-01D-A83U-36.final.bam,/gpfs/commons/projects/HCMI/wgs/53476d88-a247-4875-9e2c-a518d1136b0d/d3fe8e1e-ada2-4c26-98a1-f59ff7030b25_wgs_gdc_realn.bam
HCM-BROD-0213-C71-85A-01D-A786-36,0ee861be-4055-40b1-92bf-9b7f2bf9a67a_wgs_gdc_realn.bam,/gpfs/commons/projects/TCGA/gdc-awg/HCMI/WGS/Project_NYGC_15336_B01_SOM_WGS_AnalysisOnly/Sample_HCM-BROD-0213-C71-85A-01D-A786-36/analysis/HCM-BROD-0213-C71-85A-01D-A786-36.final.bam,/gpfs/commons/projects/HCMI/wgs/35b217f2-13cc-4567-9856-29d600675226/0ee861be-4055-40b1-92bf-9b7f2bf9a67a_wgs_gdc_realn.bam
HCM-CSHL-0807-C54-01A-11D-A85K-36,5e08a3c4-7c6b-4b26-a1c3-544021ef1357_wgs_gdc_realn.bam,/gpfs/commons/projects/TCGA/gdc-awg/HCMI/WGS/Project_NYGC_15336_B01_SOM_WGS_AnalysisOnly/Sample_HCM-CSHL-0807-C54-01A-11D-A85K-36/analysis/HCM-CSHL-0807-C54-01A-11D-A85K-36.final.bam,/gpfs/commons/projects/HCMI/wgs/92d83ade-98d9-442d-a6de-eb399db441ec/5e08a3c4-7c6b-4b26-a1c3-544021ef1357_wgs_gdc_realn.bam
HCM-WCMC-0497-C18-85A-01D-A85C-36,c5f4cd0c-c8f3-4af3-961d-837d98f3ae41_wgs_gdc_realn.bam,/gpfs/commons/projects/TCGA/gdc-awg/HCMI/WGS/Project_NYGC_15336_B01_SOM_WGS_AnalysisOnly/Sample_HCM-WCMC-0497-C18-85A-01D-A85C-36/analysis/HCM-WCMC-0497-C18-85A-01D-A85C-36.final.bam,/gpfs/commons/projects/HCMI/wgs/deed850b-e22d-411b-978c-462fff6cb2d9/c5f4cd0c-c8f3-4af3-961d-837d98f3ae41_wgs_gdc_realn.bam
HCM-CSHL-0622-C18-10A-01D-A82H-36,0583d17e-0943-47a8-9c10-c2f0e0b2bc21_wgs_gdc_realn.bam,/gpfs/commons/projects/TCGA/gdc-awg/HCMI/WGS/Project_NYGC_15336_B01_SOM_WGS_AnalysisOnly/Sample_HCM-CSHL-0622-C18-10A-01D-A82H-36/analysis/HCM-CSHL-0622-C18-10A-01D-A82H-36.final.bam,/gpfs/commons/projects/HCMI/wgs/30929cad-a4a6-405b-8524-2985f43588a0/0583d17e-0943-47a8-9c10-c2f0e0b2bc21_wgs_gdc_realn.bam
HCM-BROD-0097-C15-85B-01D-A78T-36,9cedb293-aef2-488b-aea8-7abae072945c_wgs_gdc_realn.bam,/gpfs/commons/projects/TCGA/gdc-awg/HCMI/WGS/Project_NYGC_15336_B01_SOM_WGS_AnalysisOnly/Sample_HCM-BROD-0097-C15-85B-01D-A78T-36/analysis/HCM-BROD-0097-C15-85B-01D-A78T-36.final.bam,/gpfs/commons/projects/HCMI/wgs/95d4634d-ce4f-4cf4-9ff1-f6f8c87d6a80/9cedb293-aef2-488b-aea8-7abae072945c_wgs_gdc_realn.bam
HCM-CSHL-0187-C25-01A-11D-A78L-36,c3d20195-7b95-451a-bcff-25cea77f8696_wgs_gdc_realn.bam,/gpfs/commons/projects/TCGA/gdc-awg/HCMI/WGS/Project_NYGC_15336_B01_SOM_WGS_AnalysisOnly/Sample_HCM-CSHL-0187-C25-01A-11D-A78L-36/analysis/HCM-CSHL-0187-C25-01A-11D-A78L-36.final.bam,/gpfs/commons/projects/HCMI/wgs/8646c527-ceb8-47f1-8ae9-a14f9ffd1fe1/c3d20195-7b95-451a-bcff-25cea77f8696_wgs_gdc_realn.bam
HCM-CSHL-0773-C50-85N-01D-A85K-36,990de8d9-fbe6-447a-bbfe-ac8b5377a6e7_wgs_gdc_realn.bam,/gpfs/commons/projects/TCGA/gdc-awg/HCMI/WGS/Project_NYGC_15336_B01_SOM_WGS_AnalysisOnly/Sample_HCM-CSHL-0773-C50-85N-01D-A85K-36/analysis/HCM-CSHL-0773-C50-85N-01D-A85K-36.final.bam,/gpfs/commons/projects/HCMI/wgs/befac8be-4dca-4c78-9387-26d92ce645eb/990de8d9-fbe6-447a-bbfe-ac8b5377a6e7_wgs_gdc_realn.bam
HCM-BROD-0209-C71-85A-01D-A786-36,dcf6b52c-1493-428c-b1e9-af9981e662ea_wgs_gdc_realn.bam,/gpfs/commons/projects/TCGA/gdc-awg/HCMI/WGS/Project_NYGC_15336_B01_SOM_WGS_AnalysisOnly/Sample_HCM-BROD-0209-C71-85A-01D-A786-36/analysis/HCM-BROD-0209-C71-85A-01D-A786-36.final.bam,/gpfs/commons/projects/HCMI/wgs/3ded749c-dcec-40d9-9ed8-2478379dad8f/dcf6b52c-1493-428c-b1e9-af9981e662ea_wgs_gdc_realn.bam
HCM-BROD-0834-C43-06A-11D-A85K-36,a1d401ce-773d-4836-b632-3a3efeeade6e_wgs_gdc_realn.bam,/gpfs/commons/projects/TCGA/gdc-awg/HCMI/WGS/Project_NYGC_15336_B01_SOM_WGS_AnalysisOnly/Sample_HCM-BROD-0834-C43-06A-11D-A85K-36/analysis/HCM-BROD-0834-C43-06A-11D-A85K-36.final.bam,/gpfs/commons/projects/HCMI/wgs/0cebf414-ab9e-41d0-9fa0-b075b31b6765/a1d401ce-773d-4836-b632-3a3efeeade6e_wgs_gdc_realn.bam
HCM-BROD-0138-C25-10A-01D-A79L-36,6214e47e-204a-4205-8b78-2ccf320e9d5c_wgs_gdc_realn.bam,/gpfs/commons/projects/TCGA/gdc-awg/HCMI/WGS/Project_NYGC_15336_B01_SOM_WGS_AnalysisOnly/Sample_HCM-BROD-0138-C25-10A-01D-A79L-36/analysis/HCM-BROD-0138-C25-10A-01D-A79L-36.final.bam,/gpfs/commons/projects/HCMI/wgs/4adaa7c8-3dd0-46c0-b68c-ab4fd8c7aa57/6214e47e-204a-4205-8b78-2ccf320e9d5c_wgs_gdc_realn.bam
HCM-CSHL-0622-C18-85A-01D-A82H-36,daf025b4-a3c7-4d68-b31a-b67ab2d504cc_wgs_gdc_realn.bam,/gpfs/commons/projects/TCGA/gdc-awg/HCMI/WGS/Project_NYGC_15336_B01_SOM_WGS_AnalysisOnly/Sample_HCM-CSHL-0622-C18-85A-01D-A82H-36/analysis/HCM-CSHL-0622-C18-85A-01D-A82H-36.final.bam,/gpfs/commons/projects/HCMI/wgs/a013b0fd-8f87-4e37-8e17-b020b910b4a5/daf025b4-a3c7-4d68-b31a-b67ab2d504cc_wgs_gdc_realn.bam
HCM-CSHL-0374-C25-01A-21D-A79M-36,45f99ad9-fcb3-49a8-8e6c-be41cb34b723_wgs_gdc_realn.bam,/gpfs/commons/projects/TCGA/gdc-awg/HCMI/WGS/Project_NYGC_15336_B01_SOM_WGS_AnalysisOnly/Sample_HCM-CSHL-0374-C25-01A-21D-A79M-36/analysis/HCM-CSHL-0374-C25-01A-21D-A79M-36.final.bam,/gpfs/commons/projects/HCMI/wgs/9c6de9a8-63d6-4617-b358-74a373064c76/45f99ad9-fcb3-49a8-8e6c-be41cb34b723_wgs_gdc_realn.bam
HCM-BROD-0014-C71-10A-01D-A77E-36,d3ef6425-3d25-42b9-a56e-3dd796a79f13_wgs_gdc_realn.bam,/gpfs/commons/projects/TCGA/gdc-awg/HCMI/WGS/Project_NYGC_15336_B01_SOM_WGS_AnalysisOnly/Sample_HCM-BROD-0014-C71-10A-01D-A77E-36/analysis/HCM-BROD-0014-C71-10A-01D-A77E-36.final.bam,/gpfs/commons/projects/HCMI/wgs/2e770b64-fa30-4cae-83d0-eb6a8ca6ba40/d3ef6425-3d25-42b9-a56e-3dd796a79f13_wgs_gdc_realn.bam
HCM-CSHL-0510-D13-85A-01D-A82H-36,85adffd0-f95f-4131-aa92-53a76706c609_wgs_gdc_realn.bam,/gpfs/commons/projects/TCGA/gdc-awg/HCMI/WGS/Project_NYGC_15336_B01_SOM_WGS_AnalysisOnly/Sample_HCM-CSHL-0510-D13-85A-01D-A82H-36/analysis/HCM-CSHL-0510-D13-85A-01D-A82H-36.final.bam,/gpfs/commons/projects/HCMI/wgs/54dc7854-b1f0-4525-ad78-958fc47b3b10/85adffd0-f95f-4131-aa92-53a76706c609_wgs_gdc_realn.bam
HCM-SANG-0268-C18-10A-01D-A79M-36,c2328729-0a45-4740-a9cb-3b8ff31807b3_wgs_gdc_realn.bam,/gpfs/commons/projects/TCGA/gdc-awg/HCMI/WGS/Project_NYGC_15336_B01_SOM_WGS_AnalysisOnly/Sample_HCM-SANG-0268-C18-10A-01D-A79M-36/analysis/HCM-SANG-0268-C18-10A-01D-A79M-36.final.bam,/gpfs/commons/projects/HCMI/wgs/b7802e70-e5e2-4692-8a36-be255ea29c77/c2328729-0a45-4740-a9cb-3b8ff31807b3_wgs_gdc_realn.bam
HCM-WCMC-0494-C16-85A-01D-A83U-36,2eb064b2-1b82-400a-b7de-3b4518402703_wgs_gdc_realn.bam,/gpfs/commons/projects/TCGA/gdc-awg/HCMI/WGS/Project_NYGC_15336_B01_SOM_WGS_AnalysisOnly/Sample_HCM-WCMC-0494-C16-85A-01D-A83U-36/analysis/HCM-WCMC-0494-C16-85A-01D-A83U-36.final.bam,/gpfs/commons/projects/HCMI/wgs/01ff408a-9515-42c8-be7e-7372284226ff/2eb064b2-1b82-400a-b7de-3b4518402703_wgs_gdc_realn.bam
HCM-SANG-0273-C18-10A-01D-A79M-36,eeda55cd-848d-4b03-a23e-ba7c8dbff30f_wgs_gdc_realn.bam,/gpfs/commons/projects/TCGA/gdc-awg/HCMI/WGS/Project_NYGC_15336_B01_SOM_WGS_AnalysisOnly/Sample_HCM-SANG-0273-C18-10A-01D-A79M-36/analysis/HCM-SANG-0273-C18-10A-01D-A79M-36.final.bam,/gpfs/commons/projects/HCMI/wgs/b7382737-f6f9-4429-8422-3d3c19726703/eeda55cd-848d-4b03-a23e-ba7c8dbff30f_wgs_gdc_realn.bam
HCM-BROD-0721-C43-10A-01D-A83U-36,d690fd97-1969-49ef-bd91-9bd75f9f7661_wgs_gdc_realn.bam,/gpfs/commons/projects/TCGA/gdc-awg/HCMI/WGS/Project_NYGC_15336_B01_SOM_WGS_AnalysisOnly/Sample_HCM-BROD-0721-C43-10A-01D-A83U-36/analysis/HCM-BROD-0721-C43-10A-01D-A83U-36.final.bam,/gpfs/commons/projects/HCMI/wgs/93eca6d6-2ffb-4563-a3b7-65eb6020987a/d690fd97-1969-49ef-bd91-9bd75f9f7661_wgs_gdc_realn.bam
HCM-SANG-0303-C15-10A-01D-A78J-36,03308e66-4a9a-4394-86ed-60033f287eaf_wgs_gdc_realn.bam,/gpfs/commons/projects/TCGA/gdc-awg/HCMI/WGS/Project_NYGC_15336_B01_SOM_WGS_AnalysisOnly/Sample_HCM-SANG-0303-C15-10A-01D-A78J-36/analysis/HCM-SANG-0303-C15-10A-01D-A78J-36.final.bam,/gpfs/commons/projects/HCMI/wgs/c2734003-0d14-440d-8ba3-229c367c548f/03308e66-4a9a-4394-86ed-60033f287eaf_wgs_gdc_realn.bam
HCM-CSHL-0655-C50-10A-01D-A82H-36,b9692d3b-7306-45d6-931f-0d0f47c7590c_wgs_gdc_realn.bam,/gpfs/commons/projects/TCGA/gdc-awg/HCMI/WGS/Project_NYGC_15336_B01_SOM_WGS_AnalysisOnly/Sample_HCM-CSHL-0655-C50-10A-01D-A82H-36/analysis/HCM-CSHL-0655-C50-10A-01D-A82H-36.final.bam,/gpfs/commons/projects/HCMI/wgs/b0dbea17-9ff9-43c6-a78f-ba67ae28f869/b9692d3b-7306-45d6-931f-0d0f47c7590c_wgs_gdc_realn.bam
HCM-BROD-0478-C16-10A-01D-A79C-36,873f7cc1-7066-4ab3-b95a-e1679f6514b8_wgs_gdc_realn.bam,/gpfs/commons/projects/TCGA/gdc-awg/HCMI/WGS/Project_NYGC_15336_B01_SOM_WGS_AnalysisOnly/Sample_HCM-BROD-0478-C16-10A-01D-A79C-36/analysis/HCM-BROD-0478-C16-10A-01D-A79C-36.final.bam,/gpfs/commons/projects/HCMI/wgs/bf30769d-cc74-4b43-bb7c-30dba22ae284/873f7cc1-7066-4ab3-b95a-e1679f6514b8_wgs_gdc_realn.bam
HCM-BROD-0408-C71-10A-01D-A80U-36,65c0b96f-c527-489c-bede-4e2c8080c513_wgs_gdc_realn.bam,/gpfs/commons/projects/TCGA/gdc-awg/HCMI/WGS/Project_NYGC_15336_B01_SOM_WGS_AnalysisOnly/Sample_HCM-BROD-0408-C71-10A-01D-A80U-36/analysis/HCM-BROD-0408-C71-10A-01D-A80U-36.final.bam,/gpfs/commons/projects/HCMI/wgs/4688af1b-8234-462e-9b25-6b774d82ccdf/65c0b96f-c527-489c-bede-4e2c8080c513_wgs_gdc_realn.bam
HCM-BROD-0685-C71-10A-01D-A85C-36,b619b33a-04f9-45b5-83e2-b9c531923082_wgs_gdc_realn.bam,/gpfs/commons/projects/TCGA/gdc-awg/HCMI/WGS/Project_NYGC_15336_B01_SOM_WGS_AnalysisOnly/Sample_HCM-BROD-0685-C71-10A-01D-A85C-36/analysis/HCM-BROD-0685-C71-10A-01D-A85C-36.final.bam,/gpfs/commons/projects/HCMI/wgs/c9fb4541-5acd-42fc-bf61-e01b496b6c86/b619b33a-04f9-45b5-83e2-b9c531923082_wgs_gdc_realn.bam
HCM-CSHL-0881-C20-85B-01D-A85L-36,7673e8f8-7220-410e-ac0b-5b0cd41fb105_wgs_gdc_realn.bam,/gpfs/commons/projects/TCGA/gdc-awg/HCMI/WGS/Project_NYGC_15336_B01_SOM_WGS_AnalysisOnly/Sample_HCM-CSHL-0881-C20-85B-01D-A85L-36/analysis/HCM-CSHL-0881-C20-85B-01D-A85L-36.final.bam,/gpfs/commons/projects/HCMI/wgs/958a7228-204b-4936-a3f5-070fd60b462a/7673e8f8-7220-410e-ac0b-5b0cd41fb105_wgs_gdc_realn.bam
HCM-BROD-0138-C25-85B-01D-A79L-36,8a48e810-52c6-42ef-a3a2-25df76ad048c_wgs_gdc_realn.bam,/gpfs/commons/projects/TCGA/gdc-awg/HCMI/WGS/Project_NYGC_15336_B01_SOM_WGS_AnalysisOnly/Sample_HCM-BROD-0138-C25-85B-01D-A79L-36/analysis/HCM-BROD-0138-C25-85B-01D-A79L-36.final.bam,/gpfs/commons/projects/HCMI/wgs/e9599d6f-2e97-4f8d-a3b2-7ca317e1bffa/8a48e810-52c6-42ef-a3a2-25df76ad048c_wgs_gdc_realn.bam
HCM-BROD-0611-C71-85R-01D-A83U-36,e7a92a84-9a26-4257-a99b-14ef28eea6c7_wgs_gdc_realn.bam,/gpfs/commons/projects/TCGA/gdc-awg/HCMI/WGS/Project_NYGC_15336_B01_SOM_WGS_AnalysisOnly/Sample_HCM-BROD-0611-C71-85R-01D-A83U-36/analysis/HCM-BROD-0611-C71-85R-01D-A83U-36.final.bam,/gpfs/commons/projects/HCMI/wgs/f38cd269-cdde-44db-bbfb-74e1694dc494/e7a92a84-9a26-4257-a99b-14ef28eea6c7_wgs_gdc_realn.bam
HCM-CSHL-0372-C25-85A-01D-A79M-36,f90e48c7-3bce-4a8d-9db0-27fd00bd9b07_wgs_gdc_realn.bam,/gpfs/commons/projects/TCGA/gdc-awg/HCMI/WGS/Project_NYGC_15336_B01_SOM_WGS_AnalysisOnly/Sample_HCM-CSHL-0372-C25-85A-01D-A79M-36/analysis/HCM-CSHL-0372-C25-85A-01D-A79M-36.final.bam,/gpfs/commons/projects/HCMI/wgs/eee4b268-55c2-44fa-884a-db4fad294ae7/f90e48c7-3bce-4a8d-9db0-27fd00bd9b07_wgs_gdc_realn.bam
HCM-CSHL-0189-C25-01A-11D-A78L-36,9e515c31-5113-4490-a880-4a299f0f1206_wgs_gdc_realn.bam,/gpfs/commons/projects/TCGA/gdc-awg/HCMI/WGS/Project_NYGC_15336_B01_SOM_WGS_AnalysisOnly/Sample_HCM-CSHL-0189-C25-01A-11D-A78L-36/analysis/HCM-CSHL-0189-C25-01A-11D-A78L-36.final.bam,/gpfs/commons/projects/HCMI/wgs/ecd511e3-7988-482a-a29b-51afb2bd1931/9e515c31-5113-4490-a880-4a299f0f1206_wgs_gdc_realn.bam
HCM-BROD-0131-C25-85M-01D-A79C-36,15b98066-e59f-49d9-ad09-6f3fe319a8c6_wgs_gdc_realn.bam,/gpfs/commons/projects/TCGA/gdc-awg/HCMI/WGS/Project_NYGC_15336_B01_SOM_WGS_AnalysisOnly/Sample_HCM-BROD-0131-C25-85M-01D-A79C-36/analysis/HCM-BROD-0131-C25-85M-01D-A79C-36.final.bam,/gpfs/commons/projects/HCMI/wgs/f21cd11f-b9ab-4e13-a55e-55205a3dd1c9/15b98066-e59f-49d9-ad09-6f3fe319a8c6_wgs_gdc_realn.bam
HCM-BROD-0001-C18-85M-01D-A82H-36,7ea1f7cb-e9a9-49f6-b2b5-3e6288fd9372_wgs_gdc_realn.bam,/gpfs/commons/projects/TCGA/gdc-awg/HCMI/WGS/Project_NYGC_15336_B01_SOM_WGS_AnalysisOnly/Sample_HCM-BROD-0001-C18-85M-01D-A82H-36/analysis/HCM-BROD-0001-C18-85M-01D-A82H-36.final.bam,/gpfs/commons/projects/HCMI/wgs/762ba206-cb79-40f7-a4e9-075e550b851b/7ea1f7cb-e9a9-49f6-b2b5-3e6288fd9372_wgs_gdc_realn.bam
HCM-CSHL-0835-C20-10A-01D-A85L-36,2292f421-3dc7-4d20-bf57-2715d85d0a7d_wgs_gdc_realn.bam,/gpfs/commons/projects/TCGA/gdc-awg/HCMI/WGS/Project_NYGC_15336_B01_SOM_WGS_AnalysisOnly/Sample_HCM-CSHL-0835-C20-10A-01D-A85L-36/analysis/HCM-CSHL-0835-C20-10A-01D-A85L-36.final.bam,/gpfs/commons/projects/HCMI/wgs/5cd9e2f7-e2dc-488a-868e-dd8b1ba7ced5/2292f421-3dc7-4d20-bf57-2715d85d0a7d_wgs_gdc_realn.bam
HCM-CSHL-0179-C25-01A-11D-A78T-36,1fb59cc7-a41b-47c4-ba10-fc605e3074f4_wgs_gdc_realn.bam,/gpfs/commons/projects/TCGA/gdc-awg/HCMI/WGS/Project_NYGC_15336_B01_SOM_WGS_AnalysisOnly/Sample_HCM-CSHL-0179-C25-01A-11D-A78T-36/analysis/HCM-CSHL-0179-C25-01A-11D-A78T-36.final.bam,/gpfs/commons/projects/HCMI/wgs/3a26747b-406b-4cb2-a49d-bc5694ce11ea/1fb59cc7-a41b-47c4-ba10-fc605e3074f4_wgs_gdc_realn.bam
HCM-CSHL-0606-C17-11B-01D-A82H-36,621643c3-0e5d-4a4d-a51a-2763179de9b9_wgs_gdc_realn.bam,/gpfs/commons/projects/TCGA/gdc-awg/HCMI/WGS/Project_NYGC_15336_B01_SOM_WGS_AnalysisOnly/Sample_HCM-CSHL-0606-C17-11B-01D-A82H-36/analysis/HCM-CSHL-0606-C17-11B-01D-A82H-36.final.bam,/gpfs/commons/projects/HCMI/wgs/a6b26482-e1e0-43c0-bd72-2a5cb9f99db5/621643c3-0e5d-4a4d-a51a-2763179de9b9_wgs_gdc_realn.bam
HCM-SANG-0267-D12-85A-01D-A79M-36,1f0c468b-2d51-4c4b-a7df-3a4b88342797_wgs_gdc_realn.bam,/gpfs/commons/projects/TCGA/gdc-awg/HCMI/WGS/Project_NYGC_15336_B01_SOM_WGS_AnalysisOnly/Sample_HCM-SANG-0267-D12-85A-01D-A79M-36/analysis/HCM-SANG-0267-D12-85A-01D-A79M-36.final.bam,/gpfs/commons/projects/HCMI/wgs/f2608817-efcc-47f6-9898-1c1586c3f486/1f0c468b-2d51-4c4b-a7df-3a4b88342797_wgs_gdc_realn.bam
HCM-CSHL-0584-C19-85M-01D-A82H-36,89c8770b-5514-40ae-8c5a-edb80d5d5575_wgs_gdc_realn.bam,/gpfs/commons/projects/TCGA/gdc-awg/HCMI/WGS/Project_NYGC_15336_B01_SOM_WGS_AnalysisOnly/Sample_HCM-CSHL-0584-C19-85M-01D-A82H-36/analysis/HCM-CSHL-0584-C19-85M-01D-A82H-36.final.bam,/gpfs/commons/projects/HCMI/wgs/228601ab-c41e-44c2-ae85-30dc91f32ea9/89c8770b-5514-40ae-8c5a-edb80d5d5575_wgs_gdc_realn.bam
HCM-CSHL-0839-C34-85M-01D-A85L-36,02795d4a-4cd2-4f65-91b7-f7a7b9fb0d2c_wgs_gdc_realn.bam,/gpfs/commons/projects/TCGA/gdc-awg/HCMI/WGS/Project_NYGC_15336_B01_SOM_WGS_AnalysisOnly/Sample_HCM-CSHL-0839-C34-85M-01D-A85L-36/analysis/HCM-CSHL-0839-C34-85M-01D-A85L-36.final.bam,/gpfs/commons/projects/HCMI/wgs/7307cee1-14b7-4e22-9450-3cff0905ebc6/02795d4a-4cd2-4f65-91b7-f7a7b9fb0d2c_wgs_gdc_realn.bam
HCM-BROD-0118-C16-85A-01D-A79L-36,073239cf-1e2d-4575-94f6-3e5975e03106_wgs_gdc_realn.bam,/gpfs/commons/projects/TCGA/gdc-awg/HCMI/WGS/Project_NYGC_15336_B01_SOM_WGS_AnalysisOnly/Sample_HCM-BROD-0118-C16-85A-01D-A79L-36/analysis/HCM-BROD-0118-C16-85A-01D-A79L-36.final.bam,/gpfs/commons/projects/HCMI/wgs/58fdbd27-4d36-46fb-b4bf-e5bcb51a4f2d/073239cf-1e2d-4575-94f6-3e5975e03106_wgs_gdc_realn.bam
HCM-CSHL-0187-C25-85A-01D-A78L-36,7970e90f-1b13-473a-b1bf-c0034cbd2f77_wgs_gdc_realn.bam,/gpfs/commons/projects/TCGA/gdc-awg/HCMI/WGS/Project_NYGC_15336_B01_SOM_WGS_AnalysisOnly/Sample_HCM-CSHL-0187-C25-85A-01D-A78L-36/analysis/HCM-CSHL-0187-C25-85A-01D-A78L-36.final.bam,/gpfs/commons/projects/HCMI/wgs/75df969a-309b-4f7b-bd0c-72e6f666dd6e/7970e90f-1b13-473a-b1bf-c0034cbd2f77_wgs_gdc_realn.bam
HCM-BROD-0206-C25-85A-01D-A79L-36,d8c5f057-1e20-4c78-b182-7de657b80516_wgs_gdc_realn.bam,/gpfs/commons/projects/TCGA/gdc-awg/HCMI/WGS/Project_NYGC_15336_B01_SOM_WGS_AnalysisOnly/Sample_HCM-BROD-0206-C25-85A-01D-A79L-36/analysis/HCM-BROD-0206-C25-85A-01D-A79L-36.final.bam,/gpfs/commons/projects/HCMI/wgs/7276db75-b03b-4058-8361-b11778e9be4f/d8c5f057-1e20-4c78-b182-7de657b80516_wgs_gdc_realn.bam
HCM-SANG-0313-C15-10A-01D-A78J-36,0b75e9b1-821f-47ae-9ee1-212af0898195_wgs_gdc_realn.bam,/gpfs/commons/projects/TCGA/gdc-awg/HCMI/WGS/Project_NYGC_15336_B01_SOM_WGS_AnalysisOnly/Sample_HCM-SANG-0313-C15-10A-01D-A78J-36/analysis/HCM-SANG-0313-C15-10A-01D-A78J-36.final.bam,/gpfs/commons/projects/HCMI/wgs/dcdcb90d-64ef-44d9-a8df-de494e613c74/0b75e9b1-821f-47ae-9ee1-212af0898195_wgs_gdc_realn.bam
HCM-CSHL-0061-C18-85A-01D-A768-36,db653193-c830-4f6f-bbce-08335ab41a58_wgs_gdc_realn.bam,/gpfs/commons/projects/TCGA/gdc-awg/HCMI/WGS/Project_NYGC_15336_B01_SOM_WGS_AnalysisOnly/Sample_HCM-CSHL-0061-C18-85A-01D-A768-36/analysis/HCM-CSHL-0061-C18-85A-01D-A768-36.final.bam,/gpfs/commons/projects/HCMI/wgs/13dd831a-40ce-466f-ba95-0b43c56a9d49/db653193-c830-4f6f-bbce-08335ab41a58_wgs_gdc_realn.bam
HCM-CSHL-0434-C24-85M-01D-A78U-36,a76c852e-e254-4ba5-a899-e2a90b83cc1a_wgs_gdc_realn.bam,/gpfs/commons/projects/TCGA/gdc-awg/HCMI/WGS/Project_NYGC_15336_B01_SOM_WGS_AnalysisOnly/Sample_HCM-CSHL-0434-C24-85M-01D-A78U-36/analysis/HCM-CSHL-0434-C24-85M-01D-A78U-36.final.bam,/gpfs/commons/projects/HCMI/wgs/46d6372c-e070-4c82-8e87-faf15078dcfb/a76c852e-e254-4ba5-a899-e2a90b83cc1a_wgs_gdc_realn.bam
HCM-BROD-0200-C71-01A-11D-A78T-36,8b110c91-ee4d-4ed0-b69b-b74efee74a99_wgs_gdc_realn.bam,/gpfs/commons/projects/TCGA/gdc-awg/HCMI/WGS/Project_NYGC_15336_B01_SOM_WGS_AnalysisOnly/Sample_HCM-BROD-0200-C71-01A-11D-A78T-36/analysis/HCM-BROD-0200-C71-01A-11D-A78T-36.final.bam,/gpfs/commons/projects/HCMI/wgs/7f6f4228-9973-4f33-9af8-0ffa2f6a339e/8b110c91-ee4d-4ed0-b69b-b74efee74a99_wgs_gdc_realn.bam
HCM-SANG-0304-C15-10A-01D-A78J-36,5f9a046a-fa5f-4955-a83b-a33b7005cc6d_wgs_gdc_realn.bam,/gpfs/commons/projects/TCGA/gdc-awg/HCMI/WGS/Project_NYGC_15336_B01_SOM_WGS_AnalysisOnly/Sample_HCM-SANG-0304-C15-10A-01D-A78J-36/analysis/HCM-SANG-0304-C15-10A-01D-A78J-36.final.bam,/gpfs/commons/projects/HCMI/wgs/915ec690-a9c9-42f0-bb01-3cb78d820b51/5f9a046a-fa5f-4955-a83b-a33b7005cc6d_wgs_gdc_realn.bam
HCM-CSHL-0181-C25-10A-01D-A79L-36,1a5653f9-c253-4813-80b8-81d55c20583c_wgs_gdc_realn.bam,/gpfs/commons/projects/TCGA/gdc-awg/HCMI/WGS/Project_NYGC_15336_B01_SOM_WGS_AnalysisOnly/Sample_HCM-CSHL-0181-C25-10A-01D-A79L-36/analysis/HCM-CSHL-0181-C25-10A-01D-A79L-36.final.bam,/gpfs/commons/projects/HCMI/wgs/79b2ade6-ced3-4c81-9dcd-2ddb3dd484ad/1a5653f9-c253-4813-80b8-81d55c20583c_wgs_gdc_realn.bam
HCM-BROD-0328-C15-85A-01D-A79L-36,67285f61-6429-47ae-a385-2848c75fbe18_wgs_gdc_realn.bam,/gpfs/commons/projects/TCGA/gdc-awg/HCMI/WGS/Project_NYGC_15336_B01_SOM_WGS_AnalysisOnly/Sample_HCM-BROD-0328-C15-85A-01D-A79L-36/analysis/HCM-BROD-0328-C15-85A-01D-A79L-36.final.bam,/gpfs/commons/projects/HCMI/wgs/9df28e03-0c9b-4587-bbbf-591eaed4a4d8/67285f61-6429-47ae-a385-2848c75fbe18_wgs_gdc_realn.bam
HCM-CSHL-0729-C18-85A-01D-A82I-36,58c74543-4c6f-4d3b-861c-e81ef7bd8d45_wgs_gdc_realn.bam,/gpfs/commons/projects/TCGA/gdc-awg/HCMI/WGS/Project_NYGC_15336_B01_SOM_WGS_AnalysisOnly/Sample_HCM-CSHL-0729-C18-85A-01D-A82I-36/analysis/HCM-CSHL-0729-C18-85A-01D-A82I-36.final.bam,/gpfs/commons/projects/HCMI/wgs/c6ad3db2-7306-4781-a21e-73f244d571a5/58c74543-4c6f-4d3b-861c-e81ef7bd8d45_wgs_gdc_realn.bam
HCM-BROD-0200-C71-85B-01D-A78T-36,0ab31243-c58b-4e1f-8376-7ce768bfa7db_wgs_gdc_realn.bam,/gpfs/commons/projects/TCGA/gdc-awg/HCMI/WGS/Project_NYGC_15336_B01_SOM_WGS_AnalysisOnly/Sample_HCM-BROD-0200-C71-85B-01D-A78T-36/analysis/HCM-BROD-0200-C71-85B-01D-A78T-36.final.bam,/gpfs/commons/projects/HCMI/wgs/9f9793ea-48da-4763-bda1-ea17a2de8566/0ab31243-c58b-4e1f-8376-7ce768bfa7db_wgs_gdc_realn.bam
HCM-BROD-0019-C25-85A-01D-A80U-36,2ba36cd0-64c3-4783-8ad7-d3f857a8c771_wgs_gdc_realn.bam,/gpfs/commons/projects/TCGA/gdc-awg/HCMI/WGS/Project_NYGC_15336_B01_SOM_WGS_AnalysisOnly/Sample_HCM-BROD-0019-C25-85A-01D-A80U-36/analysis/HCM-BROD-0019-C25-85A-01D-A80U-36.final.bam,/gpfs/commons/projects/HCMI/wgs/67ba4fd4-5fa6-4634-b631-63491c14f973/2ba36cd0-64c3-4783-8ad7-d3f857a8c771_wgs_gdc_realn.bam
HCM-BROD-0106-C71-02A-11D-A79L-36,2a91d68d-2cc9-4213-92ca-75b983f3b39f_wgs_gdc_realn.bam,/gpfs/commons/projects/TCGA/gdc-awg/HCMI/WGS/Project_NYGC_15336_B01_SOM_WGS_AnalysisOnly/Sample_HCM-BROD-0106-C71-02A-11D-A79L-36/analysis/HCM-BROD-0106-C71-02A-11D-A79L-36.final.bam,/gpfs/commons/projects/HCMI/wgs/161c7ced-3ffe-4ff8-a534-a0ac39a8a63c/2a91d68d-2cc9-4213-92ca-75b983f3b39f_wgs_gdc_realn.bam
HCM-CSHL-0089-C25-10A-01D-A77E-36,4f27139b-ad76-4d64-80d6-7aabd543d3c3_wgs_gdc_realn.bam,/gpfs/commons/projects/TCGA/gdc-awg/HCMI/WGS/Project_NYGC_15336_B01_SOM_WGS_AnalysisOnly/Sample_HCM-CSHL-0089-C25-10A-01D-A77E-36/analysis/HCM-CSHL-0089-C25-10A-01D-A77E-36.final.bam,/gpfs/commons/projects/HCMI/wgs/71c1bc6f-b1c7-4bba-a51f-8a07ff817fca/4f27139b-ad76-4d64-80d6-7aabd543d3c3_wgs_gdc_realn.bam
HCM-CSHL-0463-C50-10A-01D-A79M-36,6460088f-7768-46ff-99fe-4d000c226590_wgs_gdc_realn.bam,/gpfs/commons/projects/TCGA/gdc-awg/HCMI/WGS/Project_NYGC_15336_B01_SOM_WGS_AnalysisOnly/Sample_HCM-CSHL-0463-C50-10A-01D-A79M-36/analysis/HCM-CSHL-0463-C50-10A-01D-A79M-36.final.bam,/gpfs/commons/projects/HCMI/wgs/37d2de64-7b3e-4e1d-b665-4c571251eb9c/6460088f-7768-46ff-99fe-4d000c226590_wgs_gdc_realn.bam
HCM-CSHL-0247-C18-10A-01D-A78T-36,923f1262-cacd-489c-b8c4-3ae0fadcde91_wgs_gdc_realn.bam,/gpfs/commons/projects/TCGA/gdc-awg/HCMI/WGS/Project_NYGC_15336_B01_SOM_WGS_AnalysisOnly/Sample_HCM-CSHL-0247-C18-10A-01D-A78T-36/analysis/HCM-CSHL-0247-C18-10A-01D-A78T-36.final.bam,/gpfs/commons/projects/HCMI/wgs/a9611ead-ad79-4a2f-8d69-4d62f9252dad/923f1262-cacd-489c-b8c4-3ae0fadcde91_wgs_gdc_realn.bam
HCM-CSHL-0582-C18-85M-01D-A82H-36,bc113dd7-84e8-4b7b-912e-564e0ad959a9_wgs_gdc_realn.bam,/gpfs/commons/projects/TCGA/gdc-awg/HCMI/WGS/Project_NYGC_15336_B01_SOM_WGS_AnalysisOnly/Sample_HCM-CSHL-0582-C18-85M-01D-A82H-36/analysis/HCM-CSHL-0582-C18-85M-01D-A82H-36.final.bam,/gpfs/commons/projects/HCMI/wgs/c1fd5895-c203-4237-aa18-0263f36e251f/bc113dd7-84e8-4b7b-912e-564e0ad959a9_wgs_gdc_realn.bam
HCM-CSHL-0089-C25-01A-11D-A77E-36,e303593e-3edc-41f8-83a9-a16fc64746dd_wgs_gdc_realn.bam,/gpfs/commons/projects/TCGA/gdc-awg/HCMI/WGS/Project_NYGC_15336_B01_SOM_WGS_AnalysisOnly/Sample_HCM-CSHL-0089-C25-01A-11D-A77E-36/analysis/HCM-CSHL-0089-C25-01A-11D-A77E-36.final.bam,/gpfs/commons/projects/HCMI/wgs/55e4f35f-fc58-4971-941f-85ece7b518fa/e303593e-3edc-41f8-83a9-a16fc64746dd_wgs_gdc_realn.bam
HCM-CSHL-0811-C55-85A-01D-A85L-36,48bbeb6e-d947-4f94-815a-7cb2b653fa7b_wgs_gdc_realn.bam,/gpfs/commons/projects/TCGA/gdc-awg/HCMI/WGS/Project_NYGC_15336_B01_SOM_WGS_AnalysisOnly/Sample_HCM-CSHL-0811-C55-85A-01D-A85L-36/analysis/HCM-CSHL-0811-C55-85A-01D-A85L-36.final.bam,/gpfs/commons/projects/HCMI/wgs/a9bf5606-70de-4e12-bc90-cd4517c58fc2/48bbeb6e-d947-4f94-815a-7cb2b653fa7b_wgs_gdc_realn.bam
HCM-BROD-0569-C43-06A-11D-A80U-36,68b0d1e1-1da8-4331-9178-89a736b07fff_wgs_gdc_realn.bam,/gpfs/commons/projects/TCGA/gdc-awg/HCMI/WGS/Project_NYGC_15336_B01_SOM_WGS_AnalysisOnly/Sample_HCM-BROD-0569-C43-06A-11D-A80U-36/analysis/HCM-BROD-0569-C43-06A-11D-A80U-36.final.bam,/gpfs/commons/projects/HCMI/wgs/d5d4d062-f5b1-4a11-b61a-64b3c12b942f/68b0d1e1-1da8-4331-9178-89a736b07fff_wgs_gdc_realn.bam
HCM-CSHL-0141-C18-01A-11D-A77E-36,4cdbb548-f812-4e89-9c0a-3594f4b0ed14_wgs_gdc_realn.bam,/gpfs/commons/projects/TCGA/gdc-awg/HCMI/WGS/Project_NYGC_15336_B01_SOM_WGS_AnalysisOnly/Sample_HCM-CSHL-0141-C18-01A-11D-A77E-36/analysis/HCM-CSHL-0141-C18-01A-11D-A77E-36.final.bam,/gpfs/commons/projects/HCMI/wgs/6b5367a7-1257-42c3-b49a-ba9750551400/4cdbb548-f812-4e89-9c0a-3594f4b0ed14_wgs_gdc_realn.bam
HCM-BROD-0417-C71-10A-01D-A82H-36,60690a2b-2d94-4e43-b772-8f69d11d2f49_wgs_gdc_realn.bam,/gpfs/commons/projects/TCGA/gdc-awg/HCMI/WGS/Project_NYGC_15336_B01_SOM_WGS_AnalysisOnly/Sample_HCM-BROD-0417-C71-10A-01D-A82H-36/analysis/HCM-BROD-0417-C71-10A-01D-A82H-36.final.bam,/gpfs/commons/projects/HCMI/wgs/a1fd1e65-7098-40fc-b9b7-66c634e51719/60690a2b-2d94-4e43-b772-8f69d11d2f49_wgs_gdc_realn.bam
HCM-BROD-0578-C15-85A-01D-A83U-36,f4b7623e-4f8b-4c43-801b-9b73a1b1fe08_wgs_gdc_realn.bam,/gpfs/commons/projects/TCGA/gdc-awg/HCMI/WGS/Project_NYGC_15336_B01_SOM_WGS_AnalysisOnly/Sample_HCM-BROD-0578-C15-85A-01D-A83U-36/analysis/HCM-BROD-0578-C15-85A-01D-A83U-36.final.bam,/gpfs/commons/projects/HCMI/wgs/93900632-6f8c-4805-b08b-2e5b1c183cc1/f4b7623e-4f8b-4c43-801b-9b73a1b1fe08_wgs_gdc_realn.bam
HCM-BROD-0834-C43-10A-01D-A85K-36,0eeb4bcb-3066-4898-9f00-c06a74c2d840_wgs_gdc_realn.bam,/gpfs/commons/projects/TCGA/gdc-awg/HCMI/WGS/Project_NYGC_15336_B01_SOM_WGS_AnalysisOnly/Sample_HCM-BROD-0834-C43-10A-01D-A85K-36/analysis/HCM-BROD-0834-C43-10A-01D-A85K-36.final.bam,/gpfs/commons/projects/HCMI/wgs/bef34c5c-391b-4c21-a40c-378be2bbdb23/0eeb4bcb-3066-4898-9f00-c06a74c2d840_wgs_gdc_realn.bam
HCM-BROD-0416-C71-10A-01D-A80U-36,ede8dd4f-a0c1-4b1c-9cdc-15927641e9b9_wgs_gdc_realn.bam,/gpfs/commons/projects/TCGA/gdc-awg/HCMI/WGS/Project_NYGC_15336_B01_SOM_WGS_AnalysisOnly/Sample_HCM-BROD-0416-C71-10A-01D-A80U-36/analysis/HCM-BROD-0416-C71-10A-01D-A80U-36.final.bam,/gpfs/commons/projects/HCMI/wgs/16dac7e2-5e0b-41ec-89d0-8193a5a0ccda/ede8dd4f-a0c1-4b1c-9cdc-15927641e9b9_wgs_gdc_realn.bam
HCM-CSHL-0403-C25-10A-01D-A85K-36,758bb6ec-d55d-4195-9771-7533bb49ee8f_wgs_gdc_realn.bam,/gpfs/commons/projects/TCGA/gdc-awg/HCMI/WGS/Project_NYGC_15336_B01_SOM_WGS_AnalysisOnly/Sample_HCM-CSHL-0403-C25-10A-01D-A85K-36/analysis/HCM-CSHL-0403-C25-10A-01D-A85K-36.final.bam,/gpfs/commons/projects/HCMI/wgs/5c6cb869-f383-473b-acf0-54aee5a9a6de/758bb6ec-d55d-4195-9771-7533bb49ee8f_wgs_gdc_realn.bam
HCM-BROD-0234-C49-06A-11D-A80U-36,b37fb925-55c3-49b1-b950-b47cd4811235_wgs_gdc_realn.bam,/gpfs/commons/projects/TCGA/gdc-awg/HCMI/WGS/Project_NYGC_15336_B01_SOM_WGS_AnalysisOnly/Sample_HCM-BROD-0234-C49-06A-11D-A80U-36/analysis/HCM-BROD-0234-C49-06A-11D-A80U-36.final.bam,/gpfs/commons/projects/HCMI/wgs/9c4b4bfc-8035-48cb-9a0a-ecc5bc9887e8/b37fb925-55c3-49b1-b950-b47cd4811235_wgs_gdc_realn.bam
HCM-BROD-0451-C15-85C-01D-A82H-36,38b01b50-d33d-4dd7-a8fe-e89db7359384_wgs_gdc_realn.bam,/gpfs/commons/projects/TCGA/gdc-awg/HCMI/WGS/Project_NYGC_15336_B01_SOM_WGS_AnalysisOnly/Sample_HCM-BROD-0451-C15-85C-01D-A82H-36/analysis/HCM-BROD-0451-C15-85C-01D-A82H-36.final.bam,/gpfs/commons/projects/HCMI/wgs/5532ed16-7af1-4236-9b4c-5140e5adcaa8/38b01b50-d33d-4dd7-a8fe-e89db7359384_wgs_gdc_realn.bam
HCM-CSHL-0243-C18-85A-01D-A78L-36,b5401a32-5e80-4a27-a176-814435913d7a_wgs_gdc_realn.bam,/gpfs/commons/projects/TCGA/gdc-awg/HCMI/WGS/Project_NYGC_15336_B01_SOM_WGS_AnalysisOnly/Sample_HCM-CSHL-0243-C18-85A-01D-A78L-36/analysis/HCM-CSHL-0243-C18-85A-01D-A78L-36.final.bam,/gpfs/commons/projects/HCMI/wgs/21af43ab-d653-4f33-8cfa-5b4b45992547/b5401a32-5e80-4a27-a176-814435913d7a_wgs_gdc_realn.bam
HCM-CSHL-0161-C18-11A-11D-A78T-36,19084331-19fc-474d-a265-f9dba41a2fa0_wgs_gdc_realn.bam,/gpfs/commons/projects/TCGA/gdc-awg/HCMI/WGS/Project_NYGC_15336_B01_SOM_WGS_AnalysisOnly/Sample_HCM-CSHL-0161-C18-11A-11D-A78T-36/analysis/HCM-CSHL-0161-C18-11A-11D-A78T-36.final.bam,/gpfs/commons/projects/HCMI/wgs/6224fcec-8e36-4ee1-9a67-3028b1a8b0bc/19084331-19fc-474d-a265-f9dba41a2fa0_wgs_gdc_realn.bam
HCM-BROD-0702-C43-10A-01D-A82H-36,724da8ab-341f-45f0-afe0-e1f41acb7def_wgs_gdc_realn.bam,/gpfs/commons/projects/TCGA/gdc-awg/HCMI/WGS/Project_NYGC_15336_B01_SOM_WGS_AnalysisOnly/Sample_HCM-BROD-0702-C43-10A-01D-A82H-36/analysis/HCM-BROD-0702-C43-10A-01D-A82H-36.final.bam,/gpfs/commons/projects/HCMI/wgs/e1deb9ee-9c0a-4a83-91d5-90a87277c2c1/724da8ab-341f-45f0-afe0-e1f41acb7def_wgs_gdc_realn.bam
HCM-SANG-0307-C15-85A-01D-A79N-36,729cafec-c700-4da2-8c8f-6b207c6a0294_wgs_gdc_realn.bam,/gpfs/commons/projects/TCGA/gdc-awg/HCMI/WGS/Project_NYGC_15336_B01_SOM_WGS_AnalysisOnly/Sample_HCM-SANG-0307-C15-85A-01D-A79N-36/analysis/HCM-SANG-0307-C15-85A-01D-A79N-36.final.bam,/gpfs/commons/projects/HCMI/wgs/e271acbb-3bc0-450d-8d49-7899fde8cfac/729cafec-c700-4da2-8c8f-6b207c6a0294_wgs_gdc_realn.bam
HCM-BROD-0613-C71-85A-01D-A80U-36,af684ed2-a7f1-4e16-bfe8-7db3b192a9ce_wgs_gdc_realn.bam,/gpfs/commons/projects/TCGA/gdc-awg/HCMI/WGS/Project_NYGC_15336_B01_SOM_WGS_AnalysisOnly/Sample_HCM-BROD-0613-C71-85A-01D-A80U-36/analysis/HCM-BROD-0613-C71-85A-01D-A80U-36.final.bam,/gpfs/commons/projects/HCMI/wgs/ac38943f-3f73-4608-bd62-21ea0e0e7572/af684ed2-a7f1-4e16-bfe8-7db3b192a9ce_wgs_gdc_realn.bam
HCM-BROD-0199-C71-10A-01D-A786-36,7f4e7f6b-33b0-49da-95bd-88643d5e14ff_wgs_gdc_realn.bam,/gpfs/commons/projects/TCGA/gdc-awg/HCMI/WGS/Project_NYGC_15336_B01_SOM_WGS_AnalysisOnly/Sample_HCM-BROD-0199-C71-10A-01D-A786-36/analysis/HCM-BROD-0199-C71-10A-01D-A786-36.final.bam,/gpfs/commons/projects/HCMI/wgs/dde17b31-3813-48d7-b2eb-4758a4122afb/7f4e7f6b-33b0-49da-95bd-88643d5e14ff_wgs_gdc_realn.bam
HCM-BROD-0643-C43-10A-01D-A80U-36,62565e48-482f-43a3-8345-f126a906fcf9_wgs_gdc_realn.bam,/gpfs/commons/projects/TCGA/gdc-awg/HCMI/WGS/Project_NYGC_15336_B01_SOM_WGS_AnalysisOnly/Sample_HCM-BROD-0643-C43-10A-01D-A80U-36/analysis/HCM-BROD-0643-C43-10A-01D-A80U-36.final.bam,/gpfs/commons/projects/HCMI/wgs/c33def36-e217-455d-acb3-dc87afa72756/62565e48-482f-43a3-8345-f126a906fcf9_wgs_gdc_realn.bam
HCM-BROD-0121-C41-85B-01D-A78L-36,cc09202a-830b-445a-ba65-431879b21208_wgs_gdc_realn.bam,/gpfs/commons/projects/TCGA/gdc-awg/HCMI/WGS/Project_NYGC_15336_B01_SOM_WGS_AnalysisOnly/Sample_HCM-BROD-0121-C41-85B-01D-A78L-36/analysis/HCM-BROD-0121-C41-85B-01D-A78L-36.final.bam,/gpfs/commons/projects/HCMI/wgs/c299b4cb-c5c0-4200-a693-7eb64e5525bf/cc09202a-830b-445a-ba65-431879b21208_wgs_gdc_realn.bam
HCM-CSHL-0698-C06-10A-01D-A85K-36,209a90d9-a9cb-4284-a36f-9c7b8bc9f684_wgs_gdc_realn.bam,/gpfs/commons/projects/TCGA/gdc-awg/HCMI/WGS/Project_NYGC_15336_B01_SOM_WGS_AnalysisOnly/Sample_HCM-CSHL-0698-C06-10A-01D-A85K-36/analysis/HCM-CSHL-0698-C06-10A-01D-A85K-36.final.bam,/gpfs/commons/projects/HCMI/wgs/fb91ca6e-fe3e-4fe3-ba44-10c8b83b708c/209a90d9-a9cb-4284-a36f-9c7b8bc9f684_wgs_gdc_realn.bam
HCM-BROD-0129-C25-10A-01D-A85K-36,2b96b908-b537-4af7-8f0a-f06320c60ed4_wgs_gdc_realn.bam,/gpfs/commons/projects/TCGA/gdc-awg/HCMI/WGS/Project_NYGC_15336_B01_SOM_WGS_AnalysisOnly/Sample_HCM-BROD-0129-C25-10A-01D-A85K-36/analysis/HCM-BROD-0129-C25-10A-01D-A85K-36.final.bam,/gpfs/commons/projects/HCMI/wgs/a089c04f-7e8b-4388-807e-244d1e08745e/2b96b908-b537-4af7-8f0a-f06320c60ed4_wgs_gdc_realn.bam
HCM-BROD-0197-C71-10A-01D-A78T-36,e53ea0f4-e7d4-45c1-9ced-08790e1ed932_wgs_gdc_realn.bam,/gpfs/commons/projects/TCGA/gdc-awg/HCMI/WGS/Project_NYGC_15336_B01_SOM_WGS_AnalysisOnly/Sample_HCM-BROD-0197-C71-10A-01D-A78T-36/analysis/HCM-BROD-0197-C71-10A-01D-A78T-36.final.bam,/gpfs/commons/projects/HCMI/wgs/0d7646f1-31ce-4b8a-9e5d-c288a37b9f8e/e53ea0f4-e7d4-45c1-9ced-08790e1ed932_wgs_gdc_realn.bam
HCM-CSHL-0318-C18-85B-01D-A82H-36,a393078f-b77e-4314-a1e3-086fab07b25d_wgs_gdc_realn.bam,/gpfs/commons/projects/TCGA/gdc-awg/HCMI/WGS/Project_NYGC_15336_B01_SOM_WGS_AnalysisOnly/Sample_HCM-CSHL-0318-C18-85B-01D-A82H-36/analysis/HCM-CSHL-0318-C18-85B-01D-A82H-36.final.bam,/gpfs/commons/projects/HCMI/wgs/ea0706ee-a10a-4671-95d8-5c6aeab90c2b/a393078f-b77e-4314-a1e3-086fab07b25d_wgs_gdc_realn.bam
HCM-BROD-0417-C71-85A-01D-A82H-36,4ab4aa55-8f18-4c83-b24b-9664b43c98ba_wgs_gdc_realn.bam,/gpfs/commons/projects/TCGA/gdc-awg/HCMI/WGS/Project_NYGC_15336_B01_SOM_WGS_AnalysisOnly/Sample_HCM-BROD-0417-C71-85A-01D-A82H-36/analysis/HCM-BROD-0417-C71-85A-01D-A82H-36.final.bam,/gpfs/commons/projects/HCMI/wgs/044a966c-93a6-41da-b14f-6f1149bb0555/4ab4aa55-8f18-4c83-b24b-9664b43c98ba_wgs_gdc_realn.bam
HCM-BROD-0051-C64-06B-01D-A79L-36,f42ee8e8-384a-41e2-afa0-614539b695a0_wgs_gdc_realn.bam,/gpfs/commons/projects/TCGA/gdc-awg/HCMI/WGS/Project_NYGC_15336_B01_SOM_WGS_AnalysisOnly/Sample_HCM-BROD-0051-C64-06B-01D-A79L-36/analysis/HCM-BROD-0051-C64-06B-01D-A79L-36.final.bam,/gpfs/commons/projects/HCMI/wgs/70b8176b-cd15-4ae5-a361-21c0d1e36b82/f42ee8e8-384a-41e2-afa0-614539b695a0_wgs_gdc_realn.bam
HCM-BROD-0557-C43-06A-11D-A80U-36,a8eb1adc-2ae7-423f-9c86-2a4ac6cf7c23_wgs_gdc_realn.bam,/gpfs/commons/projects/TCGA/gdc-awg/HCMI/WGS/Project_NYGC_15336_B01_SOM_WGS_AnalysisOnly/Sample_HCM-BROD-0557-C43-06A-11D-A80U-36/analysis/HCM-BROD-0557-C43-06A-11D-A80U-36.final.bam,/gpfs/commons/projects/HCMI/wgs/59c2a703-ea18-496d-84ba-33842fdff715/a8eb1adc-2ae7-423f-9c86-2a4ac6cf7c23_wgs_gdc_realn.bam
HCM-BROD-0831-C71-01A-11D-A85K-36,286e749e-8f22-45f0-b1d7-fda905afe210_wgs_gdc_realn.bam,/gpfs/commons/projects/TCGA/gdc-awg/HCMI/WGS/Project_NYGC_15336_B01_SOM_WGS_AnalysisOnly/Sample_HCM-BROD-0831-C71-01A-11D-A85K-36/analysis/HCM-BROD-0831-C71-01A-11D-A85K-36.final.bam,/gpfs/commons/projects/HCMI/wgs/5d35d464-9f30-4918-93dd-259bb52bd173/286e749e-8f22-45f0-b1d7-fda905afe210_wgs_gdc_realn.bam
HCM-SANG-0269-C18-85A-01D-A79M-36,e3ad6046-f475-43fd-aef9-38361c32b40e_wgs_gdc_realn.bam,/gpfs/commons/projects/TCGA/gdc-awg/HCMI/WGS/Project_NYGC_15336_B01_SOM_WGS_AnalysisOnly/Sample_HCM-SANG-0269-C18-85A-01D-A79M-36/analysis/HCM-SANG-0269-C18-85A-01D-A79M-36.final.bam,/gpfs/commons/projects/HCMI/wgs/3a85fd27-1d4b-414e-82ab-363cc63a9d2b/e3ad6046-f475-43fd-aef9-38361c32b40e_wgs_gdc_realn.bam
HCM-BROD-0194-C15-85B-01D-A79C-36,7d4addfc-a3be-447e-8c4a-ed417f19cb07_wgs_gdc_realn.bam,/gpfs/commons/projects/TCGA/gdc-awg/HCMI/WGS/Project_NYGC_15336_B01_SOM_WGS_AnalysisOnly/Sample_HCM-BROD-0194-C15-85B-01D-A79C-36/analysis/HCM-BROD-0194-C15-85B-01D-A79C-36.final.bam,/gpfs/commons/projects/HCMI/wgs/ce159ce5-3783-491d-a1f2-0d2ce8e2ca78/7d4addfc-a3be-447e-8c4a-ed417f19cb07_wgs_gdc_realn.bam
HCM-CSHL-0147-C24-85A-01D-A77E-36,4e6cf6a5-fc31-463d-8a6c-d26c5cb73f69_wgs_gdc_realn.bam,/gpfs/commons/projects/TCGA/gdc-awg/HCMI/WGS/Project_NYGC_15336_B01_SOM_WGS_AnalysisOnly/Sample_HCM-CSHL-0147-C24-85A-01D-A77E-36/analysis/HCM-CSHL-0147-C24-85A-01D-A77E-36.final.bam,/gpfs/commons/projects/HCMI/wgs/0317fe0c-3e38-4828-ab49-2f4583d56564/4e6cf6a5-fc31-463d-8a6c-d26c5cb73f69_wgs_gdc_realn.bam
HCM-CSHL-0740-C18-06A-11D-A83U-36,02bf8d04-8db9-403b-8c09-530cfac13ab1_wgs_gdc_realn.bam,/gpfs/commons/projects/TCGA/gdc-awg/HCMI/WGS/Project_NYGC_15336_B01_SOM_WGS_AnalysisOnly/Sample_HCM-CSHL-0740-C18-06A-11D-A83U-36/analysis/HCM-CSHL-0740-C18-06A-11D-A83U-36.final.bam,/gpfs/commons/projects/HCMI/wgs/9ae878c1-4158-43b3-94c9-9e8345b3868d/02bf8d04-8db9-403b-8c09-530cfac13ab1_wgs_gdc_realn.bam
HCM-SANG-0280-C18-10A-01D-A79M-36,1999c70e-d96c-40ac-b139-4a7d537ee13f_wgs_gdc_realn.bam,/gpfs/commons/projects/TCGA/gdc-awg/HCMI/WGS/Project_NYGC_15336_B01_SOM_WGS_AnalysisOnly/Sample_HCM-SANG-0280-C18-10A-01D-A79M-36/analysis/HCM-SANG-0280-C18-10A-01D-A79M-36.final.bam,/gpfs/commons/projects/HCMI/wgs/844ccc58-1542-43f2-b6e4-2952140256ba/1999c70e-d96c-40ac-b139-4a7d537ee13f_wgs_gdc_realn.bam
HCM-CSHL-0161-C18-85B-01D-A78T-36,8bab74c5-7106-4d9f-a43e-47558bbe8e4b_wgs_gdc_realn.bam,/gpfs/commons/projects/TCGA/gdc-awg/HCMI/WGS/Project_NYGC_15336_B01_SOM_WGS_AnalysisOnly/Sample_HCM-CSHL-0161-C18-85B-01D-A78T-36/analysis/HCM-CSHL-0161-C18-85B-01D-A78T-36.final.bam,/gpfs/commons/projects/HCMI/wgs/70f4ba8d-055c-493a-8c04-f86216b8b0f0/8bab74c5-7106-4d9f-a43e-47558bbe8e4b_wgs_gdc_realn.bam
HCM-CSHL-0059-C25-01A-11D-A77E-36,9cd76784-2023-40fa-a0ca-3fc5d848a183_wgs_gdc_realn.bam,/gpfs/commons/projects/TCGA/gdc-awg/HCMI/WGS/Project_NYGC_15336_B01_SOM_WGS_AnalysisOnly/Sample_HCM-CSHL-0059-C25-01A-11D-A77E-36/analysis/HCM-CSHL-0059-C25-01A-11D-A77E-36.final.bam,/gpfs/commons/projects/HCMI/wgs/6ba32417-afb0-4811-8866-56eb206a3298/9cd76784-2023-40fa-a0ca-3fc5d848a183_wgs_gdc_realn.bam
HCM-BROD-0210-C71-10A-01D-A78T-36,c24ba203-53ba-4fe1-97c4-152b45d44c39_wgs_gdc_realn.bam,/gpfs/commons/projects/TCGA/gdc-awg/HCMI/WGS/Project_NYGC_15336_B01_SOM_WGS_AnalysisOnly/Sample_HCM-BROD-0210-C71-10A-01D-A78T-36/analysis/HCM-BROD-0210-C71-10A-01D-A78T-36.final.bam,/gpfs/commons/projects/HCMI/wgs/a37c1cb5-7943-42d5-851c-d11d780c1eae/c24ba203-53ba-4fe1-97c4-152b45d44c39_wgs_gdc_realn.bam
HCM-WCMC-0675-C67-10A-01D-A83U-36,9a6ff666-ac01-4788-9863-dbca5589d4db_wgs_gdc_realn.bam,/gpfs/commons/projects/TCGA/gdc-awg/HCMI/WGS/Project_NYGC_15336_B01_SOM_WGS_AnalysisOnly/Sample_HCM-WCMC-0675-C67-10A-01D-A83U-36/analysis/HCM-WCMC-0675-C67-10A-01D-A83U-36.final.bam,/gpfs/commons/projects/HCMI/wgs/4c21e205-671f-4f7c-b1fe-0c9fb0e72733/9a6ff666-ac01-4788-9863-dbca5589d4db_wgs_gdc_realn.bam
HCM-CSHL-0186-C25-85A-01D-A79M-36,a63eb18f-392e-421d-9c8a-227c10798318_wgs_gdc_realn.bam,/gpfs/commons/projects/TCGA/gdc-awg/HCMI/WGS/Project_NYGC_15336_B01_SOM_WGS_AnalysisOnly/Sample_HCM-CSHL-0186-C25-85A-01D-A79M-36/analysis/HCM-CSHL-0186-C25-85A-01D-A79M-36.final.bam,/gpfs/commons/projects/HCMI/wgs/339a0739-da55-4529-a285-ef22f705e850/a63eb18f-392e-421d-9c8a-227c10798318_wgs_gdc_realn.bam
HCM-CSHL-0063-C18-01A-01D-A768-36,59de7b9b-130a-416a-81aa-a32eb6cbd59d_wgs_gdc_realn.bam,/gpfs/commons/projects/TCGA/gdc-awg/HCMI/WGS/Project_NYGC_15336_B01_SOM_WGS_AnalysisOnly/Sample_HCM-CSHL-0063-C18-01A-01D-A768-36/analysis/HCM-CSHL-0063-C18-01A-01D-A768-36.final.bam,/gpfs/commons/projects/HCMI/wgs/34143e4b-9991-424f-97d9-794bc56d7c9e/59de7b9b-130a-416a-81aa-a32eb6cbd59d_wgs_gdc_realn.bam
HCM-SANG-0277-C18-10A-01D-A79M-36,bead134f-1c49-4cde-a731-8b5311b80e11_wgs_gdc_realn.bam,/gpfs/commons/projects/TCGA/gdc-awg/HCMI/WGS/Project_NYGC_15336_B01_SOM_WGS_AnalysisOnly/Sample_HCM-SANG-0277-C18-10A-01D-A79M-36/analysis/HCM-SANG-0277-C18-10A-01D-A79M-36.final.bam,/gpfs/commons/projects/HCMI/wgs/e564e93b-fc04-4672-89f0-f0c477a3eebd/bead134f-1c49-4cde-a731-8b5311b80e11_wgs_gdc_realn.bam
HCM-BROD-0555-C15-85M-01D-A80U-36,1632077f-d3ee-4cae-b545-7d54d6bf02fc_wgs_gdc_realn.bam,/gpfs/commons/projects/TCGA/gdc-awg/HCMI/WGS/Project_NYGC_15336_B01_SOM_WGS_AnalysisOnly/Sample_HCM-BROD-0555-C15-85M-01D-A80U-36/analysis/HCM-BROD-0555-C15-85M-01D-A80U-36.final.bam,/gpfs/commons/projects/HCMI/wgs/48bdfc6f-14ab-4de7-baf0-5a3aeec46d62/1632077f-d3ee-4cae-b545-7d54d6bf02fc_wgs_gdc_realn.bam
HCM-CSHL-0075-C25-10A-01D-A78L-36,2e50fe68-a73f-4d83-9634-7509967d384c_wgs_gdc_realn.bam,/gpfs/commons/projects/TCGA/gdc-awg/HCMI/WGS/Project_NYGC_15336_B01_SOM_WGS_AnalysisOnly/Sample_HCM-CSHL-0075-C25-10A-01D-A78L-36/analysis/HCM-CSHL-0075-C25-10A-01D-A78L-36.final.bam,/gpfs/commons/projects/HCMI/wgs/0261bab7-9bd6-4780-a4d1-a53e03985c25/2e50fe68-a73f-4d83-9634-7509967d384c_wgs_gdc_realn.bam
HCM-CSHL-0373-C25-01A-21D-A79M-36,5cf87a32-5d6a-4c51-837c-afca110070c1_wgs_gdc_realn.bam,/gpfs/commons/projects/TCGA/gdc-awg/HCMI/WGS/Project_NYGC_15336_B01_SOM_WGS_AnalysisOnly/Sample_HCM-CSHL-0373-C25-01A-21D-A79M-36/analysis/HCM-CSHL-0373-C25-01A-21D-A79M-36.final.bam,/gpfs/commons/projects/HCMI/wgs/def29065-73be-48c3-bdf7-ad303c1e9794/5cf87a32-5d6a-4c51-837c-afca110070c1_wgs_gdc_realn.bam
HCM-BROD-0481-C43-85M,21fecba2-d4fa-4eac-a016-638103751db3_wgs_gdc_realn.bam,/gpfs/commons/projects/TCGA/gdc-awg/HCMI/WGS/Project_NYGC_15336_B01_SOM_WGS_AnalysisOnly/Sample_HCM-BROD-0481-C43-85M/analysis/HCM-BROD-0481-C43-85M.final.bam,/gpfs/commons/projects/HCMI/wgs/84a243f8-b04f-4c0e-94c7-01a7f0793dce/21fecba2-d4fa-4eac-a016-638103751db3_wgs_gdc_realn.bam
HCM-SANG-0311-C15-10B-01D-A79N-36,147164c9-839f-4fe2-bed3-f4622386d461_wgs_gdc_realn.bam,/gpfs/commons/projects/TCGA/gdc-awg/HCMI/WGS/Project_NYGC_15336_B01_SOM_WGS_AnalysisOnly/Sample_HCM-SANG-0311-C15-10B-01D-A79N-36/analysis/HCM-SANG-0311-C15-10B-01D-A79N-36.final.bam,/gpfs/commons/projects/HCMI/wgs/9e4e491f-3a94-4e05-b41b-f130983b6216/147164c9-839f-4fe2-bed3-f4622386d461_wgs_gdc_realn.bam
HCM-SANG-0272-C20-10A-01D-A79M-36,1caf6bdf-8696-4cbf-a8a4-df207d6a8265_wgs_gdc_realn.bam,/gpfs/commons/projects/TCGA/gdc-awg/HCMI/WGS/Project_NYGC_15336_B01_SOM_WGS_AnalysisOnly/Sample_HCM-SANG-0272-C20-10A-01D-A79M-36/analysis/HCM-SANG-0272-C20-10A-01D-A79M-36.final.bam,/gpfs/commons/projects/HCMI/wgs/f3dc3bd7-90dc-49a6-8330-5dc6f07f181b/1caf6bdf-8696-4cbf-a8a4-df207d6a8265_wgs_gdc_realn.bam
HCM-CSHL-0459-C17-85A-01D-A79C-36,a0569e5c-8db6-449a-9db9-b6ff47b03294_wgs_gdc_realn.bam,/gpfs/commons/projects/TCGA/gdc-awg/HCMI/WGS/Project_NYGC_15336_B01_SOM_WGS_AnalysisOnly/Sample_HCM-CSHL-0459-C17-85A-01D-A79C-36/analysis/HCM-CSHL-0459-C17-85A-01D-A79C-36.final.bam,/gpfs/commons/projects/HCMI/wgs/ee3e0d47-136c-4bba-ad88-96b481b4e065/a0569e5c-8db6-449a-9db9-b6ff47b03294_wgs_gdc_realn.bam
HCM-CSHL-0076-C25-10A-01D-A786-36,be37adbc-1cc0-4982-bb06-24daecacdfeb_wgs_gdc_realn.bam,/gpfs/commons/projects/TCGA/gdc-awg/HCMI/WGS/Project_NYGC_15336_B01_SOM_WGS_AnalysisOnly/Sample_HCM-CSHL-0076-C25-10A-01D-A786-36/analysis/HCM-CSHL-0076-C25-10A-01D-A786-36.final.bam,/gpfs/commons/projects/HCMI/wgs/d774f0af-2412-41b1-90bc-cf44f5b2ef0c/be37adbc-1cc0-4982-bb06-24daecacdfeb_wgs_gdc_realn.bam
HCM-BROD-0716-C43-85N-01D-A83U-36,87afffdd-0116-4577-944d-826f0539cf96_wgs_gdc_realn.bam,/gpfs/commons/projects/TCGA/gdc-awg/HCMI/WGS/Project_NYGC_15336_B01_SOM_WGS_AnalysisOnly/Sample_HCM-BROD-0716-C43-85N-01D-A83U-36/analysis/HCM-BROD-0716-C43-85N-01D-A83U-36.final.bam,/gpfs/commons/projects/HCMI/wgs/8d3c9b4b-f88c-4168-b447-5e04656245e5/87afffdd-0116-4577-944d-826f0539cf96_wgs_gdc_realn.bam
HCM-BROD-0100-C15-10A-01D-A786-36,c451eae5-d9fe-4cc2-9e0d-d8af6aa517c3_wgs_gdc_realn.bam,/gpfs/commons/projects/TCGA/gdc-awg/HCMI/WGS/Project_NYGC_15336_B01_SOM_WGS_AnalysisOnly/Sample_HCM-BROD-0100-C15-10A-01D-A786-36/analysis/HCM-BROD-0100-C15-10A-01D-A786-36.final.bam,/gpfs/commons/projects/HCMI/wgs/e7fefbfa-5f42-441f-b962-b4e122b319b6/c451eae5-d9fe-4cc2-9e0d-d8af6aa517c3_wgs_gdc_realn.bam
HCM-BROD-0206-C25-10A-01D-A79L-36,11aa6317-cfa5-46df-b19b-7d7f1318c33f_wgs_gdc_realn.bam,/gpfs/commons/projects/TCGA/gdc-awg/HCMI/WGS/Project_NYGC_15336_B01_SOM_WGS_AnalysisOnly/Sample_HCM-BROD-0206-C25-10A-01D-A79L-36/analysis/HCM-BROD-0206-C25-10A-01D-A79L-36.final.bam,/gpfs/commons/projects/HCMI/wgs/d7dd2081-514d-44f6-9fe3-22c946efe4f3/11aa6317-cfa5-46df-b19b-7d7f1318c33f_wgs_gdc_realn.bam
HCM-BROD-0709-C64-85B-01D-A85K-36,c7e73dff-414c-4cda-bd35-761018fc4688_wgs_gdc_realn.bam,/gpfs/commons/projects/TCGA/gdc-awg/HCMI/WGS/Project_NYGC_15336_B01_SOM_WGS_AnalysisOnly/Sample_HCM-BROD-0709-C64-85B-01D-A85K-36/analysis/HCM-BROD-0709-C64-85B-01D-A85K-36.final.bam,/gpfs/commons/projects/HCMI/wgs/6d469893-9978-44fa-aba7-7e1029f460a8/c7e73dff-414c-4cda-bd35-761018fc4688_wgs_gdc_realn.bam
HCM-BROD-0420-C71-85R-01D-A82H-36,cc3d09e8-d3c7-493e-adb0-e321253c8c9a_wgs_gdc_realn.bam,/gpfs/commons/projects/TCGA/gdc-awg/HCMI/WGS/Project_NYGC_15336_B01_SOM_WGS_AnalysisOnly/Sample_HCM-BROD-0420-C71-85R-01D-A82H-36/analysis/HCM-BROD-0420-C71-85R-01D-A82H-36.final.bam,/gpfs/commons/projects/HCMI/wgs/8d8e3130-48a6-4ffe-94ee-609555a1fe80/cc3d09e8-d3c7-493e-adb0-e321253c8c9a_wgs_gdc_realn.bam
HCM-CSHL-0382-C19-10A-01D-A78T-36,6854f048-8d6c-45d5-ba61-940d22226326_wgs_gdc_realn.bam,/gpfs/commons/projects/TCGA/gdc-awg/HCMI/WGS/Project_NYGC_15336_B01_SOM_WGS_AnalysisOnly/Sample_HCM-CSHL-0382-C19-10A-01D-A78T-36/analysis/HCM-CSHL-0382-C19-10A-01D-A78T-36.final.bam,/gpfs/commons/projects/HCMI/wgs/b7b43ad0-264b-4a77-88f2-f137238e42da/6854f048-8d6c-45d5-ba61-940d22226326_wgs_gdc_realn.bam
HCM-BROD-0695-C71-85R-01D-A83U-36,4354343b-fe0b-4cd6-82df-522ce485036e_wgs_gdc_realn.bam,/gpfs/commons/projects/TCGA/gdc-awg/HCMI/WGS/Project_NYGC_15336_B01_SOM_WGS_AnalysisOnly/Sample_HCM-BROD-0695-C71-85R-01D-A83U-36/analysis/HCM-BROD-0695-C71-85R-01D-A83U-36.final.bam,/gpfs/commons/projects/HCMI/wgs/2d4fae5b-7351-4a0a-9042-4a073399e1c1/4354343b-fe0b-4cd6-82df-522ce485036e_wgs_gdc_realn.bam
HCM-CSHL-0061-C18-10A-01D-A768-36,2814430b-d779-4b7e-8305-2d911715d8ca_wgs_gdc_realn.bam,/gpfs/commons/projects/TCGA/gdc-awg/HCMI/WGS/Project_NYGC_15336_B01_SOM_WGS_AnalysisOnly/Sample_HCM-CSHL-0061-C18-10A-01D-A768-36/analysis/HCM-CSHL-0061-C18-10A-01D-A768-36.final.bam,/gpfs/commons/projects/HCMI/wgs/18b72fa4-5c8f-4426-bb08-a2e10694e0a1/2814430b-d779-4b7e-8305-2d911715d8ca_wgs_gdc_realn.bam
HCM-CSHL-0726-C18-10A-01D-A85C-36,7fb869c8-3f01-4fe6-ab7e-c9e5deadbd4d_wgs_gdc_realn.bam,/gpfs/commons/projects/TCGA/gdc-awg/HCMI/WGS/Project_NYGC_15336_B01_SOM_WGS_AnalysisOnly/Sample_HCM-CSHL-0726-C18-10A-01D-A85C-36/analysis/HCM-CSHL-0726-C18-10A-01D-A85C-36.final.bam,/gpfs/commons/projects/HCMI/wgs/7e699298-ba05-4c27-af1e-863b7fce6d44/7fb869c8-3f01-4fe6-ab7e-c9e5deadbd4d_wgs_gdc_realn.bam
HCM-CSHL-0727-C18-85M-01D-A82I-36,eef452f9-90f9-42c6-bbcb-797505d9c1d6_wgs_gdc_realn.bam,/gpfs/commons/projects/TCGA/gdc-awg/HCMI/WGS/Project_NYGC_15336_B01_SOM_WGS_AnalysisOnly/Sample_HCM-CSHL-0727-C18-85M-01D-A82I-36/analysis/HCM-CSHL-0727-C18-85M-01D-A82I-36.final.bam,/gpfs/commons/projects/HCMI/wgs/5e6ab63d-439b-4f97-b24f-d7cf04c92e5f/eef452f9-90f9-42c6-bbcb-797505d9c1d6_wgs_gdc_realn.bam
HCM-BROD-0016-C25-10B-01D-A79C-36,44d8a66d-6e64-4c9c-bd93-bf15750fc2ff_wgs_gdc_realn.bam,/gpfs/commons/projects/TCGA/gdc-awg/HCMI/WGS/Project_NYGC_15336_B01_SOM_WGS_AnalysisOnly/Sample_HCM-BROD-0016-C25-10B-01D-A79C-36/analysis/HCM-BROD-0016-C25-10B-01D-A79C-36.final.bam,/gpfs/commons/projects/HCMI/wgs/7880680a-97ac-4d8d-a729-8decce0eafae/44d8a66d-6e64-4c9c-bd93-bf15750fc2ff_wgs_gdc_realn.bam
HCM-SANG-0278-C20-10A-01D-A79M-36,d1fac2ed-d0fe-4542-be14-517d1c0f1be0_wgs_gdc_realn.bam,/gpfs/commons/projects/TCGA/gdc-awg/HCMI/WGS/Project_NYGC_15336_B01_SOM_WGS_AnalysisOnly/Sample_HCM-SANG-0278-C20-10A-01D-A79M-36/analysis/HCM-SANG-0278-C20-10A-01D-A79M-36.final.bam,/gpfs/commons/projects/HCMI/wgs/1749969e-0019-4188-82d6-d867436338a5/d1fac2ed-d0fe-4542-be14-517d1c0f1be0_wgs_gdc_realn.bam
HCM-BROD-0644-C25-06B-01D-A83U-36,3f0a435a-7475-44e5-8779-6777a44eae60_wgs_gdc_realn.bam,/gpfs/commons/projects/TCGA/gdc-awg/HCMI/WGS/Project_NYGC_15336_B01_SOM_WGS_AnalysisOnly/Sample_HCM-BROD-0644-C25-06B-01D-A83U-36/analysis/HCM-BROD-0644-C25-06B-01D-A83U-36.final.bam,/gpfs/commons/projects/HCMI/wgs/2d4f0dd3-ff79-45c2-8455-fc8b58ef8465/3f0a435a-7475-44e5-8779-6777a44eae60_wgs_gdc_realn.bam
HCM-SANG-0310-C15-85A-01D-A78U-36,0b54fb0f-ea5e-48b5-9efd-c7ab6fe07ac2_wgs_gdc_realn.bam,/gpfs/commons/projects/TCGA/gdc-awg/HCMI/WGS/Project_NYGC_15336_B01_SOM_WGS_AnalysisOnly/Sample_HCM-SANG-0310-C15-85A-01D-A78U-36/analysis/HCM-SANG-0310-C15-85A-01D-A78U-36.final.bam,/gpfs/commons/projects/HCMI/wgs/6b4b90bb-1c23-437d-96ef-bb5313f4285c/0b54fb0f-ea5e-48b5-9efd-c7ab6fe07ac2_wgs_gdc_realn.bam
HCM-BROD-0411-C25-85M-01D-A78T-36,7e6d0317-054a-4a84-9b2d-c3facd94daae_wgs_gdc_realn.bam,/gpfs/commons/projects/TCGA/gdc-awg/HCMI/WGS/Project_NYGC_15336_B01_SOM_WGS_AnalysisOnly/Sample_HCM-BROD-0411-C25-85M-01D-A78T-36/analysis/HCM-BROD-0411-C25-85M-01D-A78T-36.final.bam,/gpfs/commons/projects/HCMI/wgs/add878cc-9067-40d1-9e12-fb93a55bb343/7e6d0317-054a-4a84-9b2d-c3facd94daae_wgs_gdc_realn.bam
HCM-CSHL-0773-C50-10A-01D-A85K-36,d5b78067-b5fe-4c35-83b6-3455a914672e_wgs_gdc_realn.bam,/gpfs/commons/projects/TCGA/gdc-awg/HCMI/WGS/Project_NYGC_15336_B01_SOM_WGS_AnalysisOnly/Sample_HCM-CSHL-0773-C50-10A-01D-A85K-36/analysis/HCM-CSHL-0773-C50-10A-01D-A85K-36.final.bam,/gpfs/commons/projects/HCMI/wgs/5a20f0d2-f9eb-4cc0-bba6-b80d0843d7e6/d5b78067-b5fe-4c35-83b6-3455a914672e_wgs_gdc_realn.bam
HCM-CSHL-0617-C22-85A-01D-A85K-36,945630e0-713a-47cc-a519-d5b10c3fc115_wgs_gdc_realn.bam,/gpfs/commons/projects/TCGA/gdc-awg/HCMI/WGS/Project_NYGC_15336_B01_SOM_WGS_AnalysisOnly/Sample_HCM-CSHL-0617-C22-85A-01D-A85K-36/analysis/HCM-CSHL-0617-C22-85A-01D-A85K-36.final.bam,/gpfs/commons/projects/HCMI/wgs/ae4c49dc-46b0-49cc-bd2a-7ff473075284/945630e0-713a-47cc-a519-d5b10c3fc115_wgs_gdc_realn.bam
HCM-BROD-0020-C15-10A-01D-A79L-36,6642e6bf-a037-4eb2-8ec3-0ece85b512b9_wgs_gdc_realn.bam,/gpfs/commons/projects/TCGA/gdc-awg/HCMI/WGS/Project_NYGC_15336_B01_SOM_WGS_AnalysisOnly/Sample_HCM-BROD-0020-C15-10A-01D-A79L-36/analysis/HCM-BROD-0020-C15-10A-01D-A79L-36.final.bam,/gpfs/commons/projects/HCMI/wgs/e2c2c66a-a2f0-4b73-9e6b-18539599d1bb/6642e6bf-a037-4eb2-8ec3-0ece85b512b9_wgs_gdc_realn.bam
HCM-BROD-0648-C71-10A-01D-A83U-36,52a7de54-7c0f-4dd1-bcd9-2997d0640f0e_wgs_gdc_realn.bam,/gpfs/commons/projects/TCGA/gdc-awg/HCMI/WGS/Project_NYGC_15336_B01_SOM_WGS_AnalysisOnly/Sample_HCM-BROD-0648-C71-10A-01D-A83U-36/analysis/HCM-BROD-0648-C71-10A-01D-A83U-36.final.bam,/gpfs/commons/projects/HCMI/wgs/8bf59f75-0e7f-4f4d-a9e3-71c0ec5e9c83/52a7de54-7c0f-4dd1-bcd9-2997d0640f0e_wgs_gdc_realn.bam
HCM-CSHL-0654-C26-06A-11D-A82H-36,78cfef32-bb02-431f-ae7a-7d255482e421_wgs_gdc_realn.bam,/gpfs/commons/projects/TCGA/gdc-awg/HCMI/WGS/Project_NYGC_15336_B01_SOM_WGS_AnalysisOnly/Sample_HCM-CSHL-0654-C26-06A-11D-A82H-36/analysis/HCM-CSHL-0654-C26-06A-11D-A82H-36.final.bam,/gpfs/commons/projects/HCMI/wgs/72cce208-4eab-4c8b-81db-458c9554bedd/78cfef32-bb02-431f-ae7a-7d255482e421_wgs_gdc_realn.bam
HCM-BROD-0701-C43-10A-01D-A83U-36,58abe6d5-4f00-4e05-8188-b5c3cce35aa5_wgs_gdc_realn.bam,/gpfs/commons/projects/TCGA/gdc-awg/HCMI/WGS/Project_NYGC_15336_B01_SOM_WGS_AnalysisOnly/Sample_HCM-BROD-0701-C43-10A-01D-A83U-36/analysis/HCM-BROD-0701-C43-10A-01D-A83U-36.final.bam,/gpfs/commons/projects/HCMI/wgs/ee7a3fec-119d-446b-adb2-7705bc603f32/58abe6d5-4f00-4e05-8188-b5c3cce35aa5_wgs_gdc_realn.bam
HCM-WCMC-0673-C56-01A-10D-A85C-36,0b9bdbb4-92d2-4d19-86c0-0e2e9fe89599_wgs_gdc_realn.bam,/gpfs/commons/projects/TCGA/gdc-awg/HCMI/WGS/Project_NYGC_15336_B01_SOM_WGS_AnalysisOnly/Sample_HCM-WCMC-0673-C56-01A-10D-A85C-36/analysis/HCM-WCMC-0673-C56-01A-10D-A85C-36.final.bam,/gpfs/commons/projects/HCMI/wgs/30da902a-b9af-42a1-828d-f76a093b4c96/0b9bdbb4-92d2-4d19-86c0-0e2e9fe89599_wgs_gdc_realn.bam
HCM-BROD-0098-C15-85A-01D-A79C-36,1ba62e0c-81f0-46e9-baf9-21c7e10f61a6_wgs_gdc_realn.bam,/gpfs/commons/projects/TCGA/gdc-awg/HCMI/WGS/Project_NYGC_15336_B01_SOM_WGS_AnalysisOnly/Sample_HCM-BROD-0098-C15-85A-01D-A79C-36/analysis/HCM-BROD-0098-C15-85A-01D-A79C-36.final.bam,/gpfs/commons/projects/HCMI/wgs/a23b7b63-98b3-4a94-b205-34d00b44cede/1ba62e0c-81f0-46e9-baf9-21c7e10f61a6_wgs_gdc_realn.bam
HCM-BROD-0129-C25-85C-01D-A85K-36,1793fa61-51f3-4c42-844e-8de5def7605e_wgs_gdc_realn.bam,/gpfs/commons/projects/TCGA/gdc-awg/HCMI/WGS/Project_NYGC_15336_B01_SOM_WGS_AnalysisOnly/Sample_HCM-BROD-0129-C25-85C-01D-A85K-36/analysis/HCM-BROD-0129-C25-85C-01D-A85K-36.final.bam,/gpfs/commons/projects/HCMI/wgs/83f84605-c22c-49bf-b394-ea9637c64b46/1793fa61-51f3-4c42-844e-8de5def7605e_wgs_gdc_realn.bam
HCM-CSHL-0509-C24-85A-01D-A82H-36,de6e727e-e350-4024-a42b-88c1496ba494_wgs_gdc_realn.bam,/gpfs/commons/projects/TCGA/gdc-awg/HCMI/WGS/Project_NYGC_15336_B01_SOM_WGS_AnalysisOnly/Sample_HCM-CSHL-0509-C24-85A-01D-A82H-36/analysis/HCM-CSHL-0509-C24-85A-01D-A82H-36.final.bam,/gpfs/commons/projects/HCMI/wgs/5b0a3ced-c3fe-4296-abe8-42f19e699d76/de6e727e-e350-4024-a42b-88c1496ba494_wgs_gdc_realn.bam
HCM-BROD-0232-C25-10A-01D-A79L-36,840ce498-3c67-40a8-a9ac-222b64c8c76b_wgs_gdc_realn.bam,/gpfs/commons/projects/TCGA/gdc-awg/HCMI/WGS/Project_NYGC_15336_B01_SOM_WGS_AnalysisOnly/Sample_HCM-BROD-0232-C25-10A-01D-A79L-36/analysis/HCM-BROD-0232-C25-10A-01D-A79L-36.final.bam,/gpfs/commons/projects/HCMI/wgs/24a03d11-c671-43ca-8e9e-d015375dce60/840ce498-3c67-40a8-a9ac-222b64c8c76b_wgs_gdc_realn.bam
HCM-BROD-0595-C43-10A-01D-A80U-36,f67de234-1628-4741-ba97-e32be6418945_wgs_gdc_realn.bam,/gpfs/commons/projects/TCGA/gdc-awg/HCMI/WGS/Project_NYGC_15336_B01_SOM_WGS_AnalysisOnly/Sample_HCM-BROD-0595-C43-10A-01D-A80U-36/analysis/HCM-BROD-0595-C43-10A-01D-A80U-36.final.bam,/gpfs/commons/projects/HCMI/wgs/319cd11f-d4b8-4e5e-a6a9-2b0a05836855/f67de234-1628-4741-ba97-e32be6418945_wgs_gdc_realn.bam
HCM-BROD-0106-C71-85A-01D-A79L-36,5ecc2e2e-8ff8-4f73-9111-3e504e4eabe0_wgs_gdc_realn.bam,/gpfs/commons/projects/TCGA/gdc-awg/HCMI/WGS/Project_NYGC_15336_B01_SOM_WGS_AnalysisOnly/Sample_HCM-BROD-0106-C71-85A-01D-A79L-36/analysis/HCM-BROD-0106-C71-85A-01D-A79L-36.final.bam,/gpfs/commons/projects/HCMI/wgs/5c1b2b4d-f354-4cdc-bb2a-520bb4b375c9/5ecc2e2e-8ff8-4f73-9111-3e504e4eabe0_wgs_gdc_realn.bam
HCM-BROD-0220-C15-10A-01D-A79C-36,9dd0af9f-4e3b-4e85-872d-029b87d49e8a_wgs_gdc_realn.bam,/gpfs/commons/projects/TCGA/gdc-awg/HCMI/WGS/Project_NYGC_15336_B01_SOM_WGS_AnalysisOnly/Sample_HCM-BROD-0220-C15-10A-01D-A79C-36/analysis/HCM-BROD-0220-C15-10A-01D-A79C-36.final.bam,/gpfs/commons/projects/HCMI/wgs/f0224794-8738-4544-ad69-2f2cb8456bb2/9dd0af9f-4e3b-4e85-872d-029b87d49e8a_wgs_gdc_realn.bam
HCM-CSHL-0366-C50-85B-01D-A78J-36,fac5d17c-20a1-412a-b294-f51d3961ef80_wgs_gdc_realn.bam,/gpfs/commons/projects/TCGA/gdc-awg/HCMI/WGS/Project_NYGC_15336_B01_SOM_WGS_AnalysisOnly/Sample_HCM-CSHL-0366-C50-85B-01D-A78J-36/analysis/HCM-CSHL-0366-C50-85B-01D-A78J-36.final.bam,/gpfs/commons/projects/HCMI/wgs/a52efd0e-42e1-4c0a-86bc-372aae8dd653/fac5d17c-20a1-412a-b294-f51d3961ef80_wgs_gdc_realn.bam
HCM-CSHL-0182-C25-85A-01D-A78L-36,569e15b7-c6a4-4f62-b260-da841b5f2b16_wgs_gdc_realn.bam,/gpfs/commons/projects/TCGA/gdc-awg/HCMI/WGS/Project_NYGC_15336_B01_SOM_WGS_AnalysisOnly/Sample_HCM-CSHL-0182-C25-85A-01D-A78L-36/analysis/HCM-CSHL-0182-C25-85A-01D-A78L-36.final.bam,/gpfs/commons/projects/HCMI/wgs/893d67c9-eb37-44e4-8db4-e64f6e164c22/569e15b7-c6a4-4f62-b260-da841b5f2b16_wgs_gdc_realn.bam
HCM-BROD-0685-C71-01A-01D-A85C-36,9456c0ec-3347-46dc-9e8f-450d39fc4bbe_wgs_gdc_realn.bam,/gpfs/commons/projects/TCGA/gdc-awg/HCMI/WGS/Project_NYGC_15336_B01_SOM_WGS_AnalysisOnly/Sample_HCM-BROD-0685-C71-01A-01D-A85C-36/analysis/HCM-BROD-0685-C71-01A-01D-A85C-36.final.bam,/gpfs/commons/projects/HCMI/wgs/b9b66af6-8f81-4ce7-8cb5-dfa6e027f0ab/9456c0ec-3347-46dc-9e8f-450d39fc4bbe_wgs_gdc_realn.bam
HCM-CSHL-0062-C18-10A-01D-A768-36,9406134d-9d7e-46cd-ab19-10023b419363_wgs_gdc_realn.bam,/gpfs/commons/projects/TCGA/gdc-awg/HCMI/WGS/Project_NYGC_15336_B01_SOM_WGS_AnalysisOnly/Sample_HCM-CSHL-0062-C18-10A-01D-A768-36/analysis/HCM-CSHL-0062-C18-10A-01D-A768-36.final.bam,/gpfs/commons/projects/HCMI/wgs/2ed160bf-0e1e-428e-8267-1ad15c02cf46/9406134d-9d7e-46cd-ab19-10023b419363_wgs_gdc_realn.bam
HCM-BROD-0219-C15-10A-01D-A80U-36,baf973c3-0cba-401b-b695-67165b661da9_wgs_gdc_realn.bam,/gpfs/commons/projects/TCGA/gdc-awg/HCMI/WGS/Project_NYGC_15336_B01_SOM_WGS_AnalysisOnly/Sample_HCM-BROD-0219-C15-10A-01D-A80U-36/analysis/HCM-BROD-0219-C15-10A-01D-A80U-36.final.bam,/gpfs/commons/projects/HCMI/wgs/7f9ef8e9-7e68-4b6a-821f-aa254004260b/baf973c3-0cba-401b-b695-67165b661da9_wgs_gdc_realn.bam
HCM-CSHL-0438-C18-10A-01D-A82H-36,379de9c3-f2a3-45c6-845a-dc6fd6196c67_wgs_gdc_realn.bam,/gpfs/commons/projects/TCGA/gdc-awg/HCMI/WGS/Project_NYGC_15336_B01_SOM_WGS_AnalysisOnly/Sample_HCM-CSHL-0438-C18-10A-01D-A82H-36/analysis/HCM-CSHL-0438-C18-10A-01D-A82H-36.final.bam,/gpfs/commons/projects/HCMI/wgs/142dc467-c2ce-48d1-b040-bd2a30be497e/379de9c3-f2a3-45c6-845a-dc6fd6196c67_wgs_gdc_realn.bam
HCM-BROD-0681-C71-02A-01D-A83U-36,b47fd25d-2f8e-4163-9c97-ccd3ab1f3544_wgs_gdc_realn.bam,/gpfs/commons/projects/TCGA/gdc-awg/HCMI/WGS/Project_NYGC_15336_B01_SOM_WGS_AnalysisOnly/Sample_HCM-BROD-0681-C71-02A-01D-A83U-36/analysis/HCM-BROD-0681-C71-02A-01D-A83U-36.final.bam,/gpfs/commons/projects/HCMI/wgs/3dbf77c5-a50e-4663-8141-0674b705a7fe/b47fd25d-2f8e-4163-9c97-ccd3ab1f3544_wgs_gdc_realn.bam
HCM-BROD-0644-C25-10A-01D-A83U-36,1ec464bb-2abd-4931-92fb-e33716f9d128_wgs_gdc_realn.bam,/gpfs/commons/projects/TCGA/gdc-awg/HCMI/WGS/Project_NYGC_15336_B01_SOM_WGS_AnalysisOnly/Sample_HCM-BROD-0644-C25-10A-01D-A83U-36/analysis/HCM-BROD-0644-C25-10A-01D-A83U-36.final.bam,/gpfs/commons/projects/HCMI/wgs/f7569302-b8db-43d1-8b74-6439c60cc020/1ec464bb-2abd-4931-92fb-e33716f9d128_wgs_gdc_realn.bam
HCM-BROD-0335-C43-85M-01D-A78T-36,06d1a983-858f-454a-9b0d-448bf29670cc_wgs_gdc_realn.bam,/gpfs/commons/projects/TCGA/gdc-awg/HCMI/WGS/Project_NYGC_15336_B01_SOM_WGS_AnalysisOnly/Sample_HCM-BROD-0335-C43-85M-01D-A78T-36/analysis/HCM-BROD-0335-C43-85M-01D-A78T-36.final.bam,/gpfs/commons/projects/HCMI/wgs/c5f37c55-4d82-4039-bc56-4332e2aad79b/06d1a983-858f-454a-9b0d-448bf29670cc_wgs_gdc_realn.bam
HCM-CSHL-0082-C25-10A-01D-A77E-36,f95b3f56-9a26-469a-b31d-0860db05f05c_wgs_gdc_realn.bam,/gpfs/commons/projects/TCGA/gdc-awg/HCMI/WGS/Project_NYGC_15336_B01_SOM_WGS_AnalysisOnly/Sample_HCM-CSHL-0082-C25-10A-01D-A77E-36/analysis/HCM-CSHL-0082-C25-10A-01D-A77E-36.final.bam,/gpfs/commons/projects/HCMI/wgs/4d13fdb0-55c0-47c9-96ee-131696491aab/f95b3f56-9a26-469a-b31d-0860db05f05c_wgs_gdc_realn.bam
HCM-BROD-0053-C49-85M-01D-A79C-36,915b6d49-c0aa-422e-9d2c-12cf4416a1dc_wgs_gdc_realn.bam,/gpfs/commons/projects/TCGA/gdc-awg/HCMI/WGS/Project_NYGC_15336_B01_SOM_WGS_AnalysisOnly/Sample_HCM-BROD-0053-C49-85M-01D-A79C-36/analysis/HCM-BROD-0053-C49-85M-01D-A79C-36.final.bam,/gpfs/commons/projects/HCMI/wgs/7189b467-f404-4a71-bfff-3fce4e918f95/915b6d49-c0aa-422e-9d2c-12cf4416a1dc_wgs_gdc_realn.bam
HCM-CSHL-0147-C24-01A-11D-A77E-36,c01a2f0e-951b-4aaa-97c7-a0140e405c78_wgs_gdc_realn.bam,/gpfs/commons/projects/TCGA/gdc-awg/HCMI/WGS/Project_NYGC_15336_B01_SOM_WGS_AnalysisOnly/Sample_HCM-CSHL-0147-C24-01A-11D-A77E-36/analysis/HCM-CSHL-0147-C24-01A-11D-A77E-36.final.bam,/gpfs/commons/projects/HCMI/wgs/fb237c47-127e-4f21-95ba-31533dcd3551/c01a2f0e-951b-4aaa-97c7-a0140e405c78_wgs_gdc_realn.bam
HCM-SANG-0307-C15-10A-01D-A79M-36,0d4c4e60-b573-4244-8e09-1b151c0c4153_wgs_gdc_realn.bam,/gpfs/commons/projects/TCGA/gdc-awg/HCMI/WGS/Project_NYGC_15336_B01_SOM_WGS_AnalysisOnly/Sample_HCM-SANG-0307-C15-10A-01D-A79M-36/analysis/HCM-SANG-0307-C15-10A-01D-A79M-36.final.bam,/gpfs/commons/projects/HCMI/wgs/585745e1-f3b3-497c-90e4-ce565d70e2c1/0d4c4e60-b573-4244-8e09-1b151c0c4153_wgs_gdc_realn.bam
HCM-SANG-0311-C15-85A-01D-A79N-36,ff499c87-2b1b-4a3e-b29a-87d322d92b92_wgs_gdc_realn.bam,/gpfs/commons/projects/TCGA/gdc-awg/HCMI/WGS/Project_NYGC_15336_B01_SOM_WGS_AnalysisOnly/Sample_HCM-SANG-0311-C15-85A-01D-A79N-36/analysis/HCM-SANG-0311-C15-85A-01D-A79N-36.final.bam,/gpfs/commons/projects/HCMI/wgs/20730c36-03ab-4227-a3c7-50fbde2bf291/ff499c87-2b1b-4a3e-b29a-87d322d92b92_wgs_gdc_realn.bam
HCM-BROD-0413-C25-85O-01D-A83U-36,067c2b12-7f6a-4ccb-b41a-ddbb2a5b5353_wgs_gdc_realn.bam,/gpfs/commons/projects/TCGA/gdc-awg/HCMI/WGS/Project_NYGC_15336_B01_SOM_WGS_AnalysisOnly/Sample_HCM-BROD-0413-C25-85O-01D-A83U-36/analysis/HCM-BROD-0413-C25-85O-01D-A83U-36.final.bam,/gpfs/commons/projects/HCMI/wgs/828aa2f6-3f13-4538-8b87-6b1a9e2f3294/067c2b12-7f6a-4ccb-b41a-ddbb2a5b5353_wgs_gdc_realn.bam
HCM-SANG-0306-C15-85A-01D-A78M-36,2b095f4b-8ab8-4599-8f2c-41368bc67a5b_wgs_gdc_realn.bam,/gpfs/commons/projects/TCGA/gdc-awg/HCMI/WGS/Project_NYGC_15336_B01_SOM_WGS_AnalysisOnly/Sample_HCM-SANG-0306-C15-85A-01D-A78M-36/analysis/HCM-SANG-0306-C15-85A-01D-A78M-36.final.bam,/gpfs/commons/projects/HCMI/wgs/940ddb75-7be0-41a1-b7bb-8092bf85fb66/2b095f4b-8ab8-4599-8f2c-41368bc67a5b_wgs_gdc_realn.bam
HCM-BROD-0758-C43-85N-01D-A85C-36,bb21ec5d-7bc0-4329-9315-7ce37379e7f0_wgs_gdc_realn.bam,/gpfs/commons/projects/TCGA/gdc-awg/HCMI/WGS/Project_NYGC_15336_B01_SOM_WGS_AnalysisOnly/Sample_HCM-BROD-0758-C43-85N-01D-A85C-36/analysis/HCM-BROD-0758-C43-85N-01D-A85C-36.final.bam,/gpfs/commons/projects/HCMI/wgs/1b17c2cf-e1f8-4dc3-9d22-eade56661590/bb21ec5d-7bc0-4329-9315-7ce37379e7f0_wgs_gdc_realn.bam
HCM-BROD-0450-C15-10A-01D-A79L-36,7f80d01c-306f-4965-910a-37d88fe7d9d4_wgs_gdc_realn.bam,/gpfs/commons/projects/TCGA/gdc-awg/HCMI/WGS/Project_NYGC_15336_B01_SOM_WGS_AnalysisOnly/Sample_HCM-BROD-0450-C15-10A-01D-A79L-36/analysis/HCM-BROD-0450-C15-10A-01D-A79L-36.final.bam,/gpfs/commons/projects/HCMI/wgs/905fa2b7-c23a-46c0-95d3-e8ce9ea60f32/7f80d01c-306f-4965-910a-37d88fe7d9d4_wgs_gdc_realn.bam
HCM-WCMC-0673-C56-85A-01D-A85C-36,a7f0139a-d936-4ac7-9e90-ed7e1c1ae371_wgs_gdc_realn.bam,/gpfs/commons/projects/TCGA/gdc-awg/HCMI/WGS/Project_NYGC_15336_B01_SOM_WGS_AnalysisOnly/Sample_HCM-WCMC-0673-C56-85A-01D-A85C-36/analysis/HCM-WCMC-0673-C56-85A-01D-A85C-36.final.bam,/gpfs/commons/projects/HCMI/wgs/ab7acac2-4c1d-41aa-9b0c-32165d38fef9/a7f0139a-d936-4ac7-9e90-ed7e1c1ae371_wgs_gdc_realn.bam
HCM-CSHL-0238-C18-85A-01D-A78L-36,b0054761-e210-4651-97e0-cdd2ce09f061_wgs_gdc_realn.bam,/gpfs/commons/projects/TCGA/gdc-awg/HCMI/WGS/Project_NYGC_15336_B01_SOM_WGS_AnalysisOnly/Sample_HCM-CSHL-0238-C18-85A-01D-A78L-36/analysis/HCM-CSHL-0238-C18-85A-01D-A78L-36.final.bam,/gpfs/commons/projects/HCMI/wgs/53bd9a5a-4c9c-415f-866b-93bc8da60e2e/b0054761-e210-4651-97e0-cdd2ce09f061_wgs_gdc_realn.bam
HCM-CSHL-0584-C19-06A-11D-A82H-36,55149a8d-9a7e-4c85-9280-23dea44dc4bc_wgs_gdc_realn.bam,/gpfs/commons/projects/TCGA/gdc-awg/HCMI/WGS/Project_NYGC_15336_B01_SOM_WGS_AnalysisOnly/Sample_HCM-CSHL-0584-C19-06A-11D-A82H-36/analysis/HCM-CSHL-0584-C19-06A-11D-A82H-36.final.bam,/gpfs/commons/projects/HCMI/wgs/e535fb95-2bab-4ae5-9833-c3bfc2f251b8/55149a8d-9a7e-4c85-9280-23dea44dc4bc_wgs_gdc_realn.bam
HCM-BROD-0416-C71-01A-11D-A80U-36,eb3904ca-8d0d-45c6-83c5-c7fc0dbf89f9_wgs_gdc_realn.bam,/gpfs/commons/projects/TCGA/gdc-awg/HCMI/WGS/Project_NYGC_15336_B01_SOM_WGS_AnalysisOnly/Sample_HCM-BROD-0416-C71-01A-11D-A80U-36/analysis/HCM-BROD-0416-C71-01A-11D-A80U-36.final.bam,/gpfs/commons/projects/HCMI/wgs/571c26bb-2e8d-4499-b17f-d30773abd852/eb3904ca-8d0d-45c6-83c5-c7fc0dbf89f9_wgs_gdc_realn.bam
HCM-SANG-0299-C15-85A-01D-A78U-36,a331201c-3aef-4eec-83d5-d38f4211c1b1_wgs_gdc_realn.bam,/gpfs/commons/projects/TCGA/gdc-awg/HCMI/WGS/Project_NYGC_15336_B01_SOM_WGS_AnalysisOnly/Sample_HCM-SANG-0299-C15-85A-01D-A78U-36/analysis/HCM-SANG-0299-C15-85A-01D-A78U-36.final.bam,/gpfs/commons/projects/HCMI/wgs/12745bd8-756b-40f3-bfa3-0c7321eb40ef/a331201c-3aef-4eec-83d5-d38f4211c1b1_wgs_gdc_realn.bam
HCM-BROD-0482-C34-10A-01D-A80U-36,10d14ffb-dbfb-40f0-b0be-e44c17c7ea21_wgs_gdc_realn.bam,/gpfs/commons/projects/TCGA/gdc-awg/HCMI/WGS/Project_NYGC_15336_B01_SOM_WGS_AnalysisOnly/Sample_HCM-BROD-0482-C34-10A-01D-A80U-36/analysis/HCM-BROD-0482-C34-10A-01D-A80U-36.final.bam,/gpfs/commons/projects/HCMI/wgs/2b12f802-212b-4eaa-a06d-ee5c1a81ffb7/10d14ffb-dbfb-40f0-b0be-e44c17c7ea21_wgs_gdc_realn.bam
HCM-WCMC-0505-C16-01A-11D-A79N-36,7d8f7150-e7b7-4762-ade7-6c30618b80f4_wgs_gdc_realn.bam,/gpfs/commons/projects/TCGA/gdc-awg/HCMI/WGS/Project_NYGC_15336_B01_SOM_WGS_AnalysisOnly/Sample_HCM-WCMC-0505-C16-01A-11D-A79N-36/analysis/HCM-WCMC-0505-C16-01A-11D-A79N-36.final.bam,/gpfs/commons/projects/HCMI/wgs/6f393d42-e718-40fa-bb31-b852ae5a3df0/7d8f7150-e7b7-4762-ade7-6c30618b80f4_wgs_gdc_realn.bam
HCM-BROD-0028-C71-10A-01D-A77E-36,56970abc-3569-48bc-921c-6e003b9107e7_wgs_gdc_realn.bam,/gpfs/commons/projects/TCGA/gdc-awg/HCMI/WGS/Project_NYGC_15336_B01_SOM_WGS_AnalysisOnly/Sample_HCM-BROD-0028-C71-10A-01D-A77E-36/analysis/HCM-BROD-0028-C71-10A-01D-A77E-36.final.bam,/gpfs/commons/projects/HCMI/wgs/dedae944-b790-471f-96e0-842911034045/56970abc-3569-48bc-921c-6e003b9107e7_wgs_gdc_realn.bam
HCM-SANG-0287-C20-10A-01D-A78U-36,43bb9903-2b44-494f-9275-62dd88803739_wgs_gdc_realn.bam,/gpfs/commons/projects/TCGA/gdc-awg/HCMI/WGS/Project_NYGC_15336_B01_SOM_WGS_AnalysisOnly/Sample_HCM-SANG-0287-C20-10A-01D-A78U-36/analysis/HCM-SANG-0287-C20-10A-01D-A78U-36.final.bam,/gpfs/commons/projects/HCMI/wgs/1bfc1c02-000c-41e5-b7d2-3cd5741fa8b5/43bb9903-2b44-494f-9275-62dd88803739_wgs_gdc_realn.bam
HCM-BROD-0642-C43-06A-11D-A85K-36,ce03be9d-fe84-4323-bc89-ff61d7156de1_wgs_gdc_realn.bam,/gpfs/commons/projects/TCGA/gdc-awg/HCMI/WGS/Project_NYGC_15336_B01_SOM_WGS_AnalysisOnly/Sample_HCM-BROD-0642-C43-06A-11D-A85K-36/analysis/HCM-BROD-0642-C43-06A-11D-A85K-36.final.bam,/gpfs/commons/projects/HCMI/wgs/dd65fd53-248e-4c33-9ade-824f0da51577/ce03be9d-fe84-4323-bc89-ff61d7156de1_wgs_gdc_realn.bam
HCM-CSHL-0074-C25-85A-01D-A77E-36,bfe6f33c-6806-4fba-908a-81f96c170082_wgs_gdc_realn.bam,/gpfs/commons/projects/TCGA/gdc-awg/HCMI/WGS/Project_NYGC_15336_B01_SOM_WGS_AnalysisOnly/Sample_HCM-CSHL-0074-C25-85A-01D-A77E-36/analysis/HCM-CSHL-0074-C25-85A-01D-A77E-36.final.bam,/gpfs/commons/projects/HCMI/wgs/7eb049dd-481a-4caa-9554-0c2ea1d76e01/bfe6f33c-6806-4fba-908a-81f96c170082_wgs_gdc_realn.bam
HCM-CSHL-0835-C20-06A-11D-A85L-36,38e85c00-f2f3-4f0c-8c4b-e4e2a07a227d_wgs_gdc_realn.bam,/gpfs/commons/projects/TCGA/gdc-awg/HCMI/WGS/Project_NYGC_15336_B01_SOM_WGS_AnalysisOnly/Sample_HCM-CSHL-0835-C20-06A-11D-A85L-36/analysis/HCM-CSHL-0835-C20-06A-11D-A85L-36.final.bam,/gpfs/commons/projects/HCMI/wgs/3808a8b3-2dfd-4cf9-b594-97aeaf8ef349/38e85c00-f2f3-4f0c-8c4b-e4e2a07a227d_wgs_gdc_realn.bam
HCM-CSHL-0058-C34-10A-01D-A78L-36,80e0ffb7-e3a8-4f43-bb54-8ed195b35887_wgs_gdc_realn.bam,/gpfs/commons/projects/TCGA/gdc-awg/HCMI/WGS/Project_NYGC_15336_B01_SOM_WGS_AnalysisOnly/Sample_HCM-CSHL-0058-C34-10A-01D-A78L-36/analysis/HCM-CSHL-0058-C34-10A-01D-A78L-36.final.bam,/gpfs/commons/projects/HCMI/wgs/3d8e2cbc-a20e-47a7-93cd-bbb3239f6f74/80e0ffb7-e3a8-4f43-bb54-8ed195b35887_wgs_gdc_realn.bam
HCM-CSHL-0839-C34-10A-01D-A85L-36,f954b290-354b-4376-85ae-92e690de1a39_wgs_gdc_realn.bam,/gpfs/commons/projects/TCGA/gdc-awg/HCMI/WGS/Project_NYGC_15336_B01_SOM_WGS_AnalysisOnly/Sample_HCM-CSHL-0839-C34-10A-01D-A85L-36/analysis/HCM-CSHL-0839-C34-10A-01D-A85L-36.final.bam,/gpfs/commons/projects/HCMI/wgs/588c8139-9735-41e1-9596-7f9f55bb6d06/f954b290-354b-4376-85ae-92e690de1a39_wgs_gdc_realn.bam
HCM-BROD-0489-C15-10A-01D-A83U-36,ab3a3558-a4e0-403c-b2a7-36d5e5073b18_wgs_gdc_realn.bam,/gpfs/commons/projects/TCGA/gdc-awg/HCMI/WGS/Project_NYGC_15336_B01_SOM_WGS_AnalysisOnly/Sample_HCM-BROD-0489-C15-10A-01D-A83U-36/analysis/HCM-BROD-0489-C15-10A-01D-A83U-36.final.bam,/gpfs/commons/projects/HCMI/wgs/00160bc0-9e2f-4157-9a53-afe79f23e52a/ab3a3558-a4e0-403c-b2a7-36d5e5073b18_wgs_gdc_realn.bam
HCM-CSHL-0464-C50-85D-01D-A85K-36,3848972b-bc32-4bd1-8d29-54a5ed70e044_wgs_gdc_realn.bam,/gpfs/commons/projects/TCGA/gdc-awg/HCMI/WGS/Project_NYGC_15336_B01_SOM_WGS_AnalysisOnly/Sample_HCM-CSHL-0464-C50-85D-01D-A85K-36/analysis/HCM-CSHL-0464-C50-85D-01D-A85K-36.final.bam,/gpfs/commons/projects/HCMI/wgs/1bf5f5c2-4e39-4f52-9cfc-9fefa9577f6e/3848972b-bc32-4bd1-8d29-54a5ed70e044_wgs_gdc_realn.bam
HCM-SANG-0294-C15-01A-01D-A78U-36,5c23bb86-bb3c-4041-b639-92319c28ae99_wgs_gdc_realn.bam,/gpfs/commons/projects/TCGA/gdc-awg/HCMI/WGS/Project_NYGC_15336_B01_SOM_WGS_AnalysisOnly/Sample_HCM-SANG-0294-C15-01A-01D-A78U-36/analysis/HCM-SANG-0294-C15-01A-01D-A78U-36.final.bam,/gpfs/commons/projects/HCMI/wgs/754ae74d-1764-449c-b148-a4b5e8c8e49a/5c23bb86-bb3c-4041-b639-92319c28ae99_wgs_gdc_realn.bam
HCM-BROD-0451-C15-10A-01D-A82H-36,ec883dca-26d2-4c21-8bea-b6e82c4aed06_wgs_gdc_realn.bam,/gpfs/commons/projects/TCGA/gdc-awg/HCMI/WGS/Project_NYGC_15336_B01_SOM_WGS_AnalysisOnly/Sample_HCM-BROD-0451-C15-10A-01D-A82H-36/analysis/HCM-BROD-0451-C15-10A-01D-A82H-36.final.bam,/gpfs/commons/projects/HCMI/wgs/6de3071b-547f-463d-9f14-3ca9b7c03dd9/ec883dca-26d2-4c21-8bea-b6e82c4aed06_wgs_gdc_realn.bam
HCM-SANG-0308-C15-10A-01D-A78M-36,b3446f77-742b-4b3b-9a3e-734d2918a5d7_wgs_gdc_realn.bam,/gpfs/commons/projects/TCGA/gdc-awg/HCMI/WGS/Project_NYGC_15336_B01_SOM_WGS_AnalysisOnly/Sample_HCM-SANG-0308-C15-10A-01D-A78M-36/analysis/HCM-SANG-0308-C15-10A-01D-A78M-36.final.bam,/gpfs/commons/projects/HCMI/wgs/7ae09712-5f42-4465-925c-c8aef003acfb/b3446f77-742b-4b3b-9a3e-734d2918a5d7_wgs_gdc_realn.bam
HCM-BROD-0557-C43-85M-01D-A80U-36,b95fb706-4a05-41cb-bfd0-fa46afaef8d9_wgs_gdc_realn.bam,/gpfs/commons/projects/TCGA/gdc-awg/HCMI/WGS/Project_NYGC_15336_B01_SOM_WGS_AnalysisOnly/Sample_HCM-BROD-0557-C43-85M-01D-A80U-36/analysis/HCM-BROD-0557-C43-85M-01D-A80U-36.final.bam,/gpfs/commons/projects/HCMI/wgs/ea1150e0-7c3b-4a72-aa80-b144d8d11ca2/b95fb706-4a05-41cb-bfd0-fa46afaef8d9_wgs_gdc_realn.bam
HCM-CSHL-0063-C18-10A-01D-A768-36,2e8755e2-0fa6-4217-b6bf-b81ee217b456_wgs_gdc_realn.bam,/gpfs/commons/projects/TCGA/gdc-awg/HCMI/WGS/Project_NYGC_15336_B01_SOM_WGS_AnalysisOnly/Sample_HCM-CSHL-0063-C18-10A-01D-A768-36/analysis/HCM-CSHL-0063-C18-10A-01D-A768-36.final.bam,/gpfs/commons/projects/HCMI/wgs/7d9eb6f9-307a-42cd-b760-9f52a3c971dc/2e8755e2-0fa6-4217-b6bf-b81ee217b456_wgs_gdc_realn.bam
HCM-BROD-0041-C64-10A-01D-A79L-36,54e6dbf2-4abc-4e52-abdd-9338d80c947a_wgs_gdc_realn.bam,/gpfs/commons/projects/TCGA/gdc-awg/HCMI/WGS/Project_NYGC_15336_B01_SOM_WGS_AnalysisOnly/Sample_HCM-BROD-0041-C64-10A-01D-A79L-36/analysis/HCM-BROD-0041-C64-10A-01D-A79L-36.final.bam,/gpfs/commons/projects/HCMI/wgs/9ca29142-8550-4dce-b990-436906836cdd/54e6dbf2-4abc-4e52-abdd-9338d80c947a_wgs_gdc_realn.bam
HCM-BROD-0014-C71-01A-01D-A77E-36,9f652fae-f18c-4512-a20f-36d06ddbfbe3_wgs_gdc_realn.bam,/gpfs/commons/projects/TCGA/gdc-awg/HCMI/WGS/Project_NYGC_15336_B01_SOM_WGS_AnalysisOnly/Sample_HCM-BROD-0014-C71-01A-01D-A77E-36/analysis/HCM-BROD-0014-C71-01A-01D-A77E-36.final.bam,/gpfs/commons/projects/HCMI/wgs/cde716f4-ea9d-451e-bd5e-748638bab0f2/9f652fae-f18c-4512-a20f-36d06ddbfbe3_wgs_gdc_realn.bam
HCM-BROD-0559-C16-85M-01D-A85K-36,21f09c34-db68-46e6-af1b-d8a43f09f337_wgs_gdc_realn.bam,/gpfs/commons/projects/TCGA/gdc-awg/HCMI/WGS/Project_NYGC_15336_B01_SOM_WGS_AnalysisOnly/Sample_HCM-BROD-0559-C16-85M-01D-A85K-36/analysis/HCM-BROD-0559-C16-85M-01D-A85K-36.final.bam,/gpfs/commons/projects/HCMI/wgs/cf21bd41-c407-4913-87aa-90e3c8115b14/21f09c34-db68-46e6-af1b-d8a43f09f337_wgs_gdc_realn.bam
HCM-SANG-0303-C15-85A-01D-A78J-36,8456a948-54b7-44fa-a877-5a2affe748fe_wgs_gdc_realn.bam,/gpfs/commons/projects/TCGA/gdc-awg/HCMI/WGS/Project_NYGC_15336_B01_SOM_WGS_AnalysisOnly/Sample_HCM-SANG-0303-C15-85A-01D-A78J-36/analysis/HCM-SANG-0303-C15-85A-01D-A78J-36.final.bam,/gpfs/commons/projects/HCMI/wgs/f47610e0-c109-44aa-a068-44b54dd27b7a/8456a948-54b7-44fa-a877-5a2affe748fe_wgs_gdc_realn.bam
HCM-BROD-0213-C71-10A-01D-A786-36,15d3783c-2394-4660-b074-65184c81d229_wgs_gdc_realn.bam,/gpfs/commons/projects/TCGA/gdc-awg/HCMI/WGS/Project_NYGC_15336_B01_SOM_WGS_AnalysisOnly/Sample_HCM-BROD-0213-C71-10A-01D-A786-36/analysis/HCM-BROD-0213-C71-10A-01D-A786-36.final.bam,/gpfs/commons/projects/HCMI/wgs/8b2f2aaf-56b9-423a-a5b1-f64a8aad67a4/15d3783c-2394-4660-b074-65184c81d229_wgs_gdc_realn.bam
HCM-CSHL-0176-C25-85A-01D-A78L-36,8727eb68-c801-437f-8149-abdb1d66f915_wgs_gdc_realn.bam,/gpfs/commons/projects/TCGA/gdc-awg/HCMI/WGS/Project_NYGC_15336_B01_SOM_WGS_AnalysisOnly/Sample_HCM-CSHL-0176-C25-85A-01D-A78L-36/analysis/HCM-CSHL-0176-C25-85A-01D-A78L-36.final.bam,/gpfs/commons/projects/HCMI/wgs/df6dd702-617a-488b-963c-1932bfb819e2/8727eb68-c801-437f-8149-abdb1d66f915_wgs_gdc_realn.bam
HCM-CSHL-0077-C25-10A-01D-A78L-36,6d8d71d3-d311-4519-98b6-96bd0dc68122_wgs_gdc_realn.bam,/gpfs/commons/projects/TCGA/gdc-awg/HCMI/WGS/Project_NYGC_15336_B01_SOM_WGS_AnalysisOnly/Sample_HCM-CSHL-0077-C25-10A-01D-A78L-36/analysis/HCM-CSHL-0077-C25-10A-01D-A78L-36.final.bam,/gpfs/commons/projects/HCMI/wgs/686d5790-9cfd-4d63-9d02-0f6ebf69697b/6d8d71d3-d311-4519-98b6-96bd0dc68122_wgs_gdc_realn.bam
HCM-BROD-0472-C34-85M-01D-A80U-36,1428219d-e9e9-484a-9cde-5f61d3e4505a_wgs_gdc_realn.bam,/gpfs/commons/projects/TCGA/gdc-awg/HCMI/WGS/Project_NYGC_15336_B01_SOM_WGS_AnalysisOnly/Sample_HCM-BROD-0472-C34-85M-01D-A80U-36/analysis/HCM-BROD-0472-C34-85M-01D-A80U-36.final.bam,/gpfs/commons/projects/HCMI/wgs/76d3a99b-28c4-4752-99a2-a9408c93533a/1428219d-e9e9-484a-9cde-5f61d3e4505a_wgs_gdc_realn.bam
HCM-CSHL-0059-C25-10A-01D-A77E-36,755a286d-b5ff-42f9-8c62-4eeab4117fb3_wgs_gdc_realn.bam,/gpfs/commons/projects/TCGA/gdc-awg/HCMI/WGS/Project_NYGC_15336_B01_SOM_WGS_AnalysisOnly/Sample_HCM-CSHL-0059-C25-10A-01D-A77E-36/analysis/HCM-CSHL-0059-C25-10A-01D-A77E-36.final.bam,/gpfs/commons/projects/HCMI/wgs/c8e06865-16c1-4ef8-b122-e51c29141e7f/755a286d-b5ff-42f9-8c62-4eeab4117fb3_wgs_gdc_realn.bam
HCM-BROD-0007-C49-85B-01D-A78T-36,3218e5d7-c400-414b-9dfc-79a3e9deb5ea_wgs_gdc_realn.bam,/gpfs/commons/projects/TCGA/gdc-awg/HCMI/WGS/Project_NYGC_15336_B01_SOM_WGS_AnalysisOnly/Sample_HCM-BROD-0007-C49-85B-01D-A78T-36/analysis/HCM-BROD-0007-C49-85B-01D-A78T-36.final.bam,/gpfs/commons/projects/HCMI/wgs/7064cc2a-464b-48a6-85e0-5920cac6958c/3218e5d7-c400-414b-9dfc-79a3e9deb5ea_wgs_gdc_realn.bam
HCM-SANG-0291-C15-85A-01D-A78M-36,877fb3a0-c83a-40dc-ac81-abf35b5d9b95_wgs_gdc_realn.bam,/gpfs/commons/projects/TCGA/gdc-awg/HCMI/WGS/Project_NYGC_15336_B01_SOM_WGS_AnalysisOnly/Sample_HCM-SANG-0291-C15-85A-01D-A78M-36/analysis/HCM-SANG-0291-C15-85A-01D-A78M-36.final.bam,/gpfs/commons/projects/HCMI/wgs/462fac5c-b301-4417-9576-67f0f8e2350a/877fb3a0-c83a-40dc-ac81-abf35b5d9b95_wgs_gdc_realn.bam
HCM-CSHL-0078-C25-85Q-01D-A85K-36,6bcd5c0e-93f0-412e-b308-10fa8a9120b7_wgs_gdc_realn.bam,/gpfs/commons/projects/TCGA/gdc-awg/HCMI/WGS/Project_NYGC_15336_B01_SOM_WGS_AnalysisOnly/Sample_HCM-CSHL-0078-C25-85Q-01D-A85K-36/analysis/HCM-CSHL-0078-C25-85Q-01D-A85K-36.final.bam,/gpfs/commons/projects/HCMI/wgs/299426be-6d8c-4e7a-9b32-e31e64e8aec1/6bcd5c0e-93f0-412e-b308-10fa8a9120b7_wgs_gdc_realn.bam
HCM-CSHL-0245-C18-85A-01D-A79M-36,871b7cac-32a6-4620-b1e0-431671232b72_wgs_gdc_realn.bam,/gpfs/commons/projects/TCGA/gdc-awg/HCMI/WGS/Project_NYGC_15336_B01_SOM_WGS_AnalysisOnly/Sample_HCM-CSHL-0245-C18-85A-01D-A79M-36/analysis/HCM-CSHL-0245-C18-85A-01D-A79M-36.final.bam,/gpfs/commons/projects/HCMI/wgs/83f2811b-1cff-4749-a82a-83cc8bb54eca/871b7cac-32a6-4620-b1e0-431671232b72_wgs_gdc_realn.bam
HCM-CSHL-0245-C18-85M-01D-A79M-36,072df89e-9311-45da-aee6-4dbacefbbebc_wgs_gdc_realn.bam,/gpfs/commons/projects/TCGA/gdc-awg/HCMI/WGS/Project_NYGC_15336_B01_SOM_WGS_AnalysisOnly/Sample_HCM-CSHL-0245-C18-85M-01D-A79M-36/analysis/HCM-CSHL-0245-C18-85M-01D-A79M-36.final.bam,/gpfs/commons/projects/HCMI/wgs/cd715bbd-0dbb-42e0-a4d4-b3583e731963/072df89e-9311-45da-aee6-4dbacefbbebc_wgs_gdc_realn.bam
HCM-CSHL-0080-C25-85A-01D-A77E-36,a30070a7-6312-4a43-bb15-7559dcdb89e8_wgs_gdc_realn.bam,/gpfs/commons/projects/TCGA/gdc-awg/HCMI/WGS/Project_NYGC_15336_B01_SOM_WGS_AnalysisOnly/Sample_HCM-CSHL-0080-C25-85A-01D-A77E-36/analysis/HCM-CSHL-0080-C25-85A-01D-A77E-36.final.bam,/gpfs/commons/projects/HCMI/wgs/6adbeaf6-a001-4923-a022-8beec17ccf74/a30070a7-6312-4a43-bb15-7559dcdb89e8_wgs_gdc_realn.bam
HCM-BROD-0115-C16-01A-11D-A79L-36,9a7a775d-c8b1-46f8-9077-453a47896133_wgs_gdc_realn.bam,/gpfs/commons/projects/TCGA/gdc-awg/HCMI/WGS/Project_NYGC_15336_B01_SOM_WGS_AnalysisOnly/Sample_HCM-BROD-0115-C16-01A-11D-A79L-36/analysis/HCM-BROD-0115-C16-01A-11D-A79L-36.final.bam,/gpfs/commons/projects/HCMI/wgs/18f49a44-6dd1-44e8-b703-3f5a77e2371e/9a7a775d-c8b1-46f8-9077-453a47896133_wgs_gdc_realn.bam
HCM-BROD-0253-C15-85B-01D-A80U-36,0dce7c4b-9d6b-4a59-ba35-5627f4ebb6ee_wgs_gdc_realn.bam,/gpfs/commons/projects/TCGA/gdc-awg/HCMI/WGS/Project_NYGC_15336_B01_SOM_WGS_AnalysisOnly/Sample_HCM-BROD-0253-C15-85B-01D-A80U-36/analysis/HCM-BROD-0253-C15-85B-01D-A80U-36.final.bam,/gpfs/commons/projects/HCMI/wgs/c2a96723-e9ac-4978-91f0-7e1b640e9879/0dce7c4b-9d6b-4a59-ba35-5627f4ebb6ee_wgs_gdc_realn.bam
HCM-CSHL-0159-C18-10A-01D-A786-36,32c61097-b06b-43e0-b065-6b13825e8808_wgs_gdc_realn.bam,/gpfs/commons/projects/TCGA/gdc-awg/HCMI/WGS/Project_NYGC_15336_B01_SOM_WGS_AnalysisOnly/Sample_HCM-CSHL-0159-C18-10A-01D-A786-36/analysis/HCM-CSHL-0159-C18-10A-01D-A786-36.final.bam,/gpfs/commons/projects/HCMI/wgs/a3df82fe-d2a7-416c-aed7-56e7036c9b43/32c61097-b06b-43e0-b065-6b13825e8808_wgs_gdc_realn.bam
HCM-BROD-0596-C43-06A-11D-A80U-36,47b63e35-005d-41b2-82e7-8f140c9820cd_wgs_gdc_realn.bam,/gpfs/commons/projects/TCGA/gdc-awg/HCMI/WGS/Project_NYGC_15336_B01_SOM_WGS_AnalysisOnly/Sample_HCM-BROD-0596-C43-06A-11D-A80U-36/analysis/HCM-BROD-0596-C43-06A-11D-A80U-36.final.bam,/gpfs/commons/projects/HCMI/wgs/144f4dc2-748f-45d1-9fb1-c1ccc05048df/47b63e35-005d-41b2-82e7-8f140c9820cd_wgs_gdc_realn.bam
HCM-BROD-0045-C16-06A-01D-A79C-36,c40321aa-b505-4818-bfed-1efce50bc990_wgs_gdc_realn.bam,/gpfs/commons/projects/TCGA/gdc-awg/HCMI/WGS/Project_NYGC_15336_B01_SOM_WGS_AnalysisOnly/Sample_HCM-BROD-0045-C16-06A-01D-A79C-36/analysis/HCM-BROD-0045-C16-06A-01D-A79C-36.final.bam,/gpfs/commons/projects/HCMI/wgs/9e997aaf-5ab9-4ee1-ba40-a6eefca0b0c8/c40321aa-b505-4818-bfed-1efce50bc990_wgs_gdc_realn.bam
HCM-CSHL-0078-C25-85B-01D-A78M-36,656f58cf-20a9-4e1e-8eb8-39103164b093_wgs_gdc_realn.bam,/gpfs/commons/projects/TCGA/gdc-awg/HCMI/WGS/Project_NYGC_15336_B01_SOM_WGS_AnalysisOnly/Sample_HCM-CSHL-0078-C25-85B-01D-A78M-36/analysis/HCM-CSHL-0078-C25-85B-01D-A78M-36.final.bam,/gpfs/commons/projects/HCMI/wgs/04cdc795-223f-4016-ad14-7bb61d48566c/656f58cf-20a9-4e1e-8eb8-39103164b093_wgs_gdc_realn.bam
HCM-BROD-0194-C15-10B-01D-A79C-36,e9f1603d-a413-4f01-aa42-19b4a5841a31_wgs_gdc_realn.bam,/gpfs/commons/projects/TCGA/gdc-awg/HCMI/WGS/Project_NYGC_15336_B01_SOM_WGS_AnalysisOnly/Sample_HCM-BROD-0194-C15-10B-01D-A79C-36/analysis/HCM-BROD-0194-C15-10B-01D-A79C-36.final.bam,/gpfs/commons/projects/HCMI/wgs/b3f0fa01-9d7c-4c06-bdbf-5aa03bae8755/e9f1603d-a413-4f01-aa42-19b4a5841a31_wgs_gdc_realn.bam
HCM-CSHL-0159-C18-01B-01D-A786-36,cc94b4db-2bca-46d8-a55f-91abb6643d4a_wgs_gdc_realn.bam,/gpfs/commons/projects/TCGA/gdc-awg/HCMI/WGS/Project_NYGC_15336_B01_SOM_WGS_AnalysisOnly/Sample_HCM-CSHL-0159-C18-01B-01D-A786-36/analysis/HCM-CSHL-0159-C18-01B-01D-A786-36.final.bam,/gpfs/commons/projects/HCMI/wgs/d527f921-357a-4297-8ca0-689e76637d28/cc94b4db-2bca-46d8-a55f-91abb6643d4a_wgs_gdc_realn.bam
HCM-CSHL-0382-C19-85A-01D-A78T-36,3c5ead4d-2f97-415c-adcc-9fbe1c58c9c1_wgs_gdc_realn.bam,/gpfs/commons/projects/TCGA/gdc-awg/HCMI/WGS/Project_NYGC_15336_B01_SOM_WGS_AnalysisOnly/Sample_HCM-CSHL-0382-C19-85A-01D-A78T-36/analysis/HCM-CSHL-0382-C19-85A-01D-A78T-36.final.bam,/gpfs/commons/projects/HCMI/wgs/e7d11f87-af75-43ab-b25e-794518bf463d/3c5ead4d-2f97-415c-adcc-9fbe1c58c9c1_wgs_gdc_realn.bam
HCM-CSHL-0141-C18-10A-01D-A77E-36,a2fa0a66-cb7c-4e73-9fba-8af11dd3a620_wgs_gdc_realn.bam,/gpfs/commons/projects/TCGA/gdc-awg/HCMI/WGS/Project_NYGC_15336_B01_SOM_WGS_AnalysisOnly/Sample_HCM-CSHL-0141-C18-10A-01D-A77E-36/analysis/HCM-CSHL-0141-C18-10A-01D-A77E-36.final.bam,/gpfs/commons/projects/HCMI/wgs/c887d061-22eb-47ed-a0af-93f8b17d7cdf/a2fa0a66-cb7c-4e73-9fba-8af11dd3a620_wgs_gdc_realn.bam
HCM-CSHL-0248-C19-01A-11D-A78T-36,287f92b3-1c14-4375-b913-4d6f327347f3_wgs_gdc_realn.bam,/gpfs/commons/projects/TCGA/gdc-awg/HCMI/WGS/Project_NYGC_15336_B01_SOM_WGS_AnalysisOnly/Sample_HCM-CSHL-0248-C19-01A-11D-A78T-36/analysis/HCM-CSHL-0248-C19-01A-11D-A78T-36.final.bam,/gpfs/commons/projects/HCMI/wgs/c1e9df0e-1b31-40aa-9ad1-839f692b5c4e/287f92b3-1c14-4375-b913-4d6f327347f3_wgs_gdc_realn.bam
HCM-CSHL-0385-C18-11A-11D-A78L-36,5445e4cc-a14a-4ce1-bea4-a65f174143fb_wgs_gdc_realn.bam,/gpfs/commons/projects/TCGA/gdc-awg/HCMI/WGS/Project_NYGC_15336_B01_SOM_WGS_AnalysisOnly/Sample_HCM-CSHL-0385-C18-11A-11D-A78L-36/analysis/HCM-CSHL-0385-C18-11A-11D-A78L-36.final.bam,/gpfs/commons/projects/HCMI/wgs/d7dd2777-c1b1-4384-9ec7-d5600a0a885c/5445e4cc-a14a-4ce1-bea4-a65f174143fb_wgs_gdc_realn.bam
HCM-BROD-0029-C71-85C-01D-A80U-36,f2323892-7b25-44eb-9a14-d44faae67abf_wgs_gdc_realn.bam,/gpfs/commons/projects/TCGA/gdc-awg/HCMI/WGS/Project_NYGC_15336_B01_SOM_WGS_AnalysisOnly/Sample_HCM-BROD-0029-C71-85C-01D-A80U-36/analysis/HCM-BROD-0029-C71-85C-01D-A80U-36.final.bam,/gpfs/commons/projects/HCMI/wgs/fcf7a2fa-7cfc-4933-b4c4-92614cc1c0d2/f2323892-7b25-44eb-9a14-d44faae67abf_wgs_gdc_realn.bam
HCM-BROD-0038-C41-10A-01D-A80U-36,ff45acd3-bf44-41d4-b00f-bf9355e31179_wgs_gdc_realn.bam,/gpfs/commons/projects/TCGA/gdc-awg/HCMI/WGS/Project_NYGC_15336_B01_SOM_WGS_AnalysisOnly/Sample_HCM-BROD-0038-C41-10A-01D-A80U-36/analysis/HCM-BROD-0038-C41-10A-01D-A80U-36.final.bam,/gpfs/commons/projects/HCMI/wgs/529d216f-a6c7-480f-834d-b227beb13bf2/ff45acd3-bf44-41d4-b00f-bf9355e31179_wgs_gdc_realn.bam
HCM-BROD-0455-C71-85A-01D-A78T-36,1f62f877-f229-4f8f-8f24-f2f7baaef0ec_wgs_gdc_realn.bam,/gpfs/commons/projects/TCGA/gdc-awg/HCMI/WGS/Project_NYGC_15336_B01_SOM_WGS_AnalysisOnly/Sample_HCM-BROD-0455-C71-85A-01D-A78T-36/analysis/HCM-BROD-0455-C71-85A-01D-A78T-36.final.bam,/gpfs/commons/projects/HCMI/wgs/a884130e-be21-49de-a2f0-d3f5e0b4d149/1f62f877-f229-4f8f-8f24-f2f7baaef0ec_wgs_gdc_realn.bam
HCM-SANG-0265-C18-06A-01D-A78L-36,039d9d01-a9a3-48e2-a5f6-9ca69b20bdd7_wgs_gdc_realn.bam,/gpfs/commons/projects/TCGA/gdc-awg/HCMI/WGS/Project_NYGC_15336_B01_SOM_WGS_AnalysisOnly/Sample_HCM-SANG-0265-C18-06A-01D-A78L-36/analysis/HCM-SANG-0265-C18-06A-01D-A78L-36.final.bam,/gpfs/commons/projects/HCMI/wgs/f7d1e7b6-dbcc-474f-8fe0-553b149a814a/039d9d01-a9a3-48e2-a5f6-9ca69b20bdd7_wgs_gdc_realn.bam
HCM-BROD-0444-C43-10A-01D-A78T-36,f499cb09-d53d-418c-a171-45f707600122_wgs_gdc_realn.bam,/gpfs/commons/projects/TCGA/gdc-awg/HCMI/WGS/Project_NYGC_15336_B01_SOM_WGS_AnalysisOnly/Sample_HCM-BROD-0444-C43-10A-01D-A78T-36/analysis/HCM-BROD-0444-C43-10A-01D-A78T-36.final.bam,/gpfs/commons/projects/HCMI/wgs/14c7a36c-0a05-4fe1-9b7a-464f388dfbcc/f499cb09-d53d-418c-a171-45f707600122_wgs_gdc_realn.bam
HCM-BROD-0555-C15-10A-01D-A80U-36,89422444-ee2c-4818-a78b-ee5aaa0e7fdd_wgs_gdc_realn.bam,/gpfs/commons/projects/TCGA/gdc-awg/HCMI/WGS/Project_NYGC_15336_B01_SOM_WGS_AnalysisOnly/Sample_HCM-BROD-0555-C15-10A-01D-A80U-36/analysis/HCM-BROD-0555-C15-10A-01D-A80U-36.final.bam,/gpfs/commons/projects/HCMI/wgs/eb55078c-e48d-4b0a-95b3-ac1cff152206/89422444-ee2c-4818-a78b-ee5aaa0e7fdd_wgs_gdc_realn.bam
HCM-CSHL-0180-C25-85B-01D-A79L-36,67333dbc-cbc8-4c00-b814-35a0ee21dea9_wgs_gdc_realn.bam,/gpfs/commons/projects/TCGA/gdc-awg/HCMI/WGS/Project_NYGC_15336_B01_SOM_WGS_AnalysisOnly/Sample_HCM-CSHL-0180-C25-85B-01D-A79L-36/analysis/HCM-CSHL-0180-C25-85B-01D-A79L-36.final.bam,/gpfs/commons/projects/HCMI/wgs/26d7b24e-e036-47a7-aae6-faa622152ba7/67333dbc-cbc8-4c00-b814-35a0ee21dea9_wgs_gdc_realn.bam
HCM-CSHL-0659-C18-10A-01D-A85C-36,cdc4a4a7-8ea3-44f8-a184-813c449ccf94_wgs_gdc_realn.bam,/gpfs/commons/projects/TCGA/gdc-awg/HCMI/WGS/Project_NYGC_15336_B01_SOM_WGS_AnalysisOnly/Sample_HCM-CSHL-0659-C18-10A-01D-A85C-36/analysis/HCM-CSHL-0659-C18-10A-01D-A85C-36.final.bam,/gpfs/commons/projects/HCMI/wgs/be4d0ba6-6afb-4a55-a5e5-ca778e1b141f/cdc4a4a7-8ea3-44f8-a184-813c449ccf94_wgs_gdc_realn.bam
HCM-SANG-0294-C15-85A-01D-A78U-36,61111be2-cc37-43c9-9a6d-c9c96c34e35c_wgs_gdc_realn.bam,/gpfs/commons/projects/TCGA/gdc-awg/HCMI/WGS/Project_NYGC_15336_B01_SOM_WGS_AnalysisOnly/Sample_HCM-SANG-0294-C15-85A-01D-A78U-36/analysis/HCM-SANG-0294-C15-85A-01D-A78U-36.final.bam,/gpfs/commons/projects/HCMI/wgs/62fd2d50-3869-4c1d-88a8-1b43caf88ab9/61111be2-cc37-43c9-9a6d-c9c96c34e35c_wgs_gdc_realn.bam
HCM-SANG-0271-D12-31B-01D-A80U-36,8dda870c-374e-49ae-8f0b-44b50ef567cd_wgs_gdc_realn.bam,/gpfs/commons/projects/TCGA/gdc-awg/HCMI/WGS/Project_NYGC_15336_B01_SOM_WGS_AnalysisOnly/Sample_HCM-SANG-0271-D12-31B-01D-A80U-36/analysis/HCM-SANG-0271-D12-31B-01D-A80U-36.final.bam,/gpfs/commons/projects/HCMI/wgs/77c9d825-71ee-4b20-9047-9802bcf162da/8dda870c-374e-49ae-8f0b-44b50ef567cd_wgs_gdc_realn.bam
HCM-CSHL-0084-C25-11A-11D-A78M-36,2f755ce8-ed34-43b2-8a1c-75e55faef9bf_wgs_gdc_realn.bam,/gpfs/commons/projects/TCGA/gdc-awg/HCMI/WGS/Project_NYGC_15336_B01_SOM_WGS_AnalysisOnly/Sample_HCM-CSHL-0084-C25-11A-11D-A78M-36/analysis/HCM-CSHL-0084-C25-11A-11D-A78M-36.final.bam,/gpfs/commons/projects/HCMI/wgs/402e10af-749f-4962-a4cc-ac2b58b38e09/2f755ce8-ed34-43b2-8a1c-75e55faef9bf_wgs_gdc_realn.bam
HCM-BROD-0596-C43-85O-01D-A85K-36,d6ab9e89-11e0-4e4a-b82c-7f90efeb34af_wgs_gdc_realn.bam,/gpfs/commons/projects/TCGA/gdc-awg/HCMI/WGS/Project_NYGC_15336_B01_SOM_WGS_AnalysisOnly/Sample_HCM-BROD-0596-C43-85O-01D-A85K-36/analysis/HCM-BROD-0596-C43-85O-01D-A85K-36.final.bam,/gpfs/commons/projects/HCMI/wgs/ff53d04b-9624-497f-8018-b9ac8023038e/d6ab9e89-11e0-4e4a-b82c-7f90efeb34af_wgs_gdc_realn.bam
HCM-BROD-0485-C15-06A-01D-A83U-36,a33726b8-cecf-41c8-9bc9-4124db5aa3e7_wgs_gdc_realn.bam,/gpfs/commons/projects/TCGA/gdc-awg/HCMI/WGS/Project_NYGC_15336_B01_SOM_WGS_AnalysisOnly/Sample_HCM-BROD-0485-C15-06A-01D-A83U-36/analysis/HCM-BROD-0485-C15-06A-01D-A83U-36.final.bam,/gpfs/commons/projects/HCMI/wgs/0456c423-ec31-4de8-b277-95f22f891aa2/a33726b8-cecf-41c8-9bc9-4124db5aa3e7_wgs_gdc_realn.bam
HCM-BROD-0041-C64-01A-11D-A79L-36,d7ffdcfa-5fa2-44e9-b41a-d8ec4215698a_wgs_gdc_realn.bam,/gpfs/commons/projects/TCGA/gdc-awg/HCMI/WGS/Project_NYGC_15336_B01_SOM_WGS_AnalysisOnly/Sample_HCM-BROD-0041-C64-01A-11D-A79L-36/analysis/HCM-BROD-0041-C64-01A-11D-A79L-36.final.bam,/gpfs/commons/projects/HCMI/wgs/478396c6-6c4a-4489-b21e-51d8184de878/d7ffdcfa-5fa2-44e9-b41a-d8ec4215698a_wgs_gdc_realn.bam
HCM-CSHL-0434-C24-06A-11D-A78U-36,734b5cab-815e-4ff1-a6c8-c0ccdf7b224f_wgs_gdc_realn.bam,/gpfs/commons/projects/TCGA/gdc-awg/HCMI/WGS/Project_NYGC_15336_B01_SOM_WGS_AnalysisOnly/Sample_HCM-CSHL-0434-C24-06A-11D-A78U-36/analysis/HCM-CSHL-0434-C24-06A-11D-A78U-36.final.bam,/gpfs/commons/projects/HCMI/wgs/196f0478-2f89-4447-9359-cf3446256c3a/734b5cab-815e-4ff1-a6c8-c0ccdf7b224f_wgs_gdc_realn.bam
HCM-SANG-0284-C18-10A-01D-A78M-36,0a790aec-8319-41f8-a9b1-62e506b5802b_wgs_gdc_realn.bam,/gpfs/commons/projects/TCGA/gdc-awg/HCMI/WGS/Project_NYGC_15336_B01_SOM_WGS_AnalysisOnly/Sample_HCM-SANG-0284-C18-10A-01D-A78M-36/analysis/HCM-SANG-0284-C18-10A-01D-A78M-36.final.bam,/gpfs/commons/projects/HCMI/wgs/b866ece5-d407-4021-b4e1-75ebc5f5e9a4/0a790aec-8319-41f8-a9b1-62e506b5802b_wgs_gdc_realn.bam
HCM-CSHL-0060-C18-01B-01D-A77E-36,0777af11-7ec3-4ab1-a737-5c0e79cde787_wgs_gdc_realn.bam,/gpfs/commons/projects/TCGA/gdc-awg/HCMI/WGS/Project_NYGC_15336_B01_SOM_WGS_AnalysisOnly/Sample_HCM-CSHL-0060-C18-01B-01D-A77E-36/analysis/HCM-CSHL-0060-C18-01B-01D-A77E-36.final.bam,/gpfs/commons/projects/HCMI/wgs/8bc7d66a-9d11-4c92-b257-4f10da7c6878/0777af11-7ec3-4ab1-a737-5c0e79cde787_wgs_gdc_realn.bam
HCM-WCMC-0673-C56-05A-25D-A85C-36,482eacb1-1085-421f-9083-26be159ce028_wgs_gdc_realn.bam,/gpfs/commons/projects/TCGA/gdc-awg/HCMI/WGS/Project_NYGC_15336_B01_SOM_WGS_AnalysisOnly/Sample_HCM-WCMC-0673-C56-05A-25D-A85C-36/analysis/HCM-WCMC-0673-C56-05A-25D-A85C-36.final.bam,/gpfs/commons/projects/HCMI/wgs/a0194388-ecf8-479e-b260-2997408fec4c/482eacb1-1085-421f-9083-26be159ce028_wgs_gdc_realn.bam
HCM-CSHL-0187-C25-10A-01D-A78L-36,f2c7c65e-3149-45f4-ab85-637192afefbb_wgs_gdc_realn.bam,/gpfs/commons/projects/TCGA/gdc-awg/HCMI/WGS/Project_NYGC_15336_B01_SOM_WGS_AnalysisOnly/Sample_HCM-CSHL-0187-C25-10A-01D-A78L-36/analysis/HCM-CSHL-0187-C25-10A-01D-A78L-36.final.bam,/gpfs/commons/projects/HCMI/wgs/c6a51d64-d428-4171-8e76-09a407fee07e/f2c7c65e-3149-45f4-ab85-637192afefbb_wgs_gdc_realn.bam
HCM-BROD-0116-C16-01A-11D-A79C-36,2ce5d915-0c44-4ca1-b46e-efb9a946c18d_wgs_gdc_realn.bam,/gpfs/commons/projects/TCGA/gdc-awg/HCMI/WGS/Project_NYGC_15336_B01_SOM_WGS_AnalysisOnly/Sample_HCM-BROD-0116-C16-01A-11D-A79C-36/analysis/HCM-BROD-0116-C16-01A-11D-A79C-36.final.bam,/gpfs/commons/projects/HCMI/wgs/fa62e986-5e6b-45d5-894a-aacadc70cbef/2ce5d915-0c44-4ca1-b46e-efb9a946c18d_wgs_gdc_realn.bam
HCM-BROD-0642-C43-85N-01D-A85K-36,5cd6a1be-a908-46d4-b936-7583eb6253ec_wgs_gdc_realn.bam,/gpfs/commons/projects/TCGA/gdc-awg/HCMI/WGS/Project_NYGC_15336_B01_SOM_WGS_AnalysisOnly/Sample_HCM-BROD-0642-C43-85N-01D-A85K-36/analysis/HCM-BROD-0642-C43-85N-01D-A85K-36.final.bam,/gpfs/commons/projects/HCMI/wgs/2d46f1bd-755b-4db6-a3c7-020b9b385742/5cd6a1be-a908-46d4-b936-7583eb6253ec_wgs_gdc_realn.bam
HCM-SANG-0297-C15-10A-01D-A79M-36,cbe23be4-8e3a-4367-949c-fe24ac105694_wgs_gdc_realn.bam,/gpfs/commons/projects/TCGA/gdc-awg/HCMI/WGS/Project_NYGC_15336_B01_SOM_WGS_AnalysisOnly/Sample_HCM-SANG-0297-C15-10A-01D-A79M-36/analysis/HCM-SANG-0297-C15-10A-01D-A79M-36.final.bam,/gpfs/commons/projects/HCMI/wgs/af6b2267-b9e3-4eef-816a-72a035bba65e/cbe23be4-8e3a-4367-949c-fe24ac105694_wgs_gdc_realn.bam
HCM-BROD-0220-C15-85D-01D-A87L-36,HCM-BROD-0220-C15-85D-01D-A87L-36.WholeGenome.RP-1765.bam,/gpfs/commons/projects/TCGA/gdc-awg/HCMI/WGS/Project_NYGC_15336_B01_SOM_WGS_AnalysisOnly/Sample_HCM-BROD-0220-C15-85D-01D-A87L-36/analysis/HCM-BROD-0220-C15-85D-01D-A87L-36.final.bam,/gpfs/commons/projects/HCMI/wgs/d64e66e3-01e8-4835-a801-c8ec72e83cae/HCM-BROD-0220-C15-85D-01D-A87L-36.WholeGenome.RP-1765.bam
HCM-CSHL-0376-D37-31A-11D-A78T-36,790b5310-35ac-4382-b062-db3078e8b20a_wgs_gdc_realn.bam,/gpfs/commons/projects/TCGA/gdc-awg/HCMI/WGS/Project_NYGC_15336_B01_SOM_WGS_AnalysisOnly/Sample_HCM-CSHL-0376-D37-31A-11D-A78T-36/analysis/HCM-CSHL-0376-D37-31A-11D-A78T-36.final.bam,/gpfs/commons/projects/HCMI/wgs/a04c7a90-cbfe-4bda-91cd-7bf832a9b842/790b5310-35ac-4382-b062-db3078e8b20a_wgs_gdc_realn.bam
HCM-CSHL-0385-C18-85A-01D-A78L-36,de8b8b44-5ff0-4fb1-9165-c02d946d4b49_wgs_gdc_realn.bam,/gpfs/commons/projects/TCGA/gdc-awg/HCMI/WGS/Project_NYGC_15336_B01_SOM_WGS_AnalysisOnly/Sample_HCM-CSHL-0385-C18-85A-01D-A78L-36/analysis/HCM-CSHL-0385-C18-85A-01D-A78L-36.final.bam,/gpfs/commons/projects/HCMI/wgs/f94d9c63-7120-4150-9c9c-d2b70d1eb8c1/de8b8b44-5ff0-4fb1-9165-c02d946d4b49_wgs_gdc_realn.bam
HCM-CSHL-0405-C25-10A-01D-A78L-36,5a821648-5ff0-4103-9f7f-ddd20f7a6ca2_wgs_gdc_realn.bam,/gpfs/commons/projects/TCGA/gdc-awg/HCMI/WGS/Project_NYGC_15336_B01_SOM_WGS_AnalysisOnly/Sample_HCM-CSHL-0405-C25-10A-01D-A78L-36/analysis/HCM-CSHL-0405-C25-10A-01D-A78L-36.final.bam,/gpfs/commons/projects/HCMI/wgs/7024a475-01a0-493c-8423-76d6e8ed6a8c/5a821648-5ff0-4103-9f7f-ddd20f7a6ca2_wgs_gdc_realn.bam
HCM-BROD-0716-C43-10A-01D-A83U-36,c34938b3-41d9-4ddd-83c0-6e4e44a2b823_wgs_gdc_realn.bam,/gpfs/commons/projects/TCGA/gdc-awg/HCMI/WGS/Project_NYGC_15336_B01_SOM_WGS_AnalysisOnly/Sample_HCM-BROD-0716-C43-10A-01D-A83U-36/analysis/HCM-BROD-0716-C43-10A-01D-A83U-36.final.bam,/gpfs/commons/projects/HCMI/wgs/07c5c25f-6177-41e6-85ca-bb3c51603ea2/c34938b3-41d9-4ddd-83c0-6e4e44a2b823_wgs_gdc_realn.bam
HCM-CSHL-0369-D37-85P-01D-A78T-36,fcf22475-f579-44f5-8e3b-39183259df5a_wgs_gdc_realn.bam,/gpfs/commons/projects/TCGA/gdc-awg/HCMI/WGS/Project_NYGC_15336_B01_SOM_WGS_AnalysisOnly/Sample_HCM-CSHL-0369-D37-85P-01D-A78T-36/analysis/HCM-CSHL-0369-D37-85P-01D-A78T-36.final.bam,/gpfs/commons/projects/HCMI/wgs/628f13ed-6fb1-4468-ad4f-af3caf9546dc/fcf22475-f579-44f5-8e3b-39183259df5a_wgs_gdc_realn.bam
HCM-BROD-0096-C15-10B-01D-A80U-36,537d99c4-6689-4228-ba33-1df3445cc99e_wgs_gdc_realn.bam,/gpfs/commons/projects/TCGA/gdc-awg/HCMI/WGS/Project_NYGC_15336_B01_SOM_WGS_AnalysisOnly/Sample_HCM-BROD-0096-C15-10B-01D-A80U-36/analysis/HCM-BROD-0096-C15-10B-01D-A80U-36.final.bam,/gpfs/commons/projects/HCMI/wgs/f32594f1-0833-4b42-9706-a14c2bad4c9e/537d99c4-6689-4228-ba33-1df3445cc99e_wgs_gdc_realn.bam
HCM-CSHL-0242-C18-01B-01D-A78L-36,f8fff0f5-7765-43dd-b933-065eb13bcd8e_wgs_gdc_realn.bam,/gpfs/commons/projects/TCGA/gdc-awg/HCMI/WGS/Project_NYGC_15336_B01_SOM_WGS_AnalysisOnly/Sample_HCM-CSHL-0242-C18-01B-01D-A78L-36/analysis/HCM-CSHL-0242-C18-01B-01D-A78L-36.final.bam,/gpfs/commons/projects/HCMI/wgs/110df2b4-447a-4136-a9a1-eb30bf055f8d/f8fff0f5-7765-43dd-b933-065eb13bcd8e_wgs_gdc_realn.bam
HCM-CSHL-0085-C24-06A-11D-A78L-36,7d83580c-975c-44d2-bb10-c6d8d25860af_wgs_gdc_realn.bam,/gpfs/commons/projects/TCGA/gdc-awg/HCMI/WGS/Project_NYGC_15336_B01_SOM_WGS_AnalysisOnly/Sample_HCM-CSHL-0085-C24-06A-11D-A78L-36/analysis/HCM-CSHL-0085-C24-06A-11D-A78L-36.final.bam,/gpfs/commons/projects/HCMI/wgs/f37e526c-2092-4d38-9913-a80936950006/7d83580c-975c-44d2-bb10-c6d8d25860af_wgs_gdc_realn.bam
HCM-BROD-0110-C25-85A-01D-A786-36,0dd3782b-e198-4fa0-a520-db8d47c7b1b2_wgs_gdc_realn.bam,/gpfs/commons/projects/TCGA/gdc-awg/HCMI/WGS/Project_NYGC_15336_B01_SOM_WGS_AnalysisOnly/Sample_HCM-BROD-0110-C25-85A-01D-A786-36/analysis/HCM-BROD-0110-C25-85A-01D-A786-36.final.bam,/gpfs/commons/projects/HCMI/wgs/5da1978e-2bcd-43fd-b761-bb78b8bd1041/0dd3782b-e198-4fa0-a520-db8d47c7b1b2_wgs_gdc_realn.bam
HCM-BROD-0408-C71-85R-01D-A80U-36,7b6f05de-cada-49c2-a7cc-df943fda0fdd_wgs_gdc_realn.bam,/gpfs/commons/projects/TCGA/gdc-awg/HCMI/WGS/Project_NYGC_15336_B01_SOM_WGS_AnalysisOnly/Sample_HCM-BROD-0408-C71-85R-01D-A80U-36/analysis/HCM-BROD-0408-C71-85R-01D-A80U-36.final.bam,/gpfs/commons/projects/HCMI/wgs/2d27a389-a1c0-42ed-b75a-d601a0db62c2/7b6f05de-cada-49c2-a7cc-df943fda0fdd_wgs_gdc_realn.bam
HCM-CSHL-0057-C18-10A-01D-A786-36,96d124ab-93ef-43a9-9e0f-a93e3c401a14_wgs_gdc_realn.bam,/gpfs/commons/projects/TCGA/gdc-awg/HCMI/WGS/Project_NYGC_15336_B01_SOM_WGS_AnalysisOnly/Sample_HCM-CSHL-0057-C18-10A-01D-A786-36/analysis/HCM-CSHL-0057-C18-10A-01D-A786-36.final.bam,/gpfs/commons/projects/HCMI/wgs/a1cde5b8-ce14-4eaa-9a2f-dba165cf4e5c/96d124ab-93ef-43a9-9e0f-a93e3c401a14_wgs_gdc_realn.bam
HCM-BROD-0648-C71-02A-01D-A83U-36,c8ce5f49-fe4e-44f4-8a36-a098c9cecd28_wgs_gdc_realn.bam,/gpfs/commons/projects/TCGA/gdc-awg/HCMI/WGS/Project_NYGC_15336_B01_SOM_WGS_AnalysisOnly/Sample_HCM-BROD-0648-C71-02A-01D-A83U-36/analysis/HCM-BROD-0648-C71-02A-01D-A83U-36.final.bam,/gpfs/commons/projects/HCMI/wgs/4b794b1f-d8a7-41d9-b926-a244e0234c20/c8ce5f49-fe4e-44f4-8a36-a098c9cecd28_wgs_gdc_realn.bam
HCM-CSHL-0237-C18-01B-01D-A78L-36,3c344053-5b3c-4a3c-bb9d-19039d84c1c6_wgs_gdc_realn.bam,/gpfs/commons/projects/TCGA/gdc-awg/HCMI/WGS/Project_NYGC_15336_B01_SOM_WGS_AnalysisOnly/Sample_HCM-CSHL-0237-C18-01B-01D-A78L-36/analysis/HCM-CSHL-0237-C18-01B-01D-A78L-36.final.bam,/gpfs/commons/projects/HCMI/wgs/487137f5-9783-4f9d-8503-1dec59bf3e4e/3c344053-5b3c-4a3c-bb9d-19039d84c1c6_wgs_gdc_realn.bam
HCM-BROD-0104-C71-85B-01D-A78T-36,67e80a2d-81f4-40a7-946b-ee0f3de8fad6_wgs_gdc_realn.bam,/gpfs/commons/projects/TCGA/gdc-awg/HCMI/WGS/Project_NYGC_15336_B01_SOM_WGS_AnalysisOnly/Sample_HCM-BROD-0104-C71-85B-01D-A78T-36/analysis/HCM-BROD-0104-C71-85B-01D-A78T-36.final.bam,/gpfs/commons/projects/HCMI/wgs/7ff626b5-3d4a-4764-8d16-b5dca5c4eee4/67e80a2d-81f4-40a7-946b-ee0f3de8fad6_wgs_gdc_realn.bam
HCM-BROD-0254-C49-10A-01D-A79L-36,40bcef5e-f60f-48ca-8fa3-d19a47ff8182_wgs_gdc_realn.bam,/gpfs/commons/projects/TCGA/gdc-awg/HCMI/WGS/Project_NYGC_15336_B01_SOM_WGS_AnalysisOnly/Sample_HCM-BROD-0254-C49-10A-01D-A79L-36/analysis/HCM-BROD-0254-C49-10A-01D-A79L-36.final.bam,/gpfs/commons/projects/HCMI/wgs/29af7752-9e03-457b-976e-435845079e20/40bcef5e-f60f-48ca-8fa3-d19a47ff8182_wgs_gdc_realn.bam
HCM-SANG-0302-C15-85A-01D-A79M-36,c1fbf0ef-19d5-44b6-b39f-c1acf52c77be_wgs_gdc_realn.bam,/gpfs/commons/projects/TCGA/gdc-awg/HCMI/WGS/Project_NYGC_15336_B01_SOM_WGS_AnalysisOnly/Sample_HCM-SANG-0302-C15-85A-01D-A79M-36/analysis/HCM-SANG-0302-C15-85A-01D-A79M-36.final.bam,/gpfs/commons/projects/HCMI/wgs/25e81e41-86d3-4eb1-97f7-02e8dd4b436e/c1fbf0ef-19d5-44b6-b39f-c1acf52c77be_wgs_gdc_realn.bam
HCM-CSHL-0261-C50-85D-01D-A85K-36,28690eb5-7fbf-4b2e-b3ca-8d07d43f4040_wgs_gdc_realn.bam,/gpfs/commons/projects/TCGA/gdc-awg/HCMI/WGS/Project_NYGC_15336_B01_SOM_WGS_AnalysisOnly/Sample_HCM-CSHL-0261-C50-85D-01D-A85K-36/analysis/HCM-CSHL-0261-C50-85D-01D-A85K-36.final.bam,/gpfs/commons/projects/HCMI/wgs/6231f23a-8664-4889-be9d-d4484a5ee805/28690eb5-7fbf-4b2e-b3ca-8d07d43f4040_wgs_gdc_realn.bam
HCM-BROD-0719-C43-85N-01D-A85K-36,f570ca6c-5d3e-44df-b11f-9e19e127488d_wgs_gdc_realn.bam,/gpfs/commons/projects/TCGA/gdc-awg/HCMI/WGS/Project_NYGC_15336_B01_SOM_WGS_AnalysisOnly/Sample_HCM-BROD-0719-C43-85N-01D-A85K-36/analysis/HCM-BROD-0719-C43-85N-01D-A85K-36.final.bam,/gpfs/commons/projects/HCMI/wgs/9088f4f4-00a6-42d1-ad27-749be15457e7/f570ca6c-5d3e-44df-b11f-9e19e127488d_wgs_gdc_realn.bam
HCM-CSHL-0809-C54-11A-01D-A85K-36,aac57ede-6687-461e-9f98-cb8a79f6eac5_wgs_gdc_realn.bam,/gpfs/commons/projects/TCGA/gdc-awg/HCMI/WGS/Project_NYGC_15336_B01_SOM_WGS_AnalysisOnly/Sample_HCM-CSHL-0809-C54-11A-01D-A85K-36/analysis/HCM-CSHL-0809-C54-11A-01D-A85K-36.final.bam,/gpfs/commons/projects/HCMI/wgs/8678fa78-9370-4a04-8f07-fdd3be448ca7/aac57ede-6687-461e-9f98-cb8a79f6eac5_wgs_gdc_realn.bam
HCM-CSHL-0162-C19-85B-01D-A786-36,90ea6bce-0667-40c9-89de-52ce3e9ad9a1_wgs_gdc_realn.bam,/gpfs/commons/projects/TCGA/gdc-awg/HCMI/WGS/Project_NYGC_15336_B01_SOM_WGS_AnalysisOnly/Sample_HCM-CSHL-0162-C19-85B-01D-A786-36/analysis/HCM-CSHL-0162-C19-85B-01D-A786-36.final.bam,/gpfs/commons/projects/HCMI/wgs/b4da0919-ae02-4d36-84b3-c69beafd398d/90ea6bce-0667-40c9-89de-52ce3e9ad9a1_wgs_gdc_realn.bam
HCM-BROD-0210-C71-85R-01D-A78T-36,37e981aa-b97b-4470-9906-7dec4600020e_wgs_gdc_realn.bam,/gpfs/commons/projects/TCGA/gdc-awg/HCMI/WGS/Project_NYGC_15336_B01_SOM_WGS_AnalysisOnly/Sample_HCM-BROD-0210-C71-85R-01D-A78T-36/analysis/HCM-BROD-0210-C71-85R-01D-A78T-36.final.bam,/gpfs/commons/projects/HCMI/wgs/2c65e6ec-d698-4af2-92fd-6bcf42ad65f0/37e981aa-b97b-4470-9906-7dec4600020e_wgs_gdc_realn.bam
HCM-BROD-0611-C71-10B-01D-A83U-36,3120d27d-8665-4df8-b16c-c6c007a7866a_wgs_gdc_realn.bam,/gpfs/commons/projects/TCGA/gdc-awg/HCMI/WGS/Project_NYGC_15336_B01_SOM_WGS_AnalysisOnly/Sample_HCM-BROD-0611-C71-10B-01D-A83U-36/analysis/HCM-BROD-0611-C71-10B-01D-A83U-36.final.bam,/gpfs/commons/projects/HCMI/wgs/9b9c8d66-9c53-4c90-8762-3e375405cb18/3120d27d-8665-4df8-b16c-c6c007a7866a_wgs_gdc_realn.bam
HCM-BROD-0689-C71-10A-01D-A83U-36,f5b1984a-1a95-49b3-8476-30d7870d999e_wgs_gdc_realn.bam,/gpfs/commons/projects/TCGA/gdc-awg/HCMI/WGS/Project_NYGC_15336_B01_SOM_WGS_AnalysisOnly/Sample_HCM-BROD-0689-C71-10A-01D-A83U-36/analysis/HCM-BROD-0689-C71-10A-01D-A83U-36.final.bam,/gpfs/commons/projects/HCMI/wgs/e6b75e21-1bd0-4f9d-9779-aab7499dd038/f5b1984a-1a95-49b3-8476-30d7870d999e_wgs_gdc_realn.bam
HCM-CSHL-0192-C25-10A-01D-A79M-36,965efde8-7fcd-4899-a1d4-f2de6222ee27_wgs_gdc_realn.bam,/gpfs/commons/projects/TCGA/gdc-awg/HCMI/WGS/Project_NYGC_15336_B01_SOM_WGS_AnalysisOnly/Sample_HCM-CSHL-0192-C25-10A-01D-A79M-36/analysis/HCM-CSHL-0192-C25-10A-01D-A79M-36.final.bam,/gpfs/commons/projects/HCMI/wgs/421bef69-034e-47e2-959f-70aa83f724ca/965efde8-7fcd-4899-a1d4-f2de6222ee27_wgs_gdc_realn.bam
HCM-SANG-0265-C18-85A-01D-A78M-36,da96ce02-18ed-4219-ab23-9da7e4f69ecf_wgs_gdc_realn.bam,/gpfs/commons/projects/TCGA/gdc-awg/HCMI/WGS/Project_NYGC_15336_B01_SOM_WGS_AnalysisOnly/Sample_HCM-SANG-0265-C18-85A-01D-A78M-36/analysis/HCM-SANG-0265-C18-85A-01D-A78M-36.final.bam,/gpfs/commons/projects/HCMI/wgs/ae8628f3-db4e-4207-b6a5-637710a2381d/da96ce02-18ed-4219-ab23-9da7e4f69ecf_wgs_gdc_realn.bam
HCM-CSHL-0160-C18-01B-01D-A78L-36,18c32831-eb04-4812-92e3-d2ad9b214876_wgs_gdc_realn.bam,/gpfs/commons/projects/TCGA/gdc-awg/HCMI/WGS/Project_NYGC_15336_B01_SOM_WGS_AnalysisOnly/Sample_HCM-CSHL-0160-C18-01B-01D-A78L-36/analysis/HCM-CSHL-0160-C18-01B-01D-A78L-36.final.bam,/gpfs/commons/projects/HCMI/wgs/67c43427-daf0-4928-95e3-dc64d91fa621/18c32831-eb04-4812-92e3-d2ad9b214876_wgs_gdc_realn.bam
HCM-BROD-0029-C71-10A-01D-A80U-36,2a27647d-d8a7-4cfa-b8dc-cf2a0a656c7e_wgs_gdc_realn.bam,/gpfs/commons/projects/TCGA/gdc-awg/HCMI/WGS/Project_NYGC_15336_B01_SOM_WGS_AnalysisOnly/Sample_HCM-BROD-0029-C71-10A-01D-A80U-36/analysis/HCM-BROD-0029-C71-10A-01D-A80U-36.final.bam,/gpfs/commons/projects/HCMI/wgs/60126f3c-070a-4d40-b239-3399adfa9e27/2a27647d-d8a7-4cfa-b8dc-cf2a0a656c7e_wgs_gdc_realn.bam
HCM-SANG-0283-C18-10B-01D-A79M-36,6788b7d8-d760-4a26-b0b9-aa533afd77ee_wgs_gdc_realn.bam,/gpfs/commons/projects/TCGA/gdc-awg/HCMI/WGS/Project_NYGC_15336_B01_SOM_WGS_AnalysisOnly/Sample_HCM-SANG-0283-C18-10B-01D-A79M-36/analysis/HCM-SANG-0283-C18-10B-01D-A79M-36.final.bam,/gpfs/commons/projects/HCMI/wgs/9ae04019-1ad5-496d-bcf6-89c875441b5b/6788b7d8-d760-4a26-b0b9-aa533afd77ee_wgs_gdc_realn.bam
HCM-CSHL-0817-C22-01A-21D-A85L-36,93932181-d03f-4b07-af66-32fb90b0d3f6_wgs_gdc_realn.bam,/gpfs/commons/projects/TCGA/gdc-awg/HCMI/WGS/Project_NYGC_15336_B01_SOM_WGS_AnalysisOnly/Sample_HCM-CSHL-0817-C22-01A-21D-A85L-36/analysis/HCM-CSHL-0817-C22-01A-21D-A85L-36.final.bam,/gpfs/commons/projects/HCMI/wgs/34e88e15-969e-4133-a86b-0f4df7a14a8c/93932181-d03f-4b07-af66-32fb90b0d3f6_wgs_gdc_realn.bam
HCM-BROD-0758-C43-10A-01D-A85C-36,14ec708e-68de-4613-86fa-3214337f37af_wgs_gdc_realn.bam,/gpfs/commons/projects/TCGA/gdc-awg/HCMI/WGS/Project_NYGC_15336_B01_SOM_WGS_AnalysisOnly/Sample_HCM-BROD-0758-C43-10A-01D-A85C-36/analysis/HCM-BROD-0758-C43-10A-01D-A85C-36.final.bam,/gpfs/commons/projects/HCMI/wgs/29e0b286-7a06-422f-9cc9-e8094b03cdf5/14ec708e-68de-4613-86fa-3214337f37af_wgs_gdc_realn.bam
HCM-CSHL-0182-C25-01A-11D-A78L-36,bdb386ac-fce6-4e36-8e46-6fcd9ed59afe_wgs_gdc_realn.bam,/gpfs/commons/projects/TCGA/gdc-awg/HCMI/WGS/Project_NYGC_15336_B01_SOM_WGS_AnalysisOnly/Sample_HCM-CSHL-0182-C25-01A-11D-A78L-36/analysis/HCM-CSHL-0182-C25-01A-11D-A78L-36.final.bam,/gpfs/commons/projects/HCMI/wgs/4feda716-fe19-4323-889f-ea320a03835a/bdb386ac-fce6-4e36-8e46-6fcd9ed59afe_wgs_gdc_realn.bam
HCM-BROD-0196-C71-01A-11D-A786-36,141084ad-84a8-4af7-8d3a-f08ad83d1fc6_wgs_gdc_realn.bam,/gpfs/commons/projects/TCGA/gdc-awg/HCMI/WGS/Project_NYGC_15336_B01_SOM_WGS_AnalysisOnly/Sample_HCM-BROD-0196-C71-01A-11D-A786-36/analysis/HCM-BROD-0196-C71-01A-11D-A786-36.final.bam,/gpfs/commons/projects/HCMI/wgs/0658010c-d074-45f2-8a58-f435185a9b4b/141084ad-84a8-4af7-8d3a-f08ad83d1fc6_wgs_gdc_realn.bam
HCM-BROD-0694-C43-85N-01D-A83U-36,e51cab14-52dc-4c89-bbc6-e5b0925f3589_wgs_gdc_realn.bam,/gpfs/commons/projects/TCGA/gdc-awg/HCMI/WGS/Project_NYGC_15336_B01_SOM_WGS_AnalysisOnly/Sample_HCM-BROD-0694-C43-85N-01D-A83U-36/analysis/HCM-BROD-0694-C43-85N-01D-A83U-36.final.bam,/gpfs/commons/projects/HCMI/wgs/9c64c6ed-4589-4966-aad4-d4567e9f3496/e51cab14-52dc-4c89-bbc6-e5b0925f3589_wgs_gdc_realn.bam
HCM-BROD-0099-C15-85B-01D-A85K-36,2eaa7f9a-fcb4-4d73-bca4-3ecec1f6f6d3_wgs_gdc_realn.bam,/gpfs/commons/projects/TCGA/gdc-awg/HCMI/WGS/Project_NYGC_15336_B01_SOM_WGS_AnalysisOnly/Sample_HCM-BROD-0099-C15-85B-01D-A85K-36/analysis/HCM-BROD-0099-C15-85B-01D-A85K-36.final.bam,/gpfs/commons/projects/HCMI/wgs/61da89b6-2db7-4f50-8740-06d3f812a44d/2eaa7f9a-fcb4-4d73-bca4-3ecec1f6f6d3_wgs_gdc_realn.bam
HCM-BROD-0339-C43-85M-01D-A79C-36,cb9b9bbe-34fb-451a-923d-4b9f6103b3cd_wgs_gdc_realn.bam,/gpfs/commons/projects/TCGA/gdc-awg/HCMI/WGS/Project_NYGC_15336_B01_SOM_WGS_AnalysisOnly/Sample_HCM-BROD-0339-C43-85M-01D-A79C-36/analysis/HCM-BROD-0339-C43-85M-01D-A79C-36.final.bam,/gpfs/commons/projects/HCMI/wgs/b51db8a3-6f59-4dd3-8b0c-80707fa0d527/cb9b9bbe-34fb-451a-923d-4b9f6103b3cd_wgs_gdc_realn.bam
HCM-CSHL-0085-C24-10A-01D-A78L-36,7609d016-bf22-4ec7-886a-1ab3b275ddd1_wgs_gdc_realn.bam,/gpfs/commons/projects/TCGA/gdc-awg/HCMI/WGS/Project_NYGC_15336_B01_SOM_WGS_AnalysisOnly/Sample_HCM-CSHL-0085-C24-10A-01D-A78L-36/analysis/HCM-CSHL-0085-C24-10A-01D-A78L-36.final.bam,/gpfs/commons/projects/HCMI/wgs/1a3cb533-57e9-4c52-8ba8-27368413fac9/7609d016-bf22-4ec7-886a-1ab3b275ddd1_wgs_gdc_realn.bam
HCM-BROD-0445-C15-85M-01D-A79C-36,00759161-afc4-4a2b-ac4a-9fc9fc3d64df_wgs_gdc_realn.bam,/gpfs/commons/projects/TCGA/gdc-awg/HCMI/WGS/Project_NYGC_15336_B01_SOM_WGS_AnalysisOnly/Sample_HCM-BROD-0445-C15-85M-01D-A79C-36/analysis/HCM-BROD-0445-C15-85M-01D-A79C-36.final.bam,/gpfs/commons/projects/HCMI/wgs/fb4648fe-49ee-433d-85e0-69d6f43fd6c3/00759161-afc4-4a2b-ac4a-9fc9fc3d64df_wgs_gdc_realn.bam
HCM-CSHL-0511-C24-10A-01D-A82H-36,350b57d5-1170-46c8-bec9-d0c23d43b7ad_wgs_gdc_realn.bam,/gpfs/commons/projects/TCGA/gdc-awg/HCMI/WGS/Project_NYGC_15336_B01_SOM_WGS_AnalysisOnly/Sample_HCM-CSHL-0511-C24-10A-01D-A82H-36/analysis/HCM-CSHL-0511-C24-10A-01D-A82H-36.final.bam,/gpfs/commons/projects/HCMI/wgs/969518a2-7248-49f8-bc02-a4d964cfac0c/350b57d5-1170-46c8-bec9-d0c23d43b7ad_wgs_gdc_realn.bam
HCM-CSHL-0817-C22-10A-01D-A85L-36,0839f6e3-919a-46bc-bbea-76e231c620f4_wgs_gdc_realn.bam,/gpfs/commons/projects/TCGA/gdc-awg/HCMI/WGS/Project_NYGC_15336_B01_SOM_WGS_AnalysisOnly/Sample_HCM-CSHL-0817-C22-10A-01D-A85L-36/analysis/HCM-CSHL-0817-C22-10A-01D-A85L-36.final.bam,/gpfs/commons/projects/HCMI/wgs/835e04c2-7e48-456b-8c69-43a42eba9171/0839f6e3-919a-46bc-bbea-76e231c620f4_wgs_gdc_realn.bam
HCM-BROD-0200-C71-10A-01D-A78T-36,eee857d4-faf8-4e11-a20e-0fd6108806e7_wgs_gdc_realn.bam,/gpfs/commons/projects/TCGA/gdc-awg/HCMI/WGS/Project_NYGC_15336_B01_SOM_WGS_AnalysisOnly/Sample_HCM-BROD-0200-C71-10A-01D-A78T-36/analysis/HCM-BROD-0200-C71-10A-01D-A78T-36.final.bam,/gpfs/commons/projects/HCMI/wgs/2ecdbda2-7abb-4544-a920-4d320ae447e4/eee857d4-faf8-4e11-a20e-0fd6108806e7_wgs_gdc_realn.bam
HCM-BROD-0209-C71-02A-11D-A786-36,793d0dd1-18e4-47bd-8870-b7021b035498_wgs_gdc_realn.bam,/gpfs/commons/projects/TCGA/gdc-awg/HCMI/WGS/Project_NYGC_15336_B01_SOM_WGS_AnalysisOnly/Sample_HCM-BROD-0209-C71-02A-11D-A786-36/analysis/HCM-BROD-0209-C71-02A-11D-A786-36.final.bam,/gpfs/commons/projects/HCMI/wgs/d9b93379-08b3-4366-b94c-b90993dfddf1/793d0dd1-18e4-47bd-8870-b7021b035498_wgs_gdc_realn.bam
HCM-BROD-0134-C25-10A-01D-A786-36,086a5386-c797-4d11-bc97-89eb118765a6_wgs_gdc_realn.bam,/gpfs/commons/projects/TCGA/gdc-awg/HCMI/WGS/Project_NYGC_15336_B01_SOM_WGS_AnalysisOnly/Sample_HCM-BROD-0134-C25-10A-01D-A786-36/analysis/HCM-BROD-0134-C25-10A-01D-A786-36.final.bam,/gpfs/commons/projects/HCMI/wgs/c34eb7f0-2d24-436d-8ac4-5b9ad9e61b1f/086a5386-c797-4d11-bc97-89eb118765a6_wgs_gdc_realn.bam
HCM-SANG-0295-C15-85A-01D-A78U-36,25ea56e8-b4a9-4277-a6e4-f704ebb283a9_wgs_gdc_realn.bam,/gpfs/commons/projects/TCGA/gdc-awg/HCMI/WGS/Project_NYGC_15336_B01_SOM_WGS_AnalysisOnly/Sample_HCM-SANG-0295-C15-85A-01D-A78U-36/analysis/HCM-SANG-0295-C15-85A-01D-A78U-36.final.bam,/gpfs/commons/projects/HCMI/wgs/54459837-be09-410a-bc0d-f1c13c25db04/25ea56e8-b4a9-4277-a6e4-f704ebb283a9_wgs_gdc_realn.bam
HCM-SANG-0306-C15-10A-01D-A78M-36,f24a7db0-452b-4582-a7ce-4860b9b4349f_wgs_gdc_realn.bam,/gpfs/commons/projects/TCGA/gdc-awg/HCMI/WGS/Project_NYGC_15336_B01_SOM_WGS_AnalysisOnly/Sample_HCM-SANG-0306-C15-10A-01D-A78M-36/analysis/HCM-SANG-0306-C15-10A-01D-A78M-36.final.bam,/gpfs/commons/projects/HCMI/wgs/47406129-148c-4aea-b2ea-eb4414e88763/f24a7db0-452b-4582-a7ce-4860b9b4349f_wgs_gdc_realn.bam
HCM-BROD-0219-C15-85A-01D-A82H-36,acc0a00f-9d5e-46b1-9d28-c04e6d7a0b06_wgs_gdc_realn.bam,/gpfs/commons/projects/TCGA/gdc-awg/HCMI/WGS/Project_NYGC_15336_B01_SOM_WGS_AnalysisOnly/Sample_HCM-BROD-0219-C15-85A-01D-A82H-36/analysis/HCM-BROD-0219-C15-85A-01D-A82H-36.final.bam,/gpfs/commons/projects/HCMI/wgs/7d97c167-816b-4cdf-993c-ae9f29513f63/acc0a00f-9d5e-46b1-9d28-c04e6d7a0b06_wgs_gdc_realn.bam
HCM-WCMC-0505-C16-85A-01D-A79N-36,cb4a328f-5a13-4b48-9b16-cd174eb3aa7d_wgs_gdc_realn.bam,/gpfs/commons/projects/TCGA/gdc-awg/HCMI/WGS/Project_NYGC_15336_B01_SOM_WGS_AnalysisOnly/Sample_HCM-WCMC-0505-C16-85A-01D-A79N-36/analysis/HCM-WCMC-0505-C16-85A-01D-A79N-36.final.bam,/gpfs/commons/projects/HCMI/wgs/261295c5-708b-4805-a736-0b1d5f67eaab/cb4a328f-5a13-4b48-9b16-cd174eb3aa7d_wgs_gdc_realn.bam
HCM-CSHL-0077-C25-85A-01D-A78L-36,90ee8264-792a-4421-9915-cd3752a9a7f1_wgs_gdc_realn.bam,/gpfs/commons/projects/TCGA/gdc-awg/HCMI/WGS/Project_NYGC_15336_B01_SOM_WGS_AnalysisOnly/Sample_HCM-CSHL-0077-C25-85A-01D-A78L-36/analysis/HCM-CSHL-0077-C25-85A-01D-A78L-36.final.bam,/gpfs/commons/projects/HCMI/wgs/f214ef63-767c-44b7-884c-9baf423d8f4d/90ee8264-792a-4421-9915-cd3752a9a7f1_wgs_gdc_realn.bam
HCM-BROD-0231-C25-85N-01D-A79L-36,29e25e39-0a2d-43fd-8da8-f99a74ba3bf5_wgs_gdc_realn.bam,/gpfs/commons/projects/TCGA/gdc-awg/HCMI/WGS/Project_NYGC_15336_B01_SOM_WGS_AnalysisOnly/Sample_HCM-BROD-0231-C25-85N-01D-A79L-36/analysis/HCM-BROD-0231-C25-85N-01D-A79L-36.final.bam,/gpfs/commons/projects/HCMI/wgs/bd13ef40-5f68-4bd4-b8d4-5eddd25de2c0/29e25e39-0a2d-43fd-8da8-f99a74ba3bf5_wgs_gdc_realn.bam
HCM-CSHL-0094-C25-85B-01D-A78M-36,f752fde0-ff03-4c0c-99af-f97bc56135c4_wgs_gdc_realn.bam,/gpfs/commons/projects/TCGA/gdc-awg/HCMI/WGS/Project_NYGC_15336_B01_SOM_WGS_AnalysisOnly/Sample_HCM-CSHL-0094-C25-85B-01D-A78M-36/analysis/HCM-CSHL-0094-C25-85B-01D-A78M-36.final.bam,/gpfs/commons/projects/HCMI/wgs/49a1826c-c337-464d-9ae2-132311093e4a/f752fde0-ff03-4c0c-99af-f97bc56135c4_wgs_gdc_realn.bam
HCM-CSHL-0438-C18-85A-01D-A82H-36,1062c353-62aa-4741-b67b-df38ee67c4a1_wgs_gdc_realn.bam,/gpfs/commons/projects/TCGA/gdc-awg/HCMI/WGS/Project_NYGC_15336_B01_SOM_WGS_AnalysisOnly/Sample_HCM-CSHL-0438-C18-85A-01D-A82H-36/analysis/HCM-CSHL-0438-C18-85A-01D-A82H-36.final.bam,/gpfs/commons/projects/HCMI/wgs/2c99160d-d822-447d-91bf-4e552a719cac/1062c353-62aa-4741-b67b-df38ee67c4a1_wgs_gdc_realn.bam
HCM-BROD-0043-C16-85B-01D-A79L-36,7e416edb-6bba-4506-a4b9-2db31ba3a0c0_wgs_gdc_realn.bam,/gpfs/commons/projects/TCGA/gdc-awg/HCMI/WGS/Project_NYGC_15336_B01_SOM_WGS_AnalysisOnly/Sample_HCM-BROD-0043-C16-85B-01D-A79L-36/analysis/HCM-BROD-0043-C16-85B-01D-A79L-36.final.bam,/gpfs/commons/projects/HCMI/wgs/ee5ac15f-f626-408f-8577-b53f6c67a39c/7e416edb-6bba-4506-a4b9-2db31ba3a0c0_wgs_gdc_realn.bam
HCM-CSHL-0240-C18-85A-01D-A78J-36,adf7d613-dee5-480d-be24-4ee4d1327283_wgs_gdc_realn.bam,/gpfs/commons/projects/TCGA/gdc-awg/HCMI/WGS/Project_NYGC_15336_B01_SOM_WGS_AnalysisOnly/Sample_HCM-CSHL-0240-C18-85A-01D-A78J-36/analysis/HCM-CSHL-0240-C18-85A-01D-A78J-36.final.bam,/gpfs/commons/projects/HCMI/wgs/0a0fecd8-ca6d-4169-bee0-ad9cd1b974e7/adf7d613-dee5-480d-be24-4ee4d1327283_wgs_gdc_realn.bam
HCM-BROD-0689-C71-85R-01D-A83U-36,292d74ed-fe0f-49df-ac77-ffede998f786_wgs_gdc_realn.bam,/gpfs/commons/projects/TCGA/gdc-awg/HCMI/WGS/Project_NYGC_15336_B01_SOM_WGS_AnalysisOnly/Sample_HCM-BROD-0689-C71-85R-01D-A83U-36/analysis/HCM-BROD-0689-C71-85R-01D-A83U-36.final.bam,/gpfs/commons/projects/HCMI/wgs/8e4282d0-8c3f-409e-b6f0-69ce0d3f9b75/292d74ed-fe0f-49df-ac77-ffede998f786_wgs_gdc_realn.bam
HCM-CSHL-0247-C18-06A-11D-A78T-36,1078d34e-d02e-4892-b8b6-6b5d11e13531_wgs_gdc_realn.bam,/gpfs/commons/projects/TCGA/gdc-awg/HCMI/WGS/Project_NYGC_15336_B01_SOM_WGS_AnalysisOnly/Sample_HCM-CSHL-0247-C18-06A-11D-A78T-36/analysis/HCM-CSHL-0247-C18-06A-11D-A78T-36.final.bam,/gpfs/commons/projects/HCMI/wgs/5c71622e-2a15-42ae-b520-306d4f3f27d7/1078d34e-d02e-4892-b8b6-6b5d11e13531_wgs_gdc_realn.bam
HCM-BROD-0596-C43-10A-01D-A80U-36,e0118942-03a4-46ae-b98f-51079154eab2_wgs_gdc_realn.bam,/gpfs/commons/projects/TCGA/gdc-awg/HCMI/WGS/Project_NYGC_15336_B01_SOM_WGS_AnalysisOnly/Sample_HCM-BROD-0596-C43-10A-01D-A80U-36/analysis/HCM-BROD-0596-C43-10A-01D-A80U-36.final.bam,/gpfs/commons/projects/HCMI/wgs/26df2397-3abe-432a-a9a0-e5bf7c4dbb9a/e0118942-03a4-46ae-b98f-51079154eab2_wgs_gdc_realn.bam
HCM-CSHL-0088-C25-01A-11D-A77E-36,10c890ce-467d-407d-b7c4-5c09f8f0bf6c_wgs_gdc_realn.bam,/gpfs/commons/projects/TCGA/gdc-awg/HCMI/WGS/Project_NYGC_15336_B01_SOM_WGS_AnalysisOnly/Sample_HCM-CSHL-0088-C25-01A-11D-A77E-36/analysis/HCM-CSHL-0088-C25-01A-11D-A77E-36.final.bam,/gpfs/commons/projects/HCMI/wgs/2a777fb2-f9e8-4647-928b-9499be3b4142/10c890ce-467d-407d-b7c4-5c09f8f0bf6c_wgs_gdc_realn.bam
HCM-CSHL-0248-C19-10A-01D-A78T-36,46373d57-d618-4464-b98b-2ed4bb669e8e_wgs_gdc_realn.bam,/gpfs/commons/projects/TCGA/gdc-awg/HCMI/WGS/Project_NYGC_15336_B01_SOM_WGS_AnalysisOnly/Sample_HCM-CSHL-0248-C19-10A-01D-A78T-36/analysis/HCM-CSHL-0248-C19-10A-01D-A78T-36.final.bam,/gpfs/commons/projects/HCMI/wgs/787579bc-d0d3-4959-b9f3-f349e02a9325/46373d57-d618-4464-b98b-2ed4bb669e8e_wgs_gdc_realn.bam
HCM-SANG-0282-C18-10A-01D-A79M-36,30c468c1-cba9-4905-af3e-0e62c96ae86b_wgs_gdc_realn.bam,/gpfs/commons/projects/TCGA/gdc-awg/HCMI/WGS/Project_NYGC_15336_B01_SOM_WGS_AnalysisOnly/Sample_HCM-SANG-0282-C18-10A-01D-A79M-36/analysis/HCM-SANG-0282-C18-10A-01D-A79M-36.final.bam,/gpfs/commons/projects/HCMI/wgs/eba47b6b-f006-47f3-8051-afcf4c1625b9/30c468c1-cba9-4905-af3e-0e62c96ae86b_wgs_gdc_realn.bam
HCM-SANG-0266-C20-10A-01D-A79M-36,03320c52-68e5-4a84-a404-8e55d7282fe6_wgs_gdc_realn.bam,/gpfs/commons/projects/TCGA/gdc-awg/HCMI/WGS/Project_NYGC_15336_B01_SOM_WGS_AnalysisOnly/Sample_HCM-SANG-0266-C20-10A-01D-A79M-36/analysis/HCM-SANG-0266-C20-10A-01D-A79M-36.final.bam,/gpfs/commons/projects/HCMI/wgs/c305c846-942e-4ecf-b868-19cb1702a9f7/03320c52-68e5-4a84-a404-8e55d7282fe6_wgs_gdc_realn.bam
HCM-CSHL-0432-C20-85A-01D-A79M-36,6c46fdc5-16a9-4207-82b4-433db7319c59_wgs_gdc_realn.bam,/gpfs/commons/projects/TCGA/gdc-awg/HCMI/WGS/Project_NYGC_15336_B01_SOM_WGS_AnalysisOnly/Sample_HCM-CSHL-0432-C20-85A-01D-A79M-36/analysis/HCM-CSHL-0432-C20-85A-01D-A79M-36.final.bam,/gpfs/commons/projects/HCMI/wgs/5062434c-b53f-407c-83fc-778b645a28e1/6c46fdc5-16a9-4207-82b4-433db7319c59_wgs_gdc_realn.bam
HCM-CSHL-0432-C20-10A-01D-A79M-36,898640ba-be8d-4b4c-8c59-ee74906d47c5_wgs_gdc_realn.bam,/gpfs/commons/projects/TCGA/gdc-awg/HCMI/WGS/Project_NYGC_15336_B01_SOM_WGS_AnalysisOnly/Sample_HCM-CSHL-0432-C20-10A-01D-A79M-36/analysis/HCM-CSHL-0432-C20-10A-01D-A79M-36.final.bam,/gpfs/commons/projects/HCMI/wgs/392bcc6b-7527-437b-92d3-118860fc5741/898640ba-be8d-4b4c-8c59-ee74906d47c5_wgs_gdc_realn.bam
HCM-CSHL-0257-C18-10A-01D-A79M-36,c225d25f-fcbe-4f49-a417-dd8e87e71e0f_wgs_gdc_realn.bam,/gpfs/commons/projects/TCGA/gdc-awg/HCMI/WGS/Project_NYGC_15336_B01_SOM_WGS_AnalysisOnly/Sample_HCM-CSHL-0257-C18-10A-01D-A79M-36/analysis/HCM-CSHL-0257-C18-10A-01D-A79M-36.final.bam,/gpfs/commons/projects/HCMI/wgs/5ca1bfd4-efdd-4507-84e1-c22427b85d18/c225d25f-fcbe-4f49-a417-dd8e87e71e0f_wgs_gdc_realn.bam
HCM-BROD-0483-C16-10A-01D-A79C-36,d3876d08-ebef-4531-a4f9-1609a25f9d80_wgs_gdc_realn.bam,/gpfs/commons/projects/TCGA/gdc-awg/HCMI/WGS/Project_NYGC_15336_B01_SOM_WGS_AnalysisOnly/Sample_HCM-BROD-0483-C16-10A-01D-A79C-36/analysis/HCM-BROD-0483-C16-10A-01D-A79C-36.final.bam,/gpfs/commons/projects/HCMI/wgs/66945036-2d7c-4757-a051-36e806aa10a9/d3876d08-ebef-4531-a4f9-1609a25f9d80_wgs_gdc_realn.bam
HCM-BROD-0232-C25-85B-01D-A79L-36,ce5bffcb-fa10-4883-99e2-7ef749125f10_wgs_gdc_realn.bam,/gpfs/commons/projects/TCGA/gdc-awg/HCMI/WGS/Project_NYGC_15336_B01_SOM_WGS_AnalysisOnly/Sample_HCM-BROD-0232-C25-85B-01D-A79L-36/analysis/HCM-BROD-0232-C25-85B-01D-A79L-36.final.bam,/gpfs/commons/projects/HCMI/wgs/69e377cd-7cb0-4c52-9a1e-e1a4642690b0/ce5bffcb-fa10-4883-99e2-7ef749125f10_wgs_gdc_realn.bam
HCM-CSHL-0258-C18-01A-11D-A85K-36,3dff2700-782a-4054-a053-2069de7c64e3_wgs_gdc_realn.bam,/gpfs/commons/projects/TCGA/gdc-awg/HCMI/WGS/Project_NYGC_15336_B01_SOM_WGS_AnalysisOnly/Sample_HCM-CSHL-0258-C18-01A-11D-A85K-36/analysis/HCM-CSHL-0258-C18-01A-11D-A85K-36.final.bam,/gpfs/commons/projects/HCMI/wgs/9691b0c7-cd81-4c31-ac5c-1c89cb4a1ba2/3dff2700-782a-4054-a053-2069de7c64e3_wgs_gdc_realn.bam
HCM-CSHL-0740-C18-10A-01D-A83U-36,9365d1e5-f23b-46d9-918f-af52e557b79c_wgs_gdc_realn.bam,/gpfs/commons/projects/TCGA/gdc-awg/HCMI/WGS/Project_NYGC_15336_B01_SOM_WGS_AnalysisOnly/Sample_HCM-CSHL-0740-C18-10A-01D-A83U-36/analysis/HCM-CSHL-0740-C18-10A-01D-A83U-36.final.bam,/gpfs/commons/projects/HCMI/wgs/be5288f8-77c7-4540-ba92-128e067c34df/9365d1e5-f23b-46d9-918f-af52e557b79c_wgs_gdc_realn.bam
HCM-WCMC-0671-C18-85A-01D-A85C-36,f540694b-8f21-4a60-9d37-bbc2b5a27e58_wgs_gdc_realn.bam,/gpfs/commons/projects/TCGA/gdc-awg/HCMI/WGS/Project_NYGC_15336_B01_SOM_WGS_AnalysisOnly/Sample_HCM-WCMC-0671-C18-85A-01D-A85C-36/analysis/HCM-WCMC-0671-C18-85A-01D-A85C-36.final.bam,/gpfs/commons/projects/HCMI/wgs/eab756e7-9599-40c6-95fa-a9278ef1d5de/f540694b-8f21-4a60-9d37-bbc2b5a27e58_wgs_gdc_realn.bam
HCM-SANG-0278-C20-85A-01D-A79M-36,b1b902ac-0cc5-478d-b3f3-00de88ebafbd_wgs_gdc_realn.bam,/gpfs/commons/projects/TCGA/gdc-awg/HCMI/WGS/Project_NYGC_15336_B01_SOM_WGS_AnalysisOnly/Sample_HCM-SANG-0278-C20-85A-01D-A79M-36/analysis/HCM-SANG-0278-C20-85A-01D-A79M-36.final.bam,/gpfs/commons/projects/HCMI/wgs/8cb8513f-0b55-4445-82e4-8c1b17f1c18e/b1b902ac-0cc5-478d-b3f3-00de88ebafbd_wgs_gdc_realn.bam
HCM-CSHL-0091-C25-85A-01D-A77E-36,d05587fc-9376-4ace-a5b6-18f87b2a1d3d_wgs_gdc_realn.bam,/gpfs/commons/projects/TCGA/gdc-awg/HCMI/WGS/Project_NYGC_15336_B01_SOM_WGS_AnalysisOnly/Sample_HCM-CSHL-0091-C25-85A-01D-A77E-36/analysis/HCM-CSHL-0091-C25-85A-01D-A77E-36.final.bam,/gpfs/commons/projects/HCMI/wgs/6e10526e-31b7-43fb-ac10-8745a5bca089/d05587fc-9376-4ace-a5b6-18f87b2a1d3d_wgs_gdc_realn.bam
HCM-CSHL-0434-C24-10A-01D-A78U-36,4ff990f4-daea-45d6-b271-8ab4801ddaf5_wgs_gdc_realn.bam,/gpfs/commons/projects/TCGA/gdc-awg/HCMI/WGS/Project_NYGC_15336_B01_SOM_WGS_AnalysisOnly/Sample_HCM-CSHL-0434-C24-10A-01D-A78U-36/analysis/HCM-CSHL-0434-C24-10A-01D-A78U-36.final.bam,/gpfs/commons/projects/HCMI/wgs/ef3eacff-47bb-41e9-947e-500283279f41/4ff990f4-daea-45d6-b271-8ab4801ddaf5_wgs_gdc_realn.bam
HCM-BROD-0830-C71-02A-11D-A85K-36,283642da-dbc4-4f1d-a408-7f1ab6febae2_wgs_gdc_realn.bam,/gpfs/commons/projects/TCGA/gdc-awg/HCMI/WGS/Project_NYGC_15336_B01_SOM_WGS_AnalysisOnly/Sample_HCM-BROD-0830-C71-02A-11D-A85K-36/analysis/HCM-BROD-0830-C71-02A-11D-A85K-36.final.bam,/gpfs/commons/projects/HCMI/wgs/800dfabf-100e-44e8-a8eb-29c4daa057a8/283642da-dbc4-4f1d-a408-7f1ab6febae2_wgs_gdc_realn.bam
HCM-BROD-0569-C43-10A-01D-A80U-36,8e4a9a37-f5b3-4720-86e9-8999126c2a6f_wgs_gdc_realn.bam,/gpfs/commons/projects/TCGA/gdc-awg/HCMI/WGS/Project_NYGC_15336_B01_SOM_WGS_AnalysisOnly/Sample_HCM-BROD-0569-C43-10A-01D-A80U-36/analysis/HCM-BROD-0569-C43-10A-01D-A80U-36.final.bam,/gpfs/commons/projects/HCMI/wgs/1d529770-0826-4c14-9c51-6e2f3176d5db/8e4a9a37-f5b3-4720-86e9-8999126c2a6f_wgs_gdc_realn.bam
HCM-CSHL-0740-C18-85N-01D-A83U-36,90f97ceb-3af1-4b72-91f3-8dfaae8ee3d2_wgs_gdc_realn.bam,/gpfs/commons/projects/TCGA/gdc-awg/HCMI/WGS/Project_NYGC_15336_B01_SOM_WGS_AnalysisOnly/Sample_HCM-CSHL-0740-C18-85N-01D-A83U-36/analysis/HCM-CSHL-0740-C18-85N-01D-A83U-36.final.bam,/gpfs/commons/projects/HCMI/wgs/ce8791dd-faec-420e-bb20-29e709845711/90f97ceb-3af1-4b72-91f3-8dfaae8ee3d2_wgs_gdc_realn.bam
HCM-BROD-0214-C71-85A-01D-A79L-36,8804d943-9da8-441b-9e27-60bd44fd4a5e_wgs_gdc_realn.bam,/gpfs/commons/projects/TCGA/gdc-awg/HCMI/WGS/Project_NYGC_15336_B01_SOM_WGS_AnalysisOnly/Sample_HCM-BROD-0214-C71-85A-01D-A79L-36/analysis/HCM-BROD-0214-C71-85A-01D-A79L-36.final.bam,/gpfs/commons/projects/HCMI/wgs/298e0d6a-8876-4038-8625-b0d518aabbba/8804d943-9da8-441b-9e27-60bd44fd4a5e_wgs_gdc_realn.bam
HCM-BROD-0421-C71-10A-01D-A80U-36,44270718-c802-4fb9-b784-fc8bc8d7a1aa_wgs_gdc_realn.bam,/gpfs/commons/projects/TCGA/gdc-awg/HCMI/WGS/Project_NYGC_15336_B01_SOM_WGS_AnalysisOnly/Sample_HCM-BROD-0421-C71-10A-01D-A80U-36/analysis/HCM-BROD-0421-C71-10A-01D-A80U-36.final.bam,/gpfs/commons/projects/HCMI/wgs/14f4f807-8df7-488f-bfdd-3da65f8a6352/44270718-c802-4fb9-b784-fc8bc8d7a1aa_wgs_gdc_realn.bam
HCM-SANG-0314-C15-10A-01D-A79N-36,e5ec1182-0c76-415a-b8d9-1aff312634c2_wgs_gdc_realn.bam,/gpfs/commons/projects/TCGA/gdc-awg/HCMI/WGS/Project_NYGC_15336_B01_SOM_WGS_AnalysisOnly/Sample_HCM-SANG-0314-C15-10A-01D-A79N-36/analysis/HCM-SANG-0314-C15-10A-01D-A79N-36.final.bam,/gpfs/commons/projects/HCMI/wgs/3f7de492-3aef-4c23-8588-70d80dc1caf3/e5ec1182-0c76-415a-b8d9-1aff312634c2_wgs_gdc_realn.bam
HCM-BROD-0703-C16-10A-01D-A85K-36,cb9f9c7a-1d75-4b8f-a482-9cbf58d9e73f_wgs_gdc_realn.bam,/gpfs/commons/projects/TCGA/gdc-awg/HCMI/WGS/Project_NYGC_15336_B01_SOM_WGS_AnalysisOnly/Sample_HCM-BROD-0703-C16-10A-01D-A85K-36/analysis/HCM-BROD-0703-C16-10A-01D-A85K-36.final.bam,/gpfs/commons/projects/HCMI/wgs/d662d006-32b0-4303-a5b8-f061ee067458/cb9f9c7a-1d75-4b8f-a482-9cbf58d9e73f_wgs_gdc_realn.bam
HCM-BROD-0574-C71-10A-01D-A82H-36,423e5c08-5f30-4477-9512-de2957ffa834_wgs_gdc_realn.bam,/gpfs/commons/projects/TCGA/gdc-awg/HCMI/WGS/Project_NYGC_15336_B01_SOM_WGS_AnalysisOnly/Sample_HCM-BROD-0574-C71-10A-01D-A82H-36/analysis/HCM-BROD-0574-C71-10A-01D-A82H-36.final.bam,/gpfs/commons/projects/HCMI/wgs/64db8c51-64a7-4124-9cb4-180060570782/423e5c08-5f30-4477-9512-de2957ffa834_wgs_gdc_realn.bam
HCM-CSHL-0658-C20-85O-01D-A85K-36,0b222b4b-d3c7-4596-81ad-25308e305534_wgs_gdc_realn.bam,/gpfs/commons/projects/TCGA/gdc-awg/HCMI/WGS/Project_NYGC_15336_B01_SOM_WGS_AnalysisOnly/Sample_HCM-CSHL-0658-C20-85O-01D-A85K-36/analysis/HCM-CSHL-0658-C20-85O-01D-A85K-36.final.bam,/gpfs/commons/projects/HCMI/wgs/d61b70de-dd2b-4c17-b5db-90d5f9b14cb4/0b222b4b-d3c7-4596-81ad-25308e305534_wgs_gdc_realn.bam
HCM-BROD-0053-C49-10A-01D-A79C-36,028af175-d911-48eb-869d-b49495fcd80a_wgs_gdc_realn.bam,/gpfs/commons/projects/TCGA/gdc-awg/HCMI/WGS/Project_NYGC_15336_B01_SOM_WGS_AnalysisOnly/Sample_HCM-BROD-0053-C49-10A-01D-A79C-36/analysis/HCM-BROD-0053-C49-10A-01D-A79C-36.final.bam,/gpfs/commons/projects/HCMI/wgs/7e190dfa-bec0-475b-a5be-59314087be08/028af175-d911-48eb-869d-b49495fcd80a_wgs_gdc_realn.bam
HCM-BROD-0095-C15-06A-11D-A79C-36,24b11e4f-5e04-4d28-875e-a242515f6d07_wgs_gdc_realn.bam,/gpfs/commons/projects/TCGA/gdc-awg/HCMI/WGS/Project_NYGC_15336_B01_SOM_WGS_AnalysisOnly/Sample_HCM-BROD-0095-C15-06A-11D-A79C-36/analysis/HCM-BROD-0095-C15-06A-11D-A79C-36.final.bam,/gpfs/commons/projects/HCMI/wgs/af1fe5af-ddd7-4bdd-9b75-f7fba750c860/24b11e4f-5e04-4d28-875e-a242515f6d07_wgs_gdc_realn.bam
HCM-BROD-0420-C71-02B-11D-A82H-36,d6931982-18bc-435b-a519-4d27872f8275_wgs_gdc_realn.bam,/gpfs/commons/projects/TCGA/gdc-awg/HCMI/WGS/Project_NYGC_15336_B01_SOM_WGS_AnalysisOnly/Sample_HCM-BROD-0420-C71-02B-11D-A82H-36/analysis/HCM-BROD-0420-C71-02B-11D-A82H-36.final.bam,/gpfs/commons/projects/HCMI/wgs/082365b5-bc54-4e43-8f39-a4bf9f8e151b/d6931982-18bc-435b-a519-4d27872f8275_wgs_gdc_realn.bam
HCM-CSHL-0607-C19-85A-01D-A82H-36,c3f46749-1950-49cc-9624-b0b338a82493_wgs_gdc_realn.bam,/gpfs/commons/projects/TCGA/gdc-awg/HCMI/WGS/Project_NYGC_15336_B01_SOM_WGS_AnalysisOnly/Sample_HCM-CSHL-0607-C19-85A-01D-A82H-36/analysis/HCM-CSHL-0607-C19-85A-01D-A82H-36.final.bam,/gpfs/commons/projects/HCMI/wgs/e2e2dd9a-9bae-433d-b997-d7613609df2e/c3f46749-1950-49cc-9624-b0b338a82493_wgs_gdc_realn.bam
HCM-SANG-0292-C15-85A-01D-A79M-36,3d9691dc-04a4-49b5-9e60-0cbadc9d3645_wgs_gdc_realn.bam,/gpfs/commons/projects/TCGA/gdc-awg/HCMI/WGS/Project_NYGC_15336_B01_SOM_WGS_AnalysisOnly/Sample_HCM-SANG-0292-C15-85A-01D-A79M-36/analysis/HCM-SANG-0292-C15-85A-01D-A79M-36.final.bam,/gpfs/commons/projects/HCMI/wgs/123081e8-fa73-44aa-8579-20576c866262/3d9691dc-04a4-49b5-9e60-0cbadc9d3645_wgs_gdc_realn.bam
HCM-CSHL-0074-C25-01A-11D-A77E-36,050c4b90-c5d4-4c47-a9eb-f702e9c6ac3f_wgs_gdc_realn.bam,/gpfs/commons/projects/TCGA/gdc-awg/HCMI/WGS/Project_NYGC_15336_B01_SOM_WGS_AnalysisOnly/Sample_HCM-CSHL-0074-C25-01A-11D-A77E-36/analysis/HCM-CSHL-0074-C25-01A-11D-A77E-36.final.bam,/gpfs/commons/projects/HCMI/wgs/9050f465-cf41-420b-8466-f4cabd026859/050c4b90-c5d4-4c47-a9eb-f702e9c6ac3f_wgs_gdc_realn.bam
HCM-BROD-0755-C43-10A-01D-A85C-36,15aee228-de94-49ce-8124-1d0c37709b64_wgs_gdc_realn.bam,/gpfs/commons/projects/TCGA/gdc-awg/HCMI/WGS/Project_NYGC_15336_B01_SOM_WGS_AnalysisOnly/Sample_HCM-BROD-0755-C43-10A-01D-A85C-36/analysis/HCM-BROD-0755-C43-10A-01D-A85C-36.final.bam,/gpfs/commons/projects/HCMI/wgs/46e62fb8-cfbf-4b3f-b784-77d4299f16d2/15aee228-de94-49ce-8124-1d0c37709b64_wgs_gdc_realn.bam
HCM-CSHL-0371-C25-85A-01D-A78L-36,26a6bae3-6fe7-432e-ba6f-fcc4b74c7701_wgs_gdc_realn.bam,/gpfs/commons/projects/TCGA/gdc-awg/HCMI/WGS/Project_NYGC_15336_B01_SOM_WGS_AnalysisOnly/Sample_HCM-CSHL-0371-C25-85A-01D-A78L-36/analysis/HCM-CSHL-0371-C25-85A-01D-A78L-36.final.bam,/gpfs/commons/projects/HCMI/wgs/65f1bf67-1b91-43ec-84f7-27dea413d666/26a6bae3-6fe7-432e-ba6f-fcc4b74c7701_wgs_gdc_realn.bam
HCM-BROD-0036-C41-85A-01D-A786-36,cc0fc51c-23d3-4250-b506-253f7e559e77_wgs_gdc_realn.bam,/gpfs/commons/projects/TCGA/gdc-awg/HCMI/WGS/Project_NYGC_15336_B01_SOM_WGS_AnalysisOnly/Sample_HCM-BROD-0036-C41-85A-01D-A786-36/analysis/HCM-BROD-0036-C41-85A-01D-A786-36.final.bam,/gpfs/commons/projects/HCMI/wgs/30ca1370-1b4f-47aa-ba11-a5211e6a4218/cc0fc51c-23d3-4250-b506-253f7e559e77_wgs_gdc_realn.bam
HCM-BROD-0235-C16-10B-01D-A79C-36,9674866f-6514-4f9c-9ad9-68bc07e6053d_wgs_gdc_realn.bam,/gpfs/commons/projects/TCGA/gdc-awg/HCMI/WGS/Project_NYGC_15336_B01_SOM_WGS_AnalysisOnly/Sample_HCM-BROD-0235-C16-10B-01D-A79C-36/analysis/HCM-BROD-0235-C16-10B-01D-A79C-36.final.bam,/gpfs/commons/projects/HCMI/wgs/7b2f4e1b-d277-4b90-a8d3-de0194eba552/9674866f-6514-4f9c-9ad9-68bc07e6053d_wgs_gdc_realn.bam
HCM-BROD-0450-C15-85M-01D-A79L-36,b36dd6f7-294a-418c-b760-ee3b10bfd71c_wgs_gdc_realn.bam,/gpfs/commons/projects/TCGA/gdc-awg/HCMI/WGS/Project_NYGC_15336_B01_SOM_WGS_AnalysisOnly/Sample_HCM-BROD-0450-C15-85M-01D-A79L-36/analysis/HCM-BROD-0450-C15-85M-01D-A79L-36.final.bam,/gpfs/commons/projects/HCMI/wgs/75fdacf1-e7f9-4a79-93e5-f79372832237/b36dd6f7-294a-418c-b760-ee3b10bfd71c_wgs_gdc_realn.bam
HCM-BROD-0122-C25-85A-01D-A79L-36,e9b2d94d-324f-45ee-9460-b1c6077e270a_wgs_gdc_realn.bam,/gpfs/commons/projects/TCGA/gdc-awg/HCMI/WGS/Project_NYGC_15336_B01_SOM_WGS_AnalysisOnly/Sample_HCM-BROD-0122-C25-85A-01D-A79L-36/analysis/HCM-BROD-0122-C25-85A-01D-A79L-36.final.bam,/gpfs/commons/projects/HCMI/wgs/ff8c267d-42d4-42fb-a96f-3957cecff5b9/e9b2d94d-324f-45ee-9460-b1c6077e270a_wgs_gdc_realn.bam
HCM-BROD-0423-C71-10A-01D-A83U-36,24292aac-195a-4df2-91e0-d99ff818b9ae_wgs_gdc_realn.bam,/gpfs/commons/projects/TCGA/gdc-awg/HCMI/WGS/Project_NYGC_15336_B01_SOM_WGS_AnalysisOnly/Sample_HCM-BROD-0423-C71-10A-01D-A83U-36/analysis/HCM-BROD-0423-C71-10A-01D-A83U-36.final.bam,/gpfs/commons/projects/HCMI/wgs/ea4636c6-80ad-47cb-9784-8073d2f9999d/24292aac-195a-4df2-91e0-d99ff818b9ae_wgs_gdc_realn.bam
HCM-SANG-0287-C20-01A-01D-A78U-36,1e9d473d-c7b7-4eca-82c5-4d8b40e482a8_wgs_gdc_realn.bam,/gpfs/commons/projects/TCGA/gdc-awg/HCMI/WGS/Project_NYGC_15336_B01_SOM_WGS_AnalysisOnly/Sample_HCM-SANG-0287-C20-01A-01D-A78U-36/analysis/HCM-SANG-0287-C20-01A-01D-A78U-36.final.bam,/gpfs/commons/projects/HCMI/wgs/b16d42bb-40c8-482b-bccc-b70958ce179e/1e9d473d-c7b7-4eca-82c5-4d8b40e482a8_wgs_gdc_realn.bam
HCM-SANG-0270-C20-85A-01D-A79M-36,8758e44a-017f-4cd9-bedc-8e6eca655a87_wgs_gdc_realn.bam,/gpfs/commons/projects/TCGA/gdc-awg/HCMI/WGS/Project_NYGC_15336_B01_SOM_WGS_AnalysisOnly/Sample_HCM-SANG-0270-C20-85A-01D-A79M-36/analysis/HCM-SANG-0270-C20-85A-01D-A79M-36.final.bam,/gpfs/commons/projects/HCMI/wgs/b7f17bfa-8c71-41fe-8788-44df3b79fe2c/8758e44a-017f-4cd9-bedc-8e6eca655a87_wgs_gdc_realn.bam
HCM-CSHL-0729-C18-01A-11D-A82I-36,5ab002f0-2d4b-43a4-9c98-9f36b632d14a_wgs_gdc_realn.bam,/gpfs/commons/projects/TCGA/gdc-awg/HCMI/WGS/Project_NYGC_15336_B01_SOM_WGS_AnalysisOnly/Sample_HCM-CSHL-0729-C18-01A-11D-A82I-36/analysis/HCM-CSHL-0729-C18-01A-11D-A82I-36.final.bam,/gpfs/commons/projects/HCMI/wgs/6494713d-6e0e-4e94-9e57-bf6c861d11cd/5ab002f0-2d4b-43a4-9c98-9f36b632d14a_wgs_gdc_realn.bam
HCM-BROD-0449-C34-10B-01D-A82H-36,b5135ba3-75bb-4841-be0c-26d0515d35f1_wgs_gdc_realn.bam,/gpfs/commons/projects/TCGA/gdc-awg/HCMI/WGS/Project_NYGC_15336_B01_SOM_WGS_AnalysisOnly/Sample_HCM-BROD-0449-C34-10B-01D-A82H-36/analysis/HCM-BROD-0449-C34-10B-01D-A82H-36.final.bam,/gpfs/commons/projects/HCMI/wgs/9686b770-1e0e-4cd3-b7de-4bafec447012/b5135ba3-75bb-4841-be0c-26d0515d35f1_wgs_gdc_realn.bam
HCM-SANG-0284-C18-85A-01D-A78M-36,ed57ff49-5934-4fa4-9d2c-6a7b761e2f50_wgs_gdc_realn.bam,/gpfs/commons/projects/TCGA/gdc-awg/HCMI/WGS/Project_NYGC_15336_B01_SOM_WGS_AnalysisOnly/Sample_HCM-SANG-0284-C18-85A-01D-A78M-36/analysis/HCM-SANG-0284-C18-85A-01D-A78M-36.final.bam,/gpfs/commons/projects/HCMI/wgs/ea84cf64-36dc-46e8-a858-7d8dd9758935/ed57ff49-5934-4fa4-9d2c-6a7b761e2f50_wgs_gdc_realn.bam
HCM-BROD-0831-C71-10A-01D-A85K-36,f0340958-3520-45eb-85b3-6d915bdc7681_wgs_gdc_realn.bam,/gpfs/commons/projects/TCGA/gdc-awg/HCMI/WGS/Project_NYGC_15336_B01_SOM_WGS_AnalysisOnly/Sample_HCM-BROD-0831-C71-10A-01D-A85K-36/analysis/HCM-BROD-0831-C71-10A-01D-A85K-36.final.bam,/gpfs/commons/projects/HCMI/wgs/28d3959d-27e6-47bf-96bb-b45a3cc3d915/f0340958-3520-45eb-85b3-6d915bdc7681_wgs_gdc_realn.bam
HCM-CSHL-0835-C20-85N-01D-A85L-36,b33b2be6-1474-43b5-a90b-067175b1c435_wgs_gdc_realn.bam,/gpfs/commons/projects/TCGA/gdc-awg/HCMI/WGS/Project_NYGC_15336_B01_SOM_WGS_AnalysisOnly/Sample_HCM-CSHL-0835-C20-85N-01D-A85L-36/analysis/HCM-CSHL-0835-C20-85N-01D-A85L-36.final.bam,/gpfs/commons/projects/HCMI/wgs/72b72029-2503-4554-b381-1859a69aa041/b33b2be6-1474-43b5-a90b-067175b1c435_wgs_gdc_realn.bam
HCM-CSHL-0461-D12-10A-01D-A78U-36,35de037d-bf6f-4abd-8fa0-3a24a1d271ca_wgs_gdc_realn.bam,/gpfs/commons/projects/TCGA/gdc-awg/HCMI/WGS/Project_NYGC_15336_B01_SOM_WGS_AnalysisOnly/Sample_HCM-CSHL-0461-D12-10A-01D-A78U-36/analysis/HCM-CSHL-0461-D12-10A-01D-A78U-36.final.bam,/gpfs/commons/projects/HCMI/wgs/4a810cf6-5398-4a57-b691-d0dfd98915c2/35de037d-bf6f-4abd-8fa0-3a24a1d271ca_wgs_gdc_realn.bam
HCM-CSHL-0838-C18-85M-01D-A85L-36,0ccc2be1-8863-4bec-aaa4-b350f513d3a8_wgs_gdc_realn.bam,/gpfs/commons/projects/TCGA/gdc-awg/HCMI/WGS/Project_NYGC_15336_B01_SOM_WGS_AnalysisOnly/Sample_HCM-CSHL-0838-C18-85M-01D-A85L-36/analysis/HCM-CSHL-0838-C18-85M-01D-A85L-36.final.bam,/gpfs/commons/projects/HCMI/wgs/4337c6ef-a4e9-453e-bee1-19d130c491aa/0ccc2be1-8863-4bec-aaa4-b350f513d3a8_wgs_gdc_realn.bam
HCM-BROD-0196-C71-85A-01D-A786-36,785f629e-91a8-4405-bed0-7ddee944dc5a_wgs_gdc_realn.bam,/gpfs/commons/projects/TCGA/gdc-awg/HCMI/WGS/Project_NYGC_15336_B01_SOM_WGS_AnalysisOnly/Sample_HCM-BROD-0196-C71-85A-01D-A786-36/analysis/HCM-BROD-0196-C71-85A-01D-A786-36.final.bam,/gpfs/commons/projects/HCMI/wgs/8f21da48-6ff2-4b52-9ada-ec4ba28a77d0/785f629e-91a8-4405-bed0-7ddee944dc5a_wgs_gdc_realn.bam
HCM-BROD-0417-C71-01A-11D-A82H-36,d898a0ca-09bc-4094-893e-e623796f2fd4_wgs_gdc_realn.bam,/gpfs/commons/projects/TCGA/gdc-awg/HCMI/WGS/Project_NYGC_15336_B01_SOM_WGS_AnalysisOnly/Sample_HCM-BROD-0417-C71-01A-11D-A82H-36/analysis/HCM-BROD-0417-C71-01A-11D-A82H-36.final.bam,/gpfs/commons/projects/HCMI/wgs/6b953de4-4d3e-42a4-9cb8-69458fca5533/d898a0ca-09bc-4094-893e-e623796f2fd4_wgs_gdc_realn.bam
HCM-BROD-0195-C71-01A-21D-A786-36,37130fee-3619-413b-be7a-79b7b4c2a7eb_wgs_gdc_realn.bam,/gpfs/commons/projects/TCGA/gdc-awg/HCMI/WGS/Project_NYGC_15336_B01_SOM_WGS_AnalysisOnly/Sample_HCM-BROD-0195-C71-01A-21D-A786-36/analysis/HCM-BROD-0195-C71-01A-21D-A786-36.final.bam,/gpfs/commons/projects/HCMI/wgs/1e2c0993-d1f9-48a0-bce6-e8a79981863a/37130fee-3619-413b-be7a-79b7b4c2a7eb_wgs_gdc_realn.bam
HCM-CSHL-0511-C24-85A-01D-A82H-36,20bb1238-3398-47f6-bfd1-d00da22a1e17_wgs_gdc_realn.bam,/gpfs/commons/projects/TCGA/gdc-awg/HCMI/WGS/Project_NYGC_15336_B01_SOM_WGS_AnalysisOnly/Sample_HCM-CSHL-0511-C24-85A-01D-A82H-36/analysis/HCM-CSHL-0511-C24-85A-01D-A82H-36.final.bam,/gpfs/commons/projects/HCMI/wgs/95f87e6d-a64e-4206-8b2a-b9f512330cb0/20bb1238-3398-47f6-bfd1-d00da22a1e17_wgs_gdc_realn.bam
HCM-BROD-0223-C43-85M-01D-A78T-36,cfe75dfb-b401-44e4-b56b-13df9527d224_wgs_gdc_realn.bam,/gpfs/commons/projects/TCGA/gdc-awg/HCMI/WGS/Project_NYGC_15336_B01_SOM_WGS_AnalysisOnly/Sample_HCM-BROD-0223-C43-85M-01D-A78T-36/analysis/HCM-BROD-0223-C43-85M-01D-A78T-36.final.bam,/gpfs/commons/projects/HCMI/wgs/0be5d835-9fea-49f9-a360-f04ff8279336/cfe75dfb-b401-44e4-b56b-13df9527d224_wgs_gdc_realn.bam
HCM-CSHL-0730-C25-85A-01D-A82I-36,f4c25b48-35ca-457a-b61d-5ef8578993a9_wgs_gdc_realn.bam,/gpfs/commons/projects/TCGA/gdc-awg/HCMI/WGS/Project_NYGC_15336_B01_SOM_WGS_AnalysisOnly/Sample_HCM-CSHL-0730-C25-85A-01D-A82I-36/analysis/HCM-CSHL-0730-C25-85A-01D-A82I-36.final.bam,/gpfs/commons/projects/HCMI/wgs/8cb74605-aa2f-417d-b8c3-aea2569237f9/f4c25b48-35ca-457a-b61d-5ef8578993a9_wgs_gdc_realn.bam
HCM-BROD-0110-C25-10A-01D-A786-36,80d6c83b-650d-44c4-8473-641eb7d41e91_wgs_gdc_realn.bam,/gpfs/commons/projects/TCGA/gdc-awg/HCMI/WGS/Project_NYGC_15336_B01_SOM_WGS_AnalysisOnly/Sample_HCM-BROD-0110-C25-10A-01D-A786-36/analysis/HCM-BROD-0110-C25-10A-01D-A786-36.final.bam,/gpfs/commons/projects/HCMI/wgs/64271ff2-f65c-4362-ab46-9c9cbcde1d91/80d6c83b-650d-44c4-8473-641eb7d41e91_wgs_gdc_realn.bam
HCM-CSHL-0821-C19-10A-01D-A85L-36,a7b48f01-edfa-4e5c-8656-91720b29b89a_wgs_gdc_realn.bam,/gpfs/commons/projects/TCGA/gdc-awg/HCMI/WGS/Project_NYGC_15336_B01_SOM_WGS_AnalysisOnly/Sample_HCM-CSHL-0821-C19-10A-01D-A85L-36/analysis/HCM-CSHL-0821-C19-10A-01D-A85L-36.final.bam,/gpfs/commons/projects/HCMI/wgs/7420e132-031b-4ad3-a443-2c2bfe6fa0ba/a7b48f01-edfa-4e5c-8656-91720b29b89a_wgs_gdc_realn.bam
HCM-BROD-0097-C15-06A-11D-A78T-36,cbc8150a-77df-40a4-a71d-93056f31e11e_wgs_gdc_realn.bam,/gpfs/commons/projects/TCGA/gdc-awg/HCMI/WGS/Project_NYGC_15336_B01_SOM_WGS_AnalysisOnly/Sample_HCM-BROD-0097-C15-06A-11D-A78T-36/analysis/HCM-BROD-0097-C15-06A-11D-A78T-36.final.bam,/gpfs/commons/projects/HCMI/wgs/711bbecb-16da-4dea-825a-baf19ddd59b9/cbc8150a-77df-40a4-a71d-93056f31e11e_wgs_gdc_realn.bam
HCM-BROD-0020-C15-85A-01D-A79L-36,1a22ed45-ce77-460c-8ed7-014223d2f88a_wgs_gdc_realn.bam,/gpfs/commons/projects/TCGA/gdc-awg/HCMI/WGS/Project_NYGC_15336_B01_SOM_WGS_AnalysisOnly/Sample_HCM-BROD-0020-C15-85A-01D-A79L-36/analysis/HCM-BROD-0020-C15-85A-01D-A79L-36.final.bam,/gpfs/commons/projects/HCMI/wgs/6232471d-5419-4b2b-9b4e-ccca178c9e8a/1a22ed45-ce77-460c-8ed7-014223d2f88a_wgs_gdc_realn.bam
HCM-BROD-0213-C71-02A-11D-A786-36,e932a8a3-2fef-4c30-96ec-59648a01e457_wgs_gdc_realn.bam,/gpfs/commons/projects/TCGA/gdc-awg/HCMI/WGS/Project_NYGC_15336_B01_SOM_WGS_AnalysisOnly/Sample_HCM-BROD-0213-C71-02A-11D-A786-36/analysis/HCM-BROD-0213-C71-02A-11D-A786-36.final.bam,/gpfs/commons/projects/HCMI/wgs/6a7d4fcf-e26d-4893-9f16-98a9d0771975/e932a8a3-2fef-4c30-96ec-59648a01e457_wgs_gdc_realn.bam
HCM-CSHL-0193-C25-01A-11D-A78L-36,3b97fdd0-cb60-4af7-8afd-c81d30242696_wgs_gdc_realn.bam,/gpfs/commons/projects/TCGA/gdc-awg/HCMI/WGS/Project_NYGC_15336_B01_SOM_WGS_AnalysisOnly/Sample_HCM-CSHL-0193-C25-01A-11D-A78L-36/analysis/HCM-CSHL-0193-C25-01A-11D-A78L-36.final.bam,/gpfs/commons/projects/HCMI/wgs/bea5f810-dce6-420b-89b0-8b0aa1cb4bef/3b97fdd0-cb60-4af7-8afd-c81d30242696_wgs_gdc_realn.bam
HCM-BROD-0134-C25-85A-01D-A786-36,2bbd7f5d-f57d-49ee-9b82-bc3dec7645c7_wgs_gdc_realn.bam,/gpfs/commons/projects/TCGA/gdc-awg/HCMI/WGS/Project_NYGC_15336_B01_SOM_WGS_AnalysisOnly/Sample_HCM-BROD-0134-C25-85A-01D-A786-36/analysis/HCM-BROD-0134-C25-85A-01D-A786-36.final.bam,/gpfs/commons/projects/HCMI/wgs/49eaf1be-624a-45b4-bfdc-2194e5f7e96a/2bbd7f5d-f57d-49ee-9b82-bc3dec7645c7_wgs_gdc_realn.bam
HCM-BROD-0045-C16-10A-01D-A79C-36,fdbd4d23-a0d6-4005-abd2-719e924694a9_wgs_gdc_realn.bam,/gpfs/commons/projects/TCGA/gdc-awg/HCMI/WGS/Project_NYGC_15336_B01_SOM_WGS_AnalysisOnly/Sample_HCM-BROD-0045-C16-10A-01D-A79C-36/analysis/HCM-BROD-0045-C16-10A-01D-A79C-36.final.bam,/gpfs/commons/projects/HCMI/wgs/a84880eb-62e1-42a6-b735-c3e907574c2d/fdbd4d23-a0d6-4005-abd2-719e924694a9_wgs_gdc_realn.bam
HCM-BROD-0703-C16-85M-01D-A85K-36,ec22b958-05c8-496b-b176-4d95ca7424d1_wgs_gdc_realn.bam,/gpfs/commons/projects/TCGA/gdc-awg/HCMI/WGS/Project_NYGC_15336_B01_SOM_WGS_AnalysisOnly/Sample_HCM-BROD-0703-C16-85M-01D-A85K-36/analysis/HCM-BROD-0703-C16-85M-01D-A85K-36.final.bam,/gpfs/commons/projects/HCMI/wgs/f2ca48aa-810f-4dad-8887-d59cdce1d9d8/ec22b958-05c8-496b-b176-4d95ca7424d1_wgs_gdc_realn.bam
HCM-CSHL-0153-C50-85E-01D-A82H-36,eb2219a4-6ac0-45e6-abad-6512cfb5f4ba_wgs_gdc_realn.bam,/gpfs/commons/projects/TCGA/gdc-awg/HCMI/WGS/Project_NYGC_15336_B01_SOM_WGS_AnalysisOnly/Sample_HCM-CSHL-0153-C50-85E-01D-A82H-36/analysis/HCM-CSHL-0153-C50-85E-01D-A82H-36.final.bam,/gpfs/commons/projects/HCMI/wgs/ad09cd78-32a5-4d1d-b2c2-27d996218a89/eb2219a4-6ac0-45e6-abad-6512cfb5f4ba_wgs_gdc_realn.bam
HCM-CSHL-0079-C25-11A-11D-A78M-36,2ddc6414-9a8f-4474-8d8a-beed88e9ded0_wgs_gdc_realn.bam,/gpfs/commons/projects/TCGA/gdc-awg/HCMI/WGS/Project_NYGC_15336_B01_SOM_WGS_AnalysisOnly/Sample_HCM-CSHL-0079-C25-11A-11D-A78M-36/analysis/HCM-CSHL-0079-C25-11A-11D-A78M-36.final.bam,/gpfs/commons/projects/HCMI/wgs/991a0b75-a577-4267-92ec-cada7d76d853/2ddc6414-9a8f-4474-8d8a-beed88e9ded0_wgs_gdc_realn.bam
HCM-CSHL-0090-C25-01A-11D-A77E-36,e36f0368-c623-46ec-83c6-ca9e6b609c5e_wgs_gdc_realn.bam,/gpfs/commons/projects/TCGA/gdc-awg/HCMI/WGS/Project_NYGC_15336_B01_SOM_WGS_AnalysisOnly/Sample_HCM-CSHL-0090-C25-01A-11D-A77E-36/analysis/HCM-CSHL-0090-C25-01A-11D-A77E-36.final.bam,/gpfs/commons/projects/HCMI/wgs/5d8089bd-fdea-4c3a-a381-48e571fdaac3/e36f0368-c623-46ec-83c6-ca9e6b609c5e_wgs_gdc_realn.bam
HCM-CSHL-0601-C25-10A-01D-A82H-36,3d3aa02e-c156-4a32-a734-769f4dee35f6_wgs_gdc_realn.bam,/gpfs/commons/projects/TCGA/gdc-awg/HCMI/WGS/Project_NYGC_15336_B01_SOM_WGS_AnalysisOnly/Sample_HCM-CSHL-0601-C25-10A-01D-A82H-36/analysis/HCM-CSHL-0601-C25-10A-01D-A82H-36.final.bam,/gpfs/commons/projects/HCMI/wgs/ee84e67a-42e8-4af0-b75d-e3f654259cd1/3d3aa02e-c156-4a32-a734-769f4dee35f6_wgs_gdc_realn.bam
HCM-CSHL-0174-C22-10A-01D-A78L-36,3973f75c-0910-4f6a-bab2-d3a6a4f56f19_wgs_gdc_realn.bam,/gpfs/commons/projects/TCGA/gdc-awg/HCMI/WGS/Project_NYGC_15336_B01_SOM_WGS_AnalysisOnly/Sample_HCM-CSHL-0174-C22-10A-01D-A78L-36/analysis/HCM-CSHL-0174-C22-10A-01D-A78L-36.final.bam,/gpfs/commons/projects/HCMI/wgs/d9273cf1-d909-4cda-94d2-ae78df09e841/3973f75c-0910-4f6a-bab2-d3a6a4f56f19_wgs_gdc_realn.bam
HCM-BROD-0011-C71-01A-01D-A768-36,2b6cd0a2-b3c3-4150-9a89-b6da0c575630_wgs_gdc_realn.bam,/gpfs/commons/projects/TCGA/gdc-awg/HCMI/WGS/Project_NYGC_15336_B01_SOM_WGS_AnalysisOnly/Sample_HCM-BROD-0011-C71-01A-01D-A768-36/analysis/HCM-BROD-0011-C71-01A-01D-A768-36.final.bam,/gpfs/commons/projects/HCMI/wgs/b3edf5d0-8690-4f68-b4fc-3ae74bc9f66f/2b6cd0a2-b3c3-4150-9a89-b6da0c575630_wgs_gdc_realn.bam
HCM-BROD-0415-C71-02B-11D-A80U-36,d6485532-5f42-4887-92a0-db623b45b091_wgs_gdc_realn.bam,/gpfs/commons/projects/TCGA/gdc-awg/HCMI/WGS/Project_NYGC_15336_B01_SOM_WGS_AnalysisOnly/Sample_HCM-BROD-0415-C71-02B-11D-A80U-36/analysis/HCM-BROD-0415-C71-02B-11D-A80U-36.final.bam,/gpfs/commons/projects/HCMI/wgs/abe674c5-768b-4381-9720-d2957c3bafe9/d6485532-5f42-4887-92a0-db623b45b091_wgs_gdc_realn.bam
HCM-CSHL-0242-C18-10A-01D-A78L-36,4cfa08a2-673d-433e-9cfc-77253c1e6f47_wgs_gdc_realn.bam,/gpfs/commons/projects/TCGA/gdc-awg/HCMI/WGS/Project_NYGC_15336_B01_SOM_WGS_AnalysisOnly/Sample_HCM-CSHL-0242-C18-10A-01D-A78L-36/analysis/HCM-CSHL-0242-C18-10A-01D-A78L-36.final.bam,/gpfs/commons/projects/HCMI/wgs/d3173c9c-3d9b-4161-8172-f60bc003f653/4cfa08a2-673d-433e-9cfc-77253c1e6f47_wgs_gdc_realn.bam
HCM-SANG-0310-C15-01A-01D-A78U-36,de3ea38a-7e3c-4218-9043-d1ade671c02f_wgs_gdc_realn.bam,/gpfs/commons/projects/TCGA/gdc-awg/HCMI/WGS/Project_NYGC_15336_B01_SOM_WGS_AnalysisOnly/Sample_HCM-SANG-0310-C15-01A-01D-A78U-36/analysis/HCM-SANG-0310-C15-01A-01D-A78U-36.final.bam,/gpfs/commons/projects/HCMI/wgs/779de94f-410e-4148-9839-3f7eebe8c717/de3ea38a-7e3c-4218-9043-d1ade671c02f_wgs_gdc_realn.bam
HCM-CSHL-0192-C25-85A-01D-A79M-36,d56cb777-95b2-48a4-a68a-797691fdf02c_wgs_gdc_realn.bam,/gpfs/commons/projects/TCGA/gdc-awg/HCMI/WGS/Project_NYGC_15336_B01_SOM_WGS_AnalysisOnly/Sample_HCM-CSHL-0192-C25-85A-01D-A79M-36/analysis/HCM-CSHL-0192-C25-85A-01D-A79M-36.final.bam,/gpfs/commons/projects/HCMI/wgs/07c1c2df-5e5c-426a-a38c-a130236e5a1f/d56cb777-95b2-48a4-a68a-797691fdf02c_wgs_gdc_realn.bam
HCM-CSHL-0381-C20-10A-01D-A79C-36,ca374ac6-bb10-44e1-b09d-6fe451faccec_wgs_gdc_realn.bam,/gpfs/commons/projects/TCGA/gdc-awg/HCMI/WGS/Project_NYGC_15336_B01_SOM_WGS_AnalysisOnly/Sample_HCM-CSHL-0381-C20-10A-01D-A79C-36/analysis/HCM-CSHL-0381-C20-10A-01D-A79C-36.final.bam,/gpfs/commons/projects/HCMI/wgs/7f724624-0b1d-4cd1-9353-b252dc2718a9/ca374ac6-bb10-44e1-b09d-6fe451faccec_wgs_gdc_realn.bam
HCM-BROD-0648-C71-85R-01D-A83U-36,0e6b9b5e-dc28-4fa1-90d7-f12c7541ce40_wgs_gdc_realn.bam,/gpfs/commons/projects/TCGA/gdc-awg/HCMI/WGS/Project_NYGC_15336_B01_SOM_WGS_AnalysisOnly/Sample_HCM-BROD-0648-C71-85R-01D-A83U-36/analysis/HCM-BROD-0648-C71-85R-01D-A83U-36.final.bam,/gpfs/commons/projects/HCMI/wgs/44874cdb-041f-4c3a-acb5-3ad5de8ae73f/0e6b9b5e-dc28-4fa1-90d7-f12c7541ce40_wgs_gdc_realn.bam
HCM-WCMC-0671-C18-10A-01D-A85C-36,4e4567d9-110f-4396-ba8e-760f8cbc528d_wgs_gdc_realn.bam,/gpfs/commons/projects/TCGA/gdc-awg/HCMI/WGS/Project_NYGC_15336_B01_SOM_WGS_AnalysisOnly/Sample_HCM-WCMC-0671-C18-10A-01D-A85C-36/analysis/HCM-WCMC-0671-C18-10A-01D-A85C-36.final.bam,/gpfs/commons/projects/HCMI/wgs/766acb29-9a76-4638-86e9-6618f3e63a5f/4e4567d9-110f-4396-ba8e-760f8cbc528d_wgs_gdc_realn.bam
HCM-CSHL-0089-C25-85A-01D-A77E-36,ba671433-9982-412b-9d98-043cdd1b6da9_wgs_gdc_realn.bam,/gpfs/commons/projects/TCGA/gdc-awg/HCMI/WGS/Project_NYGC_15336_B01_SOM_WGS_AnalysisOnly/Sample_HCM-CSHL-0089-C25-85A-01D-A77E-36/analysis/HCM-CSHL-0089-C25-85A-01D-A77E-36.final.bam,/gpfs/commons/projects/HCMI/wgs/340b3d06-483e-45a0-a31e-507b22f4ea62/ba671433-9982-412b-9d98-043cdd1b6da9_wgs_gdc_realn.bam
HCM-BROD-0721-C43-85M-01D-A83U-36,31b78fae-edae-4807-81a3-f93574a4a097_wgs_gdc_realn.bam,/gpfs/commons/projects/TCGA/gdc-awg/HCMI/WGS/Project_NYGC_15336_B01_SOM_WGS_AnalysisOnly/Sample_HCM-BROD-0721-C43-85M-01D-A83U-36/analysis/HCM-BROD-0721-C43-85M-01D-A83U-36.final.bam,/gpfs/commons/projects/HCMI/wgs/07397a98-9685-4286-88d0-b5747b7dfa96/31b78fae-edae-4807-81a3-f93574a4a097_wgs_gdc_realn.bam
HCM-CSHL-0858-C25-85M-01D-A85L-36,ae9d081a-dfa3-4bf5-a2fa-8dd60bc580b4_wgs_gdc_realn.bam,/gpfs/commons/projects/TCGA/gdc-awg/HCMI/WGS/Project_NYGC_15336_B01_SOM_WGS_AnalysisOnly/Sample_HCM-CSHL-0858-C25-85M-01D-A85L-36/analysis/HCM-CSHL-0858-C25-85M-01D-A85L-36.final.bam,/gpfs/commons/projects/HCMI/wgs/72271aeb-6997-4902-9147-48e17f7560da/ae9d081a-dfa3-4bf5-a2fa-8dd60bc580b4_wgs_gdc_realn.bam
HCM-CSHL-0438-C18-85B-01D-A82H-36,e0da5bb4-dcec-4cd7-88ff-79656a64611c_wgs_gdc_realn.bam,/gpfs/commons/projects/TCGA/gdc-awg/HCMI/WGS/Project_NYGC_15336_B01_SOM_WGS_AnalysisOnly/Sample_HCM-CSHL-0438-C18-85B-01D-A82H-36/analysis/HCM-CSHL-0438-C18-85B-01D-A82H-36.final.bam,/gpfs/commons/projects/HCMI/wgs/7538793c-64e4-44be-84d7-ddf8ab69141d/e0da5bb4-dcec-4cd7-88ff-79656a64611c_wgs_gdc_realn.bam
HCM-CSHL-0320-C02-85A-01D-A82H-36,3e3582ff-8818-452c-82be-3fb02a0e97e2_wgs_gdc_realn.bam,/gpfs/commons/projects/TCGA/gdc-awg/HCMI/WGS/Project_NYGC_15336_B01_SOM_WGS_AnalysisOnly/Sample_HCM-CSHL-0320-C02-85A-01D-A82H-36/analysis/HCM-CSHL-0320-C02-85A-01D-A82H-36.final.bam,/gpfs/commons/projects/HCMI/wgs/61f9a9da-b10c-41cd-a6be-73159cf39eee/3e3582ff-8818-452c-82be-3fb02a0e97e2_wgs_gdc_realn.bam
HCM-SANG-0296-C15-10A-01D-A78J-36,970e680e-e99b-4ac9-9b2f-d41e1006155f_wgs_gdc_realn.bam,/gpfs/commons/projects/TCGA/gdc-awg/HCMI/WGS/Project_NYGC_15336_B01_SOM_WGS_AnalysisOnly/Sample_HCM-SANG-0296-C15-10A-01D-A78J-36/analysis/HCM-SANG-0296-C15-10A-01D-A78J-36.final.bam,/gpfs/commons/projects/HCMI/wgs/206f5326-8c82-4f81-a73f-7a0134337ff7/970e680e-e99b-4ac9-9b2f-d41e1006155f_wgs_gdc_realn.bam
HCM-CSHL-0161-C18-01A-11D-A78T-36,e51b7a96-3639-4cf9-a995-dcd1cc4774d7_wgs_gdc_realn.bam,/gpfs/commons/projects/TCGA/gdc-awg/HCMI/WGS/Project_NYGC_15336_B01_SOM_WGS_AnalysisOnly/Sample_HCM-CSHL-0161-C18-01A-11D-A78T-36/analysis/HCM-CSHL-0161-C18-01A-11D-A78T-36.final.bam,/gpfs/commons/projects/HCMI/wgs/060bc627-ec0a-4e4f-9768-2eebb409c7ac/e51b7a96-3639-4cf9-a995-dcd1cc4774d7_wgs_gdc_realn.bam
HCM-BROD-0577-C15-85M-01D-A83U-36,a91ab38f-883c-499b-a849-1905a9d4cb84_wgs_gdc_realn.bam,/gpfs/commons/projects/TCGA/gdc-awg/HCMI/WGS/Project_NYGC_15336_B01_SOM_WGS_AnalysisOnly/Sample_HCM-BROD-0577-C15-85M-01D-A83U-36/analysis/HCM-BROD-0577-C15-85M-01D-A83U-36.final.bam,/gpfs/commons/projects/HCMI/wgs/51546455-4c4f-42fe-9b25-eb236d8b809a/a91ab38f-883c-499b-a849-1905a9d4cb84_wgs_gdc_realn.bam
HCM-CSHL-0507-C20-11A-01D-A82H-36,ff556e38-1021-46ef-908e-f181ba918930_wgs_gdc_realn.bam,/gpfs/commons/projects/TCGA/gdc-awg/HCMI/WGS/Project_NYGC_15336_B01_SOM_WGS_AnalysisOnly/Sample_HCM-CSHL-0507-C20-11A-01D-A82H-36/analysis/HCM-CSHL-0507-C20-11A-01D-A82H-36.final.bam,/gpfs/commons/projects/HCMI/wgs/55e0738b-2737-4f67-94fc-cb2da3029353/ff556e38-1021-46ef-908e-f181ba918930_wgs_gdc_realn.bam
HCM-BROD-0110-C25-01A-11D-A786-36,98bd2b93-d5c3-4afa-b002-937f16bb91ea_wgs_gdc_realn.bam,/gpfs/commons/projects/TCGA/gdc-awg/HCMI/WGS/Project_NYGC_15336_B01_SOM_WGS_AnalysisOnly/Sample_HCM-BROD-0110-C25-01A-11D-A786-36/analysis/HCM-BROD-0110-C25-01A-11D-A786-36.final.bam,/gpfs/commons/projects/HCMI/wgs/26953907-bc30-4ce4-bd7f-c127d3c6dbd9/98bd2b93-d5c3-4afa-b002-937f16bb91ea_wgs_gdc_realn.bam
HCM-BROD-0793-C15-85M-01D-A85K-36,e15ad1a3-fe53-4f73-9561-d827dd7dd659_wgs_gdc_realn.bam,/gpfs/commons/projects/TCGA/gdc-awg/HCMI/WGS/Project_NYGC_15336_B01_SOM_WGS_AnalysisOnly/Sample_HCM-BROD-0793-C15-85M-01D-A85K-36/analysis/HCM-BROD-0793-C15-85M-01D-A85K-36.final.bam,/gpfs/commons/projects/HCMI/wgs/e603d5ac-d45e-4c4a-9ae6-559cf2cac0a3/e15ad1a3-fe53-4f73-9561-d827dd7dd659_wgs_gdc_realn.bam
HCM-CSHL-0433-C24-11A-01D-A78L-36,a5281ad7-44dd-4a4e-b554-7452af9336b3_wgs_gdc_realn.bam,/gpfs/commons/projects/TCGA/gdc-awg/HCMI/WGS/Project_NYGC_15336_B01_SOM_WGS_AnalysisOnly/Sample_HCM-CSHL-0433-C24-11A-01D-A78L-36/analysis/HCM-CSHL-0433-C24-11A-01D-A78L-36.final.bam,/gpfs/commons/projects/HCMI/wgs/ac647574-d3b0-4567-94fd-cc1ebb283cfa/a5281ad7-44dd-4a4e-b554-7452af9336b3_wgs_gdc_realn.bam
HCM-CSHL-0093-C25-01B-21D-A78T-36,1daf1a15-7b10-4b2a-a70b-31c2b660581a_wgs_gdc_realn.bam,/gpfs/commons/projects/TCGA/gdc-awg/HCMI/WGS/Project_NYGC_15336_B01_SOM_WGS_AnalysisOnly/Sample_HCM-CSHL-0093-C25-01B-21D-A78T-36/analysis/HCM-CSHL-0093-C25-01B-21D-A78T-36.final.bam,/gpfs/commons/projects/HCMI/wgs/0b9d69ac-044a-4570-9f09-79d20e869446/1daf1a15-7b10-4b2a-a70b-31c2b660581a_wgs_gdc_realn.bam
HCM-BROD-0477-C16-10A-01D-A83U-36,643eb99b-8a65-4949-a0d2-c6321815cfa4_wgs_gdc_realn.bam,/gpfs/commons/projects/TCGA/gdc-awg/HCMI/WGS/Project_NYGC_15336_B01_SOM_WGS_AnalysisOnly/Sample_HCM-BROD-0477-C16-10A-01D-A83U-36/analysis/HCM-BROD-0477-C16-10A-01D-A83U-36.final.bam,/gpfs/commons/projects/HCMI/wgs/1c92c627-5a83-4905-a991-9727058c97dc/643eb99b-8a65-4949-a0d2-c6321815cfa4_wgs_gdc_realn.bam
HCM-BROD-0477-C16-06A-01D-A83U-36,1a8ea343-a978-442a-a31b-59bb8a48005f_wgs_gdc_realn.bam,/gpfs/commons/projects/TCGA/gdc-awg/HCMI/WGS/Project_NYGC_15336_B01_SOM_WGS_AnalysisOnly/Sample_HCM-BROD-0477-C16-06A-01D-A83U-36/analysis/HCM-BROD-0477-C16-06A-01D-A83U-36.final.bam,/gpfs/commons/projects/HCMI/wgs/87dff5bf-94f8-44d3-9ec1-ddbbbf4e7a9e/1a8ea343-a978-442a-a31b-59bb8a48005f_wgs_gdc_realn.bam
HCM-CSHL-0247-C18-85A-01D-A78T-36,6fac3734-977b-4e0a-9803-56474fd6c915_wgs_gdc_realn.bam,/gpfs/commons/projects/TCGA/gdc-awg/HCMI/WGS/Project_NYGC_15336_B01_SOM_WGS_AnalysisOnly/Sample_HCM-CSHL-0247-C18-85A-01D-A78T-36/analysis/HCM-CSHL-0247-C18-85A-01D-A78T-36.final.bam,/gpfs/commons/projects/HCMI/wgs/f12419ce-99f7-4a8d-8ab4-9a1af3674652/6fac3734-977b-4e0a-9803-56474fd6c915_wgs_gdc_realn.bam
HCM-BROD-0681-C71-85R-01D-A83U-36,d3a4effb-485e-4c4f-804f-921eeab3e981_wgs_gdc_realn.bam,/gpfs/commons/projects/TCGA/gdc-awg/HCMI/WGS/Project_NYGC_15336_B01_SOM_WGS_AnalysisOnly/Sample_HCM-BROD-0681-C71-85R-01D-A83U-36/analysis/HCM-BROD-0681-C71-85R-01D-A83U-36.final.bam,/gpfs/commons/projects/HCMI/wgs/2eafa205-c9cf-427b-a60b-c5ce06751f9f/d3a4effb-485e-4c4f-804f-921eeab3e981_wgs_gdc_realn.bam
HCM-BROD-0132-C25-10B-01D-A79C-36,c535e10d-9682-422e-8d87-1f61a9303661_wgs_gdc_realn.bam,/gpfs/commons/projects/TCGA/gdc-awg/HCMI/WGS/Project_NYGC_15336_B01_SOM_WGS_AnalysisOnly/Sample_HCM-BROD-0132-C25-10B-01D-A79C-36/analysis/HCM-BROD-0132-C25-10B-01D-A79C-36.final.bam,/gpfs/commons/projects/HCMI/wgs/7de0f5a1-6848-4a7e-b930-fc5c1d60130a/c535e10d-9682-422e-8d87-1f61a9303661_wgs_gdc_realn.bam
HCM-BROD-0481-C43-10A-01D-A79C-36,342a6e9c-51a4-4044-9cbd-37aee9573ca7_wgs_gdc_realn.bam,/gpfs/commons/projects/TCGA/gdc-awg/HCMI/WGS/Project_NYGC_15336_B01_SOM_WGS_AnalysisOnly/Sample_HCM-BROD-0481-C43-10A-01D-A79C-36/analysis/HCM-BROD-0481-C43-10A-01D-A79C-36.final.bam,/gpfs/commons/projects/HCMI/wgs/5d8e0c25-e701-458f-a3f0-4927af509418/342a6e9c-51a4-4044-9cbd-37aee9573ca7_wgs_gdc_realn.bam
HCM-BROD-0254-C49-85N-01D-A79L-36,ff6c5dda-b19f-4f95-b363-423fffad0838_wgs_gdc_realn.bam,/gpfs/commons/projects/TCGA/gdc-awg/HCMI/WGS/Project_NYGC_15336_B01_SOM_WGS_AnalysisOnly/Sample_HCM-BROD-0254-C49-85N-01D-A79L-36/analysis/HCM-BROD-0254-C49-85N-01D-A79L-36.final.bam,/gpfs/commons/projects/HCMI/wgs/3499e5b4-1933-42c0-941f-fb4b8e9924cc/ff6c5dda-b19f-4f95-b363-423fffad0838_wgs_gdc_realn.bam
HCM-CSHL-0093-C25-10A-01D-A78T-36,64d4dc58-83aa-47bf-9789-541269f39cc2_wgs_gdc_realn.bam,/gpfs/commons/projects/TCGA/gdc-awg/HCMI/WGS/Project_NYGC_15336_B01_SOM_WGS_AnalysisOnly/Sample_HCM-CSHL-0093-C25-10A-01D-A78T-36/analysis/HCM-CSHL-0093-C25-10A-01D-A78T-36.final.bam,/gpfs/commons/projects/HCMI/wgs/3da73df5-1f45-44b7-b6f5-28d4eba32642/64d4dc58-83aa-47bf-9789-541269f39cc2_wgs_gdc_realn.bam
HCM-SANG-0287-C20-85A-01D-A78U-36,77b7d070-0fd0-4d33-9204-b6f8cd95c415_wgs_gdc_realn.bam,/gpfs/commons/projects/TCGA/gdc-awg/HCMI/WGS/Project_NYGC_15336_B01_SOM_WGS_AnalysisOnly/Sample_HCM-SANG-0287-C20-85A-01D-A78U-36/analysis/HCM-SANG-0287-C20-85A-01D-A78U-36.final.bam,/gpfs/commons/projects/HCMI/wgs/4e937cfb-5c74-48a3-9280-457ee4ccbbaf/77b7d070-0fd0-4d33-9204-b6f8cd95c415_wgs_gdc_realn.bam
HCM-BROD-0701-C43-06B-01D-A83U-36,6399f320-797f-4696-938a-bc8cdd8eb75d_wgs_gdc_realn.bam,/gpfs/commons/projects/TCGA/gdc-awg/HCMI/WGS/Project_NYGC_15336_B01_SOM_WGS_AnalysisOnly/Sample_HCM-BROD-0701-C43-06B-01D-A83U-36/analysis/HCM-BROD-0701-C43-06B-01D-A83U-36.final.bam,/gpfs/commons/projects/HCMI/wgs/2acd2587-0901-44a5-9a7c-577e93e3031e/6399f320-797f-4696-938a-bc8cdd8eb75d_wgs_gdc_realn.bam
HCM-CSHL-0059-C25-85A-01D-A77E-36,b6279cbc-da7f-40fe-bdbf-df2254aaf8d9_wgs_gdc_realn.bam,/gpfs/commons/projects/TCGA/gdc-awg/HCMI/WGS/Project_NYGC_15336_B01_SOM_WGS_AnalysisOnly/Sample_HCM-CSHL-0059-C25-85A-01D-A77E-36/analysis/HCM-CSHL-0059-C25-85A-01D-A77E-36.final.bam,/gpfs/commons/projects/HCMI/wgs/83ee7ded-cdae-486a-8b0a-6a1e06ccff0f/b6279cbc-da7f-40fe-bdbf-df2254aaf8d9_wgs_gdc_realn.bam
HCM-CSHL-0666-C24-31A-11D-A85K-36,f05dae5b-b30e-461a-b0c3-ad603dd855c2_wgs_gdc_realn.bam,/gpfs/commons/projects/TCGA/gdc-awg/HCMI/WGS/Project_NYGC_15336_B01_SOM_WGS_AnalysisOnly/Sample_HCM-CSHL-0666-C24-31A-11D-A85K-36/analysis/HCM-CSHL-0666-C24-31A-11D-A85K-36.final.bam,/gpfs/commons/projects/HCMI/wgs/5b06017d-69b2-43b8-a095-364324eb9faa/f05dae5b-b30e-461a-b0c3-ad603dd855c2_wgs_gdc_realn.bam
HCM-BROD-0483-C16-85N-01D-A79C-36,6a593467-a2dc-47f5-882a-fff722ec3ad6_wgs_gdc_realn.bam,/gpfs/commons/projects/TCGA/gdc-awg/HCMI/WGS/Project_NYGC_15336_B01_SOM_WGS_AnalysisOnly/Sample_HCM-BROD-0483-C16-85N-01D-A79C-36/analysis/HCM-BROD-0483-C16-85N-01D-A79C-36.final.bam,/gpfs/commons/projects/HCMI/wgs/f90e5d55-d2f3-4e73-acee-a2ef758887a4/6a593467-a2dc-47f5-882a-fff722ec3ad6_wgs_gdc_realn.bam
HCM-CSHL-0838-C18-06A-11D-A85L-36,cfd81f87-ab00-4b60-a8b6-3f9a2d8b5a96_wgs_gdc_realn.bam,/gpfs/commons/projects/TCGA/gdc-awg/HCMI/WGS/Project_NYGC_15336_B01_SOM_WGS_AnalysisOnly/Sample_HCM-CSHL-0838-C18-06A-11D-A85L-36/analysis/HCM-CSHL-0838-C18-06A-11D-A85L-36.final.bam,/gpfs/commons/projects/HCMI/wgs/830cd34e-b3c7-4ad8-902b-09270835631c/cfd81f87-ab00-4b60-a8b6-3f9a2d8b5a96_wgs_gdc_realn.bam
HCM-BROD-0415-C71-85R-01D-A80U-36,a2598c63-34fe-4ac0-8918-42fb44ca9d98_wgs_gdc_realn.bam,/gpfs/commons/projects/TCGA/gdc-awg/HCMI/WGS/Project_NYGC_15336_B01_SOM_WGS_AnalysisOnly/Sample_HCM-BROD-0415-C71-85R-01D-A80U-36/analysis/HCM-BROD-0415-C71-85R-01D-A80U-36.final.bam,/gpfs/commons/projects/HCMI/wgs/55e09cf8-0c54-4a80-83f3-b7ad175d303c/a2598c63-34fe-4ac0-8918-42fb44ca9d98_wgs_gdc_realn.bam
HCM-CSHL-0092-C25-11A-11D-A786-36,74f6c8c2-7170-433e-aa7e-79a9c250902f_wgs_gdc_realn.bam,/gpfs/commons/projects/TCGA/gdc-awg/HCMI/WGS/Project_NYGC_15336_B01_SOM_WGS_AnalysisOnly/Sample_HCM-CSHL-0092-C25-11A-11D-A786-36/analysis/HCM-CSHL-0092-C25-11A-11D-A786-36.final.bam,/gpfs/commons/projects/HCMI/wgs/f3c15c2d-e93a-418f-834d-48581e1ab178/74f6c8c2-7170-433e-aa7e-79a9c250902f_wgs_gdc_realn.bam
HCM-BROD-0027-C34-85A-01D-A786-36,d7e6a1d8-1a8b-4859-bc77-3c08fa598148_wgs_gdc_realn.bam,/gpfs/commons/projects/TCGA/gdc-awg/HCMI/WGS/Project_NYGC_15336_B01_SOM_WGS_AnalysisOnly/Sample_HCM-BROD-0027-C34-85A-01D-A786-36/analysis/HCM-BROD-0027-C34-85A-01D-A786-36.final.bam,/gpfs/commons/projects/HCMI/wgs/93a3d4d5-a8ec-4a8b-8297-ee76c03ed3d7/d7e6a1d8-1a8b-4859-bc77-3c08fa598148_wgs_gdc_realn.bam
HCM-CSHL-0241-C18-85A-01D-A82H-36,f37ca374-ae47-475f-8b1b-f4d19f3e7223_wgs_gdc_realn.bam,/gpfs/commons/projects/TCGA/gdc-awg/HCMI/WGS/Project_NYGC_15336_B01_SOM_WGS_AnalysisOnly/Sample_HCM-CSHL-0241-C18-85A-01D-A82H-36/analysis/HCM-CSHL-0241-C18-85A-01D-A82H-36.final.bam,/gpfs/commons/projects/HCMI/wgs/fabd502f-aba2-4e21-bef6-a17a8ce532c1/f37ca374-ae47-475f-8b1b-f4d19f3e7223_wgs_gdc_realn.bam
HCM-BROD-0483-C16-85M-01D-A79C-36,b54cb7f2-3309-4d55-99b7-950f5cecd48d_wgs_gdc_realn.bam,/gpfs/commons/projects/TCGA/gdc-awg/HCMI/WGS/Project_NYGC_15336_B01_SOM_WGS_AnalysisOnly/Sample_HCM-BROD-0483-C16-85M-01D-A79C-36/analysis/HCM-BROD-0483-C16-85M-01D-A79C-36.final.bam,/gpfs/commons/projects/HCMI/wgs/46ea2c96-d4ce-49d3-9c6a-710a396b2635/b54cb7f2-3309-4d55-99b7-950f5cecd48d_wgs_gdc_realn.bam
HCM-BROD-0453-C16-85A-01D-A79C-36,973f0fb6-9cdf-46aa-a8e2-ba2a33a92933_wgs_gdc_realn.bam,/gpfs/commons/projects/TCGA/gdc-awg/HCMI/WGS/Project_NYGC_15336_B01_SOM_WGS_AnalysisOnly/Sample_HCM-BROD-0453-C16-85A-01D-A79C-36/analysis/HCM-BROD-0453-C16-85A-01D-A79C-36.final.bam,/gpfs/commons/projects/HCMI/wgs/3490d031-1aee-4445-8d9e-a9d0676e4fef/973f0fb6-9cdf-46aa-a8e2-ba2a33a92933_wgs_gdc_realn.bam
HCM-CSHL-0079-C25-01A-11D-A78M-36,6b970c96-1da2-4832-9c47-397cf06d0dc2_wgs_gdc_realn.bam,/gpfs/commons/projects/TCGA/gdc-awg/HCMI/WGS/Project_NYGC_15336_B01_SOM_WGS_AnalysisOnly/Sample_HCM-CSHL-0079-C25-01A-11D-A78M-36/analysis/HCM-CSHL-0079-C25-01A-11D-A78M-36.final.bam,/gpfs/commons/projects/HCMI/wgs/5fe19c12-9401-4a48-b71a-94925b88b4f7/6b970c96-1da2-4832-9c47-397cf06d0dc2_wgs_gdc_realn.bam
HCM-CSHL-0076-C25-85A-01D-A786-36,bd050ce6-47fa-49f4-9183-e63daaab5975_wgs_gdc_realn.bam,/gpfs/commons/projects/TCGA/gdc-awg/HCMI/WGS/Project_NYGC_15336_B01_SOM_WGS_AnalysisOnly/Sample_HCM-CSHL-0076-C25-85A-01D-A786-36/analysis/HCM-CSHL-0076-C25-85A-01D-A786-36.final.bam,/gpfs/commons/projects/HCMI/wgs/a2628ffc-ec70-44ba-994f-e8e5300a4a02/bd050ce6-47fa-49f4-9183-e63daaab5975_wgs_gdc_realn.bam
HCM-BROD-0125-C25-01A-11D-A79L-36,c25e3f05-57dd-4441-9005-121540e36fe2_wgs_gdc_realn.bam,/gpfs/commons/projects/TCGA/gdc-awg/HCMI/WGS/Project_NYGC_15336_B01_SOM_WGS_AnalysisOnly/Sample_HCM-BROD-0125-C25-01A-11D-A79L-36/analysis/HCM-BROD-0125-C25-01A-11D-A79L-36.final.bam,/gpfs/commons/projects/HCMI/wgs/3a629743-5cbe-4eea-98c1-ac708997d030/c25e3f05-57dd-4441-9005-121540e36fe2_wgs_gdc_realn.bam
HCM-CSHL-0366-C50-10A-01D-A78J-36,bf04a4ba-b4eb-457b-a7a0-32871977826b_wgs_gdc_realn.bam,/gpfs/commons/projects/TCGA/gdc-awg/HCMI/WGS/Project_NYGC_15336_B01_SOM_WGS_AnalysisOnly/Sample_HCM-CSHL-0366-C50-10A-01D-A78J-36/analysis/HCM-CSHL-0366-C50-10A-01D-A78J-36.final.bam,/gpfs/commons/projects/HCMI/wgs/01efabe7-27c3-4f27-bb52-94c715cfce80/bf04a4ba-b4eb-457b-a7a0-32871977826b_wgs_gdc_realn.bam
HCM-CSHL-0320-C02-10A-01D-A82H-36,a2695e9b-77de-4047-9209-8e1557f17cce_wgs_gdc_realn.bam,/gpfs/commons/projects/TCGA/gdc-awg/HCMI/WGS/Project_NYGC_15336_B01_SOM_WGS_AnalysisOnly/Sample_HCM-CSHL-0320-C02-10A-01D-A82H-36/analysis/HCM-CSHL-0320-C02-10A-01D-A82H-36.final.bam,/gpfs/commons/projects/HCMI/wgs/fcd9f08f-6440-4a86-9951-5db36f430511/a2695e9b-77de-4047-9209-8e1557f17cce_wgs_gdc_realn.bam
HCM-CSHL-0142-C18-10A-01D-A77E-36,3825cb37-65d2-4094-a91b-44f48aeea0d5_wgs_gdc_realn.bam,/gpfs/commons/projects/TCGA/gdc-awg/HCMI/WGS/Project_NYGC_15336_B01_SOM_WGS_AnalysisOnly/Sample_HCM-CSHL-0142-C18-10A-01D-A77E-36/analysis/HCM-CSHL-0142-C18-10A-01D-A77E-36.final.bam,/gpfs/commons/projects/HCMI/wgs/693213c4-8635-4132-83fa-7d5830f5d489/3825cb37-65d2-4094-a91b-44f48aeea0d5_wgs_gdc_realn.bam
HCM-SANG-0315-C25-85A-01D-A78J-36,4b2c468f-80a7-4d3f-894d-941b48d482b2_wgs_gdc_realn.bam,/gpfs/commons/projects/TCGA/gdc-awg/HCMI/WGS/Project_NYGC_15336_B01_SOM_WGS_AnalysisOnly/Sample_HCM-SANG-0315-C25-85A-01D-A78J-36/analysis/HCM-SANG-0315-C25-85A-01D-A78J-36.final.bam,/gpfs/commons/projects/HCMI/wgs/4377300f-8a10-40fb-b12e-8fc1283881d8/4b2c468f-80a7-4d3f-894d-941b48d482b2_wgs_gdc_realn.bam
HCM-CSHL-0245-C18-10A-01D-A79M-36,e0ed9fca-55a4-491c-993c-7a6ae36af3f3_wgs_gdc_realn.bam,/gpfs/commons/projects/TCGA/gdc-awg/HCMI/WGS/Project_NYGC_15336_B01_SOM_WGS_AnalysisOnly/Sample_HCM-CSHL-0245-C18-10A-01D-A79M-36/analysis/HCM-CSHL-0245-C18-10A-01D-A79M-36.final.bam,/gpfs/commons/projects/HCMI/wgs/ab7cfc24-9724-4324-915f-3077efce6746/e0ed9fca-55a4-491c-993c-7a6ae36af3f3_wgs_gdc_realn.bam
HCM-CSHL-0384-D37-10A-01D-A79M-36,8913114a-beed-4b22-9d42-a40fbd705556_wgs_gdc_realn.bam,/gpfs/commons/projects/TCGA/gdc-awg/HCMI/WGS/Project_NYGC_15336_B01_SOM_WGS_AnalysisOnly/Sample_HCM-CSHL-0384-D37-10A-01D-A79M-36/analysis/HCM-CSHL-0384-D37-10A-01D-A79M-36.final.bam,/gpfs/commons/projects/HCMI/wgs/79b8ad68-0dd2-4964-84a9-5986d69a6190/8913114a-beed-4b22-9d42-a40fbd705556_wgs_gdc_realn.bam
HCM-BROD-0012-C71-10A-01D-A768-36,7ca0baec-a5e5-424e-bb19-1bb6dc7ed855_wgs_gdc_realn.bam,/gpfs/commons/projects/TCGA/gdc-awg/HCMI/WGS/Project_NYGC_15336_B01_SOM_WGS_AnalysisOnly/Sample_HCM-BROD-0012-C71-10A-01D-A768-36/analysis/HCM-BROD-0012-C71-10A-01D-A768-36.final.bam,/gpfs/commons/projects/HCMI/wgs/5e5d059b-2a4c-4ca4-9a63-c8be15a53dea/7ca0baec-a5e5-424e-bb19-1bb6dc7ed855_wgs_gdc_realn.bam
HCM-CSHL-0189-C25-11A-01D-A78L-36,bea2b783-f5b0-4ee8-9b99-22161c132024_wgs_gdc_realn.bam,/gpfs/commons/projects/TCGA/gdc-awg/HCMI/WGS/Project_NYGC_15336_B01_SOM_WGS_AnalysisOnly/Sample_HCM-CSHL-0189-C25-11A-01D-A78L-36/analysis/HCM-CSHL-0189-C25-11A-01D-A78L-36.final.bam,/gpfs/commons/projects/HCMI/wgs/59711f83-c0f1-46b8-a1e8-12e2a194a195/bea2b783-f5b0-4ee8-9b99-22161c132024_wgs_gdc_realn.bam
HCM-BROD-0001-C18-06A-21D-A82H-36,3e4e1eca-35d5-4556-94a3-b230e1bf7c6e_wgs_gdc_realn.bam,/gpfs/commons/projects/TCGA/gdc-awg/HCMI/WGS/Project_NYGC_15336_B01_SOM_WGS_AnalysisOnly/Sample_HCM-BROD-0001-C18-06A-21D-A82H-36/analysis/HCM-BROD-0001-C18-06A-21D-A82H-36.final.bam,/gpfs/commons/projects/HCMI/wgs/2432ed62-ce9c-4ec4-8b98-c03ae3a6c536/3e4e1eca-35d5-4556-94a3-b230e1bf7c6e_wgs_gdc_realn.bam
HCM-CSHL-0323-C20-85A-01D-A78T-36,b3556283-6f6e-422c-8fd0-5656dea5c187_wgs_gdc_realn.bam,/gpfs/commons/projects/TCGA/gdc-awg/HCMI/WGS/Project_NYGC_15336_B01_SOM_WGS_AnalysisOnly/Sample_HCM-CSHL-0323-C20-85A-01D-A78T-36/analysis/HCM-CSHL-0323-C20-85A-01D-A78T-36.final.bam,/gpfs/commons/projects/HCMI/wgs/5285fdc1-09c5-40ed-bb31-5c7fe309a6f0/b3556283-6f6e-422c-8fd0-5656dea5c187_wgs_gdc_realn.bam
HCM-CSHL-0809-C54-85A-01D-A85K-36,28562a3f-00e7-48b2-ab84-10b45ce1f1e9_wgs_gdc_realn.bam,/gpfs/commons/projects/TCGA/gdc-awg/HCMI/WGS/Project_NYGC_15336_B01_SOM_WGS_AnalysisOnly/Sample_HCM-CSHL-0809-C54-85A-01D-A85K-36/analysis/HCM-CSHL-0809-C54-85A-01D-A85K-36.final.bam,/gpfs/commons/projects/HCMI/wgs/d270490b-936e-476a-8cd3-df1869f68625/28562a3f-00e7-48b2-ab84-10b45ce1f1e9_wgs_gdc_realn.bam
HCM-SANG-0298-C15-85A-01D-A79M-36,5728eff0-b186-46dc-9ab9-33cff6c5a168_wgs_gdc_realn.bam,/gpfs/commons/projects/TCGA/gdc-awg/HCMI/WGS/Project_NYGC_15336_B01_SOM_WGS_AnalysisOnly/Sample_HCM-SANG-0298-C15-85A-01D-A79M-36/analysis/HCM-SANG-0298-C15-85A-01D-A79M-36.final.bam,/gpfs/commons/projects/HCMI/wgs/ecb3ba39-bc7a-4af8-8cb9-31f456d7cda2/5728eff0-b186-46dc-9ab9-33cff6c5a168_wgs_gdc_realn.bam
HCM-BROD-0694-C43-06A-01D-A83U-36,c54ad8cf-0021-43f9-b264-c23c56ff0e2a_wgs_gdc_realn.bam,/gpfs/commons/projects/TCGA/gdc-awg/HCMI/WGS/Project_NYGC_15336_B01_SOM_WGS_AnalysisOnly/Sample_HCM-BROD-0694-C43-06A-01D-A83U-36/analysis/HCM-BROD-0694-C43-06A-01D-A83U-36.final.bam,/gpfs/commons/projects/HCMI/wgs/bf69a1e5-c9b8-4cf8-a2ee-837126db331c/c54ad8cf-0021-43f9-b264-c23c56ff0e2a_wgs_gdc_realn.bam
HCM-SANG-0315-C25-10A-01D-A78J-36,fef1ae04-f69d-4ead-b192-9ba6cd5db1e9_wgs_gdc_realn.bam,/gpfs/commons/projects/TCGA/gdc-awg/HCMI/WGS/Project_NYGC_15336_B01_SOM_WGS_AnalysisOnly/Sample_HCM-SANG-0315-C25-10A-01D-A78J-36/analysis/HCM-SANG-0315-C25-10A-01D-A78J-36.final.bam,/gpfs/commons/projects/HCMI/wgs/e9989865-4230-48aa-999f-75531d5fdb92/fef1ae04-f69d-4ead-b192-9ba6cd5db1e9_wgs_gdc_realn.bam
HCM-BROD-0685-C71-85A-01D-A85C-36,3d969f68-714e-4180-b330-2240f2e8da49_wgs_gdc_realn.bam,/gpfs/commons/projects/TCGA/gdc-awg/HCMI/WGS/Project_NYGC_15336_B01_SOM_WGS_AnalysisOnly/Sample_HCM-BROD-0685-C71-85A-01D-A85C-36/analysis/HCM-BROD-0685-C71-85A-01D-A85C-36.final.bam,/gpfs/commons/projects/HCMI/wgs/e806740e-14e1-4663-a558-71cbae3b9c36/3d969f68-714e-4180-b330-2240f2e8da49_wgs_gdc_realn.bam
HCM-CSHL-0374-C25-10A-01D-A79M-36,1fd98034-c902-44ab-8fd2-e4e7e599672b_wgs_gdc_realn.bam,/gpfs/commons/projects/TCGA/gdc-awg/HCMI/WGS/Project_NYGC_15336_B01_SOM_WGS_AnalysisOnly/Sample_HCM-CSHL-0374-C25-10A-01D-A79M-36/analysis/HCM-CSHL-0374-C25-10A-01D-A79M-36.final.bam,/gpfs/commons/projects/HCMI/wgs/0d02cd35-16cb-43e6-8296-2417539d6dff/1fd98034-c902-44ab-8fd2-e4e7e599672b_wgs_gdc_realn.bam
HCM-BROD-0643-C43-85N-01D-A80U-36,d1567468-ec2c-4aae-ab8e-7487023fdae0_wgs_gdc_realn.bam,/gpfs/commons/projects/TCGA/gdc-awg/HCMI/WGS/Project_NYGC_15336_B01_SOM_WGS_AnalysisOnly/Sample_HCM-BROD-0643-C43-85N-01D-A80U-36/analysis/HCM-BROD-0643-C43-85N-01D-A80U-36.final.bam,/gpfs/commons/projects/HCMI/wgs/02df9085-6b04-418f-9184-80c8d61585e5/d1567468-ec2c-4aae-ab8e-7487023fdae0_wgs_gdc_realn.bam
HCM-BROD-0793-C15-06A-11D-A85K-36,5fb2d869-10db-4cb0-8030-343b2c188351_wgs_gdc_realn.bam,/gpfs/commons/projects/TCGA/gdc-awg/HCMI/WGS/Project_NYGC_15336_B01_SOM_WGS_AnalysisOnly/Sample_HCM-BROD-0793-C15-06A-11D-A85K-36/analysis/HCM-BROD-0793-C15-06A-11D-A85K-36.final.bam,/gpfs/commons/projects/HCMI/wgs/1ce6ab51-1f13-4856-9f5b-6cc041853505/5fb2d869-10db-4cb0-8030-343b2c188351_wgs_gdc_realn.bam
HCM-CSHL-0601-C25-85A-01D-A82H-36,584f5533-2ac2-4abd-b012-087d1c613f0d_wgs_gdc_realn.bam,/gpfs/commons/projects/TCGA/gdc-awg/HCMI/WGS/Project_NYGC_15336_B01_SOM_WGS_AnalysisOnly/Sample_HCM-CSHL-0601-C25-85A-01D-A82H-36/analysis/HCM-CSHL-0601-C25-85A-01D-A82H-36.final.bam,/gpfs/commons/projects/HCMI/wgs/88119dd8-5926-49b2-af96-3dce8f6bb6a7/584f5533-2ac2-4abd-b012-087d1c613f0d_wgs_gdc_realn.bam
HCM-CSHL-0383-C18-85A-01D-A78U-36,480338c3-d172-441c-a28e-b16bc61ccc22_wgs_gdc_realn.bam,/gpfs/commons/projects/TCGA/gdc-awg/HCMI/WGS/Project_NYGC_15336_B01_SOM_WGS_AnalysisOnly/Sample_HCM-CSHL-0383-C18-85A-01D-A78U-36/analysis/HCM-CSHL-0383-C18-85A-01D-A78U-36.final.bam,/gpfs/commons/projects/HCMI/wgs/1e48084f-fc49-4ae6-83f3-a8c112b5b1de/480338c3-d172-441c-a28e-b16bc61ccc22_wgs_gdc_realn.bam
HCM-CSHL-0238-C18-01B-01D-A78L-36,7dc66b3c-cdd0-4a57-a57d-08148fd66ce2_wgs_gdc_realn.bam,/gpfs/commons/projects/TCGA/gdc-awg/HCMI/WGS/Project_NYGC_15336_B01_SOM_WGS_AnalysisOnly/Sample_HCM-CSHL-0238-C18-01B-01D-A78L-36/analysis/HCM-CSHL-0238-C18-01B-01D-A78L-36.final.bam,/gpfs/commons/projects/HCMI/wgs/41142e2b-3d17-40e2-93bd-bc46952113fd/7dc66b3c-cdd0-4a57-a57d-08148fd66ce2_wgs_gdc_realn.bam
HCM-CSHL-0147-C24-10A-01D-A77E-36,77f9aabf-2b4d-46c7-a713-b1d1feac2f7f_wgs_gdc_realn.bam,/gpfs/commons/projects/TCGA/gdc-awg/HCMI/WGS/Project_NYGC_15336_B01_SOM_WGS_AnalysisOnly/Sample_HCM-CSHL-0147-C24-10A-01D-A77E-36/analysis/HCM-CSHL-0147-C24-10A-01D-A77E-36.final.bam,/gpfs/commons/projects/HCMI/wgs/0663dbb1-af89-491a-90ab-375260676ef3/77f9aabf-2b4d-46c7-a713-b1d1feac2f7f_wgs_gdc_realn.bam
HCM-CSHL-0607-C19-10B-01D-A85K-36,dfaf85a0-675a-492a-ae7d-15b69f0c1bb2_wgs_gdc_realn.bam,/gpfs/commons/projects/TCGA/gdc-awg/HCMI/WGS/Project_NYGC_15336_B01_SOM_WGS_AnalysisOnly/Sample_HCM-CSHL-0607-C19-10B-01D-A85K-36/analysis/HCM-CSHL-0607-C19-10B-01D-A85K-36.final.bam,/gpfs/commons/projects/HCMI/wgs/268dd0e9-1388-46ae-80e6-db5aad44c068/dfaf85a0-675a-492a-ae7d-15b69f0c1bb2_wgs_gdc_realn.bam
HCM-CSHL-0839-C34-06A-11D-A85L-36,ae7b248b-b4f6-43b2-bcfa-676259c8d986_wgs_gdc_realn.bam,/gpfs/commons/projects/TCGA/gdc-awg/HCMI/WGS/Project_NYGC_15336_B01_SOM_WGS_AnalysisOnly/Sample_HCM-CSHL-0839-C34-06A-11D-A85L-36/analysis/HCM-CSHL-0839-C34-06A-11D-A85L-36.final.bam,/gpfs/commons/projects/HCMI/wgs/5a8df394-1869-46f9-8ff3-1a762e241b0f/ae7b248b-b4f6-43b2-bcfa-676259c8d986_wgs_gdc_realn.bam
HCM-BROD-0223-C43-06A-11D-A78T-36,997e1ccd-6fd1-4dfd-8816-f9c26d93aeed_wgs_gdc_realn.bam,/gpfs/commons/projects/TCGA/gdc-awg/HCMI/WGS/Project_NYGC_15336_B01_SOM_WGS_AnalysisOnly/Sample_HCM-BROD-0223-C43-06A-11D-A78T-36/analysis/HCM-BROD-0223-C43-06A-11D-A78T-36.final.bam,/gpfs/commons/projects/HCMI/wgs/966b8dce-46fc-4571-930f-b1bed85986da/997e1ccd-6fd1-4dfd-8816-f9c26d93aeed_wgs_gdc_realn.bam
HCM-CSHL-0433-C24-01A-11D-A78L-36,730817a5-ca24-4fb5-bb1f-6e2e48480f4b_wgs_gdc_realn.bam,/gpfs/commons/projects/TCGA/gdc-awg/HCMI/WGS/Project_NYGC_15336_B01_SOM_WGS_AnalysisOnly/Sample_HCM-CSHL-0433-C24-01A-11D-A78L-36/analysis/HCM-CSHL-0433-C24-01A-11D-A78L-36.final.bam,/gpfs/commons/projects/HCMI/wgs/47f97a58-9a57-43e7-8008-50105f3d44b8/730817a5-ca24-4fb5-bb1f-6e2e48480f4b_wgs_gdc_realn.bam
HCM-CSHL-0322-C20-85A-01D-A79C-36,4729e4bc-5f20-49e7-84ec-ae332fa3c870_wgs_gdc_realn.bam,/gpfs/commons/projects/TCGA/gdc-awg/HCMI/WGS/Project_NYGC_15336_B01_SOM_WGS_AnalysisOnly/Sample_HCM-CSHL-0322-C20-85A-01D-A79C-36/analysis/HCM-CSHL-0322-C20-85A-01D-A79C-36.final.bam,/gpfs/commons/projects/HCMI/wgs/ce5e20ed-3284-499c-9046-a9e32e1505e0/4729e4bc-5f20-49e7-84ec-ae332fa3c870_wgs_gdc_realn.bam
HCM-BROD-0613-C71-10A-01D-A80U-36,daed449f-d12d-411c-a8b1-dcb28fe7e41b_wgs_gdc_realn.bam,/gpfs/commons/projects/TCGA/gdc-awg/HCMI/WGS/Project_NYGC_15336_B01_SOM_WGS_AnalysisOnly/Sample_HCM-BROD-0613-C71-10A-01D-A80U-36/analysis/HCM-BROD-0613-C71-10A-01D-A80U-36.final.bam,/gpfs/commons/projects/HCMI/wgs/d2ae5b60-f33f-450f-ae7b-ac5fb8ff32f6/daed449f-d12d-411c-a8b1-dcb28fe7e41b_wgs_gdc_realn.bam
HCM-BROD-0693-C71-85A-01D-A82H-36,85eeceb2-5703-4d21-bcc0-27e890e25e8e_wgs_gdc_realn.bam,/gpfs/commons/projects/TCGA/gdc-awg/HCMI/WGS/Project_NYGC_15336_B01_SOM_WGS_AnalysisOnly/Sample_HCM-BROD-0693-C71-85A-01D-A82H-36/analysis/HCM-BROD-0693-C71-85A-01D-A82H-36.final.bam,/gpfs/commons/projects/HCMI/wgs/762dc8ad-67ec-4389-ac35-8012d5d7c445/85eeceb2-5703-4d21-bcc0-27e890e25e8e_wgs_gdc_realn.bam
HCM-BROD-0111-C25-10A-01D-A786-36,7397060f-67a2-46b2-b597-5ba2ecfa02ad_wgs_gdc_realn.bam,/gpfs/commons/projects/TCGA/gdc-awg/HCMI/WGS/Project_NYGC_15336_B01_SOM_WGS_AnalysisOnly/Sample_HCM-BROD-0111-C25-10A-01D-A786-36/analysis/HCM-BROD-0111-C25-10A-01D-A786-36.final.bam,/gpfs/commons/projects/HCMI/wgs/9da98943-995b-4de1-93e1-29d364389c45/7397060f-67a2-46b2-b597-5ba2ecfa02ad_wgs_gdc_realn.bam
HCM-BROD-0614-C71-10A-01D-A82H-36,bbd7bb7d-5ac2-4af8-89dd-699dfad45844_wgs_gdc_realn.bam,/gpfs/commons/projects/TCGA/gdc-awg/HCMI/WGS/Project_NYGC_15336_B01_SOM_WGS_AnalysisOnly/Sample_HCM-BROD-0614-C71-10A-01D-A82H-36/analysis/HCM-BROD-0614-C71-10A-01D-A82H-36.final.bam,/gpfs/commons/projects/HCMI/wgs/12f93ee3-98a1-4f79-b1a1-16cb3aee38fe/bbd7bb7d-5ac2-4af8-89dd-699dfad45844_wgs_gdc_realn.bam
HCM-BROD-0197-C71-01A-21D-A78T-36,e2a94536-b368-49e3-9c26-b6b72a20adc0_wgs_gdc_realn.bam,/gpfs/commons/projects/TCGA/gdc-awg/HCMI/WGS/Project_NYGC_15336_B01_SOM_WGS_AnalysisOnly/Sample_HCM-BROD-0197-C71-01A-21D-A78T-36/analysis/HCM-BROD-0197-C71-01A-21D-A78T-36.final.bam,/gpfs/commons/projects/HCMI/wgs/aa5376f3-0964-468f-b6cb-7bdb2f9a68a9/e2a94536-b368-49e3-9c26-b6b72a20adc0_wgs_gdc_realn.bam
HCM-CSHL-0088-C25-10A-01D-A77E-36,e9f9cf19-ebcb-4940-8b98-c2cf8b5883db_wgs_gdc_realn.bam,/gpfs/commons/projects/TCGA/gdc-awg/HCMI/WGS/Project_NYGC_15336_B01_SOM_WGS_AnalysisOnly/Sample_HCM-CSHL-0088-C25-10A-01D-A77E-36/analysis/HCM-CSHL-0088-C25-10A-01D-A77E-36.final.bam,/gpfs/commons/projects/HCMI/wgs/505736d1-e7b3-4ee3-8f46-6be6c9fae1a1/e9f9cf19-ebcb-4940-8b98-c2cf8b5883db_wgs_gdc_realn.bam
HCM-CSHL-0731-C19-06A-11D-A82I-36,0bf707dc-5b34-45f2-ac1e-09719235b68f_wgs_gdc_realn.bam,/gpfs/commons/projects/TCGA/gdc-awg/HCMI/WGS/Project_NYGC_15336_B01_SOM_WGS_AnalysisOnly/Sample_HCM-CSHL-0731-C19-06A-11D-A82I-36/analysis/HCM-CSHL-0731-C19-06A-11D-A82I-36.final.bam,/gpfs/commons/projects/HCMI/wgs/af196db3-c208-41b9-b2ab-2b282db0f768/0bf707dc-5b34-45f2-ac1e-09719235b68f_wgs_gdc_realn.bam
HCM-CSHL-0461-D12-31A-11D-A78U-36,cd103c6a-0a7d-4a50-a56d-23658b941b99_wgs_gdc_realn.bam,/gpfs/commons/projects/TCGA/gdc-awg/HCMI/WGS/Project_NYGC_15336_B01_SOM_WGS_AnalysisOnly/Sample_HCM-CSHL-0461-D12-31A-11D-A78U-36/analysis/HCM-CSHL-0461-D12-31A-11D-A78U-36.final.bam,/gpfs/commons/projects/HCMI/wgs/806d299a-e754-4276-90dc-57d472aae28d/cd103c6a-0a7d-4a50-a56d-23658b941b99_wgs_gdc_realn.bam
HCM-BROD-0048-C71-85A-01D-A79L-36,c7a1df64-b06f-4b21-9aa3-6934ce69bf70_wgs_gdc_realn.bam,/gpfs/commons/projects/TCGA/gdc-awg/HCMI/WGS/Project_NYGC_15336_B01_SOM_WGS_AnalysisOnly/Sample_HCM-BROD-0048-C71-85A-01D-A79L-36/analysis/HCM-BROD-0048-C71-85A-01D-A79L-36.final.bam,/gpfs/commons/projects/HCMI/wgs/4f3ff3d1-e607-4066-8526-5ced53d20f9e/c7a1df64-b06f-4b21-9aa3-6934ce69bf70_wgs_gdc_realn.bam
HCM-CSHL-0668-C18-10A-01D-A85C-36,5a609e8c-ed01-4454-a67b-b5a9c5cf71ce_wgs_gdc_realn.bam,/gpfs/commons/projects/TCGA/gdc-awg/HCMI/WGS/Project_NYGC_15336_B01_SOM_WGS_AnalysisOnly/Sample_HCM-CSHL-0668-C18-10A-01D-A85C-36/analysis/HCM-CSHL-0668-C18-10A-01D-A85C-36.final.bam,/gpfs/commons/projects/HCMI/wgs/1dc1248c-cf68-4057-a001-e092acb92199/5a609e8c-ed01-4454-a67b-b5a9c5cf71ce_wgs_gdc_realn.bam
HCM-BROD-0830-C71-85R-01D-A85K-36,f726a4ce-ce6f-406c-aa20-716c3a206792_wgs_gdc_realn.bam,/gpfs/commons/projects/TCGA/gdc-awg/HCMI/WGS/Project_NYGC_15336_B01_SOM_WGS_AnalysisOnly/Sample_HCM-BROD-0830-C71-85R-01D-A85K-36/analysis/HCM-BROD-0830-C71-85R-01D-A85K-36.final.bam,/gpfs/commons/projects/HCMI/wgs/06301d1b-c07f-4e6c-b82c-2d979c3c42ba/f726a4ce-ce6f-406c-aa20-716c3a206792_wgs_gdc_realn.bam
HCM-CSHL-0810-C54-85B-01D-A85L-36,4a9c4d63-e259-4dff-aceb-832a949627fa_wgs_gdc_realn.bam,/gpfs/commons/projects/TCGA/gdc-awg/HCMI/WGS/Project_NYGC_15336_B01_SOM_WGS_AnalysisOnly/Sample_HCM-CSHL-0810-C54-85B-01D-A85L-36/analysis/HCM-CSHL-0810-C54-85B-01D-A85L-36.final.bam,/gpfs/commons/projects/HCMI/wgs/18ab09aa-3191-4fda-84fb-7433ceedfee1/4a9c4d63-e259-4dff-aceb-832a949627fa_wgs_gdc_realn.bam
HCM-CSHL-0369-D37-31A-11D-A78T-36,e4be56e0-6e51-43d5-95ac-e94fd326cbac_wgs_gdc_realn.bam,/gpfs/commons/projects/TCGA/gdc-awg/HCMI/WGS/Project_NYGC_15336_B01_SOM_WGS_AnalysisOnly/Sample_HCM-CSHL-0369-D37-31A-11D-A78T-36/analysis/HCM-CSHL-0369-D37-31A-11D-A78T-36.final.bam,/gpfs/commons/projects/HCMI/wgs/2de50cf1-8cb6-46d8-95a2-7af982fc4f75/e4be56e0-6e51-43d5-95ac-e94fd326cbac_wgs_gdc_realn.bam
HCM-SANG-0269-C18-10A-01D-A79M-36,05ec755f-33eb-4da2-82a2-c3594b01c891_wgs_gdc_realn.bam,/gpfs/commons/projects/TCGA/gdc-awg/HCMI/WGS/Project_NYGC_15336_B01_SOM_WGS_AnalysisOnly/Sample_HCM-SANG-0269-C18-10A-01D-A79M-36/analysis/HCM-SANG-0269-C18-10A-01D-A79M-36.final.bam,/gpfs/commons/projects/HCMI/wgs/8e497f16-2b9b-4d01-b71e-3028c0903558/05ec755f-33eb-4da2-82a2-c3594b01c891_wgs_gdc_realn.bam
HCM-BROD-0594-C43-06A-11D-A85K-36,96db7814-22c5-4aaa-a370-c57f1b15f86f_wgs_gdc_realn.bam,/gpfs/commons/projects/TCGA/gdc-awg/HCMI/WGS/Project_NYGC_15336_B01_SOM_WGS_AnalysisOnly/Sample_HCM-BROD-0594-C43-06A-11D-A85K-36/analysis/HCM-BROD-0594-C43-06A-11D-A85K-36.final.bam,/gpfs/commons/projects/HCMI/wgs/ce94f5ff-c56a-46d8-a5f4-637c974f5c26/96db7814-22c5-4aaa-a370-c57f1b15f86f_wgs_gdc_realn.bam
HCM-CSHL-0153-C50-10A-01D-A82H-36,465aa579-94c8-4074-a8be-586be6bfffbe_wgs_gdc_realn.bam,/gpfs/commons/projects/TCGA/gdc-awg/HCMI/WGS/Project_NYGC_15336_B01_SOM_WGS_AnalysisOnly/Sample_HCM-CSHL-0153-C50-10A-01D-A82H-36/analysis/HCM-CSHL-0153-C50-10A-01D-A82H-36.final.bam,/gpfs/commons/projects/HCMI/wgs/2c0a0d70-891b-4ecd-a80c-305f3070f623/465aa579-94c8-4074-a8be-586be6bfffbe_wgs_gdc_realn.bam
HCM-BROD-0198-C71-10A-01D-A78T-36,6d7f84e6-dead-4352-bb04-ca8dd7d3e549_wgs_gdc_realn.bam,/gpfs/commons/projects/TCGA/gdc-awg/HCMI/WGS/Project_NYGC_15336_B01_SOM_WGS_AnalysisOnly/Sample_HCM-BROD-0198-C71-10A-01D-A78T-36/analysis/HCM-BROD-0198-C71-10A-01D-A78T-36.final.bam,/gpfs/commons/projects/HCMI/wgs/7620d56a-d857-47b9-a927-01e8c5838c07/6d7f84e6-dead-4352-bb04-ca8dd7d3e549_wgs_gdc_realn.bam
HCM-CSHL-0670-C18-10A-01D-A85C-36,c848079d-f7d5-4522-a850-2319fe9d986b_wgs_gdc_realn.bam,/gpfs/commons/projects/TCGA/gdc-awg/HCMI/WGS/Project_NYGC_15336_B01_SOM_WGS_AnalysisOnly/Sample_HCM-CSHL-0670-C18-10A-01D-A85C-36/analysis/HCM-CSHL-0670-C18-10A-01D-A85C-36.final.bam,/gpfs/commons/projects/HCMI/wgs/acba68e9-c39a-44a5-9afc-9433e087f181/c848079d-f7d5-4522-a850-2319fe9d986b_wgs_gdc_realn.bam
HCM-BROD-0564-C71-85R-01D-A79L-36,2b0afbf7-8dee-46c7-a95c-580b743b6f5a_wgs_gdc_realn.bam,/gpfs/commons/projects/TCGA/gdc-awg/HCMI/WGS/Project_NYGC_15336_B01_SOM_WGS_AnalysisOnly/Sample_HCM-BROD-0564-C71-85R-01D-A79L-36/analysis/HCM-BROD-0564-C71-85R-01D-A79L-36.final.bam,/gpfs/commons/projects/HCMI/wgs/54b300f4-2738-49a9-a96b-a9856f65f812/2b0afbf7-8dee-46c7-a95c-580b743b6f5a_wgs_gdc_realn.bam
HCM-BROD-0120-C15-85A-01D-A786-36,378a2e96-3d52-4811-a8c7-9b40baff8aff_wgs_gdc_realn.bam,/gpfs/commons/projects/TCGA/gdc-awg/HCMI/WGS/Project_NYGC_15336_B01_SOM_WGS_AnalysisOnly/Sample_HCM-BROD-0120-C15-85A-01D-A786-36/analysis/HCM-BROD-0120-C15-85A-01D-A786-36.final.bam,/gpfs/commons/projects/HCMI/wgs/e9ef824a-4455-44fe-aa8c-61990c25c4fc/378a2e96-3d52-4811-a8c7-9b40baff8aff_wgs_gdc_realn.bam
HCM-BROD-0578-C15-06A-01D-A83U-36,e5a808c4-bf00-4fc2-83c8-3ec036c8161c_wgs_gdc_realn.bam,/gpfs/commons/projects/TCGA/gdc-awg/HCMI/WGS/Project_NYGC_15336_B01_SOM_WGS_AnalysisOnly/Sample_HCM-BROD-0578-C15-06A-01D-A83U-36/analysis/HCM-BROD-0578-C15-06A-01D-A83U-36.final.bam,/gpfs/commons/projects/HCMI/wgs/eaf72de5-15b4-48cc-bcb5-daf71ab5fcb1/e5a808c4-bf00-4fc2-83c8-3ec036c8161c_wgs_gdc_realn.bam
HCM-CSHL-0084-C25-85B-01D-A78M-36,da425644-5762-455a-9d09-992bb0cf1f7a_wgs_gdc_realn.bam,/gpfs/commons/projects/TCGA/gdc-awg/HCMI/WGS/Project_NYGC_15336_B01_SOM_WGS_AnalysisOnly/Sample_HCM-CSHL-0084-C25-85B-01D-A78M-36/analysis/HCM-CSHL-0084-C25-85B-01D-A78M-36.final.bam,/gpfs/commons/projects/HCMI/wgs/1032d0d8-ec7e-43b4-b4de-3f163d206b6c/da425644-5762-455a-9d09-992bb0cf1f7a_wgs_gdc_realn.bam
HCM-BROD-0689-C71-02A-11D-A83U-36,cfcad0af-9fba-4939-a439-a7d5ecd4b8e8_wgs_gdc_realn.bam,/gpfs/commons/projects/TCGA/gdc-awg/HCMI/WGS/Project_NYGC_15336_B01_SOM_WGS_AnalysisOnly/Sample_HCM-BROD-0689-C71-02A-11D-A83U-36/analysis/HCM-BROD-0689-C71-02A-11D-A83U-36.final.bam,/gpfs/commons/projects/HCMI/wgs/56df9253-2679-46cf-8206-2b2bfba2290d/cfcad0af-9fba-4939-a439-a7d5ecd4b8e8_wgs_gdc_realn.bam
HCM-BROD-0116-C16-10B-01D-A79C-36,3bfb260b-8b44-4cf3-a7a9-314fbbddac99_wgs_gdc_realn.bam,/gpfs/commons/projects/TCGA/gdc-awg/HCMI/WGS/Project_NYGC_15336_B01_SOM_WGS_AnalysisOnly/Sample_HCM-BROD-0116-C16-10B-01D-A79C-36/analysis/HCM-BROD-0116-C16-10B-01D-A79C-36.final.bam,/gpfs/commons/projects/HCMI/wgs/2794b6ed-4636-456c-ac6f-fe3e48982952/3bfb260b-8b44-4cf3-a7a9-314fbbddac99_wgs_gdc_realn.bam
HCM-CSHL-0162-C19-10A-01D-A786-36,4af3764e-83f4-447d-8dec-441f8fa00101_wgs_gdc_realn.bam,/gpfs/commons/projects/TCGA/gdc-awg/HCMI/WGS/Project_NYGC_15336_B01_SOM_WGS_AnalysisOnly/Sample_HCM-CSHL-0162-C19-10A-01D-A786-36/analysis/HCM-CSHL-0162-C19-10A-01D-A786-36.final.bam,/gpfs/commons/projects/HCMI/wgs/5f80cb7b-d3db-4889-b059-33c76ee5fc5a/4af3764e-83f4-447d-8dec-441f8fa00101_wgs_gdc_realn.bam
HCM-CSHL-0239-C18-10A-01D-A78J-36,2abacce6-7718-4427-8bb1-e64448c2ba65_wgs_gdc_realn.bam,/gpfs/commons/projects/TCGA/gdc-awg/HCMI/WGS/Project_NYGC_15336_B01_SOM_WGS_AnalysisOnly/Sample_HCM-CSHL-0239-C18-10A-01D-A78J-36/analysis/HCM-CSHL-0239-C18-10A-01D-A78J-36.final.bam,/gpfs/commons/projects/HCMI/wgs/2da30d79-e154-4e6c-a46b-f551592cc829/2abacce6-7718-4427-8bb1-e64448c2ba65_wgs_gdc_realn.bam
HCM-BROD-0339-C43-06A-01D-A79C-36,8b878538-7036-4f10-a4a6-619151156020_wgs_gdc_realn.bam,/gpfs/commons/projects/TCGA/gdc-awg/HCMI/WGS/Project_NYGC_15336_B01_SOM_WGS_AnalysisOnly/Sample_HCM-BROD-0339-C43-06A-01D-A79C-36/analysis/HCM-BROD-0339-C43-06A-01D-A79C-36.final.bam,/gpfs/commons/projects/HCMI/wgs/a0612faf-cc78-4c97-83ba-4830b9715a74/8b878538-7036-4f10-a4a6-619151156020_wgs_gdc_realn.bam
HCM-CSHL-0239-C18-01A-21D-A78J-36,cf3acdb0-2f44-41af-bbf0-8ed1fb2e1efb_wgs_gdc_realn.bam,/gpfs/commons/projects/TCGA/gdc-awg/HCMI/WGS/Project_NYGC_15336_B01_SOM_WGS_AnalysisOnly/Sample_HCM-CSHL-0239-C18-01A-21D-A78J-36/analysis/HCM-CSHL-0239-C18-01A-21D-A78J-36.final.bam,/gpfs/commons/projects/HCMI/wgs/c85a3ac6-fa13-4cee-aaba-6c8086819a49/cf3acdb0-2f44-41af-bbf0-8ed1fb2e1efb_wgs_gdc_realn.bam
HCM-CSHL-0258-C18-85D-01D-A85K-36,8cabf814-5d75-4561-92a8-29e155dbe354_wgs_gdc_realn.bam,/gpfs/commons/projects/TCGA/gdc-awg/HCMI/WGS/Project_NYGC_15336_B01_SOM_WGS_AnalysisOnly/Sample_HCM-CSHL-0258-C18-85D-01D-A85K-36/analysis/HCM-CSHL-0258-C18-85D-01D-A85K-36.final.bam,/gpfs/commons/projects/HCMI/wgs/878c9844-887e-466a-9b05-c1fc9efcb92a/8cabf814-5d75-4561-92a8-29e155dbe354_wgs_gdc_realn.bam
HCM-SANG-0300-C15-85A-01D-A79M-36,66d8c496-35c6-4685-807a-fadd8ae944ad_wgs_gdc_realn.bam,/gpfs/commons/projects/TCGA/gdc-awg/HCMI/WGS/Project_NYGC_15336_B01_SOM_WGS_AnalysisOnly/Sample_HCM-SANG-0300-C15-85A-01D-A79M-36/analysis/HCM-SANG-0300-C15-85A-01D-A79M-36.final.bam,/gpfs/commons/projects/HCMI/wgs/3977247b-46cf-4bd7-9785-38d7cf1e84ac/66d8c496-35c6-4685-807a-fadd8ae944ad_wgs_gdc_realn.bam
HCM-CSHL-0177-C25-10A-01D-A79L-36,0e403b6f-18f2-48db-af92-33a8a592ae5e_wgs_gdc_realn.bam,/gpfs/commons/projects/TCGA/gdc-awg/HCMI/WGS/Project_NYGC_15336_B01_SOM_WGS_AnalysisOnly/Sample_HCM-CSHL-0177-C25-10A-01D-A79L-36/analysis/HCM-CSHL-0177-C25-10A-01D-A79L-36.final.bam,/gpfs/commons/projects/HCMI/wgs/b7432fa7-afdc-4c3d-af7e-90eb47bc3be0/0e403b6f-18f2-48db-af92-33a8a592ae5e_wgs_gdc_realn.bam
HCM-CSHL-0184-C25-01A-11D-A78L-36,aad575da-6bcc-4c93-b501-696e688f7d77_wgs_gdc_realn.bam,/gpfs/commons/projects/TCGA/gdc-awg/HCMI/WGS/Project_NYGC_15336_B01_SOM_WGS_AnalysisOnly/Sample_HCM-CSHL-0184-C25-01A-11D-A78L-36/analysis/HCM-CSHL-0184-C25-01A-11D-A78L-36.final.bam,/gpfs/commons/projects/HCMI/wgs/7f3531e8-25cc-46be-807e-211afe5c975e/aad575da-6bcc-4c93-b501-696e688f7d77_wgs_gdc_realn.bam
HCM-BROD-0225-C43-10A-01D-A79L-36,073eb302-3a07-4648-99b3-a9fa76ae0c00_wgs_gdc_realn.bam,/gpfs/commons/projects/TCGA/gdc-awg/HCMI/WGS/Project_NYGC_15336_B01_SOM_WGS_AnalysisOnly/Sample_HCM-BROD-0225-C43-10A-01D-A79L-36/analysis/HCM-BROD-0225-C43-10A-01D-A79L-36.final.bam,/gpfs/commons/projects/HCMI/wgs/ab97759c-fd32-4e17-a881-92f8e0fb186f/073eb302-3a07-4648-99b3-a9fa76ae0c00_wgs_gdc_realn.bam
HCM-CSHL-0811-C55-11A-01D-A85L-36,b6c2041b-1a0d-4126-ae48-f2a082c6f701_wgs_gdc_realn.bam,/gpfs/commons/projects/TCGA/gdc-awg/HCMI/WGS/Project_NYGC_15336_B01_SOM_WGS_AnalysisOnly/Sample_HCM-CSHL-0811-C55-11A-01D-A85L-36/analysis/HCM-CSHL-0811-C55-11A-01D-A85L-36.final.bam,/gpfs/commons/projects/HCMI/wgs/5ecaa9e0-bcae-405d-a003-d7d46c6863b6/b6c2041b-1a0d-4126-ae48-f2a082c6f701_wgs_gdc_realn.bam
HCM-BROD-0339-C43-10A-01D-A79C-36,8adc893c-8bb2-4fdb-b716-40845a595e21_wgs_gdc_realn.bam,/gpfs/commons/projects/TCGA/gdc-awg/HCMI/WGS/Project_NYGC_15336_B01_SOM_WGS_AnalysisOnly/Sample_HCM-BROD-0339-C43-10A-01D-A79C-36/analysis/HCM-BROD-0339-C43-10A-01D-A79C-36.final.bam,/gpfs/commons/projects/HCMI/wgs/38ddc430-a00a-4865-b039-50aceb4a2378/8adc893c-8bb2-4fdb-b716-40845a595e21_wgs_gdc_realn.bam
HCM-BROD-0643-C43-06A-11D-A80U-36,eda70710-057b-47dc-8a3b-b070b51e5cf7_wgs_gdc_realn.bam,/gpfs/commons/projects/TCGA/gdc-awg/HCMI/WGS/Project_NYGC_15336_B01_SOM_WGS_AnalysisOnly/Sample_HCM-BROD-0643-C43-06A-11D-A80U-36/analysis/HCM-BROD-0643-C43-06A-11D-A80U-36.final.bam,/gpfs/commons/projects/HCMI/wgs/ba156d05-30c7-4337-9b47-58727292bd9f/eda70710-057b-47dc-8a3b-b070b51e5cf7_wgs_gdc_realn.bam
HCM-CSHL-0090-C25-10A-01D-A77E-36,2609a010-b4bb-4606-8c4c-c1ba717912d7_wgs_gdc_realn.bam,/gpfs/commons/projects/TCGA/gdc-awg/HCMI/WGS/Project_NYGC_15336_B01_SOM_WGS_AnalysisOnly/Sample_HCM-CSHL-0090-C25-10A-01D-A77E-36/analysis/HCM-CSHL-0090-C25-10A-01D-A77E-36.final.bam,/gpfs/commons/projects/HCMI/wgs/7d8079f3-d234-402e-8a82-63c5bf2c50e7/2609a010-b4bb-4606-8c4c-c1ba717912d7_wgs_gdc_realn.bam
HCM-CSHL-0243-C18-01B-02D-A78L-36,498d8dc7-60db-4abc-ad65-fe347a7a2e6a_wgs_gdc_realn.bam,/gpfs/commons/projects/TCGA/gdc-awg/HCMI/WGS/Project_NYGC_15336_B01_SOM_WGS_AnalysisOnly/Sample_HCM-CSHL-0243-C18-01B-02D-A78L-36/analysis/HCM-CSHL-0243-C18-01B-02D-A78L-36.final.bam,/gpfs/commons/projects/HCMI/wgs/f385fa93-6454-4f2d-a139-b9cd7ba7eef5/498d8dc7-60db-4abc-ad65-fe347a7a2e6a_wgs_gdc_realn.bam
HCM-BROD-0745-C43-06B-21D-A85C-36,ed7935f2-849b-40b3-8c4f-e45c6f281c3d_wgs_gdc_realn.bam,/gpfs/commons/projects/TCGA/gdc-awg/HCMI/WGS/Project_NYGC_15336_B01_SOM_WGS_AnalysisOnly/Sample_HCM-BROD-0745-C43-06B-21D-A85C-36/analysis/HCM-BROD-0745-C43-06B-21D-A85C-36.final.bam,/gpfs/commons/projects/HCMI/wgs/f4a10c1f-0188-439c-880d-781a24ed2c6c/ed7935f2-849b-40b3-8c4f-e45c6f281c3d_wgs_gdc_realn.bam
HCM-CSHL-0177-C25-85A-01D-A79L-36,bfd6202c-7c57-43ca-8807-719d813aedfa_wgs_gdc_realn.bam,/gpfs/commons/projects/TCGA/gdc-awg/HCMI/WGS/Project_NYGC_15336_B01_SOM_WGS_AnalysisOnly/Sample_HCM-CSHL-0177-C25-85A-01D-A79L-36/analysis/HCM-CSHL-0177-C25-85A-01D-A79L-36.final.bam,/gpfs/commons/projects/HCMI/wgs/4c7f7ceb-23f4-49cb-8d6c-648c9284d265/bfd6202c-7c57-43ca-8807-719d813aedfa_wgs_gdc_realn.bam
HCM-CSHL-0318-C18-10A-01D-A82H-36,41527f0b-2238-42fc-a654-9c7b7c5fd4a1_wgs_gdc_realn.bam,/gpfs/commons/projects/TCGA/gdc-awg/HCMI/WGS/Project_NYGC_15336_B01_SOM_WGS_AnalysisOnly/Sample_HCM-CSHL-0318-C18-10A-01D-A82H-36/analysis/HCM-CSHL-0318-C18-10A-01D-A82H-36.final.bam,/gpfs/commons/projects/HCMI/wgs/bbb3ddaa-5bc2-4e33-a79e-59278260b466/41527f0b-2238-42fc-a654-9c7b7c5fd4a1_wgs_gdc_realn.bam
HCM-CSHL-0377-C18-85A-01D-A78T-36,f3d74978-78e0-4525-a35b-4607d40273b0_wgs_gdc_realn.bam,/gpfs/commons/projects/TCGA/gdc-awg/HCMI/WGS/Project_NYGC_15336_B01_SOM_WGS_AnalysisOnly/Sample_HCM-CSHL-0377-C18-85A-01D-A78T-36/analysis/HCM-CSHL-0377-C18-85A-01D-A78T-36.final.bam,/gpfs/commons/projects/HCMI/wgs/5d2419a3-d681-43d4-9f1e-5bbafaf9bca4/f3d74978-78e0-4525-a35b-4607d40273b0_wgs_gdc_realn.bam
HCM-CSHL-0063-C18-85A-01D-A768-36,c80ccad8-a710-41a1-aee4-b605d7add703_wgs_gdc_realn.bam,/gpfs/commons/projects/TCGA/gdc-awg/HCMI/WGS/Project_NYGC_15336_B01_SOM_WGS_AnalysisOnly/Sample_HCM-CSHL-0063-C18-85A-01D-A768-36/analysis/HCM-CSHL-0063-C18-85A-01D-A768-36.final.bam,/gpfs/commons/projects/HCMI/wgs/6ba3b4b6-698b-4f93-925b-5ffb7d3a0faf/c80ccad8-a710-41a1-aee4-b605d7add703_wgs_gdc_realn.bam
HCM-SANG-0267-D12-10A-01D-A79M-36,b4a4906b-cd5b-498f-9f2c-34f0813f6953_wgs_gdc_realn.bam,/gpfs/commons/projects/TCGA/gdc-awg/HCMI/WGS/Project_NYGC_15336_B01_SOM_WGS_AnalysisOnly/Sample_HCM-SANG-0267-D12-10A-01D-A79M-36/analysis/HCM-SANG-0267-D12-10A-01D-A79M-36.final.bam,/gpfs/commons/projects/HCMI/wgs/f6bce6ac-609d-45fd-ae4d-6e534c2e5efa/b4a4906b-cd5b-498f-9f2c-34f0813f6953_wgs_gdc_realn.bam
HCM-BROD-0569-C43-85M-01D-A80U-36,e44bf205-ac59-4a29-bf50-1b9da39671a4_wgs_gdc_realn.bam,/gpfs/commons/projects/TCGA/gdc-awg/HCMI/WGS/Project_NYGC_15336_B01_SOM_WGS_AnalysisOnly/Sample_HCM-BROD-0569-C43-85M-01D-A80U-36/analysis/HCM-BROD-0569-C43-85M-01D-A80U-36.final.bam,/gpfs/commons/projects/HCMI/wgs/8c79f8db-6623-48fa-8c93-1ccfd80c7e49/e44bf205-ac59-4a29-bf50-1b9da39671a4_wgs_gdc_realn.bam
HCM-BROD-0209-C71-10A-01D-A786-36,d8aefb17-bc76-4440-8902-c3d3b080c0f0_wgs_gdc_realn.bam,/gpfs/commons/projects/TCGA/gdc-awg/HCMI/WGS/Project_NYGC_15336_B01_SOM_WGS_AnalysisOnly/Sample_HCM-BROD-0209-C71-10A-01D-A786-36/analysis/HCM-BROD-0209-C71-10A-01D-A786-36.final.bam,/gpfs/commons/projects/HCMI/wgs/db07b865-4b6c-4284-ae5e-3356bd91b9ec/d8aefb17-bc76-4440-8902-c3d3b080c0f0_wgs_gdc_realn.bam
HCM-CSHL-0179-C25-10A-01D-A78T-36,cc525db4-1d4a-4f61-be59-eaae4d4c731e_wgs_gdc_realn.bam,/gpfs/commons/projects/TCGA/gdc-awg/HCMI/WGS/Project_NYGC_15336_B01_SOM_WGS_AnalysisOnly/Sample_HCM-CSHL-0179-C25-10A-01D-A78T-36/analysis/HCM-CSHL-0179-C25-10A-01D-A78T-36.final.bam,/gpfs/commons/projects/HCMI/wgs/7da6a5c7-53c5-4cb5-8bf1-98983377a9ad/cc525db4-1d4a-4f61-be59-eaae4d4c731e_wgs_gdc_realn.bam
HCM-BROD-0125-C25-85B-01D-A79L-36,1f356a03-41a4-4f40-be58-837c3b8d8e54_wgs_gdc_realn.bam,/gpfs/commons/projects/TCGA/gdc-awg/HCMI/WGS/Project_NYGC_15336_B01_SOM_WGS_AnalysisOnly/Sample_HCM-BROD-0125-C25-85B-01D-A79L-36/analysis/HCM-BROD-0125-C25-85B-01D-A79L-36.final.bam,/gpfs/commons/projects/HCMI/wgs/51513f01-cfc7-4603-8c38-cee7c593e6bc/1f356a03-41a4-4f40-be58-837c3b8d8e54_wgs_gdc_realn.bam
HCM-BROD-0035-C49-06A-21D-A79L-36,1fa6734b-eb11-4f53-8be1-e3ce444abb5e_wgs_gdc_realn.bam,/gpfs/commons/projects/TCGA/gdc-awg/HCMI/WGS/Project_NYGC_15336_B01_SOM_WGS_AnalysisOnly/Sample_HCM-BROD-0035-C49-06A-21D-A79L-36/analysis/HCM-BROD-0035-C49-06A-21D-A79L-36.final.bam,/gpfs/commons/projects/HCMI/wgs/99256c2c-4df5-48b7-9210-7b73f9616df5/1fa6734b-eb11-4f53-8be1-e3ce444abb5e_wgs_gdc_realn.bam
HCM-CSHL-0180-C25-10A-01D-A79L-36,934a74f2-220b-4983-86bb-dd626e1d3416_wgs_gdc_realn.bam,/gpfs/commons/projects/TCGA/gdc-awg/HCMI/WGS/Project_NYGC_15336_B01_SOM_WGS_AnalysisOnly/Sample_HCM-CSHL-0180-C25-10A-01D-A79L-36/analysis/HCM-CSHL-0180-C25-10A-01D-A79L-36.final.bam,/gpfs/commons/projects/HCMI/wgs/1b54f261-d12d-46fa-a631-d16a49382a78/934a74f2-220b-4983-86bb-dd626e1d3416_wgs_gdc_realn.bam
HCM-SANG-0292-C15-10A-01D-A79M-36,6af9a2ba-4ccd-473d-aed5-9c6d4c3774b8_wgs_gdc_realn.bam,/gpfs/commons/projects/TCGA/gdc-awg/HCMI/WGS/Project_NYGC_15336_B01_SOM_WGS_AnalysisOnly/Sample_HCM-SANG-0292-C15-10A-01D-A79M-36/analysis/HCM-SANG-0292-C15-10A-01D-A79M-36.final.bam,/gpfs/commons/projects/HCMI/wgs/434aeca9-a1b3-4406-9078-60a48d191845/6af9a2ba-4ccd-473d-aed5-9c6d4c3774b8_wgs_gdc_realn.bam
HCM-CSHL-0062-C18-85A-01D-A768-36,5e657849-0873-4b8c-9acf-5fe8cac1be05_wgs_gdc_realn.bam,/gpfs/commons/projects/TCGA/gdc-awg/HCMI/WGS/Project_NYGC_15336_B01_SOM_WGS_AnalysisOnly/Sample_HCM-CSHL-0062-C18-85A-01D-A768-36/analysis/HCM-CSHL-0062-C18-85A-01D-A768-36.final.bam,/gpfs/commons/projects/HCMI/wgs/fab4cc38-154e-4f87-b14a-5880ee2c1373/5e657849-0873-4b8c-9acf-5fe8cac1be05_wgs_gdc_realn.bam
HCM-CSHL-0250-C50-85C-01D-A82H-36,dce22010-51af-478c-af0c-27cb9b855b32_wgs_gdc_realn.bam,/gpfs/commons/projects/TCGA/gdc-awg/HCMI/WGS/Project_NYGC_15336_B01_SOM_WGS_AnalysisOnly/Sample_HCM-CSHL-0250-C50-85C-01D-A82H-36/analysis/HCM-CSHL-0250-C50-85C-01D-A82H-36.final.bam,/gpfs/commons/projects/HCMI/wgs/73ead7c9-b780-462f-8f69-1f3d6a6a869f/dce22010-51af-478c-af0c-27cb9b855b32_wgs_gdc_realn.bam
HCM-CSHL-0174-C22-01A-11D-A78L-36,16f75a0d-e0d5-4f22-8faf-8bdd76083015_wgs_gdc_realn.bam,/gpfs/commons/projects/TCGA/gdc-awg/HCMI/WGS/Project_NYGC_15336_B01_SOM_WGS_AnalysisOnly/Sample_HCM-CSHL-0174-C22-01A-11D-A78L-36/analysis/HCM-CSHL-0174-C22-01A-11D-A78L-36.final.bam,/gpfs/commons/projects/HCMI/wgs/e8dd2f33-4d10-4fe2-9313-b717c7600711/16f75a0d-e0d5-4f22-8faf-8bdd76083015_wgs_gdc_realn.bam
HCM-CSHL-0374-C25-85A-01D-A79M-36,bf2b7c5f-f685-4c5b-8b87-22de8839fd7c_wgs_gdc_realn.bam,/gpfs/commons/projects/TCGA/gdc-awg/HCMI/WGS/Project_NYGC_15336_B01_SOM_WGS_AnalysisOnly/Sample_HCM-CSHL-0374-C25-85A-01D-A79M-36/analysis/HCM-CSHL-0374-C25-85A-01D-A79M-36.final.bam,/gpfs/commons/projects/HCMI/wgs/26e6a58d-5cda-405c-862e-816a75a061eb/bf2b7c5f-f685-4c5b-8b87-22de8839fd7c_wgs_gdc_realn.bam
HCM-CSHL-0179-C25-85A-01D-A78T-36,2f4fd6d4-2763-4a09-b2b5-7c0e61142838_wgs_gdc_realn.bam,/gpfs/commons/projects/TCGA/gdc-awg/HCMI/WGS/Project_NYGC_15336_B01_SOM_WGS_AnalysisOnly/Sample_HCM-CSHL-0179-C25-85A-01D-A78T-36/analysis/HCM-CSHL-0179-C25-85A-01D-A78T-36.final.bam,/gpfs/commons/projects/HCMI/wgs/15f6a945-bb52-4c63-a132-02f2f5e3bbec/2f4fd6d4-2763-4a09-b2b5-7c0e61142838_wgs_gdc_realn.bam
HCM-BROD-0103-C71-85B-01D-A78T-36,fc57a076-f2ce-41a8-8d50-93f8b83e4d1e_wgs_gdc_realn.bam,/gpfs/commons/projects/TCGA/gdc-awg/HCMI/WGS/Project_NYGC_15336_B01_SOM_WGS_AnalysisOnly/Sample_HCM-BROD-0103-C71-85B-01D-A78T-36/analysis/HCM-BROD-0103-C71-85B-01D-A78T-36.final.bam,/gpfs/commons/projects/HCMI/wgs/97fa1a09-88b9-4f43-8659-1a4283f74d6c/fc57a076-f2ce-41a8-8d50-93f8b83e4d1e_wgs_gdc_realn.bam
HCM-BROD-0455-C71-01A-11D-A78T-36,94d5b257-ef1c-407b-ad07-ea129a77278b_wgs_gdc_realn.bam,/gpfs/commons/projects/TCGA/gdc-awg/HCMI/WGS/Project_NYGC_15336_B01_SOM_WGS_AnalysisOnly/Sample_HCM-BROD-0455-C71-01A-11D-A78T-36/analysis/HCM-BROD-0455-C71-01A-11D-A78T-36.final.bam,/gpfs/commons/projects/HCMI/wgs/30111a87-1e00-4308-9c18-f3e344b875a0/94d5b257-ef1c-407b-ad07-ea129a77278b_wgs_gdc_realn.bam
HCM-CSHL-0247-C18-01A-21D-A78T-36,00fb8349-d3f1-49ae-bd7b-d59c9ba736d9_wgs_gdc_realn.bam,/gpfs/commons/projects/TCGA/gdc-awg/HCMI/WGS/Project_NYGC_15336_B01_SOM_WGS_AnalysisOnly/Sample_HCM-CSHL-0247-C18-01A-21D-A78T-36/analysis/HCM-CSHL-0247-C18-01A-21D-A78T-36.final.bam,/gpfs/commons/projects/HCMI/wgs/da8c99d4-29d4-421a-b412-1f68231e8e5e/00fb8349-d3f1-49ae-bd7b-d59c9ba736d9_wgs_gdc_realn.bam
HCM-CSHL-0372-C25-01A-11D-A79M-36,4d5b6c60-a5d3-4b36-83ab-0251a8c4d698_wgs_gdc_realn.bam,/gpfs/commons/projects/TCGA/gdc-awg/HCMI/WGS/Project_NYGC_15336_B01_SOM_WGS_AnalysisOnly/Sample_HCM-CSHL-0372-C25-01A-11D-A79M-36/analysis/HCM-CSHL-0372-C25-01A-11D-A79M-36.final.bam,/gpfs/commons/projects/HCMI/wgs/417ff2ef-37d8-496a-99bf-db340fe56ea3/4d5b6c60-a5d3-4b36-83ab-0251a8c4d698_wgs_gdc_realn.bam
HCM-CSHL-0512-C24-06A-21D-A82H-36,f0f28466-ae8f-40f8-9ab4-749fb9ba8f22_wgs_gdc_realn.bam,/gpfs/commons/projects/TCGA/gdc-awg/HCMI/WGS/Project_NYGC_15336_B01_SOM_WGS_AnalysisOnly/Sample_HCM-CSHL-0512-C24-06A-21D-A82H-36/analysis/HCM-CSHL-0512-C24-06A-21D-A82H-36.final.bam,/gpfs/commons/projects/HCMI/wgs/92c91f7f-8080-4043-98a1-8e7c4337b089/f0f28466-ae8f-40f8-9ab4-749fb9ba8f22_wgs_gdc_realn.bam
HCM-BROD-0112-C25-85A-01D-A79C-36,57de0d63-02f5-4344-82c7-ed3e82fc3228_wgs_gdc_realn.bam,/gpfs/commons/projects/TCGA/gdc-awg/HCMI/WGS/Project_NYGC_15336_B01_SOM_WGS_AnalysisOnly/Sample_HCM-BROD-0112-C25-85A-01D-A79C-36/analysis/HCM-BROD-0112-C25-85A-01D-A79C-36.final.bam,/gpfs/commons/projects/HCMI/wgs/1e4fce90-2729-442e-a17e-43c0cb9c3548/57de0d63-02f5-4344-82c7-ed3e82fc3228_wgs_gdc_realn.bam
HCM-CSHL-0510-D13-10A-01D-A82H-36,b861e050-215b-4b72-9a19-3c822f66be20_wgs_gdc_realn.bam,/gpfs/commons/projects/TCGA/gdc-awg/HCMI/WGS/Project_NYGC_15336_B01_SOM_WGS_AnalysisOnly/Sample_HCM-CSHL-0510-D13-10A-01D-A82H-36/analysis/HCM-CSHL-0510-D13-10A-01D-A82H-36.final.bam,/gpfs/commons/projects/HCMI/wgs/2c8415fd-c7e4-4171-8787-e2b4614958bf/b861e050-215b-4b72-9a19-3c822f66be20_wgs_gdc_realn.bam
HCM-BROD-0053-C49-06A-11D-A79C-36,ae90696d-81e1-4821-9a8f-4d3087400be1_wgs_gdc_realn.bam,/gpfs/commons/projects/TCGA/gdc-awg/HCMI/WGS/Project_NYGC_15336_B01_SOM_WGS_AnalysisOnly/Sample_HCM-BROD-0053-C49-06A-11D-A79C-36/analysis/HCM-BROD-0053-C49-06A-11D-A79C-36.final.bam,/gpfs/commons/projects/HCMI/wgs/e0b77d5c-b411-4175-80ff-287c0767c89b/ae90696d-81e1-4821-9a8f-4d3087400be1_wgs_gdc_realn.bam
HCM-BROD-0577-C15-10A-01D-A83U-36,b02424d3-ca5c-41c7-94d7-5f9663e25e04_wgs_gdc_realn.bam,/gpfs/commons/projects/TCGA/gdc-awg/HCMI/WGS/Project_NYGC_15336_B01_SOM_WGS_AnalysisOnly/Sample_HCM-BROD-0577-C15-10A-01D-A83U-36/analysis/HCM-BROD-0577-C15-10A-01D-A83U-36.final.bam,/gpfs/commons/projects/HCMI/wgs/10f727ec-669a-462b-ab8d-67d6a25a2ea9/b02424d3-ca5c-41c7-94d7-5f9663e25e04_wgs_gdc_realn.bam
HCM-CSHL-0058-C34-85C-01D-A78L-36,091c9da1-d14a-4dc1-ab0d-50c74860f7b9_wgs_gdc_realn.bam,/gpfs/commons/projects/TCGA/gdc-awg/HCMI/WGS/Project_NYGC_15336_B01_SOM_WGS_AnalysisOnly/Sample_HCM-CSHL-0058-C34-85C-01D-A78L-36/analysis/HCM-CSHL-0058-C34-85C-01D-A78L-36.final.bam,/gpfs/commons/projects/HCMI/wgs/ec93497d-dbbc-4000-ac79-9fa41f7daef7/091c9da1-d14a-4dc1-ab0d-50c74860f7b9_wgs_gdc_realn.bam
HCM-BROD-0253-C15-10B-01D-A80U-36,f3a4c35a-16e7-458d-b807-38bb43242f33_wgs_gdc_realn.bam,/gpfs/commons/projects/TCGA/gdc-awg/HCMI/WGS/Project_NYGC_15336_B01_SOM_WGS_AnalysisOnly/Sample_HCM-BROD-0253-C15-10B-01D-A80U-36/analysis/HCM-BROD-0253-C15-10B-01D-A80U-36.final.bam,/gpfs/commons/projects/HCMI/wgs/5ccc331a-67b6-44e5-8d9a-9ff0c6465690/f3a4c35a-16e7-458d-b807-38bb43242f33_wgs_gdc_realn.bam
HCM-BROD-0472-C34-06B-21D-A80U-36,ace71095-df1c-43fb-a088-911a0cf88ed8_wgs_gdc_realn.bam,/gpfs/commons/projects/TCGA/gdc-awg/HCMI/WGS/Project_NYGC_15336_B01_SOM_WGS_AnalysisOnly/Sample_HCM-BROD-0472-C34-06B-21D-A80U-36/analysis/HCM-BROD-0472-C34-06B-21D-A80U-36.final.bam,/gpfs/commons/projects/HCMI/wgs/3148e8ab-d575-4eef-aeb9-725534a1d67d/ace71095-df1c-43fb-a088-911a0cf88ed8_wgs_gdc_realn.bam
HCM-CSHL-0658-C20-06A-11D-A85K-36,987609f7-1aaf-4273-bfd0-9c538bf25713_wgs_gdc_realn.bam,/gpfs/commons/projects/TCGA/gdc-awg/HCMI/WGS/Project_NYGC_15336_B01_SOM_WGS_AnalysisOnly/Sample_HCM-CSHL-0658-C20-06A-11D-A85K-36/analysis/HCM-CSHL-0658-C20-06A-11D-A85K-36.final.bam,/gpfs/commons/projects/HCMI/wgs/7d271219-2ec9-4449-b327-b9bbd5a05cfe/987609f7-1aaf-4273-bfd0-9c538bf25713_wgs_gdc_realn.bam
HCM-SANG-0277-C18-85A-01D-A79M-36,c7704c7b-b768-497e-b122-4527c76a4277_wgs_gdc_realn.bam,/gpfs/commons/projects/TCGA/gdc-awg/HCMI/WGS/Project_NYGC_15336_B01_SOM_WGS_AnalysisOnly/Sample_HCM-SANG-0277-C18-85A-01D-A79M-36/analysis/HCM-SANG-0277-C18-85A-01D-A79M-36.final.bam,/gpfs/commons/projects/HCMI/wgs/f43b0f30-4a5f-4e19-bd97-c70738221922/c7704c7b-b768-497e-b122-4527c76a4277_wgs_gdc_realn.bam
HCM-CSHL-0178-C25-10A-01D-A80U-36,a93b1a33-9dcf-498c-a21f-5c2f0dec6cde_wgs_gdc_realn.bam,/gpfs/commons/projects/TCGA/gdc-awg/HCMI/WGS/Project_NYGC_15336_B01_SOM_WGS_AnalysisOnly/Sample_HCM-CSHL-0178-C25-10A-01D-A80U-36/analysis/HCM-CSHL-0178-C25-10A-01D-A80U-36.final.bam,/gpfs/commons/projects/HCMI/wgs/df80bcc0-97b3-4eb5-b545-94ba9ac799c6/a93b1a33-9dcf-498c-a21f-5c2f0dec6cde_wgs_gdc_realn.bam
HCM-BROD-0449-C34-85M-01D-A82H-36,8993ed88-06df-4def-9774-74a750f2e4a8_wgs_gdc_realn.bam,/gpfs/commons/projects/TCGA/gdc-awg/HCMI/WGS/Project_NYGC_15336_B01_SOM_WGS_AnalysisOnly/Sample_HCM-BROD-0449-C34-85M-01D-A82H-36/analysis/HCM-BROD-0449-C34-85M-01D-A82H-36.final.bam,/gpfs/commons/projects/HCMI/wgs/03ce4234-bf43-494b-a232-3cb68322f8b7/8993ed88-06df-4def-9774-74a750f2e4a8_wgs_gdc_realn.bam
HCM-CSHL-0183-C25-85A-01D-A78L-36,0f37a96f-b3ce-4159-b58c-6be6c5d1be5b_wgs_gdc_realn.bam,/gpfs/commons/projects/TCGA/gdc-awg/HCMI/WGS/Project_NYGC_15336_B01_SOM_WGS_AnalysisOnly/Sample_HCM-CSHL-0183-C25-85A-01D-A78L-36/analysis/HCM-CSHL-0183-C25-85A-01D-A78L-36.final.bam,/gpfs/commons/projects/HCMI/wgs/16abc263-f86c-4f1a-80b4-0bffa79defd7/0f37a96f-b3ce-4159-b58c-6be6c5d1be5b_wgs_gdc_realn.bam
HCM-CSHL-0191-C25-85A-01D-A78L-36,8920e537-e397-4275-9341-f5cc70eb9ac1_wgs_gdc_realn.bam,/gpfs/commons/projects/TCGA/gdc-awg/HCMI/WGS/Project_NYGC_15336_B01_SOM_WGS_AnalysisOnly/Sample_HCM-CSHL-0191-C25-85A-01D-A78L-36/analysis/HCM-CSHL-0191-C25-85A-01D-A78L-36.final.bam,/gpfs/commons/projects/HCMI/wgs/9432deba-8cea-444b-a9a9-ad2ef6f18a47/8920e537-e397-4275-9341-f5cc70eb9ac1_wgs_gdc_realn.bam
HCM-BROD-0214-C71-10A-01D-A79L-36,a11a37ed-5de2-428c-acff-e4b49e494de5_wgs_gdc_realn.bam,/gpfs/commons/projects/TCGA/gdc-awg/HCMI/WGS/Project_NYGC_15336_B01_SOM_WGS_AnalysisOnly/Sample_HCM-BROD-0214-C71-10A-01D-A79L-36/analysis/HCM-BROD-0214-C71-10A-01D-A79L-36.final.bam,/gpfs/commons/projects/HCMI/wgs/e3461169-fc11-41a3-b858-6f939421d644/a11a37ed-5de2-428c-acff-e4b49e494de5_wgs_gdc_realn.bam
HCM-CSHL-0434-C24-85A-01D-A78U-36,6d535c7a-f9cd-4523-830d-1c9b3427d580_wgs_gdc_realn.bam,/gpfs/commons/projects/TCGA/gdc-awg/HCMI/WGS/Project_NYGC_15336_B01_SOM_WGS_AnalysisOnly/Sample_HCM-CSHL-0434-C24-85A-01D-A78U-36/analysis/HCM-CSHL-0434-C24-85A-01D-A78U-36.final.bam,/gpfs/commons/projects/HCMI/wgs/a0156222-3199-4b5d-a2d8-c1b5bf0da551/6d535c7a-f9cd-4523-830d-1c9b3427d580_wgs_gdc_realn.bam
HCM-BROD-0676-C71-85R-01D-A85C-36,947d62e4-d8b4-4022-b2fb-d6d47d041826_wgs_gdc_realn.bam,/gpfs/commons/projects/TCGA/gdc-awg/HCMI/WGS/Project_NYGC_15336_B01_SOM_WGS_AnalysisOnly/Sample_HCM-BROD-0676-C71-85R-01D-A85C-36/analysis/HCM-BROD-0676-C71-85R-01D-A85C-36.final.bam,/gpfs/commons/projects/HCMI/wgs/4cb92dae-52d0-4683-b42d-9c75d0fd1cee/947d62e4-d8b4-4022-b2fb-d6d47d041826_wgs_gdc_realn.bam
HCM-CSHL-0246-C19-10A-01D-A78L-36,5c496ae4-8f18-4e46-8dea-b58715b9a250_wgs_gdc_realn.bam,/gpfs/commons/projects/TCGA/gdc-awg/HCMI/WGS/Project_NYGC_15336_B01_SOM_WGS_AnalysisOnly/Sample_HCM-CSHL-0246-C19-10A-01D-A78L-36/analysis/HCM-CSHL-0246-C19-10A-01D-A78L-36.final.bam,/gpfs/commons/projects/HCMI/wgs/ee09cf4d-0002-421d-aacd-689716e752cc/5c496ae4-8f18-4e46-8dea-b58715b9a250_wgs_gdc_realn.bam
HCM-CSHL-0089-C25-85M-01D-A78T-36,2f70564d-7042-4215-bec5-8df26c0bda54_wgs_gdc_realn.bam,/gpfs/commons/projects/TCGA/gdc-awg/HCMI/WGS/Project_NYGC_15336_B01_SOM_WGS_AnalysisOnly/Sample_HCM-CSHL-0089-C25-85M-01D-A78T-36/analysis/HCM-CSHL-0089-C25-85M-01D-A78T-36.final.bam,/gpfs/commons/projects/HCMI/wgs/b66888a1-e5aa-4800-a761-5317d1330278/2f70564d-7042-4215-bec5-8df26c0bda54_wgs_gdc_realn.bam
HCM-BROD-0003-C71-85B-01D-A77E-36,9f4f9615-1b2a-48a8-a528-8e34bd2abad9_wgs_gdc_realn.bam,/gpfs/commons/projects/TCGA/gdc-awg/HCMI/WGS/Project_NYGC_15336_B01_SOM_WGS_AnalysisOnly/Sample_HCM-BROD-0003-C71-85B-01D-A77E-36/analysis/HCM-BROD-0003-C71-85B-01D-A77E-36.final.bam,/gpfs/commons/projects/HCMI/wgs/639a5775-4bc8-4da8-97e4-4065f21d64e1/9f4f9615-1b2a-48a8-a528-8e34bd2abad9_wgs_gdc_realn.bam
HCM-BROD-0120-C15-06A-11D-A786-36,0df5f66f-6ec3-44ba-9652-3332b9423dee_wgs_gdc_realn.bam,/gpfs/commons/projects/TCGA/gdc-awg/HCMI/WGS/Project_NYGC_15336_B01_SOM_WGS_AnalysisOnly/Sample_HCM-BROD-0120-C15-06A-11D-A786-36/analysis/HCM-BROD-0120-C15-06A-11D-A786-36.final.bam,/gpfs/commons/projects/HCMI/wgs/6e7435dc-0a0b-4a46-87d2-48558ed13474/0df5f66f-6ec3-44ba-9652-3332b9423dee_wgs_gdc_realn.bam
HCM-BROD-0098-C15-10B-01D-A79C-36,03fc6d45-5c07-4544-8f39-74d19d73386f_wgs_gdc_realn.bam,/gpfs/commons/projects/TCGA/gdc-awg/HCMI/WGS/Project_NYGC_15336_B01_SOM_WGS_AnalysisOnly/Sample_HCM-BROD-0098-C15-10B-01D-A79C-36/analysis/HCM-BROD-0098-C15-10B-01D-A79C-36.final.bam,/gpfs/commons/projects/HCMI/wgs/e75e5a21-875d-4d23-b262-ba5e00398444/03fc6d45-5c07-4544-8f39-74d19d73386f_wgs_gdc_realn.bam
HCM-CSHL-0810-C54-11A-01D-A85L-36,e85d0197-a144-495c-acb9-53477bb37e57_wgs_gdc_realn.bam,/gpfs/commons/projects/TCGA/gdc-awg/HCMI/WGS/Project_NYGC_15336_B01_SOM_WGS_AnalysisOnly/Sample_HCM-CSHL-0810-C54-11A-01D-A85L-36/analysis/HCM-CSHL-0810-C54-11A-01D-A85L-36.final.bam,/gpfs/commons/projects/HCMI/wgs/1346a758-4ad0-4da6-a90c-d18378bc0464/e85d0197-a144-495c-acb9-53477bb37e57_wgs_gdc_realn.bam
HCM-WCMC-0673-C56-10A-01D-A85C-36,8925e33c-e965-4dfa-821a-15c37536bdda_wgs_gdc_realn.bam,/gpfs/commons/projects/TCGA/gdc-awg/HCMI/WGS/Project_NYGC_15336_B01_SOM_WGS_AnalysisOnly/Sample_HCM-WCMC-0673-C56-10A-01D-A85C-36/analysis/HCM-WCMC-0673-C56-10A-01D-A85C-36.final.bam,/gpfs/commons/projects/HCMI/wgs/f82023ec-f589-4ba6-87e5-c0f2609210a5/8925e33c-e965-4dfa-821a-15c37536bdda_wgs_gdc_realn.bam
HCM-BROD-0476-C56-10A-01D-A82H-36,045eee43-bf64-444c-b194-08244cd821f6_wgs_gdc_realn.bam,/gpfs/commons/projects/TCGA/gdc-awg/HCMI/WGS/Project_NYGC_15336_B01_SOM_WGS_AnalysisOnly/Sample_HCM-BROD-0476-C56-10A-01D-A82H-36/analysis/HCM-BROD-0476-C56-10A-01D-A82H-36.final.bam,/gpfs/commons/projects/HCMI/wgs/54eb1b43-1b6a-4d55-8be8-d222109b529f/045eee43-bf64-444c-b194-08244cd821f6_wgs_gdc_realn.bam
HCM-SANG-0286-C20-85A-01D-A79M-36,f4471255-5c24-434d-809c-2905f0d6eb67_wgs_gdc_realn.bam,/gpfs/commons/projects/TCGA/gdc-awg/HCMI/WGS/Project_NYGC_15336_B01_SOM_WGS_AnalysisOnly/Sample_HCM-SANG-0286-C20-85A-01D-A79M-36/analysis/HCM-SANG-0286-C20-85A-01D-A79M-36.final.bam,/gpfs/commons/projects/HCMI/wgs/9fc42a21-c1e2-4a66-8210-e6b6c8f148c9/f4471255-5c24-434d-809c-2905f0d6eb67_wgs_gdc_realn.bam
HCM-BROD-0419-C71-10A-01D-A79L-36,ae23aaee-9ef9-41dc-97a2-fe6a3af2e68c_wgs_gdc_realn.bam,/gpfs/commons/projects/TCGA/gdc-awg/HCMI/WGS/Project_NYGC_15336_B01_SOM_WGS_AnalysisOnly/Sample_HCM-BROD-0419-C71-10A-01D-A79L-36/analysis/HCM-BROD-0419-C71-10A-01D-A79L-36.final.bam,/gpfs/commons/projects/HCMI/wgs/8dc87446-7fee-4d43-ae92-a76c07bbea48/ae23aaee-9ef9-41dc-97a2-fe6a3af2e68c_wgs_gdc_realn.bam
HCM-BROD-0035-C49-85M-01D-A79L-36,5e106c14-8e7c-4414-960a-6a3161257630_wgs_gdc_realn.bam,/gpfs/commons/projects/TCGA/gdc-awg/HCMI/WGS/Project_NYGC_15336_B01_SOM_WGS_AnalysisOnly/Sample_HCM-BROD-0035-C49-85M-01D-A79L-36/analysis/HCM-BROD-0035-C49-85M-01D-A79L-36.final.bam,/gpfs/commons/projects/HCMI/wgs/f1434da9-0675-4ae7-b6d0-06f0da63368e/5e106c14-8e7c-4414-960a-6a3161257630_wgs_gdc_realn.bam
HCM-BROD-0003-C71-10A-01D-A77E-36,0670a19e-7fa6-4d5f-81f7-7723315bc357_wgs_gdc_realn.bam,/gpfs/commons/projects/TCGA/gdc-awg/HCMI/WGS/Project_NYGC_15336_B01_SOM_WGS_AnalysisOnly/Sample_HCM-BROD-0003-C71-10A-01D-A77E-36/analysis/HCM-BROD-0003-C71-10A-01D-A77E-36.final.bam,/gpfs/commons/projects/HCMI/wgs/0ba82b5a-6daa-4e2e-94c7-067938e3fb17/0670a19e-7fa6-4d5f-81f7-7723315bc357_wgs_gdc_realn.bam
HCM-CSHL-0075-C25-85A-01D-A78L-36,13ddd7d4-d0be-4d7e-a277-b2d1a8471694_wgs_gdc_realn.bam,/gpfs/commons/projects/TCGA/gdc-awg/HCMI/WGS/Project_NYGC_15336_B01_SOM_WGS_AnalysisOnly/Sample_HCM-CSHL-0075-C25-85A-01D-A78L-36/analysis/HCM-CSHL-0075-C25-85A-01D-A78L-36.final.bam,/gpfs/commons/projects/HCMI/wgs/897e37ee-0d11-4ec8-978e-f4355e718182/13ddd7d4-d0be-4d7e-a277-b2d1a8471694_wgs_gdc_realn.bam
HCM-WCMC-0675-C67-02A-10D-A83U-36,67f723f4-80bf-455d-bef0-40889967fd11_wgs_gdc_realn.bam,/gpfs/commons/projects/TCGA/gdc-awg/HCMI/WGS/Project_NYGC_15336_B01_SOM_WGS_AnalysisOnly/Sample_HCM-WCMC-0675-C67-02A-10D-A83U-36/analysis/HCM-WCMC-0675-C67-02A-10D-A83U-36.final.bam,/gpfs/commons/projects/HCMI/wgs/e1c74fd0-f056-4d60-82de-f4ac98b2f22e/67f723f4-80bf-455d-bef0-40889967fd11_wgs_gdc_realn.bam
HCM-CSHL-0600-C25-10A-01D-A82H-36,359bbb6c-b2ad-4ada-b251-ab96cbdaeabf_wgs_gdc_realn.bam,/gpfs/commons/projects/TCGA/gdc-awg/HCMI/WGS/Project_NYGC_15336_B01_SOM_WGS_AnalysisOnly/Sample_HCM-CSHL-0600-C25-10A-01D-A82H-36/analysis/HCM-CSHL-0600-C25-10A-01D-A82H-36.final.bam,/gpfs/commons/projects/HCMI/wgs/ad12f161-609b-4892-b080-02b5c6af6956/359bbb6c-b2ad-4ada-b251-ab96cbdaeabf_wgs_gdc_realn.bam
HCM-BROD-0332-C43-10A-01D-A78T-36,5e047d9d-4d87-409b-a52f-83fa7e5c7d6a_wgs_gdc_realn.bam,/gpfs/commons/projects/TCGA/gdc-awg/HCMI/WGS/Project_NYGC_15336_B01_SOM_WGS_AnalysisOnly/Sample_HCM-BROD-0332-C43-10A-01D-A78T-36/analysis/HCM-BROD-0332-C43-10A-01D-A78T-36.final.bam,/gpfs/commons/projects/HCMI/wgs/66ffab87-0426-41eb-967e-dd0ef94c8add/5e047d9d-4d87-409b-a52f-83fa7e5c7d6a_wgs_gdc_realn.bam
HCM-BROD-0210-C71-02A-11D-A78T-36,738b49e9-7670-40db-8a45-87db49cb4748_wgs_gdc_realn.bam,/gpfs/commons/projects/TCGA/gdc-awg/HCMI/WGS/Project_NYGC_15336_B01_SOM_WGS_AnalysisOnly/Sample_HCM-BROD-0210-C71-02A-11D-A78T-36/analysis/HCM-BROD-0210-C71-02A-11D-A78T-36.final.bam,/gpfs/commons/projects/HCMI/wgs/f171343f-b7fc-4e39-a131-b6d5a377457c/738b49e9-7670-40db-8a45-87db49cb4748_wgs_gdc_realn.bam
HCM-CSHL-0512-C24-10A-01D-A82H-36,366a9c3a-cedc-4b4a-8514-f31a8f1ec6b1_wgs_gdc_realn.bam,/gpfs/commons/projects/TCGA/gdc-awg/HCMI/WGS/Project_NYGC_15336_B01_SOM_WGS_AnalysisOnly/Sample_HCM-CSHL-0512-C24-10A-01D-A82H-36/analysis/HCM-CSHL-0512-C24-10A-01D-A82H-36.final.bam,/gpfs/commons/projects/HCMI/wgs/69da40c8-0e22-45ef-b042-9a93d3c4bf47/366a9c3a-cedc-4b4a-8514-f31a8f1ec6b1_wgs_gdc_realn.bam
HCM-SANG-0285-C18-85A-01D-A79M-36,90c9b2af-d4c3-490e-8da2-3d90bff96e98_wgs_gdc_realn.bam,/gpfs/commons/projects/TCGA/gdc-awg/HCMI/WGS/Project_NYGC_15336_B01_SOM_WGS_AnalysisOnly/Sample_HCM-SANG-0285-C18-85A-01D-A79M-36/analysis/HCM-SANG-0285-C18-85A-01D-A79M-36.final.bam,/gpfs/commons/projects/HCMI/wgs/5a80efaa-fe38-4783-8f69-a71a05b7c3a1/90c9b2af-d4c3-490e-8da2-3d90bff96e98_wgs_gdc_realn.bam
HCM-CSHL-0057-C18-01B-01D-A786-36,829bbea5-a57e-4d2f-97fd-30d827296b80_wgs_gdc_realn.bam,/gpfs/commons/projects/TCGA/gdc-awg/HCMI/WGS/Project_NYGC_15336_B01_SOM_WGS_AnalysisOnly/Sample_HCM-CSHL-0057-C18-01B-01D-A786-36/analysis/HCM-CSHL-0057-C18-01B-01D-A786-36.final.bam,/gpfs/commons/projects/HCMI/wgs/29eb9b75-d74a-4ace-8aaf-a9e55751e225/829bbea5-a57e-4d2f-97fd-30d827296b80_wgs_gdc_realn.bam
HCM-CSHL-0405-C25-01A-11D-A78L-36,c81d774f-d3dc-43fc-ac43-5a0de139e50f_wgs_gdc_realn.bam,/gpfs/commons/projects/TCGA/gdc-awg/HCMI/WGS/Project_NYGC_15336_B01_SOM_WGS_AnalysisOnly/Sample_HCM-CSHL-0405-C25-01A-11D-A78L-36/analysis/HCM-CSHL-0405-C25-01A-11D-A78L-36.final.bam,/gpfs/commons/projects/HCMI/wgs/86067d99-8dde-4e08-b3eb-eb97fe994e7a/c81d774f-d3dc-43fc-ac43-5a0de139e50f_wgs_gdc_realn.bam
HCM-BROD-0594-C43-10A-01D-A85K-36,2745e097-7e35-4042-9de1-b4487b495844_wgs_gdc_realn.bam,/gpfs/commons/projects/TCGA/gdc-awg/HCMI/WGS/Project_NYGC_15336_B01_SOM_WGS_AnalysisOnly/Sample_HCM-BROD-0594-C43-10A-01D-A85K-36/analysis/HCM-BROD-0594-C43-10A-01D-A85K-36.final.bam,/gpfs/commons/projects/HCMI/wgs/2b7f84d5-0aca-485f-a313-30ec1b1edd9e/2745e097-7e35-4042-9de1-b4487b495844_wgs_gdc_realn.bam
HCM-CSHL-0164-C20-85A-01D-A77E-36,63837e41-c5f3-4f6c-b6de-64b8d79ecb19_wgs_gdc_realn.bam,/gpfs/commons/projects/TCGA/gdc-awg/HCMI/WGS/Project_NYGC_15336_B01_SOM_WGS_AnalysisOnly/Sample_HCM-CSHL-0164-C20-85A-01D-A77E-36/analysis/HCM-CSHL-0164-C20-85A-01D-A77E-36.final.bam,/gpfs/commons/projects/HCMI/wgs/36a2260a-28a0-41ff-82b2-b6e7a608e71e/63837e41-c5f3-4f6c-b6de-64b8d79ecb19_wgs_gdc_realn.bam
HCM-BROD-0099-C15-85A-01D-A79C-36,31a76377-8462-44f8-b8ef-fe3d667283e9_wgs_gdc_realn.bam,/gpfs/commons/projects/TCGA/gdc-awg/HCMI/WGS/Project_NYGC_15336_B01_SOM_WGS_AnalysisOnly/Sample_HCM-BROD-0099-C15-85A-01D-A79C-36/analysis/HCM-BROD-0099-C15-85A-01D-A79C-36.final.bam,/gpfs/commons/projects/HCMI/wgs/606435b0-3cc1-4cfa-a846-b558fbbdf479/31a76377-8462-44f8-b8ef-fe3d667283e9_wgs_gdc_realn.bam
HCM-BROD-0254-C49-85M-01D-A79L-36,cfa5e67b-5e97-46b7-badb-41cc1f0e1a15_wgs_gdc_realn.bam,/gpfs/commons/projects/TCGA/gdc-awg/HCMI/WGS/Project_NYGC_15336_B01_SOM_WGS_AnalysisOnly/Sample_HCM-BROD-0254-C49-85M-01D-A79L-36/analysis/HCM-BROD-0254-C49-85M-01D-A79L-36.final.bam,/gpfs/commons/projects/HCMI/wgs/a87324c8-8fc7-4648-b85e-1d3721fbdb02/cfa5e67b-5e97-46b7-badb-41cc1f0e1a15_wgs_gdc_realn.bam
HCM-CSHL-0376-D37-10A-01D-A78T-36,aa16d6e6-6a3d-487f-82b1-9ffa258b851e_wgs_gdc_realn.bam,/gpfs/commons/projects/TCGA/gdc-awg/HCMI/WGS/Project_NYGC_15336_B01_SOM_WGS_AnalysisOnly/Sample_HCM-CSHL-0376-D37-10A-01D-A78T-36/analysis/HCM-CSHL-0376-D37-10A-01D-A78T-36.final.bam,/gpfs/commons/projects/HCMI/wgs/d2227e93-4677-4fc2-ae5b-15ded3e8f657/aa16d6e6-6a3d-487f-82b1-9ffa258b851e_wgs_gdc_realn.bam
HCM-BROD-0097-C15-10A-01D-A78T-36,557ef26f-bfe8-435b-a6c1-da52d4d02ab9_wgs_gdc_realn.bam,/gpfs/commons/projects/TCGA/gdc-awg/HCMI/WGS/Project_NYGC_15336_B01_SOM_WGS_AnalysisOnly/Sample_HCM-BROD-0097-C15-10A-01D-A78T-36/analysis/HCM-BROD-0097-C15-10A-01D-A78T-36.final.bam,/gpfs/commons/projects/HCMI/wgs/674649f5-ff07-4e7b-ab8a-8b3b764d3cf2/557ef26f-bfe8-435b-a6c1-da52d4d02ab9_wgs_gdc_realn.bam
HCM-BROD-0106-C71-10A-01D-A79L-36,89510023-140c-4f90-b07c-0e8539ffeef3_wgs_gdc_realn.bam,/gpfs/commons/projects/TCGA/gdc-awg/HCMI/WGS/Project_NYGC_15336_B01_SOM_WGS_AnalysisOnly/Sample_HCM-BROD-0106-C71-10A-01D-A79L-36/analysis/HCM-BROD-0106-C71-10A-01D-A79L-36.final.bam,/gpfs/commons/projects/HCMI/wgs/bd5f8c03-6050-4ffe-813e-3b6825092651/89510023-140c-4f90-b07c-0e8539ffeef3_wgs_gdc_realn.bam
HCM-CSHL-0250-C50-10A-01D-A82H-36,3c72592e-566a-4349-b63b-6a9f9a3e1c96_wgs_gdc_realn.bam,/gpfs/commons/projects/TCGA/gdc-awg/HCMI/WGS/Project_NYGC_15336_B01_SOM_WGS_AnalysisOnly/Sample_HCM-CSHL-0250-C50-10A-01D-A82H-36/analysis/HCM-CSHL-0250-C50-10A-01D-A82H-36.final.bam,/gpfs/commons/projects/HCMI/wgs/01372585-5515-49e3-9b68-fb111f9fe5a1/3c72592e-566a-4349-b63b-6a9f9a3e1c96_wgs_gdc_realn.bam
HCM-CSHL-0088-C25-85A-01D-A77E-36,be9a7236-7b99-465d-bea9-cfbe446dee9b_wgs_gdc_realn.bam,/gpfs/commons/projects/TCGA/gdc-awg/HCMI/WGS/Project_NYGC_15336_B01_SOM_WGS_AnalysisOnly/Sample_HCM-CSHL-0088-C25-85A-01D-A77E-36/analysis/HCM-CSHL-0088-C25-85A-01D-A77E-36.final.bam,/gpfs/commons/projects/HCMI/wgs/f8f21122-e06a-45af-88b9-a31eca761fb4/be9a7236-7b99-465d-bea9-cfbe446dee9b_wgs_gdc_realn.bam
HCM-CSHL-0403-C25-01B-01D-A85K-36,edc4e09f-b9e4-46ec-93b6-09fcb28370de_wgs_gdc_realn.bam,/gpfs/commons/projects/TCGA/gdc-awg/HCMI/WGS/Project_NYGC_15336_B01_SOM_WGS_AnalysisOnly/Sample_HCM-CSHL-0403-C25-01B-01D-A85K-36/analysis/HCM-CSHL-0403-C25-01B-01D-A85K-36.final.bam,/gpfs/commons/projects/HCMI/wgs/0e64b6fd-a1d9-4b2c-b360-b69a254f62a0/edc4e09f-b9e4-46ec-93b6-09fcb28370de_wgs_gdc_realn.bam
HCM-SANG-0304-C15-85A-01D-A78J-36,67554b7d-1702-40f5-ab04-81ff57ca7536_wgs_gdc_realn.bam,/gpfs/commons/projects/TCGA/gdc-awg/HCMI/WGS/Project_NYGC_15336_B01_SOM_WGS_AnalysisOnly/Sample_HCM-SANG-0304-C15-85A-01D-A78J-36/analysis/HCM-SANG-0304-C15-85A-01D-A78J-36.final.bam,/gpfs/commons/projects/HCMI/wgs/dbd21bc9-3004-47f3-a26f-bceec98b5df8/67554b7d-1702-40f5-ab04-81ff57ca7536_wgs_gdc_realn.bam
HCM-BROD-0045-C16-85A-01D-A79C-36,77bf0964-1ce4-4a1a-8f1e-4d9444b1fccd_wgs_gdc_realn.bam,/gpfs/commons/projects/TCGA/gdc-awg/HCMI/WGS/Project_NYGC_15336_B01_SOM_WGS_AnalysisOnly/Sample_HCM-BROD-0045-C16-85A-01D-A79C-36/analysis/HCM-BROD-0045-C16-85A-01D-A79C-36.final.bam,/gpfs/commons/projects/HCMI/wgs/15a421f4-e3c9-40e5-896e-71a26f238221/77bf0964-1ce4-4a1a-8f1e-4d9444b1fccd_wgs_gdc_realn.bam
HCM-WCMC-0497-C18-01A-15D-A85C-36,dac9dffc-8661-4b2a-a6cd-817b1531b49b_wgs_gdc_realn.bam,/gpfs/commons/projects/TCGA/gdc-awg/HCMI/WGS/Project_NYGC_15336_B01_SOM_WGS_AnalysisOnly/Sample_HCM-WCMC-0497-C18-01A-15D-A85C-36/analysis/HCM-WCMC-0497-C18-01A-15D-A85C-36.final.bam,/gpfs/commons/projects/HCMI/wgs/50a0c328-f272-4309-bf5c-9d7753be2607/dac9dffc-8661-4b2a-a6cd-817b1531b49b_wgs_gdc_realn.bam
HCM-CSHL-0380-C18-10A-01D-A79C-36,f0e8d164-0504-4ae0-ae10-b245e78a2b3b_wgs_gdc_realn.bam,/gpfs/commons/projects/TCGA/gdc-awg/HCMI/WGS/Project_NYGC_15336_B01_SOM_WGS_AnalysisOnly/Sample_HCM-CSHL-0380-C18-10A-01D-A79C-36/analysis/HCM-CSHL-0380-C18-10A-01D-A79C-36.final.bam,/gpfs/commons/projects/HCMI/wgs/67ac2b6b-a7cb-4970-874c-5d38ccd7566b/f0e8d164-0504-4ae0-ae10-b245e78a2b3b_wgs_gdc_realn.bam
HCM-BROD-0702-C43-85M-01D-A82H-36,b7cecd5a-7213-45c2-98bd-9efe487220a5_wgs_gdc_realn.bam,/gpfs/commons/projects/TCGA/gdc-awg/HCMI/WGS/Project_NYGC_15336_B01_SOM_WGS_AnalysisOnly/Sample_HCM-BROD-0702-C43-85M-01D-A82H-36/analysis/HCM-BROD-0702-C43-85M-01D-A82H-36.final.bam,/gpfs/commons/projects/HCMI/wgs/1738ff48-66b1-4aa2-ac98-7565dc306a7e/b7cecd5a-7213-45c2-98bd-9efe487220a5_wgs_gdc_realn.bam
HCM-CSHL-0373-C25-10A-01D-A79M-36,8ca881c7-e375-4372-aa66-2fe4d727689e_wgs_gdc_realn.bam,/gpfs/commons/projects/TCGA/gdc-awg/HCMI/WGS/Project_NYGC_15336_B01_SOM_WGS_AnalysisOnly/Sample_HCM-CSHL-0373-C25-10A-01D-A79M-36/analysis/HCM-CSHL-0373-C25-10A-01D-A79M-36.final.bam,/gpfs/commons/projects/HCMI/wgs/db3528db-7a8b-4c20-a56e-04665b8218ae/8ca881c7-e375-4372-aa66-2fe4d727689e_wgs_gdc_realn.bam
HCM-SANG-0286-C20-10B-01D-A79M-36,8f77fd3d-4866-4a95-b176-bdafd198a543_wgs_gdc_realn.bam,/gpfs/commons/projects/TCGA/gdc-awg/HCMI/WGS/Project_NYGC_15336_B01_SOM_WGS_AnalysisOnly/Sample_HCM-SANG-0286-C20-10B-01D-A79M-36/analysis/HCM-SANG-0286-C20-10B-01D-A79M-36.final.bam,/gpfs/commons/projects/HCMI/wgs/12d61c57-2d94-4a6a-ad26-555cef729293/8f77fd3d-4866-4a95-b176-bdafd198a543_wgs_gdc_realn.bam
HCM-CSHL-0241-C18-01A-21D-A82H-36,0b18a541-00d6-42f2-a724-93542d6e3810_wgs_gdc_realn.bam,/gpfs/commons/projects/TCGA/gdc-awg/HCMI/WGS/Project_NYGC_15336_B01_SOM_WGS_AnalysisOnly/Sample_HCM-CSHL-0241-C18-01A-21D-A82H-36/analysis/HCM-CSHL-0241-C18-01A-21D-A82H-36.final.bam,/gpfs/commons/projects/HCMI/wgs/f781f5a5-f1d9-4cbf-a575-c5846f0c0d48/0b18a541-00d6-42f2-a724-93542d6e3810_wgs_gdc_realn.bam
HCM-SANG-0288-C18-85A-01D-A79C-36,604c5ded-a031-4602-b078-946cd01a4a80_wgs_gdc_realn.bam,/gpfs/commons/projects/TCGA/gdc-awg/HCMI/WGS/Project_NYGC_15336_B01_SOM_WGS_AnalysisOnly/Sample_HCM-SANG-0288-C18-85A-01D-A79C-36/analysis/HCM-SANG-0288-C18-85A-01D-A79C-36.final.bam,/gpfs/commons/projects/HCMI/wgs/1681e9f7-0e7f-4326-b0e8-0a0aec31446e/604c5ded-a031-4602-b078-946cd01a4a80_wgs_gdc_realn.bam
HCM-BROD-0226-C43-85M-01D-A78T-36,abe38d9e-f1f8-4e06-90e2-c06fa5b65007_wgs_gdc_realn.bam,/gpfs/commons/projects/TCGA/gdc-awg/HCMI/WGS/Project_NYGC_15336_B01_SOM_WGS_AnalysisOnly/Sample_HCM-BROD-0226-C43-85M-01D-A78T-36/analysis/HCM-BROD-0226-C43-85M-01D-A78T-36.final.bam,/gpfs/commons/projects/HCMI/wgs/48f80eb8-9fd1-4952-ae14-80b9337c07bf/abe38d9e-f1f8-4e06-90e2-c06fa5b65007_wgs_gdc_realn.bam
HCM-CSHL-0380-C18-85A-01D-A79C-36,83a24789-8d84-4101-83ef-e0239164b5d7_wgs_gdc_realn.bam,/gpfs/commons/projects/TCGA/gdc-awg/HCMI/WGS/Project_NYGC_15336_B01_SOM_WGS_AnalysisOnly/Sample_HCM-CSHL-0380-C18-85A-01D-A79C-36/analysis/HCM-CSHL-0380-C18-85A-01D-A79C-36.final.bam,/gpfs/commons/projects/HCMI/wgs/16e8c987-f805-4d30-88ec-357889912c1c/83a24789-8d84-4101-83ef-e0239164b5d7_wgs_gdc_realn.bam
HCM-BROD-0444-C43-06A-11D-A78T-36,02c85945-1653-4fbf-87d1-b9f0e4822ecd_wgs_gdc_realn.bam,/gpfs/commons/projects/TCGA/gdc-awg/HCMI/WGS/Project_NYGC_15336_B01_SOM_WGS_AnalysisOnly/Sample_HCM-BROD-0444-C43-06A-11D-A78T-36/analysis/HCM-BROD-0444-C43-06A-11D-A78T-36.final.bam,/gpfs/commons/projects/HCMI/wgs/e953572e-295f-4ed4-86e6-6d00ee8fe28d/02c85945-1653-4fbf-87d1-b9f0e4822ecd_wgs_gdc_realn.bam
HCM-CSHL-0082-C25-85A-01D-A77E-36,f550152e-f826-4f45-a275-5f619ad40aae_wgs_gdc_realn.bam,/gpfs/commons/projects/TCGA/gdc-awg/HCMI/WGS/Project_NYGC_15336_B01_SOM_WGS_AnalysisOnly/Sample_HCM-CSHL-0082-C25-85A-01D-A77E-36/analysis/HCM-CSHL-0082-C25-85A-01D-A77E-36.final.bam,/gpfs/commons/projects/HCMI/wgs/9540a3b0-bf1b-4d8e-bc36-df3c2fb1c52e/f550152e-f826-4f45-a275-5f619ad40aae_wgs_gdc_realn.bam
HCM-CSHL-0160-C18-85A-01D-A78L-36,b337c996-8c3b-45fc-a65e-934ffcb9b555_wgs_gdc_realn.bam,/gpfs/commons/projects/TCGA/gdc-awg/HCMI/WGS/Project_NYGC_15336_B01_SOM_WGS_AnalysisOnly/Sample_HCM-CSHL-0160-C18-85A-01D-A78L-36/analysis/HCM-CSHL-0160-C18-85A-01D-A78L-36.final.bam,/gpfs/commons/projects/HCMI/wgs/b7d5d753-b688-4b1e-bba7-8e25bfe86d8a/b337c996-8c3b-45fc-a65e-934ffcb9b555_wgs_gdc_realn.bam
HCM-BROD-0227-C43-10A-01D-A78T-36,2a96d2b9-f90a-4ef5-ab05-5554bb148a9a_wgs_gdc_realn.bam,/gpfs/commons/projects/TCGA/gdc-awg/HCMI/WGS/Project_NYGC_15336_B01_SOM_WGS_AnalysisOnly/Sample_HCM-BROD-0227-C43-10A-01D-A78T-36/analysis/HCM-BROD-0227-C43-10A-01D-A78T-36.final.bam,/gpfs/commons/projects/HCMI/wgs/35999923-5af0-432b-a687-3ad259b6eeee/2a96d2b9-f90a-4ef5-ab05-5554bb148a9a_wgs_gdc_realn.bam
HCM-CSHL-0081-C25-01A-11D-A78M-36,0a65e1bd-6af3-44ba-924c-193eb8e099d6_wgs_gdc_realn.bam,/gpfs/commons/projects/TCGA/gdc-awg/HCMI/WGS/Project_NYGC_15336_B01_SOM_WGS_AnalysisOnly/Sample_HCM-CSHL-0081-C25-01A-11D-A78M-36/analysis/HCM-CSHL-0081-C25-01A-11D-A78M-36.final.bam,/gpfs/commons/projects/HCMI/wgs/d350f612-cec2-4bc5-a2d7-2f675df1e8a9/0a65e1bd-6af3-44ba-924c-193eb8e099d6_wgs_gdc_realn.bam
HCM-SANG-0283-C18-85A-01D-A79M-36,00bb97f0-22a1-445e-83d0-8c4da796f725_wgs_gdc_realn.bam,/gpfs/commons/projects/TCGA/gdc-awg/HCMI/WGS/Project_NYGC_15336_B01_SOM_WGS_AnalysisOnly/Sample_HCM-SANG-0283-C18-85A-01D-A79M-36/analysis/HCM-SANG-0283-C18-85A-01D-A79M-36.final.bam,/gpfs/commons/projects/HCMI/wgs/0d19d23c-2126-4fec-aebf-da7e6075b8bb/00bb97f0-22a1-445e-83d0-8c4da796f725_wgs_gdc_realn.bam
HCM-CSHL-0176-C25-01A-11D-A78L-36,e15401e1-c9c3-4ad9-8646-b8c4fed1247f_wgs_gdc_realn.bam,/gpfs/commons/projects/TCGA/gdc-awg/HCMI/WGS/Project_NYGC_15336_B01_SOM_WGS_AnalysisOnly/Sample_HCM-CSHL-0176-C25-01A-11D-A78L-36/analysis/HCM-CSHL-0176-C25-01A-11D-A78L-36.final.bam,/gpfs/commons/projects/HCMI/wgs/f6361510-82ed-4e36-8bdc-abf4e8add450/e15401e1-c9c3-4ad9-8646-b8c4fed1247f_wgs_gdc_realn.bam
HCM-CSHL-0858-C25-10A-01D-A85L-36,159904a3-ebd7-4a47-a5a5-4a3ae0f7a19e_wgs_gdc_realn.bam,/gpfs/commons/projects/TCGA/gdc-awg/HCMI/WGS/Project_NYGC_15336_B01_SOM_WGS_AnalysisOnly/Sample_HCM-CSHL-0858-C25-10A-01D-A85L-36/analysis/HCM-CSHL-0858-C25-10A-01D-A85L-36.final.bam,/gpfs/commons/projects/HCMI/wgs/4f6e175e-d0c0-49ee-9424-bf403180c723/159904a3-ebd7-4a47-a5a5-4a3ae0f7a19e_wgs_gdc_realn.bam
HCM-CSHL-0081-C25-11A-11D-A78M-36,25cd08c3-09a9-406d-8ec3-ab4946224cf1_wgs_gdc_realn.bam,/gpfs/commons/projects/TCGA/gdc-awg/HCMI/WGS/Project_NYGC_15336_B01_SOM_WGS_AnalysisOnly/Sample_HCM-CSHL-0081-C25-11A-11D-A78M-36/analysis/HCM-CSHL-0081-C25-11A-11D-A78M-36.final.bam,/gpfs/commons/projects/HCMI/wgs/c7329ca3-9974-46a1-ab39-39067552f05e/25cd08c3-09a9-406d-8ec3-ab4946224cf1_wgs_gdc_realn.bam
HCM-WCMC-0497-C18-10A-01D-A85C-36,5ceb8724-aebc-47b1-9050-9243e741a041_wgs_gdc_realn.bam,/gpfs/commons/projects/TCGA/gdc-awg/HCMI/WGS/Project_NYGC_15336_B01_SOM_WGS_AnalysisOnly/Sample_HCM-WCMC-0497-C18-10A-01D-A85C-36/analysis/HCM-WCMC-0497-C18-10A-01D-A85C-36.final.bam,/gpfs/commons/projects/HCMI/wgs/ede77daf-b416-4537-a71f-8c4cc946c7ed/5ceb8724-aebc-47b1-9050-9243e741a041_wgs_gdc_realn.bam
HCM-CSHL-0317-C18-10A-01D-A79M-36,8cd0ec94-4e46-46e9-a4f9-42d9a08dac94_wgs_gdc_realn.bam,/gpfs/commons/projects/TCGA/gdc-awg/HCMI/WGS/Project_NYGC_15336_B01_SOM_WGS_AnalysisOnly/Sample_HCM-CSHL-0317-C18-10A-01D-A79M-36/analysis/HCM-CSHL-0317-C18-10A-01D-A79M-36.final.bam,/gpfs/commons/projects/HCMI/wgs/b599b1a5-f3d2-47b6-91a9-90feae13662e/8cd0ec94-4e46-46e9-a4f9-42d9a08dac94_wgs_gdc_realn.bam
HCM-BROD-0701-C43-85M-01D-A83U-36,edc31158-b119-411d-b2af-e2b9a4101b26_wgs_gdc_realn.bam,/gpfs/commons/projects/TCGA/gdc-awg/HCMI/WGS/Project_NYGC_15336_B01_SOM_WGS_AnalysisOnly/Sample_HCM-BROD-0701-C43-85M-01D-A83U-36/analysis/HCM-BROD-0701-C43-85M-01D-A83U-36.final.bam,/gpfs/commons/projects/HCMI/wgs/3d2b89ee-dbf7-420c-9942-0f8973dfa1f7/edc31158-b119-411d-b2af-e2b9a4101b26_wgs_gdc_realn.bam
HCM-BROD-0483-C16-06A-11D-A85K-36,e98708e0-cd58-4ebe-87a3-a657b13505df_wgs_gdc_realn.bam,/gpfs/commons/projects/TCGA/gdc-awg/HCMI/WGS/Project_NYGC_15336_B01_SOM_WGS_AnalysisOnly/Sample_HCM-BROD-0483-C16-06A-11D-A85K-36/analysis/HCM-BROD-0483-C16-06A-11D-A85K-36.final.bam,/gpfs/commons/projects/HCMI/wgs/1d9f14da-f915-4e68-af35-01d4a803fc44/e98708e0-cd58-4ebe-87a3-a657b13505df_wgs_gdc_realn.bam
HCM-CSHL-0244-C20-10A-01D-A78L-36,c7fac942-0ae5-4c53-a7a9-88b83e752da1_wgs_gdc_realn.bam,/gpfs/commons/projects/TCGA/gdc-awg/HCMI/WGS/Project_NYGC_15336_B01_SOM_WGS_AnalysisOnly/Sample_HCM-CSHL-0244-C20-10A-01D-A78L-36/analysis/HCM-CSHL-0244-C20-10A-01D-A78L-36.final.bam,/gpfs/commons/projects/HCMI/wgs/5ce312a6-3158-44c6-b45d-ae315b3b2eb2/c7fac942-0ae5-4c53-a7a9-88b83e752da1_wgs_gdc_realn.bam
HCM-BROD-0102-C71-85B-01D-A80U-36,164691a8-b2d0-47b7-a659-a719a99d1c3d_wgs_gdc_realn.bam,/gpfs/commons/projects/TCGA/gdc-awg/HCMI/WGS/Project_NYGC_15336_B01_SOM_WGS_AnalysisOnly/Sample_HCM-BROD-0102-C71-85B-01D-A80U-36/analysis/HCM-BROD-0102-C71-85B-01D-A80U-36.final.bam,/gpfs/commons/projects/HCMI/wgs/9591e384-5836-4bbb-b97c-fbf6ef9ba46a/164691a8-b2d0-47b7-a659-a719a99d1c3d_wgs_gdc_realn.bam
HCM-BROD-0118-C16-06A-01D-A79L-36,aca54ae7-c046-4fdd-b458-44b0f1344a33_wgs_gdc_realn.bam,/gpfs/commons/projects/TCGA/gdc-awg/HCMI/WGS/Project_NYGC_15336_B01_SOM_WGS_AnalysisOnly/Sample_HCM-BROD-0118-C16-06A-01D-A79L-36/analysis/HCM-BROD-0118-C16-06A-01D-A79L-36.final.bam,/gpfs/commons/projects/HCMI/wgs/e59f60ed-2d2e-4417-baf7-477f3f26201b/aca54ae7-c046-4fdd-b458-44b0f1344a33_wgs_gdc_realn.bam
HCM-CSHL-0655-C50-06A-11D-A82H-36,184c88e5-ee62-4c24-b885-1de9e7e3c4a7_wgs_gdc_realn.bam,/gpfs/commons/projects/TCGA/gdc-awg/HCMI/WGS/Project_NYGC_15336_B01_SOM_WGS_AnalysisOnly/Sample_HCM-CSHL-0655-C50-06A-11D-A82H-36/analysis/HCM-CSHL-0655-C50-06A-11D-A82H-36.final.bam,/gpfs/commons/projects/HCMI/wgs/a0b7f4b9-490a-45fa-b151-bac734d1bc41/184c88e5-ee62-4c24-b885-1de9e7e3c4a7_wgs_gdc_realn.bam
HCM-CSHL-0186-C25-01A-21D-A79L-36,21744da1-6690-4a30-a419-1dc079362fdf_wgs_gdc_realn.bam,/gpfs/commons/projects/TCGA/gdc-awg/HCMI/WGS/Project_NYGC_15336_B01_SOM_WGS_AnalysisOnly/Sample_HCM-CSHL-0186-C25-01A-21D-A79L-36/analysis/HCM-CSHL-0186-C25-01A-21D-A79L-36.final.bam,/gpfs/commons/projects/HCMI/wgs/6cdc7cb4-8084-49d4-b3d1-f3ea2c93b190/21744da1-6690-4a30-a419-1dc079362fdf_wgs_gdc_realn.bam
HCM-BROD-0594-C43-85M-01D-A85K-36,80236d4d-9f22-4a9e-8330-e6edf7ab30dd_wgs_gdc_realn.bam,/gpfs/commons/projects/TCGA/gdc-awg/HCMI/WGS/Project_NYGC_15336_B01_SOM_WGS_AnalysisOnly/Sample_HCM-BROD-0594-C43-85M-01D-A85K-36/analysis/HCM-BROD-0594-C43-85M-01D-A85K-36.final.bam,/gpfs/commons/projects/HCMI/wgs/ee8b9828-fcd1-4fe6-867b-53f29e6fb91d/80236d4d-9f22-4a9e-8330-e6edf7ab30dd_wgs_gdc_realn.bam
HCM-BROD-0561-C43-10A-01D-A79L-36,e65a612d-2da8-4795-8fde-31509667d3f4_wgs_gdc_realn.bam,/gpfs/commons/projects/TCGA/gdc-awg/HCMI/WGS/Project_NYGC_15336_B01_SOM_WGS_AnalysisOnly/Sample_HCM-BROD-0561-C43-10A-01D-A79L-36/analysis/HCM-BROD-0561-C43-10A-01D-A79L-36.final.bam,/gpfs/commons/projects/HCMI/wgs/041c898e-9739-45f7-b32d-e6be505d48ef/e65a612d-2da8-4795-8fde-31509667d3f4_wgs_gdc_realn.bam
HCM-CSHL-0158-C20-10A-01D-A77E-36,4202c56e-a233-4f76-ad48-0e2265934445_wgs_gdc_realn.bam,/gpfs/commons/projects/TCGA/gdc-awg/HCMI/WGS/Project_NYGC_15336_B01_SOM_WGS_AnalysisOnly/Sample_HCM-CSHL-0158-C20-10A-01D-A77E-36/analysis/HCM-CSHL-0158-C20-10A-01D-A77E-36.final.bam,/gpfs/commons/projects/HCMI/wgs/5857289f-f65f-4058-a1df-0e1270be0bf1/4202c56e-a233-4f76-ad48-0e2265934445_wgs_gdc_realn.bam
HCM-CSHL-0737-C18-85M-01D-A85C-36,cfa158c0-c2c1-45c8-8812-d1893f8d64b4_wgs_gdc_realn.bam,/gpfs/commons/projects/TCGA/gdc-awg/HCMI/WGS/Project_NYGC_15336_B01_SOM_WGS_AnalysisOnly/Sample_HCM-CSHL-0737-C18-85M-01D-A85C-36/analysis/HCM-CSHL-0737-C18-85M-01D-A85C-36.final.bam,/gpfs/commons/projects/HCMI/wgs/57f4fdda-c8e6-43f7-85d5-8565f5c0de83/cfa158c0-c2c1-45c8-8812-d1893f8d64b4_wgs_gdc_realn.bam
HCM-CSHL-0670-C18-85M-01D-A85C-36,3b4fbfb6-a6fd-476b-8a65-a1eff612ffbb_wgs_gdc_realn.bam,/gpfs/commons/projects/TCGA/gdc-awg/HCMI/WGS/Project_NYGC_15336_B01_SOM_WGS_AnalysisOnly/Sample_HCM-CSHL-0670-C18-85M-01D-A85C-36/analysis/HCM-CSHL-0670-C18-85M-01D-A85C-36.final.bam,/gpfs/commons/projects/HCMI/wgs/ca2529ac-6f59-4db7-a99a-c9551f98f406/3b4fbfb6-a6fd-476b-8a65-a1eff612ffbb_wgs_gdc_realn.bam
HCM-CSHL-0817-C22-85A-01D-A85L-36,505b49e4-6252-47b0-9d7d-25c08315e79c_wgs_gdc_realn.bam,/gpfs/commons/projects/TCGA/gdc-awg/HCMI/WGS/Project_NYGC_15336_B01_SOM_WGS_AnalysisOnly/Sample_HCM-CSHL-0817-C22-85A-01D-A85L-36/analysis/HCM-CSHL-0817-C22-85A-01D-A85L-36.final.bam,/gpfs/commons/projects/HCMI/wgs/f1b06798-b2e1-443d-a1de-f78119ec59b2/505b49e4-6252-47b0-9d7d-25c08315e79c_wgs_gdc_realn.bam
HCM-BROD-0489-C15-06A-01D-A83U-36,41cdc17c-5d77-4c9c-982c-0007da980cea_wgs_gdc_realn.bam,/gpfs/commons/projects/TCGA/gdc-awg/HCMI/WGS/Project_NYGC_15336_B01_SOM_WGS_AnalysisOnly/Sample_HCM-BROD-0489-C15-06A-01D-A83U-36/analysis/HCM-BROD-0489-C15-06A-01D-A83U-36.final.bam,/gpfs/commons/projects/HCMI/wgs/ab9a5e20-9563-4c59-81ad-6b2cb1be6ffb/41cdc17c-5d77-4c9c-982c-0007da980cea_wgs_gdc_realn.bam
HCM-CSHL-0654-C26-85M-01D-A82H-36,0ae7bf7b-2817-4750-ad82-ee5d9b161da6_wgs_gdc_realn.bam,/gpfs/commons/projects/TCGA/gdc-awg/HCMI/WGS/Project_NYGC_15336_B01_SOM_WGS_AnalysisOnly/Sample_HCM-CSHL-0654-C26-85M-01D-A82H-36/analysis/HCM-CSHL-0654-C26-85M-01D-A82H-36.final.bam,/gpfs/commons/projects/HCMI/wgs/2fb26cda-84fc-488d-ab76-2896d08c41f0/0ae7bf7b-2817-4750-ad82-ee5d9b161da6_wgs_gdc_realn.bam
HCM-CSHL-0736-C18-10A-01D-A85C-36,52638371-b3e1-4b0e-b56e-96dfa889de2c_wgs_gdc_realn.bam,/gpfs/commons/projects/TCGA/gdc-awg/HCMI/WGS/Project_NYGC_15336_B01_SOM_WGS_AnalysisOnly/Sample_HCM-CSHL-0736-C18-10A-01D-A85C-36/analysis/HCM-CSHL-0736-C18-10A-01D-A85C-36.final.bam,/gpfs/commons/projects/HCMI/wgs/dc337776-9a0d-4d24-9fcd-fe846f486766/52638371-b3e1-4b0e-b56e-96dfa889de2c_wgs_gdc_realn.bam
HCM-CSHL-0861-C25-10A-01D-A85L-36,bc272143-f63e-4f3a-a0a9-d9ff3b1c4244_wgs_gdc_realn.bam,/gpfs/commons/projects/TCGA/gdc-awg/HCMI/WGS/Project_NYGC_15336_B01_SOM_WGS_AnalysisOnly/Sample_HCM-CSHL-0861-C25-10A-01D-A85L-36/analysis/HCM-CSHL-0861-C25-10A-01D-A85L-36.final.bam,/gpfs/commons/projects/HCMI/wgs/bb967b77-b65a-4a44-88ae-b52fcdb89e27/bc272143-f63e-4f3a-a0a9-d9ff3b1c4244_wgs_gdc_realn.bam
HCM-CSHL-0600-C25-85A-01D-A82H-36,e428b0fd-df24-4759-8387-4b1964e338da_wgs_gdc_realn.bam,/gpfs/commons/projects/TCGA/gdc-awg/HCMI/WGS/Project_NYGC_15336_B01_SOM_WGS_AnalysisOnly/Sample_HCM-CSHL-0600-C25-85A-01D-A82H-36/analysis/HCM-CSHL-0600-C25-85A-01D-A82H-36.final.bam,/gpfs/commons/projects/HCMI/wgs/c1079a6a-5a57-4a90-8a9f-d6b1cdb89943/e428b0fd-df24-4759-8387-4b1964e338da_wgs_gdc_realn.bam
HCM-BROD-0035-C49-10A-01D-A79L-36,e5afd059-6b88-488a-86aa-0c06cd1dca97_wgs_gdc_realn.bam,/gpfs/commons/projects/TCGA/gdc-awg/HCMI/WGS/Project_NYGC_15336_B01_SOM_WGS_AnalysisOnly/Sample_HCM-BROD-0035-C49-10A-01D-A79L-36/analysis/HCM-BROD-0035-C49-10A-01D-A79L-36.final.bam,/gpfs/commons/projects/HCMI/wgs/5695a1ba-f241-4180-bab5-bb012028d665/e5afd059-6b88-488a-86aa-0c06cd1dca97_wgs_gdc_realn.bam
HCM-CSHL-0462-D05-10A-01D-A83U-36,59ce6ce1-6117-455c-a63e-9e8c52c597cb_wgs_gdc_realn.bam,/gpfs/commons/projects/TCGA/gdc-awg/HCMI/WGS/Project_NYGC_15336_B01_SOM_WGS_AnalysisOnly/Sample_HCM-CSHL-0462-D05-10A-01D-A83U-36/analysis/HCM-CSHL-0462-D05-10A-01D-A83U-36.final.bam,/gpfs/commons/projects/HCMI/wgs/bd5c373a-01f9-47e5-a7ab-64c8cb02cb85/59ce6ce1-6117-455c-a63e-9e8c52c597cb_wgs_gdc_realn.bam
HCM-BROD-0208-C16-85B-01D-A80U-36,146937d4-9e6e-40ad-827f-5b53a5c6b15a_wgs_gdc_realn.bam,/gpfs/commons/projects/TCGA/gdc-awg/HCMI/WGS/Project_NYGC_15336_B01_SOM_WGS_AnalysisOnly/Sample_HCM-BROD-0208-C16-85B-01D-A80U-36/analysis/HCM-BROD-0208-C16-85B-01D-A80U-36.final.bam,/gpfs/commons/projects/HCMI/wgs/f6ff6ac0-c44c-4c7f-8ce1-279d94a6563e/146937d4-9e6e-40ad-827f-5b53a5c6b15a_wgs_gdc_realn.bam
HCM-SANG-0310-C15-10A-01D-A78U-36,f4442989-9213-4858-a360-cb94c3afa206_wgs_gdc_realn.bam,/gpfs/commons/projects/TCGA/gdc-awg/HCMI/WGS/Project_NYGC_15336_B01_SOM_WGS_AnalysisOnly/Sample_HCM-SANG-0310-C15-10A-01D-A78U-36/analysis/HCM-SANG-0310-C15-10A-01D-A78U-36.final.bam,/gpfs/commons/projects/HCMI/wgs/29f5be63-016c-4811-9f50-08458d043a2d/f4442989-9213-4858-a360-cb94c3afa206_wgs_gdc_realn.bam
HCM-CSHL-0181-C25-85B-01D-A79L-36,175f3d63-f837-421d-a2e9-8d955bc55841_wgs_gdc_realn.bam,/gpfs/commons/projects/TCGA/gdc-awg/HCMI/WGS/Project_NYGC_15336_B01_SOM_WGS_AnalysisOnly/Sample_HCM-CSHL-0181-C25-85B-01D-A79L-36/analysis/HCM-CSHL-0181-C25-85B-01D-A79L-36.final.bam,/gpfs/commons/projects/HCMI/wgs/f5327dc8-6abe-483e-b1c9-88b1cb72c026/175f3d63-f837-421d-a2e9-8d955bc55841_wgs_gdc_realn.bam
HCM-CSHL-0608-C17-06A-11D-A79M-36,2ec43747-1642-41d9-a0b3-c34d1b891e1a_wgs_gdc_realn.bam,/gpfs/commons/projects/TCGA/gdc-awg/HCMI/WGS/Project_NYGC_15336_B01_SOM_WGS_AnalysisOnly/Sample_HCM-CSHL-0608-C17-06A-11D-A79M-36/analysis/HCM-CSHL-0608-C17-06A-11D-A79M-36.final.bam,/gpfs/commons/projects/HCMI/wgs/dcfbfcec-3d5d-4525-95b2-7f5846915198/2ec43747-1642-41d9-a0b3-c34d1b891e1a_wgs_gdc_realn.bam
HCM-BROD-0561-C43-85M-01D-A79L-36,e62a70bf-a432-4582-a229-8afa435d5d36_wgs_gdc_realn.bam,/gpfs/commons/projects/TCGA/gdc-awg/HCMI/WGS/Project_NYGC_15336_B01_SOM_WGS_AnalysisOnly/Sample_HCM-BROD-0561-C43-85M-01D-A79L-36/analysis/HCM-BROD-0561-C43-85M-01D-A79L-36.final.bam,/gpfs/commons/projects/HCMI/wgs/fe6903b6-1ae3-4498-b83e-9713e4da0592/e62a70bf-a432-4582-a229-8afa435d5d36_wgs_gdc_realn.bam
HCM-BROD-0745-C43-10A-01D-A85C-36,d43d333e-64b3-426a-a6a1-f876de99a172_wgs_gdc_realn.bam,/gpfs/commons/projects/TCGA/gdc-awg/HCMI/WGS/Project_NYGC_15336_B01_SOM_WGS_AnalysisOnly/Sample_HCM-BROD-0745-C43-10A-01D-A85C-36/analysis/HCM-BROD-0745-C43-10A-01D-A85C-36.final.bam,/gpfs/commons/projects/HCMI/wgs/9a18a0d6-a1be-43f5-bbc1-447e2f405444/d43d333e-64b3-426a-a6a1-f876de99a172_wgs_gdc_realn.bam
HCM-BROD-0036-C41-10A-01D-A786-36,b73b8c9d-ca3e-48c1-b1ee-ebdc4bb1170c_wgs_gdc_realn.bam,/gpfs/commons/projects/TCGA/gdc-awg/HCMI/WGS/Project_NYGC_15336_B01_SOM_WGS_AnalysisOnly/Sample_HCM-BROD-0036-C41-10A-01D-A786-36/analysis/HCM-BROD-0036-C41-10A-01D-A786-36.final.bam,/gpfs/commons/projects/HCMI/wgs/53b4be1f-f395-4fc0-b619-c94c618e6786/b73b8c9d-ca3e-48c1-b1ee-ebdc4bb1170c_wgs_gdc_realn.bam
HCM-BROD-0007-C49-06A-11D-A78T-36,2141fd6d-53e9-4cbc-a310-ba0eca195202_wgs_gdc_realn.bam,/gpfs/commons/projects/TCGA/gdc-awg/HCMI/WGS/Project_NYGC_15336_B01_SOM_WGS_AnalysisOnly/Sample_HCM-BROD-0007-C49-06A-11D-A78T-36/analysis/HCM-BROD-0007-C49-06A-11D-A78T-36.final.bam,/gpfs/commons/projects/HCMI/wgs/25bcd8b8-b8e9-4847-af33-3f6f63eb5a38/2141fd6d-53e9-4cbc-a310-ba0eca195202_wgs_gdc_realn.bam
HCM-BROD-0055-C64-85A-01D-A79L-36,0fa80277-99ad-4b33-a0f9-3c9459ecc1a2_wgs_gdc_realn.bam,/gpfs/commons/projects/TCGA/gdc-awg/HCMI/WGS/Project_NYGC_15336_B01_SOM_WGS_AnalysisOnly/Sample_HCM-BROD-0055-C64-85A-01D-A79L-36/analysis/HCM-BROD-0055-C64-85A-01D-A79L-36.final.bam,/gpfs/commons/projects/HCMI/wgs/5cfa1421-3ff7-4376-90b8-5b990fb7c37e/0fa80277-99ad-4b33-a0f9-3c9459ecc1a2_wgs_gdc_realn.bam
HCM-CSHL-0322-C20-01B-01D-A79C-36,ad557114-61a1-41d9-ae3c-679afc3684db_wgs_gdc_realn.bam,/gpfs/commons/projects/TCGA/gdc-awg/HCMI/WGS/Project_NYGC_15336_B01_SOM_WGS_AnalysisOnly/Sample_HCM-CSHL-0322-C20-01B-01D-A79C-36/analysis/HCM-CSHL-0322-C20-01B-01D-A79C-36.final.bam,/gpfs/commons/projects/HCMI/wgs/192c9eb6-4a8b-4bda-a8ef-036623533787/ad557114-61a1-41d9-ae3c-679afc3684db_wgs_gdc_realn.bam
HCM-SANG-0312-C15-85A-01D-A78M-36,6cd16e98-8643-460d-8cce-943a51197505_wgs_gdc_realn.bam,/gpfs/commons/projects/TCGA/gdc-awg/HCMI/WGS/Project_NYGC_15336_B01_SOM_WGS_AnalysisOnly/Sample_HCM-SANG-0312-C15-85A-01D-A78M-36/analysis/HCM-SANG-0312-C15-85A-01D-A78M-36.final.bam,/gpfs/commons/projects/HCMI/wgs/1ecdb6c1-d341-43d1-bf22-212cee8702b2/6cd16e98-8643-460d-8cce-943a51197505_wgs_gdc_realn.bam
HCM-CSHL-0371-C25-10A-01D-A78L-36,e842ebb6-5f95-4d3c-94b0-bffdf1fb9d39_wgs_gdc_realn.bam,/gpfs/commons/projects/TCGA/gdc-awg/HCMI/WGS/Project_NYGC_15336_B01_SOM_WGS_AnalysisOnly/Sample_HCM-CSHL-0371-C25-10A-01D-A78L-36/analysis/HCM-CSHL-0371-C25-10A-01D-A78L-36.final.bam,/gpfs/commons/projects/HCMI/wgs/cd7ad107-cc8e-498e-9c40-68d2efe2c424/e842ebb6-5f95-4d3c-94b0-bffdf1fb9d39_wgs_gdc_realn.bam
HCM-BROD-0103-C71-10A-01D-A78T-36,bd92b3e4-0b38-4de7-b9af-e9d497c7d6b4_wgs_gdc_realn.bam,/gpfs/commons/projects/TCGA/gdc-awg/HCMI/WGS/Project_NYGC_15336_B01_SOM_WGS_AnalysisOnly/Sample_HCM-BROD-0103-C71-10A-01D-A78T-36/analysis/HCM-BROD-0103-C71-10A-01D-A78T-36.final.bam,/gpfs/commons/projects/HCMI/wgs/880b10cf-44c2-4706-830d-b7975fd3bb98/bd92b3e4-0b38-4de7-b9af-e9d497c7d6b4_wgs_gdc_realn.bam
HCM-BROD-0693-C71-10A-01D-A82H-36,46c7aa44-0340-4189-8bcf-025a9a08f6db_wgs_gdc_realn.bam,/gpfs/commons/projects/TCGA/gdc-awg/HCMI/WGS/Project_NYGC_15336_B01_SOM_WGS_AnalysisOnly/Sample_HCM-BROD-0693-C71-10A-01D-A82H-36/analysis/HCM-BROD-0693-C71-10A-01D-A82H-36.final.bam,/gpfs/commons/projects/HCMI/wgs/e0f52d87-fc9e-44b0-923a-4dfdc3097856/46c7aa44-0340-4189-8bcf-025a9a08f6db_wgs_gdc_realn.bam
HCM-CSHL-0377-C18-10A-01D-A78T-36,12adc12c-d750-4a06-b8ff-530d1a08cb9f_wgs_gdc_realn.bam,/gpfs/commons/projects/TCGA/gdc-awg/HCMI/WGS/Project_NYGC_15336_B01_SOM_WGS_AnalysisOnly/Sample_HCM-CSHL-0377-C18-10A-01D-A78T-36/analysis/HCM-CSHL-0377-C18-10A-01D-A78T-36.final.bam,/gpfs/commons/projects/HCMI/wgs/265db01b-8e75-4afd-957e-92483cbe7a5c/12adc12c-d750-4a06-b8ff-530d1a08cb9f_wgs_gdc_realn.bam
HCM-BROD-0199-C71-01A-11D-A786-36,c9dd10db-bf23-4bb2-a6db-fec1b45549c8_wgs_gdc_realn.bam,/gpfs/commons/projects/TCGA/gdc-awg/HCMI/WGS/Project_NYGC_15336_B01_SOM_WGS_AnalysisOnly/Sample_HCM-BROD-0199-C71-01A-11D-A786-36/analysis/HCM-BROD-0199-C71-01A-11D-A786-36.final.bam,/gpfs/commons/projects/HCMI/wgs/f67f6a80-2d5d-4cb3-8be9-cbe9ace2f901/c9dd10db-bf23-4bb2-a6db-fec1b45549c8_wgs_gdc_realn.bam
HCM-BROD-0694-C43-10A-01D-A83U-36,8cb2d622-fab6-47a1-8545-5d225d065614_wgs_gdc_realn.bam,/gpfs/commons/projects/TCGA/gdc-awg/HCMI/WGS/Project_NYGC_15336_B01_SOM_WGS_AnalysisOnly/Sample_HCM-BROD-0694-C43-10A-01D-A83U-36/analysis/HCM-BROD-0694-C43-10A-01D-A83U-36.final.bam,/gpfs/commons/projects/HCMI/wgs/f5a2ba9d-488a-47bb-8bd3-c541776264c5/8cb2d622-fab6-47a1-8545-5d225d065614_wgs_gdc_realn.bam
HCM-CSHL-0176-C25-10A-01D-A78L-36,755d5393-3fe0-4382-ab9f-885bb36d70d8_wgs_gdc_realn.bam,/gpfs/commons/projects/TCGA/gdc-awg/HCMI/WGS/Project_NYGC_15336_B01_SOM_WGS_AnalysisOnly/Sample_HCM-CSHL-0176-C25-10A-01D-A78L-36/analysis/HCM-CSHL-0176-C25-10A-01D-A78L-36.final.bam,/gpfs/commons/projects/HCMI/wgs/ca86cfa0-d571-4c79-a4dd-ba0abd7df6a6/755d5393-3fe0-4382-ab9f-885bb36d70d8_wgs_gdc_realn.bam
HCM-SANG-0285-C18-10B-01D-A79M-36,a00c2606-6fd0-43ec-b028-0bb079b6da36_wgs_gdc_realn.bam,/gpfs/commons/projects/TCGA/gdc-awg/HCMI/WGS/Project_NYGC_15336_B01_SOM_WGS_AnalysisOnly/Sample_HCM-SANG-0285-C18-10B-01D-A79M-36/analysis/HCM-SANG-0285-C18-10B-01D-A79M-36.final.bam,/gpfs/commons/projects/HCMI/wgs/197854fe-0ce4-401e-adc1-26b01c01696a/a00c2606-6fd0-43ec-b028-0bb079b6da36_wgs_gdc_realn.bam
HCM-BROD-0103-C71-01A-11D-A78T-36,12f294c9-2e06-47a6-93f3-7b75f29b031a_wgs_gdc_realn.bam,/gpfs/commons/projects/TCGA/gdc-awg/HCMI/WGS/Project_NYGC_15336_B01_SOM_WGS_AnalysisOnly/Sample_HCM-BROD-0103-C71-01A-11D-A78T-36/analysis/HCM-BROD-0103-C71-01A-11D-A78T-36.final.bam,/gpfs/commons/projects/HCMI/wgs/8454fbc6-9d31-4cdc-b73d-4892b8e07273/12f294c9-2e06-47a6-93f3-7b75f29b031a_wgs_gdc_realn.bam
HCM-BROD-0677-C43-12A-01D-A83U-36,0c821f66-0539-4f2f-9c92-b6e4455562ae_wgs_gdc_realn.bam,/gpfs/commons/projects/TCGA/gdc-awg/HCMI/WGS/Project_NYGC_15336_B01_SOM_WGS_AnalysisOnly/Sample_HCM-BROD-0677-C43-12A-01D-A83U-36/analysis/HCM-BROD-0677-C43-12A-01D-A83U-36.final.bam,/gpfs/commons/projects/HCMI/wgs/f5708ed1-09a0-428b-8add-fbfb14e0f534/0c821f66-0539-4f2f-9c92-b6e4455562ae_wgs_gdc_realn.bam
HCM-CSHL-0371-C25-01A-11D-A78L-36,759da6dd-eca5-41c3-bbd2-e8fd8f1f4976_wgs_gdc_realn.bam,/gpfs/commons/projects/TCGA/gdc-awg/HCMI/WGS/Project_NYGC_15336_B01_SOM_WGS_AnalysisOnly/Sample_HCM-CSHL-0371-C25-01A-11D-A78L-36/analysis/HCM-CSHL-0371-C25-01A-11D-A78L-36.final.bam,/gpfs/commons/projects/HCMI/wgs/d56ff34f-2fb0-4600-91a5-45a967fecc62/759da6dd-eca5-41c3-bbd2-e8fd8f1f4976_wgs_gdc_realn.bam
HCM-BROD-0485-C15-85M-01D-A83U-36,75fbff67-a959-406a-aeb8-7c71e144246b_wgs_gdc_realn.bam,/gpfs/commons/projects/TCGA/gdc-awg/HCMI/WGS/Project_NYGC_15336_B01_SOM_WGS_AnalysisOnly/Sample_HCM-BROD-0485-C15-85M-01D-A83U-36/analysis/HCM-BROD-0485-C15-85M-01D-A83U-36.final.bam,/gpfs/commons/projects/HCMI/wgs/b2d81351-1f88-49cd-904c-cdde55fdab47/75fbff67-a959-406a-aeb8-7c71e144246b_wgs_gdc_realn.bam
HCM-SANG-0274-C18-10A-01D-A79M-36,05fccadd-36f4-4cb3-b51c-b2156f9cb811_wgs_gdc_realn.bam,/gpfs/commons/projects/TCGA/gdc-awg/HCMI/WGS/Project_NYGC_15336_B01_SOM_WGS_AnalysisOnly/Sample_HCM-SANG-0274-C18-10A-01D-A79M-36/analysis/HCM-SANG-0274-C18-10A-01D-A79M-36.final.bam,/gpfs/commons/projects/HCMI/wgs/d39e7f7a-76f6-4987-a0f2-0e7b1049cb18/05fccadd-36f4-4cb3-b51c-b2156f9cb811_wgs_gdc_realn.bam
HCM-WCMC-0502-C15-85A-01D-A83U-36,a81fd2a1-a706-4819-a184-4307f1046c90_wgs_gdc_realn.bam,/gpfs/commons/projects/TCGA/gdc-awg/HCMI/WGS/Project_NYGC_15336_B01_SOM_WGS_AnalysisOnly/Sample_HCM-WCMC-0502-C15-85A-01D-A83U-36/analysis/HCM-WCMC-0502-C15-85A-01D-A83U-36.final.bam,/gpfs/commons/projects/HCMI/wgs/e1d7ef00-2aa4-44a4-b891-88d4043b2a49/a81fd2a1-a706-4819-a184-4307f1046c90_wgs_gdc_realn.bam
HCM-CSHL-0512-C24-85O-01D-A82H-36,5b97db84-cc27-4a6f-9287-e77c03ae752c_wgs_gdc_realn.bam,/gpfs/commons/projects/TCGA/gdc-awg/HCMI/WGS/Project_NYGC_15336_B01_SOM_WGS_AnalysisOnly/Sample_HCM-CSHL-0512-C24-85O-01D-A82H-36/analysis/HCM-CSHL-0512-C24-85O-01D-A82H-36.final.bam,/gpfs/commons/projects/HCMI/wgs/ccc12224-2b02-4a07-b759-6a1227d8523d/5b97db84-cc27-4a6f-9287-e77c03ae752c_wgs_gdc_realn.bam
HCM-SANG-0297-C15-01A-01D-A79M-36,0cc1c985-8836-4c1f-97a8-5da55ded1c51_wgs_gdc_realn.bam,/gpfs/commons/projects/TCGA/gdc-awg/HCMI/WGS/Project_NYGC_15336_B01_SOM_WGS_AnalysisOnly/Sample_HCM-SANG-0297-C15-01A-01D-A79M-36/analysis/HCM-SANG-0297-C15-01A-01D-A79M-36.final.bam,/gpfs/commons/projects/HCMI/wgs/53376dec-d9c0-4ba5-a840-971df9a0c209/0cc1c985-8836-4c1f-97a8-5da55ded1c51_wgs_gdc_realn.bam
HCM-BROD-0614-C71-01A-11D-A82H-36,c93c6ce7-7188-4f7d-881f-c33b60cc8269_wgs_gdc_realn.bam,/gpfs/commons/projects/TCGA/gdc-awg/HCMI/WGS/Project_NYGC_15336_B01_SOM_WGS_AnalysisOnly/Sample_HCM-BROD-0614-C71-01A-11D-A82H-36/analysis/HCM-BROD-0614-C71-01A-11D-A82H-36.final.bam,/gpfs/commons/projects/HCMI/wgs/f331cb04-db63-4840-9a58-655840055c0f/c93c6ce7-7188-4f7d-881f-c33b60cc8269_wgs_gdc_realn.bam
HCM-SANG-0308-C15-85A-01D-A78M-36,52d3de81-3d70-44ab-888c-95245d35abc7_wgs_gdc_realn.bam,/gpfs/commons/projects/TCGA/gdc-awg/HCMI/WGS/Project_NYGC_15336_B01_SOM_WGS_AnalysisOnly/Sample_HCM-SANG-0308-C15-85A-01D-A78M-36/analysis/HCM-SANG-0308-C15-85A-01D-A78M-36.final.bam,/gpfs/commons/projects/HCMI/wgs/8868203e-6359-40f8-8a04-296486baa309/52d3de81-3d70-44ab-888c-95245d35abc7_wgs_gdc_realn.bam
HCM-CSHL-0403-C25-85D-01D-A85K-36,69357836-0c83-4ecc-bc56-c924ff34aed5_wgs_gdc_realn.bam,/gpfs/commons/projects/TCGA/gdc-awg/HCMI/WGS/Project_NYGC_15336_B01_SOM_WGS_AnalysisOnly/Sample_HCM-CSHL-0403-C25-85D-01D-A85K-36/analysis/HCM-CSHL-0403-C25-85D-01D-A85K-36.final.bam,/gpfs/commons/projects/HCMI/wgs/569151e4-5cf9-4fcf-abb7-3974226c0a7e/69357836-0c83-4ecc-bc56-c924ff34aed5_wgs_gdc_realn.bam
HCM-CSHL-0510-D13-01A-11D-A82H-36,1101f358-fc78-46f1-ae70-2893efccd4f7_wgs_gdc_realn.bam,/gpfs/commons/projects/TCGA/gdc-awg/HCMI/WGS/Project_NYGC_15336_B01_SOM_WGS_AnalysisOnly/Sample_HCM-CSHL-0510-D13-01A-11D-A82H-36/analysis/HCM-CSHL-0510-D13-01A-11D-A82H-36.final.bam,/gpfs/commons/projects/HCMI/wgs/5baa0b08-9849-4b81-9d66-75665e8330a8/1101f358-fc78-46f1-ae70-2893efccd4f7_wgs_gdc_realn.bam
HCM-BROD-0231-C25-85M-01D-A79L-36,36e494e5-cda9-4d27-9db6-733ed6dbe8a8_wgs_gdc_realn.bam,/gpfs/commons/projects/TCGA/gdc-awg/HCMI/WGS/Project_NYGC_15336_B01_SOM_WGS_AnalysisOnly/Sample_HCM-BROD-0231-C25-85M-01D-A79L-36/analysis/HCM-BROD-0231-C25-85M-01D-A79L-36.final.bam,/gpfs/commons/projects/HCMI/wgs/f9b55b75-da34-47b7-8209-c98fbc68b1a6/36e494e5-cda9-4d27-9db6-733ed6dbe8a8_wgs_gdc_realn.bam
HCM-BROD-0047-C71-85B-01D-A77E-36,355da59a-cebc-41d5-b703-5459b9290eb0_wgs_gdc_realn.bam,/gpfs/commons/projects/TCGA/gdc-awg/HCMI/WGS/Project_NYGC_15336_B01_SOM_WGS_AnalysisOnly/Sample_HCM-BROD-0047-C71-85B-01D-A77E-36/analysis/HCM-BROD-0047-C71-85B-01D-A77E-36.final.bam,/gpfs/commons/projects/HCMI/wgs/46ea0bfa-d8b3-40e6-86fe-dfa44fecbdb8/355da59a-cebc-41d5-b703-5459b9290eb0_wgs_gdc_realn.bam
HCM-BROD-0051-C64-85A-01D-A79L-36,c8568580-df29-4411-a609-6d00bee5230b_wgs_gdc_realn.bam,/gpfs/commons/projects/TCGA/gdc-awg/HCMI/WGS/Project_NYGC_15336_B01_SOM_WGS_AnalysisOnly/Sample_HCM-BROD-0051-C64-85A-01D-A79L-36/analysis/HCM-BROD-0051-C64-85A-01D-A79L-36.final.bam,/gpfs/commons/projects/HCMI/wgs/55e77e56-ff1b-4181-a7d5-0105eb212b3e/c8568580-df29-4411-a609-6d00bee5230b_wgs_gdc_realn.bam
HCM-CSHL-0240-C18-01A-11D-A78J-36,e0239b5d-e6f9-41f7-be57-6e450d8cb539_wgs_gdc_realn.bam,/gpfs/commons/projects/TCGA/gdc-awg/HCMI/WGS/Project_NYGC_15336_B01_SOM_WGS_AnalysisOnly/Sample_HCM-CSHL-0240-C18-01A-11D-A78J-36/analysis/HCM-CSHL-0240-C18-01A-11D-A78J-36.final.bam,/gpfs/commons/projects/HCMI/wgs/bc18a554-9442-4665-8547-4ceaed637170/e0239b5d-e6f9-41f7-be57-6e450d8cb539_wgs_gdc_realn.bam
HCM-CSHL-0062-C18-01A-01D-A768-36,c784e8fe-bd9f-4808-b774-20008ab7fcd7_wgs_gdc_realn.bam,/gpfs/commons/projects/TCGA/gdc-awg/HCMI/WGS/Project_NYGC_15336_B01_SOM_WGS_AnalysisOnly/Sample_HCM-CSHL-0062-C18-01A-01D-A768-36/analysis/HCM-CSHL-0062-C18-01A-01D-A768-36.final.bam,/gpfs/commons/projects/HCMI/wgs/9535d18e-1f3a-4003-ad36-3417b5d2eb65/c784e8fe-bd9f-4808-b774-20008ab7fcd7_wgs_gdc_realn.bam
HCM-CSHL-0056-C18-01B-01D-A78J-36,de794e48-4d70-454d-8557-eb136816d463_wgs_gdc_realn.bam,/gpfs/commons/projects/TCGA/gdc-awg/HCMI/WGS/Project_NYGC_15336_B01_SOM_WGS_AnalysisOnly/Sample_HCM-CSHL-0056-C18-01B-01D-A78J-36/analysis/HCM-CSHL-0056-C18-01B-01D-A78J-36.final.bam,/gpfs/commons/projects/HCMI/wgs/c001d0e5-e8d0-4e05-8cc5-cd6ed5745383/de794e48-4d70-454d-8557-eb136816d463_wgs_gdc_realn.bam
HCM-CSHL-0459-C17-01B-01D-A79C-36,e6aabcd6-704b-4cee-94bb-e8721a67050c_wgs_gdc_realn.bam,/gpfs/commons/projects/TCGA/gdc-awg/HCMI/WGS/Project_NYGC_15336_B01_SOM_WGS_AnalysisOnly/Sample_HCM-CSHL-0459-C17-01B-01D-A79C-36/analysis/HCM-CSHL-0459-C17-01B-01D-A79C-36.final.bam,/gpfs/commons/projects/HCMI/wgs/9b022ac8-10bf-4b81-a61d-01bfd591b8bc/e6aabcd6-704b-4cee-94bb-e8721a67050c_wgs_gdc_realn.bam
HCM-BROD-0235-C16-85B-01D-A79C-36,a8cc3dbf-2613-48e7-a1c1-74490c4d0a9c_wgs_gdc_realn.bam,/gpfs/commons/projects/TCGA/gdc-awg/HCMI/WGS/Project_NYGC_15336_B01_SOM_WGS_AnalysisOnly/Sample_HCM-BROD-0235-C16-85B-01D-A79C-36/analysis/HCM-BROD-0235-C16-85B-01D-A79C-36.final.bam,/gpfs/commons/projects/HCMI/wgs/b0509263-323d-4b74-8d21-44605fa6ac2f/a8cc3dbf-2613-48e7-a1c1-74490c4d0a9c_wgs_gdc_realn.bam
HCM-CSHL-0244-C20-85A-01D-A78L-36,d4f3fa26-94af-4f99-a1c7-4b81344900d1_wgs_gdc_realn.bam,/gpfs/commons/projects/TCGA/gdc-awg/HCMI/WGS/Project_NYGC_15336_B01_SOM_WGS_AnalysisOnly/Sample_HCM-CSHL-0244-C20-85A-01D-A78L-36/analysis/HCM-CSHL-0244-C20-85A-01D-A78L-36.final.bam,/gpfs/commons/projects/HCMI/wgs/1de6afe2-e507-423f-a438-3105406f4f82/d4f3fa26-94af-4f99-a1c7-4b81344900d1_wgs_gdc_realn.bam
HCM-BROD-0709-C64-01A-01D-A85K-36,fb1a7c1b-501d-48a2-9027-5b62fe734ae9_wgs_gdc_realn.bam,/gpfs/commons/projects/TCGA/gdc-awg/HCMI/WGS/Project_NYGC_15336_B01_SOM_WGS_AnalysisOnly/Sample_HCM-BROD-0709-C64-01A-01D-A85K-36/analysis/HCM-BROD-0709-C64-01A-01D-A85K-36.final.bam,/gpfs/commons/projects/HCMI/wgs/0e2fece4-43e6-4ee0-8130-af954f517424/fb1a7c1b-501d-48a2-9027-5b62fe734ae9_wgs_gdc_realn.bam
HCM-BROD-0679-C43-06A-11D-A80U-36,85fce07e-37e0-47f2-b111-9eecb2a0914f_wgs_gdc_realn.bam,/gpfs/commons/projects/TCGA/gdc-awg/HCMI/WGS/Project_NYGC_15336_B01_SOM_WGS_AnalysisOnly/Sample_HCM-BROD-0679-C43-06A-11D-A80U-36/analysis/HCM-BROD-0679-C43-06A-11D-A80U-36.final.bam,/gpfs/commons/projects/HCMI/wgs/f8f55c57-326b-44cf-a640-09548d5e5698/85fce07e-37e0-47f2-b111-9eecb2a0914f_wgs_gdc_realn.bam
HCM-CSHL-0143-C20-10A-01D-A77E-36,ca1fdfe6-2196-456c-a91f-ee224caaabd3_wgs_gdc_realn.bam,/gpfs/commons/projects/TCGA/gdc-awg/HCMI/WGS/Project_NYGC_15336_B01_SOM_WGS_AnalysisOnly/Sample_HCM-CSHL-0143-C20-10A-01D-A77E-36/analysis/HCM-CSHL-0143-C20-10A-01D-A77E-36.final.bam,/gpfs/commons/projects/HCMI/wgs/3ba644dd-9c0a-44e4-a986-75893cae4e1b/ca1fdfe6-2196-456c-a91f-ee224caaabd3_wgs_gdc_realn.bam
HCM-CSHL-0242-C18-85A-01D-A78L-36,921087e3-7e3c-4955-9b7d-44f3a53524b2_wgs_gdc_realn.bam,/gpfs/commons/projects/TCGA/gdc-awg/HCMI/WGS/Project_NYGC_15336_B01_SOM_WGS_AnalysisOnly/Sample_HCM-CSHL-0242-C18-85A-01D-A78L-36/analysis/HCM-CSHL-0242-C18-85A-01D-A78L-36.final.bam,/gpfs/commons/projects/HCMI/wgs/a28a2f08-18c5-4805-8e24-4f16dacb7966/921087e3-7e3c-4955-9b7d-44f3a53524b2_wgs_gdc_realn.bam
HCM-BROD-0195-C71-85A-01D-A786-36,66e95aa9-bc2e-45f9-8b63-eb9016a13573_wgs_gdc_realn.bam,/gpfs/commons/projects/TCGA/gdc-awg/HCMI/WGS/Project_NYGC_15336_B01_SOM_WGS_AnalysisOnly/Sample_HCM-BROD-0195-C71-85A-01D-A786-36/analysis/HCM-BROD-0195-C71-85A-01D-A786-36.final.bam,/gpfs/commons/projects/HCMI/wgs/52acbbbf-97b5-4356-8fb2-73e2134a2109/66e95aa9-bc2e-45f9-8b63-eb9016a13573_wgs_gdc_realn.bam
HCM-CSHL-0462-D05-31B-01D-A83U-36,50950303-a7ff-4111-815d-b4ea0e006939_wgs_gdc_realn.bam,/gpfs/commons/projects/TCGA/gdc-awg/HCMI/WGS/Project_NYGC_15336_B01_SOM_WGS_AnalysisOnly/Sample_HCM-CSHL-0462-D05-31B-01D-A83U-36/analysis/HCM-CSHL-0462-D05-31B-01D-A83U-36.final.bam,/gpfs/commons/projects/HCMI/wgs/18dce506-7b91-4bb2-91df-d12e8b3279e0/50950303-a7ff-4111-815d-b4ea0e006939_wgs_gdc_realn.bam
HCM-SANG-0314-C15-85A-01D-A79N-36,4d99c8f1-84dc-4fc0-884a-1f5b32c45770_wgs_gdc_realn.bam,/gpfs/commons/projects/TCGA/gdc-awg/HCMI/WGS/Project_NYGC_15336_B01_SOM_WGS_AnalysisOnly/Sample_HCM-SANG-0314-C15-85A-01D-A79N-36/analysis/HCM-SANG-0314-C15-85A-01D-A79N-36.final.bam,/gpfs/commons/projects/HCMI/wgs/8e7b4b31-5103-46c7-8abc-76da7ff10c0f/4d99c8f1-84dc-4fc0-884a-1f5b32c45770_wgs_gdc_realn.bam
HCM-CSHL-0060-C18-10A-01D-A77E-36,1f716f36-37b5-44f8-b376-e036f55eecb8_wgs_gdc_realn.bam,/gpfs/commons/projects/TCGA/gdc-awg/HCMI/WGS/Project_NYGC_15336_B01_SOM_WGS_AnalysisOnly/Sample_HCM-CSHL-0060-C18-10A-01D-A77E-36/analysis/HCM-CSHL-0060-C18-10A-01D-A77E-36.final.bam,/gpfs/commons/projects/HCMI/wgs/340aa27e-bb57-47b9-8449-d836a182042f/1f716f36-37b5-44f8-b376-e036f55eecb8_wgs_gdc_realn.bam
HCM-CSHL-0143-C20-85A-01D-A77E-36,0f2a4f3d-82fa-42fb-b329-a035ed3bca41_wgs_gdc_realn.bam,/gpfs/commons/projects/TCGA/gdc-awg/HCMI/WGS/Project_NYGC_15336_B01_SOM_WGS_AnalysisOnly/Sample_HCM-CSHL-0143-C20-85A-01D-A77E-36/analysis/HCM-CSHL-0143-C20-85A-01D-A77E-36.final.bam,/gpfs/commons/projects/HCMI/wgs/74b277b1-a2a5-4ca5-98ca-c237c1ffc726/0f2a4f3d-82fa-42fb-b329-a035ed3bca41_wgs_gdc_realn.bam
HCM-CSHL-0057-C18-85B-01D-A786-36,c37dcb81-d072-4446-8d47-eea71c3ce4de_wgs_gdc_realn.bam,/gpfs/commons/projects/TCGA/gdc-awg/HCMI/WGS/Project_NYGC_15336_B01_SOM_WGS_AnalysisOnly/Sample_HCM-CSHL-0057-C18-85B-01D-A786-36/analysis/HCM-CSHL-0057-C18-85B-01D-A786-36.final.bam,/gpfs/commons/projects/HCMI/wgs/a33f8e43-57e4-47dc-b704-226c8ad6eb2b/c37dcb81-d072-4446-8d47-eea71c3ce4de_wgs_gdc_realn.bam
HCM-BROD-0421-C71-85A-01D-A80U-36,ae4cc7ec-72ad-4d6c-b061-f67615d4ad2d_wgs_gdc_realn.bam,/gpfs/commons/projects/TCGA/gdc-awg/HCMI/WGS/Project_NYGC_15336_B01_SOM_WGS_AnalysisOnly/Sample_HCM-BROD-0421-C71-85A-01D-A80U-36/analysis/HCM-BROD-0421-C71-85A-01D-A80U-36.final.bam,/gpfs/commons/projects/HCMI/wgs/7d6512a6-e181-468b-b458-e5ec2eb6698a/ae4cc7ec-72ad-4d6c-b061-f67615d4ad2d_wgs_gdc_realn.bam
HCM-BROD-0595-C43-06A-11D-A80U-36,f2bde313-0e9b-4356-abdb-7268d578e542_wgs_gdc_realn.bam,/gpfs/commons/projects/TCGA/gdc-awg/HCMI/WGS/Project_NYGC_15336_B01_SOM_WGS_AnalysisOnly/Sample_HCM-BROD-0595-C43-06A-11D-A80U-36/analysis/HCM-BROD-0595-C43-06A-11D-A80U-36.final.bam,/gpfs/commons/projects/HCMI/wgs/f8c57a4a-1137-432a-a286-9b38df10245e/f2bde313-0e9b-4356-abdb-7268d578e542_wgs_gdc_realn.bam
HCM-BROD-0027-C34-06A-11D-A786-36,c2cf0aa2-f254-458c-b878-a4a711b2232d_wgs_gdc_realn.bam,/gpfs/commons/projects/TCGA/gdc-awg/HCMI/WGS/Project_NYGC_15336_B01_SOM_WGS_AnalysisOnly/Sample_HCM-BROD-0027-C34-06A-11D-A786-36/analysis/HCM-BROD-0027-C34-06A-11D-A786-36.final.bam,/gpfs/commons/projects/HCMI/wgs/fa73be4d-6040-4c08-b843-d0a1b67448af/c2cf0aa2-f254-458c-b878-a4a711b2232d_wgs_gdc_realn.bam
HCM-WCMC-0504-C18-01A-11D-A83U-36,eb141f14-0d00-4858-9881-3dc2712ccf5c_wgs_gdc_realn.bam,/gpfs/commons/projects/TCGA/gdc-awg/HCMI/WGS/Project_NYGC_15336_B01_SOM_WGS_AnalysisOnly/Sample_HCM-WCMC-0504-C18-01A-11D-A83U-36/analysis/HCM-WCMC-0504-C18-01A-11D-A83U-36.final.bam,/gpfs/commons/projects/HCMI/wgs/30551096-951b-4242-9344-ceee5999f7e1/eb141f14-0d00-4858-9881-3dc2712ccf5c_wgs_gdc_realn.bam
HCM-BROD-0132-C25-85A-01D-A79C-36,ef2d70fe-4081-44bc-b309-6e62d9e6dc1a_wgs_gdc_realn.bam,/gpfs/commons/projects/TCGA/gdc-awg/HCMI/WGS/Project_NYGC_15336_B01_SOM_WGS_AnalysisOnly/Sample_HCM-BROD-0132-C25-85A-01D-A79C-36/analysis/HCM-BROD-0132-C25-85A-01D-A79C-36.final.bam,/gpfs/commons/projects/HCMI/wgs/300ed9ed-9d83-430b-b4ce-75189edc8984/ef2d70fe-4081-44bc-b309-6e62d9e6dc1a_wgs_gdc_realn.bam
HCM-SANG-0293-C15-10A-01D-A78J-36,a6dd89b7-f4b3-4684-81b5-b97c5d25ecae_wgs_gdc_realn.bam,/gpfs/commons/projects/TCGA/gdc-awg/HCMI/WGS/Project_NYGC_15336_B01_SOM_WGS_AnalysisOnly/Sample_HCM-SANG-0293-C15-10A-01D-A78J-36/analysis/HCM-SANG-0293-C15-10A-01D-A78J-36.final.bam,/gpfs/commons/projects/HCMI/wgs/2f4c824f-41bb-4140-9d64-2a1c20a03669/a6dd89b7-f4b3-4684-81b5-b97c5d25ecae_wgs_gdc_realn.bam
HCM-CSHL-0061-C18-01A-01D-A768-36,f22f4ca4-aef2-49e0-bdbf-7745cadc7a24_wgs_gdc_realn.bam,/gpfs/commons/projects/TCGA/gdc-awg/HCMI/WGS/Project_NYGC_15336_B01_SOM_WGS_AnalysisOnly/Sample_HCM-CSHL-0061-C18-01A-01D-A768-36/analysis/HCM-CSHL-0061-C18-01A-01D-A768-36.final.bam,/gpfs/commons/projects/HCMI/wgs/0001ae19-fb26-4036-a0a4-f353a59e5319/f22f4ca4-aef2-49e0-bdbf-7745cadc7a24_wgs_gdc_realn.bam
HCM-CSHL-0241-C18-11A-11D-A82H-36,f8655003-ee4f-4362-b23a-81b9d7dff750_wgs_gdc_realn.bam,/gpfs/commons/projects/TCGA/gdc-awg/HCMI/WGS/Project_NYGC_15336_B01_SOM_WGS_AnalysisOnly/Sample_HCM-CSHL-0241-C18-11A-11D-A82H-36/analysis/HCM-CSHL-0241-C18-11A-11D-A82H-36.final.bam,/gpfs/commons/projects/HCMI/wgs/b1ba5d3e-00d4-4f89-a13c-154892cc9adf/f8655003-ee4f-4362-b23a-81b9d7dff750_wgs_gdc_realn.bam
HCM-CSHL-0184-C25-85A-01D-A78L-36,e8f8cb08-d875-444f-9a1a-c7f0bf039e0b_wgs_gdc_realn.bam,/gpfs/commons/projects/TCGA/gdc-awg/HCMI/WGS/Project_NYGC_15336_B01_SOM_WGS_AnalysisOnly/Sample_HCM-CSHL-0184-C25-85A-01D-A78L-36/analysis/HCM-CSHL-0184-C25-85A-01D-A78L-36.final.bam,/gpfs/commons/projects/HCMI/wgs/995a7fce-8525-4321-b239-b11916d66940/e8f8cb08-d875-444f-9a1a-c7f0bf039e0b_wgs_gdc_realn.bam
HCM-BROD-0834-C43-85M-01D-A85K-36,22b08a54-e671-4940-8e12-84ea787c646e_wgs_gdc_realn.bam,/gpfs/commons/projects/TCGA/gdc-awg/HCMI/WGS/Project_NYGC_15336_B01_SOM_WGS_AnalysisOnly/Sample_HCM-BROD-0834-C43-85M-01D-A85K-36/analysis/HCM-BROD-0834-C43-85M-01D-A85K-36.final.bam,/gpfs/commons/projects/HCMI/wgs/f3d07d60-f5bb-4763-8528-e7a7c041aa7e/22b08a54-e671-4940-8e12-84ea787c646e_wgs_gdc_realn.bam
HCM-BROD-0695-C71-10A-01D-A83U-36,1cdaa6df-f414-48a2-a9b0-39f3a14c6aa8_wgs_gdc_realn.bam,/gpfs/commons/projects/TCGA/gdc-awg/HCMI/WGS/Project_NYGC_15336_B01_SOM_WGS_AnalysisOnly/Sample_HCM-BROD-0695-C71-10A-01D-A83U-36/analysis/HCM-BROD-0695-C71-10A-01D-A83U-36.final.bam,/gpfs/commons/projects/HCMI/wgs/5e2bc67e-5b47-437c-8a49-1b143146667f/1cdaa6df-f414-48a2-a9b0-39f3a14c6aa8_wgs_gdc_realn.bam
HCM-BROD-0716-C43-06B-01D-A83U-36,6410ddef-a4aa-4e43-8206-2f6abf8b0cc9_wgs_gdc_realn.bam,/gpfs/commons/projects/TCGA/gdc-awg/HCMI/WGS/Project_NYGC_15336_B01_SOM_WGS_AnalysisOnly/Sample_HCM-BROD-0716-C43-06B-01D-A83U-36/analysis/HCM-BROD-0716-C43-06B-01D-A83U-36.final.bam,/gpfs/commons/projects/HCMI/wgs/20ee517f-9bd1-4e7a-9541-d7df4d47b82f/6410ddef-a4aa-4e43-8206-2f6abf8b0cc9_wgs_gdc_realn.bam
HCM-STAN-0627-C34-85A-01D-A85C-36,4898db6f-98b2-44ca-b60c-d51938747fd7_wgs_gdc_realn.bam,/gpfs/commons/projects/TCGA/gdc-awg/HCMI/WGS/Project_NYGC_15336_B01_SOM_WGS_AnalysisOnly/Sample_HCM-STAN-0627-C34-85A-01D-A85C-36/analysis/HCM-STAN-0627-C34-85A-01D-A85C-36.final.bam,/gpfs/commons/projects/HCMI/wgs/ecd5c562-9a6f-4723-8af6-c1ca833c28db/4898db6f-98b2-44ca-b60c-d51938747fd7_wgs_gdc_realn.bam
HCM-BROD-0574-C71-85B-01D-A82H-36,f7eb1a62-24b2-45b3-8717-aa585208d24c_wgs_gdc_realn.bam,/gpfs/commons/projects/TCGA/gdc-awg/HCMI/WGS/Project_NYGC_15336_B01_SOM_WGS_AnalysisOnly/Sample_HCM-BROD-0574-C71-85B-01D-A82H-36/analysis/HCM-BROD-0574-C71-85B-01D-A82H-36.final.bam,/gpfs/commons/projects/HCMI/wgs/659dc49a-4df9-49bc-a625-5065fac05e75/f7eb1a62-24b2-45b3-8717-aa585208d24c_wgs_gdc_realn.bam
HCM-CSHL-0426-C18-10A-01D-A79M-36,3ef846f3-314a-4012-a67c-e5b62f93f50d_wgs_gdc_realn.bam,/gpfs/commons/projects/TCGA/gdc-awg/HCMI/WGS/Project_NYGC_15336_B01_SOM_WGS_AnalysisOnly/Sample_HCM-CSHL-0426-C18-10A-01D-A79M-36/analysis/HCM-CSHL-0426-C18-10A-01D-A79M-36.final.bam,/gpfs/commons/projects/HCMI/wgs/ca5f63da-8afb-457f-a444-71a4970398c0/3ef846f3-314a-4012-a67c-e5b62f93f50d_wgs_gdc_realn.bam
HCM-BROD-0568-C15-85M-01D-A79C-36,62ade730-522a-4833-a1bc-b585a2a17749_wgs_gdc_realn.bam,/gpfs/commons/projects/TCGA/gdc-awg/HCMI/WGS/Project_NYGC_15336_B01_SOM_WGS_AnalysisOnly/Sample_HCM-BROD-0568-C15-85M-01D-A79C-36/analysis/HCM-BROD-0568-C15-85M-01D-A79C-36.final.bam,/gpfs/commons/projects/HCMI/wgs/c5221208-bc37-40ae-8347-6f82212c2e52/62ade730-522a-4833-a1bc-b585a2a17749_wgs_gdc_realn.bam
HCM-CSHL-0191-C25-10A-01D-A78L-36,899b4f0e-53b7-4c44-a2e6-34cff9bc5e99_wgs_gdc_realn.bam,/gpfs/commons/projects/TCGA/gdc-awg/HCMI/WGS/Project_NYGC_15336_B01_SOM_WGS_AnalysisOnly/Sample_HCM-CSHL-0191-C25-10A-01D-A78L-36/analysis/HCM-CSHL-0191-C25-10A-01D-A78L-36.final.bam,/gpfs/commons/projects/HCMI/wgs/5acbb34a-8a25-4ebd-afc8-325e6504c3b1/899b4f0e-53b7-4c44-a2e6-34cff9bc5e99_wgs_gdc_realn.bam
HCM-CSHL-0379-C18-85A-01D-A79C-36,9ea3c1d3-5080-4b28-9221-f7ccaa818f23_wgs_gdc_realn.bam,/gpfs/commons/projects/TCGA/gdc-awg/HCMI/WGS/Project_NYGC_15336_B01_SOM_WGS_AnalysisOnly/Sample_HCM-CSHL-0379-C18-85A-01D-A79C-36/analysis/HCM-CSHL-0379-C18-85A-01D-A79C-36.final.bam,/gpfs/commons/projects/HCMI/wgs/6b9416c8-940c-44d9-a18b-0b835772e5e9/9ea3c1d3-5080-4b28-9221-f7ccaa818f23_wgs_gdc_realn.bam
HCM-BROD-0644-C25-85M-01D-A83U-36,f356b6fb-9902-4420-a64a-1aa6a8eda705_wgs_gdc_realn.bam,/gpfs/commons/projects/TCGA/gdc-awg/HCMI/WGS/Project_NYGC_15336_B01_SOM_WGS_AnalysisOnly/Sample_HCM-BROD-0644-C25-85M-01D-A83U-36/analysis/HCM-BROD-0644-C25-85M-01D-A83U-36.final.bam,/gpfs/commons/projects/HCMI/wgs/346ca4b2-b9a2-4c22-86f4-4cf5ea6a455a/f356b6fb-9902-4420-a64a-1aa6a8eda705_wgs_gdc_realn.bam
HCM-CSHL-0382-C19-01A-11D-A78T-36,17dbd4be-a71f-4ec8-8c13-5a9d2cc86f73_wgs_gdc_realn.bam,/gpfs/commons/projects/TCGA/gdc-awg/HCMI/WGS/Project_NYGC_15336_B01_SOM_WGS_AnalysisOnly/Sample_HCM-CSHL-0382-C19-01A-11D-A78T-36/analysis/HCM-CSHL-0382-C19-01A-11D-A78T-36.final.bam,/gpfs/commons/projects/HCMI/wgs/31c119c2-db76-4404-b327-70db84c60a1f/17dbd4be-a71f-4ec8-8c13-5a9d2cc86f73_wgs_gdc_realn.bam
HCM-BROD-0344-C25-85A-01D-A79L-36,6e7e5765-7944-41c8-b378-289fc862b13a_wgs_gdc_realn.bam,/gpfs/commons/projects/TCGA/gdc-awg/HCMI/WGS/Project_NYGC_15336_B01_SOM_WGS_AnalysisOnly/Sample_HCM-BROD-0344-C25-85A-01D-A79L-36/analysis/HCM-BROD-0344-C25-85A-01D-A79L-36.final.bam,/gpfs/commons/projects/HCMI/wgs/084a1f9b-dcf0-4b9c-9215-dd550f8fa924/6e7e5765-7944-41c8-b378-289fc862b13a_wgs_gdc_realn.bam
HCM-CSHL-0725-C02-85A-01D-A85K-36,5062e82b-fd66-4d2a-b075-2af51d26105c_wgs_gdc_realn.bam,/gpfs/commons/projects/TCGA/gdc-awg/HCMI/WGS/Project_NYGC_15336_B01_SOM_WGS_AnalysisOnly/Sample_HCM-CSHL-0725-C02-85A-01D-A85K-36/analysis/HCM-CSHL-0725-C02-85A-01D-A85K-36.final.bam,/gpfs/commons/projects/HCMI/wgs/1ce9d442-447f-43ce-a628-2f0536c2b930/5062e82b-fd66-4d2a-b075-2af51d26105c_wgs_gdc_realn.bam
HCM-CSHL-0655-C50-85N-01D-A82I-36,db360d84-96c0-4165-a16c-1b1a12420f4f_wgs_gdc_realn.bam,/gpfs/commons/projects/TCGA/gdc-awg/HCMI/WGS/Project_NYGC_15336_B01_SOM_WGS_AnalysisOnly/Sample_HCM-CSHL-0655-C50-85N-01D-A82I-36/analysis/HCM-CSHL-0655-C50-85N-01D-A82I-36.final.bam,/gpfs/commons/projects/HCMI/wgs/9f4292b3-caf3-4bef-9f10-abcdb7359da8/db360d84-96c0-4165-a16c-1b1a12420f4f_wgs_gdc_realn.bam
HCM-BROD-0104-C71-01A-11D-A78T-36,8685cf06-46ee-4753-a43e-77a97ebda0a6_wgs_gdc_realn.bam,/gpfs/commons/projects/TCGA/gdc-awg/HCMI/WGS/Project_NYGC_15336_B01_SOM_WGS_AnalysisOnly/Sample_HCM-BROD-0104-C71-01A-11D-A78T-36/analysis/HCM-BROD-0104-C71-01A-11D-A78T-36.final.bam,/gpfs/commons/projects/HCMI/wgs/82664ad7-2d82-4028-b307-708295e2abb0/8685cf06-46ee-4753-a43e-77a97ebda0a6_wgs_gdc_realn.bam
HCM-CSHL-0090-C25-85A-01D-A77E-36,1b712233-3701-4f36-8988-277b912a593f_wgs_gdc_realn.bam,/gpfs/commons/projects/TCGA/gdc-awg/HCMI/WGS/Project_NYGC_15336_B01_SOM_WGS_AnalysisOnly/Sample_HCM-CSHL-0090-C25-85A-01D-A77E-36/analysis/HCM-CSHL-0090-C25-85A-01D-A77E-36.final.bam,/gpfs/commons/projects/HCMI/wgs/1dc4312a-5d8d-4549-8344-dd76f5ce0e36/1b712233-3701-4f36-8988-277b912a593f_wgs_gdc_realn.bam
HCM-BROD-0472-C34-10A-01D-A80U-36,64a6bd1e-eb9a-4ded-9cff-5f2c82cdd84b_wgs_gdc_realn.bam,/gpfs/commons/projects/TCGA/gdc-awg/HCMI/WGS/Project_NYGC_15336_B01_SOM_WGS_AnalysisOnly/Sample_HCM-BROD-0472-C34-10A-01D-A80U-36/analysis/HCM-BROD-0472-C34-10A-01D-A80U-36.final.bam,/gpfs/commons/projects/HCMI/wgs/94ab5b0a-5526-4c64-bc7f-56b454f878a1/64a6bd1e-eb9a-4ded-9cff-5f2c82cdd84b_wgs_gdc_realn.bam
HCM-SANG-0299-C15-85X-01D-A78U-36,a1988273-c9f8-4cd1-b1a6-5daa2c7a3e51_wgs_gdc_realn.bam,/gpfs/commons/projects/TCGA/gdc-awg/HCMI/WGS/Project_NYGC_15336_B01_SOM_WGS_AnalysisOnly/Sample_HCM-SANG-0299-C15-85X-01D-A78U-36/analysis/HCM-SANG-0299-C15-85X-01D-A78U-36.final.bam,/gpfs/commons/projects/HCMI/wgs/dec7f51a-18d1-48b2-be3b-8ec8fbfb1b77/a1988273-c9f8-4cd1-b1a6-5daa2c7a3e51_wgs_gdc_realn.bam
HCM-CSHL-0378-C18-85A-01D-A79C-36,af463d44-62ef-4187-8b98-56c71bcebdd3_wgs_gdc_realn.bam,/gpfs/commons/projects/TCGA/gdc-awg/HCMI/WGS/Project_NYGC_15336_B01_SOM_WGS_AnalysisOnly/Sample_HCM-CSHL-0378-C18-85A-01D-A79C-36/analysis/HCM-CSHL-0378-C18-85A-01D-A79C-36.final.bam,/gpfs/commons/projects/HCMI/wgs/10d36be6-7aa0-460b-8c3f-ad5e29c36602/af463d44-62ef-4187-8b98-56c71bcebdd3_wgs_gdc_realn.bam
HCM-CSHL-0654-C26-10A-01D-A82H-36,84db5695-0281-40ed-899d-0cde275734ec_wgs_gdc_realn.bam,/gpfs/commons/projects/TCGA/gdc-awg/HCMI/WGS/Project_NYGC_15336_B01_SOM_WGS_AnalysisOnly/Sample_HCM-CSHL-0654-C26-10A-01D-A82H-36/analysis/HCM-CSHL-0654-C26-10A-01D-A82H-36.final.bam,/gpfs/commons/projects/HCMI/wgs/2f3f6a45-66ec-4209-a008-ba5ec1e1d3e0/84db5695-0281-40ed-899d-0cde275734ec_wgs_gdc_realn.bam
HCM-SANG-0271-D12-10A-01D-A80U-36,3bfc0b7c-58c7-47c9-9664-5c2d087f4485_wgs_gdc_realn.bam,/gpfs/commons/projects/TCGA/gdc-awg/HCMI/WGS/Project_NYGC_15336_B01_SOM_WGS_AnalysisOnly/Sample_HCM-SANG-0271-D12-10A-01D-A80U-36/analysis/HCM-SANG-0271-D12-10A-01D-A80U-36.final.bam,/gpfs/commons/projects/HCMI/wgs/a9f584ff-e494-4fe3-8c93-803e9b299067/3bfc0b7c-58c7-47c9-9664-5c2d087f4485_wgs_gdc_realn.bam
HCM-BROD-0101-C15-85A-01D-A79L-36,7017b85f-60a1-48c8-b1e5-7c9b02953b68_wgs_gdc_realn.bam,/gpfs/commons/projects/TCGA/gdc-awg/HCMI/WGS/Project_NYGC_15336_B01_SOM_WGS_AnalysisOnly/Sample_HCM-BROD-0101-C15-85A-01D-A79L-36/analysis/HCM-BROD-0101-C15-85A-01D-A79L-36.final.bam,/gpfs/commons/projects/HCMI/wgs/1d74f1f4-905f-4d2a-8874-598231598f75/7017b85f-60a1-48c8-b1e5-7c9b02953b68_wgs_gdc_realn.bam
HCM-CSHL-0261-C50-01A-11D-A85K-36,820d952a-ba84-4836-b8c8-9b2d5ef80f43_wgs_gdc_realn.bam,/gpfs/commons/projects/TCGA/gdc-awg/HCMI/WGS/Project_NYGC_15336_B01_SOM_WGS_AnalysisOnly/Sample_HCM-CSHL-0261-C50-01A-11D-A85K-36/analysis/HCM-CSHL-0261-C50-01A-11D-A85K-36.final.bam,/gpfs/commons/projects/HCMI/wgs/38368994-d560-4411-afe4-9b27fb3df9b2/820d952a-ba84-4836-b8c8-9b2d5ef80f43_wgs_gdc_realn.bam
HCM-BROD-0111-C25-85A-01D-A786-36,f4795412-20e7-4045-ba14-cc6a20288163_wgs_gdc_realn.bam,/gpfs/commons/projects/TCGA/gdc-awg/HCMI/WGS/Project_NYGC_15336_B01_SOM_WGS_AnalysisOnly/Sample_HCM-BROD-0111-C25-85A-01D-A786-36/analysis/HCM-BROD-0111-C25-85A-01D-A786-36.final.bam,/gpfs/commons/projects/HCMI/wgs/e115496d-dd57-4463-98d3-223e4fd3b0dd/f4795412-20e7-4045-ba14-cc6a20288163_wgs_gdc_realn.bam
HCM-BROD-0118-C16-10B-01D-A79L-36,75462d9b-34ed-4d4f-8db7-89f697c86547_wgs_gdc_realn.bam,/gpfs/commons/projects/TCGA/gdc-awg/HCMI/WGS/Project_NYGC_15336_B01_SOM_WGS_AnalysisOnly/Sample_HCM-BROD-0118-C16-10B-01D-A79L-36/analysis/HCM-BROD-0118-C16-10B-01D-A79L-36.final.bam,/gpfs/commons/projects/HCMI/wgs/d6d91c6a-9931-4b81-9535-8132d53ab5bd/75462d9b-34ed-4d4f-8db7-89f697c86547_wgs_gdc_realn.bam
HCM-BROD-0568-C15-10A-01D-A79C-36,3b093a1a-9b97-44de-90a2-d446054d5e41_wgs_gdc_realn.bam,/gpfs/commons/projects/TCGA/gdc-awg/HCMI/WGS/Project_NYGC_15336_B01_SOM_WGS_AnalysisOnly/Sample_HCM-BROD-0568-C15-10A-01D-A79C-36/analysis/HCM-BROD-0568-C15-10A-01D-A79C-36.final.bam,/gpfs/commons/projects/HCMI/wgs/74f56bf6-d1e9-4363-9c8f-be6bb39b81d7/3b093a1a-9b97-44de-90a2-d446054d5e41_wgs_gdc_realn.bam
HCM-BROD-0677-C43-85M-01D-A83U-36,7973f779-51c0-4402-adb9-38d83746d8b1_wgs_gdc_realn.bam,/gpfs/commons/projects/TCGA/gdc-awg/HCMI/WGS/Project_NYGC_15336_B01_SOM_WGS_AnalysisOnly/Sample_HCM-BROD-0677-C43-85M-01D-A83U-36/analysis/HCM-BROD-0677-C43-85M-01D-A83U-36.final.bam,/gpfs/commons/projects/HCMI/wgs/60c3be75-26c2-496b-8d12-266bddac464e/7973f779-51c0-4402-adb9-38d83746d8b1_wgs_gdc_realn.bam
HCM-SANG-0271-D12-85B-01D-A80U-36,d1848dd2-dccb-43c6-bd29-bb7f331089ef_wgs_gdc_realn.bam,/gpfs/commons/projects/TCGA/gdc-awg/HCMI/WGS/Project_NYGC_15336_B01_SOM_WGS_AnalysisOnly/Sample_HCM-SANG-0271-D12-85B-01D-A80U-36/analysis/HCM-SANG-0271-D12-85B-01D-A80U-36.final.bam,/gpfs/commons/projects/HCMI/wgs/3c82f033-eb3b-45f8-8f06-c5b898281799/d1848dd2-dccb-43c6-bd29-bb7f331089ef_wgs_gdc_realn.bam
HCM-BROD-0041-C64-85A-01D-A79L-36,a5de36f7-d2f0-4bca-a424-408d7ba57cba_wgs_gdc_realn.bam,/gpfs/commons/projects/TCGA/gdc-awg/HCMI/WGS/Project_NYGC_15336_B01_SOM_WGS_AnalysisOnly/Sample_HCM-BROD-0041-C64-85A-01D-A79L-36/analysis/HCM-BROD-0041-C64-85A-01D-A79L-36.final.bam,/gpfs/commons/projects/HCMI/wgs/0a4a34b5-ebcb-4c7b-8318-73c5150bbf08/a5de36f7-d2f0-4bca-a424-408d7ba57cba_wgs_gdc_realn.bam
HCM-CSHL-0622-C18-06A-11D-A82H-36,f83e5eb8-ef53-4d52-84b7-e27570900d1d_wgs_gdc_realn.bam,/gpfs/commons/projects/TCGA/gdc-awg/HCMI/WGS/Project_NYGC_15336_B01_SOM_WGS_AnalysisOnly/Sample_HCM-CSHL-0622-C18-06A-11D-A82H-36/analysis/HCM-CSHL-0622-C18-06A-11D-A82H-36.final.bam,/gpfs/commons/projects/HCMI/wgs/b5d52ab9-4819-40ac-bd0c-61aabfe29c56/f83e5eb8-ef53-4d52-84b7-e27570900d1d_wgs_gdc_realn.bam
HCM-CSHL-0368-D37-85P-01D-A78T-36,9719a3c8-9fe9-4887-8fe8-d0fa7a2073fd_wgs_gdc_realn.bam,/gpfs/commons/projects/TCGA/gdc-awg/HCMI/WGS/Project_NYGC_15336_B01_SOM_WGS_AnalysisOnly/Sample_HCM-CSHL-0368-D37-85P-01D-A78T-36/analysis/HCM-CSHL-0368-D37-85P-01D-A78T-36.final.bam,/gpfs/commons/projects/HCMI/wgs/335b2a04-7ac8-4769-bd0a-b9438d479d88/9719a3c8-9fe9-4887-8fe8-d0fa7a2073fd_wgs_gdc_realn.bam
HCM-BROD-0561-C43-06A-11D-A79L-36,180a3a72-1e5a-405a-8d2a-010895ff8a71_wgs_gdc_realn.bam,/gpfs/commons/projects/TCGA/gdc-awg/HCMI/WGS/Project_NYGC_15336_B01_SOM_WGS_AnalysisOnly/Sample_HCM-BROD-0561-C43-06A-11D-A79L-36/analysis/HCM-BROD-0561-C43-06A-11D-A79L-36.final.bam,/gpfs/commons/projects/HCMI/wgs/8d91f111-5a4e-4028-8378-93c4c92313b6/180a3a72-1e5a-405a-8d2a-010895ff8a71_wgs_gdc_realn.bam
HCM-SANG-0302-C15-10A-01D-A79M-36,ce25d834-e407-432a-8b6a-0d2d2b0f8113_wgs_gdc_realn.bam,/gpfs/commons/projects/TCGA/gdc-awg/HCMI/WGS/Project_NYGC_15336_B01_SOM_WGS_AnalysisOnly/Sample_HCM-SANG-0302-C15-10A-01D-A79M-36/analysis/HCM-SANG-0302-C15-10A-01D-A79M-36.final.bam,/gpfs/commons/projects/HCMI/wgs/be0601ba-7c9b-441f-8a3d-457be7367abd/ce25d834-e407-432a-8b6a-0d2d2b0f8113_wgs_gdc_realn.bam
HCM-BROD-0448-C15-10A-01D-A78T-36,00c7ee27-003c-44df-a3a0-cf984fed974a_wgs_gdc_realn.bam,/gpfs/commons/projects/TCGA/gdc-awg/HCMI/WGS/Project_NYGC_15336_B01_SOM_WGS_AnalysisOnly/Sample_HCM-BROD-0448-C15-10A-01D-A78T-36/analysis/HCM-BROD-0448-C15-10A-01D-A78T-36.final.bam,/gpfs/commons/projects/HCMI/wgs/fe669be6-06a7-46d7-ac8b-c244e39c4ca7/00c7ee27-003c-44df-a3a0-cf984fed974a_wgs_gdc_realn.bam
HCM-BROD-0709-C64-11B-01D-A85K-36,e7a4ca0d-47fb-48ba-a2e5-339f119df2d0_wgs_gdc_realn.bam,/gpfs/commons/projects/TCGA/gdc-awg/HCMI/WGS/Project_NYGC_15336_B01_SOM_WGS_AnalysisOnly/Sample_HCM-BROD-0709-C64-11B-01D-A85K-36/analysis/HCM-BROD-0709-C64-11B-01D-A85K-36.final.bam,/gpfs/commons/projects/HCMI/wgs/0b119e7e-bed6-4ca1-86ee-691e3e38760b/e7a4ca0d-47fb-48ba-a2e5-339f119df2d0_wgs_gdc_realn.bam
HCM-CSHL-0186-C25-10A-01D-A79L-36,279fb2f4-a6b6-410f-8621-c3a2e0ae9075_wgs_gdc_realn.bam,/gpfs/commons/projects/TCGA/gdc-awg/HCMI/WGS/Project_NYGC_15336_B01_SOM_WGS_AnalysisOnly/Sample_HCM-CSHL-0186-C25-10A-01D-A79L-36/analysis/HCM-CSHL-0186-C25-10A-01D-A79L-36.final.bam,/gpfs/commons/projects/HCMI/wgs/58f660b5-1483-485c-baf6-b1d939b3ae59/279fb2f4-a6b6-410f-8621-c3a2e0ae9075_wgs_gdc_realn.bam
HCM-CSHL-0727-C18-06A-11D-A82I-36,88750ab2-ceea-4975-babf-1a443161d093_wgs_gdc_realn.bam,/gpfs/commons/projects/TCGA/gdc-awg/HCMI/WGS/Project_NYGC_15336_B01_SOM_WGS_AnalysisOnly/Sample_HCM-CSHL-0727-C18-06A-11D-A82I-36/analysis/HCM-CSHL-0727-C18-06A-11D-A82I-36.final.bam,/gpfs/commons/projects/HCMI/wgs/19e19818-787e-481b-8fa0-937351a81d40/88750ab2-ceea-4975-babf-1a443161d093_wgs_gdc_realn.bam
HCM-CSHL-0462-D05-85T-01D-A83U-36,d77017cd-eb8f-49e2-b28f-91ccbad72f1b_wgs_gdc_realn.bam,/gpfs/commons/projects/TCGA/gdc-awg/HCMI/WGS/Project_NYGC_15336_B01_SOM_WGS_AnalysisOnly/Sample_HCM-CSHL-0462-D05-85T-01D-A83U-36/analysis/HCM-CSHL-0462-D05-85T-01D-A83U-36.final.bam,/gpfs/commons/projects/HCMI/wgs/836d589f-0bce-474f-bf23-e6a8f1c92b28/d77017cd-eb8f-49e2-b28f-91ccbad72f1b_wgs_gdc_realn.bam
HCM-CSHL-0459-C17-10A-01D-A79C-36,b001bab4-9fce-4678-a762-7e2ce509cf19_wgs_gdc_realn.bam,/gpfs/commons/projects/TCGA/gdc-awg/HCMI/WGS/Project_NYGC_15336_B01_SOM_WGS_AnalysisOnly/Sample_HCM-CSHL-0459-C17-10A-01D-A79C-36/analysis/HCM-CSHL-0459-C17-10A-01D-A79C-36.final.bam,/gpfs/commons/projects/HCMI/wgs/816bdd42-3155-44d7-9412-2789d229c9f7/b001bab4-9fce-4678-a762-7e2ce509cf19_wgs_gdc_realn.bam
HCM-BROD-0693-C71-01A-15D-A82H-36,ce6ec4d7-25b5-46b9-8062-237aa4ae8004_wgs_gdc_realn.bam,/gpfs/commons/projects/TCGA/gdc-awg/HCMI/WGS/Project_NYGC_15336_B01_SOM_WGS_AnalysisOnly/Sample_HCM-BROD-0693-C71-01A-15D-A82H-36/analysis/HCM-BROD-0693-C71-01A-15D-A82H-36.final.bam,/gpfs/commons/projects/HCMI/wgs/8d0d341c-f7ee-472e-a072-0a313a00d052/ce6ec4d7-25b5-46b9-8062-237aa4ae8004_wgs_gdc_realn.bam
HCM-CSHL-0247-C18-85M-01D-A78T-36,6fa6e3a5-2d26-4894-ae86-630dabd19ee2_wgs_gdc_realn.bam,/gpfs/commons/projects/TCGA/gdc-awg/HCMI/WGS/Project_NYGC_15336_B01_SOM_WGS_AnalysisOnly/Sample_HCM-CSHL-0247-C18-85M-01D-A78T-36/analysis/HCM-CSHL-0247-C18-85M-01D-A78T-36.final.bam,/gpfs/commons/projects/HCMI/wgs/db16557f-11a3-4320-a44d-7cd8d96996d0/6fa6e3a5-2d26-4894-ae86-630dabd19ee2_wgs_gdc_realn.bam
HCM-BROD-0016-C25-85A-01D-A79C-36,999fd33f-1f67-4993-8c1a-dfb1e512e732_wgs_gdc_realn.bam,/gpfs/commons/projects/TCGA/gdc-awg/HCMI/WGS/Project_NYGC_15336_B01_SOM_WGS_AnalysisOnly/Sample_HCM-BROD-0016-C25-85A-01D-A79C-36/analysis/HCM-BROD-0016-C25-85A-01D-A79C-36.final.bam,/gpfs/commons/projects/HCMI/wgs/40ddc76d-3096-4ec2-bd22-e5b14377ef8a/999fd33f-1f67-4993-8c1a-dfb1e512e732_wgs_gdc_realn.bam
HCM-CSHL-0460-C50-85A-01D-A79C-36,f616043c-5864-4726-a566-5eb44fb67208_wgs_gdc_realn.bam,/gpfs/commons/projects/TCGA/gdc-awg/HCMI/WGS/Project_NYGC_15336_B01_SOM_WGS_AnalysisOnly/Sample_HCM-CSHL-0460-C50-85A-01D-A79C-36/analysis/HCM-CSHL-0460-C50-85A-01D-A79C-36.final.bam,/gpfs/commons/projects/HCMI/wgs/41b31a15-c18c-4268-8846-4f1fd6cae335/f616043c-5864-4726-a566-5eb44fb67208_wgs_gdc_realn.bam
HCM-SANG-0290-C15-85A-01D-A79M-36,d1eeaead-ff1b-4bec-ac17-9db8c79ef12b_wgs_gdc_realn.bam,/gpfs/commons/projects/TCGA/gdc-awg/HCMI/WGS/Project_NYGC_15336_B01_SOM_WGS_AnalysisOnly/Sample_HCM-SANG-0290-C15-85A-01D-A79M-36/analysis/HCM-SANG-0290-C15-85A-01D-A79M-36.final.bam,/gpfs/commons/projects/HCMI/wgs/301cede9-0d96-49f2-9613-55ffaece4a4f/d1eeaead-ff1b-4bec-ac17-9db8c79ef12b_wgs_gdc_realn.bam
HCM-CSHL-0183-C25-01A-11D-A78L-36,0e88380a-e2ed-4b9f-9090-c3ba9b653fa2_wgs_gdc_realn.bam,/gpfs/commons/projects/TCGA/gdc-awg/HCMI/WGS/Project_NYGC_15336_B01_SOM_WGS_AnalysisOnly/Sample_HCM-CSHL-0183-C25-01A-11D-A78L-36/analysis/HCM-CSHL-0183-C25-01A-11D-A78L-36.final.bam,/gpfs/commons/projects/HCMI/wgs/0b83f065-80fc-43c9-add8-f2b56b4deb73/0e88380a-e2ed-4b9f-9090-c3ba9b653fa2_wgs_gdc_realn.bam
HCM-CSHL-0727-C18-10A-01D-A82I-36,c0dbd1ce-584d-477e-8176-b0591e62501b_wgs_gdc_realn.bam,/gpfs/commons/projects/TCGA/gdc-awg/HCMI/WGS/Project_NYGC_15336_B01_SOM_WGS_AnalysisOnly/Sample_HCM-CSHL-0727-C18-10A-01D-A82I-36/analysis/HCM-CSHL-0727-C18-10A-01D-A82I-36.final.bam,/gpfs/commons/projects/HCMI/wgs/052012ba-4925-40e4-ae1a-094ab9afcd70/c0dbd1ce-584d-477e-8176-b0591e62501b_wgs_gdc_realn.bam
HCM-BROD-0444-C43-85O-01D-A85K-36,66e8d438-a004-4f72-8030-ab06ff6e6455_wgs_gdc_realn.bam,/gpfs/commons/projects/TCGA/gdc-awg/HCMI/WGS/Project_NYGC_15336_B01_SOM_WGS_AnalysisOnly/Sample_HCM-BROD-0444-C43-85O-01D-A85K-36/analysis/HCM-BROD-0444-C43-85O-01D-A85K-36.final.bam,/gpfs/commons/projects/HCMI/wgs/438ce53b-2e36-465d-ad4b-878003ef5dd4/66e8d438-a004-4f72-8030-ab06ff6e6455_wgs_gdc_realn.bam
HCM-CSHL-0323-C20-10A-01D-A78T-36,a3e4aa11-ecf9-4ea9-96d7-dcecf0cfca1f_wgs_gdc_realn.bam,/gpfs/commons/projects/TCGA/gdc-awg/HCMI/WGS/Project_NYGC_15336_B01_SOM_WGS_AnalysisOnly/Sample_HCM-CSHL-0323-C20-10A-01D-A78T-36/analysis/HCM-CSHL-0323-C20-10A-01D-A78T-36.final.bam,/gpfs/commons/projects/HCMI/wgs/279ad034-ff34-4b99-97cc-0d689ea000ad/a3e4aa11-ecf9-4ea9-96d7-dcecf0cfca1f_wgs_gdc_realn.bam
HCM-SANG-0293-C15-85A-01D-A78J-36,e3e99b0b-5435-405c-ba76-46f45587f17f_wgs_gdc_realn.bam,/gpfs/commons/projects/TCGA/gdc-awg/HCMI/WGS/Project_NYGC_15336_B01_SOM_WGS_AnalysisOnly/Sample_HCM-SANG-0293-C15-85A-01D-A78J-36/analysis/HCM-SANG-0293-C15-85A-01D-A78J-36.final.bam,/gpfs/commons/projects/HCMI/wgs/81eedbdd-fc1e-4d88-bfa5-9cf77c0d9831/e3e99b0b-5435-405c-ba76-46f45587f17f_wgs_gdc_realn.bam
HCM-SANG-0265-C18-10A-01D-A78L-36,6feecf67-a001-4127-a981-895d5c344bfc_wgs_gdc_realn.bam,/gpfs/commons/projects/TCGA/gdc-awg/HCMI/WGS/Project_NYGC_15336_B01_SOM_WGS_AnalysisOnly/Sample_HCM-SANG-0265-C18-10A-01D-A78L-36/analysis/HCM-SANG-0265-C18-10A-01D-A78L-36.final.bam,/gpfs/commons/projects/HCMI/wgs/1c7f1eb4-bb92-42d1-8c21-bbbccecf34da/6feecf67-a001-4127-a981-895d5c344bfc_wgs_gdc_realn.bam
HCM-BROD-0421-C71-01B-11D-A80U-36,e3747c4d-7822-494c-9ed2-30a632ffa8a6_wgs_gdc_realn.bam,/gpfs/commons/projects/TCGA/gdc-awg/HCMI/WGS/Project_NYGC_15336_B01_SOM_WGS_AnalysisOnly/Sample_HCM-BROD-0421-C71-01B-11D-A80U-36/analysis/HCM-BROD-0421-C71-01B-11D-A80U-36.final.bam,/gpfs/commons/projects/HCMI/wgs/22cada17-4473-4a25-8330-b3a5cdd04356/e3747c4d-7822-494c-9ed2-30a632ffa8a6_wgs_gdc_realn.bam
HCM-CSHL-0368-D37-31A-11D-A78T-36,93aee074-d1a0-4273-9df5-277846c795be_wgs_gdc_realn.bam,/gpfs/commons/projects/TCGA/gdc-awg/HCMI/WGS/Project_NYGC_15336_B01_SOM_WGS_AnalysisOnly/Sample_HCM-CSHL-0368-D37-31A-11D-A78T-36/analysis/HCM-CSHL-0368-D37-31A-11D-A78T-36.final.bam,/gpfs/commons/projects/HCMI/wgs/52ef09ba-178c-43f4-8a58-28356c3535eb/93aee074-d1a0-4273-9df5-277846c795be_wgs_gdc_realn.bam
HCM-BROD-0356-C16-10B-01D-A83U-36,d9b521e5-436a-470e-baf4-f0eaecafc12e_wgs_gdc_realn.bam,/gpfs/commons/projects/TCGA/gdc-awg/HCMI/WGS/Project_NYGC_15336_B01_SOM_WGS_AnalysisOnly/Sample_HCM-BROD-0356-C16-10B-01D-A83U-36/analysis/HCM-BROD-0356-C16-10B-01D-A83U-36.final.bam,/gpfs/commons/projects/HCMI/wgs/25b88947-2bbf-48c2-823f-4a2dd46ff1c8/d9b521e5-436a-470e-baf4-f0eaecafc12e_wgs_gdc_realn.bam
HCM-CSHL-0142-C18-01A-11D-A77E-36,0954838d-7b87-432e-a9ba-0bea4be03b0f_wgs_gdc_realn.bam,/gpfs/commons/projects/TCGA/gdc-awg/HCMI/WGS/Project_NYGC_15336_B01_SOM_WGS_AnalysisOnly/Sample_HCM-CSHL-0142-C18-01A-11D-A77E-36/analysis/HCM-CSHL-0142-C18-01A-11D-A77E-36.final.bam,/gpfs/commons/projects/HCMI/wgs/b7148dc1-cdfc-4b6c-a8f5-e7dc60cdd7ac/0954838d-7b87-432e-a9ba-0bea4be03b0f_wgs_gdc_realn.bam
HCM-SANG-0289-C15-10A-01D-A79M-36,513e8115-7c75-4c5f-91a8-f9549359ca6e_wgs_gdc_realn.bam,/gpfs/commons/projects/TCGA/gdc-awg/HCMI/WGS/Project_NYGC_15336_B01_SOM_WGS_AnalysisOnly/Sample_HCM-SANG-0289-C15-10A-01D-A79M-36/analysis/HCM-SANG-0289-C15-10A-01D-A79M-36.final.bam,/gpfs/commons/projects/HCMI/wgs/95650e54-9509-4c89-a25b-940d0e018e8f/513e8115-7c75-4c5f-91a8-f9549359ca6e_wgs_gdc_realn.bam
HCM-SANG-0289-C15-85A-01D-A79M-36,7d990308-a9cb-4a31-a157-f08ad3e65556_wgs_gdc_realn.bam,/gpfs/commons/projects/TCGA/gdc-awg/HCMI/WGS/Project_NYGC_15336_B01_SOM_WGS_AnalysisOnly/Sample_HCM-SANG-0289-C15-85A-01D-A79M-36/analysis/HCM-SANG-0289-C15-85A-01D-A79M-36.final.bam,/gpfs/commons/projects/HCMI/wgs/01e60bad-7cb4-4d88-9945-8f841d250033/7d990308-a9cb-4a31-a157-f08ad3e65556_wgs_gdc_realn.bam
HCM-BROD-0096-C15-85C-01D-A80U-36,4ff6d7d3-bbb9-4074-b4d1-616eb8eca021_wgs_gdc_realn.bam,/gpfs/commons/projects/TCGA/gdc-awg/HCMI/WGS/Project_NYGC_15336_B01_SOM_WGS_AnalysisOnly/Sample_HCM-BROD-0096-C15-85C-01D-A80U-36/analysis/HCM-BROD-0096-C15-85C-01D-A80U-36.final.bam,/gpfs/commons/projects/HCMI/wgs/1bdf859e-60ed-4521-a5bb-b2e6fd7124c2/4ff6d7d3-bbb9-4074-b4d1-616eb8eca021_wgs_gdc_realn.bam
HCM-BROD-0208-C16-10B-01D-A80U-36,4a27a5c1-4f9f-418c-83cc-74dcae9845f6_wgs_gdc_realn.bam,/gpfs/commons/projects/TCGA/gdc-awg/HCMI/WGS/Project_NYGC_15336_B01_SOM_WGS_AnalysisOnly/Sample_HCM-BROD-0208-C16-10B-01D-A80U-36/analysis/HCM-BROD-0208-C16-10B-01D-A80U-36.final.bam,/gpfs/commons/projects/HCMI/wgs/49983c76-244c-4615-baa4-4bc8abc52ac5/4a27a5c1-4f9f-418c-83cc-74dcae9845f6_wgs_gdc_realn.bam
HCM-CSHL-0155-C50-85D-01D-A82H-36,c33e820e-7577-4763-bcc7-8de4057951d5_wgs_gdc_realn.bam,/gpfs/commons/projects/TCGA/gdc-awg/HCMI/WGS/Project_NYGC_15336_B01_SOM_WGS_AnalysisOnly/Sample_HCM-CSHL-0155-C50-85D-01D-A82H-36/analysis/HCM-CSHL-0155-C50-85D-01D-A82H-36.final.bam,/gpfs/commons/projects/HCMI/wgs/addc4f5a-01e1-4a11-a321-1c3795ca189a/c33e820e-7577-4763-bcc7-8de4057951d5_wgs_gdc_realn.bam
HCM-BROD-0102-C71-10A-01D-A80U-36,62eb7542-5c2c-489e-a18d-520993be0130_wgs_gdc_realn.bam,/gpfs/commons/projects/TCGA/gdc-awg/HCMI/WGS/Project_NYGC_15336_B01_SOM_WGS_AnalysisOnly/Sample_HCM-BROD-0102-C71-10A-01D-A80U-36/analysis/HCM-BROD-0102-C71-10A-01D-A80U-36.final.bam,/gpfs/commons/projects/HCMI/wgs/52b61f18-38fc-427d-8f0b-d93204b8218e/62eb7542-5c2c-489e-a18d-520993be0130_wgs_gdc_realn.bam
HCM-SANG-0277-C18-01B-01D-A79M-36,0fc5723f-4b7f-4685-bd59-0226ce3d0be3_wgs_gdc_realn.bam,/gpfs/commons/projects/TCGA/gdc-awg/HCMI/WGS/Project_NYGC_15336_B01_SOM_WGS_AnalysisOnly/Sample_HCM-SANG-0277-C18-01B-01D-A79M-36/analysis/HCM-SANG-0277-C18-01B-01D-A79M-36.final.bam,/gpfs/commons/projects/HCMI/wgs/f35d63aa-0bca-4ce4-9052-47a55eb11368/0fc5723f-4b7f-4685-bd59-0226ce3d0be3_wgs_gdc_realn.bam
HCM-BROD-0043-C16-10B-01D-A79L-36,fffe7e36-14eb-499a-9af6-a85538f1dbc4_wgs_gdc_realn.bam,/gpfs/commons/projects/TCGA/gdc-awg/HCMI/WGS/Project_NYGC_15336_B01_SOM_WGS_AnalysisOnly/Sample_HCM-BROD-0043-C16-10B-01D-A79L-36/analysis/HCM-BROD-0043-C16-10B-01D-A79L-36.final.bam,/gpfs/commons/projects/HCMI/wgs/a9617f49-dabb-469c-9f66-e7a590a855bf/fffe7e36-14eb-499a-9af6-a85538f1dbc4_wgs_gdc_realn.bam
HCM-CSHL-0377-C18-01A-11D-A78T-36,9aec1f4b-05cd-4f61-9183-9f4f0ec4ec36_wgs_gdc_realn.bam,/gpfs/commons/projects/TCGA/gdc-awg/HCMI/WGS/Project_NYGC_15336_B01_SOM_WGS_AnalysisOnly/Sample_HCM-CSHL-0377-C18-01A-11D-A78T-36/analysis/HCM-CSHL-0377-C18-01A-11D-A78T-36.final.bam,/gpfs/commons/projects/HCMI/wgs/7b762f17-b5b6-4f87-ba7c-2f61fb1342ed/9aec1f4b-05cd-4f61-9183-9f4f0ec4ec36_wgs_gdc_realn.bam
HCM-BROD-0719-C43-06B-11D-A85K-36,8da852b6-452b-4fba-b149-39a7b28e1719_wgs_gdc_realn.bam,/gpfs/commons/projects/TCGA/gdc-awg/HCMI/WGS/Project_NYGC_15336_B01_SOM_WGS_AnalysisOnly/Sample_HCM-BROD-0719-C43-06B-11D-A85K-36/analysis/HCM-BROD-0719-C43-06B-11D-A85K-36.final.bam,/gpfs/commons/projects/HCMI/wgs/783da548-382f-4810-aa3a-b19ff00bc39b/8da852b6-452b-4fba-b149-39a7b28e1719_wgs_gdc_realn.bam
HCM-BROD-0099-C15-10B-01D-A79C-36,a8ef4357-79d1-4da7-99b7-6379f0af90f3_wgs_gdc_realn.bam,/gpfs/commons/projects/TCGA/gdc-awg/HCMI/WGS/Project_NYGC_15336_B01_SOM_WGS_AnalysisOnly/Sample_HCM-BROD-0099-C15-10B-01D-A79C-36/analysis/HCM-BROD-0099-C15-10B-01D-A79C-36.final.bam,/gpfs/commons/projects/HCMI/wgs/88d32cf1-57df-44a7-a234-b8514a7393d1/a8ef4357-79d1-4da7-99b7-6379f0af90f3_wgs_gdc_realn.bam
HCM-BROD-0044-C15-85B-01D-A80U-36,efe1dfe6-216f-4f71-9421-3e9022662be4_wgs_gdc_realn.bam,/gpfs/commons/projects/TCGA/gdc-awg/HCMI/WGS/Project_NYGC_15336_B01_SOM_WGS_AnalysisOnly/Sample_HCM-BROD-0044-C15-85B-01D-A80U-36/analysis/HCM-BROD-0044-C15-85B-01D-A80U-36.final.bam,/gpfs/commons/projects/HCMI/wgs/cc9780ea-b56f-4e34-93eb-9e7ae3b5d0f3/efe1dfe6-216f-4f71-9421-3e9022662be4_wgs_gdc_realn.bam
HCM-CSHL-0373-C25-85A-01D-A79M-36,7d022513-96bd-4359-aaac-c38fb03bfb9f_wgs_gdc_realn.bam,/gpfs/commons/projects/TCGA/gdc-awg/HCMI/WGS/Project_NYGC_15336_B01_SOM_WGS_AnalysisOnly/Sample_HCM-CSHL-0373-C25-85A-01D-A79M-36/analysis/HCM-CSHL-0373-C25-85A-01D-A79M-36.final.bam,/gpfs/commons/projects/HCMI/wgs/3cbdb90d-cbfb-47e9-937e-012ee2af13a6/7d022513-96bd-4359-aaac-c38fb03bfb9f_wgs_gdc_realn.bam
HCM-BROD-0002-C71-85A-01D-A768-36,1521b9d7-8172-46ed-8cdb-a18418033392_wgs_gdc_realn.bam,/gpfs/commons/projects/TCGA/gdc-awg/HCMI/WGS/Project_NYGC_15336_B01_SOM_WGS_AnalysisOnly/Sample_HCM-BROD-0002-C71-85A-01D-A768-36/analysis/HCM-BROD-0002-C71-85A-01D-A768-36.final.bam,/gpfs/commons/projects/HCMI/wgs/ea27ba5a-3427-4966-a835-684a512d5559/1521b9d7-8172-46ed-8cdb-a18418033392_wgs_gdc_realn.bam
HCM-WCMC-0504-C18-85A-01D-A83U-36,5e6b92c0-43d5-40e7-9127-8e3bddeaa7f4_wgs_gdc_realn.bam,/gpfs/commons/projects/TCGA/gdc-awg/HCMI/WGS/Project_NYGC_15336_B01_SOM_WGS_AnalysisOnly/Sample_HCM-WCMC-0504-C18-85A-01D-A83U-36/analysis/HCM-WCMC-0504-C18-85A-01D-A83U-36.final.bam,/gpfs/commons/projects/HCMI/wgs/baf681ac-3a75-4172-8c9b-5e976bd4924d/5e6b92c0-43d5-40e7-9127-8e3bddeaa7f4_wgs_gdc_realn.bam
HCM-CSHL-0181-C25-01A-11D-A79L-36,8237e1c0-a919-4b49-8d15-b7dda6ea14e4_wgs_gdc_realn.bam,/gpfs/commons/projects/TCGA/gdc-awg/HCMI/WGS/Project_NYGC_15336_B01_SOM_WGS_AnalysisOnly/Sample_HCM-CSHL-0181-C25-01A-11D-A79L-36/analysis/HCM-CSHL-0181-C25-01A-11D-A79L-36.final.bam,/gpfs/commons/projects/HCMI/wgs/f39855a1-7449-4100-9c39-fd48e81f3dab/8237e1c0-a919-4b49-8d15-b7dda6ea14e4_wgs_gdc_realn.bam
HCM-SANG-0300-C15-10A-01D-A79M-36,c0fa2f56-3e5c-4ba0-bf67-6488eadd663d_wgs_gdc_realn.bam,/gpfs/commons/projects/TCGA/gdc-awg/HCMI/WGS/Project_NYGC_15336_B01_SOM_WGS_AnalysisOnly/Sample_HCM-SANG-0300-C15-10A-01D-A79M-36/analysis/HCM-SANG-0300-C15-10A-01D-A79M-36.final.bam,/gpfs/commons/projects/HCMI/wgs/fcf98ba1-12f6-4cd8-a903-c4d2f0481391/c0fa2f56-3e5c-4ba0-bf67-6488eadd663d_wgs_gdc_realn.bam
HCM-BROD-0231-C25-06A-01D-A79L-36,26087b70-3fce-4c4f-99f5-16815a46fe9e_wgs_gdc_realn.bam,/gpfs/commons/projects/TCGA/gdc-awg/HCMI/WGS/Project_NYGC_15336_B01_SOM_WGS_AnalysisOnly/Sample_HCM-BROD-0231-C25-06A-01D-A79L-36/analysis/HCM-BROD-0231-C25-06A-01D-A79L-36.final.bam,/gpfs/commons/projects/HCMI/wgs/712c3cae-e697-4c09-805e-c49145e05c43/26087b70-3fce-4c4f-99f5-16815a46fe9e_wgs_gdc_realn.bam
HCM-CSHL-0159-C18-85B-01D-A786-36,e5c8f5a9-9729-4751-9214-49fff0aa1298_wgs_gdc_realn.bam,/gpfs/commons/projects/TCGA/gdc-awg/HCMI/WGS/Project_NYGC_15336_B01_SOM_WGS_AnalysisOnly/Sample_HCM-CSHL-0159-C18-85B-01D-A786-36/analysis/HCM-CSHL-0159-C18-85B-01D-A786-36.final.bam,/gpfs/commons/projects/HCMI/wgs/53602e72-7a83-4e73-9dd1-8f9598904be3/e5c8f5a9-9729-4751-9214-49fff0aa1298_wgs_gdc_realn.bam
HCM-BROD-0477-C16-85M-01D-A83U-36,02a41d47-5bea-467f-87e2-c2219cdf0852_wgs_gdc_realn.bam,/gpfs/commons/projects/TCGA/gdc-awg/HCMI/WGS/Project_NYGC_15336_B01_SOM_WGS_AnalysisOnly/Sample_HCM-BROD-0477-C16-85M-01D-A83U-36/analysis/HCM-BROD-0477-C16-85M-01D-A83U-36.final.bam,/gpfs/commons/projects/HCMI/wgs/ef381234-c889-4b19-8ad4-6b850dbee6d3/02a41d47-5bea-467f-87e2-c2219cdf0852_wgs_gdc_realn.bam
HCM-CSHL-0085-C24-85M-01D-A78L-36,e65d0001-07e2-4f3f-95fd-b026a8ebe66e_wgs_gdc_realn.bam,/gpfs/commons/projects/TCGA/gdc-awg/HCMI/WGS/Project_NYGC_15336_B01_SOM_WGS_AnalysisOnly/Sample_HCM-CSHL-0085-C24-85M-01D-A78L-36/analysis/HCM-CSHL-0085-C24-85M-01D-A78L-36.final.bam,/gpfs/commons/projects/HCMI/wgs/d62d128a-0ded-467a-b432-4988082c4fcd/e65d0001-07e2-4f3f-95fd-b026a8ebe66e_wgs_gdc_realn.bam
HCM-CSHL-0243-C18-10A-01D-A78L-36,64a2a05c-57a0-473c-a085-72b7678d3637_wgs_gdc_realn.bam,/gpfs/commons/projects/TCGA/gdc-awg/HCMI/WGS/Project_NYGC_15336_B01_SOM_WGS_AnalysisOnly/Sample_HCM-CSHL-0243-C18-10A-01D-A78L-36/analysis/HCM-CSHL-0243-C18-10A-01D-A78L-36.final.bam,/gpfs/commons/projects/HCMI/wgs/89c04d58-6c8f-462c-8830-0773655ef045/64a2a05c-57a0-473c-a085-72b7678d3637_wgs_gdc_realn.bam
HCM-CSHL-0078-C25-01A-11D-A78M-36,5e72057b-0a78-4a5b-8af3-89bad067c2c4_wgs_gdc_realn.bam,/gpfs/commons/projects/TCGA/gdc-awg/HCMI/WGS/Project_NYGC_15336_B01_SOM_WGS_AnalysisOnly/Sample_HCM-CSHL-0078-C25-01A-11D-A78M-36/analysis/HCM-CSHL-0078-C25-01A-11D-A78M-36.final.bam,/gpfs/commons/projects/HCMI/wgs/43335b61-aaf8-4107-b16f-bf0396dd2c0b/5e72057b-0a78-4a5b-8af3-89bad067c2c4_wgs_gdc_realn.bam
HCM-BROD-0679-C43-10A-01D-A80U-36,227f8661-12ca-4af3-a53e-277540215488_wgs_gdc_realn.bam,/gpfs/commons/projects/TCGA/gdc-awg/HCMI/WGS/Project_NYGC_15336_B01_SOM_WGS_AnalysisOnly/Sample_HCM-BROD-0679-C43-10A-01D-A80U-36/analysis/HCM-BROD-0679-C43-10A-01D-A80U-36.final.bam,/gpfs/commons/projects/HCMI/wgs/2673122c-e3f0-4f48-acd8-4b8eeb7925a6/227f8661-12ca-4af3-a53e-277540215488_wgs_gdc_realn.bam
HCM-CSHL-0178-C25-85A-01D-A78T-36,2d972a38-8c95-49fb-bb46-2e3d21fe35af_wgs_gdc_realn.bam,/gpfs/commons/projects/TCGA/gdc-awg/HCMI/WGS/Project_NYGC_15336_B01_SOM_WGS_AnalysisOnly/Sample_HCM-CSHL-0178-C25-85A-01D-A78T-36/analysis/HCM-CSHL-0178-C25-85A-01D-A78T-36.final.bam,/gpfs/commons/projects/HCMI/wgs/2abe3e50-5c3f-48a5-8c4d-9aa2a9492def/2d972a38-8c95-49fb-bb46-2e3d21fe35af_wgs_gdc_realn.bam
HCM-CSHL-0193-C25-85A-01D-A78L-36,0abf5e19-72d5-4781-9b94-e8109a9f9981_wgs_gdc_realn.bam,/gpfs/commons/projects/TCGA/gdc-awg/HCMI/WGS/Project_NYGC_15336_B01_SOM_WGS_AnalysisOnly/Sample_HCM-CSHL-0193-C25-85A-01D-A78L-36/analysis/HCM-CSHL-0193-C25-85A-01D-A78L-36.final.bam,/gpfs/commons/projects/HCMI/wgs/d446e544-3d74-430e-9588-4fd95383ae5f/0abf5e19-72d5-4781-9b94-e8109a9f9981_wgs_gdc_realn.bam
HCM-BROD-0411-C25-10A-01D-A78T-36,c0b04ee5-0822-41db-ae4c-357c8914e655_wgs_gdc_realn.bam,/gpfs/commons/projects/TCGA/gdc-awg/HCMI/WGS/Project_NYGC_15336_B01_SOM_WGS_AnalysisOnly/Sample_HCM-BROD-0411-C25-10A-01D-A78T-36/analysis/HCM-BROD-0411-C25-10A-01D-A78T-36.final.bam,/gpfs/commons/projects/HCMI/wgs/2a5c5f05-a28e-40d4-94f2-f2d4e0548ea3/c0b04ee5-0822-41db-ae4c-357c8914e655_wgs_gdc_realn.bam
HCM-BROD-0011-C71-85A-01D-A768-36,60ee420b-43e0-4a3d-ae2e-9406659cec12_wgs_gdc_realn.bam,/gpfs/commons/projects/TCGA/gdc-awg/HCMI/WGS/Project_NYGC_15336_B01_SOM_WGS_AnalysisOnly/Sample_HCM-BROD-0011-C71-85A-01D-A768-36/analysis/HCM-BROD-0011-C71-85A-01D-A768-36.final.bam,/gpfs/commons/projects/HCMI/wgs/9da141c1-a925-4b9b-a8c8-b8d38ecd4a99/60ee420b-43e0-4a3d-ae2e-9406659cec12_wgs_gdc_realn.bam
HCM-BROD-0027-C34-10A-01D-A786-36,07bdf49f-7a3e-40af-96ad-52be5f92884e_wgs_gdc_realn.bam,/gpfs/commons/projects/TCGA/gdc-awg/HCMI/WGS/Project_NYGC_15336_B01_SOM_WGS_AnalysisOnly/Sample_HCM-BROD-0027-C34-10A-01D-A786-36/analysis/HCM-BROD-0027-C34-10A-01D-A786-36.final.bam,/gpfs/commons/projects/HCMI/wgs/1b4596b8-10a6-44b2-8b3c-cc3efe4d16ba/07bdf49f-7a3e-40af-96ad-52be5f92884e_wgs_gdc_realn.bam
HCM-BROD-0125-C25-10A-01D-A79L-36,63aecdab-1b76-4269-be30-657cbcfa9a94_wgs_gdc_realn.bam,/gpfs/commons/projects/TCGA/gdc-awg/HCMI/WGS/Project_NYGC_15336_B01_SOM_WGS_AnalysisOnly/Sample_HCM-BROD-0125-C25-10A-01D-A79L-36/analysis/HCM-BROD-0125-C25-10A-01D-A79L-36.final.bam,/gpfs/commons/projects/HCMI/wgs/a84742cc-5a58-48a9-97ff-a28a77e92200/63aecdab-1b76-4269-be30-657cbcfa9a94_wgs_gdc_realn.bam
HCM-CSHL-0080-C25-10A-01D-A77E-36,3161928c-efd7-45b2-bdcf-522f714c5f9e_wgs_gdc_realn.bam,/gpfs/commons/projects/TCGA/gdc-awg/HCMI/WGS/Project_NYGC_15336_B01_SOM_WGS_AnalysisOnly/Sample_HCM-CSHL-0080-C25-10A-01D-A77E-36/analysis/HCM-CSHL-0080-C25-10A-01D-A77E-36.final.bam,/gpfs/commons/projects/HCMI/wgs/f6c7226e-4ff4-4083-bd7d-84930556c00e/3161928c-efd7-45b2-bdcf-522f714c5f9e_wgs_gdc_realn.bam
HCM-BROD-0448-C15-85M-01D-A78T-36,56770664-521b-4a02-83da-48d27e3a0791_wgs_gdc_realn.bam,/gpfs/commons/projects/TCGA/gdc-awg/HCMI/WGS/Project_NYGC_15336_B01_SOM_WGS_AnalysisOnly/Sample_HCM-BROD-0448-C15-85M-01D-A78T-36/analysis/HCM-BROD-0448-C15-85M-01D-A78T-36.final.bam,/gpfs/commons/projects/HCMI/wgs/15b3ba0d-991f-4cc7-a40f-347ae46bd218/56770664-521b-4a02-83da-48d27e3a0791_wgs_gdc_realn.bam
HCM-WCMC-0505-C16-10A-01D-A79N-36,153cab57-f30e-46e9-8140-37d6f5707f76_wgs_gdc_realn.bam,/gpfs/commons/projects/TCGA/gdc-awg/HCMI/WGS/Project_NYGC_15336_B01_SOM_WGS_AnalysisOnly/Sample_HCM-WCMC-0505-C16-10A-01D-A79N-36/analysis/HCM-WCMC-0505-C16-10A-01D-A79N-36.final.bam,/gpfs/commons/projects/HCMI/wgs/2ca70663-5266-4920-a95f-17caeab75a23/153cab57-f30e-46e9-8140-37d6f5707f76_wgs_gdc_realn.bam
HCM-BROD-0414-C25-85M-01D-A79L-36,fad8ee06-40f9-47c4-b945-6212514dc0f8_wgs_gdc_realn.bam,/gpfs/commons/projects/TCGA/gdc-awg/HCMI/WGS/Project_NYGC_15336_B01_SOM_WGS_AnalysisOnly/Sample_HCM-BROD-0414-C25-85M-01D-A79L-36/analysis/HCM-BROD-0414-C25-85M-01D-A79L-36.final.bam,/gpfs/commons/projects/HCMI/wgs/7da61e69-6916-4369-946c-ef2d81ed0435/fad8ee06-40f9-47c4-b945-6212514dc0f8_wgs_gdc_realn.bam
HCM-BROD-0719-C43-10A-01D-A85K-36,679da478-3994-48c6-b6b6-579ed8fd3ed5_wgs_gdc_realn.bam,/gpfs/commons/projects/TCGA/gdc-awg/HCMI/WGS/Project_NYGC_15336_B01_SOM_WGS_AnalysisOnly/Sample_HCM-BROD-0719-C43-10A-01D-A85K-36/analysis/HCM-BROD-0719-C43-10A-01D-A85K-36.final.bam,/gpfs/commons/projects/HCMI/wgs/8c789edc-afca-4892-836d-31b8f78a0624/679da478-3994-48c6-b6b6-579ed8fd3ed5_wgs_gdc_realn.bam
HCM-BROD-0101-C15-10B-01D-A79L-36,58043660-fcf5-4eb8-932c-95c138bff121_wgs_gdc_realn.bam,/gpfs/commons/projects/TCGA/gdc-awg/HCMI/WGS/Project_NYGC_15336_B01_SOM_WGS_AnalysisOnly/Sample_HCM-BROD-0101-C15-10B-01D-A79L-36/analysis/HCM-BROD-0101-C15-10B-01D-A79L-36.final.bam,/gpfs/commons/projects/HCMI/wgs/baf699cc-8e3f-4589-82fe-43565c1d89c0/58043660-fcf5-4eb8-932c-95c138bff121_wgs_gdc_realn.bam
HCM-SANG-0281-C18-85A-01D-A79M-36,6561c74a-3df7-49cc-a76e-42d7336d372f_wgs_gdc_realn.bam,/gpfs/commons/projects/TCGA/gdc-awg/HCMI/WGS/Project_NYGC_15336_B01_SOM_WGS_AnalysisOnly/Sample_HCM-SANG-0281-C18-85A-01D-A79M-36/analysis/HCM-SANG-0281-C18-85A-01D-A79M-36.final.bam,/gpfs/commons/projects/HCMI/wgs/c91e0a5e-ffc7-4399-ab0a-aa83184cb93d/6561c74a-3df7-49cc-a76e-42d7336d372f_wgs_gdc_realn.bam
HCM-CSHL-0507-C20-85A-01D-A82H-36,0a91fd04-1978-41a4-ba6d-8edfb248f9db_wgs_gdc_realn.bam,/gpfs/commons/projects/TCGA/gdc-awg/HCMI/WGS/Project_NYGC_15336_B01_SOM_WGS_AnalysisOnly/Sample_HCM-CSHL-0507-C20-85A-01D-A82H-36/analysis/HCM-CSHL-0507-C20-85A-01D-A82H-36.final.bam,/gpfs/commons/projects/HCMI/wgs/917e33a0-439b-4b83-961c-937b125d35dc/0a91fd04-1978-41a4-ba6d-8edfb248f9db_wgs_gdc_realn.bam
HCM-BROD-0012-C71-01A-01D-A768-36,1137f1b8-ff93-4e8d-a2c6-ad52cd34b037_wgs_gdc_realn.bam,/gpfs/commons/projects/TCGA/gdc-awg/HCMI/WGS/Project_NYGC_15336_B01_SOM_WGS_AnalysisOnly/Sample_HCM-BROD-0012-C71-01A-01D-A768-36/analysis/HCM-BROD-0012-C71-01A-01D-A768-36.final.bam,/gpfs/commons/projects/HCMI/wgs/b5c6191f-8f74-40cf-ab71-922a405dfc0a/1137f1b8-ff93-4e8d-a2c6-ad52cd34b037_wgs_gdc_realn.bam
HCM-CSHL-0838-C18-10A-01D-A85L-36,608d151b-b5b4-444c-af76-df92d1027bcb_wgs_gdc_realn.bam,/gpfs/commons/projects/TCGA/gdc-awg/HCMI/WGS/Project_NYGC_15336_B01_SOM_WGS_AnalysisOnly/Sample_HCM-CSHL-0838-C18-10A-01D-A85L-36/analysis/HCM-CSHL-0838-C18-10A-01D-A85L-36.final.bam,/gpfs/commons/projects/HCMI/wgs/e20cad29-2f2e-4146-ac69-16acf514678e/608d151b-b5b4-444c-af76-df92d1027bcb_wgs_gdc_realn.bam
HCM-BROD-0112-C25-10B-01D-A79C-36,0a73b8b9-07b1-40c5-97b5-de1e321a6b33_wgs_gdc_realn.bam,/gpfs/commons/projects/TCGA/gdc-awg/HCMI/WGS/Project_NYGC_15336_B01_SOM_WGS_AnalysisOnly/Sample_HCM-BROD-0112-C25-10B-01D-A79C-36/analysis/HCM-BROD-0112-C25-10B-01D-A79C-36.final.bam,/gpfs/commons/projects/HCMI/wgs/de720f9b-3a00-4529-bbc9-918514fdb75b/0a73b8b9-07b1-40c5-97b5-de1e321a6b33_wgs_gdc_realn.bam
HCM-CSHL-0237-C18-85A-01D-A78L-36,a5022e45-41a4-48f1-8964-8fee465df946_wgs_gdc_realn.bam,/gpfs/commons/projects/TCGA/gdc-awg/HCMI/WGS/Project_NYGC_15336_B01_SOM_WGS_AnalysisOnly/Sample_HCM-CSHL-0237-C18-85A-01D-A78L-36/analysis/HCM-CSHL-0237-C18-85A-01D-A78L-36.final.bam,/gpfs/commons/projects/HCMI/wgs/6b6aee49-7969-4eca-9743-cbc1180e0403/a5022e45-41a4-48f1-8964-8fee465df946_wgs_gdc_realn.bam
HCM-CSHL-0731-C19-10A-01D-A82I-36,7d17fd83-e607-4d27-bd6f-400285990419_wgs_gdc_realn.bam,/gpfs/commons/projects/TCGA/gdc-awg/HCMI/WGS/Project_NYGC_15336_B01_SOM_WGS_AnalysisOnly/Sample_HCM-CSHL-0731-C19-10A-01D-A82I-36/analysis/HCM-CSHL-0731-C19-10A-01D-A82I-36.final.bam,/gpfs/commons/projects/HCMI/wgs/05ed2660-f082-41be-a14d-be2d3fd700f3/7d17fd83-e607-4d27-bd6f-400285990419_wgs_gdc_realn.bam
HCM-BROD-0014-C71-85B-01D-A77E-36,7e27b56f-0ec3-452b-a3ba-93deb52e34df_wgs_gdc_realn.bam,/gpfs/commons/projects/TCGA/gdc-awg/HCMI/WGS/Project_NYGC_15336_B01_SOM_WGS_AnalysisOnly/Sample_HCM-BROD-0014-C71-85B-01D-A77E-36/analysis/HCM-BROD-0014-C71-85B-01D-A77E-36.final.bam,/gpfs/commons/projects/HCMI/wgs/e662a654-50db-49b6-b646-7da53e046a04/7e27b56f-0ec3-452b-a3ba-93deb52e34df_wgs_gdc_realn.bam
HCM-BROD-0578-C15-10A-01D-A83U-36,5c86ae88-a75e-44f7-82cf-f33c822f480d_wgs_gdc_realn.bam,/gpfs/commons/projects/TCGA/gdc-awg/HCMI/WGS/Project_NYGC_15336_B01_SOM_WGS_AnalysisOnly/Sample_HCM-BROD-0578-C15-10A-01D-A83U-36/analysis/HCM-BROD-0578-C15-10A-01D-A83U-36.final.bam,/gpfs/commons/projects/HCMI/wgs/209a9e99-7271-4694-b61e-57cb6aff354b/5c86ae88-a75e-44f7-82cf-f33c822f480d_wgs_gdc_realn.bam
HCM-BROD-0007-C49-10A-01D-A78T-36,6a9a6a86-67e7-4df0-910c-3766dae2273b_wgs_gdc_realn.bam,/gpfs/commons/projects/TCGA/gdc-awg/HCMI/WGS/Project_NYGC_15336_B01_SOM_WGS_AnalysisOnly/Sample_HCM-BROD-0007-C49-10A-01D-A78T-36/analysis/HCM-BROD-0007-C49-10A-01D-A78T-36.final.bam,/gpfs/commons/projects/HCMI/wgs/0b334a91-01d4-49dc-b182-60ebf1c70a8c/6a9a6a86-67e7-4df0-910c-3766dae2273b_wgs_gdc_realn.bam
HCM-SANG-0282-C18-85B-01D-A79M-36,0bc37953-60a3-410b-8af4-10c50a4eed0d_wgs_gdc_realn.bam,/gpfs/commons/projects/TCGA/gdc-awg/HCMI/WGS/Project_NYGC_15336_B01_SOM_WGS_AnalysisOnly/Sample_HCM-SANG-0282-C18-85B-01D-A79M-36/analysis/HCM-SANG-0282-C18-85B-01D-A79M-36.final.bam,/gpfs/commons/projects/HCMI/wgs/bd099f42-126b-4955-9edf-c38703181564/0bc37953-60a3-410b-8af4-10c50a4eed0d_wgs_gdc_realn.bam
HCM-CSHL-0065-C20-06A-01D-A768-36,8c42f3fc-c5f2-4f24-a441-b9b234ec2881_wgs_gdc_realn.bam,/gpfs/commons/projects/TCGA/gdc-awg/HCMI/WGS/Project_NYGC_15336_B01_SOM_WGS_AnalysisOnly/Sample_HCM-CSHL-0065-C20-06A-01D-A768-36/analysis/HCM-CSHL-0065-C20-06A-01D-A768-36.final.bam,/gpfs/commons/projects/HCMI/wgs/149c005a-6ce8-461b-949f-365094b42ab9/8c42f3fc-c5f2-4f24-a441-b9b234ec2881_wgs_gdc_realn.bam
HCM-CSHL-0078-C25-06A-11D-A78M-36,0a943956-af84-4eb0-8eac-97a21a965b7c_wgs_gdc_realn.bam,/gpfs/commons/projects/TCGA/gdc-awg/HCMI/WGS/Project_NYGC_15336_B01_SOM_WGS_AnalysisOnly/Sample_HCM-CSHL-0078-C25-06A-11D-A78M-36/analysis/HCM-CSHL-0078-C25-06A-11D-A78M-36.final.bam,/gpfs/commons/projects/HCMI/wgs/5614e3c1-7884-4077-b951-47a7b904c344/0a943956-af84-4eb0-8eac-97a21a965b7c_wgs_gdc_realn.bam
HCM-BROD-0559-C16-10A-01D-A85K-36,71c148f0-3f0f-4f4b-b397-52b770daefd1_wgs_gdc_realn.bam,/gpfs/commons/projects/TCGA/gdc-awg/HCMI/WGS/Project_NYGC_15336_B01_SOM_WGS_AnalysisOnly/Sample_HCM-BROD-0559-C16-10A-01D-A85K-36/analysis/HCM-BROD-0559-C16-10A-01D-A85K-36.final.bam,/gpfs/commons/projects/HCMI/wgs/43276e78-487b-411d-92c3-cb6b56e5bf85/71c148f0-3f0f-4f4b-b397-52b770daefd1_wgs_gdc_realn.bam
HCM-CSHL-0582-C18-10A-01D-A82H-36,61c389ec-9771-489c-9bf0-401dca5da2cd_wgs_gdc_realn.bam,/gpfs/commons/projects/TCGA/gdc-awg/HCMI/WGS/Project_NYGC_15336_B01_SOM_WGS_AnalysisOnly/Sample_HCM-CSHL-0582-C18-10A-01D-A82H-36/analysis/HCM-CSHL-0582-C18-10A-01D-A82H-36.final.bam,/gpfs/commons/projects/HCMI/wgs/b407c234-f8b6-4794-934a-d948b2309660/61c389ec-9771-489c-9bf0-401dca5da2cd_wgs_gdc_realn.bam
HCM-BROD-0234-C49-10B-01D-A80U-36,d514c7f4-a1e7-4af8-b8c1-f8b22071efd2_wgs_gdc_realn.bam,/gpfs/commons/projects/TCGA/gdc-awg/HCMI/WGS/Project_NYGC_15336_B01_SOM_WGS_AnalysisOnly/Sample_HCM-BROD-0234-C49-10B-01D-A80U-36/analysis/HCM-BROD-0234-C49-10B-01D-A80U-36.final.bam,/gpfs/commons/projects/HCMI/wgs/c29f9336-f5d5-47fb-aaaa-013f0a016b6a/d514c7f4-a1e7-4af8-b8c1-f8b22071efd2_wgs_gdc_realn.bam
HCM-SANG-0295-C15-10A-01D-A78U-36,302c2005-2bfb-4de6-b4f9-092186a1d7fc_wgs_gdc_realn.bam,/gpfs/commons/projects/TCGA/gdc-awg/HCMI/WGS/Project_NYGC_15336_B01_SOM_WGS_AnalysisOnly/Sample_HCM-SANG-0295-C15-10A-01D-A78U-36/analysis/HCM-SANG-0295-C15-10A-01D-A78U-36.final.bam,/gpfs/commons/projects/HCMI/wgs/525a2510-7326-4eae-8f8d-57e05f4bbfeb/302c2005-2bfb-4de6-b4f9-092186a1d7fc_wgs_gdc_realn.bam
HCM-BROD-0002-C71-10A-01D-A77E-36,c2bbd3a5-486d-41d5-afec-e7de39b7a35a_wgs_gdc_realn.bam,/gpfs/commons/projects/TCGA/gdc-awg/HCMI/WGS/Project_NYGC_15336_B01_SOM_WGS_AnalysisOnly/Sample_HCM-BROD-0002-C71-10A-01D-A77E-36/analysis/HCM-BROD-0002-C71-10A-01D-A77E-36.final.bam,/gpfs/commons/projects/HCMI/wgs/1be491fd-860c-4c41-9a9d-71329ca3c771/c2bbd3a5-486d-41d5-afec-e7de39b7a35a_wgs_gdc_realn.bam
HCM-CSHL-0091-C25-01A-11D-A77E-36,711b1c85-550b-4e8e-b77b-8e307d64d9bd_wgs_gdc_realn.bam,/gpfs/commons/projects/TCGA/gdc-awg/HCMI/WGS/Project_NYGC_15336_B01_SOM_WGS_AnalysisOnly/Sample_HCM-CSHL-0091-C25-01A-11D-A77E-36/analysis/HCM-CSHL-0091-C25-01A-11D-A77E-36.final.bam,/gpfs/commons/projects/HCMI/wgs/aa176586-ad33-42b7-99a7-98e051ea8f71/711b1c85-550b-4e8e-b77b-8e307d64d9bd_wgs_gdc_realn.bam
HCM-CSHL-0238-C18-10A-01D-A78L-36,cf2f8a7f-4f62-49b7-bfcc-69576abad325_wgs_gdc_realn.bam,/gpfs/commons/projects/TCGA/gdc-awg/HCMI/WGS/Project_NYGC_15336_B01_SOM_WGS_AnalysisOnly/Sample_HCM-CSHL-0238-C18-10A-01D-A78L-36/analysis/HCM-CSHL-0238-C18-10A-01D-A78L-36.final.bam,/gpfs/commons/projects/HCMI/wgs/a9dba4ae-b783-4044-ae21-62cfdbb40c87/cf2f8a7f-4f62-49b7-bfcc-69576abad325_wgs_gdc_realn.bam
HCM-CSHL-0821-C19-85M-01D-A85L-36,fb76756a-d000-4354-9362-5dd45ecd0106_wgs_gdc_realn.bam,/gpfs/commons/projects/TCGA/gdc-awg/HCMI/WGS/Project_NYGC_15336_B01_SOM_WGS_AnalysisOnly/Sample_HCM-CSHL-0821-C19-85M-01D-A85L-36/analysis/HCM-CSHL-0821-C19-85M-01D-A85L-36.final.bam,/gpfs/commons/projects/HCMI/wgs/70be3d9a-21f5-41ac-88e1-c8a98fa7a3f0/fb76756a-d000-4354-9362-5dd45ecd0106_wgs_gdc_realn.bam
HCM-BROD-0229-C25-85A-01D-A786-36,6320d77f-f619-41a3-90d5-adbb89fa36d5_wgs_gdc_realn.bam,/gpfs/commons/projects/TCGA/gdc-awg/HCMI/WGS/Project_NYGC_15336_B01_SOM_WGS_AnalysisOnly/Sample_HCM-BROD-0229-C25-85A-01D-A786-36/analysis/HCM-BROD-0229-C25-85A-01D-A786-36.final.bam,/gpfs/commons/projects/HCMI/wgs/567cf066-f15d-4113-b0f0-38f6666980c6/6320d77f-f619-41a3-90d5-adbb89fa36d5_wgs_gdc_realn.bam
HCM-WCMC-0671-C18-01A-15D-A85C-36,4048ff67-2182-49a1-afd9-9ac81b93037b_wgs_gdc_realn.bam,/gpfs/commons/projects/TCGA/gdc-awg/HCMI/WGS/Project_NYGC_15336_B01_SOM_WGS_AnalysisOnly/Sample_HCM-WCMC-0671-C18-01A-15D-A85C-36/analysis/HCM-WCMC-0671-C18-01A-15D-A85C-36.final.bam,/gpfs/commons/projects/HCMI/wgs/8015ab99-7f2b-44cd-8c74-beb6588c2420/4048ff67-2182-49a1-afd9-9ac81b93037b_wgs_gdc_realn.bam
HCM-STAN-0627-C34-01A-11D-A85C-36,7ac18b73-13da-4a0b-9a64-a88b44dc2deb_wgs_gdc_realn.bam,/gpfs/commons/projects/TCGA/gdc-awg/HCMI/WGS/Project_NYGC_15336_B01_SOM_WGS_AnalysisOnly/Sample_HCM-STAN-0627-C34-01A-11D-A85C-36/analysis/HCM-STAN-0627-C34-01A-11D-A85C-36.final.bam,/gpfs/commons/projects/HCMI/wgs/f56b7f57-ae61-459e-ab3d-8b5d4ba45c31/7ac18b73-13da-4a0b-9a64-a88b44dc2deb_wgs_gdc_realn.bam
HCM-BROD-0220-C15-06A-11D-A79C-36,0adb616d-5dde-4894-a7ed-0333b28a10d0_wgs_gdc_realn.bam,/gpfs/commons/projects/TCGA/gdc-awg/HCMI/WGS/Project_NYGC_15336_B01_SOM_WGS_AnalysisOnly/Sample_HCM-BROD-0220-C15-06A-11D-A79C-36/analysis/HCM-BROD-0220-C15-06A-11D-A79C-36.final.bam,/gpfs/commons/projects/HCMI/wgs/99a63ffa-2e34-4a5e-b506-1020be5328e3/0adb616d-5dde-4894-a7ed-0333b28a10d0_wgs_gdc_realn.bam
HCM-CSHL-0731-C19-85M-01D-A82I-36,f32de5a8-93f1-4af9-bf91-ec1ed1f3cf95_wgs_gdc_realn.bam,/gpfs/commons/projects/TCGA/gdc-awg/HCMI/WGS/Project_NYGC_15336_B01_SOM_WGS_AnalysisOnly/Sample_HCM-CSHL-0731-C19-85M-01D-A82I-36/analysis/HCM-CSHL-0731-C19-85M-01D-A82I-36.final.bam,/gpfs/commons/projects/HCMI/wgs/67fc9f39-241d-40a8-a9f5-264968c05dc4/f32de5a8-93f1-4af9-bf91-ec1ed1f3cf95_wgs_gdc_realn.bam
HCM-BROD-0025-C16-01A-01D-A80U-36,e0afce96-f2b5-4971-a8c5-9850afc75ca2_wgs_gdc_realn.bam,/gpfs/commons/projects/TCGA/gdc-awg/HCMI/WGS/Project_NYGC_15336_B01_SOM_WGS_AnalysisOnly/Sample_HCM-BROD-0025-C16-01A-01D-A80U-36/analysis/HCM-BROD-0025-C16-01A-01D-A80U-36.final.bam,/gpfs/commons/projects/HCMI/wgs/cb359b97-2a87-44eb-8d04-58c9a72b9ef7/e0afce96-f2b5-4971-a8c5-9850afc75ca2_wgs_gdc_realn.bam
HCM-CSHL-0512-C24-85N-01D-A82H-36,e8abbc7d-1653-4e27-868c-d81265762074_wgs_gdc_realn.bam,/gpfs/commons/projects/TCGA/gdc-awg/HCMI/WGS/Project_NYGC_15336_B01_SOM_WGS_AnalysisOnly/Sample_HCM-CSHL-0512-C24-85N-01D-A82H-36/analysis/HCM-CSHL-0512-C24-85N-01D-A82H-36.final.bam,/gpfs/commons/projects/HCMI/wgs/38724bd5-0d71-4d95-9fe9-773b06b9e50e/e8abbc7d-1653-4e27-868c-d81265762074_wgs_gdc_realn.bam
HCM-BROD-0198-C71-85B-01D-A78T-36,1933bfa6-065f-4d59-be03-90b21d6559e0_wgs_gdc_realn.bam,/gpfs/commons/projects/TCGA/gdc-awg/HCMI/WGS/Project_NYGC_15336_B01_SOM_WGS_AnalysisOnly/Sample_HCM-BROD-0198-C71-85B-01D-A78T-36/analysis/HCM-BROD-0198-C71-85B-01D-A78T-36.final.bam,/gpfs/commons/projects/HCMI/wgs/5f4b5838-9b40-47c3-80aa-e6e4a86d7a86/1933bfa6-065f-4d59-be03-90b21d6559e0_wgs_gdc_realn.bam
HCM-BROD-0414-C25-10A-01D-A79L-36,2eb407cf-14a4-4dd1-b2ce-976d44bfed51_wgs_gdc_realn.bam,/gpfs/commons/projects/TCGA/gdc-awg/HCMI/WGS/Project_NYGC_15336_B01_SOM_WGS_AnalysisOnly/Sample_HCM-BROD-0414-C25-10A-01D-A79L-36/analysis/HCM-BROD-0414-C25-10A-01D-A79L-36.final.bam,/gpfs/commons/projects/HCMI/wgs/1a8fe41e-b57a-4308-a4e3-2d6e6cdf6a0a/2eb407cf-14a4-4dd1-b2ce-976d44bfed51_wgs_gdc_realn.bam
HCM-BROD-0679-C43-85M-01D-A80U-36,81afe3ab-467f-4661-9bc5-9761490cecdd_wgs_gdc_realn.bam,/gpfs/commons/projects/TCGA/gdc-awg/HCMI/WGS/Project_NYGC_15336_B01_SOM_WGS_AnalysisOnly/Sample_HCM-BROD-0679-C43-85M-01D-A80U-36/analysis/HCM-BROD-0679-C43-85M-01D-A80U-36.final.bam,/gpfs/commons/projects/HCMI/wgs/d8721317-fb85-4f33-a623-ade8f59e1e04/81afe3ab-467f-4661-9bc5-9761490cecdd_wgs_gdc_realn.bam
HCM-BROD-0453-C16-10A-01D-A79C-36,077e85a1-c058-4d87-9228-32fac1e11270_wgs_gdc_realn.bam,/gpfs/commons/projects/TCGA/gdc-awg/HCMI/WGS/Project_NYGC_15336_B01_SOM_WGS_AnalysisOnly/Sample_HCM-BROD-0453-C16-10A-01D-A79C-36/analysis/HCM-BROD-0453-C16-10A-01D-A79C-36.final.bam,/gpfs/commons/projects/HCMI/wgs/8aac87c7-fa9a-4996-a0ae-371a9b7c3e09/077e85a1-c058-4d87-9228-32fac1e11270_wgs_gdc_realn.bam
HCM-SANG-0312-C15-10A-01D-A78M-36,b603103c-c9bd-41be-b915-05acb038cc46_wgs_gdc_realn.bam,/gpfs/commons/projects/TCGA/gdc-awg/HCMI/WGS/Project_NYGC_15336_B01_SOM_WGS_AnalysisOnly/Sample_HCM-SANG-0312-C15-10A-01D-A78M-36/analysis/HCM-SANG-0312-C15-10A-01D-A78M-36.final.bam,/gpfs/commons/projects/HCMI/wgs/21f5f1ec-9a96-4cbb-af3b-48c023e9be93/b603103c-c9bd-41be-b915-05acb038cc46_wgs_gdc_realn.bam
HCM-BROD-0120-C15-10A-01D-A786-36,f2c58362-a471-47ab-88f9-b758f3a23f99_wgs_gdc_realn.bam,/gpfs/commons/projects/TCGA/gdc-awg/HCMI/WGS/Project_NYGC_15336_B01_SOM_WGS_AnalysisOnly/Sample_HCM-BROD-0120-C15-10A-01D-A786-36/analysis/HCM-BROD-0120-C15-10A-01D-A786-36.final.bam,/gpfs/commons/projects/HCMI/wgs/6d65abe6-e613-46cb-98a3-a363520e8f86/f2c58362-a471-47ab-88f9-b758f3a23f99_wgs_gdc_realn.bam
HCM-CSHL-0461-D12-85P-01D-A78U-36,047cb35e-0579-415a-9bf0-5ff85e35055f_wgs_gdc_realn.bam,/gpfs/commons/projects/TCGA/gdc-awg/HCMI/WGS/Project_NYGC_15336_B01_SOM_WGS_AnalysisOnly/Sample_HCM-CSHL-0461-D12-85P-01D-A78U-36/analysis/HCM-CSHL-0461-D12-85P-01D-A78U-36.final.bam,/gpfs/commons/projects/HCMI/wgs/e80f0a4c-a81a-46fa-8fe1-f377c8af7105/047cb35e-0579-415a-9bf0-5ff85e35055f_wgs_gdc_realn.bam
HCM-BROD-0207-C49-10A-01D-A79L-36,452b4c30-b7cf-486a-bad0-3832f2769245_wgs_gdc_realn.bam,/gpfs/commons/projects/TCGA/gdc-awg/HCMI/WGS/Project_NYGC_15336_B01_SOM_WGS_AnalysisOnly/Sample_HCM-BROD-0207-C49-10A-01D-A79L-36/analysis/HCM-BROD-0207-C49-10A-01D-A79L-36.final.bam,/gpfs/commons/projects/HCMI/wgs/6416bd14-6bfb-42b1-8e2c-75511365d4d2/452b4c30-b7cf-486a-bad0-3832f2769245_wgs_gdc_realn.bam
HCM-CSHL-0158-C20-01A-21D-A77E-36,76130b74-c33a-45bd-87a3-0b82fe86f739_wgs_gdc_realn.bam,/gpfs/commons/projects/TCGA/gdc-awg/HCMI/WGS/Project_NYGC_15336_B01_SOM_WGS_AnalysisOnly/Sample_HCM-CSHL-0158-C20-01A-21D-A77E-36/analysis/HCM-CSHL-0158-C20-01A-21D-A77E-36.final.bam,/gpfs/commons/projects/HCMI/wgs/3c220944-a00d-4b7c-a40c-9e0029ecbe2c/76130b74-c33a-45bd-87a3-0b82fe86f739_wgs_gdc_realn.bam
HCM-SANG-0298-C15-10A-01D-A79M-36,d5c22aca-e617-4d53-a3df-3f43773bf96b_wgs_gdc_realn.bam,/gpfs/commons/projects/TCGA/gdc-awg/HCMI/WGS/Project_NYGC_15336_B01_SOM_WGS_AnalysisOnly/Sample_HCM-SANG-0298-C15-10A-01D-A79M-36/analysis/HCM-SANG-0298-C15-10A-01D-A79M-36.final.bam,/gpfs/commons/projects/HCMI/wgs/62c30e8c-9c6d-4ec0-a7c6-7a87a5d52af0/d5c22aca-e617-4d53-a3df-3f43773bf96b_wgs_gdc_realn.bam
HCM-CSHL-0658-C20-10A-01D-A85K-36,a6ecbec7-3f11-42a7-9372-8675d6ef5129_wgs_gdc_realn.bam,/gpfs/commons/projects/TCGA/gdc-awg/HCMI/WGS/Project_NYGC_15336_B01_SOM_WGS_AnalysisOnly/Sample_HCM-CSHL-0658-C20-10A-01D-A85K-36/analysis/HCM-CSHL-0658-C20-10A-01D-A85K-36.final.bam,/gpfs/commons/projects/HCMI/wgs/452ad908-7927-4b3b-a4ac-25a6dca75826/a6ecbec7-3f11-42a7-9372-8675d6ef5129_wgs_gdc_realn.bam
HCM-BROD-0476-C56-85M-01D-A82H-36,fd2b6be2-08ff-45d5-b372-7d4eec5855ab_wgs_gdc_realn.bam,/gpfs/commons/projects/TCGA/gdc-awg/HCMI/WGS/Project_NYGC_15336_B01_SOM_WGS_AnalysisOnly/Sample_HCM-BROD-0476-C56-85M-01D-A82H-36/analysis/HCM-BROD-0476-C56-85M-01D-A82H-36.final.bam,/gpfs/commons/projects/HCMI/wgs/4d4c7000-e776-4b41-a3bb-3013b8267fca/fd2b6be2-08ff-45d5-b372-7d4eec5855ab_wgs_gdc_realn.bam
HCM-SANG-0281-C18-10B-01D-A79M-36,7f11b032-ee11-4d82-936f-85eb4ef9fd9d_wgs_gdc_realn.bam,/gpfs/commons/projects/TCGA/gdc-awg/HCMI/WGS/Project_NYGC_15336_B01_SOM_WGS_AnalysisOnly/Sample_HCM-SANG-0281-C18-10B-01D-A79M-36/analysis/HCM-SANG-0281-C18-10B-01D-A79M-36.final.bam,/gpfs/commons/projects/HCMI/wgs/8ffe6dc7-7696-4610-9de6-60257c945b69/7f11b032-ee11-4d82-936f-85eb4ef9fd9d_wgs_gdc_realn.bam
HCM-CSHL-0666-C24-85P-01D-A85K-36,383af2bf-49cd-4dfc-a1e9-991a48eba461_wgs_gdc_realn.bam,/gpfs/commons/projects/TCGA/gdc-awg/HCMI/WGS/Project_NYGC_15336_B01_SOM_WGS_AnalysisOnly/Sample_HCM-CSHL-0666-C24-85P-01D-A85K-36/analysis/HCM-CSHL-0666-C24-85P-01D-A85K-36.final.bam,/gpfs/commons/projects/HCMI/wgs/d147faf2-c7f1-4c22-a2f3-14000dda9b4e/383af2bf-49cd-4dfc-a1e9-991a48eba461_wgs_gdc_realn.bam
HCM-CSHL-0075-C25-01B-11D-A78L-36,4d59563d-a5eb-44d0-90eb-945509535088_wgs_gdc_realn.bam,/gpfs/commons/projects/TCGA/gdc-awg/HCMI/WGS/Project_NYGC_15336_B01_SOM_WGS_AnalysisOnly/Sample_HCM-CSHL-0075-C25-01B-11D-A78L-36/analysis/HCM-CSHL-0075-C25-01B-11D-A78L-36.final.bam,/gpfs/commons/projects/HCMI/wgs/a4d8aacc-21cc-42de-bf8d-4dfae417ff3f/4d59563d-a5eb-44d0-90eb-945509535088_wgs_gdc_realn.bam
HCM-SANG-0274-C18-85A-01D-A79M-36,57e7803a-e92b-4fb4-af30-58e493a257ad_wgs_gdc_realn.bam,/gpfs/commons/projects/TCGA/gdc-awg/HCMI/WGS/Project_NYGC_15336_B01_SOM_WGS_AnalysisOnly/Sample_HCM-SANG-0274-C18-85A-01D-A79M-36/analysis/HCM-SANG-0274-C18-85A-01D-A79M-36.final.bam,/gpfs/commons/projects/HCMI/wgs/d61b5a3e-e5f6-4df1-920c-05cd31247fca/57e7803a-e92b-4fb4-af30-58e493a257ad_wgs_gdc_realn.bam
HCM-CSHL-0378-C18-10A-01D-A79C-36,03a2728d-5ec9-4566-8516-b8f5423e9afc_wgs_gdc_realn.bam,/gpfs/commons/projects/TCGA/gdc-awg/HCMI/WGS/Project_NYGC_15336_B01_SOM_WGS_AnalysisOnly/Sample_HCM-CSHL-0378-C18-10A-01D-A79C-36/analysis/HCM-CSHL-0378-C18-10A-01D-A79C-36.final.bam,/gpfs/commons/projects/HCMI/wgs/73432de0-1243-4ccb-b885-9511ac887a8f/03a2728d-5ec9-4566-8516-b8f5423e9afc_wgs_gdc_realn.bam
HCM-BROD-0012-C71-85A-01D-A768-36,1ac8ea11-e74c-4c22-aa6e-331dde588430_wgs_gdc_realn.bam,/gpfs/commons/projects/TCGA/gdc-awg/HCMI/WGS/Project_NYGC_15336_B01_SOM_WGS_AnalysisOnly/Sample_HCM-BROD-0012-C71-85A-01D-A768-36/analysis/HCM-BROD-0012-C71-85A-01D-A768-36.final.bam,/gpfs/commons/projects/HCMI/wgs/f018f142-24bc-4ed8-906e-e2c3bce2fa09/1ac8ea11-e74c-4c22-aa6e-331dde588430_wgs_gdc_realn.bam
HCM-CSHL-0092-C25-85A-01D-A786-36,25f3b2e2-320f-4c87-ae9b-439d0f9f062e_wgs_gdc_realn.bam,/gpfs/commons/projects/TCGA/gdc-awg/HCMI/WGS/Project_NYGC_15336_B01_SOM_WGS_AnalysisOnly/Sample_HCM-CSHL-0092-C25-85A-01D-A786-36/analysis/HCM-CSHL-0092-C25-85A-01D-A786-36.final.bam,/gpfs/commons/projects/HCMI/wgs/2d5d3202-7ad8-4146-884e-c90c294a3ea3/25f3b2e2-320f-4c87-ae9b-439d0f9f062e_wgs_gdc_realn.bam
HCM-CSHL-0250-C50-01A-11D-A82H-36,8817c129-4105-4ddf-bb30-7208908d76f3_wgs_gdc_realn.bam,/gpfs/commons/projects/TCGA/gdc-awg/HCMI/WGS/Project_NYGC_15336_B01_SOM_WGS_AnalysisOnly/Sample_HCM-CSHL-0250-C50-01A-11D-A82H-36/analysis/HCM-CSHL-0250-C50-01A-11D-A82H-36.final.bam,/gpfs/commons/projects/HCMI/wgs/76862617-231c-485c-b8b9-a96f94d29c18/8817c129-4105-4ddf-bb30-7208908d76f3_wgs_gdc_realn.bam
HCM-CSHL-0246-C19-85A-01D-A78L-36,f4ad4777-dff3-4968-8a95-55d76d4a7437_wgs_gdc_realn.bam,/gpfs/commons/projects/TCGA/gdc-awg/HCMI/WGS/Project_NYGC_15336_B01_SOM_WGS_AnalysisOnly/Sample_HCM-CSHL-0246-C19-85A-01D-A78L-36/analysis/HCM-CSHL-0246-C19-85A-01D-A78L-36.final.bam,/gpfs/commons/projects/HCMI/wgs/91f58b68-50af-4dd5-acd6-bd280015f2b8/f4ad4777-dff3-4968-8a95-55d76d4a7437_wgs_gdc_realn.bam
HCM-BROD-0101-C15-06A-01D-A79L-36,4ad4b3f0-4c29-484f-87e1-f6a89d10a372_wgs_gdc_realn.bam,/gpfs/commons/projects/TCGA/gdc-awg/HCMI/WGS/Project_NYGC_15336_B01_SOM_WGS_AnalysisOnly/Sample_HCM-BROD-0101-C15-06A-01D-A79L-36/analysis/HCM-BROD-0101-C15-06A-01D-A79L-36.final.bam,/gpfs/commons/projects/HCMI/wgs/d37a507a-3ece-4d44-96da-8bf1af615840/4ad4b3f0-4c29-484f-87e1-f6a89d10a372_wgs_gdc_realn.bam
HCM-CSHL-0160-C18-10A-01D-A78L-36,02dd4575-1b10-4540-bc01-bd7ebfed2ac7_wgs_gdc_realn.bam,/gpfs/commons/projects/TCGA/gdc-awg/HCMI/WGS/Project_NYGC_15336_B01_SOM_WGS_AnalysisOnly/Sample_HCM-CSHL-0160-C18-10A-01D-A78L-36/analysis/HCM-CSHL-0160-C18-10A-01D-A78L-36.final.bam,/gpfs/commons/projects/HCMI/wgs/a50ca600-61cb-4bb9-b905-de745a1f6b52/02dd4575-1b10-4540-bc01-bd7ebfed2ac7_wgs_gdc_realn.bam
HCM-SANG-0314-C15-01A-01D-A79N-36,27e7c20b-547f-443d-816a-7c8bc85c7c96_wgs_gdc_realn.bam,/gpfs/commons/projects/TCGA/gdc-awg/HCMI/WGS/Project_NYGC_15336_B01_SOM_WGS_AnalysisOnly/Sample_HCM-SANG-0314-C15-01A-01D-A79N-36/analysis/HCM-SANG-0314-C15-01A-01D-A79N-36.final.bam,/gpfs/commons/projects/HCMI/wgs/6c843e52-2b14-4ce3-b297-a46824dc69bc/27e7c20b-547f-443d-816a-7c8bc85c7c96_wgs_gdc_realn.bam
HCM-BROD-0048-C71-10B-01D-A79L-36,1c0df7b9-2150-4427-aebb-a79b5181082e_wgs_gdc_realn.bam,/gpfs/commons/projects/TCGA/gdc-awg/HCMI/WGS/Project_NYGC_15336_B01_SOM_WGS_AnalysisOnly/Sample_HCM-BROD-0048-C71-10B-01D-A79L-36/analysis/HCM-BROD-0048-C71-10B-01D-A79L-36.final.bam,/gpfs/commons/projects/HCMI/wgs/45256373-8187-4d64-8113-e6c1545118bf/1c0df7b9-2150-4427-aebb-a79b5181082e_wgs_gdc_realn.bam
HCM-CSHL-0193-C25-10A-01D-A78L-36,7fd7e044-3f1a-4ca0-8a46-f83a828e11df_wgs_gdc_realn.bam,/gpfs/commons/projects/TCGA/gdc-awg/HCMI/WGS/Project_NYGC_15336_B01_SOM_WGS_AnalysisOnly/Sample_HCM-CSHL-0193-C25-10A-01D-A78L-36/analysis/HCM-CSHL-0193-C25-10A-01D-A78L-36.final.bam,/gpfs/commons/projects/HCMI/wgs/a7280816-5ea0-43cd-8488-743a6915456b/7fd7e044-3f1a-4ca0-8a46-f83a828e11df_wgs_gdc_realn.bam
HCM-BROD-0055-C64-01A-11D-A79L-36,0f89d819-04a8-4bd4-bc42-78c3ec48da52_wgs_gdc_realn.bam,/gpfs/commons/projects/TCGA/gdc-awg/HCMI/WGS/Project_NYGC_15336_B01_SOM_WGS_AnalysisOnly/Sample_HCM-BROD-0055-C64-01A-11D-A79L-36/analysis/HCM-BROD-0055-C64-01A-11D-A79L-36.final.bam,/gpfs/commons/projects/HCMI/wgs/f0265f7d-a114-45fa-8736-c81106f60301/0f89d819-04a8-4bd4-bc42-78c3ec48da52_wgs_gdc_realn.bam
HCM-CSHL-0078-C25-10A-01D-A78M-36,3a4b88cd-1b75-485f-8d00-7950445f7473_wgs_gdc_realn.bam,/gpfs/commons/projects/TCGA/gdc-awg/HCMI/WGS/Project_NYGC_15336_B01_SOM_WGS_AnalysisOnly/Sample_HCM-CSHL-0078-C25-10A-01D-A78M-36/analysis/HCM-CSHL-0078-C25-10A-01D-A78M-36.final.bam,/gpfs/commons/projects/HCMI/wgs/ea1c99b5-a804-45bd-910d-c0de67891cd6/3a4b88cd-1b75-485f-8d00-7950445f7473_wgs_gdc_realn.bam
HCM-CSHL-0859-C22-85A-01D-A85L-36,8e626e42-dfb6-4a85-a0c7-c53e36cd85b4_wgs_gdc_realn.bam,/gpfs/commons/projects/TCGA/gdc-awg/HCMI/WGS/Project_NYGC_15336_B01_SOM_WGS_AnalysisOnly/Sample_HCM-CSHL-0859-C22-85A-01D-A85L-36/analysis/HCM-CSHL-0859-C22-85A-01D-A85L-36.final.bam,/gpfs/commons/projects/HCMI/wgs/59fb5e87-c97b-4168-93a0-a65d4617cc62/8e626e42-dfb6-4a85-a0c7-c53e36cd85b4_wgs_gdc_realn.bam
HCM-BROD-0415-C71-10A-01D-A80U-36,50559390-1633-4875-a372-2a9d4d63bbf9_wgs_gdc_realn.bam,/gpfs/commons/projects/TCGA/gdc-awg/HCMI/WGS/Project_NYGC_15336_B01_SOM_WGS_AnalysisOnly/Sample_HCM-BROD-0415-C71-10A-01D-A80U-36/analysis/HCM-BROD-0415-C71-10A-01D-A80U-36.final.bam,/gpfs/commons/projects/HCMI/wgs/eb59b922-27db-4989-8197-6859c881197e/50559390-1633-4875-a372-2a9d4d63bbf9_wgs_gdc_realn.bam
HCM-CSHL-0405-C25-85A-01D-A78L-36,801cc2d3-61cc-4744-bcff-616c45fcc969_wgs_gdc_realn.bam,/gpfs/commons/projects/TCGA/gdc-awg/HCMI/WGS/Project_NYGC_15336_B01_SOM_WGS_AnalysisOnly/Sample_HCM-CSHL-0405-C25-85A-01D-A78L-36/analysis/HCM-CSHL-0405-C25-85A-01D-A78L-36.final.bam,/gpfs/commons/projects/HCMI/wgs/6e4ad4d7-353a-4a89-9da2-582103816598/801cc2d3-61cc-4744-bcff-616c45fcc969_wgs_gdc_realn.bam
HCM-CSHL-0837-D01-10A-01D-A85L-36,fdd969bc-410c-430d-9823-7c1d9fbfe261_wgs_gdc_realn.bam,/gpfs/commons/projects/TCGA/gdc-awg/HCMI/WGS/Project_NYGC_15336_B01_SOM_WGS_AnalysisOnly/Sample_HCM-CSHL-0837-D01-10A-01D-A85L-36/analysis/HCM-CSHL-0837-D01-10A-01D-A85L-36.final.bam,/gpfs/commons/projects/HCMI/wgs/c22699a9-15bc-4a44-a2ba-9d159c332e21/fdd969bc-410c-430d-9823-7c1d9fbfe261_wgs_gdc_realn.bam
HCM-BROD-0100-C15-85A-01D-A786-36,2d899f4f-cfec-465c-ac35-8bfb6b52c3ee_wgs_gdc_realn.bam,/gpfs/commons/projects/TCGA/gdc-awg/HCMI/WGS/Project_NYGC_15336_B01_SOM_WGS_AnalysisOnly/Sample_HCM-BROD-0100-C15-85A-01D-A786-36/analysis/HCM-BROD-0100-C15-85A-01D-A786-36.final.bam,/gpfs/commons/projects/HCMI/wgs/2263e95d-19e4-4490-a93d-939ed9afe7da/2d899f4f-cfec-465c-ac35-8bfb6b52c3ee_wgs_gdc_realn.bam
HCM-SANG-0280-C18-85A-01D-A79M-36,ddeeb9ff-dd9e-4166-926f-a6cc208e8785_wgs_gdc_realn.bam,/gpfs/commons/projects/TCGA/gdc-awg/HCMI/WGS/Project_NYGC_15336_B01_SOM_WGS_AnalysisOnly/Sample_HCM-SANG-0280-C18-85A-01D-A79M-36/analysis/HCM-SANG-0280-C18-85A-01D-A79M-36.final.bam,/gpfs/commons/projects/HCMI/wgs/3fb16eee-fabe-4306-8400-95d5424bbba6/ddeeb9ff-dd9e-4166-926f-a6cc208e8785_wgs_gdc_realn.bam
HCM-BROD-0122-C25-85B-01D-A82H-36,0176996d-0196-4490-af1b-b2eee6f26919_wgs_gdc_realn.bam,/gpfs/commons/projects/TCGA/gdc-awg/HCMI/WGS/Project_NYGC_15336_B01_SOM_WGS_AnalysisOnly/Sample_HCM-BROD-0122-C25-85B-01D-A82H-36/analysis/HCM-BROD-0122-C25-85B-01D-A82H-36.final.bam,/gpfs/commons/projects/HCMI/wgs/d86a6ecc-4564-4780-98f7-b2750240e90b/0176996d-0196-4490-af1b-b2eee6f26919_wgs_gdc_realn.bam
HCM-CSHL-0664-C18-10A-01D-A85K-36,5c6f4a30-16bf-480f-8fe7-1e28cc2736d4_wgs_gdc_realn.bam,/gpfs/commons/projects/TCGA/gdc-awg/HCMI/WGS/Project_NYGC_15336_B01_SOM_WGS_AnalysisOnly/Sample_HCM-CSHL-0664-C18-10A-01D-A85K-36/analysis/HCM-CSHL-0664-C18-10A-01D-A85K-36.final.bam,/gpfs/commons/projects/HCMI/wgs/cb786517-94b1-4bc1-acab-cae9813091ef/5c6f4a30-16bf-480f-8fe7-1e28cc2736d4_wgs_gdc_realn.bam
HCM-SANG-0309-C15-85A-01D-A78M-36,7f12569f-f502-455a-bbd9-c719e3ee9d59_wgs_gdc_realn.bam,/gpfs/commons/projects/TCGA/gdc-awg/HCMI/WGS/Project_NYGC_15336_B01_SOM_WGS_AnalysisOnly/Sample_HCM-SANG-0309-C15-85A-01D-A78M-36/analysis/HCM-SANG-0309-C15-85A-01D-A78M-36.final.bam,/gpfs/commons/projects/HCMI/wgs/356c44d8-5367-45a1-984a-4e3e53ec0a28/7f12569f-f502-455a-bbd9-c719e3ee9d59_wgs_gdc_realn.bam
HCM-BROD-0036-C41-06A-01D-A786-36,91aa1712-6a13-4bb5-95cd-0e03969336d2_wgs_gdc_realn.bam,/gpfs/commons/projects/TCGA/gdc-awg/HCMI/WGS/Project_NYGC_15336_B01_SOM_WGS_AnalysisOnly/Sample_HCM-BROD-0036-C41-06A-01D-A786-36/analysis/HCM-BROD-0036-C41-06A-01D-A786-36.final.bam,/gpfs/commons/projects/HCMI/wgs/6dfd88cc-6623-4688-8ddb-4914ddb8f3c1/91aa1712-6a13-4bb5-95cd-0e03969336d2_wgs_gdc_realn.bam
HCM-BROD-0108-C25-85E-01D-A83U-36,b7f700b7-8c76-4095-930d-9ef1adb1e856_wgs_gdc_realn.bam,/gpfs/commons/projects/TCGA/gdc-awg/HCMI/WGS/Project_NYGC_15336_B01_SOM_WGS_AnalysisOnly/Sample_HCM-BROD-0108-C25-85E-01D-A83U-36/analysis/HCM-BROD-0108-C25-85E-01D-A83U-36.final.bam,/gpfs/commons/projects/HCMI/wgs/f421ca72-bf92-47fe-a583-52acff351f7f/b7f700b7-8c76-4095-930d-9ef1adb1e856_wgs_gdc_realn.bam
HCM-SANG-0299-C15-10B-01D-A78U-36,65b7ffa3-0f1f-4918-a75f-2343720fe40c_wgs_gdc_realn.bam,/gpfs/commons/projects/TCGA/gdc-awg/HCMI/WGS/Project_NYGC_15336_B01_SOM_WGS_AnalysisOnly/Sample_HCM-SANG-0299-C15-10B-01D-A78U-36/analysis/HCM-SANG-0299-C15-10B-01D-A78U-36.final.bam,/gpfs/commons/projects/HCMI/wgs/7150b6e1-4ba3-4a58-9ca2-9e84901ebcc8/65b7ffa3-0f1f-4918-a75f-2343720fe40c_wgs_gdc_realn.bam
HCM-CSHL-0076-C25-01A-21D-A786-36,7ca67e59-a172-4878-9e0b-12a15c4c6972_wgs_gdc_realn.bam,/gpfs/commons/projects/TCGA/gdc-awg/HCMI/WGS/Project_NYGC_15336_B01_SOM_WGS_AnalysisOnly/Sample_HCM-CSHL-0076-C25-01A-21D-A786-36/analysis/HCM-CSHL-0076-C25-01A-21D-A786-36.final.bam,/gpfs/commons/projects/HCMI/wgs/ef6c6b67-e060-4e38-8fd9-ae3c396ce3c8/7ca67e59-a172-4878-9e0b-12a15c4c6972_wgs_gdc_realn.bam
HCM-CSHL-0064-C18-10A-01D-A768-36,00b450f6-f699-4a91-889f-bb4700779316_wgs_gdc_realn.bam,/gpfs/commons/projects/TCGA/gdc-awg/HCMI/WGS/Project_NYGC_15336_B01_SOM_WGS_AnalysisOnly/Sample_HCM-CSHL-0064-C18-10A-01D-A768-36/analysis/HCM-CSHL-0064-C18-10A-01D-A768-36.final.bam,/gpfs/commons/projects/HCMI/wgs/edd08dd5-06ed-41b3-a058-fcdd7c4d54f6/00b450f6-f699-4a91-889f-bb4700779316_wgs_gdc_realn.bam
HCM-BROD-0642-C43-10A-01D-A85K-36,5a089853-b80b-4a5f-9eaf-183cb48234eb_wgs_gdc_realn.bam,/gpfs/commons/projects/TCGA/gdc-awg/HCMI/WGS/Project_NYGC_15336_B01_SOM_WGS_AnalysisOnly/Sample_HCM-BROD-0642-C43-10A-01D-A85K-36/analysis/HCM-BROD-0642-C43-10A-01D-A85K-36.final.bam,/gpfs/commons/projects/HCMI/wgs/a845aa01-2df2-4a4b-a410-9183cdd09cd4/5a089853-b80b-4a5f-9eaf-183cb48234eb_wgs_gdc_realn.bam
HCM-CSHL-0093-C25-85A-01D-A78T-36,a4d1a3b4-0ec7-4198-a9e2-a0d66fcc5b6a_wgs_gdc_realn.bam,/gpfs/commons/projects/TCGA/gdc-awg/HCMI/WGS/Project_NYGC_15336_B01_SOM_WGS_AnalysisOnly/Sample_HCM-CSHL-0093-C25-85A-01D-A78T-36/analysis/HCM-CSHL-0093-C25-85A-01D-A78T-36.final.bam,/gpfs/commons/projects/HCMI/wgs/be7e478a-75b4-4ee9-9c6e-72da734278dc/a4d1a3b4-0ec7-4198-a9e2-a0d66fcc5b6a_wgs_gdc_realn.bam
HCM-CSHL-0584-C19-10A-01D-A82H-36,3e5155d7-4aa5-40c8-8a6e-51c308b1cec2_wgs_gdc_realn.bam,/gpfs/commons/projects/TCGA/gdc-awg/HCMI/WGS/Project_NYGC_15336_B01_SOM_WGS_AnalysisOnly/Sample_HCM-CSHL-0584-C19-10A-01D-A82H-36/analysis/HCM-CSHL-0584-C19-10A-01D-A82H-36.final.bam,/gpfs/commons/projects/HCMI/wgs/5283cd01-7148-4d9a-b076-c5ab6bd77bff/3e5155d7-4aa5-40c8-8a6e-51c308b1cec2_wgs_gdc_realn.bam
HCM-SANG-0276-C18-10A-01D-A79M-36,c67cc58d-1249-4101-a703-9195cf1e7fea_wgs_gdc_realn.bam,/gpfs/commons/projects/TCGA/gdc-awg/HCMI/WGS/Project_NYGC_15336_B01_SOM_WGS_AnalysisOnly/Sample_HCM-SANG-0276-C18-10A-01D-A79M-36/analysis/HCM-SANG-0276-C18-10A-01D-A79M-36.final.bam,/gpfs/commons/projects/HCMI/wgs/572b78eb-2f9b-44ae-806a-7c88dbb591b8/c67cc58d-1249-4101-a703-9195cf1e7fea_wgs_gdc_realn.bam
HCM-BROD-0002-C71-01A-01D-A768-36,92973230-906f-45e7-be10-22cc24d61de8_wgs_gdc_realn.bam,/gpfs/commons/projects/TCGA/gdc-awg/HCMI/WGS/Project_NYGC_15336_B01_SOM_WGS_AnalysisOnly/Sample_HCM-BROD-0002-C71-01A-01D-A768-36/analysis/HCM-BROD-0002-C71-01A-01D-A768-36.final.bam,/gpfs/commons/projects/HCMI/wgs/85ed6922-ecbf-42ed-8ba3-4475cd7ebf45/92973230-906f-45e7-be10-22cc24d61de8_wgs_gdc_realn.bam
HCM-BROD-0195-C71-10A-01D-A786-36,d1bf645c-e3c4-4917-9b18-ba330adb5220_wgs_gdc_realn.bam,/gpfs/commons/projects/TCGA/gdc-awg/HCMI/WGS/Project_NYGC_15336_B01_SOM_WGS_AnalysisOnly/Sample_HCM-BROD-0195-C71-10A-01D-A786-36/analysis/HCM-BROD-0195-C71-10A-01D-A786-36.final.bam,/gpfs/commons/projects/HCMI/wgs/ff4511ce-12d2-4fd5-a0fe-3d1517ec1672/d1bf645c-e3c4-4917-9b18-ba330adb5220_wgs_gdc_realn.bam
HCM-SANG-0290-C15-10A-01D-A79M-36,8552a56c-e31b-4021-9963-80c7f343b20e_wgs_gdc_realn.bam,/gpfs/commons/projects/TCGA/gdc-awg/HCMI/WGS/Project_NYGC_15336_B01_SOM_WGS_AnalysisOnly/Sample_HCM-SANG-0290-C15-10A-01D-A79M-36/analysis/HCM-SANG-0290-C15-10A-01D-A79M-36.final.bam,/gpfs/commons/projects/HCMI/wgs/8016f208-043b-4da1-9bc4-5722c88398b3/8552a56c-e31b-4021-9963-80c7f343b20e_wgs_gdc_realn.bam
HCM-CSHL-0258-C18-10A-01D-A85K-36,d98e72e2-60ed-4cb3-9892-5704dc6276f9_wgs_gdc_realn.bam,/gpfs/commons/projects/TCGA/gdc-awg/HCMI/WGS/Project_NYGC_15336_B01_SOM_WGS_AnalysisOnly/Sample_HCM-CSHL-0258-C18-10A-01D-A85K-36/analysis/HCM-CSHL-0258-C18-10A-01D-A85K-36.final.bam,/gpfs/commons/projects/HCMI/wgs/b212fce8-4cea-45c5-afb5-7d39d9edc8c2/d98e72e2-60ed-4cb3-9892-5704dc6276f9_wgs_gdc_realn.bam
HCM-CSHL-0248-C19-85A-01D-A78T-36,dc8e83cb-9f38-4fad-beeb-fa0b37d7900b_wgs_gdc_realn.bam,/gpfs/commons/projects/TCGA/gdc-awg/HCMI/WGS/Project_NYGC_15336_B01_SOM_WGS_AnalysisOnly/Sample_HCM-CSHL-0248-C19-85A-01D-A78T-36/analysis/HCM-CSHL-0248-C19-85A-01D-A78T-36.final.bam,/gpfs/commons/projects/HCMI/wgs/7e545202-e7fc-4f7c-9d51-0ae167e6ff6b/dc8e83cb-9f38-4fad-beeb-fa0b37d7900b_wgs_gdc_realn.bam
HCM-CSHL-0383-C18-10A-01D-A78U-36,a10d95c3-5e90-40d7-9cfe-112c451847d7_wgs_gdc_realn.bam,/gpfs/commons/projects/TCGA/gdc-awg/HCMI/WGS/Project_NYGC_15336_B01_SOM_WGS_AnalysisOnly/Sample_HCM-CSHL-0383-C18-10A-01D-A78U-36/analysis/HCM-CSHL-0383-C18-10A-01D-A78U-36.final.bam,/gpfs/commons/projects/HCMI/wgs/74621490-8c76-4679-9a12-a4e8cb6cf865/a10d95c3-5e90-40d7-9cfe-112c451847d7_wgs_gdc_realn.bam
HCM-SANG-0266-C20-85A-01D-A79M-36,85f3e4b5-6eac-49df-bc0d-a49da358ff06_wgs_gdc_realn.bam,/gpfs/commons/projects/TCGA/gdc-awg/HCMI/WGS/Project_NYGC_15336_B01_SOM_WGS_AnalysisOnly/Sample_HCM-SANG-0266-C20-85A-01D-A79M-36/analysis/HCM-SANG-0266-C20-85A-01D-A79M-36.final.bam,/gpfs/commons/projects/HCMI/wgs/4d260370-fd40-46fd-b54b-92239bc18f93/85f3e4b5-6eac-49df-bc0d-a49da358ff06_wgs_gdc_realn.bam
HCM-BROD-0051-C64-10A-01D-A79L-36,16f195ac-95bd-4e7f-a91f-1fdf84221f71_wgs_gdc_realn.bam,/gpfs/commons/projects/TCGA/gdc-awg/HCMI/WGS/Project_NYGC_15336_B01_SOM_WGS_AnalysisOnly/Sample_HCM-BROD-0051-C64-10A-01D-A79L-36/analysis/HCM-BROD-0051-C64-10A-01D-A79L-36.final.bam,/gpfs/commons/projects/HCMI/wgs/9490f563-1817-4b42-b393-529bd307382a/16f195ac-95bd-4e7f-a91f-1fdf84221f71_wgs_gdc_realn.bam
HCM-BROD-0234-C49-85M-01D-A80U-36,9951ce09-4bbf-4828-b17f-e13e9679915f_wgs_gdc_realn.bam,/gpfs/commons/projects/TCGA/gdc-awg/HCMI/WGS/Project_NYGC_15336_B01_SOM_WGS_AnalysisOnly/Sample_HCM-BROD-0234-C49-85M-01D-A80U-36/analysis/HCM-BROD-0234-C49-85M-01D-A80U-36.final.bam,/gpfs/commons/projects/HCMI/wgs/064698e5-93ec-4bd7-95f6-54e384fbaa84/9951ce09-4bbf-4828-b17f-e13e9679915f_wgs_gdc_realn.bam
HCM-CSHL-0257-C18-85A-01D-A79M-36,ad30f802-7e5f-4d20-9edf-498394b79d5b_wgs_gdc_realn.bam,/gpfs/commons/projects/TCGA/gdc-awg/HCMI/WGS/Project_NYGC_15336_B01_SOM_WGS_AnalysisOnly/Sample_HCM-CSHL-0257-C18-85A-01D-A79M-36/analysis/HCM-CSHL-0257-C18-85A-01D-A79M-36.final.bam,/gpfs/commons/projects/HCMI/wgs/4aa151f6-cbfd-4ea9-ae48-7d56e6f2fe77/ad30f802-7e5f-4d20-9edf-498394b79d5b_wgs_gdc_realn.bam
HCM-BROD-0229-C25-10A-01D-A786-36,e2bda717-8124-4fb3-8b06-f9ba24a40e7e_wgs_gdc_realn.bam,/gpfs/commons/projects/TCGA/gdc-awg/HCMI/WGS/Project_NYGC_15336_B01_SOM_WGS_AnalysisOnly/Sample_HCM-BROD-0229-C25-10A-01D-A786-36/analysis/HCM-BROD-0229-C25-10A-01D-A786-36.final.bam,/gpfs/commons/projects/HCMI/wgs/a1a793b8-fe8f-4792-bcf6-deaba7609ec4/e2bda717-8124-4fb3-8b06-f9ba24a40e7e_wgs_gdc_realn.bam
HCM-BROD-0332-C43-85M-01D-A78T-36,12a28c4d-8785-473b-92a1-45ef4b110f3e_wgs_gdc_realn.bam,/gpfs/commons/projects/TCGA/gdc-awg/HCMI/WGS/Project_NYGC_15336_B01_SOM_WGS_AnalysisOnly/Sample_HCM-BROD-0332-C43-85M-01D-A78T-36/analysis/HCM-BROD-0332-C43-85M-01D-A78T-36.final.bam,/gpfs/commons/projects/HCMI/wgs/704a9e6e-1818-4ec6-aa4d-edc8fa63be82/12a28c4d-8785-473b-92a1-45ef4b110f3e_wgs_gdc_realn.bam
HCM-CSHL-0080-C25-01A-11D-A77E-36,aca79f16-4658-46ce-a8f1-72f02a31468f_wgs_gdc_realn.bam,/gpfs/commons/projects/TCGA/gdc-awg/HCMI/WGS/Project_NYGC_15336_B01_SOM_WGS_AnalysisOnly/Sample_HCM-CSHL-0080-C25-01A-11D-A77E-36/analysis/HCM-CSHL-0080-C25-01A-11D-A77E-36.final.bam,/gpfs/commons/projects/HCMI/wgs/cbcd078b-2fce-4769-a740-8d328f2afd2d/aca79f16-4658-46ce-a8f1-72f02a31468f_wgs_gdc_realn.bam
HCM-CSHL-0379-C18-10A-01D-A79C-36,61fecbb1-5f27-4d6d-bfd9-892e82e4cc00_wgs_gdc_realn.bam,/gpfs/commons/projects/TCGA/gdc-awg/HCMI/WGS/Project_NYGC_15336_B01_SOM_WGS_AnalysisOnly/Sample_HCM-CSHL-0379-C18-10A-01D-A79C-36/analysis/HCM-CSHL-0379-C18-10A-01D-A79C-36.final.bam,/gpfs/commons/projects/HCMI/wgs/af981f26-74c5-412c-a001-361bf6af7824/61fecbb1-5f27-4d6d-bfd9-892e82e4cc00_wgs_gdc_realn.bam
HCM-BROD-0595-C43-85M-01D-A80U-36,ff0e8af9-b7db-47f5-bdc3-3173f89495cd_wgs_gdc_realn.bam,/gpfs/commons/projects/TCGA/gdc-awg/HCMI/WGS/Project_NYGC_15336_B01_SOM_WGS_AnalysisOnly/Sample_HCM-BROD-0595-C43-85M-01D-A80U-36/analysis/HCM-BROD-0595-C43-85M-01D-A80U-36.final.bam,/gpfs/commons/projects/HCMI/wgs/1f8d65d7-9b38-4d8e-bf53-ff7b0ccbce8c/ff0e8af9-b7db-47f5-bdc3-3173f89495cd_wgs_gdc_realn.bam
HCM-SANG-0268-C18-85A-01D-A79M-36,2a558468-cca8-4fe9-a745-8c76436ce6cb_wgs_gdc_realn.bam,/gpfs/commons/projects/TCGA/gdc-awg/HCMI/WGS/Project_NYGC_15336_B01_SOM_WGS_AnalysisOnly/Sample_HCM-SANG-0268-C18-85A-01D-A79M-36/analysis/HCM-SANG-0268-C18-85A-01D-A79M-36.final.bam,/gpfs/commons/projects/HCMI/wgs/654c0146-59ac-485f-89f8-2f6fd41c1444/2a558468-cca8-4fe9-a745-8c76436ce6cb_wgs_gdc_realn.bam
HCM-SANG-0297-C15-85A-01D-A79M-36,8c879a6b-ad6f-4160-a505-e45625d5e3a0_wgs_gdc_realn.bam,/gpfs/commons/projects/TCGA/gdc-awg/HCMI/WGS/Project_NYGC_15336_B01_SOM_WGS_AnalysisOnly/Sample_HCM-SANG-0297-C15-85A-01D-A79M-36/analysis/HCM-SANG-0297-C15-85A-01D-A79M-36.final.bam,/gpfs/commons/projects/HCMI/wgs/d42a1800-a336-4300-bf1a-e855396eeec9/8c879a6b-ad6f-4160-a505-e45625d5e3a0_wgs_gdc_realn.bam
HCM-BROD-0458-C15-85N-01D-A80U-36,a5fc0a7f-99cc-4f43-8c1b-4b51e77217b9_wgs_gdc_realn.bam,/gpfs/commons/projects/TCGA/gdc-awg/HCMI/WGS/Project_NYGC_15336_B01_SOM_WGS_AnalysisOnly/Sample_HCM-BROD-0458-C15-85N-01D-A80U-36/analysis/HCM-BROD-0458-C15-85N-01D-A80U-36.final.bam,/gpfs/commons/projects/HCMI/wgs/ee6446c0-600f-4546-9516-f5a4807e4d8f/a5fc0a7f-99cc-4f43-8c1b-4b51e77217b9_wgs_gdc_realn.bam
HCM-CSHL-0837-D01-85P-01D-A85L-36,a48453c7-fc35-46bf-8529-cfa6a15265ae_wgs_gdc_realn.bam,/gpfs/commons/projects/TCGA/gdc-awg/HCMI/WGS/Project_NYGC_15336_B01_SOM_WGS_AnalysisOnly/Sample_HCM-CSHL-0837-D01-85P-01D-A85L-36/analysis/HCM-CSHL-0837-D01-85P-01D-A85L-36.final.bam,/gpfs/commons/projects/HCMI/wgs/5c9a03b9-4234-4480-b89d-089919a80af3/a48453c7-fc35-46bf-8529-cfa6a15265ae_wgs_gdc_realn.bam
HCM-CSHL-0191-C25-01A-11D-A78L-36,bc370ada-bc23-406b-a9e5-27efe8651c9c_wgs_gdc_realn.bam,/gpfs/commons/projects/TCGA/gdc-awg/HCMI/WGS/Project_NYGC_15336_B01_SOM_WGS_AnalysisOnly/Sample_HCM-CSHL-0191-C25-01A-11D-A78L-36/analysis/HCM-CSHL-0191-C25-01A-11D-A78L-36.final.bam,/gpfs/commons/projects/HCMI/wgs/b893117f-83b5-466d-a966-f61922046d83/bc370ada-bc23-406b-a9e5-27efe8651c9c_wgs_gdc_realn.bam
HCM-CSHL-0608-C17-10A-01D-A79M-36,ff91ec02-8437-4d8e-8ebd-b8cb9830e7ec_wgs_gdc_realn.bam,/gpfs/commons/projects/TCGA/gdc-awg/HCMI/WGS/Project_NYGC_15336_B01_SOM_WGS_AnalysisOnly/Sample_HCM-CSHL-0608-C17-10A-01D-A79M-36/analysis/HCM-CSHL-0608-C17-10A-01D-A79M-36.final.bam,/gpfs/commons/projects/HCMI/wgs/366a0bbc-4ae6-4bd1-8d5f-926db2798511/ff91ec02-8437-4d8e-8ebd-b8cb9830e7ec_wgs_gdc_realn.bam
HCM-CSHL-0366-C50-01A-11D-A78J-36,9aff56b3-ae5b-462b-ac30-9d9868b28d83_wgs_gdc_realn.bam,/gpfs/commons/projects/TCGA/gdc-awg/HCMI/WGS/Project_NYGC_15336_B01_SOM_WGS_AnalysisOnly/Sample_HCM-CSHL-0366-C50-01A-11D-A78J-36/analysis/HCM-CSHL-0366-C50-01A-11D-A78J-36.final.bam,/gpfs/commons/projects/HCMI/wgs/e56b6489-e9d7-4dbf-9f2c-f203d94670e6/9aff56b3-ae5b-462b-ac30-9d9868b28d83_wgs_gdc_realn.bam
HCM-BROD-0199-C71-02A-11D-A80U-36,22542d68-476b-47fd-91da-03db887756d6_wgs_gdc_realn.bam,/gpfs/commons/projects/TCGA/gdc-awg/HCMI/WGS/Project_NYGC_15336_B01_SOM_WGS_AnalysisOnly/Sample_HCM-BROD-0199-C71-02A-11D-A80U-36/analysis/HCM-BROD-0199-C71-02A-11D-A80U-36.final.bam,/gpfs/commons/projects/HCMI/wgs/bd579871-2634-420b-adec-905449a60771/22542d68-476b-47fd-91da-03db887756d6_wgs_gdc_realn.bam
HCM-CSHL-0725-C02-11A-11D-A85K-36,dd6a8e36-3f29-4f5b-bdfb-19b69e576ec1_wgs_gdc_realn.bam,/gpfs/commons/projects/TCGA/gdc-awg/HCMI/WGS/Project_NYGC_15336_B01_SOM_WGS_AnalysisOnly/Sample_HCM-CSHL-0725-C02-11A-11D-A85K-36/analysis/HCM-CSHL-0725-C02-11A-11D-A85K-36.final.bam,/gpfs/commons/projects/HCMI/wgs/eae533eb-65e4-4331-83d0-cd547d402794/dd6a8e36-3f29-4f5b-bdfb-19b69e576ec1_wgs_gdc_realn.bam
HCM-CSHL-0164-C20-11A-11D-A77E-36,618c26d2-3b32-4fb1-a310-49ba82827513_wgs_gdc_realn.bam,/gpfs/commons/projects/TCGA/gdc-awg/HCMI/WGS/Project_NYGC_15336_B01_SOM_WGS_AnalysisOnly/Sample_HCM-CSHL-0164-C20-11A-11D-A77E-36/analysis/HCM-CSHL-0164-C20-11A-11D-A77E-36.final.bam,/gpfs/commons/projects/HCMI/wgs/3081f335-26e6-496d-8dc3-6df579007d1e/618c26d2-3b32-4fb1-a310-49ba82827513_wgs_gdc_realn.bam
HCM-CSHL-0078-C25-85M-01D-A78M-36,eff5ac4a-da29-4743-a641-1d2167ed222a_wgs_gdc_realn.bam,/gpfs/commons/projects/TCGA/gdc-awg/HCMI/WGS/Project_NYGC_15336_B01_SOM_WGS_AnalysisOnly/Sample_HCM-CSHL-0078-C25-85M-01D-A78M-36/analysis/HCM-CSHL-0078-C25-85M-01D-A78M-36.final.bam,/gpfs/commons/projects/HCMI/wgs/13f47e2a-b114-430b-9532-a895dd19ac96/eff5ac4a-da29-4743-a641-1d2167ed222a_wgs_gdc_realn.bam
HCM-CSHL-0085-C24-01A-01D-A78L-36,ce068fb2-9ce5-4476-94c8-74f592c46a45_wgs_gdc_realn.bam,/gpfs/commons/projects/TCGA/gdc-awg/HCMI/WGS/Project_NYGC_15336_B01_SOM_WGS_AnalysisOnly/Sample_HCM-CSHL-0085-C24-01A-01D-A78L-36/analysis/HCM-CSHL-0085-C24-01A-01D-A78L-36.final.bam,/gpfs/commons/projects/HCMI/wgs/cec485c6-658c-4654-99f6-d9a468fa97b8/ce068fb2-9ce5-4476-94c8-74f592c46a45_wgs_gdc_realn.bam
HCM-BROD-0108-C25-10A-01D-A83U-36,f20582cb-3a36-409a-9be1-016d27f66fcf_wgs_gdc_realn.bam,/gpfs/commons/projects/TCGA/gdc-awg/HCMI/WGS/Project_NYGC_15336_B01_SOM_WGS_AnalysisOnly/Sample_HCM-BROD-0108-C25-10A-01D-A83U-36/analysis/HCM-BROD-0108-C25-10A-01D-A83U-36.final.bam,/gpfs/commons/projects/HCMI/wgs/b05ba51c-254e-4553-bcd2-4b4aec9e2cd6/f20582cb-3a36-409a-9be1-016d27f66fcf_wgs_gdc_realn.bam
HCM-CSHL-0664-C18-06A-11D-A85K-36,3f63c171-9f66-466e-97dd-8b4d84dffd3c_wgs_gdc_realn.bam,/gpfs/commons/projects/TCGA/gdc-awg/HCMI/WGS/Project_NYGC_15336_B01_SOM_WGS_AnalysisOnly/Sample_HCM-CSHL-0664-C18-06A-11D-A85K-36/analysis/HCM-CSHL-0664-C18-06A-11D-A85K-36.final.bam,/gpfs/commons/projects/HCMI/wgs/d736bf0c-4dc7-45b9-b053-00cb0db358a5/3f63c171-9f66-466e-97dd-8b4d84dffd3c_wgs_gdc_realn.bam
HCM-BROD-0458-C15-10A-01D-A80U-36,8c65f679-8641-4810-a48d-4c951f8f10d0_wgs_gdc_realn.bam,/gpfs/commons/projects/TCGA/gdc-awg/HCMI/WGS/Project_NYGC_15336_B01_SOM_WGS_AnalysisOnly/Sample_HCM-BROD-0458-C15-10A-01D-A80U-36/analysis/HCM-BROD-0458-C15-10A-01D-A80U-36.final.bam,/gpfs/commons/projects/HCMI/wgs/bf6a9db0-d866-4955-b79d-92cb0f00cb4c/8c65f679-8641-4810-a48d-4c951f8f10d0_wgs_gdc_realn.bam
HCM-BROD-0204-C25-85A-01D-A79L-36,4f0fefc8-3160-4fbd-b2ec-f78203474c2d_wgs_gdc_realn.bam,/gpfs/commons/projects/TCGA/gdc-awg/HCMI/WGS/Project_NYGC_15336_B01_SOM_WGS_AnalysisOnly/Sample_HCM-BROD-0204-C25-85A-01D-A79L-36/analysis/HCM-BROD-0204-C25-85A-01D-A79L-36.final.bam,/gpfs/commons/projects/HCMI/wgs/deb2759f-df93-42cc-9d04-afb484b89d5f/4f0fefc8-3160-4fbd-b2ec-f78203474c2d_wgs_gdc_realn.bam
HCM-BROD-0235-C16-06A-01D-A79C-36,98b7777f-c158-4b40-a3d4-85222d0cf0e1_wgs_gdc_realn.bam,/gpfs/commons/projects/TCGA/gdc-awg/HCMI/WGS/Project_NYGC_15336_B01_SOM_WGS_AnalysisOnly/Sample_HCM-BROD-0235-C16-06A-01D-A79C-36/analysis/HCM-BROD-0235-C16-06A-01D-A79C-36.final.bam,/gpfs/commons/projects/HCMI/wgs/6c0163d8-36e7-4c24-93fb-1ac59ce01d95/98b7777f-c158-4b40-a3d4-85222d0cf0e1_wgs_gdc_realn.bam
HCM-CSHL-0184-C25-10A-01D-A78L-36,034ef377-62e4-42a5-820b-bb47eaeb8daf_wgs_gdc_realn.bam,/gpfs/commons/projects/TCGA/gdc-awg/HCMI/WGS/Project_NYGC_15336_B01_SOM_WGS_AnalysisOnly/Sample_HCM-CSHL-0184-C25-10A-01D-A78L-36/analysis/HCM-CSHL-0184-C25-10A-01D-A78L-36.final.bam,/gpfs/commons/projects/HCMI/wgs/dd6d1042-9506-40ac-9948-1fbbbdc9900e/034ef377-62e4-42a5-820b-bb47eaeb8daf_wgs_gdc_realn.bam
HCM-BROD-0614-C71-85B-01D-A82H-36,02e0924b-a923-41ef-b15b-53d3c6e5e927_wgs_gdc_realn.bam,/gpfs/commons/projects/TCGA/gdc-awg/HCMI/WGS/Project_NYGC_15336_B01_SOM_WGS_AnalysisOnly/Sample_HCM-BROD-0614-C71-85B-01D-A82H-36/analysis/HCM-BROD-0614-C71-85B-01D-A82H-36.final.bam,/gpfs/commons/projects/HCMI/wgs/a7554756-4cd0-4fa7-8096-b3b27d39dd76/02e0924b-a923-41ef-b15b-53d3c6e5e927_wgs_gdc_realn.bam
HCM-CSHL-0183-C25-10A-01D-A78L-36,5a117ad3-92c0-4694-b48c-29aab6a138b8_wgs_gdc_realn.bam,/gpfs/commons/projects/TCGA/gdc-awg/HCMI/WGS/Project_NYGC_15336_B01_SOM_WGS_AnalysisOnly/Sample_HCM-CSHL-0183-C25-10A-01D-A78L-36/analysis/HCM-CSHL-0183-C25-10A-01D-A78L-36.final.bam,/gpfs/commons/projects/HCMI/wgs/16d3df54-b98a-4273-a110-78bc957ca410/5a117ad3-92c0-4694-b48c-29aab6a138b8_wgs_gdc_realn.bam
HCM-BROD-0095-C15-10B-01D-A79C-36,3f7b05f1-a8cd-48f2-89f1-4a1e4eab92c5_wgs_gdc_realn.bam,/gpfs/commons/projects/TCGA/gdc-awg/HCMI/WGS/Project_NYGC_15336_B01_SOM_WGS_AnalysisOnly/Sample_HCM-BROD-0095-C15-10B-01D-A79C-36/analysis/HCM-BROD-0095-C15-10B-01D-A79C-36.final.bam,/gpfs/commons/projects/HCMI/wgs/9f51586c-a7a6-4172-b861-e57e765cb962/3f7b05f1-a8cd-48f2-89f1-4a1e4eab92c5_wgs_gdc_realn.bam
HCM-CSHL-0143-C20-01A-11D-A77E-36,a86ceb8c-19d0-40c5-a41c-80dc89e40941_wgs_gdc_realn.bam,/gpfs/commons/projects/TCGA/gdc-awg/HCMI/WGS/Project_NYGC_15336_B01_SOM_WGS_AnalysisOnly/Sample_HCM-CSHL-0143-C20-01A-11D-A77E-36/analysis/HCM-CSHL-0143-C20-01A-11D-A77E-36.final.bam,/gpfs/commons/projects/HCMI/wgs/766ad5d9-345b-46d3-afbc-ca301e666751/a86ceb8c-19d0-40c5-a41c-80dc89e40941_wgs_gdc_realn.bam
HCM-CSHL-0079-C25-85B-01D-A78M-36,3326f39c-6cf1-4884-a531-847b207e6e65_wgs_gdc_realn.bam,/gpfs/commons/projects/TCGA/gdc-awg/HCMI/WGS/Project_NYGC_15336_B01_SOM_WGS_AnalysisOnly/Sample_HCM-CSHL-0079-C25-85B-01D-A78M-36/analysis/HCM-CSHL-0079-C25-85B-01D-A78M-36.final.bam,/gpfs/commons/projects/HCMI/wgs/668ecc90-816a-4b9a-9658-96a148a6478d/3326f39c-6cf1-4884-a531-847b207e6e65_wgs_gdc_realn.bam
HCM-CSHL-0094-C25-10A-01D-A78M-36,01772d68-2996-4e2d-8dea-8de590a5e8fa_wgs_gdc_realn.bam,/gpfs/commons/projects/TCGA/gdc-awg/HCMI/WGS/Project_NYGC_15336_B01_SOM_WGS_AnalysisOnly/Sample_HCM-CSHL-0094-C25-10A-01D-A78M-36/analysis/HCM-CSHL-0094-C25-10A-01D-A78M-36.final.bam,/gpfs/commons/projects/HCMI/wgs/5338bccf-9d46-4e0d-b900-275fbfa3e885/01772d68-2996-4e2d-8dea-8de590a5e8fa_wgs_gdc_realn.bam
HCM-CSHL-0463-C50-85A-01D-A79M-36,912b2cae-df2e-4dba-b1d0-eb4a6b130594_wgs_gdc_realn.bam,/gpfs/commons/projects/TCGA/gdc-awg/HCMI/WGS/Project_NYGC_15336_B01_SOM_WGS_AnalysisOnly/Sample_HCM-CSHL-0463-C50-85A-01D-A79M-36/analysis/HCM-CSHL-0463-C50-85A-01D-A79M-36.final.bam,/gpfs/commons/projects/HCMI/wgs/0b7570f1-799c-49ab-8094-569e0f3314eb/912b2cae-df2e-4dba-b1d0-eb4a6b130594_wgs_gdc_realn.bam
HCM-BROD-0328-C15-10B-01D-A79L-36,286c9b98-534c-4f5c-839d-1a3e2c74f5a6_wgs_gdc_realn.bam,/gpfs/commons/projects/TCGA/gdc-awg/HCMI/WGS/Project_NYGC_15336_B01_SOM_WGS_AnalysisOnly/Sample_HCM-BROD-0328-C15-10B-01D-A79L-36/analysis/HCM-BROD-0328-C15-10B-01D-A79L-36.final.bam,/gpfs/commons/projects/HCMI/wgs/fdcdd76c-06ac-49e9-adad-b90328d3fc73/286c9b98-534c-4f5c-839d-1a3e2c74f5a6_wgs_gdc_realn.bam
HCM-BROD-0416-C71-85B-01D-A80U-36,dcec4bbd-8275-4cd2-8646-7ebb9859ebf1_wgs_gdc_realn.bam,/gpfs/commons/projects/TCGA/gdc-awg/HCMI/WGS/Project_NYGC_15336_B01_SOM_WGS_AnalysisOnly/Sample_HCM-BROD-0416-C71-85B-01D-A80U-36/analysis/HCM-BROD-0416-C71-85B-01D-A80U-36.final.bam,/gpfs/commons/projects/HCMI/wgs/07aae1a7-1bda-48b9-ac08-15efda099898/dcec4bbd-8275-4cd2-8646-7ebb9859ebf1_wgs_gdc_realn.bam
HCM-CSHL-0861-C25-85M-01D-A85L-36,a2447e41-8786-43ba-b46d-4f70796237b9_wgs_gdc_realn.bam,/gpfs/commons/projects/TCGA/gdc-awg/HCMI/WGS/Project_NYGC_15336_B01_SOM_WGS_AnalysisOnly/Sample_HCM-CSHL-0861-C25-85M-01D-A85L-36/analysis/HCM-CSHL-0861-C25-85M-01D-A85L-36.final.bam,/gpfs/commons/projects/HCMI/wgs/72cbd763-4ec3-4c3d-b022-a62f54a774f8/a2447e41-8786-43ba-b46d-4f70796237b9_wgs_gdc_realn.bam
HCM-CSHL-0180-C25-01A-11D-A79L-36,3a9b3da8-91d9-42f8-9a72-8d231f3f9335_wgs_gdc_realn.bam,/gpfs/commons/projects/TCGA/gdc-awg/HCMI/WGS/Project_NYGC_15336_B01_SOM_WGS_AnalysisOnly/Sample_HCM-CSHL-0180-C25-01A-11D-A79L-36/analysis/HCM-CSHL-0180-C25-01A-11D-A79L-36.final.bam,/gpfs/commons/projects/HCMI/wgs/67585e61-2f55-45af-a3fa-0aadf2f08cdc/3a9b3da8-91d9-42f8-9a72-8d231f3f9335_wgs_gdc_realn.bam
HCM-BROD-0100-C15-01A-11D-A786-36,39c9fe11-f4a1-4861-93f0-12eaa10d094e_wgs_gdc_realn.bam,/gpfs/commons/projects/TCGA/gdc-awg/HCMI/WGS/Project_NYGC_15336_B01_SOM_WGS_AnalysisOnly/Sample_HCM-BROD-0100-C15-01A-11D-A786-36/analysis/HCM-BROD-0100-C15-01A-11D-A786-36.final.bam,/gpfs/commons/projects/HCMI/wgs/5138f304-1e27-4c43-ba00-1023a39eb44d/39c9fe11-f4a1-4861-93f0-12eaa10d094e_wgs_gdc_realn.bam
HCM-BROD-0445-C15-10A-01D-A79C-36,89288e7c-8659-4840-92fb-9fd27d9b5b9a_wgs_gdc_realn.bam,/gpfs/commons/projects/TCGA/gdc-awg/HCMI/WGS/Project_NYGC_15336_B01_SOM_WGS_AnalysisOnly/Sample_HCM-BROD-0445-C15-10A-01D-A79C-36/analysis/HCM-BROD-0445-C15-10A-01D-A79C-36.final.bam,/gpfs/commons/projects/HCMI/wgs/18879198-7189-42e3-b0b7-1c3e65ee131d/89288e7c-8659-4840-92fb-9fd27d9b5b9a_wgs_gdc_realn.bam
HCM-BROD-0423-C71-85D-01D-A83U-36,c2359966-9e56-4a66-8234-afffea8903e7_wgs_gdc_realn.bam,/gpfs/commons/projects/TCGA/gdc-awg/HCMI/WGS/Project_NYGC_15336_B01_SOM_WGS_AnalysisOnly/Sample_HCM-BROD-0423-C71-85D-01D-A83U-36/analysis/HCM-BROD-0423-C71-85D-01D-A83U-36.final.bam,/gpfs/commons/projects/HCMI/wgs/d876dc12-ea18-4948-aa71-827acc061273/c2359966-9e56-4a66-8234-afffea8903e7_wgs_gdc_realn.bam
HCM-CSHL-0507-C20-06A-11D-A82H-36,99178092-598c-40ca-ba08-140d7d0f0d7d_wgs_gdc_realn.bam,/gpfs/commons/projects/TCGA/gdc-awg/HCMI/WGS/Project_NYGC_15336_B01_SOM_WGS_AnalysisOnly/Sample_HCM-CSHL-0507-C20-06A-11D-A82H-36/analysis/HCM-CSHL-0507-C20-06A-11D-A82H-36.final.bam,/gpfs/commons/projects/HCMI/wgs/e352701f-2b47-4b0d-a589-7b6cfc226c60/99178092-598c-40ca-ba08-140d7d0f0d7d_wgs_gdc_realn.bam
HCM-CSHL-0091-C25-10A-01D-A77E-36,4ba65698-379e-4957-b504-af05d9114ac1_wgs_gdc_realn.bam,/gpfs/commons/projects/TCGA/gdc-awg/HCMI/WGS/Project_NYGC_15336_B01_SOM_WGS_AnalysisOnly/Sample_HCM-CSHL-0091-C25-10A-01D-A77E-36/analysis/HCM-CSHL-0091-C25-10A-01D-A77E-36.final.bam,/gpfs/commons/projects/HCMI/wgs/4f72b9be-9bc5-43a3-99ad-9fe565840ffc/4ba65698-379e-4957-b504-af05d9114ac1_wgs_gdc_realn.bam
HCM-BROD-0204-C25-10A-01D-A79L-36,905f4daa-07a1-42ff-b952-a1b57d8af6f4_wgs_gdc_realn.bam,/gpfs/commons/projects/TCGA/gdc-awg/HCMI/WGS/Project_NYGC_15336_B01_SOM_WGS_AnalysisOnly/Sample_HCM-BROD-0204-C25-10A-01D-A79L-36/analysis/HCM-BROD-0204-C25-10A-01D-A79L-36.final.bam,/gpfs/commons/projects/HCMI/wgs/2694b871-472b-4d22-9aab-7a9b24467b36/905f4daa-07a1-42ff-b952-a1b57d8af6f4_wgs_gdc_realn.bam
HCM-CSHL-0434-C24-01A-11D-A78U-36,f4cd062d-4fd6-44b0-9bce-37e648dbedb4_wgs_gdc_realn.bam,/gpfs/commons/projects/TCGA/gdc-awg/HCMI/WGS/Project_NYGC_15336_B01_SOM_WGS_AnalysisOnly/Sample_HCM-CSHL-0434-C24-01A-11D-A78U-36/analysis/HCM-CSHL-0434-C24-01A-11D-A78U-36.final.bam,/gpfs/commons/projects/HCMI/wgs/11e8a223-2bc2-42ba-931b-a20fed3b3f86/f4cd062d-4fd6-44b0-9bce-37e648dbedb4_wgs_gdc_realn.bam
HCM-CSHL-0141-C18-85A-01D-A77E-36,2e18a7ea-3cf1-444e-baf1-a80b6c8b5faa_wgs_gdc_realn.bam,/gpfs/commons/projects/TCGA/gdc-awg/HCMI/WGS/Project_NYGC_15336_B01_SOM_WGS_AnalysisOnly/Sample_HCM-CSHL-0141-C18-85A-01D-A77E-36/analysis/HCM-CSHL-0141-C18-85A-01D-A77E-36.final.bam,/gpfs/commons/projects/HCMI/wgs/a8d9e8f4-6743-4ecb-affe-a47a967703e9/2e18a7ea-3cf1-444e-baf1-a80b6c8b5faa_wgs_gdc_realn.bam
HCM-WCMC-0673-C56-85B-01D-A85C-36,c9f4d37b-4819-4427-97db-934eef3b01d0_wgs_gdc_realn.bam,/gpfs/commons/projects/TCGA/gdc-awg/HCMI/WGS/Project_NYGC_15336_B01_SOM_WGS_AnalysisOnly/Sample_HCM-WCMC-0673-C56-85B-01D-A85C-36/analysis/HCM-WCMC-0673-C56-85B-01D-A85C-36.final.bam,/gpfs/commons/projects/HCMI/wgs/aafc46bd-abdf-4d44-8fab-934658184a3d/c9f4d37b-4819-4427-97db-934eef3b01d0_wgs_gdc_realn.bam
HCM-CSHL-0666-C24-10A-01D-A85K-36,42c53f07-7acf-4ba5-9392-e4310bec3dd5_wgs_gdc_realn.bam,/gpfs/commons/projects/TCGA/gdc-awg/HCMI/WGS/Project_NYGC_15336_B01_SOM_WGS_AnalysisOnly/Sample_HCM-CSHL-0666-C24-10A-01D-A85K-36/analysis/HCM-CSHL-0666-C24-10A-01D-A85K-36.final.bam,/gpfs/commons/projects/HCMI/wgs/c5baf80d-26e9-4ca3-90e2-78e5ba7caab8/42c53f07-7acf-4ba5-9392-e4310bec3dd5_wgs_gdc_realn.bam
HCM-CSHL-0811-C55-01A-11D-A85L-36,dff0c1e8-23a6-4c3b-b4ae-cfa182f19276_wgs_gdc_realn.bam,/gpfs/commons/projects/TCGA/gdc-awg/HCMI/WGS/Project_NYGC_15336_B01_SOM_WGS_AnalysisOnly/Sample_HCM-CSHL-0811-C55-01A-11D-A85L-36/analysis/HCM-CSHL-0811-C55-01A-11D-A85L-36.final.bam,/gpfs/commons/projects/HCMI/wgs/9017b0db-062d-4018-9cd1-dcbdc1d46a0d/dff0c1e8-23a6-4c3b-b4ae-cfa182f19276_wgs_gdc_realn.bam
HCM-SANG-0273-C18-85A-01D-A79M-36,4de29ba3-9e90-4e1b-9d53-56861debb88f_wgs_gdc_realn.bam,/gpfs/commons/projects/TCGA/gdc-awg/HCMI/WGS/Project_NYGC_15336_B01_SOM_WGS_AnalysisOnly/Sample_HCM-SANG-0273-C18-85A-01D-A79M-36/analysis/HCM-SANG-0273-C18-85A-01D-A79M-36.final.bam,/gpfs/commons/projects/HCMI/wgs/03848d53-2a8d-42dc-bdd0-c778e985044a/4de29ba3-9e90-4e1b-9d53-56861debb88f_wgs_gdc_realn.bam
HCM-CSHL-0368-D37-10A-01D-A78T-36,1bf12ca0-41c3-4b92-a7e7-8fbcb65af29f_wgs_gdc_realn.bam,/gpfs/commons/projects/TCGA/gdc-awg/HCMI/WGS/Project_NYGC_15336_B01_SOM_WGS_AnalysisOnly/Sample_HCM-CSHL-0368-D37-10A-01D-A78T-36/analysis/HCM-CSHL-0368-D37-10A-01D-A78T-36.final.bam,/gpfs/commons/projects/HCMI/wgs/5407be28-5455-438a-8bdc-57b88ee324b8/1bf12ca0-41c3-4b92-a7e7-8fbcb65af29f_wgs_gdc_realn.bam
HCM-CSHL-0730-C25-10A-01D-A82I-36,11af8ba5-e25e-411f-8dc9-4f486b547cc9_wgs_gdc_realn.bam,/gpfs/commons/projects/TCGA/gdc-awg/HCMI/WGS/Project_NYGC_15336_B01_SOM_WGS_AnalysisOnly/Sample_HCM-CSHL-0730-C25-10A-01D-A82I-36/analysis/HCM-CSHL-0730-C25-10A-01D-A82I-36.final.bam,/gpfs/commons/projects/HCMI/wgs/c056d5c5-1454-447b-a3ba-06960e642bfa/11af8ba5-e25e-411f-8dc9-4f486b547cc9_wgs_gdc_realn.bam
HCM-SANG-0313-C15-85A-01D-A78J-36,ef9ce752-8ca8-4498-8570-638cf9f155fc_wgs_gdc_realn.bam,/gpfs/commons/projects/TCGA/gdc-awg/HCMI/WGS/Project_NYGC_15336_B01_SOM_WGS_AnalysisOnly/Sample_HCM-SANG-0313-C15-85A-01D-A78J-36/analysis/HCM-SANG-0313-C15-85A-01D-A78J-36.final.bam,/gpfs/commons/projects/HCMI/wgs/66d10817-af4c-4db7-bdd8-0a2004d0a9dc/ef9ce752-8ca8-4498-8570-638cf9f155fc_wgs_gdc_realn.bam
HCM-BROD-0199-C71-85R-01D-A80U-36,7ec23cac-61f4-4f8f-afa7-ed8a3ca1493f_wgs_gdc_realn.bam,/gpfs/commons/projects/TCGA/gdc-awg/HCMI/WGS/Project_NYGC_15336_B01_SOM_WGS_AnalysisOnly/Sample_HCM-BROD-0199-C71-85R-01D-A80U-36/analysis/HCM-BROD-0199-C71-85R-01D-A80U-36.final.bam,/gpfs/commons/projects/HCMI/wgs/d667badd-631a-4294-a190-a6f18ac65c28/7ec23cac-61f4-4f8f-afa7-ed8a3ca1493f_wgs_gdc_realn.bam
HCM-SANG-0272-C20-01B-01D-A79M-36,1336afdd-33a4-4204-9f0d-9ee1a185e288_wgs_gdc_realn.bam,/gpfs/commons/projects/TCGA/gdc-awg/HCMI/WGS/Project_NYGC_15336_B01_SOM_WGS_AnalysisOnly/Sample_HCM-SANG-0272-C20-01B-01D-A79M-36/analysis/HCM-SANG-0272-C20-01B-01D-A79M-36.final.bam,/gpfs/commons/projects/HCMI/wgs/6935d04b-ab89-48f8-9e2a-d3c48d899cff/1336afdd-33a4-4204-9f0d-9ee1a185e288_wgs_gdc_realn.bam
HCM-CSHL-0060-C18-85A-01D-A77E-36,1392d239-34cb-41cb-8d2e-a89f3570d9c9_wgs_gdc_realn.bam,/gpfs/commons/projects/TCGA/gdc-awg/HCMI/WGS/Project_NYGC_15336_B01_SOM_WGS_AnalysisOnly/Sample_HCM-CSHL-0060-C18-85A-01D-A77E-36/analysis/HCM-CSHL-0060-C18-85A-01D-A77E-36.final.bam,/gpfs/commons/projects/HCMI/wgs/806df697-aaf4-4f03-a533-05581d9a485b/1392d239-34cb-41cb-8d2e-a89f3570d9c9_wgs_gdc_realn.bam
HCM-CSHL-0659-C18-85N-01D-A85C-36,d72afd07-8ce6-47c1-a525-5f326517e6ab_wgs_gdc_realn.bam,/gpfs/commons/projects/TCGA/gdc-awg/HCMI/WGS/Project_NYGC_15336_B01_SOM_WGS_AnalysisOnly/Sample_HCM-CSHL-0659-C18-85N-01D-A85C-36/analysis/HCM-CSHL-0659-C18-85N-01D-A85C-36.final.bam,/gpfs/commons/projects/HCMI/wgs/b65adf17-cd40-448d-ac98-db9f092fedbd/d72afd07-8ce6-47c1-a525-5f326517e6ab_wgs_gdc_realn.bam
HCM-BROD-0564-C71-10A-01D-A79L-36,5132a69f-aa02-444e-afd3-cf7a192694d6_wgs_gdc_realn.bam,/gpfs/commons/projects/TCGA/gdc-awg/HCMI/WGS/Project_NYGC_15336_B01_SOM_WGS_AnalysisOnly/Sample_HCM-BROD-0564-C71-10A-01D-A79L-36/analysis/HCM-BROD-0564-C71-10A-01D-A79L-36.final.bam,/gpfs/commons/projects/HCMI/wgs/c1fecd38-3258-48b4-8e13-2d2ef731d3ec/5132a69f-aa02-444e-afd3-cf7a192694d6_wgs_gdc_realn.bam
HCM-BROD-0121-C41-10A-01D-A78L-36,4a485784-0d7d-4283-b692-2dece4cc5268_wgs_gdc_realn.bam,/gpfs/commons/projects/TCGA/gdc-awg/HCMI/WGS/Project_NYGC_15336_B01_SOM_WGS_AnalysisOnly/Sample_HCM-BROD-0121-C41-10A-01D-A78L-36/analysis/HCM-BROD-0121-C41-10A-01D-A78L-36.final.bam,/gpfs/commons/projects/HCMI/wgs/fe83e96c-0247-4802-aa52-1bfab6e37499/4a485784-0d7d-4283-b692-2dece4cc5268_wgs_gdc_realn.bam
HCM-CSHL-0077-C25-01B-11D-A78L-36,4f8ae570-38dc-4609-b90f-71ccaec631b1_wgs_gdc_realn.bam,/gpfs/commons/projects/TCGA/gdc-awg/HCMI/WGS/Project_NYGC_15336_B01_SOM_WGS_AnalysisOnly/Sample_HCM-CSHL-0077-C25-01B-11D-A78L-36/analysis/HCM-CSHL-0077-C25-01B-11D-A78L-36.final.bam,/gpfs/commons/projects/HCMI/wgs/21abdd52-d490-4206-b8d8-a6c75b0ae5e5/4f8ae570-38dc-4609-b90f-71ccaec631b1_wgs_gdc_realn.bam
HCM-CSHL-0082-C25-01A-11D-A77E-36,e24be078-0276-43f6-9806-e0178acfb78e_wgs_gdc_realn.bam,/gpfs/commons/projects/TCGA/gdc-awg/HCMI/WGS/Project_NYGC_15336_B01_SOM_WGS_AnalysisOnly/Sample_HCM-CSHL-0082-C25-01A-11D-A77E-36/analysis/HCM-CSHL-0082-C25-01A-11D-A77E-36.final.bam,/gpfs/commons/projects/HCMI/wgs/ee2f4185-a19d-479c-a73d-8a19f21e5bf8/e24be078-0276-43f6-9806-e0178acfb78e_wgs_gdc_realn.bam
HCM-BROD-0478-C16-85M-01D-A79C-36,61887625-937a-49b6-8f3e-39742972a40b_wgs_gdc_realn.bam,/gpfs/commons/projects/TCGA/gdc-awg/HCMI/WGS/Project_NYGC_15336_B01_SOM_WGS_AnalysisOnly/Sample_HCM-BROD-0478-C16-85M-01D-A79C-36/analysis/HCM-BROD-0478-C16-85M-01D-A79C-36.final.bam,/gpfs/commons/projects/HCMI/wgs/68731cf2-8540-4538-ba7e-d7f94d80a65f/61887625-937a-49b6-8f3e-39742972a40b_wgs_gdc_realn.bam
HCM-CSHL-0608-C17-85A-01D-A79M-36,1ae84a45-be28-4ff3-b8f4-bfe8648a3e08_wgs_gdc_realn.bam,/gpfs/commons/projects/TCGA/gdc-awg/HCMI/WGS/Project_NYGC_15336_B01_SOM_WGS_AnalysisOnly/Sample_HCM-CSHL-0608-C17-85A-01D-A79M-36/analysis/HCM-CSHL-0608-C17-85A-01D-A79M-36.final.bam,/gpfs/commons/projects/HCMI/wgs/f9defa6e-ac6d-4171-84cf-bc5e78050033/1ae84a45-be28-4ff3-b8f4-bfe8648a3e08_wgs_gdc_realn.bam
HCM-CSHL-0668-C18-85A-01D-A85C-36,e2ebfc2d-ea70-406a-aedb-b5f9bed389ce_wgs_gdc_realn.bam,/gpfs/commons/projects/TCGA/gdc-awg/HCMI/WGS/Project_NYGC_15336_B01_SOM_WGS_AnalysisOnly/Sample_HCM-CSHL-0668-C18-85A-01D-A85C-36/analysis/HCM-CSHL-0668-C18-85A-01D-A85C-36.final.bam,/gpfs/commons/projects/HCMI/wgs/7511e46f-dac2-4bc4-9504-ff7ccb1f0e9b/e2ebfc2d-ea70-406a-aedb-b5f9bed389ce_wgs_gdc_realn.bam
HCM-BROD-0613-C71-01A-11D-A80U-36,eec3304f-9ca1-4f59-8226-5d37500871e0_wgs_gdc_realn.bam,/gpfs/commons/projects/TCGA/gdc-awg/HCMI/WGS/Project_NYGC_15336_B01_SOM_WGS_AnalysisOnly/Sample_HCM-BROD-0613-C71-01A-11D-A80U-36/analysis/HCM-BROD-0613-C71-01A-11D-A80U-36.final.bam,/gpfs/commons/projects/HCMI/wgs/79879899-1d5d-4bf2-ac9b-a9b02cee01af/eec3304f-9ca1-4f59-8226-5d37500871e0_wgs_gdc_realn.bam
HCM-BROD-0122-C25-10A-01D-A79L-36,a15228d6-6c74-4cc8-9cc8-19dc3724bd39_wgs_gdc_realn.bam,/gpfs/commons/projects/TCGA/gdc-awg/HCMI/WGS/Project_NYGC_15336_B01_SOM_WGS_AnalysisOnly/Sample_HCM-BROD-0122-C25-10A-01D-A79L-36/analysis/HCM-BROD-0122-C25-10A-01D-A79L-36.final.bam,/gpfs/commons/projects/HCMI/wgs/08349444-1cda-403d-85ea-9e6e5b366e6a/a15228d6-6c74-4cc8-9cc8-19dc3724bd39_wgs_gdc_realn.bam
HCM-BROD-0011-C71-10A-01D-A768-36,c0334ccb-c16a-48dc-a954-f9f83233b072_wgs_gdc_realn.bam,/gpfs/commons/projects/TCGA/gdc-awg/HCMI/WGS/Project_NYGC_15336_B01_SOM_WGS_AnalysisOnly/Sample_HCM-BROD-0011-C71-10A-01D-A768-36/analysis/HCM-BROD-0011-C71-10A-01D-A768-36.final.bam,/gpfs/commons/projects/HCMI/wgs/82779483-d87a-4a97-8c67-844884da3208/c0334ccb-c16a-48dc-a954-f9f83233b072_wgs_gdc_realn.bam
HCM-CSHL-0509-C24-06A-11D-A82H-36,bf17584b-a2ca-44ad-8b26-f00f8e88c67d_wgs_gdc_realn.bam,/gpfs/commons/projects/TCGA/gdc-awg/HCMI/WGS/Project_NYGC_15336_B01_SOM_WGS_AnalysisOnly/Sample_HCM-CSHL-0509-C24-06A-11D-A82H-36/analysis/HCM-CSHL-0509-C24-06A-11D-A82H-36.final.bam,/gpfs/commons/projects/HCMI/wgs/f8bf7a8e-3959-4255-ad8c-d0cbdf8334e7/bf17584b-a2ca-44ad-8b26-f00f8e88c67d_wgs_gdc_realn.bam
HCM-CSHL-0460-C50-01B-02D-A79C-36,87845454-9e4e-401c-970d-bc4d9a4798a1_wgs_gdc_realn.bam,/gpfs/commons/projects/TCGA/gdc-awg/HCMI/WGS/Project_NYGC_15336_B01_SOM_WGS_AnalysisOnly/Sample_HCM-CSHL-0460-C50-01B-02D-A79C-36/analysis/HCM-CSHL-0460-C50-01B-02D-A79C-36.final.bam,/gpfs/commons/projects/HCMI/wgs/07416144-970c-461f-a541-e9c6bdabfd33/87845454-9e4e-401c-970d-bc4d9a4798a1_wgs_gdc_realn.bam
HCM-BROD-0448-C15-06A-11D-A79N-36,57d00025-03e0-4ab4-8e2d-94493379f055_wgs_gdc_realn.bam,/gpfs/commons/projects/TCGA/gdc-awg/HCMI/WGS/Project_NYGC_15336_B01_SOM_WGS_AnalysisOnly/Sample_HCM-BROD-0448-C15-06A-11D-A79N-36/analysis/HCM-BROD-0448-C15-06A-11D-A79N-36.final.bam,/gpfs/commons/projects/HCMI/wgs/0c45f356-ab3b-4779-ac6a-3beddd29c635/57d00025-03e0-4ab4-8e2d-94493379f055_wgs_gdc_realn.bam
HCM-BROD-0098-C15-06A-01D-A79C-36,25d78915-6205-4b3f-867e-bb583f683e28_wgs_gdc_realn.bam,/gpfs/commons/projects/TCGA/gdc-awg/HCMI/WGS/Project_NYGC_15336_B01_SOM_WGS_AnalysisOnly/Sample_HCM-BROD-0098-C15-06A-01D-A79C-36/analysis/HCM-BROD-0098-C15-06A-01D-A79C-36.final.bam,/gpfs/commons/projects/HCMI/wgs/64cfaf5f-14fa-4f1d-8d74-f9d8097df2a7/25d78915-6205-4b3f-867e-bb583f683e28_wgs_gdc_realn.bam
HCM-SANG-0291-C15-10A-01D-A78M-36,034faa6c-9926-4333-94b7-1da81b253001_wgs_gdc_realn.bam,/gpfs/commons/projects/TCGA/gdc-awg/HCMI/WGS/Project_NYGC_15336_B01_SOM_WGS_AnalysisOnly/Sample_HCM-SANG-0291-C15-10A-01D-A78M-36/analysis/HCM-SANG-0291-C15-10A-01D-A78M-36.final.bam,/gpfs/commons/projects/HCMI/wgs/f3d42584-d3f9-420e-9150-2c384206f808/034faa6c-9926-4333-94b7-1da81b253001_wgs_gdc_realn.bam
HCM-SANG-0276-C18-85A-01D-A79M-36,9dafb7b5-2286-421a-9cd1-4d4bea9de56c_wgs_gdc_realn.bam,/gpfs/commons/projects/TCGA/gdc-awg/HCMI/WGS/Project_NYGC_15336_B01_SOM_WGS_AnalysisOnly/Sample_HCM-SANG-0276-C18-85A-01D-A79M-36/analysis/HCM-SANG-0276-C18-85A-01D-A79M-36.final.bam,/gpfs/commons/projects/HCMI/wgs/9a112365-6f08-4355-b67c-3267096e4cae/9dafb7b5-2286-421a-9cd1-4d4bea9de56c_wgs_gdc_realn.bam
HCM-BROD-0830-C71-10A-01D-A85K-36,720b722e-c46d-4b2b-8977-2d38b74db704_wgs_gdc_realn.bam,/gpfs/commons/projects/TCGA/gdc-awg/HCMI/WGS/Project_NYGC_15336_B01_SOM_WGS_AnalysisOnly/Sample_HCM-BROD-0830-C71-10A-01D-A85K-36/analysis/HCM-BROD-0830-C71-10A-01D-A85K-36.final.bam,/gpfs/commons/projects/HCMI/wgs/5d206e54-69bd-47e4-bc6d-7313c8eaa5f0/720b722e-c46d-4b2b-8977-2d38b74db704_wgs_gdc_realn.bam
HCM-CSHL-0814-C54-11A-01D-A85L-36,26b5faea-0c24-4d0f-9c8c-8c6e59c63fb3_wgs_gdc_realn.bam,/gpfs/commons/projects/TCGA/gdc-awg/HCMI/WGS/Project_NYGC_15336_B01_SOM_WGS_AnalysisOnly/Sample_HCM-CSHL-0814-C54-11A-01D-A85L-36/analysis/HCM-CSHL-0814-C54-11A-01D-A85L-36.final.bam,/gpfs/commons/projects/HCMI/wgs/afe11dfb-ce8a-45c6-9df5-b4aea2f750cf/26b5faea-0c24-4d0f-9c8c-8c6e59c63fb3_wgs_gdc_realn.bam
HCM-BROD-0335-C43-10A-01D-A78T-36,31c27aec-0049-4da6-b748-0dd5d93d76c5_wgs_gdc_realn.bam,/gpfs/commons/projects/TCGA/gdc-awg/HCMI/WGS/Project_NYGC_15336_B01_SOM_WGS_AnalysisOnly/Sample_HCM-BROD-0335-C43-10A-01D-A78T-36/analysis/HCM-BROD-0335-C43-10A-01D-A78T-36.final.bam,/gpfs/commons/projects/HCMI/wgs/df8963fb-154e-4ed1-af8f-ada3252afe1d/31c27aec-0049-4da6-b748-0dd5d93d76c5_wgs_gdc_realn.bam
HCM-BROD-0755-C43-85M-01D-A85C-36,51433fff-30fe-4fb3-91b8-0b111683461f_wgs_gdc_realn.bam,/gpfs/commons/projects/TCGA/gdc-awg/HCMI/WGS/Project_NYGC_15336_B01_SOM_WGS_AnalysisOnly/Sample_HCM-BROD-0755-C43-85M-01D-A85C-36/analysis/HCM-BROD-0755-C43-85M-01D-A85C-36.final.bam,/gpfs/commons/projects/HCMI/wgs/7a4eeee8-ae0d-4e6c-984c-a26d03180bf5/51433fff-30fe-4fb3-91b8-0b111683461f_wgs_gdc_realn.bam
HCM-WCMC-0491-C16-85A-01D-A85C-36,1c803e18-a675-4221-b14a-a074d8c2a72f_wgs_gdc_realn.bam,/gpfs/commons/projects/TCGA/gdc-awg/HCMI/WGS/Project_NYGC_15336_B01_SOM_WGS_AnalysisOnly/Sample_HCM-WCMC-0491-C16-85A-01D-A85C-36/analysis/HCM-WCMC-0491-C16-85A-01D-A85C-36.final.bam,/gpfs/commons/projects/HCMI/wgs/6143a580-2b80-4966-8b4d-bcac417cad08/1c803e18-a675-4221-b14a-a074d8c2a72f_wgs_gdc_realn.bam
HCM-CSHL-0192-C25-01A-11D-A79M-36,6ecfb27f-e933-4e2d-ae30-c17f5c8d68d4_wgs_gdc_realn.bam,/gpfs/commons/projects/TCGA/gdc-awg/HCMI/WGS/Project_NYGC_15336_B01_SOM_WGS_AnalysisOnly/Sample_HCM-CSHL-0192-C25-01A-11D-A79M-36/analysis/HCM-CSHL-0192-C25-01A-11D-A79M-36.final.bam,/gpfs/commons/projects/HCMI/wgs/2d1ea1eb-5a1b-4279-8fab-cba3ed56d191/6ecfb27f-e933-4e2d-ae30-c17f5c8d68d4_wgs_gdc_realn.bam
HCM-BROD-0002-C71-86A-01D-A78L-36,ebe84640-6535-43f0-8607-0c32770ec2a6_wgs_gdc_realn.bam,/gpfs/internal/analysis/NYGC/Project_NYGC_15336_B01_SOM_WGS_AnalysisOnly/compbio/extended_models/Sample_HCM-BROD-0002-C71-86A-01D-A78L-36/analysis/HCM-BROD-0002-C71-86A-01D-A78L-36.final.bam,/gpfs/commons/projects/HCMI/wgs/69ac1538-8ccc-406d-bbb4-4add84696387/ebe84640-6535-43f0-8607-0c32770ec2a6_wgs_gdc_realn.bam
HCM-BROD-0003-C71-86A-01D-A78L-36,30f53128-5def-4d1c-b203-9717e9cf4401_wgs_gdc_realn.bam,/gpfs/internal/analysis/NYGC/Project_NYGC_15336_B01_SOM_WGS_AnalysisOnly/compbio/extended_models/Sample_HCM-BROD-0003-C71-86A-01D-A78L-36/analysis/HCM-BROD-0003-C71-86A-01D-A78L-36.final.bam,/gpfs/commons/projects/HCMI/wgs/14d12efb-4a69-4a6e-b7ee-2e67441525f8/30f53128-5def-4d1c-b203-9717e9cf4401_wgs_gdc_realn.bam
HCM-BROD-0012-C71-86A-01D-A78L-36,171a20f9-e47e-4353-b1ce-e4c8f79e998f_wgs_gdc_realn.bam,/gpfs/internal/analysis/NYGC/Project_NYGC_15336_B01_SOM_WGS_AnalysisOnly/compbio/extended_models/Sample_HCM-BROD-0012-C71-86A-01D-A78L-36/analysis/HCM-BROD-0012-C71-86A-01D-A78L-36.final.bam,/gpfs/commons/projects/HCMI/wgs/a8a2351e-9a1c-44a4-94a6-31543c82b66f/171a20f9-e47e-4353-b1ce-e4c8f79e998f_wgs_gdc_realn.bam
HCM-BROD-0029-C71-86A-01D-A80U-36,9ff8f982-b4f3-4621-abe8-5f83cb914b73_wgs_gdc_realn.bam,/gpfs/internal/analysis/NYGC/Project_NYGC_15336_B01_SOM_WGS_AnalysisOnly/compbio/extended_models/Sample_HCM-BROD-0029-C71-86A-01D-A80U-36/analysis/HCM-BROD-0029-C71-86A-01D-A80U-36.final.bam,/gpfs/commons/projects/HCMI/wgs/772bebe2-13ce-43ff-bef2-776884c23d7d/9ff8f982-b4f3-4621-abe8-5f83cb914b73_wgs_gdc_realn.bam
HCM-BROD-0038-C41-86A-01D-A80U-36,5e267bc2-7415-475b-9867-8f0e5e6d6607_wgs_gdc_realn.bam,/gpfs/internal/analysis/NYGC/Project_NYGC_15336_B01_SOM_WGS_AnalysisOnly/compbio/extended_models/Sample_HCM-BROD-0038-C41-86A-01D-A80U-36/analysis/HCM-BROD-0038-C41-86A-01D-A80U-36.final.bam,/gpfs/commons/projects/HCMI/wgs/bce3a558-7fe1-4e42-93ed-44259f48caf8/5e267bc2-7415-475b-9867-8f0e5e6d6607_wgs_gdc_realn.bam
HCM-BROD-0047-C71-86A-01D-A78L-36,f6b1171f-86a3-4758-9468-4bc158004f32_wgs_gdc_realn.bam,/gpfs/internal/analysis/NYGC/Project_NYGC_15336_B01_SOM_WGS_AnalysisOnly/compbio/extended_models/Sample_HCM-BROD-0047-C71-86A-01D-A78L-36/analysis/HCM-BROD-0047-C71-86A-01D-A78L-36.final.bam,/gpfs/commons/projects/HCMI/wgs/a457629f-8c3d-4fb2-98f7-62bc45f38ab1/f6b1171f-86a3-4758-9468-4bc158004f32_wgs_gdc_realn.bam
HCM-BROD-0051-C64-86A-01D-A85C-36,b623fc18-374a-41d4-af8c-b52e11aa5b2b_wgs_gdc_realn.bam,/gpfs/internal/analysis/NYGC/Project_NYGC_15336_B01_SOM_WGS_AnalysisOnly/compbio/extended_models/Sample_HCM-BROD-0051-C64-86A-01D-A85C-36/analysis/HCM-BROD-0051-C64-86A-01D-A85C-36.final.bam,/gpfs/commons/projects/HCMI/wgs/076c82cc-8b67-4fcc-ab4f-729bef115abb/b623fc18-374a-41d4-af8c-b52e11aa5b2b_wgs_gdc_realn.bam
HCM-BROD-0115-C16-86B-01D-A85C-36,ad847aba-6b47-42f0-a560-84e0e17d1d9f_wgs_gdc_realn.bam,/gpfs/internal/analysis/NYGC/Project_NYGC_15336_B01_SOM_WGS_AnalysisOnly/compbio/extended_models/Sample_HCM-BROD-0115-C16-86B-01D-A85C-36/analysis/HCM-BROD-0115-C16-86B-01D-A85C-36.final.bam,/gpfs/commons/projects/HCMI/wgs/72d6a113-0681-4682-b15f-e706db0ef56c/ad847aba-6b47-42f0-a560-84e0e17d1d9f_wgs_gdc_realn.bam
HCM-BROD-0254-C49-86M-01D-A85C-36,1d2e0aef-eae3-48fe-8ece-32679ce8cda5_wgs_gdc_realn.bam,/gpfs/internal/analysis/NYGC/Project_NYGC_15336_B01_SOM_WGS_AnalysisOnly/compbio/extended_models/Sample_HCM-BROD-0254-C49-86M-01D-A85C-36/analysis/HCM-BROD-0254-C49-86M-01D-A85C-36.final.bam,/gpfs/commons/projects/HCMI/wgs/8523ebfe-6272-4ebd-b7ce-3eb4cba7e2e6/1d2e0aef-eae3-48fe-8ece-32679ce8cda5_wgs_gdc_realn.bam
HCM-BROD-0254-C49-86N-01D-A85C-36,d2261ba8-f1de-4e87-aecc-99c2468df7c9_wgs_gdc_realn.bam,/gpfs/internal/analysis/NYGC/Project_NYGC_15336_B01_SOM_WGS_AnalysisOnly/compbio/extended_models/Sample_HCM-BROD-0254-C49-86N-01D-A85C-36/analysis/HCM-BROD-0254-C49-86N-01D-A85C-36.final.bam,/gpfs/commons/projects/HCMI/wgs/cccaaf5d-6083-4934-bd87-53d53393a521/d2261ba8-f1de-4e87-aecc-99c2468df7c9_wgs_gdc_realn.bam
HCM-CSHL-0058-C34-86A-01D-A78L-36,06a54223-9c9a-4694-bc46-4815f51d7d54_wgs_gdc_realn.bam,/gpfs/internal/analysis/NYGC/Project_NYGC_15336_B01_SOM_WGS_AnalysisOnly/compbio/extended_models/Sample_HCM-CSHL-0058-C34-86A-01D-A78L-36/analysis/HCM-CSHL-0058-C34-86A-01D-A78L-36.final.bam,/gpfs/commons/projects/HCMI/wgs/95345678-7d1e-4523-8fc2-1089c845ceb8/06a54223-9c9a-4694-bc46-4815f51d7d54_wgs_gdc_realn.bam
HCM-CSHL-0064-C18-86A-01D-A78L-36,ce4b097c-e7fe-4d17-b0fa-4c4e92a1ae46_wgs_gdc_realn.bam,/gpfs/internal/analysis/NYGC/Project_NYGC_15336_B01_SOM_WGS_AnalysisOnly/compbio/extended_models/Sample_HCM-CSHL-0064-C18-86A-01D-A78L-36/analysis/HCM-CSHL-0064-C18-86A-01D-A78L-36.final.bam,/gpfs/commons/projects/HCMI/wgs/dda539b0-ded3-4643-b599-453f3f6f5f19/ce4b097c-e7fe-4d17-b0fa-4c4e92a1ae46_wgs_gdc_realn.bam
HCM-CSHL-0090-C25-86A-01D-A85C-36,f4dc1509-dc3f-4973-85c2-eddf2fa5cc94_wgs_gdc_realn.bam,/gpfs/internal/analysis/NYGC/Project_NYGC_15336_B01_SOM_WGS_AnalysisOnly/compbio/extended_models/Sample_HCM-CSHL-0090-C25-86A-01D-A85C-36/analysis/HCM-CSHL-0090-C25-86A-01D-A85C-36.final.bam,/gpfs/commons/projects/HCMI/wgs/cf8c09f8-cf12-4a8f-ba5d-b74706a60849/f4dc1509-dc3f-4973-85c2-eddf2fa5cc94_wgs_gdc_realn.bam
HCM-CSHL-0094-C25-86A-01D-A78M-36,f652f5b7-b831-478d-8b3e-4720d06dbe8e_wgs_gdc_realn.bam,/gpfs/internal/analysis/NYGC/Project_NYGC_15336_B01_SOM_WGS_AnalysisOnly/compbio/extended_models/Sample_HCM-CSHL-0094-C25-86A-01D-A78M-36/analysis/HCM-CSHL-0094-C25-86A-01D-A78M-36.final.bam,/gpfs/commons/projects/HCMI/wgs/2c1fc1df-cabd-4a9a-93cc-b7d02fea7915/f652f5b7-b831-478d-8b3e-4720d06dbe8e_wgs_gdc_realn.bam
HCM-CSHL-0174-C22-86A-01D-A85C-36,68b667d4-00ee-4d34-a6c4-1a74f8915605_wgs_gdc_realn.bam,/gpfs/internal/analysis/NYGC/Project_NYGC_15336_B01_SOM_WGS_AnalysisOnly/compbio/extended_models/Sample_HCM-CSHL-0174-C22-86A-01D-A85C-36/analysis/HCM-CSHL-0174-C22-86A-01D-A85C-36.final.bam,/gpfs/commons/projects/HCMI/wgs/bd964dc7-682a-496f-95da-60df929df9fe/68b667d4-00ee-4d34-a6c4-1a74f8915605_wgs_gdc_realn.bam
HCM-CSHL-0246-C19-86A-01D-A85C-36,3c7a903f-5fcc-4f3d-9ff9-b1e160f8b11a_wgs_gdc_realn.bam,/gpfs/internal/analysis/NYGC/Project_NYGC_15336_B01_SOM_WGS_AnalysisOnly/compbio/extended_models/Sample_HCM-CSHL-0246-C19-86A-01D-A85C-36/analysis/HCM-CSHL-0246-C19-86A-01D-A85C-36.final.bam,/gpfs/commons/projects/HCMI/wgs/6cfa9cb2-4ee7-4bd5-86d0-8cb8c7b40a82/3c7a903f-5fcc-4f3d-9ff9-b1e160f8b11a_wgs_gdc_realn.bam
HCM-CSHL-0366-C50-86A-01D-A85C-36,31d8a284-8076-4c17-87aa-085a98c57ced_wgs_gdc_realn.bam,/gpfs/internal/analysis/NYGC/Project_NYGC_15336_B01_SOM_WGS_AnalysisOnly/compbio/extended_models/Sample_HCM-CSHL-0366-C50-86A-01D-A85C-36/analysis/HCM-CSHL-0366-C50-86A-01D-A85C-36.final.bam,/gpfs/commons/projects/HCMI/wgs/1fd2a6c1-472b-45ef-a554-992da5da07b0/31d8a284-8076-4c17-87aa-085a98c57ced_wgs_gdc_realn.bam
HCM-CSHL-0459-C17-86A-01D-A85C-36,55ac6716-27f5-49d1-b8e7-fd75917e4886_wgs_gdc_realn.bam,/gpfs/internal/analysis/NYGC/Project_NYGC_15336_B01_SOM_WGS_AnalysisOnly/compbio/extended_models/Sample_HCM-CSHL-0459-C17-86A-01D-A85C-36/analysis/HCM-CSHL-0459-C17-86A-01D-A85C-36.final.bam,/gpfs/commons/projects/HCMI/wgs/4bf4f685-c75b-4a0f-8e43-60d9d18da205/55ac6716-27f5-49d1-b8e7-fd75917e4886_wgs_gdc_realn.bam
HCM-CSHL-0461-D12-86A-01D-A85C-36,8e65d5c2-df5c-417a-9b55-f1f122fa2b1b_wgs_gdc_realn.bam,/gpfs/internal/analysis/NYGC/Project_NYGC_15336_B01_SOM_WGS_AnalysisOnly/compbio/extended_models/Sample_HCM-CSHL-0461-D12-86A-01D-A85C-36/analysis/HCM-CSHL-0461-D12-86A-01D-A85C-36.final.bam,/gpfs/commons/projects/HCMI/wgs/191143b2-1c0c-429f-8d74-95968c10287d/8e65d5c2-df5c-417a-9b55-f1f122fa2b1b_wgs_gdc_realn.bam
HCM-CSHL-0510-D13-86A-01D-A85C-36,e0e22e44-0db0-49dc-b6e6-06ec052eea36_wgs_gdc_realn.bam,/gpfs/internal/analysis/NYGC/Project_NYGC_15336_B01_SOM_WGS_AnalysisOnly/compbio/extended_models/Sample_HCM-CSHL-0510-D13-86A-01D-A85C-36/analysis/HCM-CSHL-0510-D13-86A-01D-A85C-36.final.bam,/gpfs/commons/projects/HCMI/wgs/b941cd87-faa9-4133-8c43-7a60e0905b3a/e0e22e44-0db0-49dc-b6e6-06ec052eea36_wgs_gdc_realn.bam
HCM-SANG-0267-D12-86A-01D-A85C-36,0e612fda-80f5-4fb4-b0ee-4f4adb6e6ff2_wgs_gdc_realn.bam,/gpfs/internal/analysis/NYGC/Project_NYGC_15336_B01_SOM_WGS_AnalysisOnly/compbio/extended_models/Sample_HCM-SANG-0267-D12-86A-01D-A85C-36/analysis/HCM-SANG-0267-D12-86A-01D-A85C-36.final.bam,/gpfs/commons/projects/HCMI/wgs/3545bacc-a9c2-4e70-bd6d-b1f8ce948402/0e612fda-80f5-4fb4-b0ee-4f4adb6e6ff2_wgs_gdc_realn.bam
HCM-SANG-0270-C20-86A-01D-A85C-36,3d814ddf-74b4-49e7-85d0-f18d121d5ecd_wgs_gdc_realn.bam,/gpfs/internal/analysis/NYGC/Project_NYGC_15336_B01_SOM_WGS_AnalysisOnly/compbio/extended_models/Sample_HCM-SANG-0270-C20-86A-01D-A85C-36/analysis/HCM-SANG-0270-C20-86A-01D-A85C-36.final.bam,/gpfs/commons/projects/HCMI/wgs/9d6812c5-927d-49fa-a0f0-fa5a8f3c86d9/3d814ddf-74b4-49e7-85d0-f18d121d5ecd_wgs_gdc_realn.bam
HCM-SANG-0271-D12-86A-01D-A85C-36,f7125c62-3864-412e-9afa-dc4970e43d05_wgs_gdc_realn.bam,/gpfs/internal/analysis/NYGC/Project_NYGC_15336_B01_SOM_WGS_AnalysisOnly/compbio/extended_models/Sample_HCM-SANG-0271-D12-86A-01D-A85C-36/analysis/HCM-SANG-0271-D12-86A-01D-A85C-36.final.bam,/gpfs/commons/projects/HCMI/wgs/1d231b35-1a75-4f5c-97b6-9289f5168cfd/f7125c62-3864-412e-9afa-dc4970e43d05_wgs_gdc_realn.bam
