id3	sample_id	sample_type	purity_ascat	purity_absolute	purity_remixt	purity_purple	purity_estimate	purity_hatchet	ploidy_ascat	ploidy_absolute	ploidy_remixt	ploidy_purple	ploidy_hatchet
HCM-BROD-0053-C49	HCM-BROD-0053-C49-06A	T	0.37	0.52	defer	0.08	0.41	0.0467918	2	2.01	defer	2	1.975979609
HCM-CSHL-0907-C50	HCM-CSHL-0907-C50-06A	T	1	0.1	0.156476072	0.22	0.36	0.0937127	2.05	2.48	1.808887483	3.5	2.789097225
HCM-SANG-0287-C20	HCM-SANG-0287-C20-01A	T	0.3	0.32	defer	0.08	0.84	0.18805	1.8	1.99	defer	2	2.015000661
HCM-BROD-0045-C16	HCM-BROD-0045-C16-06A	T	0.44	0.4	defer	0.08	NA	0.0432049	1.85	2.02	defer	2	1.367223418
HCM-BROD-0110-C25	HCM-BROD-0110-C25-01A	T	0.36	0.46	defer	0.08	0.46	0.114146	2	2	defer	2	2.000967247
HCM-BROD-0489-C15	HCM-BROD-0489-C15-06A	T	0.36	0.46	defer	0.08	0.31	0.0360272	1.85	2	defer	2	1.962321861
HCM-CSHL-0093-C25	HCM-CSHL-0093-C25-01B	T	0.33	0.46	defer	0.08	NA	1	2	2	defer	2	2
HCM-BROD-0019-C25	HCM-BROD-0019-C25-01B	T	0.4	0.11	defer	0.27	0.42	0.116468	1.96	1.89	defer	1.88	2.345915722
HCM-BROD-0578-C15	HCM-BROD-0578-C15-06A	T	1	0.1	defer	0.4	0.43	0.0748445	1.95	4.09	defer	2	2.05254058
HCM-CSHL-0191-C25	HCM-CSHL-0191-C25-01A	T	0.37	0.11	defer	0.08	0.67	0.03	1.85	4.35	defer	2	1.648556367
HCM-BROD-0869-C43	HCM-BROD-0869-C43-06A	T	0.71	0.16	0.483864278	0.2	0.54	0.0485683	1.9	3.9	2.147780688	2.2	3.550679971
HCM-CSHL-0082-C25	HCM-CSHL-0082-C25-01A	T	0.46	0.78	defer	0.08	0.53	0.0333268	1.85	2	defer	2	2.078380062
HCM-BROD-0231-C25	HCM-BROD-0231-C25-06A	T	0.32	0.79	defer	0.42	0.33	0.145029	2	2	defer	2	1.995706575
HCM-BROD-0869-C43	HCM-BROD-0869-C43-85A	M	0.43	0.46	0.455035765	0.47	0.95	0.459247	3.45	3.3	3.219778851	3.3	3.379535597
HCM-BROD-0053-C49	HCM-BROD-0053-C49-85M	M	0.91	0.96	0.98	0.98	1	0.99264	3.7	3.78	3.72	3.75	3.77911764
HCM-CSHL-0246-C19	HCM-CSHL-0246-C19-01B	T	0.42	0.1	defer	0.25	0.48	0.0712432	1.8	4.18	defer	2	2.218713198
HCM-BROD-0045-C16	HCM-BROD-0045-C16-85A	M	0.99	0.98	0.98	0.99	NA	0.99091	3.2	3.42	3.33	3.4	3.534632773
HCM-CSHL-0191-C25	HCM-CSHL-0191-C25-85A	M	1	0.98	0.98	1	1	0.959388	3.65	3.94	3.89	3.85	3.963869031
HCM-CSHL-0907-C50	HCM-CSHL-0907-C50-85B	M	1	0.98	0.988099018	0.99	1	0.991454	3.6	4.01	4.008153847	3.95	3.98480828
HCM-BROD-0231-C25	HCM-BROD-0231-C25-85M	M	0.99	0.99	0.99	1	1	0.992615	1.7	1.65	1.87	1.64	1.678659909
HCM-BROD-0578-C15	HCM-BROD-0578-C15-85A	M	0.98	0.99	0.99	1	0.99	0.989581	1.8	1.86	1.73	1.84	2.004263369
HCM-CSHL-0246-C19	HCM-CSHL-0246-C19-86A	M	NA	0.99	0.99	0.99	1	NA	NA	2.32	2.22	2.3	NA
HCM-SANG-0287-C20	HCM-SANG-0287-C20-85A	M	1	0.99	0.99	1	1	1	5.1	2.59	2.57	2.6	2.581462988
HCM-BROD-0019-C25	HCM-BROD-0019-C25-85A	M	0.96	1	0.99	1	1	0.996402	5.2	1.8	1.77	1.78	1.827538614
HCM-BROD-0110-C25	HCM-BROD-0110-C25-85A	M	0.89	1	0.99	1	1	0.861919	1.45	1.88	1.85	1.8	1.841811722
HCM-BROD-0231-C25	HCM-BROD-0231-C25-85N	M	NA	1	0.98	1	1	NA	NA	1.7	3.38	1.68	NA
HCM-BROD-0489-C15	HCM-BROD-0489-C15-85M	M	0.97	1	0.99	1	1	0.792657	2.6	2.56	2.51	2.54	2.497590865
HCM-BROD-0578-C15	HCM-BROD-0578-C15-85M	M	0.97	1	0.99	1	0.99	0.992654	1.8	1.99	1.88	1.94	2.016871589
HCM-CSHL-0082-C25	HCM-CSHL-0082-C25-85A	M	1	1	0.98	1	1	0.996857	3.6	1.92	3.69	1.9	1.913830894
HCM-CSHL-0093-C25	HCM-CSHL-0093-C25-85A	M	0.95	1	0.99	1	1	0.995826	1.8	1.92	1.86	1.92	1.907049532
HCM-CSHL-0246-C19	HCM-CSHL-0246-C19-85A	M	0.99	1	0.99	1	0.99	0.991734	2.5	2.36	2.29	2.32	4.644936029
HCM-BROD-0035-C49	HCM-BROD-0035-C49-06A	T	0.8	0.36	0.1	0.98	0.91	0.0544804	2	2.11	2.79	2	3.89241683
HCM-BROD-0035-C49	HCM-BROD-0035-C49-85M	M	0.83	0.79	0.826947316	0.84	1	0.0594797	1.95	2.02	2.137377263	1.98	3.290954265
HCM-BROD-0008-C25	HCM-BROD-0008-C25-85A	M	NA	NA	NA	0.51	1	NA	NA	NA	NA	1.42	NA
HCM-BROD-0008-C25	HCM-BROD-0008-C25-86A	M	NA	NA	NA	0.5	1	NA	NA	NA	NA	1.68	NA
HCM-BROD-0009-C25	HCM-BROD-0009-C25-85A	M	NA	NA	NA	0.97	1	NA	NA	NA	NA	2	NA
HCM-BROD-0010-C25	HCM-BROD-0010-C25-85A	M	NA	NA	NA	0.51	1	NA	NA	NA	NA	1.62	NA
HCM-BROD-0015-C25	HCM-BROD-0015-C25-85C	M	NA	NA	NA	0.2	1	NA	NA	NA	NA	3.85	NA
HCM-BROD-0130-C25	HCM-BROD-0130-C25-85M	M	NA	NA	NA	0.98	1	NA	NA	NA	NA	2.22	NA
HCM-BROD-0334-C43	HCM-BROD-0334-C43-85M	M	NA	NA	NA	NA	1	NA	NA	NA	NA	NA	NA
HCM-BROD-0348-C25	HCM-BROD-0348-C25-85N	M	NA	NA	NA	0.48	NA	NA	NA	NA	NA	1.74	NA
HCM-CSHL-0634-C30	HCM-CSHL-0634-C30-85A	M	NA	NA	no normal	1	1	NA	NA	NA	no normal	2.22	NA
HCM-WCMC-1344-C18	HCM-WCMC-1344-C18-01A	T	NA	NA	no normal	0.19	0.65	NA	NA	NA	no normal	2.2	NA
HCM-WCMC-1344-C18	HCM-WCMC-1344-C18-85A	M	NA	NA	no normal	0.33	0.99	NA	NA	NA	no normal	2.16	NA
HCM-BROD-0004-C64	HCM-BROD-0004-C64-02A	T	NA	NA	no normal	0.19	0.98	NA	NA	NA	no normal	2.04	NA
HCM-BROD-0004-C64	HCM-BROD-0004-C64-02A-01D	T	NA	NA	no normal	0.08	NA	NA	NA	NA	no normal	2	NA
HCM-BROD-0004-C64	HCM-BROD-0004-C64-85S-01D	M	NA	NA	no normal	0.44	NA	NA	NA	NA	no normal	2	NA
HCM-BROD-0013-C71	HCM-BROD-0013-C71-02A	T	NA	NA	NA	0.64	0.89	NA	NA	NA	NA	2.52	NA
HCM-BROD-0013-C71	HCM-BROD-0013-C71-85A	M	NA	NA	NA	0.87	1	NA	NA	NA	NA	2.4	NA
HCM-BROD-0046-C71	HCM-BROD-0046-C71-02A	T	NA	NA	NA	0.36	0.83	NA	NA	NA	NA	2.4	NA
HCM-BROD-0046-C71	HCM-BROD-0046-C71-85B	M	NA	NA	NA	0.3	NA	NA	NA	NA	NA	4	NA
HCM-BROD-0052-C49	HCM-BROD-0052-C49-01A	T	NA	NA	NA	0.45	0.81	NA	NA	NA	NA	2.86	NA
HCM-BROD-0052-C49	HCM-BROD-0052-C49-85A	M	NA	NA	NA	0.31	0.96	NA	NA	NA	NA	4.05	NA
HCM-BROD-0124-C25	HCM-BROD-0124-C25-85A	M	NA	NA	NA	1	1	NA	NA	NA	NA	2.36	NA
HCM-BROD-0140-C16	HCM-BROD-0140-C16-01A	T	NA	NA	NA	0.32	0.73	NA	NA	NA	NA	2.12	NA
HCM-BROD-0140-C16	HCM-BROD-0140-C16-85A	M	NA	NA	NA	0.5	0.99	NA	NA	NA	NA	2.26	NA
HCM-BROD-0221-C43	HCM-BROD-0221-C43-06A	T	NA	NA	NA	0.55	NA	NA	NA	NA	NA	3.15	NA
HCM-BROD-0221-C43	HCM-BROD-0221-C43-85N	M	NA	NA	NA	0.21	0.9	NA	NA	NA	NA	2.02	NA
HCM-BROD-0236-C34	HCM-BROD-0236-C34-06A	T	NA	NA	NA	0.41	NA	NA	NA	NA	NA	4.05	NA
HCM-BROD-0236-C34	HCM-BROD-0236-C34-85A	M	NA	NA	NA	0.5	0.99	NA	NA	NA	NA	1.92	NA
HCM-BROD-0488-C16	HCM-BROD-0488-C16-85M	M	NA	NA	NA	0.51	1	NA	NA	NA	NA	1.8	NA
HCM-BROD-0050-C49	HCM-BROD-0050-C49-85A	M	NA	NA	NA	0.99	NA	NA	NA	NA	NA	2.62	NA
HCM-BROD-0050-C49	HCM-BROD-0050-C49-86M	M	NA	NA	NA	1	NA	NA	NA	NA	NA	1	NA
HCM-BROD-0351-C49	HCM-BROD-0351-C49-06B	T	NA	NA	NA	1	NA	NA	NA	NA	NA	5.4	NA
HCM-BROD-0351-C49	HCM-BROD-0351-C49-85M	M	NA	NA	NA	0.85	NA	NA	NA	NA	NA	2	NA
HCM-BROD-0457-C71	HCM-BROD-0457-C71-01A	T	NA	NA	NA	0.71	NA	NA	NA	NA	NA	1.94	NA
HCM-BROD-0457-C71	HCM-BROD-0457-C71-85A	M	NA	NA	NA	0.31	NA	NA	NA	NA	NA	2.54	NA
HCM-BROD-0475-C16	HCM-BROD-0475-C16-85M	M	NA	NA	NA	1	NA	NA	NA	NA	NA	2.32	NA
HCM-BROD-0649-C49	HCM-BROD-0649-C49-06A	T	NA	NA	NA	0.48	NA	NA	NA	NA	NA	1.98	NA
HCM-BROD-0649-C49	HCM-BROD-0649-C49-85B	M	NA	NA	NA	0.17	NA	NA	NA	NA	NA	1.94	NA
HCM-BROD-0683-C43	HCM-BROD-0683-C43-06A	T	NA	NA	NA	1	NA	NA	NA	NA	NA	3.2	NA
HCM-BROD-0683-C43	HCM-BROD-0683-C43-85A	M	NA	NA	NA	1	NA	NA	NA	NA	NA	3.2	NA
HCM-BROD-0690-C43	HCM-BROD-0690-C43-85A	M	NA	NA	NA	0.97	NA	NA	NA	NA	NA	3.4	NA
HCM-BROD-0715-C43	HCM-BROD-0715-C43-06A	T	NA	NA	NA	1	NA	NA	NA	NA	NA	3.2	NA
HCM-BROD-0715-C43	HCM-BROD-0715-C43-85B	M	NA	NA	NA	1	NA	NA	NA	NA	NA	3.25	NA
HCM-BROD-0759-C15	HCM-BROD-0759-C15-85A	M	NA	NA	NA	0.98	NA	NA	NA	NA	NA	2.6	NA
HCM-BROD-0796-C71	HCM-BROD-0796-C71-01B	T	NA	NA	NA	0.69	NA	NA	NA	NA	NA	1.98	NA
HCM-BROD-0796-C71	HCM-BROD-0796-C71-85A	M	NA	NA	NA	0.51	NA	NA	NA	NA	NA	2.02	NA
HCM-BROD-1098-C91	HCM-BROD-1098-C91-85B	M	NA	NA	NA	0.36	NA	NA	NA	NA	NA	2.02	NA
HCM-BROD-1099-C84	HCM-BROD-1099-C84-85B	M	NA	NA	NA	0.16	NA	NA	NA	NA	NA	2.2801	NA
HCM-BROD-1100-C84	HCM-BROD-1100-C84-85B	M	NA	NA	NA	0.16	NA	NA	NA	NA	NA	2.32	NA
HCM-BROD-1102-C85	HCM-BROD-1102-C85-85A	M	NA	NA	NA	0.16	NA	NA	NA	NA	NA	2.74	NA
HCM-BROD-1103-C86	HCM-BROD-1103-C86-85A	M	NA	NA	NA	1	NA	NA	NA	NA	NA	2	NA
HCM-BROD-1104-C85	HCM-BROD-1104-C85-85A	M	NA	NA	NA	0.19	NA	NA	NA	NA	NA	2.78	NA
HCM-BROD-1105-C73	HCM-BROD-1105-C73-85A	M	NA	NA	NA	0.99	NA	NA	NA	NA	NA	2.02	NA
HCM-BROD-1117-C56	HCM-BROD-1117-C56-85A	M	NA	NA	NA	0.5	NA	NA	NA	NA	NA	4	NA
HCM-BROD-1130-C06	HCM-BROD-1130-C06-85B	M	NA	NA	NA	0.5	NA	NA	NA	NA	NA	1.74	NA
HCM-BROD-1131-C06	HCM-BROD-1131-C06-85B	M	NA	NA	NA	0.5	NA	NA	NA	NA	NA	1.72	NA
HCM-BROD-1181-C73	HCM-BROD-1181-C73-85B	M	NA	NA	NA	0.47	NA	NA	NA	NA	NA	2.12	NA
HCM-CSHL-0657-C25	HCM-CSHL-0657-C25-85A	M	NA	NA	NA	1	NA	NA	NA	NA	NA	2	NA
HCM-CSHL-0880-C18	HCM-CSHL-0880-C18-85M	M	NA	NA	NA	0.98	NA	NA	NA	NA	NA	2.22	NA
HCM-CSHL-1267-C22	HCM-CSHL-1267-C22-01A	T	NA	NA	NA	0.6	NA	NA	NA	NA	NA	2.04	NA
HCM-CSHL-1267-C22	HCM-CSHL-1267-C22-85A	M	NA	NA	NA	0.99	NA	NA	NA	NA	NA	2.08	NA
HCM-STAN-0914-C34	HCM-STAN-0914-C34-85B	M	NA	NA	NA	1	NA	NA	NA	NA	NA	3.5	NA
HCM-BROD-0719-C43	HCM-BROD-0719-C43-06B	T	1	0.15	NA	0.18	0.46	0.134751	2.1	5.16	NA	5.2	4.275683661
HCM-BROD-0960-C16	HCM-BROD-0960-C16-85A	M	0.99	1	0.994656893	1	0.99	0.185768	2	2.12	2.038511427	2.02	2.17609872
HCM-CSHL-0802-C67	HCM-CSHL-0802-C67-01A	T	0.24	0.25	0.498105263	0.25	0.52	0.220968	2.35	2.44	3.545595275	2.62	2.564800667
HCM-SANG-0518-C18	HCM-SANG-0518-C18-01A	T	0.41	0.4	0.397191347	NA	NA	0.218742	1.85	1.98	1.822941306	NA	4.016982037
HCM-SANG-0527-C18	HCM-SANG-0527-C18-01A	T	0.5	0.54	0.469474631	0.34	NA	0.277529	2.25	2.27	2.210252445	4.35	2.667786735
HCM-SANG-0529-C18	HCM-SANG-0529-C18-01A	T	0.39	0.35	0.357210316	0.37	NA	0.362216	2.5	3.14	2.931734167	3.1	3.05872852
HCM-SANG-0536-C18	HCM-SANG-0536-C18-08A	T	0.38	0.26	0.25451288	0.27	NA	0.25781	1.75	3.01	2.873862034	2.96	2.96565558
HCM-SANG-0544-C15	HCM-SANG-0544-C15-08A	T	0.32	0.34	0.333447554	0.34	NA	0.341559	2.7	2.69	2.954297106	2.7	2.681732364
HCM-SANG-0546-C15	HCM-SANG-0546-C15-08A	T	0.23	0.09	0.101560382	0.16	NA	0.147378	1.8	3.36	3.352661086	2.8	1.953430121
HCM-SANG-0548-C25	HCM-SANG-0548-C25-01A	T	0.33	0.21	0.212062396	0.22	NA	0.0981584	1.85	3.04	3.225428706	3.1	2.370709008
HCM-SANG-0778-C25	HCM-SANG-0778-C25-01A	T	0.55	0.57	0.570454882	0.74	NA	0.565872	3.2	3	2.938648867	1.52	3.06854161
HCM-SANG-0780-C25	HCM-SANG-0780-C25-01A	T	0.32	0.2	0.215488554	0.21	NA	0.109009	1.85	3.34	2.961899473	3.45	3.476919828
HCM-SANG-1081-C20	HCM-SANG-1081-C20-08A	T	0.34	0.11	failed	0.18	NA	0.0982204	1.85	2.92	failed	1.96	2.995885683
HCM-SANG-1083-C16	HCM-SANG-1083-C16-08A	T	1	0.1	0.065792655	0.22	NA	0.0430937	1.95	1.38	2.87954667	2	4.721263456
HCM-SANG-1085-C20	HCM-SANG-1085-C20-08A	T	0.21	0.1	0.260884866	0.28	NA	0.130333	4.9	5.21	2.220029416	2.02	2.893718445
HCM-SANG-1088-C18	HCM-SANG-1088-C18-01A	T	0.73	0.68	0.681553469	0.71	NA	0.740746	2.7	3.22	2.837912461	3.15	5.937036658
HCM-SANG-1091-C18	HCM-SANG-1091-C18-01A	T	0.37	0.23	0.224259488	0.24	NA	0.33431	2.1	4	4.295705291	3.9	2.10511302
HCM-SANG-1094-C16	HCM-SANG-1094-C16-01A	T	0.39	0.17	0.197861156	0.29	NA	0.0989987	1.95	5.73	4.956595917	2.94	2.959273681
HCM-SANG-1299-C15	HCM-SANG-1299-C15-08A	T	0.34	0.16	0.124925891	0.18	NA	0.0714657	1.75	3.23	4.032300414	3.15	2.41998249
HCM-SANG-1306-C25	HCM-SANG-1306-C25-01A	T	0.28	0.2	0.174923875	0.19	NA	0.0939241	1.85	4.79	2.868091246	2.64	3.031876608
HCM-SANG-1310-C15	HCM-SANG-1310-C15-01A	T	0.6	0.61	0.566371107	0.62	NA	0.391644	2.65	2.73	3.010203209	2.64	5.237646199
HCM-SANG-1322-C15	HCM-SANG-1322-C15-08A	T	0.49	0.33	0.323629407	0.34	NA	0.128878	2.35	3.65	3.471605588	3.65	3.384170515
HCM-SANG-1322-C15	HCM-SANG-1322-C15-85A	M	0.99	0.97	0.975142995	0.98	NA	0.313268	3.4	3.45	3.358064594	3.45	3.274891585
HCM-SANG-1323-C15	HCM-SANG-1323-C15-08A	T	1	0.15	0.186022135	0.19	NA	0.208498	2.2	2.69	2.637687945	4.65	1.712634799
HCM-SANG-1329-C15	HCM-SANG-1329-C15-01A	T	0.35	0.26	0.247277484	0.27	NA	0.135659	1.8	2.92	3.082494899	2.92	2.281293903
HCM-SANG-1333-C20	HCM-SANG-1333-C20-01A	T	0.3	0.26	0.326668615	0.28	NA	0.255714	2.05	2.38	2.298930651	2.44	2.407253982
HCM-BROD-0097-C15	HCM-BROD-0097-C15-06A	T	0.79	0.73	0.77	0.81	0.96	0.784756	3.55	3.8	3.68	3.8	3.882860043
HCM-BROD-0098-C15	HCM-BROD-0098-C15-06A	T	0.8	0.75	0.79	0.83	NA	0.794596	2.75	2.88	2.79	2.86	2.916718168
HCM-SANG-0551-C18	HCM-SANG-0551-C18-85A	M	1	0.99	0.865607543	0.87	NA	0.185135	2.2	2.03	2.072779085	2.04	2.204146954
HCM-SANG-1332-C18	HCM-SANG-1332-C18-08A	T	0.34	0.34	0.38773268	0.35	NA	0.341007	1.9	2	1.754643207	2	2.012709246
HCM-CSHL-0181-C25	HCM-CSHL-0181-C25-01A	T	0.44	0.09	0.58	0.22	0.58	0.104307	1.95	3.7	1.98	1.9	3.734438167
HCM-BROD-0101-C15	HCM-BROD-0101-C15-06A	T	0.64	0.1	defer	0.44	NA	0.0712221	1.9	1.58	defer	2	2.837350869
HCM-SANG-1304-C20	HCM-SANG-1304-C20-01A	T	0.29	0.1	0.047276514	0.14	NA	0.0535758	1.8	4.09	3.827832395	2	2.599062842
HCM-SANG-0541-C20	HCM-SANG-0541-C20-08A	T	0.3	0.11	0.070730935	0.18	NA	0.0364892	1.8	2	3.213871313	2	2.025289028
HCM-WCMC-0788-C34	HCM-WCMC-0788-C34-01A	T	0.3	0.11	0.43	0.17	0.43	0.121658	1.8	5.38	2.22	3.5	3.048414988
HCM-CSHL-0434-C24	HCM-CSHL-0434-C24-06A	T	1	0.13	0.56	0.16	0.45	0.196368	1.95	1.93	1.87	2.78	1.822876221
HCM-SANG-1312-C20	HCM-SANG-1312-C20-08A	T	0.26	0.13	0.09170743	0.08	NA	0.100527	1.75	1.97	3.239934694	2	2.003621621
HCM-BROD-0448-C15	HCM-BROD-0448-C15-06A	T	0.18	0.14	0.14	0.17	0.57	0.214899	1.95	3.19	3.35	3.1	1.894338729
HCM-SANG-0284-C18	HCM-SANG-0284-C18-01A	T	0.4	0.14	0.21	0.17	0.78	0.145401	2	3.37	5.4	3.35	3.402008008
HCM-SANG-1302-C15	HCM-SANG-1302-C15-08A	T	1	0.14	failed	0.17	NA	0.0878318	1.95	1.96	failed	1.98	2.134598432
HCM-CSHL-0377-C18	HCM-CSHL-0377-C18-01A	T	0.37	0.15	defer	0.46	0.85	0.169138	1.85	2.06	defer	2	2.01510524
HCM-BROD-0962-C16	HCM-BROD-0962-C16-06A	T	0.23	0.16	0.150365665	0.2	0.46	0.0573476	1.8	1.88	1.962122184	2	2.397648106
HCM-CSHL-0094-C25	HCM-CSHL-0094-C25-01A	T	1	0.17	0.19	0.21	0.5	0.268416	2	3.01	2.98	2.96	1.772008729
HCM-SANG-0294-C15	HCM-SANG-0294-C15-01A	T	0.25	0.17	0.18	0.22	0.77	0.101541	1.85	2.98	2.85	2.64	2.801436323
HCM-BROD-0120-C15	HCM-BROD-0120-C15-06A	T	0.38	0.19	0.18	0.21	0.62	0.23858	2.25	5.52	5.58	5.4	4.345258469
HCM-CSHL-0080-C25	HCM-CSHL-0080-C25-01A	T	0.44	0.2	0.22	0.23	0.51	0.220711	1.9	2.67	2.58	2.7	2.725808955
HCM-CSHL-0085-C24	HCM-CSHL-0085-C24-06A	T	0.28	0.2	0.22	0.23	0.44	0.206505	1.85	2.26	2.18	2.2	2.288066753
HCM-CSHL-0088-C25	HCM-CSHL-0088-C25-01A	T	1	0.2	0.19	0.23	0.44	0.230474	1.95	1.88	2.21	1.88	1.868084569
HCM-CSHL-0434-C24	HCM-CSHL-0434-C24-01A	T	0.21	0.2	defer	0.23	0.59	0.195465	3.45	3.36	defer	3.3	3.473171335
HCM-SANG-0547-C25	HCM-SANG-0547-C25-08A	T	1	0.2	0.220228588	0.24	NA	0.219503	1.95	1.82	1.661263875	1.86	1.892086619
HCM-CSHL-0366-C50	HCM-CSHL-0366-C50-01A	T	1	0.21	0.23	0.24	NA	0.147694	1.95	2.85	2.87	2.94	2.462151884
HCM-SANG-1089-C18	HCM-SANG-1089-C18-01A	T	0.27	0.21	0.220065487	0.24	NA	0.07532	1.75	2.07	2.210551634	2.04	3.16953265
HCM-SANG-1334-C18	HCM-SANG-1334-C18-01A	T	0.36	0.21	0.057483999	0.22	NA	0.03	2	1.99	3.318872665	2	2.019203785
HCM-WCMC-0751-C54	HCM-WCMC-0751-C54-01A	T	1	0.22	0.27	0.26	0.7	0.137341	2.1	2.08	2.18	2.08	2.711200919
HCM-BROD-0038-C41	HCM-BROD-0038-C41-85A	M	NA	0.23	0.23	0.27	0.94	NA	NA	2.97	3.04	2.92	NA
HCM-BROD-0577-C15	HCM-BROD-0577-C15-06A	T	0.2	0.23	0.15	0.15	0.68	0.0791875	1.95	1.47	2.58	3.9	2.287168261
HCM-CSHL-0058-C34	HCM-CSHL-0058-C34-86A	M	0.6	0.23	0.2	0.28	1	NA	NA	1.99	2.34	2	NA
HCM-SANG-0311-C15	HCM-SANG-0311-C15-08A	T	NA	0.23	NA	0.2	NA	NA	NA	2.01	NA	2	NA
HCM-CSHL-0180-C25	HCM-CSHL-0180-C25-01A	T	1	0.24	0.21	0.3	0.5	0.25981	2	1.78	2.26	1.76	1.76307223
HCM-CSHL-0838-C18	HCM-CSHL-0838-C18-06A	T	0.39	0.24	0.22	0.26	0.49	0.203375	1.95	3.42	3.99	3.4	1.589873842
HCM-BROD-0954-C34	HCM-BROD-0954-C34-01A	T	0.38	0.24	0.255261649	0.25	0.46	0.136212	1.65	2.98	2.768692133	3	3.937259965
HCM-SANG-0522-C18	HCM-SANG-0522-C18-01A	T	0.33	0.24	0.264902217	0.25	NA	0.229604	2.05	2.17	2.206635448	2.1	2.119073855
HCM-CSHL-0176-C25	HCM-CSHL-0176-C25-01A	T	0.2	0.25	0.21	0.32	0.74	0.284775	2	1.77	2.32	1.8	1.837388812
HCM-CSHL-0839-C34	HCM-CSHL-0839-C34-06A	T	0.25	0.25	0.23	0.27	0.51	0.260628	2.3	2.04	2.47	2.02	2.052977806
HCM-STAN-1109-D13	HCM-STAN-1109-D13-01A	T	0.35	0.25	failed	NA	0.8	0.133046	1.8	1.98	failed	NA	1.991814744
HCM-WCMC-0502-C15	HCM-WCMC-0502-C15-01A	T	0.36	0.25	0.63	0.21	0.61	0.214151	1.7	2.31	3.22	3.5	2.372346683
HCM-WCMC-0749-C34	HCM-WCMC-0749-C34-01A	T	0.32	0.25	0.27	0.26	0.48	0.10511	1.7	1.92	1.85	1.84	2.210696776
HCM-BROD-0339-C43	HCM-BROD-0339-C43-06A	T	0.31	0.25	0.17	0.2	NA	0.254688	1.75	1.34	2.14	2.42	1.355354603
HCM-BROD-1128-C15	HCM-BROD-1128-C15-85B	M	0.28	0.25	0.29831448	0.26	0.46	0.255361	2.45	2.8	2.743306983	2.88	2.852381792
HCM-SANG-0552-C25	HCM-SANG-0552-C25-08A	T	0.29	0.25	0.257085336	NA	NA	0.235646	1.95	1.88	2.067883412	NA	1.937550508
HCM-SANG-1087-C18	HCM-SANG-1087-C18-01A	T	1	0.25	0.099866422	0.28	NA	0.0905518	1.95	2.16	1.222822282	2.18	3.088402997
HCM-SANG-1321-C18	HCM-SANG-1321-C18-01A	T	0.29	0.25	no normal	0.27	NA	0.238727	1.8	2.14	no normal	2.16	2.082858896
HCM-BROD-0959-C18	HCM-BROD-0959-C18-06A	T	0.28	0.26	0.229737281	0.27	0.46	0.261261	2.65	2.86	3.453828433	2.92	3.142614531
HCM-CSHL-0059-C25	HCM-CSHL-0059-C25-01A	T	0.2	0.26	0.25	0.3	0.54	0.111127	2	2.04	2.46	2.02	2.788234232
HCM-CSHL-0081-C25	HCM-CSHL-0081-C25-01A	T	0.3	0.26	0.47	0.29	0.61	0.283736	1.95	1.87	4.04	1.84	1.900382625
HCM-CSHL-0182-C25	HCM-CSHL-0182-C25-01A	T	0.36	0.26	0.27	0.24	0.54	0.21366	2.1	3.43	3.45	4.5	5.198292039
HCM-SANG-1090-C18	HCM-SANG-1090-C18-08A	T	0.3	0.26	0.036760092	0.22	NA	0.0470725	2	1.98	2.828698056	2	2.149797348
HCM-BROD-0210-C71	HCM-BROD-0210-C71-02A	T	1	0.27	0.28	0.27	0.58	0.287967	2	1.92	1.92	1.92	1.961940361
HCM-BROD-0643-C43	HCM-BROD-0643-C43-06A	T	1	0.27	0.28	0.27	0.61	0.28356	1.95	2.13	2.18	2.1	2.121616194
HCM-CSHL-0189-C25	HCM-CSHL-0189-C25-01A	T	1	0.27	0.27	0.3	0.61	0.279975	1.95	1.94	2.25	1.96	1.993357314
HCM-CSHL-0817-C22	HCM-CSHL-0817-C22-01A	T	0.5	0.27	0.29	0.23	0.74	0.251268	1.85	3.7	3.8	2.66	1.84866018
HCM-CSHL-0076-C25	HCM-CSHL-0076-C25-01A	T	0.24	0.28	0.29	0.31	0.57	0.348822	1.85	1.88	2.33	1.9	1.931398451
HCM-CSHL-0085-C24	HCM-CSHL-0085-C24-01A	T	0.35	0.28	0.3	0.31	NA	0.295453	1.9	2.36	2.32	2.4	2.40672442
HCM-CSHL-0092-C25	HCM-CSHL-0092-C25-01A	T	0.39	0.28	0.28	0.32	0.52	0.28774	1.85	1.97	2.12	1.98	1.976274035
HCM-CSHL-0248-C19	HCM-CSHL-0248-C19-01A	T	0.27	0.28	0.31	0.25	0.76	0.249264	3.85	3.22	2.96	4.3	1.452988122
HCM-CSHL-0261-C50	HCM-CSHL-0261-C50-01A	T	0.48	0.28	0.32	0.33	0.51	0.276733	1.95	3.52	3.57	3.5	3.436571801
HCM-CSHL-0379-C18	HCM-CSHL-0379-C18-01B	T	0.42	0.28	0.35	0.24	0.69	0.156111	1.65	2.27	2.36	2.26	2.338946125
HCM-CSHL-0808-C55	HCM-CSHL-0808-C55-01A	T	0.3	0.28	0.271554613	0.18	0.47	0.121341	1.9	1.72	1.840568457	3.35	3.73169293
HCM-SANG-1301-C20	HCM-SANG-1301-C20-08A	T	0.31	0.28	0.289942813	0.29	NA	0.288555	1.9	2.1	2.269392124	2.08	2.10672271
HCM-BROD-1128-C15	HCM-BROD-1128-C15-06A	T	0.29	0.29	0.298134634	0.29	NA	0.301833	2.65	2.8	2.646327305	2.88	2.757371901
HCM-CSHL-0058-C34	HCM-CSHL-0058-C34-01B	T	0.47	0.29	defer	0.32	0.4	0.260281	1.95	2.09	defer	2.06	6.947146533
HCM-CSHL-0177-C25	HCM-CSHL-0177-C25-01B	T	0.21	0.29	0.28	0.34	0.65	0.317038	3.45	1.77	2.27	1.78	1.744446316
HCM-CSHL-0186-C25	HCM-CSHL-0186-C25-01A	T	0.33	0.29	0.28	0.29	0.62	0.299873	1.65	1.95	2.29	1.94	1.904206883
HCM-SANG-1309-C25	HCM-SANG-1309-C25-01A	T	0.3	0.29	0.277480913	0.31	NA	0.332266	1.75	1.72	2.132964887	1.76	1.739748646
HCM-SANG-1336-C15	HCM-SANG-1336-C15-01A	T	0.43	0.29	0.302168369	0.3	NA	0.289586	1.45	2.93	2.678260234	2.92	3.083281596
HCM-CSHL-0060-C18	HCM-CSHL-0060-C18-01B	T	0.51	0.3	NA	0.36	0.7	0.243632	1.95	3.36	NA	3.1	3.408900748
HCM-CSHL-0064-C18	HCM-CSHL-0064-C18-01A	T	0.33	0.3	0.3	0.33	0.9	0.307962	3.65	4.16	4.04	3.95	4.149209361
HCM-CSHL-0382-C19	HCM-CSHL-0382-C19-01A	T	0.39	0.3	0.27	0.31	0.51	0.309174	2.1	2.69	2.96	2.6	2.68356683
HCM-CSHL-0403-C25	HCM-CSHL-0403-C25-01B	T	0.46	0.3	0.32	0.36	0.42	0.172533	1.75	1.97	2.24	1.94	3.205583807
HCM-WCMC-0786-C34	HCM-WCMC-0786-C34-01A	T	0.35	0.3	0.14	0.36	0.46	0.0726051	1.85	2.05	2.51	1.96	2.238488205
HCM-WCMC-0948-C67	HCM-WCMC-0948-C67-01A	T	0.39	0.3	no normal	0.33	0.57	0.282831	1.9	2.92	no normal	2.86	3.228699724
HCM-SANG-0535-C20	HCM-SANG-0535-C20-08A	T	0.29	0.3	0.272895486	0.28	NA	0.0938648	2.35	2.14	2.360514142	2.04	3.023979559
HCM-CSHL-0074-C25	HCM-CSHL-0074-C25-01A	T	0.38	0.31	0.29	0.34	0.44	0.324846	1.8	1.95	2.26	1.9	1.916526313
HCM-CSHL-0460-C50	HCM-CSHL-0460-C50-01B	T	0.45	0.31	0.28	0.27	0.56	0.256379	2	2.01	2.46	2.06	3.274990916
HCM-BROD-0569-C43	HCM-BROD-0569-C43-06A	T	0.52	0.31	0.3	0.32	0.49	0.327493	1.8	4.12	4.35	4.2	4.493500396
HCM-SANG-1093-C18	HCM-SANG-1093-C18-01A	T	0.42	0.31	0.074631322	0.44	NA	0.0423096	1.95	1.99	3.365903978	2	1.75513903
HCM-CSHL-0084-C25	HCM-CSHL-0084-C25-01A	T	0.42	0.32	0.3	0.33	0.66	0.335393	1.95	2.77	3.19	2.82	2.871501943
HCM-CSHL-0089-C25	HCM-CSHL-0089-C25-01A	T	0.52	0.32	0.35	0.35	0.59	0.255586	1.85	3.24	3.27	3.2	1.484699855
HCM-CSHL-0241-C18	HCM-CSHL-0241-C18-01A	T	0.47	0.32	0.31	0.35	0.77	0.256885	2.1	3.57	3.98	3.6	1.731162772
HCM-CSHL-0250-C50	HCM-CSHL-0250-C50-01A	T	0.57	0.32	0.29	0.34	0.58	0.160088	1.95	3	3.15	2.98	5.282535324
HCM-CSHL-0463-C50	HCM-CSHL-0463-C50-85A	M	0.35	0.32	defer	0.88	1	0.131225	2	4	defer	2	1.997200211
HCM-WCMC-0504-C18	HCM-WCMC-0504-C18-01A	T	0.21	0.32	0.3	0.34	0.6	0.32732	4.1	2.04	2.54	2.04	2.050954894
HCM-BROD-0051-C64	HCM-BROD-0051-C64-06B	T	1	0.9	defer	0.45	NA	0.398671	4.35	1.74	defer	4.65	1.329082908
HCM-CSHL-0063-C18	HCM-CSHL-0063-C18-01A	T	0.24	0.33	0.32	0.38	0.69	0.34542	3.45	1.88	2.22	1.88	1.875891695
HCM-CSHL-0374-C25	HCM-CSHL-0374-C25-01A	T	0.54	0.34	defer	0.36	0.73	0.244766	1.8	3.65	defer	3.65	1.844461184
HCM-BROD-0116-C16	HCM-BROD-0116-C16-01A	T	0.35	0.35	0.33	0.38	0.65	0.366599	2.1	2.07	2.36	2.04	2.045828551
HCM-BROD-0118-C16	HCM-BROD-0118-C16-06A	T	0.26	0.35	0.33	0.35	NA	0.366555	4	2.13	2.5	2.14	2.166357398
HCM-BROD-0477-C16	HCM-BROD-0477-C16-06A	T	0.54	0.35	0.36	0.38	0.71	0.290853	1.75	3.48	3.35	3.5	1.693788917
HCM-BROD-0642-C43	HCM-BROD-0642-C43-85N	M	0.35	0.35	defer	0.36	0.91	0.0973266	2.1	2.05	defer	2.04	2.224078878
HCM-BROD-0710-C43	HCM-BROD-0710-C43-06C	T	0.23	0.35	0.346159261	0.35	0.58	0.358796	4.1	2.01	2.019656432	2.02	2.048619763
HCM-CSHL-0239-C18	HCM-CSHL-0239-C18-01A	T	0.42	0.35	0.37	0.38	0.71	0.280173	2.7	3.37	2.95	3.35	1.514881893
HCM-CSHL-0859-C22	HCM-CSHL-0859-C22-01A	T	0.52	0.35	0.35	0.38	0.74	0.273391	1.75	3.24	3.4	3.25	1.465374253
HCM-WCMC-0789-C34	HCM-WCMC-0789-C34-01A	T	0.73	0.35	0.46	0.2	0.54	0.368994	1.95	2.36	2.46	2.76	2.291626664
HCM-WCMC-1074-C56	HCM-WCMC-1074-C56-01A	T	0.34	0.35	0.25	0.23	0.68	0.107475	1.85	2.05	5.47	3.2	1.951998001
HCM-BROD-1123-C71	HCM-BROD-1123-C71-02A	T	0.23	0.35	0.480754505	0.37	0.36	0.377743	3.65	1.97	1.915159144	1.96	1.992198022
HCM-BROD-0036-C41	HCM-BROD-0036-C41-06A	T	0.58	0.36	defer	0.08	0.29	0.0617165	1.9	1.99	defer	2	2.754552011
HCM-CSHL-0158-C20	HCM-CSHL-0158-C20-01A	T	0.51	0.36	NA	0.39	0.88	0.416137	1.9	3.48	NA	3.4	3.532522183
HCM-CSHL-0868-C56	HCM-CSHL-0868-C56-06A	T	0.23	0.36	0.362968996	0.37	0.44	0.35449	3.25	1.67	1.82441744	1.66	1.661287385
HCM-SANG-0307-C15	HCM-SANG-0307-C15-01B	T	NA	0.36	0.37	0.4	NA	NA	NA	3.14	3.18	3.15	NA
HCM-SANG-1318-C20	HCM-SANG-1318-C20-06A	T	0.35	0.36	failed	0.37	NA	0.362001	2.95	3.08	failed	3	3.00927832
HCM-WCMC-0675-C67	HCM-WCMC-0675-C67-02A	T	0.38	0.36	defer	0.4	0.7	0.346571	3.5	3.88	defer	3.45	6.624753128
HCM-CSHL-0079-C25	HCM-CSHL-0079-C25-01A	T	0.26	0.37	0.21	0.4	0.52	0.382296	3.2	1.74	3.78	1.72	1.758365606
HCM-CSHL-0433-C24	HCM-CSHL-0433-C24-01A	T	0.26	0.37	defer	0.38	0.7	0.379389	3.3	1.82	defer	1.8	1.810362366
HCM-CSHL-1268-C24	HCM-CSHL-1268-C24-06A	T	0.24	0.37	0.472215153	0.39	0.58	0.0957447	3.9	2.12	2.153092124	2.14	3.209052474
HCM-CSHL-0061-C18	HCM-CSHL-0061-C18-01A	T	0.38	0.38	0.38	0.41	0.83	0.300097	3.95	3.87	3.97	3.8	2.057198061
HCM-CSHL-1264-C25	HCM-CSHL-1264-C25-01A	T	0.41	0.38	0.468232314	0.39	0.63	0.38001	1.8	2.02	1.978099126	2	2.015766605
HCM-CSHL-0147-C24	HCM-CSHL-0147-C24-01A	T	0.46	0.38	0.5	0.42	0.88	0.286677	3.95	5.27	3.55	5.4	3.870128058
HCM-SANG-0289-C15	HCM-SANG-0289-C15-01B	T	NA	0.38	0.4	0.32	NA	NA	NA	5.89	5.95	4.1	NA
HCM-WCMC-0952-C34	HCM-WCMC-0952-C34-01A	T	0.41	0.38	0.41	0.4	NA	0.396191	4.45	4.8	4.24	4.8	4.393287261
HCM-BROD-0745-C43	HCM-BROD-0745-C43-06B	T	0.58	0.39	0.41	0.42	0.6	0.400251	1.55	3.18	3.03	3.15	3.218578607
HCM-CSHL-0255-C18	HCM-CSHL-0255-C18-01A	T	0.4	0.39	0.467955437	0.41	0.76	0.409249	2.05	1.99	2.13147807	1.96	2.032293092
HCM-WCMC-0671-C18	HCM-WCMC-0671-C18-01A	T	0.59	0.39	0.42	0.44	0.75	0.329124	2	3.18	2.99	3.3	3.084410431
HCM-SANG-1339-C18	HCM-SANG-1339-C18-01A	T	0.38	0.39	0.382726538	0.41	NA	0.281358	4.45	4.29	4.572923795	4.2	2.276277753
HCM-CSHL-0179-C25	HCM-CSHL-0179-C25-01A	T	0.6	0.4	0.42	0.46	0.76	0.316288	1.85	3.4	3.45	3.45	1.603700218
HCM-CSHL-0618-C18	HCM-CSHL-0618-C18-06A	T	0.43	0.4	0.424398786	0.42	0.83	0.160733	2.95	3.37	3.031396301	3.4	3.029905454
HCM-WCMC-0753-C54	HCM-WCMC-0753-C54-01A	T	0.46	0.4	0.45	0.23	0.73	0.095209	1.95	2	2.2	2.82	4.622275041
HCM-SANG-1300-C18	HCM-SANG-1300-C18-01A	T	0.42	0.4	0.410494321	0.41	NA	0.202266	2.6	2.96	2.698953411	2.96	4.070563311
HCM-CSHL-0160-C18	HCM-CSHL-0160-C18-01B	T	0.53	0.41	0.41	0.46	0.64	0.116994	2	2.12	2.52	2.1	2.599568235
HCM-CSHL-0512-C24	HCM-CSHL-0512-C24-06A	T	0.3	0.41	0.39	0.44	0.6	0.428033	3.6	1.86	2.3	1.84	1.84931736
HCM-SANG-0297-C15	HCM-SANG-0297-C15-01A	T	0.57	0.41	0.4	0.46	NA	0.378313	1.7	3.21	3.23	2.94	3.098283657
HCM-BROD-0095-C15	HCM-BROD-0095-C15-06A	T	0.47	0.42	0.47	0.44	0.86	0.252722	2.05	2.5	2.43	2.58	5.361644513
HCM-BROD-0100-C15	HCM-BROD-0100-C15-01A	T	0.45	0.42	0.44	0.44	0.93	0.43152	2.35	2.66	2.48	2.7	2.748391947
HCM-BROD-0125-C25	HCM-BROD-0125-C25-01A	T	0.48	0.42	0.43	0.27	NA	0.154743	1.7	2.18	2.17	4.6	3.816545511
HCM-BROD-0483-C16	HCM-BROD-0483-C16-06A	T	0.57	0.42	0.42	0.45	0.6	0.37273	1.75	2.91	3	2.88	2.805127777
HCM-BROD-0695-C71	HCM-BROD-0695-C71-02B	T	0.27	0.42	defer	0.23	0.84	0.190738	3.75	2.04	defer	3.2	1.984446511
HCM-BROD-0701-C43	HCM-BROD-0701-C43-85M	M	0.38	0.42	defer	0.08	0.93	0.180003	1.85	2	defer	2	2.018741816
HCM-CSHL-0373-C25	HCM-CSHL-0373-C25-01A	T	0.47	0.42	0.4	0.29	0.52	0.281572	1.8	2.07	2.2	4.05	2.408549026
HCM-CSHL-0729-C18	HCM-CSHL-0729-C18-01A	T	0.45	0.42	defer	0.54	0.83	0.0561241	2	1.9	defer	2	2.554416092
HCM-SANG-1305-C15	HCM-SANG-1305-C15-08A	T	0.46	0.42	0.426399676	0.43	NA	0.261862	1.95	2.5	2.24911801	2.46	5.021504432
HCM-SANG-1320-C25	HCM-SANG-1320-C25-01A	T	0.41	0.42	0.389656215	0.42	NA	0.407642	1.85	1.8	1.918201734	1.84	1.923512507
HCM-CSHL-0162-C19	HCM-CSHL-0162-C19-01A	T	0.4	0.43	0.26	0.27	0.61	0.12411	2.1	1.65	3.34	3.25	3.963394254
HCM-BROD-0027-C34	HCM-BROD-0027-C34-06A	T	0.64	0.43	0.44524004	0.46	0.76	0.440825	1.75	3.87	3.833653366	3.85	3.887037417
HCM-SANG-0542-C18	HCM-SANG-0542-C18-01A	T	0.43	0.43	0.430602596	0.46	NA	0.1734	2.05	2.11	2.041143393	2.06	5.576408032
HCM-SANG-1330-C19	HCM-SANG-1330-C19-01A	T	0.43	0.43	NA	0.44	NA	0.592902	3.3	3.26	NA	3.25	1.83361499
HCM-BROD-0200-C71	HCM-BROD-0200-C71-01A	T	0.33	0.44	0.45	0.45	0.6	0.46367	3.75	1.99	2.36	1.98	1.989283887
HCM-CSHL-0091-C25	HCM-CSHL-0091-C25-01A	T	0.31	0.44	0.45	0.46	0.66	0.451107	3.6	1.86	1.89	1.84	1.877964731
HCM-CSHL-0183-C25	HCM-CSHL-0183-C25-01A	T	0.3	0.44	0.29	0.45	0.69	0.434012	3.65	1.78	3.31	1.78	1.768115796
HCM-CSHL-0655-C50	HCM-CSHL-0655-C50-06A	T	0.45	0.44	0.43	0.45	0.62	0.439223	2	1.99	2.23	1.98	1.989435947
HCM-WCMC-0945-C54	HCM-WCMC-0945-C54-01A	T	1	0.44	no normal	0.92	NA	0.123019	2	1.99	no normal	2	6.490640402
HCM-CSHL-0058-C34	HCM-CSHL-0058-C34-85C	M	0.3	0.45	defer	0.32	1	0.0531185	1.85	2	defer	2	2.06576564
HCM-CSHL-0658-C20	HCM-CSHL-0658-C20-06A	T	0.47	0.45	0.48	0.49	0.82	0.0986022	3.6	3.46	3.39	3.35	4.600300213
HCM-CSHL-0818-C56	HCM-CSHL-0818-C56-06A	T	0.47	0.45	0.449999647	NA	0.63	0.459571	2.75	3.01	2.924456878	NA	3.03348158
HCM-SANG-0277-C18	HCM-SANG-0277-C18-01B	T	0.48	0.45	0.72	0.47	NA	0.26926	1.9	2.06	1.99	2.12	2.205847754
HCM-WCMC-0747-C50	HCM-WCMC-0747-C50-01A	T	0.34	0.45	0.45	NA	0.56	0.0800741	2.05	2.04	2.4	NA	3.632540113
HCM-SANG-0517-C20	HCM-SANG-0517-C20-01A	T	0.48	0.45	0.456927466	0.46	NA	0.447914	2.5	3.01	2.840419864	3	3.011367573
HCM-SANG-1082-C15	HCM-SANG-1082-C15-08A	T	0.56	0.45	0.427438449	0.45	NA	0.441887	1.5	2.93	2.838029012	2.94	2.978942084
HCM-WCMC-0505-C16	HCM-WCMC-0505-C16-01A	T	0.49	0.45	0.47	0.49	0.71	0.465226	3.2	3.63	3.53	3.55	3.723837268
HCM-BROD-0615-C16	HCM-BROD-0615-C16-06A	T	0.52	0.46	0.483111221	0.54	0.89	0.320369	4	4.5	4.510714994	4.15	2.594022972
HCM-BROD-1124-C16	HCM-BROD-1124-C16-06A	T	0.44	0.46	0.472423824	0.48	0.79	0.120822	2.05	1.88	1.773821677	1.94	4.562058551
HCM-CSHL-0193-C25	HCM-CSHL-0193-C25-01A	T	0.33	0.46	0.44	0.49	0.73	0.472749	3.55	1.8	2.22	1.78	1.826743929
HCM-SANG-1311-C18	HCM-SANG-1311-C18-01A	T	0.7	0.46	failed	0.48	NA	0.308295	1.9	4.97	failed	4.9	3.733160471
HCM-SANG-1337-C18	HCM-SANG-1337-C18-01A	T	0.62	0.46	0.457880406	0.46	NA	0.464158	1.65	3.3	3.139405442	3.25	3.377150595
HCM-BROD-0483-C16	HCM-BROD-0483-C16-07A	T	0.42	0.47	0.46	0.45	0.6	0.24268	3.2	2.55	2.48	2.84	5.341126909
HCM-BROD-0689-C71	HCM-BROD-0689-C71-02A	T	0.46	0.47	0.47	0.5	0.52	0.478548	2.45	2.2	2.24	2.18	2.231201145
HCM-CSHL-0073-C25	HCM-CSHL-0073-C25-01B	T	0.35	0.47	0.46	0.5	0.79	0.491498	3.6	1.86	2.22	1.88	1.893453145
HCM-CSHL-0090-C25	HCM-CSHL-0090-C25-01A	T	0.5	0.47	0.45	0.51	0.65	0.209053	3	3.29	3.54	3.25	3.452749919
HCM-CSHL-0244-C20	HCM-CSHL-0244-C20-01B	T	0.62	0.47	0.48	0.54	0.71	0.265212	1.6	2.31	2.65	2.28	3.237140205
HCM-CSHL-0323-C20	HCM-CSHL-0323-C20-01A	T	0.32	0.47	0.48	0.49	0.87	0.480185	4.75	2.55	2.44	2.52	2.544518431
HCM-CSHL-0371-C25	HCM-CSHL-0371-C25-01A	T	0.36	0.47	0.47	0.51	0.78	0.503093	4	2.05	2.45	2	2.1008315
HCM-CSHL-0727-C18	HCM-CSHL-0727-C18-06A	T	0.63	0.47	0.48	0.51	0.7	0.373878	1.75	3.08	3.08	3.05	2.905527025
HCM-CSHL-0740-C18	HCM-CSHL-0740-C18-06A	T	0.53	0.47	0.49	0.51	0.84	0.493228	2.05	2.97	2.93	2.96	3.022307607
HCM-SANG-1314-C18	HCM-SANG-1314-C18-01A	T	0.63	0.47	0.461211636	0.65	NA	0.638833	1.8	3.58	3.338652583	1.76	1.772478504
HCM-BROD-1129-C56	HCM-BROD-1129-C56-85B	M	0.49	0.49	0.493264583	0.5	0.53	0.492663	1.9	1.93	1.941930674	1.92	1.936143069
HCM-CSHL-0078-C25	HCM-CSHL-0078-C25-01A	T	0.48	0.49	0.5	0.53	0.73	0.505055	3.1	3.04	2.82	3	2.998828789
HCM-CSHL-0187-C25	HCM-CSHL-0187-C25-01A	T	0.35	0.49	0.48	0.5	0.66	0.504983	3.5	1.93	2.17	1.9	1.931321552
HCM-WCMC-1287-C67	HCM-WCMC-1287-C67-85A	M	1	0.49	0.98	0.98	1	1	3.05	1.63	3.81	3.55	4.535243046
HCM-SANG-1313-C18	HCM-SANG-1313-C18-06A	T	0.49	0.49	0.651059539	0.68	NA	0.635399	3.8	3.93	1.987673428	1.94	2.101112196
HCM-BROD-0476-C56	HCM-BROD-0476-C56-85M	M	0.57	0.5	0.5	0.53	0.93	0.509169	2.85	3.26	3.26	3.25	3.25721184
HCM-BROD-0579-C16	HCM-BROD-0579-C16-06A	T	0.48	0.5	0.517711442	0.54	0.81	0.438573	3.95	3.54	3.419734129	3.45	3.735676209
HCM-BROD-0873-C43	HCM-BROD-0873-C43-01A	T	0.5	0.5	0.491546769	0.52	0.6	0.415994	3.25	3.35	3.516188045	3.4	4.760831851
HCM-CSHL-0141-C18	HCM-CSHL-0141-C18-01A	T	0.56	0.5	0.52	0.53	0.81	0.491313	2.9	3.45	3.44	3.45	3.500008315
HCM-CSHL-0240-C18	HCM-CSHL-0240-C18-01A	T	0.55	0.5	0.51	0.56	0.74	0.0679051	1.95	2.01	2.44	1.96	2.014947632
HCM-SANG-0272-C20	HCM-SANG-0272-C20-01B	T	0.37	0.5	0.5	0.52	NA	0.503981	3.75	1.97	2.33	2.06	2.008216571
HCM-BROD-0870-C43	HCM-BROD-0870-C43-06B	T	0.52	0.51	0.504424122	0.69	0.63	0.543871	3.8	3.97	4.330789247	1.98	6.013560713
HCM-CSHL-0077-C25	HCM-CSHL-0077-C25-01B	T	0.7	0.51	0.55	0.57	0.79	0.556983	1.85	3.69	3.47	3.7	3.692439105
HCM-CSHL-0164-C20	HCM-CSHL-0164-C20-06A	T	0.37	0.51	0.5	0.54	0.53	0.531119	4.05	2.03	2.48	2.02	2.021837753
HCM-CSHL-0322-C20	HCM-CSHL-0322-C20-01B	T	0.56	0.51	0.54	0.61	0.69	0.28151	3.85	3.8	3.88	3.8	2.987012655
HCM-CSHL-0405-C25	HCM-CSHL-0405-C25-01A	T	0.36	0.51	0.52	0.52	0.67	0.51369	3.55	1.89	1.79	1.88	1.924589253
HCM-WCMC-0673-C56	HCM-WCMC-0673-C56-05A	T	0.43	0.51	defer	1	0.67	0.129708	2	1.99	defer	2	2.62813352
HCM-SANG-0530-C15	HCM-SANG-0530-C15-08A	T	0.56	0.51	0.479412121	0.49	NA	0.463254	1.7	2.23	2.563537139	2.42	2.429336796
HCM-SANG-1315-C18	HCM-SANG-1315-C18-06A	T	0.52	0.51	0.505699199	0.52	NA	0.275437	2.5	2.55	2.596926956	2.56	5.531885875
HCM-BROD-1121-C71	HCM-BROD-1121-C71-01A	T	0.54	0.52	0.523945662	0.53	0.7	0.518886	1.8	2.03	2.01041714	2.02	2.004049226
HCM-CSHL-0184-C25	HCM-CSHL-0184-C25-01A	T	0.37	0.52	0.77	0.54	0.75	0.397487	4.2	2.17	2.14	2.16	4.29158177
HCM-CSHL-0384-D37	HCM-CSHL-0384-D37-31B	T	0.51	0.52	0.53	0.48	0.79	0.129258	1.65	2.03	2.31	3	1.9084895
HCM-WCMC-0946-C34	HCM-WCMC-0946-C34-01A	T	0.34	0.52	0.2	0.21	0.44	0.426379	1.9	2.04	1.66	1.86	3.827322269
HCM-SANG-0519-C20	HCM-SANG-0519-C20-01A	T	0.35	0.52	0.513030809	0.53	NA	0.516332	3.5	1.87	1.776451757	1.88	1.88709968
HCM-SANG-1327-C18	HCM-SANG-1327-C18-01A	T	0.35	0.52	0.517061316	0.53	NA	0.499514	4.8	2.45	2.399866747	2.38	2.444890951
HCM-BROD-0106-C71	HCM-BROD-0106-C71-02A	T	0.38	0.53	0.5	0.54	0.68	0.532404	3.65	1.95	1.84	1.94	1.919949676
HCM-BROD-0685-C71	HCM-BROD-0685-C71-01A	T	0.39	0.53	0.5	0.57	0.69	0.548768	3.6	1.93	2.31	1.94	1.966858835
HCM-BROD-0694-C43	HCM-BROD-0694-C43-85N	M	0.34	0.53	defer	0.08	0.85	0.089878	2	2	defer	2	2.012383053
HCM-CSHL-0372-C25	HCM-CSHL-0372-C25-01A	T	0.39	0.53	0.53	0.56	0.74	0.545243	3.8	1.93	2.38	1.92	1.91323095
HCM-STAN-0627-C34	HCM-STAN-0627-C34-01A	T	0.39	0.53	0.52	0.57	0.65	0.542295	3.7	2.1	2.26	2.04	2.092830457
HCM-CSHL-0174-C22	HCM-CSHL-0174-C22-01A	T	0.54	0.53	0.53	0.55	0.72	0.369953	1.85	1.82	1.85	1.82	3.656905139
HCM-BROD-0420-C71	HCM-BROD-0420-C71-02B	T	0.39	0.54	0.56	0.55	0.66	0.543632	3.55	1.94	1.85	1.92	1.943870065
HCM-BROD-0644-C25	HCM-BROD-0644-C25-06B	T	0.39	0.54	0.53	0.57	0.73	0.438314	4.8	2.56	2.69	2.54	4.590087777
HCM-CSHL-0161-C18	HCM-CSHL-0161-C18-01A	T	0.41	0.54	0.52	0.58	0.7	0.556789	3.6	1.94	2.3	1.92	1.939595269
HCM-CSHL-0622-C18	HCM-CSHL-0622-C18-06A	T	0.62	0.54	0.56	0.58	0.82	0.557156	2.3	2.94	2.81	2.92	2.926453358
HCM-CSHL-0075-C25	HCM-CSHL-0075-C25-01B	T	0.4	0.55	0.54	0.57	0.85	0.552813	4.85	2.52	2.84	2.56	2.652274443
HCM-BROD-0025-C16	HCM-BROD-0025-C16-01A	T	0.61	0.56	0.57	0.57	NA	0.108732	1.75	1.85	1.84	2.02	3.926537877
HCM-BROD-0028-C71	HCM-BROD-0028-C71-01A	T	0.42	0.56	0.59	0.6	0.67	0.579556	3.9	1.99	1.99	1.98	1.977285584
HCM-BROD-0873-C43	HCM-BROD-0873-C43-85B	M	0.54	0.56	0.560852145	0.58	0.96	0.425624	3.55	3.22	3.298398386	3.25	5.144551219
HCM-CSHL-0153-C50	HCM-CSHL-0153-C50-01B	T	NA	0.56	0.42	0.29	0.53	NA	NA	1.99	2.22	2.26	NA
HCM-CSHL-0159-C18	HCM-CSHL-0159-C18-01B	T	0.42	0.56	0.57	0.59	0.78	0.153856	4.25	2.3	2.3	2.28	3.998005197
HCM-CSHL-0243-C18	HCM-CSHL-0243-C18-01B	T	0.4	0.56	0.56	0.59	0.68	0.367942	4	2.11	2.33	2.08	3.280127185
HCM-SANG-0533-C20	HCM-SANG-0533-C20-01A	T	0.42	0.56	0.549295844	0.56	NA	0.2127	1.5	3.77	3.837711925	3.8	3.710167897
HCM-CSHL-0383-C18	HCM-CSHL-0383-C18-01A	T	0.58	0.57	0.57	0.61	0.79	0.599788	2.95	2.83	3.08	2.8	2.821048551
HCM-CSHL-0586-C32	HCM-CSHL-0586-C32-01A	T	0.59	0.57	0.58161087	0.59	NA	0.430928	2	2.29	2.215293275	2.2	4.363627479
HCM-SANG-0265-C18	HCM-SANG-0265-C18-06A	T	0.57	0.57	0.57	0.6	0.87	0.59251	3.05	2.8	3.18	2.82	2.811982849
HCM-SANG-0314-C15	HCM-SANG-0314-C15-01A	T	0.58	0.57	0.58	0.61	NA	0.383162	2.15	2.14	1.91	2.14	4.410227824
HCM-BROD-0421-C71	HCM-BROD-0421-C71-01B	T	0.62	0.58	0.62	0.65	0.83	0.626252	4.85	4.8	4.89	4.8	4.840198935
HCM-CSHL-0089-C25	HCM-CSHL-0089-C25-06A	T	0.61	0.58	0.61	0.63	0.8	0.630411	3.15	3.19	3.01	3.2	3.192579681
HCM-CSHL-0385-C18	HCM-CSHL-0385-C18-01A	T	0.44	0.58	0.42	0.62	0.75	0.404482	4.05	2.1	4.37	2.1	4.275292961
HCM-CSHL-0853-C56	HCM-CSHL-0853-C56-07B	T	0.57	0.58	0.414640838	0.59	0.64	0.402827	1.75	1.77	3.205982191	1.76	3.62139083
HCM-BROD-0701-C43	HCM-BROD-0701-C43-06B	T	0.61	0.58	0.59	0.38	0.79	0.233802	4.5	4.64	4.58	2.5	5.298276921
HCM-BROD-0040-C74	HCM-BROD-0040-C74-85B	M	0.41	0.59	0.072386998	0.6	0.96	0.0692638	1.85	2	3.022374127	2	1.722603243
HCM-BROD-0115-C16	HCM-BROD-0115-C16-01A	T	0.63	0.59	0.58	0.61	0.76	0.602144	1.65	2	2.38	1.96	1.988606208
HCM-BROD-0834-C43	HCM-BROD-0834-C43-06A	T	0.46	0.59	0.58	0.61	0.52	0.615947	3.8	2.07	2.39	2.06	2.059172032
HCM-BROD-1186-C64	HCM-BROD-1186-C64-01A	T	0.52	0.59	0.610404625	0.61	0.68	0.60012	4.15	3.2	3.081589089	3.2	3.208946524
HCM-CSHL-0258-C18	HCM-CSHL-0258-C18-01A	T	0.56	0.59	0.62	0.66	0.87	0.211874	3.1	2.58	2.27	2.54	3.683467006
HCM-WCMC-1359-C34	HCM-WCMC-1359-C34-01A	T	0.79	0.59	0.61	0.58	0.76	0.35291	1.8	3.57	3.37	3.65	1.625245831
HCM-BROD-0719-C43	HCM-BROD-0719-C43-85N	M	0.32	0.6	defer	0.62	0.89	0.204508	2	2.11	defer	2.1	2.316404327
HCM-CSHL-0238-C18	HCM-CSHL-0238-C18-01B	T	0.58	0.6	0.64	0.68	0.77	0.760676	4.6	3.43	3.35	3.35	2.748081037
HCM-SANG-0267-D12	HCM-SANG-0267-D12-31B	T	NA	0.6	defer	0.64	NA	NA	NA	2.27	defer	2.3	NA
HCM-SANG-0523-C15	HCM-SANG-0523-C15-01A	T	0.5	0.6	0.563854429	0.6	NA	0.661888	4.9	3.5	3.795085839	3.55	3.615975519
HCM-SANG-1086-C18	HCM-SANG-1086-C18-01A	T	0.6	0.6	0.591401397	NA	NA	0.62066	1.95	2.07	1.996525085	NA	2.095237945
HCM-BROD-0011-C71	HCM-BROD-0011-C71-01A	T	0.62	0.61	0.58	0.61	0.72	0.60132	1.85	2.03	2.38	2.02	2.022546441
HCM-SANG-0271-D12	HCM-SANG-0271-D12-31B	T	0.45	0.61	0.6	0.65	NA	0.48543	5	2.45	2.53	2.48	4.822318106
HCM-CSHL-0379-C18	HCM-CSHL-0379-C18-06A	T	NA	0.61	NA	0.64	NA	NA	NA	4.12	NA	4.1	NA
HCM-BROD-0048-C71	HCM-BROD-0048-C71-01A	T	0.65	0.62	0.64	0.55	NA	0.270553	1.8	2.04	2.13	defer	2.943976821
HCM-BROD-0199-C71	HCM-BROD-0199-C71-01A	T	0.51	0.62	0.61	0.66	0.82	0.657137	3.7	2	2.38	1.98	2.00766228
HCM-CSHL-0065-C20	HCM-CSHL-0065-C20-06A	T	0.8	0.62	0.79	0.83	0.87	0.44719	2.9	1.74	3.02	3.35	1.489115229
HCM-CSHL-0142-C18	HCM-CSHL-0142-C18-01A	T	0.66	0.62	0.65	0.68	0.88	0.683558	3.85	3.71	3.52	3.65	3.72924518
HCM-CSHL-0853-C56	HCM-CSHL-0853-C56-06A	T	0.61	0.62	0.603122148	0.62	0.71	0.625187	1.65	1.73	1.679082736	1.72	1.754013541
HCM-SANG-0270-C20	HCM-SANG-0270-C20-01B	T	NA	0.62	0.58	0.51	NA	NA	NA	2.19	2.58	2.28	NA
HCM-SANG-0539-C18	HCM-SANG-0539-C18-01A	T	0.46	0.62	0.625016321	0.64	NA	0.621389	4.3	2.19	2.221525748	2.18	2.170684971
HCM-SANG-1316-C18	HCM-SANG-1316-C18-06A	T	0.77	0.62	0.620542875	NA	NA	0.568484	1.75	3.8	3.673015649	NA	3.767482363
HCM-CSHL-0192-C25	HCM-CSHL-0192-C25-01A	T	0.63	0.63	0.46	0.64	0.69	0.634881	1.75	1.75	3.62	1.72	1.686902998
HCM-CSHL-0237-C18	HCM-CSHL-0237-C18-01B	T	0.54	0.63	0.5	0.53	0.82	0.486011	3.95	2.06	4.31	4.05	3.317380576
HCM-STAN-1113-C18	HCM-STAN-1113-C18-01A	T	0.67	0.63	0.64146012	NA	0.94	0.548986	3.1	3.32	3.643359308	NA	3.940865792
HCM-WCMC-0747-C50	HCM-WCMC-0747-C50-05A	T	0.66	0.63	1	0.59	0.56	0.273386	2	2.03	2.02	3.05	3.220746693
HCM-SANG-0267-D12	HCM-SANG-0267-D12-86A	M	0.48	0.63	0.58	NA	1	NA	2.25	2.34	2.59	NA	NA
HCM-CSHL-0178-C25	HCM-CSHL-0178-C25-01A	T	0.5	0.64	0.65	0.67	0.84	0.65835	3.65	1.98	1.88	1.96	1.949277009
HCM-CSHL-0462-D05	HCM-CSHL-0462-D05-31B	T	0.62	0.64	0.66	0.28	0.82	0.124422	1.85	2.02	1.94	4	1.623300344
HCM-SANG-0310-C15	HCM-SANG-0310-C15-01A	T	0.49	0.64	0.65	0.67	0.95	0.493541	4.7	2.51	2.43	2.5	4.918115685
HCM-BROD-0209-C71	HCM-BROD-0209-C71-02A	T	0.77	0.65	0.68	0.61	0.67	0.466395	2.35	3.23	3.28	3.05	3.164015321
HCM-CSHL-0621-C18	HCM-CSHL-0621-C18-06A	T	0.48	0.65	0.625186319	NA	0.85	0.662341	3.55	1.86	2.04640123	NA	1.872844323
HCM-BROD-0444-C43	HCM-BROD-0444-C43-06A	T	0.52	0.65	0.64	0.64	0.83	0.655251	4.4	2.3	2.69	2.32	2.348983127
HCM-BROD-0830-C71	HCM-BROD-0830-C71-02A	T	0.73	0.65	0.68	0.7	0.69	0.304408	3	3.34	3.35	3.35	3.30739251
HCM-BROD-0694-C43	HCM-BROD-0694-C43-06A	T	0.68	0.66	0.66	0.69	0.57	0.67865	1.75	1.78	2.21	1.8	1.795126568
HCM-BROD-0711-C64	HCM-BROD-0711-C64-85B	M	NA	0.66	0.674145639	0.68	0.65	NA	NA	1.73	1.662766414	1.74	NA
HCM-CSHL-0462-D05	HCM-CSHL-0462-D05-85T	M	0.68	0.66	0.66	0.69	1	0.697182	2.05	2.02	2.51	2.02	2.039728274
HCM-STAN-0848-C20	HCM-STAN-0848-C20-01A	T	0.51	0.66	0.667625526	0.68	0.9	0.502584	3.95	2.17	2.109315939	2.14	4.358561916
HCM-SANG-0537-C18	HCM-SANG-0537-C18-01A	T	0.67	0.66	0.662314958	0.67	NA	0.6767	1.85	1.98	1.901508689	1.96	1.991317365
HCM-BROD-0195-C71	HCM-BROD-0195-C71-01A	T	0.73	0.67	0.7	0.71	0.72	0.68203	2.9	3.32	3.36	3.3	3.304795287
HCM-BROD-0418-C71	HCM-BROD-0418-C71-01A	T	0.68	0.67	0.672766623	0.68	0.94	0.674611	1.9	2.06	1.977081731	2.06	2.100089747
HCM-CSHL-0078-C25	HCM-CSHL-0078-C25-06A	T	0.67	0.67	0.69	0.7	0.84	0.512476	3.25	3.05	2.85	3	6.14650634
HCM-CSHL-0853-C56	HCM-CSHL-0853-C56-07A	T	0.67	0.67	0.659212391	0.68	0.65	0.689148	1.75	1.8	2.198260956	1.8	1.822674268
HCM-BROD-0220-C15	HCM-BROD-0220-C15-85D	M	0.65	0.68	0.68	NA	0.94	0.646651	2.7	2.44	2.34	NA	2.629791815
HCM-BROD-0955-C15	HCM-BROD-0955-C15-06A	T	0.68	0.68	0.672665201	0.69	0.74	0.688883	2.5	2.72	2.650514404	2.72	2.69529135
HCM-BROD-0597-C64	HCM-BROD-0597-C64-01B	T	0.59	0.69	NA	0.55	0.58	0.258478	1.8	2.01	NA	2.96	3.130780289
HCM-CSHL-0603-C18	HCM-CSHL-0603-C18-06A	T	0.74	0.69	0.715180597	0.74	0.92	0.72545	2.65	3.03	3.128816839	3.05	3.070416806
HCM-STAN-1111-C19	HCM-STAN-1111-C19-01A	T	0.69	0.69	0.694429316	0.71	0.96	0.686252	3.45	3.44	3.427324171	3.4	3.438350664
HCM-BROD-0557-C43	HCM-BROD-0557-C43-06A	T	0.73	0.7	0.72	0.75	0.73	0.431485	3.7	3.9	3.84	3.9	2.071820093
HCM-CSHL-0057-C18	HCM-CSHL-0057-C18-01B	T	0.63	0.7	0.74	0.8	0.89	0.513638	5.05	2.68	2.86	2.6	4.586624512
HCM-STAN-0841-C18	HCM-STAN-0841-C18-01A	T	0.74	0.7	0.721096728	0.74	0.94	0.732708	3.75	3.86	3.812726996	3.75	3.855855912
HCM-WCMC-0949-C67	HCM-WCMC-0949-C67-01A	T	0.71	0.7	0.68	NA	0.89	0.223687	2.1	2.04	2.26	NA	2.05055547
HCM-BROD-0716-C43	HCM-BROD-0716-C43-06B	T	0.58	0.7	0.72	0.74	0.63	0.72177	3.8	2	1.92	1.98	1.986939094
HCM-CSHL-0369-D37	HCM-CSHL-0369-D37-31A	T	0.54	0.71	0.36	0.73	0.94	0.349295	2.2	2.12	2.25	2.12	2.237598154
HCM-CSHL-0878-C18	HCM-CSHL-0878-C18-06A	T	0.72	0.71	0.700825671	0.73	0.77	0.732369	1.7	1.76	1.791795095	1.74	1.772739388
HCM-STAN-0846-C20	HCM-STAN-0846-C20-01D	T	0.74	0.71	NA	0.75	0.87	0.748809	2.65	2.6	NA	2.6	4.705951654
HCM-SANG-1092-C18	HCM-SANG-1092-C18-01A	T	0.72	0.71	0.709687275	0.73	NA	0.774382	2.05	2.12	2.108083987	2.14	2.134332147
HCM-CSHL-0617-C22	HCM-CSHL-0617-C22-01B	T	NA	0.72	0.73	0.74	0.73	NA	NA	2.04	1.96	2.02	NA
HCM-CSHL-0625-C18	HCM-CSHL-0625-C18-06A	T	0.76	0.72	0.745252653	0.79	0.87	0.754768	3.2	3.28	3.458273934	3.2	3.29892455
HCM-STAN-0840-C49	HCM-STAN-0840-C49-06A	T	0.52	0.72	0.629479122	0.73	0.72	0.708136	2.6	1.12	1.649666098	1.12	1.183227393
HCM-BROD-0594-C43	HCM-BROD-0594-C43-06A	T	0.76	0.72	0.75	0.77	0.71	0.780833	2.85	3.06	3.04	3.05	3.151122396
HCM-SANG-1338-C20	HCM-SANG-1338-C20-08A	T	0.73	0.72	0.710461875	0.73	NA	0.72881	2.25	2.04	2.043527052	2.02	2.049165508
HCM-CSHL-0368-D37	HCM-CSHL-0368-D37-31A	T	0.74	0.73	0.73	0.76	0.92	0.826736	2.05	2.09	2.04	2.1	2.127705399
HCM-CSHL-0654-C26	HCM-CSHL-0654-C26-06A	T	0.7	0.73	0.73	0.76	0.88	0.671903	2.85	2.81	2.84	2.78	2.845790822
HCM-BROD-0014-C71	HCM-BROD-0014-C71-01A	T	0.74	0.74	0.75	0.77	0.95	0.755459	1.95	1.95	1.91	1.94	1.937293109
HCM-BROD-0874-C43	HCM-BROD-0874-C43-06A	T	0.76	0.74	0.773506014	0.81	0.83	0.735257	3.7	3.93	3.881819236	3.9	4.008035179
HCM-CSHL-0242-C18	HCM-CSHL-0242-C18-01B	T	0.69	0.74	0.77	0.79	0.87	0.266026	3.95	2.08	1.96	2.06	2.289490892
HCM-CSHL-0585-C06	HCM-CSHL-0585-C06-85E	M	0.73	0.74	0.730561733	0.75	0.98	0.378699	4.15	2.19	2.120551527	2.2	2.431547012
HCM-CSHL-0806-C54	HCM-CSHL-0806-C54-01A	T	0.76	0.74	0.744642836	0.77	0.83	0.116378	2	1.99	2.041724384	2	3.538632023
HCM-SANG-1326-C15	HCM-SANG-1326-C15-01A	T	0.73	0.74	0.737055819	0.76	NA	0.349906	2.6	2.88	2.778616373	2.8	3.957092737
HCM-BROD-0198-C71	HCM-BROD-0198-C71-01A	T	0.65	0.75	0.78	0.8	NA	0.753747	3.85	2.02	2.36	2.02	2.027838972
HCM-BROD-0234-C49	HCM-BROD-0234-C49-06A	T	0.78	0.75	0.76	0.8	0.71	0.458715	4.6	4.87	4.89	4.85	3.04689009
HCM-CSHL-0062-C18	HCM-CSHL-0062-C18-01A	T	0.41	0.75	defer	0.75	0.95	0.24429	2.15	2.11	defer	2.1	4.175400637
HCM-CSHL-0584-C19	HCM-CSHL-0584-C19-06A	T	0.62	0.75	0.76	0.78	0.96	0.793148	4.75	2.41	2.71	2.44	2.544048877
HCM-CSHL-0664-C18	HCM-CSHL-0664-C18-06A	T	0.78	0.75	0.78	0.81	0.88	0.760271	3.8	3.81	3.67	3.8	3.86619189
HCM-BROD-0455-C71	HCM-BROD-0455-C71-01A	T	0.82	0.76	0.78	0.82	0.73	0.265278	1.75	2.09	2.09	2.1	2.625560986
HCM-BROD-0783-C71	HCM-BROD-0783-C71-02A	T	0.81	0.76	0.758702985	0.78	NA	0.759676	1.9	1.86	2.172644299	3.3	1.907914555
HCM-CSHL-0835-C20	HCM-CSHL-0835-C20-06A	T	0.69	0.76	0.77	0.81	0.85	0.811034	4.05	2.11	2.09	2.14	2.101517242
HCM-BROD-0235-C16	HCM-BROD-0235-C16-06A	T	0.82	0.77	0.81	0.85	0.94	0.817366	3.25	3.35	3.17	3.25	3.341463781
HCM-CSHL-0247-C18	HCM-CSHL-0247-C18-06A	T	0.69	0.77	0.81	0.84	0.91	0.810046	3.65	1.95	1.89	1.96	2.003256014
HCM-CSHL-0467-C56	HCM-CSHL-0467-C56-06A	T	0.79	0.77	0.791446439	0.81	NA	0.912367	2.7	2.78	2.664513294	2.76	5.46119746
HCM-CSHL-0467-C56	HCM-CSHL-0467-C56-06A	T	0.79	0.77	0.791446439	0.81	0.91	0.912367	2.7	2.78	2.664513294	2.76	5.46119746
HCM-CSHL-0143-C20	HCM-CSHL-0143-C20-01A	T	0.69	0.78	0.82	0.83	0.94	0.349103	3.9	1.93	1.94	1.94	1.895738535
HCM-CSHL-0461-D12	HCM-CSHL-0461-D12-31A	T	0.31	0.78	defer	0.82	NA	0.03	1.8	2	defer	2	1.743229675
HCM-CSHL-0509-C24	HCM-CSHL-0509-C24-06A	T	0.86	0.78	0.83	0.86	0.83	0.03	1.95	2	2.39	2	2.08899702
HCM-CSHL-1262-C19	HCM-CSHL-1262-C19-06A	T	0.83	0.78	failed	0.81	0.92	0.237971	3.3	3.25	failed	3.2	3.990700932
HCM-BROD-0472-C34	HCM-BROD-0472-C34-06B	T	0.81	0.78	0.81	0.84	0.9	0.851775	3	3.15	2.89	3.1	3.179492573
HCM-BROD-0012-C71	HCM-BROD-0012-C71-01A	T	0.81	0.79	0.81	0.83	0.72	0.821527	1.9	1.96	2.38	1.96	1.955518782
HCM-BROD-0423-C71	HCM-BROD-0423-C71-01A	T	0.71	0.79	0.82	0.84	0.9	0.781132	4.05	2.15	2.42	2.14	2.154157353
HCM-BROD-0693-C71	HCM-BROD-0693-C71-01A	T	0.64	0.79	0.68	0.69	0.84	0.618786	3.85	1.92	3.75	3.75	3.641597383
HCM-CSHL-0147-C24	HCM-CSHL-0147-C24-85A	M	0.7	0.79	0.82	0.84	0.99	0.822996	4.65	2.49	2.42	2.48	2.471401193
HCM-CSHL-0376-D37	HCM-CSHL-0376-D37-31A	T	0.56	0.79	0.47	0.51	0.95	0.489301	1.85	2.02	2.4	2.04	2.050497304
HCM-CSHL-1266-C20	HCM-CSHL-1266-C20-06A	T	0.82	0.79	0.811946711	0.85	0.94	0.808328	3.65	3.83	3.857865906	3.8	3.879397483
HCM-CSHL-0731-C19	HCM-CSHL-0731-C19-06A	T	0.83	0.79	0.81	0.84	0.92	0.819474	3.6	3.56	3.77	3.5	3.563635398
HCM-BROD-0220-C15	HCM-BROD-0220-C15-06A	T	0.85	0.8	0.83	0.85	0.97	0.818797	2.45	2.71	2.59	2.72	2.744015896
HCM-BROD-0485-C15	HCM-BROD-0485-C15-06A	T	0.81	0.8	0.82	0.78	0.91	0.775224	1.95	2.18	2.46	2.2	2.206537528
HCM-CSHL-0247-C18	HCM-CSHL-0247-C18-01A	T	0.84	0.8	0.83	0.93	0.94	0.822615	3.35	3.64	3.91	1.82	3.748320113
HCM-BROD-0614-C71	HCM-BROD-0614-C71-01A	T	0.73	0.81	0.84	0.85	0.81	0.839992	3.95	2.03	2	2.02	2.014485141
HCM-CSHL-0857-C19	HCM-CSHL-0857-C19-06A	T	0.84	0.81	0.817050095	0.84	NA	0.835241	2.95	3.19	3.130137346	3.1	3.160686879
HCM-CSHL-1265-C25	HCM-CSHL-1265-C25-01A	T	0.84	0.81	0.822704596	NA	0.86	0.95362	3.4	3.76	3.51186112	NA	3.664920672
HCM-BROD-0960-C16	HCM-BROD-0960-C16-06A	T	0.83	0.81	0.821803694	0.81	0.93	0.282761	3.55	3.79	3.891314518	3.7	4.013621044
HCM-BROD-0002-C71	HCM-BROD-0002-C71-01A	T	0.75	0.82	0.841397266	0.87	0.81	0.850395	3.7	2	1.93680754	1.98	1.977937978
HCM-BROD-0417-C71	HCM-BROD-0417-C71-01A	T	0.85	0.82	0.84	0.86	0.79	0.834012	1.8	1.88	1.89	1.88	1.887433248
HCM-BROD-0831-C71	HCM-BROD-0831-C71-01A	T	0.85	0.82	0.84	0.85	0.82	0.842907	1.9	1.94	1.93	1.92	1.904130031
HCM-CSHL-0875-C67	HCM-CSHL-0875-C67-85B	M	0.38	0.82	0.035053812	0.82	1	0.197876	4.15	2.06	4.788471194	2.06	2.208563611
HCM-BROD-0223-C43	HCM-BROD-0223-C43-06A	T	0.76	0.83	0.85	0.87	0.86	0.856575	3.35	1.78	1.72	1.78	1.781972408
HCM-BROD-0794-C16	HCM-BROD-0794-C16-06B	T	0.84	0.83	0.824332851	0.85	0.96	0.850661	2.05	2.04	2.336280337	2.02	2.036207876
HCM-CSHL-0608-C17	HCM-CSHL-0608-C17-06A	T	0.47	0.83	0.27	0.82	0.82	0.418649	2.1	2.06	2.62	2.06	2.113953764
HCM-CSHL-0666-C24	HCM-CSHL-0666-C24-31A	T	0.88	0.83	0.85	0.89	0.98	0.859144	2	2	2.48	2	1.993388767
HCM-CSHL-0765-C56	HCM-CSHL-0765-C56-85P	M	0.86	0.83	0.851382673	0.88	0.99	0.782739	3.6	3.65	3.77788245	3.65	3.787601584
HCM-BROD-0047-C71	HCM-BROD-0047-C71-02A	T	0.87	0.83	0.86	0.82	0.83	0.862855	1.6	1.71	1.59	1.7	1.780663139
HCM-SANG-1317-C20	HCM-SANG-1317-C20-06A	T	0.83	0.83	0.819894647	0.85	NA	0.894772	3.1	3.33	3.217714204	3.3	3.279051708
HCM-SANG-1325-C15	HCM-SANG-1325-C15-08A	T	0.73	0.83	0.831468671	0.84	NA	0.697063	4.15	2.24	2.198837918	2.2	2.249357637
HCM-BROD-0007-C49	HCM-BROD-0007-C49-06A	T	0.8	0.84	0.85	0.85	NA	0.870303	2	3.76	3.81	3.75	3.77725803
HCM-BROD-0648-C71	HCM-BROD-0648-C71-02A	T	0.88	0.84	0.86	0.89	0.87	0.87261	1.9	2.01	2.35	1.98	1.983343856
HCM-BROD-0709-C64	HCM-BROD-0709-C64-85B	M	0.86	0.84	0.86	0.87	0.86	0.855902	1.85	1.9	1.91	1.9	1.900943087
HCM-CSHL-0860-C18	HCM-CSHL-0860-C18-06A	T	0.83	0.84	0.847427053	0.88	0.95	0.856777	1.95	2.05	2.010751194	2	2.053148196
HCM-WCMC-1287-C67	HCM-WCMC-1287-C67-01A	T	NA	0.84	0.67	0.5	0.97	1	NA	3.84	2.1	1.78	4.645823723
HCM-BROD-0681-C71	HCM-BROD-0681-C71-02A	T	0.88	0.84	0.86	0.89	0.85	0.885221	1.85	1.99	2.31	1.98	2.016206044
HCM-BROD-0104-C71	HCM-BROD-0104-C71-01A	T	0.89	0.85	0.88	0.89	NA	0.888466	2	2.03	2.03	2.02	2.021477199
HCM-BROD-0227-C43	HCM-BROD-0227-C43-85M	M	0.87	0.85	0.86	0.89	0.93	0.877389	3.15	2.95	3.11	2.96	3.012707512
HCM-BROD-0613-C71	HCM-BROD-0613-C71-01A	T	0.78	0.85	0.86	0.89	0.81	0.86353	4	2.16	2.51	2.12	2.145178887
HCM-BROD-0679-C43	HCM-BROD-0679-C43-06A	T	0.8	0.85	0.88	0.9	0.78	0.880786	3.7	1.93	2.33	1.92	1.958208295
HCM-CSHL-0507-C20	HCM-CSHL-0507-C20-06A	T	0.89	0.85	0.86	0.92	0.93	0.874354	3.65	3.96	3.83	1.96	3.980095591
HCM-CSHL-0514-C50	HCM-CSHL-0514-C50-85B	M	0.35	0.85	0.195096358	0.46	1	0.0847517	2.05	2.03	2.605492632	2.06	2.246264567
HCM-CSHL-0807-C54	HCM-CSHL-0807-C54-01A	T	0.9	0.85	defer	0.87	0.87	0.0971467	2.05	2.07	defer	2.06	3.978293826
HCM-CSHL-1269-C18	HCM-CSHL-1269-C18-06A	T	0.86	0.85	NA	NA	0.91	0.826496	2.85	2.93	NA	NA	2.925566261
HCM-WCMC-0950-C67	HCM-WCMC-0950-C67-01A	T	0.87	0.85	0.74	0.88	0.98	0.162395	1.9	1.97	4.07	1.94	2.891954923
HCM-CSHL-0582-C18	HCM-CSHL-0582-C18-06A	T	0.89	0.85	0.88	0.9	0.95	0.779318	2.7	2.87	2.74	2.86	5.749780168
HCM-BROD-0199-C71	HCM-BROD-0199-C71-02A	T	0.88	0.86	0.87	0.89	0.87	0.876384	1.85	1.97	1.89	1.96	1.969435534
HCM-BROD-0415-C71	HCM-BROD-0415-C71-02B	T	0.81	0.86	0.88	0.87	0.93	0.861425	1.95	1.99	2.01	1.98	1.984889319
HCM-BROD-0650-C56	HCM-BROD-0650-C56-06A	T	0.88	0.86	0.873140371	0.89	0.97	0.767403	2.5	2.54	2.503676639	2.56	5.157983989
HCM-WCMC-0951-C67	HCM-WCMC-0951-C67-01A	T	0.84	0.86	0.85	0.84	0.97	0.88984	1.95	1.99	1.99	2	2.029457875
HCM-BROD-0003-C71	HCM-BROD-0003-C71-01A	T	0.85	0.86	0.87	0.9	0.9	0.892063	3.85	2.93	2.87	2.88	2.876008657
HCM-BROD-0709-C64	HCM-BROD-0709-C64-01A	T	0.9	0.87	0.89	0.92	0.9	0.897527	1.85	1.91	2.28	1.88	1.902052641
HCM-CSHL-0366-C50	HCM-CSHL-0366-C50-85B	M	0.88	0.87	0.89	0.93	1	0.896044	2.7	2.6	2.53	2.6	2.6450741
HCM-BROD-0596-C43	HCM-BROD-0596-C43-06A	T	0.88	0.87	0.88	0.96	0.91	0.822453	4.25	3.58	3.74	1.76	3.70578226
HCM-BROD-0225-C43	HCM-BROD-0225-C43-85N	M	1	0.88	defer	0.84	0.94	NA	1.95	2	defer	2	NA
HCM-BROD-0724-C43	HCM-BROD-0724-C43-06A	T	0.97	0.88	0.904068754	0.98	0.93	0.901407	4	4.13	4.104468086	4.1	4.180711999
HCM-BROD-0870-C43	HCM-BROD-0870-C43-85N	M	0.54	0.88	0.109439364	0.9	0.93	0.43416	2	2	3.000659254	2	7.116837643
HCM-CSHL-0730-C25	HCM-CSHL-0730-C25-85A	M	0.9	0.88	0.89	0.92	1	0.942324	2.05	2	2.39	1.98	2.007157032
HCM-CSHL-0853-C56	HCM-CSHL-0853-C56-85B	M	0.89	0.88	0.886674448	0.91	0.99	0.897059	1.6	1.71	1.742729618	1.7	1.770473499
HCM-BROD-0561-C43	HCM-BROD-0561-C43-06A	T	0.91	0.88	0.89	0.91	0.84	0.894025	1.8	2.02	1.79	1.96	2.017284161
HCM-BROD-0196-C71	HCM-BROD-0196-C71-01A	T	0.92	0.89	0.9	0.92	0.92	0.906424	1.85	1.98	1.93	1.96	1.95856803
HCM-BROD-0226-C43	HCM-BROD-0226-C43-85M	M	0.98	0.9	0.9	0.99	1	0.916084	2.85	2.91	3.14	2.9	2.995572936
HCM-BROD-0642-C43	HCM-BROD-0642-C43-06A	T	0.88	0.9	0.9	0.99	0.91	0.887701	3.15	3.06	3.06	3.05	3.155698164
HCM-BROD-0681-C71	HCM-BROD-0681-C71-85R	M	0.98	0.9	0.99	1	0.98	0.995131	3.75	1.97	1.94	1.98	2.005697389
HCM-BROD-0762-C49	HCM-BROD-0762-C49-85B	M	0.29	0.9	0.25003461	0.9	0.91	0.0330757	2	2	2.491462305	2	3.208412367
HCM-BROD-1122-C49	HCM-BROD-1122-C49-85B	M	0.3	0.9	0.095073236	0.58	0.95	0.0420393	2	2	3.15537843	2	3.562299229
HCM-SANG-0312-C15	HCM-SANG-0312-C15-85A	M	0.89	0.9	0.73	1	0.99	0.299391	2.05	2.01	1.96	2	2.046009081
HCM-WCMC-1284-C67	HCM-WCMC-1284-C67-01B	T	0.72	0.9	no normal	0.92	0.93	0.409953	3.55	1.98	no normal	1.96	6.885738062
HCM-BROD-0001-C18	HCM-BROD-0001-C18-06A	T	NA	0.91	0.89	1	0.96	NA	NA	3.28	3.69	3.25	NA
HCM-CSHL-0239-C18	HCM-CSHL-0239-C18-85A	M	0.93	0.91	0.92	0.95	0.99	0.87583	3.05	3.25	3.01	3.2	3.425477655
HCM-CSHL-0510-D13	HCM-CSHL-0510-D13-01A	T	0.95	0.91	0.39	0.75	0.97	0.393874	2.05	1.78	1.25	3.45	1.457250226
HCM-CSHL-0768-C56	HCM-CSHL-0768-C56-85B	M	0.9	0.91	0.909826818	0.93	1	0.812053	3	2.98	2.75543929	2.94	3.037421548
HCM-BROD-0213-C71	HCM-BROD-0213-C71-02A	T	0.95	0.92	0.93	0.93	0.9	0.936847	1.95	1.97	1.95	1.96	1.954713726
HCM-BROD-0682-C64	HCM-BROD-0682-C64-85A	M	0.98	0.92	0.917725887	0.99	0.98	0.923526	3.35	3.15	3.359623355	3.2	3.220750158
HCM-BROD-0711-C64	HCM-BROD-0711-C64-01A	T	0.94	0.92	0.930146196	0.95	0.98	0.999964	1.6	1.73	2.054097158	1.72	1.728242845
HCM-BROD-0871-C49	HCM-BROD-0871-C49-06B	T	0.94	0.92	0.934114363	0.95	0.74	0.966041	1.8	1.89	1.76182766	1.88	1.953592665
HCM-BROD-0595-C43	HCM-BROD-0595-C43-06A	T	0.99	0.92	0.93	0.99	0.96	0.935706	2.9	3.09	3.02	3.1	3.158033308
HCM-CSHL-0369-D37	HCM-CSHL-0369-D37-85P	M	0.6	0.93	0.48	0.91	1	0.465615	1.95	2.07	2.65	2.08	2.175684446
HCM-CSHL-0853-C56	HCM-CSHL-0853-C56-85F	M	0.91	0.93	0.922964724	0.96	0.98	0.934829	1.55	1.71	2.16094204	1.72	1.821734635
HCM-SANG-0282-C18	HCM-SANG-0282-C18-85B	M	0.56	0.93	0.95	0.08	NA	0.03	2	2.01	1.99	2	2.704344901
HCM-BROD-0758-C43	HCM-BROD-0758-C43-06A	T	0.99	0.93	0.93	0.99	0.94	0.935043	3.45	3.59	3.62	3.55	3.597031672
HCM-BROD-0103-C71	HCM-BROD-0103-C71-01A	T	0.94	0.94	0.95	1	0.97	0.951874	1.85	1.93	1.93	1.92	1.907760905
HCM-CSHL-0636-C02	HCM-CSHL-0636-C02-85A	M	NA	0.94	NA	NA	NA	0.94048	NA	3.16	NA	NA	3.198934006
HCM-CSHL-0636-C02	HCM-CSHL-0636-C02-85A	M	0.89	0.94	0.94	0.99	1	0.94048	3.25	3.16	3.01	3.1	3.198934006
HCM-CSHL-0800-C67	HCM-CSHL-0800-C67-85A	M	0.9	0.94	0.930395752	0.98	0.99	0.986804	2.7	3	2.879160213	3	2.991610049
HCM-WCMC-0673-C56	HCM-WCMC-0673-C56-01A	T	0.41	0.94	defer	0.49	0.38	0.112416	1.95	2.01	defer	3	2.477727879
HCM-WCMC-0945-C54	HCM-WCMC-0945-C54-85A	M	1	0.94	no normal	0.98	NA	0.150011	2	1.99	no normal	2	6.150044067
HCM-BROD-0793-C15	HCM-BROD-0793-C15-06A	T	0.94	0.94	0.94	0.99	0.99	0.999943	1.85	2.03	2	2	2.130871796
HCM-WCMC-0751-C54	HCM-WCMC-0751-C54-85A	M	0.55	0.94	0.32	0.53	0.99	0.319769	1.6	3.78	3.83	1.8	3.516242933
HCM-BROD-0416-C71	HCM-BROD-0416-C71-01A	T	0.99	0.95	0.95	0.94	0.93	0.949972	2	2.01	2.46	2	2.022507573
HCM-BROD-0579-C16	HCM-BROD-0579-C16-85M	M	1	0.95	0.947909161	0.99	1	0.96302	3.6	3.39	3.352308968	3.35	3.528656566
HCM-BROD-1078-C49	HCM-BROD-1078-C49-06B	T	0.96	0.95	0.954703373	0.96	NA	0.972486	1.85	1.93	1.898803976	1.92	1.996006084
HCM-CSHL-0078-C25	HCM-CSHL-0078-C25-85Q	M	0.97	0.95	0.97	0.99	NA	0.943679	3.15	3.16	3.06	3.15	3.135843968
HCM-CSHL-0608-C17	HCM-CSHL-0608-C17-85A	M	0.57	0.95	0.52	0.95	0.99	0.474875	2.1	2.07	2.57	2.06	2.113735711
HCM-CSHL-0853-C56	HCM-CSHL-0853-C56-85D	M	0.93	0.95	0.945617374	0.97	0.99	0.998364	3.35	1.76	1.790358364	1.74	3.548443018
HCM-WCMC-1285-C54	HCM-WCMC-1285-C54-01A	T	0.3	0.95	0.22	0.19	NA	0.246072	1.85	1.99	3.81	2.9	1.837904299
HCM-WCMC-1285-C54	HCM-WCMC-1285-C54-85A	M	0.64	0.95	0.99	0.97	NA	0.504056	2	2.05	2.03	2.06	2.171434728
HCM-CSHL-0811-C55	HCM-CSHL-0811-C55-01A	T	0.98	0.95	0.95	1	1	0.702186	3.25	3.25	3.23	3.15	3.833268803
HCM-BROD-0007-C49	HCM-BROD-0007-C49-85B	M	1	0.96	0.977267649	0.99	1	0.483033	1.9	3.71	3.61022296	3.75	1.788244225
HCM-BROD-0254-C49	HCM-BROD-0254-C49-86N	M	NA	0.96	0.99	1	1	NA	NA	3.63	3.61	3.65	NA
HCM-BROD-1186-C64	HCM-BROD-1186-C64-85B	M	0.99	0.96	0.916146979	0.92	0.95	0.888834	3.2	1.66	3.209374933	3.3	3.414389496
HCM-CSHL-0241-C18	HCM-CSHL-0241-C18-85A	M	0.97	0.96	0.94	1	1	1	2	2.01	2.49	2	2
HCM-WCMC-1340-C54	HCM-WCMC-1340-C54-01A	T	NA	0.96	0.24	0.24	NA	NA	NA	1.99	3.7	1.74	NA
HCM-CSHL-0467-C56	HCM-CSHL-0467-C56-85M	M	NA	0.96	0.962410221	NA	NA	NA	NA	2.77	2.637872753	NA	NA
HCM-SANG-0527-C18	HCM-SANG-0527-C18-85A	M	1	0.96	0.980114804	0.99	NA	1	3.75	3.93	3.830532512	3.9	3.921394516
HCM-BROD-0041-C64	HCM-BROD-0041-C64-01A	T	0.85	0.97	0.8	0.86	0.93	0.818427	1.5	1.84	2.34	1.98	1.904286505
HCM-BROD-0055-C64	HCM-BROD-0055-C64-01A	T	1	0.97	0.47	0.97	0.9	0.0907347	2	2.03	2.38	2.04	2.778071721
HCM-BROD-0958-C56	HCM-BROD-0958-C56-85B	M	0.28	0.97	0.393702662	0.24	0.32	0.0789925	1.85	1.97	1.93591142	1.98	2.288554315
HCM-CSHL-0081-C25	HCM-CSHL-0081-C25-85B	M	0.9	0.97	0.97	1	NA	0.972293	1.65	1.9	1.83	1.84	1.893562179
HCM-CSHL-0179-C25	HCM-CSHL-0179-C25-85A	M	0.98	0.97	0.98	1	1	0.978338	3.55	3.29	3.19	3.3	3.472531714
HCM-CSHL-0639-C56	HCM-CSHL-0639-C56-85A	M	0.28	0.97	0.068317633	0.98	1	0.0606753	2	1.99	3.112640124	2	1.706027833
HCM-SANG-0778-C25	HCM-SANG-0778-C25-85A	M	0.98	0.97	0.990010257	1	NA	0.999981	5	5.15	2.544484256	2.6	2.659011876
HCM-SANG-0779-C25	HCM-SANG-0779-C25-85A	M	0.91	0.97	0.981762438	1	NA	0.954712	2.65	5.64	5.596201607	2.8	2.799882751
HCM-SANG-1081-C20	HCM-SANG-1081-C20-85A	M	0.95	0.97	0.978068093	1	NA	0.888826	2.55	5.58	5.670487517	2.78	5.597799236
HCM-BROD-0011-C71	HCM-BROD-0011-C71-85A	M	1	0.98	0.99	1	1	0.99199	3.45	3.6	3.52	3.6	3.62245245
HCM-BROD-0027-C34	HCM-BROD-0027-C34-85A	M	0.98	0.98	0.98	0.99	1	0.983202	3.8	3.86	3.85	3.85	3.828120303
HCM-BROD-0116-C16	HCM-BROD-0116-C16-85B	M	1	0.98	0.99	1	1	0.890995	3.1	3.35	3.31	3.35	3.335963505
HCM-BROD-0138-C25	HCM-BROD-0138-C25-85B	M	0.98	0.98	0.99	0.99	1	0.992683	3.1	3.16	2.96	3.15	3.181147278
HCM-BROD-0232-C25	HCM-BROD-0232-C25-85B	M	0.97	0.98	0.99	1	1	0.975053	3.3	3.29	3.2	3.3	3.376004716
HCM-BROD-0254-C49	HCM-BROD-0254-C49-85M	M	1	0.98	0.99	1	1	0.495517	3.6	3.74	3.7	3.8	1.904615964
HCM-BROD-0254-C49	HCM-BROD-0254-C49-85N	M	0.93	0.98	0.99	1	1	0.359958	3.75	3.74	3.89	3.75	3.517803539
HCM-BROD-0254-C49	HCM-BROD-0254-C49-86M	M	NA	0.98	0.99	1	1	NA	NA	3.86	3.69	3.8	NA
HCM-BROD-0332-C43	HCM-BROD-0332-C43-85M	M	0.97	0.98	0.99	0.99	0.98	0.98939	1.65	3.06	3.07	3.1	3.103203511
HCM-BROD-0411-C25	HCM-BROD-0411-C25-85M	M	1	0.98	0.98	1	0.99	0.298149	2.8	3.39	3.32	3.35	3.208106917
HCM-BROD-0414-C25	HCM-BROD-0414-C25-85M	M	1	0.98	0.99	1	1	1	1.6	3.42	3.29	3.35	3.388715498
HCM-BROD-0455-C71	HCM-BROD-0455-C71-85A	M	0.96	0.98	0.98	1	0.96	0.383555	4.35	4.44	4.36	4.45	3.291717346
HCM-BROD-0477-C16	HCM-BROD-0477-C16-85M	M	0.94	0.98	0.98	0.99	0.99	0.267154	3.25	3.29	6.26	3.25	2.948245238
HCM-BROD-0482-C34	HCM-BROD-0482-C34-85M	M	0.97	0.98	0.97	0.99	0.98	0.921875	3.65	3.9	3.76	3.85	3.907619453
HCM-BROD-0557-C43	HCM-BROD-0557-C43-85M	M	1	0.98	0.98	1	0.96	0.966809	3.35	3.53	3.44	3.55	3.518814774
HCM-BROD-0561-C43	HCM-BROD-0561-C43-85M	M	0.97	0.98	0.99	0.99	0.97	0.929174	3.1	3.25	3.28	3.25	3.40386774
HCM-BROD-0596-C43	HCM-BROD-0596-C43-85O	M	0.99	0.98	0.99	1	1	0.373321	3.9	3.49	3.41	1.74	3.513692273
HCM-BROD-0615-C16	HCM-BROD-0615-C16-85M	M	0.99	0.98	0.984229447	1	1	0.624289	4.05	4.31	4.241591711	4.3	1.611510794
HCM-BROD-0685-C71	HCM-BROD-0685-C71-85A	M	0.96	0.98	0.97	1	0.99	0.976854	1.5	3.42	3.33	1.7	3.544611217
HCM-BROD-0755-C43	HCM-BROD-0755-C43-85M	M	0.98	0.98	0.99	1	0.97	0.989	3.4	3.13	3.44	3.15	3.088333951
HCM-BROD-0783-C71	HCM-BROD-0783-C71-85R	M	0.91	0.98	0.896183074	0.99	1	0.483499	3.35	1.77	3.642037309	1.78	1.727210243
HCM-BROD-0830-C71	HCM-BROD-0830-C71-85R	M	1	0.98	0.99	0.99	0.99	0.19679	3	3.19	3.26	3.25	4.070348025
HCM-BROD-0923-C64	HCM-BROD-0923-C64-85B	M	1	0.98	failed	0.99	1	0.248217	2.2	2.23	failed	2.24	2.908561165
HCM-BROD-0957-C34	HCM-BROD-0957-C34-85A	M	0.95	0.98	0.976245425	0.99	1	0.931812	3.15	3.42	3.419581943	3.3	3.293702818
HCM-BROD-1119-C43	HCM-BROD-1119-C43-06A	T	0.99	0.98	0.978845778	1	0.97	0.997595	1.95	2.03	2.410799064	2.04	2.063246753
HCM-CSHL-0064-C18	HCM-CSHL-0064-C18-85A	M	0.99	0.98	0.99	1	1	0.87905	3.85	4.01	3.89	4	3.972366803
HCM-CSHL-0064-C18	HCM-CSHL-0064-C18-86A	M	NA	0.98	0.98	1	1	NA	NA	4.05	4.06	4	NA
HCM-CSHL-0065-C20	HCM-CSHL-0065-C20-85A	M	1	0.98	0.99	0.99	1	0.955975	3.35	3.39	3.21	3.4	3.388476685
HCM-CSHL-0089-C25	HCM-CSHL-0089-C25-85M	M	0.96	0.98	0.99	0.99	1	0.954444	3.55	3.39	3.28	3.35	3.444337097
HCM-CSHL-0141-C18	HCM-CSHL-0141-C18-85A	M	0.81	0.98	0.99	1	0.99	0.496492	4.1	3.39	3.31	3.35	1.52672478
HCM-CSHL-0142-C18	HCM-CSHL-0142-C18-85A	M	0.91	0.98	0.99	1	1	0.318297	4.15	3.67	3.59	3.65	3.525202002
HCM-CSHL-0155-C50	HCM-CSHL-0155-C50-85D	M	0.99	0.98	0.99	0.99	1	0.999544	3	3.13	3.35	3.1	3.230209693
HCM-CSHL-0158-C20	HCM-CSHL-0158-C20-85A	M	0.99	0.98	0.99	1	1	0.952185	3.7	3.67	3.58	3.6	3.655193616
HCM-CSHL-0160-C18	HCM-CSHL-0160-C18-85A	M	0.97	0.98	0.98	0.98	1	0.933997	4.5	4.66	4.64	4.65	4.720431207
HCM-CSHL-0181-C25	HCM-CSHL-0181-C25-85B	M	NA	0.98	0.99	1	1	0.330585	NA	3.39	3.38	3.35	3.142333086
HCM-CSHL-0238-C18	HCM-CSHL-0238-C18-85A	M	0.99	0.98	0.98	1	1	0.983957	3.25	3.06	2.93	3.05	3.077568304
HCM-CSHL-0261-C50	HCM-CSHL-0261-C50-85D	M	1	0.98	0.98	1	0.99	0.961056	3.6	3.35	3.43	3.35	3.35622527
HCM-CSHL-0374-C25	HCM-CSHL-0374-C25-85A	M	0.97	0.98	0.99	1	1	1	3.5	3.6	3.53	3.5	3.593364115
HCM-CSHL-0434-C24	HCM-CSHL-0434-C24-85A	M	0.95	0.98	0.98	0.99	1	0.889913	2.85	3.35	3.6	3.3	3.443740701
HCM-CSHL-0434-C24	HCM-CSHL-0434-C24-85M	M	0.99	0.98	0.98	1	1	0.99082	1.75	3.42	3.19	3.4	3.477230253
HCM-CSHL-0464-C50	HCM-CSHL-0464-C50-85D	M	0.96	0.98	0.99	0.99	0.99	0.908428	2.8	3.35	3.28	3.25	3.453372609
HCM-CSHL-0601-C25	HCM-CSHL-0601-C25-85A	M	0.99	0.98	0.99	0.99	1	0.9643	2	3.22	3.06	3.15	3.324248304
HCM-CSHL-0625-C18	HCM-CSHL-0625-C18-85M	M	0.96	0.98	0.991057353	1	1	0.98542	3	3.06	2.866568004	3.05	3.057850769
HCM-CSHL-0658-C20	HCM-CSHL-0658-C20-85O	M	0.99	0.98	0.99	1	0.99	0.310704	3.15	3.25	3.1	3.2	2.758498662
HCM-CSHL-0664-C18	HCM-CSHL-0664-C18-85M	M	1	0.98	0.98	1	1	1	3.15	3.74	3.69	3.7	3.74078282
HCM-CSHL-0669-C18	HCM-CSHL-0669-C18-85M	M	1	0.98	0.973987797	1	1	0.988166	2.05	2.05	2.04615639	2.04	2.050768482
HCM-CSHL-0670-C18	HCM-CSHL-0670-C18-85M	M	0.99	0.98	0.98	1	1	0.86433	4.4	4.81	4.73	4.7	4.709006832
HCM-CSHL-0808-C55	HCM-CSHL-0808-C55-85A	M	1	0.98	0.982636596	1	1	0.987426	3.2	3.35	3.276432135	3.3	3.568346028
HCM-CSHL-0817-C22	HCM-CSHL-0817-C22-85A	M	0.92	0.98	0.99	0.99	1	1	3.3	3.53	3.51	3.5	3.528821588
HCM-CSHL-0821-C19	HCM-CSHL-0821-C19-85M	M	0.99	0.98	0.99	1	1	0.950533	2.1	3.32	3.34	3.3	3.304519786
HCM-CSHL-0838-C18	HCM-CSHL-0838-C18-85M	M	1	0.98	0.99	1	0.99	0.384709	2.5	3.06	3.21	3	2.779979491
HCM-CSHL-0857-C19	HCM-CSHL-0857-C19-85M	M	1	0.98	0.981485492	0.99	1	1	2.9	3.1	3.122450218	3.05	3.148439684
HCM-CSHL-0858-C25	HCM-CSHL-0858-C25-85M	M	0.97	0.98	0.99	0.99	0.99	1	3.35	3.1	3.06	3.05	3.163068102
HCM-CSHL-1096-C44	HCM-CSHL-1096-C44-85B	M	1	0.98	0.980484839	0.99	1	0.968002	3.35	3.56	3.442412065	3.65	3.672996525
HCM-CSHL-1262-C19	HCM-CSHL-1262-C19-85M	M	0.8	0.98	0.982925201	0.98	1	0.917442	2.85	3.1	3.206145069	3.15	2.981288983
HCM-SANG-0266-C20	HCM-SANG-0266-C20-85A	M	1	0.98	defer	1	NA	0.552589	3.25	3.19	defer	3.15	2.578573928
HCM-SANG-0269-C18	HCM-SANG-0269-C18-85A	M	0.97	0.98	0.99	1	0.99	0.993179	3.35	3.16	3.12	3.15	3.242668267
HCM-SANG-0272-C20	HCM-SANG-0272-C20-85A	M	0.99	0.98	0.99	1	1	0.989722	3.4	3.35	2.99	3.35	3.427007563
HCM-SANG-0280-C18	HCM-SANG-0280-C18-85A	M	1	0.98	0.98	0.99	1	0.905041	2	3.6	3.41	3.55	3.734436533
HCM-SANG-0284-C18	HCM-SANG-0284-C18-85A	M	0.93	0.98	NA	0.99	1	0.956044	2.85	3.16	NA	3.15	3.267111193
HCM-SANG-0292-C15	HCM-SANG-0292-C15-85A	M	1	0.98	0.99	1	0.99	0.989206	3.05	3.46	3.27	3.45	3.395163886
HCM-SANG-0293-C15	HCM-SANG-0293-C15-85A	M	1	0.98	0.99	1	1	0.989226	1.6	1.68	1.66	1.68	1.704049067
HCM-SANG-0302-C15	HCM-SANG-0302-C15-85A	M	0.96	0.98	0.98	1	0.99	0.500768	3.8	3.32	3.18	3.25	3.908872141
HCM-SANG-0308-C15	HCM-SANG-0308-C15-85A	M	0.98	0.98	0.95	1	0.99	0.949457	4.05	3.94	3.68	3.95	3.975364443
HCM-SANG-0309-C15	HCM-SANG-0309-C15-85A	M	0.95	0.98	0.98	1	0.99	0.946937	3.35	3.1	2.92	3.05	3.191430386
HCM-STAN-1111-C19	HCM-STAN-1111-C19-85B	M	0.93	0.98	0.9858617	1	1	0.955813	3.55	3.42	3.425379843	3.4	3.430715919
HCM-STAN-1113-C18	HCM-STAN-1113-C18-85B	M	1	0.98	0.983450101	0.99	0.99	0.998621	3.2	3.29	3.287348848	3.25	3.862063526
HCM-WCMC-0671-C18	HCM-WCMC-0671-C18-85A	M	1	0.98	0.98	1	1	0.283038	2.9	3.06	3.35	3.1	3.213779775
HCM-WCMC-0788-C34	HCM-WCMC-0788-C34-85A	M	0.97	0.98	0.98	1	1	0.91706	4.1	4.39	4.31	4.4	4.469767771
HCM-WCMC-0950-C67	HCM-WCMC-0950-C67-85A	M	0.25	0.98	0.01	0.26	1	0.03	1.75	1.99	4.7	2	3.029345863
HCM-WCMC-0951-C67	HCM-WCMC-0951-C67-85A	M	1	0.98	0.98	1	1	0.999623	1.85	1.88	1.9	1.88	1.95000442
HCM-CSHL-0812-C54	HCM-CSHL-0812-C54-85B	M	1	0.98	0.990219805	0.99	0.99	0.714547	3.25	3.29	3.376251538	3.25	3.640507864
HCM-CSHL-0864-C44	HCM-CSHL-0864-C44-85B	M	0.98	0.98	0.990773944	0.99	1	1	3.4	3.6	3.714898075	3.55	3.644629337
HCM-SANG-0283-C18	HCM-SANG-0283-C18-85A	M	0.99	0.98	0.98	0.52	1	0.976534	4.3	4.31	4.59	4.4	4.501011849
HCM-SANG-0285-C18	HCM-SANG-0285-C18-85A	M	0.84	0.98	0.98	0.92	1	0.872619	4.45	4.44	4.32	2.76	4.536132917
HCM-SANG-0311-C15	HCM-SANG-0311-C15-85B	M	NA	0.98	NA	0.91	NA	NA	NA	2.1	NA	2.16	NA
HCM-SANG-0523-C15	HCM-SANG-0523-C15-85A	M	0.98	0.98	0.981230064	0.99	NA	0.976824	3.3	3.49	3.528282199	3.5	3.535444718
HCM-SANG-0528-C25	HCM-SANG-0528-C25-85A	M	0.99	0.98	0.981358842	1	NA	0.999989	3.05	3.03	2.951222266	2.94	2.963725559
HCM-SANG-0539-C18	HCM-SANG-0539-C18-85A	M	0.97	0.98	0.983020342	1	NA	0.5592	3.7	3.9	4.145107079	1.88	4.261241498
HCM-SANG-0542-C18	HCM-SANG-0542-C18-85A	M	0.99	0.98	0.987021885	0.99	NA	1	3.6	3.71	3.395826322	3.55	3.72388942
HCM-SANG-0547-C25	HCM-SANG-0547-C25-85A	M	1	0.98	0.988856623	0.99	NA	0.896433	2.95	3.19	3.130966672	3.2	3.21423668
HCM-SANG-0549-C15	HCM-SANG-0549-C15-85A	M	0.94	0.98	0.972415511	0.99	NA	1	2.05	3.71	3.079811871	2	3.980827225
HCM-SANG-0780-C25	HCM-SANG-0780-C25-85A	M	0.99	0.98	0.989446856	0.99	NA	0.999777	3.1	3.29	3.190695233	3.3	3.332587601
HCM-SANG-1088-C18	HCM-SANG-1088-C18-85A	M	0.99	0.98	0.992543939	1	NA	0.99997	3	3.22	2.807531564	3.2	3.155747105
HCM-SANG-1091-C18	HCM-SANG-1091-C18-85A	M	1	0.98	0.984680106	0.99	NA	0.855378	3.55	3.71	3.936655327	3.75	3.871739024
HCM-SANG-1313-C18	HCM-SANG-1313-C18-85A	M	1	0.98	0.990066813	0.99	NA	0.976672	3.45	3.42	3.605000776	3.4	3.370901472
HCM-SANG-1320-C25	HCM-SANG-1320-C25-85A	M	1	0.98	failed	1	NA	0.978124	3.35	3.39	failed	3.4	3.449753604
HCM-SANG-1332-C18	HCM-SANG-1332-C18-85A	M	0.93	0.98	0.977929517	1	NA	0.730511	3.4	3.9	3.74256173	1.92	3.861920649
HCM-SANG-1333-C20	HCM-SANG-1333-C20-85A	M	0.96	0.98	0.981406699	0.98	NA	0.890304	3.75	3.97	4.095817839	4	4.012954561
HCM-SANG-1337-C18	HCM-SANG-1337-C18-85A	M	0.99	0.98	0.993709013	1	NA	0.988595	3.1	3.19	2.99923536	3.2	3.226753211
HCM-WCMC-1292-C67	HCM-WCMC-1292-C67-85A	M	NA	0.98	0.990429767	1	NA	NA	NA	3.25	3.231248263	3.2	NA
HCM-BROD-0001-C18	HCM-BROD-0001-C18-85M	M	0.97	0.99	0.987754085	1	1	0.921188	2.2	2.51	2.507939761	2.5	5.098643554
HCM-BROD-0002-C71	HCM-BROD-0002-C71-85A	M	0.7	0.99	0.99	1	0.95	0.164088	2	1.9	1.82	1.92	4.533960944
HCM-BROD-0003-C71	HCM-BROD-0003-C71-85B	M	1	0.99	0.99	0.99	0.98	0.885843	3.6	2.89	2.83	2.86	2.866154103
HCM-BROD-0003-C71	HCM-BROD-0003-C71-86A	M	NA	0.99	0.98	0.99	0.92	NA	NA	2.69	2.8	2.72	NA
HCM-BROD-0012-C71	HCM-BROD-0012-C71-85A	M	1	0.99	0.99	1	1	0.139028	3.95	1.95	1.94	1.92	5.430951484
HCM-BROD-0012-C71	HCM-BROD-0012-C71-86A	M	NA	0.99	0.99	1	1	NA	NA	1.93	1.95	1.94	NA
HCM-BROD-0014-C71	HCM-BROD-0014-C71-85B	M	0.99	0.99	0.99	1	1	0.999261	1.95	1.97	1.93	1.96	1.993367141
HCM-BROD-0029-C71	HCM-BROD-0029-C71-86A	M	NA	0.99	0.99	1	0.99	NA	NA	2.05	1.99	2.02	NA
HCM-BROD-0041-C64	HCM-BROD-0041-C64-85A	M	0.97	0.99	0.98	1	0.99	0.17055	2	1.99	2	1.98	5.380896318
HCM-BROD-0098-C15	HCM-BROD-0098-C15-85A	M	0.98	0.99	0.99	1	1	0.993198	2.75	2.86	2.78	2.84	2.896694318
HCM-BROD-0106-C71	HCM-BROD-0106-C71-85A	M	0.98	0.99	0.99	1	1	0.991891	1.8	1.92	1.87	1.92	1.949514349
HCM-BROD-0111-C25	HCM-BROD-0111-C25-85A	M	0.96	0.99	0.99	1	1	0.99879	2.85	3	2.83	2.96	2.980795591
HCM-BROD-0115-C16	HCM-BROD-0115-C16-86B	M	NA	0.99	0.99	1	1	NA	NA	2.01	1.85	2	NA
HCM-BROD-0118-C16	HCM-BROD-0118-C16-85A	M	0.99	0.99	0.99	1	1	1	2	2.07	2.01	2.06	2.076638543
HCM-BROD-0132-C25	HCM-BROD-0132-C25-85A	M	0.97	0.99	0.98	1	1	0.998569	2.7	2.72	2.74	2.68	2.713591905
HCM-BROD-0134-C25	HCM-BROD-0134-C25-85A	M	0.95	0.99	0.98	0.99	1	0.9652	2.75	2.72	2.62	2.7	2.719140765
HCM-BROD-0198-C71	HCM-BROD-0198-C71-85B	M	0.97	0.99	0.99	1	1	0.987489	1.9	1.99	1.96	2	1.986376133
HCM-BROD-0199-C71	HCM-BROD-0199-C71-85A	M	0.93	0.99	0.99	1	1	0.996366	1.75	1.99	1.95	1.96	2.011286836
HCM-BROD-0208-C16	HCM-BROD-0208-C16-85B	M	1	0.99	0.98	1	1	0.973663	2.3	2.34	2.25	2.26	4.598618059
HCM-BROD-0209-C71	HCM-BROD-0209-C71-85A	M	0.97	0.96	0.99	1	1	0.491152	3.75	3.86	1.9	1.88	2.02197333
HCM-BROD-0213-C71	HCM-BROD-0213-C71-85A	M	0.93	0.99	0.99	1	1	0.996591	1.85	1.93	1.88	1.92	1.993303858
HCM-BROD-0214-C71	HCM-BROD-0214-C71-85A	M	1	0.99	0.98	0.99	1	0.477812	5.5	2.41	4.54	2.8	5.019255047
HCM-BROD-0230-C25	HCM-BROD-0230-C25-85D	M	0.91	0.99	0.984244688	1	1	0.984796	1.75	1.99	1.928842409	1.98	2.018462783
HCM-BROD-0335-C43	HCM-BROD-0335-C43-85M	M	0.99	0.99	0.99	0.99	1	0.981841	2.9	2.89	2.93	2.9	2.903647107
HCM-BROD-0413-C25	HCM-BROD-0413-C25-85O	M	1	0.99	0.99	1	NA	0.990264	1.85	1.93	1.89	1.94	1.947594013
HCM-BROD-0420-C71	HCM-BROD-0420-C71-85R	M	1	0.99	0.99	1	1	0.989515	1.8	1.82	1.77	1.8	1.851868262
HCM-BROD-0423-C71	HCM-BROD-0423-C71-85D	M	1	0.99	0.99	1	0.99	0.99199	1.85	1.93	1.89	1.92	1.986343204
HCM-BROD-0481-C43	HCM-BROD-0481-C43-85M	M	NA	0.99	0.99	1	0.98	NA	NA	2.97	2.81	2.96	NA
HCM-BROD-0577-C15	HCM-BROD-0577-C15-85M	M	0.99	0.99	0.99	0.99	1	0.951193	2.9	2.89	2.84	2.88	2.899926427
HCM-BROD-0594-C43	HCM-BROD-0594-C43-85M	M	0.99	0.99	0.99	0.99	0.99	0.927224	2.55	2.92	2.92	2.88	2.964652914
HCM-BROD-0614-C71	HCM-BROD-0614-C71-85B	M	1	0.99	0.99	1	1	0.966723	1.95	2.01	1.91	2	2.014131709
HCM-BROD-0644-C25	HCM-BROD-0644-C25-85M	M	0.99	0.99	0.99	1	0.99	0.912652	2.45	2.53	2.47	2.5	2.51006007
HCM-BROD-0650-C56	HCM-BROD-0650-C56-85N	M	0.99	0.99	0.97664635	0.99	0.99	0.942448	2.45	2.56	2.470246271	2.56	5.16918938
HCM-BROD-0689-C71	HCM-BROD-0689-C71-85R	M	0.99	0.99	0.98	1	0.95	0.991786	2.15	2.12	1.95	2.1	2.132220968
HCM-BROD-0695-C71	HCM-BROD-0695-C71-85R	M	1	0.99	0.99	1	0.99	1	3.85	2.01	1.92	2	2.052448584
HCM-BROD-0703-C16	HCM-BROD-0703-C16-85M	M	1	0.99	0.99	1	NA	0.97746	2.55	2.69	2.65	2.7	5.503466563
HCM-BROD-0710-C43	HCM-BROD-0710-C43-85M	M	0.99	0.99	0.992308298	0.99	0.97	0.980082	2.05	2.14	2.028269921	2.14	2.153151372
HCM-BROD-0716-C43	HCM-BROD-0716-C43-85N	M	0.92	0.99	0.99	1	0.95	0.990043	1.85	2.03	1.97	2.04	4.048614086
HCM-BROD-0781-C71	HCM-BROD-0781-C71-85A	M	0.95	0.99	0.99394166	0.99	0.94	0.937136	3.35	1.8	1.750152663	1.78	3.650522798
HCM-BROD-0871-C49	HCM-BROD-0871-C49-85M	M	1	0.99	0.991828152	1	0.95	0.992277	1.8	1.9	2.138418239	1.88	1.956471247
HCM-BROD-0922-C71	HCM-BROD-0922-C71-85A	M	1	0.99	0.993196459	1	1	0.939657	4	2.12	1.966588145	2.12	2.154498795
HCM-BROD-0926-C16	HCM-BROD-0926-C16-85B	M	0.99	0.99	0.982008744	1	1	0.971111	3	3	2.945961646	3	3.162879138
HCM-BROD-0955-C15	HCM-BROD-0955-C15-85B	M	0.99	0.99	0.983695517	0.99	1	1	2.5	2.66	2.899766442	2.64	2.739014647
HCM-BROD-0959-C18	HCM-BROD-0959-C18-85B	M	1	0.99	0.97229825	1	1	0.999786	3.05	2.89	3.056812832	2.9	3.020144336
HCM-BROD-1121-C71	HCM-BROD-1121-C71-85A	M	0.99	0.99	0.987214231	1	0.99	0.991842	4.05	2.05	2.041202989	2.04	2.063069887
HCM-BROD-1123-C71	HCM-BROD-1123-C71-85A	M	0.96	0.99	0.989750301	1	0.97	0.355028	1.75	1.9	1.81130495	1.88	1.873468894
HCM-BROD-1124-C16	HCM-BROD-1124-C16-85B	M	0.99	0.99	0.984574829	1	1	0.348172	5.15	1.75	2.552375091	1.76	1.672666453
HCM-CSHL-0057-C18	HCM-CSHL-0057-C18-85B	M	0.99	0.99	0.98	0.99	1	0.994283	4.75	2.59	2.56	2.56	2.588797414
HCM-CSHL-0062-C18	HCM-CSHL-0062-C18-85A	M	1	0.99	defer	1	1	0.153994	2.05	2.07	defer	2.1	2.630988077
HCM-CSHL-0073-C25	HCM-CSHL-0073-C25-85B	M	0.96	0.99	0.99	1	1	0.996874	1.75	1.9	1.9	1.86	1.896515589
HCM-CSHL-0074-C25	HCM-CSHL-0074-C25-85A	M	0.99	0.99	0.99	1	1	0.995483	1.85	1.95	1.88	1.94	1.973926934
HCM-CSHL-0078-C25	HCM-CSHL-0078-C25-85B	M	1	0.99	0.99	0.99	NA	0.952483	2.55	2.8	2.62	2.72	2.788439232
HCM-CSHL-0078-C25	HCM-CSHL-0078-C25-85M	M	0.98	0.99	0.98	0.99	0.99	0.941521	2.95	3	2.81	2.94	5.856926306
HCM-CSHL-0079-C25	HCM-CSHL-0079-C25-85B	M	1	0.99	0.98	1	NA	0.997476	1.6	1.6	3.29	1.58	1.664095675
HCM-CSHL-0080-C25	HCM-CSHL-0080-C25-85A	M	0.98	0.99	0.99	0.99	1	0.934676	2.55	2.64	2.55	2.64	2.697735846
HCM-CSHL-0084-C25	HCM-CSHL-0084-C25-85B	M	1	0.99	0.99	1	NA	0.939579	3.1	2.56	2.61	2.56	5.275868032
HCM-CSHL-0089-C25	HCM-CSHL-0089-C25-85A	M	0.87	0.99	0.99	0.8	1	0.630217	2.65	2.66	2.75	2.56	6.169387216
HCM-CSHL-0090-C25	HCM-CSHL-0090-C25-85A	M	0.94	0.99	0.94	0.99	1	0.207756	3.2	2.92	3.2	2.9	2.948669413
HCM-CSHL-0091-C25	HCM-CSHL-0091-C25-85A	M	0.99	0.99	0.98	1	1	1	3	2.75	2.79	2.8	2.810156228
HCM-CSHL-0094-C25	HCM-CSHL-0094-C25-85B	M	0.98	0.99	0.98	1	NA	0.992863	3.05	2.97	2.97	2.96	3.022582133
HCM-CSHL-0094-C25	HCM-CSHL-0094-C25-86A	M	NA	0.99	0.98	1	1	NA	NA	2.97	2.96	2.96	NA
HCM-CSHL-0143-C20	HCM-CSHL-0143-C20-85A	M	1	0.99	0.99	1	1	0.982464	1.9	1.93	1.95	1.94	1.951345403
HCM-CSHL-0151-C50	HCM-CSHL-0151-C50-85A	M	0.9	0.99	0.993840668	1	1	0.999326	1.9	2.01	2.015034386	2.02	2.0480617
HCM-CSHL-0153-C50	HCM-CSHL-0153-C50-85E	M	0.99	0.99	0.99	1	0.99	0.995991	2.05	2.1	2.41	2.1	2.122363266
HCM-CSHL-0159-C18	HCM-CSHL-0159-C18-85B	M	0.81	0.99	0.79	0.98	1	0.930579	2.45	2.46	2.64	2.46	2.481062996
HCM-CSHL-0161-C18	HCM-CSHL-0161-C18-85B	M	0.96	0.99	0.99	1	NA	0.996222	1.85	1.93	2.07	1.92	1.948963314
HCM-CSHL-0164-C20	HCM-CSHL-0164-C20-85A	M	0.89	0.99	0.99	0.99	0.99	0.967266	2	2.03	2.05	2.02	2.054892545
HCM-CSHL-0177-C25	HCM-CSHL-0177-C25-85A	M	0.96	0.99	0.98	1	1	0.442405	1.8	1.62	1.73	1.66	1.439073009
HCM-CSHL-0186-C25	HCM-CSHL-0186-C25-85A	M	0.91	0.99	0.99	1	1	0.84502	1.7	1.93	1.93	1.92	1.933601719
HCM-CSHL-0187-C25	HCM-CSHL-0187-C25-85A	M	0.99	0.99	0.98	0.99	1	0.988203	1.6	1.57	3.08	3.05	3.094884414
HCM-CSHL-0189-C25	HCM-CSHL-0189-C25-85A	M	0.99	0.99	0.99	1	1	1	1.9	1.97	1.96	1.98	1.98553786
HCM-CSHL-0240-C18	HCM-CSHL-0240-C18-85A	M	1	0.99	0.99	1	1	0.240963	2	2.03	2.04	2.02	2.220331195
HCM-CSHL-0242-C18	HCM-CSHL-0242-C18-85A	M	1	0.99	0.95	0.99	0.99	0.949423	2.05	2.1	2.49	2.06	2.110660891
HCM-CSHL-0248-C19	HCM-CSHL-0248-C19-85A	M	0.98	0.99	0.98	1	0.99	1	2.9	2.8	3	2.8	2.794487311
HCM-CSHL-0255-C18	HCM-CSHL-0255-C18-85F	M	1	0.99	0.991675916	1	1	1	2	1.97	1.937132274	1.94	2.002830736
HCM-CSHL-0257-C18	HCM-CSHL-0257-C18-85A	M	0.96	0.99	0.99	1	1	0.924027	4.35	2.29	2.32	2.3	4.673155036
HCM-CSHL-0258-C18	HCM-CSHL-0258-C18-85D	M	0.99	0.99	0.99	1	1	0.986034	2.55	2.56	2.56	2.6	2.570708697
HCM-CSHL-0317-C18	HCM-CSHL-0317-C18-85A	M	1	0.99	0.99	1	1	0.995311	2	2.01	2	2.02	2.016806371
HCM-CSHL-0318-C18	HCM-CSHL-0318-C18-85B	M	0.97	0.99	0.99	1	NA	0.992374	3	2.89	2.81	2.9	2.905094312
HCM-CSHL-0323-C20	HCM-CSHL-0323-C20-85A	M	1	0.99	0.99	1	0.99	0.995503	2.4	2.48	2.47	2.46	2.451472767
HCM-CSHL-0368-D37	HCM-CSHL-0368-D37-85P	M	0.96	0.99	0.99	0.99	1	0.995043	2.05	2.1	2.39	2.1	2.110218824
HCM-CSHL-0372-C25	HCM-CSHL-0372-C25-85A	M	0.94	0.99	0.99	1	1	0.993011	1.7	1.86	1.89	1.86	1.841190984
HCM-CSHL-0373-C25	HCM-CSHL-0373-C25-85A	M	0.95	0.99	0.99	1	1	0.995265	1.8	1.63	1.67	1.62	3.372276981
HCM-CSHL-0379-C18	HCM-CSHL-0379-C18-85A	M	0.91	0.99	0.99	1	1	0.356455	1.95	2.05	2.07	2.04	2.356366796
HCM-CSHL-0380-C18	HCM-CSHL-0380-C18-85A	M	1	0.99	0.99	1	1	0.96761	1.95	2.05	2.44	2.04	2.067179695
HCM-CSHL-0382-C19	HCM-CSHL-0382-C19-85A	M	1	0.99	0.99	1	0.99	0.934082	2.45	2.53	2.53	2.54	5.143530696
HCM-CSHL-0383-C18	HCM-CSHL-0383-C18-85A	M	0.98	0.99	0.98	1	1	0.552723	2.8	2.77	2.75	2.74	6.514242551
HCM-CSHL-0385-C18	HCM-CSHL-0385-C18-85A	M	0.85	0.98	0.98	1	1	1	1.85	4.31	4.12	2.16	4.395187518
HCM-CSHL-0405-C25	HCM-CSHL-0405-C25-85A	M	0.99	0.99	0.99	1	1	0.996612	1.8	0.193	1.87	1.9	1.951959311
HCM-CSHL-0426-C18	HCM-CSHL-0426-C18-85A	M	1	0.99	defer	1	0.99	0.03	1.95	1.99	defer	2	1.640484946
HCM-CSHL-0433-C24	HCM-CSHL-0433-C24-85A	M	0.96	0.99	0.99	1	1	0.996439	1.85	1.95	1.92	1.94	1.955939482
HCM-CSHL-0438-C18	HCM-CSHL-0438-C18-85B	M	0.97	0.99	0.99	0.99	0.99	0.992672	2	2.1	2.48	2.08	2.095373321
HCM-CSHL-0459-C17	HCM-CSHL-0459-C17-85A	M	1	0.99	0.98	1	1	0.03	1.95	1.99	1.95	2	1.848763672
HCM-CSHL-0459-C17	HCM-CSHL-0459-C17-86A	M	NA	0.99	0.99	0.92	1	NA	NA	2.03	1.88	2.02	NA
HCM-CSHL-0460-C50	HCM-CSHL-0460-C50-85A	M	1	0.99	0.98	1	0.99	1	2	2.01	2.02	2.02	2.037751573
HCM-CSHL-0461-D12	HCM-CSHL-0461-D12-86A	M	NA	0.99	defer	1	1	NA	NA	2.01	defer	2	NA
HCM-CSHL-0509-C24	HCM-CSHL-0509-C24-85A	M	1	0.99	1	1	1	0.973487	2	2.05	2.48	2.06	2.061646628
HCM-CSHL-0510-D13	HCM-CSHL-0510-D13-85A	M	1	0.99	0.18	1	1	0.987389	2.05	2.03	2.49	2.06	2.041733018
HCM-CSHL-0510-D13	HCM-CSHL-0510-D13-86A	M	NA	0.99	0.09	1	1	NA	NA	2.05	3.01	2.06	NA
HCM-CSHL-0621-C18	HCM-CSHL-0621-C18-85M	M	0.99	0.99	0.989664449	1	1	0.999838	1.8	1.82	1.99973187	1.8	1.81211978
HCM-CSHL-0622-C18	HCM-CSHL-0622-C18-85A	M	0.97	0.99	0.99	1	1	0.86977	2.85	2.83	2.81	2.82	2.813559415
HCM-CSHL-0654-C26	HCM-CSHL-0654-C26-85M	M	0.93	0.99	0.99	0.99	1	0.979634	2.45	2.59	2.54	2.58	2.59521568
HCM-CSHL-0725-C02	HCM-CSHL-0725-C02-85A	M	0.86	0.99	0.99	0.99	1	1	2.2	2.16	2.6	2.16	2.16468717
HCM-CSHL-0740-C18	HCM-CSHL-0740-C18-85N	M	1	0.99	0.98	1	0.99	0.983932	5.2	2.77	2.88	2.76	2.883649322
HCM-CSHL-0806-C54	HCM-CSHL-0806-C54-85A	M	0.99	0.99	0.990490258	1	0.99	0.999993	2.05	1.99	2.4810297	2	2.006895928
HCM-CSHL-0810-C54	HCM-CSHL-0810-C54-85B	M	0.97	0.99	0.99	1	1	0.961839	3.05	2.92	3.19	2.94	3.074882644
HCM-CSHL-0818-C56	HCM-CSHL-0818-C56-85P	M	1	0.99	0.98237206	1	1	0.983541	2.65	2.89	2.832476658	2.88	5.573921439
HCM-CSHL-0835-C20	HCM-CSHL-0835-C20-85N	M	1	0.99	0.99	0.99	1	0.972819	2.1	2.2	1.87	2.2	2.191341611
HCM-CSHL-0839-C34	HCM-CSHL-0839-C34-85M	M	0.95	0.99	0.99	1	1	0.989002	2	2.05	2.08	2.04	2.055113049
HCM-CSHL-0853-C56	HCM-CSHL-0853-C56-85G	M	0.99	0.99	0.990276328	1	1	0.989273	1.65	1.72	1.722406029	1.72	3.525252039
HCM-CSHL-0881-C20	HCM-CSHL-0881-C20-85B	M	1	0.99	0.98	1	1	0.364865	1.95	1.88	3.79	1.9	1.82103439
HCM-CSHL-1268-C24	HCM-CSHL-1268-C24-85M	M	1	0.99	0.988713321	0.99	0.99	0.99997	2.05	2.12	1.952471986	2.14	2.154330285
HCM-SANG-0265-C18	HCM-SANG-0265-C18-85A	M	0.97	0.99	0.99	1	1	0.992417	2.9	2.72	2.74	2.7	5.359901069
HCM-SANG-0267-D12	HCM-SANG-0267-D12-85A	M	0.48	0.99	0.34	1	1	0.506864	2.25	2.27	2.72	2.28	2.556627023
HCM-SANG-0270-C20	HCM-SANG-0270-C20-85A	M	1	0.99	0.98	0.99	1	0.984867	2.25	2.2	2.19	2.22	2.245898291
HCM-SANG-0273-C18	HCM-SANG-0273-C18-85A	M	0.99	0.99	defer	0.75	0.99	0.365091	1.95	2.05	defer	2.06	2.14072735
HCM-SANG-0275-C18	HCM-SANG-0275-C18-85A	M	0.99	0.99	0.99	0.99	1	0.976353	2.5	2.51	2.44	2.52	2.535399387
HCM-SANG-0276-C18	HCM-SANG-0276-C18-85A	M	1	0.99	defer	0.94	1	0.0837104	2.05	2.03	defer	2.06	3.481832048
HCM-SANG-0277-C18	HCM-SANG-0277-C18-85A	M	0.95	0.99	0.99	1	0.99	0.998086	2	2.07	2.05	2.1	2.074512334
HCM-SANG-0296-C15	HCM-SANG-0296-C15-85A	M	0.98	0.99	0.98	1	0.99	0.975434	3.35	1.57	2.13	1.58	3.266402561
HCM-SANG-0300-C15	HCM-SANG-0300-C15-85A	M	0.97	0.99	0.99	1	1	0.990133	3	1.73	3.33	1.7	3.479127579
HCM-SANG-0307-C15	HCM-SANG-0307-C15-85A	M	0.98	0.99	0.99	1	0.98	0.9878	4.85	2.56	2.52	2.56	2.626112264
HCM-SANG-0313-C15	HCM-SANG-0313-C15-85A	M	0.99	0.99	0.98	1	0.99	0.966883	3.1	2.8	2.64	2.86	2.883749452
HCM-STAN-0627-C34	HCM-STAN-0627-C34-85A	M	0.98	0.99	0.99	1	1	0.993195	1.75	1.93	1.79	1.86	1.966376855
HCM-STAN-0777-C25	HCM-STAN-0777-C25-85A	M	0.96	0.99	0.989672026	0.99	1	0.976215	2.7	2.83	3.039489881	2.8	2.832647998
HCM-STAN-0777-C25	HCM-STAN-0777-C25-85S	M	1	0.99	0.990754454	0.99	1	0.959121	2.7	2.86	2.819481404	2.86	2.912833796
HCM-STAN-0846-C20	HCM-STAN-0846-C20-85A	M	0.99	0.99	NA	1	0.99	0.388216	1.8	1.9	NA	1.86	2.397585085
HCM-WCMC-0502-C15	HCM-WCMC-0502-C15-85A	M	1	0.99	0.99	0.99	0.99	0.871799	2.35	2.48	2.38	2.48	2.525774736
HCM-WCMC-0504-C18	HCM-WCMC-0504-C18-85A	M	0.83	0.99	0.99	1	1	0.994198	2.05	2.05	2.54	2.06	2.051576678
HCM-WCMC-0747-C50	HCM-WCMC-0747-C50-85A	M	1	0.99	1	1	0.99	1	2	2.01	2.02	2.02	2.022104541
HCM-SANG-0281-C18	HCM-SANG-0281-C18-85A	M	0.95	0.99	0.98	0.97	1	0.957968	2.55	2.56	2.51	3.95	2.576227065
HCM-SANG-0286-C20	HCM-SANG-0286-C20-85A	M	1	0.99	NA	0.97	1	0.483456	2.75	2.46	NA	3.1	5.59579673
HCM-SANG-0299-C15	HCM-SANG-0299-C15-85A	M	1	0.99	0.986325681	0.5	0.98	0.994541	2.8	2.77	2.728325708	1.48	2.794700823
HCM-SANG-0517-C20	HCM-SANG-0517-C20-85A	M	0.95	0.99	0.982837809	1	NA	0.952061	3.1	3	2.885082697	3	3.013185943
HCM-SANG-0525-C18	HCM-SANG-0525-C18-85A	M	1	0.99	0.992022778	1	NA	0.994303	2.05	2.01	2.000982954	2	2.017382353
HCM-SANG-0526-C15	HCM-SANG-0526-C15-85A	M	1	0.99	NA	1	NA	0.999988	2.7	2.89	NA	2.88	2.928830396
HCM-SANG-0529-C18	HCM-SANG-0529-C18-85A	M	0.97	0.99	0.984270583	0.99	NA	0.975476	2.9	2.97	2.713913897	3	2.98467076
HCM-SANG-0530-C15	HCM-SANG-0530-C15-85A	M	1	0.99	0.987479773	0.99	NA	0.980629	2.4	2.56	2.639998957	2.5	2.538425035
HCM-SANG-0532-C20	HCM-SANG-0532-C20-85A	M	1	0.99	0.98629995	1	NA	0.963883	2.35	2.29	2.262962868	2.3	2.284321016
HCM-SANG-0534-C18	HCM-SANG-0534-C18-85A	M	0.99	0.99	0.982025464	1	NA	0.987273	3.1	1.62	3.262143035	1.6	3.247055336
HCM-SANG-0543-C15	HCM-SANG-0543-C15-85A	M	0.99	0.99	0.988988168	0.99	NA	1	2.6	2.75	2.872252539	2.74	2.764427529
HCM-SANG-0544-C15	HCM-SANG-0544-C15-85A	M	0.98	0.99	0.985825323	0.99	NA	0.991359	2.55	2.64	2.603159878	2.66	5.194538882
HCM-SANG-0546-C15	HCM-SANG-0546-C15-85A	M	0.98	0.99	0.988174467	0.99	NA	0.925791	2.5	2.75	2.731015322	2.62	2.68374598
HCM-SANG-0548-C25	HCM-SANG-0548-C25-85A	M	0.94	0.99	0.986643429	0.99	NA	0.994603	2.7	2.92	2.908326325	2.96	3.035783292
HCM-SANG-1082-C15	HCM-SANG-1082-C15-85A	M	1	0.99	0.988992069	1	NA	0.94513	2.7	2.86	2.899296675	2.86	2.847836081
HCM-SANG-1083-C16	HCM-SANG-1083-C16-85A	M	0.99	0.99	0.990396899	1	NA	1	2.55	2.59	2.591611196	2.58	2.665570502
HCM-SANG-1085-C20	HCM-SANG-1085-C20-85A	M	1	0.99	0.991299039	1	NA	1	1.8	1.9	1.894238186	1.94	2.0013846
HCM-SANG-1087-C18	HCM-SANG-1087-C18-85A	M	0.96	0.99	0.982556151	0.99	NA	0.97769	2.15	2.27	2.205040699	2.26	2.258808192
HCM-SANG-1089-C18	HCM-SANG-1089-C18-85A	M	0.99	0.99	0.992253964	1	NA	1	2.1	2.12	1.762717915	2.12	2.117219224
HCM-SANG-1092-C18	HCM-SANG-1092-C18-85A	M	1	0.99	0.991469923	1	NA	0.994926	2	2.12	2.095740226	2.1	2.122814601
HCM-SANG-1094-C16	HCM-SANG-1094-C16-85A	M	0.96	0.99	0.965607172	0.99	NA	0.910344	5	2.72	2.671965263	2.7	2.797348461
HCM-SANG-1095-C25	HCM-SANG-1095-C25-85A	M	0.99	0.99	0.989191966	0.99	NA	0.973097	2.35	2.48	2.735180617	2.46	2.532798654
HCM-SANG-1299-C15	HCM-SANG-1299-C15-85A	M	0.98	0.99	0.9910882	1	NA	0.977801	2.75	2.92	2.931047701	2.9	2.938726052
HCM-SANG-1306-C25	HCM-SANG-1306-C25-85A	M	0.98	0.99	NA	1	NA	0.999991	2.7	2.77	NA	2.74	2.847015631
HCM-SANG-1308-C25	HCM-SANG-1308-C25-85A	M	1	0.99	0.993613646	1	NA	0.922648	3.8	2.01	1.97371703	2	1.995521273
HCM-SANG-1321-C18	HCM-SANG-1321-C18-85A	M	1	0.99	no normal	1	NA	0.849051	3.9	1.99	no normal	1.98	2.005373163
HCM-SANG-1325-C15	HCM-SANG-1325-C15-85A	M	0.99	0.99	0.996515845	1	NA	0.975268	4.2	2.23	2.194419886	2.22	2.247746974
HCM-STAN-0909-C16	HCM-STAN-0909-C16-85A	M	1	0.99	NA	1	0.99	0.17917	2.05	2.03	NA	2.04	6.043405268
HCM-WCMC-0789-C34	HCM-WCMC-0789-C34-85A	M	1	0.99	0.98	0.99	1	1	2.2	2.32	2.26	2.32	2.338607758
HCM-SANG-0299-C15	HCM-SANG-0299-C15-85X	M	NA	0.99	NA	0.99	NA	NA	NA	2.89	NA	2.84	NA
HCM-BROD-0002-C71	HCM-BROD-0002-C71-86A	M	1	1	0.99	0.88	0.92	NA	1.957905	1.82	2.39	1.9	NA
HCM-BROD-0016-C25	HCM-BROD-0016-C25-85A	M	0.92	1	0.99	0.99	0.99	0.944248	3.15	2.86	2.92	2.92	2.929731753
HCM-BROD-0020-C15	HCM-BROD-0020-C15-85A	M	1	1	0.99	1	1	0.923769	2.7	2.83	2.77	2.8	5.629942111
HCM-BROD-0025-C16	HCM-BROD-0025-C16-85A	M	1	1	1	1	1	0.996499	1.8	1.84	1.85	1.82	1.835834642
HCM-BROD-0028-C71	HCM-BROD-0028-C71-85A	M	0.99	1	0.99	1	1	0.9967	1.8	1.9	1.85	1.9	1.900085217
HCM-BROD-0029-C71	HCM-BROD-0029-C71-85C	M	0.98	1	0.95	0.99	0.99	0.538254	2	2.05	1.99	2.04	2.148510653
HCM-BROD-0036-C41	HCM-BROD-0036-C41-85A	M	0.93	1	0.99	1	1	0.820789	1.95	1.99	1.96	2	1.997998311
HCM-BROD-0038-C41	HCM-BROD-0038-C41-86A	M	1	1	0.98	0.98	0.95	NA	5.5	5.64	5.3	5.4	NA
HCM-BROD-0043-C16	HCM-BROD-0043-C16-85B	M	1	1	NA	1	1	0.98857	3.65	3.16	NA	3.25	3.48813225
HCM-BROD-0044-C15	HCM-BROD-0044-C15-85B	M	1	1	0.99	1	1	0.972711	2.8	3.06	2.9	3.05	3.196355139
HCM-BROD-0047-C71	HCM-BROD-0047-C71-85B	M	0.99	1	0.99	1	0.97	0.982313	1.75	1.62	1.59	1.6	3.192883079
HCM-BROD-0047-C71	HCM-BROD-0047-C71-86A	M	NA	1	0.99	1	0.96	NA	NA	1.55	1.58	1.54	NA
HCM-BROD-0048-C71	HCM-BROD-0048-C71-85A	M	0.99	1	0.99	1	1	1	1.95	2.03	1.8	2.02	2.042851213
HCM-BROD-0051-C64	HCM-BROD-0051-C64-85A	M	1	1	0.99	1	NA	0.994126	1.95	2.05	2	2.04	2.048564667
HCM-BROD-0051-C64	HCM-BROD-0051-C64-86A	M	NA	1	0.99	1	0.98	NA	NA	2.05	2.43	2.04	NA
HCM-BROD-0055-C64	HCM-BROD-0055-C64-85A	M	0.44	1	NA	0.65	0.97	0.107317	1.95	2.01	NA	2.06	3.210467865
HCM-BROD-0095-C15	HCM-BROD-0095-C15-85A	M	1	1	0.99	1	1	0.993113	2.4	2.51	2.31	2.5	2.571381871
HCM-BROD-0096-C15	HCM-BROD-0096-C15-85C	M	0.99	1	0.99	1	1	1	2.8	2.86	2.81	2.82	2.8811828
HCM-BROD-0097-C15	HCM-BROD-0097-C15-85B	M	0.97	1	0.98	1	1	0.533309	3.4	3.49	3.37	3.35	1.881930291
HCM-BROD-0099-C15	HCM-BROD-0099-C15-85B	M	0.99	1	0.99	1	1	0.99377	1.9	1.99	1.93	1.96	2.01342238
HCM-BROD-0100-C15	HCM-BROD-0100-C15-85A	M	1	1	0.98	1	1	0.976395	3	2.94	2.66	2.9	5.95491516
HCM-BROD-0101-C15	HCM-BROD-0101-C15-85A	M	0.98	1	0.99	1	1	0.988549	2.65	2.51	2.43	2.5	2.510992647
HCM-BROD-0102-C71	HCM-BROD-0102-C71-85B	M	0.98	1	0.98	0.98	1	1	2.75	1.79	3.65	3.5	3.494247666
HCM-BROD-0103-C71	HCM-BROD-0103-C71-85B	M	1	1	0.99	1	1	0.98706	1.95	1.99	1.93	1.98	1.989024492
HCM-BROD-0104-C71	HCM-BROD-0104-C71-85B	M	0.93	1	0.99	1	1	1	2.05	2.05	2.51	2.04	2.049235698
HCM-BROD-0108-C25	HCM-BROD-0108-C25-85E	M	1	1	0.99	0.98	1	0.394212	3.35	3.46	3.73	3.7	3.011116822
HCM-BROD-0112-C25	HCM-BROD-0112-C25-85A	M	0.97	1	0.99	1	NA	0.971115	3.2	3	2.96	3	3.104303673
HCM-BROD-0115-C16	HCM-BROD-0115-C16-85A	M	0.97	1	0.99	1	1	0.995428	1.95	2.01	1.98	1.98	2.025128117
HCM-BROD-0120-C15	HCM-BROD-0120-C15-85A	M	0.95	1	0.98	0.99	1	0.594507	3.9	4.44	4.26	4.45	1.729031358
HCM-BROD-0121-C41	HCM-BROD-0121-C41-85B	M	1	1	NA	1	1	0.997591	2.65	2.51	NA	1.24	1.344643436
HCM-BROD-0122-C25	HCM-BROD-0122-C25-85A	M	0.97	1	0.98	0.99	NA	0.354816	3.65	3.19	3.16	6.4	3.021459655
HCM-BROD-0125-C25	HCM-BROD-0125-C25-85B	M	1	1	0.98	0.99	1	0.90983	3.2	3.19	3.08	3.15	3.294268422
HCM-BROD-0129-C25	HCM-BROD-0129-C25-85C	M	0.99	1	0.99	1	1	0.999819	1.9	1.92	1.92	1.92	1.937771209
HCM-BROD-0131-C25	HCM-BROD-0131-C25-85M	M	0.99	1	0.99	1	0.99	0.982116	3.15	3.13	2.83	3.05	3.154916623
HCM-BROD-0194-C15	HCM-BROD-0194-C15-85B	M	0.94	1	0.96	1	0.99	0.77162	2.75	3.1	2.82	1.58	3.367921666
HCM-BROD-0195-C71	HCM-BROD-0195-C71-85A	M	1	1	0.97	0.98	1	0.877943	4.45	5.7	5.23	5.7	5.625807534
HCM-BROD-0196-C71	HCM-BROD-0196-C71-85A	M	0.95	1	0.99	1	1	0.996487	1.8	1.9	1.86	1.9	1.964049183
HCM-BROD-0199-C71	HCM-BROD-0199-C71-85R	M	0.98	1	0.99	1	NA	0.995307	3.6	1.95	1.88	1.94	1.963758151
HCM-BROD-0200-C71	HCM-BROD-0200-C71-85B	M	1	1	0.99	1	1	0.257186	1.9	1.88	1.72	1.86	3.680285067
HCM-BROD-0204-C25	HCM-BROD-0204-C25-85A	M	0.99	1	0.99	1	1	0.995907	1.7	1.9	1.84	1.88	1.902588021
HCM-BROD-0206-C25	HCM-BROD-0206-C25-85A	M	1	1	0.99	1	1	0.994427	2.5	2.48	2.42	2.48	2.556875506
HCM-BROD-0210-C71	HCM-BROD-0210-C71-85R	M	0.99	1	0.99	1	1	0.975873	4.5	1.58	1.66	1.54	3.010720324
HCM-BROD-0219-C15	HCM-BROD-0219-C15-85A	M	0.98	1	0.99	1	NA	0.944149	3.5	4.01	3.71	3.85	4.016640857
HCM-BROD-0223-C43	HCM-BROD-0223-C43-85M	M	1	1	0.99	1	1	0.997481	1.65	1.79	1.75	1.78	1.775677716
HCM-BROD-0229-C25	HCM-BROD-0229-C25-85A	M	0.95	1	0.99	1	1	0.994778	1.8	1.88	1.9	1.9	1.915225129
HCM-BROD-0234-C49	HCM-BROD-0234-C49-85M	M	0.93	1	0.98	0.99	0.94	0.514732	4.6	4.71	4.7	4.65	3.005472783
HCM-BROD-0235-C16	HCM-BROD-0235-C16-85B	M	1	1	0.99	1	0.99	0.959287	3.25	3.29	3.21	3.25	3.428784131
HCM-BROD-0253-C15	HCM-BROD-0253-C15-85B	M	0.98	1	0.99	0.99	1	0.993331	2.9	2.86	2.72	2.84	2.856526519
HCM-BROD-0328-C15	HCM-BROD-0328-C15-85A	M	0.97	1	0.99	0.99	0.99	0.231531	2.65	3.39	3.42	3.35	3.960754991
HCM-BROD-0339-C43	HCM-BROD-0339-C43-85M	M	0.99	1	0.99	1	1	0.971449	2.5	2.51	1.86	2.54	2.608156864
HCM-BROD-0344-C25	HCM-BROD-0344-C25-85A	M	0.98	1	0.99	1	1	0.971086	2.3	2.64	2.88	2.64	2.739496972
HCM-BROD-0353-C64	HCM-BROD-0353-C64-85A	M	0.32	1	0.090691223	0.44	0.98	0.03	2	1.99	2.66460806	2	1.429150685
HCM-BROD-0356-C16	HCM-BROD-0356-C16-85A	M	0.98	1	0.99	1	0.99	0.995341	1.75	1.82	1.93	1.78	1.860758175
HCM-BROD-0408-C71	HCM-BROD-0408-C71-85R	M	0.9	1	0.99	1	0.94	0.600125	1.65	1.82	1.78	1.8	3.57023909
HCM-BROD-0415-C71	HCM-BROD-0415-C71-85R	M	1	1	0.99	1	0.98	0.421144	3.95	1.95	3.82	1.96	2.062841718
HCM-BROD-0416-C71	HCM-BROD-0416-C71-85B	M	0.95	1	0.99	1	1	1	2	2.05	2.26	2.06	2.06253178
HCM-BROD-0417-C71	HCM-BROD-0417-C71-85A	M	1	1	0.99	0.99	0.98	0.991949	3.3	3.32	3.13	3.3	3.374291599
HCM-BROD-0418-C71	HCM-BROD-0418-C71-85B	M	0.97	1	0.988648493	0.98	0.99	0.96406	3.85	3.97	3.851910153	3.95	4.0100341
HCM-BROD-0419-C71	HCM-BROD-0419-C71-85A	M	1	1	0.99	1	1	0.188662	1.75	1.73	1.64	1.8	4.684200365
HCM-BROD-0421-C71	HCM-BROD-0421-C71-85A	M	0.98	1	0.98	0.99	1	0.911662	4.85	4.39	4.86	2.3	4.498201949
HCM-BROD-0444-C43	HCM-BROD-0444-C43-85O	M	0.83	1	0.99	1	NA	1	2.1	2.2	2.2	2.2	2.224382089
HCM-BROD-0445-C15	HCM-BROD-0445-C15-85M	M	0.98	1	0.99	1	0.99	0.947449	2.65	2.86	2.64	2.68	5.622160379
HCM-BROD-0448-C15	HCM-BROD-0448-C15-85M	M	0.99	1	0.99	0.99	1	0.956615	3.3	3	3.27	3	6.000586591
HCM-BROD-0449-C34	HCM-BROD-0449-C34-85M	M	1	1	0.99	1	1	0.992759	2.65	2.77	2.64	1.38	2.715715602
HCM-BROD-0450-C15	HCM-BROD-0450-C15-85M	M	0.99	1	0.99	1	0.99	0.993478	2.2	2.27	1.92	2.2	2.310345977
HCM-BROD-0451-C15	HCM-BROD-0451-C15-85C	M	1	1	0.98	1	0.99	0.953559	3.3	2.46	3.59	2.44	4.849236243
HCM-BROD-0453-C16	HCM-BROD-0453-C16-85A	M	0.98	1	0.99	1	1	0.923007	5.2	2.77	2.74	2.72	2.512760657
HCM-BROD-0458-C15	HCM-BROD-0458-C15-85N	M	1	1	0.99	1	0.98	0.983294	2.3	2.44	2.33	2.4	2.483439045
HCM-BROD-0472-C34	HCM-BROD-0472-C34-85M	M	0.98	1	0.99	1	0.99	0.978825	2.95	3	2.91	2.98	3.034346652
HCM-BROD-0478-C16	HCM-BROD-0478-C16-85M	M	1	1	0.99	1	1	0.994508	1.95	2.2	2.14	2.2	2.209667173
HCM-BROD-0483-C16	HCM-BROD-0483-C16-85M	M	1	1	0.99	0.99	1	0.413879	2.75	2.69	2.59	2.62	5.94664886
HCM-BROD-0483-C16	HCM-BROD-0483-C16-85N	M	1	1	0.99	0.99	1	0.870598	2.85	2.53	2.59	2.54	4.995049576
HCM-BROD-0485-C15	HCM-BROD-0485-C15-85M	M	0.96	1	0.99	0.99	0.99	0.587154	1.95	2.16	2.08	2.14	4.420905887
HCM-BROD-0555-C15	HCM-BROD-0555-C15-85M	M	1	1	0.99	0.99	1	0.993637	2.55	2.77	2.63	2.66	2.769976861
HCM-BROD-0559-C16	HCM-BROD-0559-C16-85M	M	0.97	1	0.99	1	1	0.935357	3.25	1.8	3.46	1.76	3.542695606
HCM-BROD-0564-C71	HCM-BROD-0564-C71-85R	M	0.98	1	0.99	1	0.99	0.190688	3.4	1.86	3.81	1.82	3.660373152
HCM-BROD-0568-C15	HCM-BROD-0568-C15-85M	M	1	1	0.99	1	1	0.927733	3.15	3.29	3.14	3.15	3.319021773
HCM-BROD-0569-C43	HCM-BROD-0569-C43-85M	M	1	1	0.98	1	0.99	0.986167	3.65	3.78	3.74	3.8	3.809343976
HCM-BROD-0574-C71	HCM-BROD-0574-C71-85B	M	0.95	1	0.99	1	1	0.86383	1.85	1.86	1.74	1.86	1.913646035
HCM-BROD-0595-C43	HCM-BROD-0595-C43-85M	M	0.98	1	0.99	1	1	0.982526	3	3.13	3.4	3.15	3.216163577
HCM-BROD-0597-C64	HCM-BROD-0597-C64-85A	M	1	1	0.930189651	1	0.9	0.976369	1.95	1.99	2.427219851	2	2.001184315
HCM-BROD-0611-C71	HCM-BROD-0611-C71-85R	M	0.97	1	0.99	1	1	0.994956	1.85	1.95	1.95	1.94	1.926307606
HCM-BROD-0613-C71	HCM-BROD-0613-C71-85A	M	0.99	1	0.99	1	0.97	0.994554	2.25	2.36	2.26	2.38	2.375898696
HCM-BROD-0643-C43	HCM-BROD-0643-C43-85N	M	0.98	1	0.99	1	0.99	0.988854	2	3.74	3.75	3.75	3.805114978
HCM-BROD-0648-C71	HCM-BROD-0648-C71-85R	M	1	1	0.99	1	1	0.992112	1.95	2.03	2.46	2.02	2.044431028
HCM-BROD-0676-C71	HCM-BROD-0676-C71-85R	M	0.98	1	0.99	1	1	0.986082	1.85	1.93	1.83	1.92	1.938923765
HCM-BROD-0677-C43	HCM-BROD-0677-C43-85M	M	0.98	1	0.984042769	1	1	0.9916	3.15	3.53	3.494923344	3.55	3.606782019
HCM-BROD-0678-C71	HCM-BROD-0678-C71-85A	M	1	1	0.085368892	0.96	0.99	0.0741233	1.95	2.01	2.746971578	2	3.791621416
HCM-BROD-0679-C43	HCM-BROD-0679-C43-85M	M	0.97	1	0.99	1	0.93	0.995721	1.9	1.95	2.06	1.94	1.977742603
HCM-BROD-0693-C71	HCM-BROD-0693-C71-85A	M	1	1	0.99	1	1	0.272301	2	2.12	2.06	2.1	2.873318445
HCM-BROD-0702-C43	HCM-BROD-0702-C43-85M	M	1	1	0.99	1	0.98	0.970431	2.45	2.48	2.41	2.46	4.901335682
HCM-BROD-0721-C43	HCM-BROD-0721-C43-85M	M	0.98	1	0.98	0.99	0.99	0.898614	3.2	1.51	4.86	3	3.218516496
HCM-BROD-0724-C43	HCM-BROD-0724-C43-85M	M	0.99	1	0.985474586	1	1	0.524353	4	3.97	3.906359272	4	2.336401967
HCM-BROD-0745-C43	HCM-BROD-0745-C43-85M	M	0.95	1	0.99	1	0.92	0.436937	3.2	2.97	2.96	2.88	1.525264169
HCM-BROD-0758-C43	HCM-BROD-0758-C43-85N	M	0.99	1	0.99	1	0.99	0.973348	3.4	3.53	3.28	3.5	3.535005843
HCM-BROD-0761-C71	HCM-BROD-0761-C71-85B	M	1	1	0.992833702	1	1	0.931874	1.95	2.05	1.988658924	2.06	4.112091111
HCM-BROD-0762-C49	HCM-BROD-0762-C49-01A	T	0.26	1	0.090021913	0.24	0.91	0.166315	2	1.99	3.121915874	2	2.045121253
HCM-BROD-0782-C71	HCM-BROD-0782-C71-85B	M	1	1	0.994159029	1	1	0.999986	2	2.01	2.039657562	2	1.98515553
HCM-BROD-0793-C15	HCM-BROD-0793-C15-85M	M	0.91	1	0.98	1	0.99	0.529832	2.9	1.62	2.94	1.58	4.43460564
HCM-BROD-0794-C16	HCM-BROD-0794-C16-85M	M	1	1	0.982163771	1	1	0.990066	2.05	2.03	2.027229925	2.04	2.040436217
HCM-BROD-0829-C71	HCM-BROD-0829-C71-85A	M	1	1	0.993385537	1	0.97	0.994135	1.95	2.01	1.970831744	2	2.010053918
HCM-BROD-0831-C71	HCM-BROD-0831-C71-85B	M	1	1	0.99	1	1	0.995111	1.9	1.92	1.92	1.92	1.91688045
HCM-BROD-0834-C43	HCM-BROD-0834-C43-85M	M	0.94	1	0.99	1	1	1	1.9	2.05	1.99	2.06	2.037536306
HCM-BROD-0874-C43	HCM-BROD-0874-C43-85N	M	1	1	0.98219463	1	1	0.451507	3.45	5.87	3.00121707	2.74	3.80648252
HCM-BROD-0924-C34	HCM-BROD-0924-C34-85A	M	0.99	1	0.990508844	1	0.99	1	2.2	2.36	2.229533488	2.34	2.342880594
HCM-BROD-0925-C71	HCM-BROD-0925-C71-85A	M	1	1	0.995184056	1	1	0.995407	1.9	1.97	1.992949062	1.96	1.999558239
HCM-BROD-0926-C16	HCM-BROD-0926-C16-85N	M	1	1	0.982185695	1	1	0.995648	2.8	1.38	3.205223895	1.38	3.127630343
HCM-BROD-0953-C34	HCM-BROD-0953-C34-85B	M	1	1	0.98263021	1	0.99	0.907057	4.95	2.61	2.80473981	2.58	5.300741158
HCM-BROD-0954-C34	HCM-BROD-0954-C34-85A	M	1	1	0.992786543	1	0.99	0.999946	2.8	2.94	2.89383775	2.92	2.958807917
HCM-BROD-0962-C16	HCM-BROD-0962-C16-85A	M	0.84	1	0.978493279	0.94	0.99	0.302118	3.55	1.68	3.26804623	1.7	2.985261668
HCM-BROD-1078-C49	HCM-BROD-1078-C49-85B	M	0.78	1	0.986788677	NA	0.92	0.201503	1.9	1.88	1.835107877	NA	1.787489949
HCM-BROD-1119-C43	HCM-BROD-1119-C43-85B	M	1	1	0.994998922	1	1	1	1.95	2.03	2.165675244	2.04	2.052959398
HCM-BROD-1127-C15	HCM-BROD-1127-C15-85B	M	1	1	0.991712449	1	0.99	0.984411	3.2	3.46	3.141012392	3.4	3.529846751
HCM-CSHL-0056-C18	HCM-CSHL-0056-C18-01B	T	0.58	1	0.22	0.32	0.85	0.0849141	3.75	2.01	2.3	2.1	2.733018915
HCM-CSHL-0056-C18	HCM-CSHL-0056-C18-85B	M	1	1	defer	1	1	0.0774209	1.95	1.99	defer	2	2.926234903
HCM-CSHL-0059-C25	HCM-CSHL-0059-C25-85A	M	1	1	0.98	1	1	0.496902	3.75	1.95	3.85	1.94	2.023900403
HCM-CSHL-0060-C18	HCM-CSHL-0060-C18-85A	M	0.99	1	0.98	1	0.99	0.982263	3.15	3.13	3.41	3.15	3.125415749
HCM-CSHL-0061-C18	HCM-CSHL-0061-C18-85A	M	1	1	0.98	0.99	1	0.919245	3.75	3.49	3.57	3.55	3.608277044
HCM-CSHL-0063-C18	HCM-CSHL-0063-C18-85A	M	1	1	0.99	1	1	0.958903	3.8	3.86	3.79	1.94	3.868090435
HCM-CSHL-0075-C25	HCM-CSHL-0075-C25-85A	M	1	0.97	0.97	1	0.99	0.580376	3.15	5.37	5.14	1.76	3.269205023
HCM-CSHL-0076-C25	HCM-CSHL-0076-C25-85A	M	0.92	1	0.98	0.47	1	0.954407	1.7	1.6	3.2	2.64	3.115829762
HCM-CSHL-0077-C25	HCM-CSHL-0077-C25-85A	M	0.99	1	0.98	1	1	0.924723	5.05	3.6	3.73	1.8	3.672237682
HCM-CSHL-0085-C24	HCM-CSHL-0085-C24-85A	M	1	1	0.98	1	0.99	0.999382	2.15	2.46	2.46	2.42	2.449433457
HCM-CSHL-0085-C24	HCM-CSHL-0085-C24-85M	M	1	1	0.99	1	0.99	1	4.2	2.14	2.04	2.12	2.146299246
HCM-CSHL-0088-C25	HCM-CSHL-0088-C25-85A	M	0.94	1	0.99	1	1	0.996478	1.8	1.92	1.85	1.88	1.940336729
HCM-CSHL-0090-C25	HCM-CSHL-0090-C25-86A	M	NA	1	0.99	0.99	1	NA	NA	3.32	2.97	2.96	NA
HCM-CSHL-0092-C25	HCM-CSHL-0092-C25-85A	M	1	1	0.99	1	1	0.995818	3.8	1.97	1.9	1.96	1.960880274
HCM-CSHL-0162-C19	HCM-CSHL-0162-C19-85B	M	1	1	defer	1	NA	0.617468	2.65	2.8	defer	2.82	2.604523058
HCM-CSHL-0174-C22	HCM-CSHL-0174-C22-85A	M	1	1	0.99	1	1	0.863399	1.95	1.75	2.2	1.74	3.544044866
HCM-CSHL-0174-C22	HCM-CSHL-0174-C22-86A	M	NA	1	0.98	0.99	1	NA	NA	3.42	3.56	3.35	NA
HCM-CSHL-0176-C25	HCM-CSHL-0176-C25-85A	M	0.99	1	0.98	1	1	0.994462	3.35	1.77	3.73	1.78	1.924423665
HCM-CSHL-0178-C25	HCM-CSHL-0178-C25-85A	M	0.97	1	0.99	1	1	0.297821	1.8	1.97	1.99	1.96	2.301329914
HCM-CSHL-0180-C25	HCM-CSHL-0180-C25-85B	M	0.94	1	0.99	1	1	0.995369	1.75	1.77	1.75	1.76	1.813674605
HCM-CSHL-0182-C25	HCM-CSHL-0182-C25-85A	M	0.95	1	0.99	1	1	0.912026	4.65	2.53	2.4	2.48	5.042381311
HCM-CSHL-0183-C25	HCM-CSHL-0183-C25-85A	M	0.96	1	0.99	1	1	0.994399	2.15	1.68	3.43	3.35	3.434786976
HCM-CSHL-0184-C25	HCM-CSHL-0184-C25-85A	M	0.95	1	0.98	0.99	1	0.962591	3.8	1.97	3.89	2	4.203507387
HCM-CSHL-0192-C25	HCM-CSHL-0192-C25-85A	M	0.94	1	0.99	0.93	1	0.94948	1.95	1.93	1.83	1.94	1.973349668
HCM-CSHL-0193-C25	HCM-CSHL-0193-C25-85A	M	0.98	1	0.99	1	1	0.997621	1.7	1.8	1.79	1.72	1.819902156
HCM-CSHL-0237-C18	HCM-CSHL-0237-C18-85A	M	0.96	1	0.97	0.99	0.99	0.305712	3.25	3.9	3.86	3.95	4.210771481
HCM-CSHL-0243-C18	HCM-CSHL-0243-C18-85A	M	0.98	1	0.99	1	1	0.988363	2	2.1	2.03	2.08	2.106615923
HCM-CSHL-0244-C20	HCM-CSHL-0244-C20-85A	M	1	1	0.99	1	1	0.887922	2.4	2.18	2.16	2.16	4.466612876
HCM-CSHL-0245-C18	HCM-CSHL-0245-C18-85A	M	1	1	0.99	1	0.99	0.909179	2.15	2.23	2.25	2.26	4.550818582
HCM-CSHL-0245-C18	HCM-CSHL-0245-C18-85M	M	1	1	0.99	0.99	0.99	0.972641	4.55	4.57	2.28	2.3	4.580779954
HCM-CSHL-0247-C18	HCM-CSHL-0247-C18-85A	M	1	1	0.99	1	1	0.99692	1.8	1.92	1.91	1.94	1.940968901
HCM-CSHL-0247-C18	HCM-CSHL-0247-C18-85M	M	0.99	1	0.98	1	1	0.309802	4.85	1.82	4.97	1.86	4.026086795
HCM-CSHL-0250-C50	HCM-CSHL-0250-C50-85C	M	0.97	1	0.99	1	NA	0.992873	3.8	2.8	2.6	2.84	2.861617537
HCM-CSHL-0320-C02	HCM-CSHL-0320-C02-85A	M	0.97	1	0.99	1	NA	0.928421	3.2	3.46	3.32	1.72	3.587043911
HCM-CSHL-0322-C20	HCM-CSHL-0322-C20-85A	M	1	1	0.99	1	1	1	3.35	3.35	3.23	3.35	3.407895494
HCM-CSHL-0366-C50	HCM-CSHL-0366-C50-86A	M	NA	1	0.99	1	1	NA	NA	2.51	2.49	2.54	NA
HCM-CSHL-0371-C25	HCM-CSHL-0371-C25-85A	M	0.96	1	0.99	1	1	0.997293	1.7	1.75	1.74	1.74	1.741156337
HCM-CSHL-0376-D37	HCM-CSHL-0376-D37-85P	M	0.38	1	defer	1	1	0.180919	1.85	2.01	defer	2	2.010613152
HCM-CSHL-0377-C18	HCM-CSHL-0377-C18-85A	M	1	1	0.99	0.99	1	0.993854	1.95	2.01	1.94	2	2.033481
HCM-CSHL-0378-C18	HCM-CSHL-0378-C18-85A	M	0.37	1	defer	1	1	0.0714235	1.85	1.99	defer	2	2.763003779
HCM-CSHL-0381-C20	HCM-CSHL-0381-C20-85A	M	0.94	1	0.99	1	1	0.989979	1.85	1.99	1.98	1.96	1.989753054
HCM-CSHL-0384-D37	HCM-CSHL-0384-D37-85P	M	1	1	0.96	1	1	0.290676	1.95	1.99	1.95	1.98	1.960843634
HCM-CSHL-0393-C18	HCM-CSHL-0393-C18-85A	M	1	1	0.990925337	1	1	0.745997	2.35	2.08	1.965899419	2.04	4.1667192
HCM-CSHL-0403-C25	HCM-CSHL-0403-C25-85D	M	0.93	1	0.99	1	1	0.993589	2	1.95	1.93	1.94	1.937240448
HCM-CSHL-0429-C06	HCM-CSHL-0429-C06-85C	M	0.99	1	0.986699235	0.99	1	0.499178	3.55	3.74	3.629281792	3.65	1.754011097
HCM-CSHL-0432-C20	HCM-CSHL-0432-C20-85A	M	0.91	1	0.99	1	1	0.993982	2	2.05	2.34	2.06	2.045591579
HCM-CSHL-0438-C18	HCM-CSHL-0438-C18-85A	M	1	1	0.99	1	0.99	0.99147	5.15	2.64	2.78	2.64	2.69581157
HCM-CSHL-0459-C17	HCM-CSHL-0459-C17-01B	T	0.5	1	defer	0.33	0.62	0.128105	1.85	1.99	defer	2.02	2.029474635
HCM-CSHL-0461-D12	HCM-CSHL-0461-D12-85P	M	0.8	1	defer	0.98	1	0.142429	1.95	1.99	defer	2	2.026684287
HCM-CSHL-0507-C20	HCM-CSHL-0507-C20-85A	M	1	1	0.99	1	1	0.98278	3.65	3.56	3.49	1.78	3.507612544
HCM-CSHL-0511-C24	HCM-CSHL-0511-C24-85A	M	1	1	0.99	1	1	0.996711	1.9	1.97	2.3	1.92	1.109900209
HCM-CSHL-0512-C24	HCM-CSHL-0512-C24-85N	M	0.99	1	0.99	1	0.99	0.995214	1.85	1.82	1.83	1.82	1.842664952
HCM-CSHL-0512-C24	HCM-CSHL-0512-C24-85O	M	0.99	1	0.99	1	1	0.995322	1.85	1.82	1.83	1.82	1.844243298
HCM-CSHL-0516-C56	HCM-CSHL-0516-C56-85B	M	NA	1	0.1	0.08	1	0.03	NA	1.99	2.98	2	1.583612241
HCM-CSHL-0582-C18	HCM-CSHL-0582-C18-85M	M	1	1	0.99	1	1	0.742618	5	2.89	2.78	2.88	5.793359208
HCM-CSHL-0584-C19	HCM-CSHL-0584-C19-85M	M	0.98	1	0.99	1	0.99	0.995718	4.35	2.16	2.16	2.18	4.427497516
HCM-CSHL-0586-C32	HCM-CSHL-0586-C32-85D	M	1	1	0.980686658	0.99	1	0.855136	3.65	1.97	4.064880193	1.92	3.916114701
HCM-CSHL-0598-C25	HCM-CSHL-0598-C25-85B	M	0.96	1	0.990363196	0.99	0.99	0.985182	2.6	2.27	2.628868802	2.68	2.745425534
HCM-CSHL-0600-C25	HCM-CSHL-0600-C25-85A	M	1	1	0.98	0.99	1	0.954898	1.75	3.35	3.29	3.35	3.359005002
HCM-CSHL-0603-C18	HCM-CSHL-0603-C18-85M	M	0.99	1	0.986643283	1	1	1	3.1	3.1	2.932948487	3.05	3.047421254
HCM-CSHL-0606-C17	HCM-CSHL-0606-C17-85A	M	1	1	0.98	0.99	0.99	0.927131	2	2.05	2.44	2.04	2.063554023
HCM-CSHL-0607-C19	HCM-CSHL-0607-C19-85A	M	0.97	1	0.99	0.99	0.99	0.955408	2.95	3.03	3.05	3.05	3.033294875
HCM-CSHL-0617-C22	HCM-CSHL-0617-C22-85A	M	0.99	1	0.99	1	1	0.995242	1.85	2.03	1.84	2.02	2.022300237
HCM-CSHL-0618-C18	HCM-CSHL-0618-C18-85M	M	1	1	0.984425842	0.99	1	0.30211	3.35	3.39	3.438976124	3.45	3.427898264
HCM-CSHL-0623-C18	HCM-CSHL-0623-C18-85A	M	1	1	0.99	1	0.99	0.849771	4.15	2.92	2.8	2.9	5.831383817
HCM-CSHL-0653-C18	HCM-CSHL-0653-C18-85O	M	0.99	1	0.991572617	1	0.99	0.222471	3.25	3.19	3.077142394	3.2	3.879133514
HCM-CSHL-0655-C50	HCM-CSHL-0655-C50-85N	M	0.94	1	1	1	0.99	0.997471	1.95	1.99	2	1.98	1.984865914
HCM-CSHL-0659-C18	HCM-CSHL-0659-C18-85N	M	1	1	0.99	1	1	0.943538	2.05	2.16	2.14	2.14	4.372457918
HCM-CSHL-0665-C24	HCM-CSHL-0665-C24-85M	M	1	1	0.986847996	0.99	1	0.973295	2.55	2.61	2.483961312	2.6	5.225994278
HCM-CSHL-0666-C24	HCM-CSHL-0666-C24-85P	M	1	1	1	1	1	0.994383	2	1.99	2.48	2	2.003354308
HCM-CSHL-0668-C18	HCM-CSHL-0668-C18-85A	M	0.93	1	0.93	0.98	1	0.816077	3.3	3.03	2.96	2.92	5.894619177
HCM-CSHL-0698-C06	HCM-CSHL-0698-C06-85A	M	0.98	1	0.98	1	1	0.993328	4.4	4.39	4.24	4.4	2.526700536
HCM-CSHL-0699-C56	HCM-CSHL-0699-C56-85B	M	1	1	0.99331748	1	1	0.995935	1.5	1.58	1.593720321	1.58	1.557060052
HCM-CSHL-0726-C18	HCM-CSHL-0726-C18-85M	M	0.98	1	0.99	1	1	0.9922	2	2.01	2.05	2	2.014486585
HCM-CSHL-0727-C18	HCM-CSHL-0727-C18-85M	M	0.96	1	0.99	1	1	0.981931	2.85	2.92	2.95	2.92	5.889519817
HCM-CSHL-0728-C25	HCM-CSHL-0728-C25-85A	M	0.96	1	0.99	1	1	0.995042	1.75	1.88	1.82	1.88	1.888851011
HCM-CSHL-0729-C18	HCM-CSHL-0729-C18-85A	M	1	1	defer	0.08	1	0.0487134	2	1.99	defer	2	3.172397271
HCM-CSHL-0731-C19	HCM-CSHL-0731-C19-85M	M	0.99	1	0.99	1	1	0.949266	3.6	3.53	3.56	3.5	3.468837279
HCM-CSHL-0736-C18	HCM-CSHL-0736-C18-85N	M	0.95	1	0.99	1	0.99	0.992066	2.05	2.14	2.21	2.1	2.046319103
HCM-CSHL-0737-C18	HCM-CSHL-0737-C18-85M	M	1	1	0.99	1	1	0.978655	4.35	1.97	4.35	2.02	4.10113845
HCM-CSHL-0768-C56	HCM-CSHL-0768-C56-85N	M	1	1	0.9886235	1	1	0.991014	2.85	3.03	2.981371025	3.05	3.087673383
HCM-CSHL-0768-C56	HCM-CSHL-0768-C56-85O	M	1	1	0.989692646	1	1	0.992519	2.8	2.97	3.036126401	2.96	3.045414665
HCM-CSHL-0773-C50	HCM-CSHL-0773-C50-85N	M	0.98	1	0.99	1	0.99	0.993531	1.8	1.84	3.63	1.82	1.828643073
HCM-CSHL-0801-C56	HCM-CSHL-0801-C56-85B	M	1	1	0.994248763	1	1	0.9954	1.95	2.01	2.14400144	2	2.02685967
HCM-CSHL-0802-C67	HCM-CSHL-0802-C67-85B	M	0.96	1	0.979563972	1	1	0.733216	1.55	4.44	4.454980336	1.42	2.403764829
HCM-CSHL-0803-C54	HCM-CSHL-0803-C54-85A	M	0.99	1	0.994462702	0.99	1	1	1.85	1.93	1.906949604	1.94	1.949309773
HCM-CSHL-0807-C54	HCM-CSHL-0807-C54-85B	M	1	1	defer	1	0.99	0.0729142	2.05	2.08	defer	2.08	3.237983532
HCM-CSHL-0809-C54	HCM-CSHL-0809-C54-85A	M	0.95	1	0.99	1	1	0.251869	3.75	1.92	1.97	1.92	4.218031589
HCM-CSHL-0811-C55	HCM-CSHL-0811-C55-85A	M	0.99	1	0.99	1	1	0.94514	3.05	3.06	2.98	3.05	3.255190472
HCM-CSHL-0814-C54	HCM-CSHL-0814-C54-85A	M	0.99	1	0.99	1	1	1	2	3.13	2.91	3.1	3.239440631
HCM-CSHL-0820-C34	HCM-CSHL-0820-C34-85B	M	0.98	1	0.989112988	1	1	0.46087	2.95	2.94	2.936096377	2.92	4.060878568
HCM-CSHL-0823-C34	HCM-CSHL-0823-C34-85M	M	1	1	0.986049275	1	0.99	0.898251	2.75	3.13	2.860725545	3.1	6.300525524
HCM-CSHL-0837-D01	HCM-CSHL-0837-D01-85P	M	1	1	0.99	1	0.99	0.995625	1.95	1.99	1.95	2	1.984493728
HCM-CSHL-0852-C76	HCM-CSHL-0852-C76-85A	M	1	1	0.993551655	1	1	0.996058	1.6	1.79	1.747403591	1.74	1.830879822
HCM-CSHL-0859-C22	HCM-CSHL-0859-C22-85A	M	0.96	1	0.99	1	1	0.991963	2.8	3.16	3.08	3.15	3.199043487
HCM-CSHL-0860-C18	HCM-CSHL-0860-C18-85M	M	1	1	0.98508984	1	1	0.999156	2.1	2.05	2.053775302	2.04	2.103256656
HCM-CSHL-0861-C25	HCM-CSHL-0861-C25-85M	M	1	1	0.99	1	1	0.87562	1.8	1.82	3.53	1.82	1.843343753
HCM-CSHL-0863-C18	HCM-CSHL-0863-C18-85A	M	0.97	1	0.944288741	1	0.99	0.963857	1.95	2.01	2.010868875	2.02	2.043860851
HCM-CSHL-0867-C18	HCM-CSHL-0867-C18-85B	M	1	1	0.993234234	1	1	0.989626	2.1	2.16	2.15544883	2.16	2.153377133
HCM-CSHL-0868-C56	HCM-CSHL-0868-C56-85A	M	0.98	1	0.98590861	1	1	0.995159	3.05	1.63	3.153003264	1.64	3.253884335
HCM-CSHL-0878-C18	HCM-CSHL-0878-C18-85A	M	1	1	0.988326881	1	0.99	0.999765	1.8	1.84	1.888392869	1.78	1.778361464
HCM-CSHL-1097-C18	HCM-CSHL-1097-C18-85A	M	0.97	1	0.993655435	1	0.99	0.996105	1.95	1.88	1.88885768	1.86	1.886651782
HCM-CSHL-1263-C24	HCM-CSHL-1263-C24-85M	M	0.99	1	0.987819211	NA	1	0.999906	2.55	2.8	2.629636072	NA	2.861915462
HCM-CSHL-1264-C25	HCM-CSHL-1264-C25-85A	M	1	1	0.989940685	0.99	1	1	2	2.05	1.898893999	2.04	2.073200618
HCM-CSHL-1265-C25	HCM-CSHL-1265-C25-85A	M	0.99	1	0.985813063	1	0.99	0.217207	3.6	3.29	3.51954629	1.9	4.770044197
HCM-CSHL-1266-C20	HCM-CSHL-1266-C20-85M	M	0.98	1	0.983872132	1	0.99	0.838287	3.75	3.67	3.58862756	1.86	3.753619807
HCM-CSHL-1266-C20	HCM-CSHL-1266-C20-85N	M	1	1	0.980182006	1	0.99	1	3.35	3.56	3.96512773	1.82	3.753817216
HCM-CSHL-1269-C18	HCM-CSHL-1269-C18-85M	M	0.89	1	0.989634045	1	1	0.498884	2.65	2.75	2.820407707	2.74	5.841941893
HCM-CSHL-1270-C18	HCM-CSHL-1270-C18-85N	M	1	1	0.991201511	1	1	1	2.05	2.12	2.507383639	2.1	4.044201665
HCM-SANG-0268-C18	HCM-SANG-0268-C18-85A	M	1	1	0.99	1	1	0.995757	3	2.77	2.76	2.76	5.514705009
HCM-SANG-0270-C20	HCM-SANG-0270-C20-86A	M	NA	1	0.99	1	1	NA	NA	2.1	2.09	2.1	NA
HCM-SANG-0271-D12	HCM-SANG-0271-D12-86A	M	NA	1	0.98	1	0.99	NA	NA	2.32	4.94	2.32	NA
HCM-SANG-0274-C18	HCM-SANG-0274-C18-85A	M	1	1	0.98	0.99	0.99	0.861211	3.65	2.18	4.53	2.22	4.456864356
HCM-SANG-0278-C20	HCM-SANG-0278-C20-85A	M	1	1	0.99	1	0.99	0.793217	3.5	3.82	3.69	1.92	3.848561746
HCM-SANG-0288-C18	HCM-SANG-0288-C18-85A	M	0.91	1	1	1	0.99	0.995004	2	2.05	2.5	2.06	2.057409536
HCM-SANG-0289-C15	HCM-SANG-0289-C15-85A	M	0.75	1	defer	1	1	0.03	2	1.99	defer	2	2.86429962
HCM-SANG-0291-C15	HCM-SANG-0291-C15-85A	M	0.91	1	0.99	1	1	0.996066	1.6	1.93	1.87	1.92	1.939365403
HCM-SANG-0294-C15	HCM-SANG-0294-C15-85A	M	1	1	0.99	0.99	0.99	0.980417	2.7	2.8	2.68	2.78	2.79520119
HCM-SANG-0295-C15	HCM-SANG-0295-C15-85A	M	1	1	0.99	1	1	1	1.95	2.01	1.98	2	2.039440004
HCM-SANG-0297-C15	HCM-SANG-0297-C15-85A	M	0.98	1	0.97	1	1	0.970826	4.25	3.16	2.99	3.05	3.179728493
HCM-SANG-0298-C15	HCM-SANG-0298-C15-85A	M	1	1	0.99	1	1	0.99128	2.75	2.86	2.76	2.86	2.862045119
HCM-SANG-0303-C15	HCM-SANG-0303-C15-85A	M	0.95	1	0.99	0.99	0.99	0.549833	2.45	2.56	2.51	2.5	5.602814842
HCM-SANG-0304-C15	HCM-SANG-0304-C15-85A	M	0.99	1	0.98	0.99	0.99	0.932573	2.6	2.48	2.51	2.46	2.567876648
HCM-SANG-0306-C15	HCM-SANG-0306-C15-85A	M	0.96	1	0.98	0.99	0.99	0.359018	2.35	1.84	3.65	1.82	4.051746223
HCM-SANG-0310-C15	HCM-SANG-0310-C15-85A	M	0.99	1	0.99	1	0.99	0.941136	2.45	2.48	2.43	2.48	2.462352977
HCM-SANG-0314-C15	HCM-SANG-0314-C15-85A	M	0.82	1	0.99	1	0.99	0.838189	3.75	3.94	3.97	1.96	3.898231612
HCM-SANG-0315-C25	HCM-SANG-0315-C25-85A	M	0.99	1	0.99	1	1	0.995374	1.9	1.84	1.81	1.82	1.843514443
HCM-STAN-0840-C49	HCM-STAN-0840-C49-85A	M	1	1	0.988204811	1	0.97	0.999999	4.65	2.18	2.142655836	1.1	1.092765677
HCM-STAN-0841-C18	HCM-STAN-0841-C18-85A	M	1	1	0.98241761	1	1	0.98603	3.6	3.74	3.840974359	1.84	3.75553813
HCM-STAN-0848-C20	HCM-STAN-0848-C20-85A	M	0.97	1	0.993087328	1	1	0.994803	2.1	2.16	2.10506899	2.12	2.19714993
HCM-STAN-1109-D13	HCM-STAN-1109-D13-85B	M	1	1	0.955985336	1	1	0.0925639	1.95	1.99	2.413200685	2	4.121280969
HCM-STAN-1277-C55	HCM-STAN-1277-C55-85B	M	0.99	1	0.980954075	0.99	1	0.835588	2.35	2.46	2.434754605	2.48	2.949279223
HCM-WCMC-0491-C16	HCM-WCMC-0491-C16-85A	M	0.98	1	0.99	1	0.99	0.989281	3.2	3.19	3.37	3.25	3.238193406
HCM-WCMC-0494-C16	HCM-WCMC-0494-C16-85A	M	1	1	0.93	defer	1	0.995873	1.95	1.99	2.4	defer	1.982874271
HCM-WCMC-0505-C16	HCM-WCMC-0505-C16-85A	M	0.99	1	0.98	1	0.99	0.913337	3.25	3.25	3.02	3.2	3.409778728
HCM-WCMC-0673-C56	HCM-WCMC-0673-C56-85A	M	0.97	1	0.99	1	1	0.992664	1.85	1.92	1.94	1.9	1.913767571
HCM-WCMC-0673-C56	HCM-WCMC-0673-C56-85B	M	0.95	1	0.98	1	1	0.994184	1.9	1.95	1.96	1.94	1.943731314
HCM-WCMC-0675-C67	HCM-WCMC-0675-C67-85R	M	NA	1	0.99	1	1	NA	NA	3.6	3.57	3.6	NA
HCM-WCMC-0747-C50	HCM-WCMC-0747-C50-85P	M	1	1	1	1	0.98	0.0812802	2	2.03	2.5	2	2.996603562
HCM-WCMC-0749-C34	HCM-WCMC-0749-C34-85A	M	1	1	0.99	1	1	0.999471	1.85	1.88	1.88	1.88	1.899147732
HCM-WCMC-0753-C54	HCM-WCMC-0753-C54-85A	M	1	1	0.99	1	0.99	0.0857202	2.05	1.99	2.48	2	3.315408804
HCM-WCMC-0785-C67	HCM-WCMC-0785-C67-85A	M	1	1	0.99	0.99	0.99	0.989573	2.55	2.75	2.7	2.74	2.769668417
HCM-WCMC-0786-C34	HCM-WCMC-0786-C34-85A	M	1	1	0.99	1	1	0.999976	2	1.99	1.96	2.02	1.999977153
HCM-WCMC-0790-C67	HCM-WCMC-0790-C67-85B	M	0.93	1	0.97	0.99	0.99	0.775338	3.95	3.94	4.91	2.48	2.967397243
HCM-WCMC-0946-C34	HCM-WCMC-0946-C34-85A	M	0.97	1	1	NA	1	0.186448	4	1.97	1.98	NA	6.624335268
HCM-WCMC-0948-C67	HCM-WCMC-0948-C67-85A	M	NA	1	no normal	1	1	0.801513	NA	4.48	no normal	2.12	4.986115004
HCM-WCMC-0949-C67	HCM-WCMC-0949-C67-85A	M	0.36	0.52	0.5	NA	1	0.520525	4.15	2.06	2.5	NA	2.053269448
HCM-WCMC-0952-C34	HCM-WCMC-0952-C34-85A	M	0.99	1	0.98	0.99	0.98	0.921904	3.4	3.49	3.67	3.7	3.867922072
HCM-WCMC-1074-C56	HCM-WCMC-1074-C56-85A	M	1	1	0.99	1	1	0.995022	2	1.97	1.97	1.96	1.955909765
HCM-WCMC-1280-C54	HCM-WCMC-1280-C54-85A	M	0.99	1	0.99	1	1	0.232473	2.95	3.19	3.09	3.15	3.499745555
HCM-WCMC-1281-C67	HCM-WCMC-1281-C67-85A	M	1	1	0.99	1	1	0.999997	2.35	2.51	2.39	2.54	2.51765867
HCM-WCMC-1284-C67	HCM-WCMC-1284-C67-85A	M	1	1	no normal	1	1	0.156348	1.95	1.99	no normal	2	7.36405262
HCM-WCMC-1294-C18	HCM-WCMC-1294-C18-85A	M	0.97	1	0.98	1	0.99	0.38816	3.15	3.06	3.1	3.05	3.759150475
HCM-WCMC-1340-C54	HCM-WCMC-1340-C54-85A	M	0.96	1	0.99	1	NA	0.551857	1.9	1.97	1.97	1.96	6.528352061
HCM-WCMC-1359-C34	HCM-WCMC-1359-C34-85A	M	0.95	1	0.99	1	0.99	0.892162	3.45	3.49	3.37	3.5	3.583990561
HCM-BROD-0791-C43	HCM-BROD-0791-C43-85O	M	NA	1	0.86	NA	NA	0.206727	NA	1.92	1.79	NA	4.644072129
HCM-CSHL-0900-C54	HCM-CSHL-0900-C54-85B	M	0.97	1	0.992520021	1	1	0.956849	2.9	2.97	2.837689724	2.98	3.100318883
HCM-SANG-0311-C15	HCM-SANG-0311-C15-85A	M	0.99	1	0.993306594	1	1	0.996265	3.55	1.79	1.74193411	1.82	1.862929886
HCM-SANG-0518-C18	HCM-SANG-0518-C18-85A	M	1	1	0.988025206	0.99	NA	0.987045	3.25	3.39	3.271808632	3.35	3.440819902
HCM-SANG-0519-C20	HCM-SANG-0519-C20-85A	M	1	1	0.99492181	1	NA	0.999708	1.85	1.86	1.776264358	1.84	1.888552397
HCM-SANG-0522-C18	HCM-SANG-0522-C18-85A	M	1	1	0.979080219	1	NA	0.719737	3.7	3.82	4.136263383	1.88	1.897529677
HCM-SANG-0533-C20	HCM-SANG-0533-C20-85A	M	0.52	1	0.984035102	1	NA	0.48968	1.6	3.71	3.680293172	3.7	1.750281229
HCM-SANG-0535-C20	HCM-SANG-0535-C20-85A	M	0.96	1	0.992887451	1	NA	0.140325	1.8	1.95	1.889356194	1.9	5.236978718
HCM-SANG-0536-C18	HCM-SANG-0536-C18-85A	M	0.98	1	0.99023938	1	NA	0.999971	2.85	2.92	2.904580259	2.9	2.943937162
HCM-SANG-0537-C18	HCM-SANG-0537-C18-85A	M	0.95	1	0.987736629	1	NA	0.972354	1.7	1.82	3.450828968	1.86	1.973241638
HCM-SANG-0541-C20	HCM-SANG-0541-C20-85A	M	1	1	0.993499174	1	NA	1	1.85	1.93	1.884507804	1.9	1.929333099
HCM-SANG-0545-C15	HCM-SANG-0545-C15-85A	M	1	1	0.991910956	1	NA	0.996428	2.8	3.1	2.960006634	2.92	3.014101189
HCM-SANG-0552-C25	HCM-SANG-0552-C25-85A	M	0.98	1	0.994019084	NA	NA	0.995119	3.5	1.84	1.830485074	NA	1.906101076
HCM-SANG-1084-C15	HCM-SANG-1084-C15-85A	M	0.98	1	0.989755155	1	NA	0.956348	2.9	2.94	2.905269502	2.94	2.973368329
HCM-SANG-1086-C18	HCM-SANG-1086-C18-85A	M	1	1	0.988392077	1	NA	0.999961	2	2.08	2.007112562	2.06	2.097299188
HCM-SANG-1090-C18	HCM-SANG-1090-C18-85A	M	0.99	1	0.999801562	1	NA	0.970019	4.05	2.03	2.028974796	2.04	2.060460178
HCM-SANG-1093-C18	HCM-SANG-1093-C18-85A	M	0.81	1	0.992629875	1	NA	0.0688729	1.95	1.97	1.993462646	1.98	2.520982923
HCM-SANG-1300-C18	HCM-SANG-1300-C18-85A	M	1	1	0.992974139	1	NA	0.986129	2.85	3.03	2.905723673	3.05	3.029273405
HCM-SANG-1301-C20	HCM-SANG-1301-C20-85A	M	1	1	0.994485394	1	NA	0.997934	2.05	2.03	2.028742737	2	1.987419127
HCM-SANG-1302-C15	HCM-SANG-1302-C15-85A	M	0.9	1	failed	1	NA	0.997566	2	2.01	failed	2	2.028283137
HCM-SANG-1304-C20	HCM-SANG-1304-C20-85A	M	1	1	0.993357036	1	NA	0.984014	2.75	2.89	2.793428195	2.88	2.880667995
HCM-SANG-1305-C15	HCM-SANG-1305-C15-85A	M	0.99	1	0.992487047	1	NA	0.98051	2.3	2.48	2.382418049	2.4	4.953865487
HCM-SANG-1307-C25	HCM-SANG-1307-C25-85A	M	1	1	0.993096322	0.99	NA	0.958175	2.9	2.97	2.949727012	3	3.075944309
HCM-SANG-1309-C25	HCM-SANG-1309-C25-85A	M	0.99	1	0.994587427	1	NA	1	5	1.73	1.736270112	1.76	1.73155864
HCM-SANG-1310-C15	HCM-SANG-1310-C15-85A	M	0.99	1	0.991788581	0.99	NA	0.982561	2.65	2.83	2.699325179	2.84	2.888953496
HCM-SANG-1311-C18	HCM-SANG-1311-C18-85A	M	0.97	1	0.992867575	1	NA	0.957937	2.95	2.97	2.899907155	2.92	3.086041766
HCM-SANG-1312-C20	HCM-SANG-1312-C20-85A	M	1	1	0.992594469	0.99	NA	0.947527	2.8	3	2.940436993	2.98	3.0528546
HCM-SANG-1314-C18	HCM-SANG-1314-C18-85A	M	0.98	1	0.990491975	0.99	NA	0.94137	3.15	3.39	3.515220021	3.35	3.42625468
HCM-SANG-1315-C18	HCM-SANG-1315-C18-85A	M	0.99	1	0.990863631	1	NA	0.99309	4.95	2.51	2.518288277	2.48	4.908352985
HCM-SANG-1316-C18	HCM-SANG-1316-C18-85A	M	0.96	1	0.988446067	1	NA	0.953419	3.05	3.19	3.032125562	3.2	3.195357526
HCM-SANG-1317-C20	HCM-SANG-1317-C20-85A	M	1	1	0.991437038	0.99	NA	0.976899	2.9	3.22	3.077159454	3.2	3.279755059
HCM-SANG-1318-C20	HCM-SANG-1318-C20-85A	M	1	1	failed	1	NA	0.994788	2.5	2.72	failed	2.68	5.425309594
HCM-SANG-1323-C15	HCM-SANG-1323-C15-85A	M	0.98	1	0.989558631	0.99	NA	0.999568	2.65	2.69	2.621172415	2.66	2.739332936
HCM-SANG-1326-C15	HCM-SANG-1326-C15-85A	M	1	1	0.992307273	1	NA	0.961907	2.75	2.86	2.79199758	2.84	5.753778
HCM-SANG-1327-C18	HCM-SANG-1327-C18-85A	M	0.98	1	0.98993443	1	NA	0.999142	2.3	2.41	2.388473592	2.32	2.320441484
HCM-SANG-1328-C15	HCM-SANG-1328-C15-85A	M	0.99	1	0.991276277	1	NA	0.900007	2.55	2.69	2.639187395	2.6	2.672941863
HCM-SANG-1329-C15	HCM-SANG-1329-C15-85A	M	1	1	0.99244796	0.99	NA	0.981678	2.45	2.64	2.556585334	2.66	2.663962503
HCM-SANG-1330-C19	HCM-SANG-1330-C19-85A	M	0.99	1	0.991656715	1	NA	0.960001	3.1	3.1	3.008529802	3.1	3.143486144
HCM-SANG-1334-C18	HCM-SANG-1334-C18-85A	M	0.98	1	0.995118981	1	NA	0.998931	1.95	1.97	1.961929683	1.98	2.015261498
HCM-SANG-1335-C18	HCM-SANG-1335-C18-85A	M	0.99	1	0.991753816	1	NA	0.999998	2.25	2.16	2.164856197	2.16	2.197959044
HCM-SANG-1336-C15	HCM-SANG-1336-C15-85A	M	0.98	1	0.991969156	NA	NA	1	2.6	2.8	2.652309299	NA	2.81633194
HCM-SANG-1338-C20	HCM-SANG-1338-C20-85A	M	1	1	0.992655869	1	NA	0.997639	2	2.01	1.964970319	2.02	2.00949713
HCM-SANG-1339-C18	HCM-SANG-1339-C18-85A	M	1	1	0.990737051	1	NA	0.993995	3.6	3.67	3.70772355	3.65	3.599376624
HCM-SANG-0271-D12	HCM-SANG-0271-D12-85B	M	NA	1	NA	1	NA	NA	NA	4.81	NA	2.38	NA
HCM-CSHL-0379-C18	HCM-CSHL-0379-C18-85C	T	NA	1	NA	0.24	NA	NA	NA	3.9	NA	2.26	NA
HCM-CSHL-0382-C19	HCM-CSHL-0382-C19-85N	M	NA	1	NA	1	NA	NA	NA	3.86	NA	3.8	NA